frame,t,ok,mode,reason,phi_deg,phi_smooth,phi_rel,dphi_dt,phi_l,phi_r,phi_grad,phi_naive,n_bands,inlier_ratio,rms_px,parallel,w_body_px,axis_len_px,w_box_px,polarity,conf,upscale,track_rel
0,0.0,0,,no_mask,,,,,,,,,0,0.0,,,,,,0,0.0,1,0.0
1,0.0333,0,,no_mask,,,,,,,,,0,0.0,,,,,,0,0.0,1,0.0
2,0.0667,0,,no_mask,,,,,,,,,0,0.0,,,,,,0,0.0,1,0.0
3,0.1,0,,no_mask,,,,,,,,,0,0.0,,,,,,0,0.0,1,0.0
4,0.1333,0,,no_mask,,,,,,,,,0,0.0,,,,,,0,0.0,1,0.0
5,0.1667,0,,no_mask,,,,,,,,,0,0.0,,,,,,0,0.0,1,0.0
6,0.2,0,,no_mask,,,,,,,,,0,0.0,,,,,,0,0.0,1,0.0
7,0.2333,0,,no_mask,,,,,,,,,0,0.0,,,,,,0,0.0,1,0.0
8,0.2667,0,,no_mask,,,,,,,,,0,0.0,,,,,,0,0.0,1,0.0
9,0.3,0,,no_mask,,,,,,,,,0,0.0,,,,,,0,0.0,1,0.0
10,0.3333,0,,no_mask,,,,,,,,,0,0.0,,,,,,0,0.0,1,0.0
11,0.3667,0,,no_mask,,,,,,,,,0,0.0,,,,,,0,0.0,1,0.0
12,0.4,0,,no_mask,,,,,,,,,0,0.0,,,,,,0,0.0,1,0.0
13,0.4333,0,,no_mask,,,,,,,,,0,0.0,,,,,,0,0.0,1,0.0
14,0.4667,0,,no_mask,,,,,,,,,0,0.0,,,,,,0,0.0,1,0.0
15,0.5,0,,no_mask,,,,,,,,,0,0.0,,,,,,0,0.0,1,0.0
16,0.5333,0,,no_mask,,,,,,,,,0,0.0,,,,,,0,0.0,1,0.0
17,0.5667,0,,no_mask,,,,,,,,,0,0.0,,,,,,0,0.0,1,0.0
18,0.6,0,,no_mask,,,,,,,,,0,0.0,,,,,,0,0.0,1,0.0
19,0.6333,0,,no_mask,,,,,,,,,0,0.0,,,,,,0,0.0,1,0.0
20,0.6667,0,,no_mask,,,,,,,,,0,0.0,,,,,,0,0.0,1,0.0
21,0.7,0,,no_mask,,,,,,,,,0,0.0,,,,,,0,0.0,1,0.0
22,0.7333,0,,no_mask,,,,,,,,,0,0.0,,,,,,0,0.0,1,0.0
23,0.7667,0,,no_mask,,,,,,,,,0,0.0,,,,,,0,0.0,1,0.0
24,0.8,0,,no_mask,,,,,,,,,0,0.0,,,,,,0,0.0,1,0.0
25,0.8333,0,,no_mask,,,,,,,,,0,0.0,,,,,,0,0.0,1,0.0
26,0.8667,0,,no_mask,,,,,,,,,0,0.0,,,,,,0,0.0,1,0.0
27,0.9,0,,no_mask,,,,,,,,,0,0.0,,,,,,0,0.0,1,0.0
28,0.9333,0,,no_mask,,,,,,,,,0,0.0,,,,,,0,0.0,1,0.0
29,0.9667,0,,no_mask,,,,,,,,,0,0.0,,,,,,0,0.0,1,0.0
30,1.0,0,,no_mask,,,,,,,,,0,0.0,,,,,,0,0.0,1,0.0
31,1.0333,0,,no_mask,,,,,,,,,0,0.0,,,,,,0,0.0,1,0.0
32,1.0667,0,,no_mask,,,,,,,,,0,0.0,,,,,,0,0.0,1,0.0
33,1.1,0,,no_mask,,,,,,,,,0,0.0,,,,,,0,0.0,1,0.0
34,1.1333,0,,no_mask,,,,,,,,,0,0.0,,,,,,0,0.0,1,0.0
35,1.1667,0,,no_mask,,,,,,,,,0,0.0,,,,,,0,0.0,1,0.0
36,1.2,0,,no_mask,,,,,,,,,0,0.0,,,,,,0,0.0,1,0.0
37,1.2333,0,,no_mask,,,,,,,,,0,0.0,,,,,,0,0.0,1,0.0
38,1.2667,0,,no_mask,,,,,,,,,0,0.0,,,,,,0,0.0,1,0.0
39,1.3,0,,no_mask,,,,,,,,,0,0.0,,,,,,0,0.0,1,0.0
40,1.3333,0,,no_mask,,,,,,,,,0,0.0,,,,,,0,0.0,1,0.0
41,1.3667,0,,no_mask,,,,,,,,,0,0.0,,,,,,0,0.0,1,0.0
42,1.4,0,,no_mask,,,,,,,,,0,0.0,,,,,,0,0.0,1,0.0
43,1.4333,0,,no_mask,,,,,,,,,0,0.0,,,,,,0,0.0,1,0.0
44,1.4667,0,,no_mask,,,,,,,,,0,0.0,,,,,,0,0.0,1,0.0
45,1.5,0,,no_mask,,,,,,,,,0,0.0,,,,,,0,0.0,1,0.0
46,1.5333,0,,no_mask,,,,,,,,,0,0.0,,,,,,0,0.0,1,0.0
47,1.5667,0,,no_mask,,,,,,,,,0,0.0,,,,,,0,0.0,1,0.0
48,1.6,0,,no_mask,,,,,,,,,0,0.0,,,,,,0,0.0,1,0.0
49,1.6333,0,,no_mask,,,,,,,,,0,0.0,,,,,,0,0.0,1,0.0
50,1.6667,0,,no_mask,,,,,,,,,0,0.0,,,,,,0,0.0,1,0.0
51,1.7,0,,no_mask,,,,,,,,,0,0.0,,,,,,0,0.0,1,0.0
52,1.7333,0,,no_mask,,,,,,,,,0,0.0,,,,,,0,0.0,1,0.0
53,1.7667,0,,no_mask,,,,,,,,,0,0.0,,,,,,0,0.0,1,0.0
54,1.8,0,,no_mask,,,,,,,,,0,0.0,,,,,,0,0.0,1,0.0
55,1.8333,0,,no_mask,,,,,,,,,0,0.0,,,,,,0,0.0,1,0.0
56,1.8667,0,,no_mask,,,,,,,,,0,0.0,,,,,,0,0.0,1,0.0
57,1.9,0,,no_mask,,,,,,,,,0,0.0,,,,,,0,0.0,1,0.0
58,1.9333,0,,no_mask,,,,,,,,,0,0.0,,,,,,0,0.0,1,0.0
59,1.9667,0,,no_mask,,,,,,,,,0,0.0,,,,,,0,0.0,1,0.0
60,2.0,0,,no_mask,,,,,,,,,0,0.0,,,,,,0,0.0,1,0.0
61,2.0333,0,,no_mask,,,,,,,,,0,0.0,,,,,,0,0.0,1,0.0
62,2.0667,0,,no_mask,,,,,,,,,0,0.0,,,,,,0,0.0,1,0.0
63,2.1,0,,no_mask,,,,,,,,,0,0.0,,,,,,0,0.0,1,0.0
64,2.1333,0,,no_mask,,,,,,,,,0,0.0,,,,,,0,0.0,1,0.0
65,2.1667,0,,no_mask,,,,,,,,,0,0.0,,,,,,0,0.0,1,0.0
66,2.2,0,,no_mask,,,,,,,,,0,0.0,,,,,,0,0.0,1,0.0
67,2.2333,0,,no_mask,,,,,,,,,0,0.0,,,,,,0,0.0,1,0.0
68,2.2667,0,,no_mask,,,,,,,,,0,0.0,,,,,,0,0.0,1,0.0
69,2.3,0,,no_mask,,,,,,,,,0,0.0,,,,,,0,0.0,1,0.0
70,2.3333,0,,no_mask,,,,,,,,,0,0.0,,,,,,0,0.0,1,0.0
71,2.3667,0,,no_mask,,,,,,,,,0,0.0,,,,,,0,0.0,1,0.0
72,2.4,0,,no_mask,,,,,,,,,0,0.0,,,,,,0,0.0,1,0.0
73,2.4333,0,,no_mask,,,,,,,,,0,0.0,,,,,,0,0.0,1,0.0
74,2.4667,0,,no_mask,,,,,,,,,0,0.0,,,,,,0,0.0,1,0.0
75,2.5,0,,no_mask,,,,,,,,,0,0.0,,,,,,0,0.0,1,0.0
76,2.5333,0,,no_mask,,,,,,,,,0,0.0,,,,,,0,0.0,1,0.0
77,2.5667,0,,no_mask,,,,,,,,,0,0.0,,,,,,0,0.0,1,0.0
78,2.6,0,,no_mask,,,,,,,,,0,0.0,,,,,,0,0.0,1,0.0
79,2.6333,0,,no_mask,,,,,,,,,0,0.0,,,,,,0,0.0,1,0.0
80,2.6667,0,,no_mask,,,,,,,,,0,0.0,,,,,,0,0.0,1,0.0
81,2.7,0,,no_mask,,,,,,,,,0,0.0,,,,,,0,0.0,1,0.0
82,2.7333,0,,no_mask,,,,,,,,,0,0.0,,,,,,0,0.0,1,0.0
83,2.7667,0,,no_mask,,,,,,,,,0,0.0,,,,,,0,0.0,1,0.0
84,2.8,0,,no_mask,,,,,,,,,0,0.0,,,,,,0,0.0,1,0.0
85,2.8333,0,,no_mask,,,,,,,,,0,0.0,,,,,,0,0.0,1,0.0
86,2.8667,0,,no_mask,,,,,,,,,0,0.0,,,,,,0,0.0,1,0.0
87,2.9,0,,no_mask,,,,,,,,,0,0.0,,,,,,0,0.0,1,0.0
88,2.9333,0,,no_mask,,,,,,,,,0,0.0,,,,,,0,0.0,1,0.0
89,2.9667,0,,no_mask,,,,,,,,,0,0.0,,,,,,0,0.0,1,0.0
90,3.0,0,,no_mask,,,,,,,,,0,0.0,,,,,,0,0.0,1,0.0
91,3.0333,0,,no_mask,,,,,,,,,0,0.0,,,,,,0,0.0,1,0.0
92,3.0667,0,,no_mask,,,,,,,,,0,0.0,,,,,,0,0.0,1,0.0
93,3.1,0,,no_mask,,,,,,,,,0,0.0,,,,,,0,0.0,1,0.0
94,3.1333,0,,no_mask,,,,,,,,,0,0.0,,,,,,0,0.0,1,0.0
95,3.1667,0,,no_mask,,,,,,,,,0,0.0,,,,,,0,0.0,1,0.0
96,3.2,0,,no_mask,,,,,,,,,0,0.0,,,,,,0,0.0,1,0.0
97,3.2333,0,,no_mask,,,,,,,,,0,0.0,,,,,,0,0.0,1,0.0
98,3.2667,0,,no_mask,,,,,,,,,0,0.0,,,,,,0,0.0,1,0.0
99,3.3,0,,no_mask,,,,,,,,,0,0.0,,,,,,0,0.0,1,0.0
100,3.3333,0,,no_mask,,,,,,,,,0,0.0,,,,,,0,0.0,1,0.0
101,3.3667,0,,no_mask,,,,,,,,,0,0.0,,,,,,0,0.0,1,0.0
102,3.4,0,,no_mask,,,,,,,,,0,0.0,,,,,,0,0.0,1,0.0
103,3.4333,0,,no_mask,,,,,,,,,0,0.0,,,,,,0,0.0,1,0.0
104,3.4667,0,,no_mask,,,,,,,,,0,0.0,,,,,,0,0.0,1,0.0
105,3.5,0,,no_mask,,,,,,,,,0,0.0,,,,,,0,0.0,1,0.0
106,3.5333,0,,no_mask,,,,,,,,,0,0.0,,,,,,0,0.0,1,0.0
107,3.5667,0,,no_mask,,,,,,,,,0,0.0,,,,,,0,0.0,1,0.0
108,3.6,0,,no_mask,,,,,,,,,0,0.0,,,,,,0,0.0,1,0.0
109,3.6333,0,,no_mask,,,,,,,,,0,0.0,,,,,,0,0.0,1,0.0
110,3.6667,0,,no_mask,,,,,,,,,0,0.0,,,,,,0,0.0,1,0.0
111,3.7,0,,no_mask,,,,,,,,,0,0.0,,,,,,0,0.0,1,0.0
112,3.7333,0,,no_mask,,,,,,,,,0,0.0,,,,,,0,0.0,1,0.0
113,3.7667,0,,no_mask,,,,,,,,,0,0.0,,,,,,0,0.0,1,0.0
114,3.8,0,,no_mask,,,,,,,,,0,0.0,,,,,,0,0.0,1,0.0
115,3.8333,0,,no_mask,,,,,,,,,0,0.0,,,,,,0,0.0,1,0.0
116,3.8667,0,,no_mask,,,,,,,,,0,0.0,,,,,,0,0.0,1,0.0
117,3.9,0,,no_mask,,,,,,,,,0,0.0,,,,,,0,0.0,1,0.0
118,3.9333,0,,no_mask,,,,,,,,,0,0.0,,,,,,0,0.0,1,0.0
119,3.9667,0,,no_mask,,,,,,,,,0,0.0,,,,,,0,0.0,1,0.0
120,4.0,0,,no_mask,,,,,,,,,0,0.0,,,,,,0,0.0,1,0.0
121,4.0333,0,,no_mask,,,,,,,,,0,0.0,,,,,,0,0.0,1,0.0
122,4.0667,0,,no_mask,,,,,,,,,0,0.0,,,,,,0,0.0,1,0.0
123,4.1,0,,no_mask,,,,,,,,,0,0.0,,,,,,0,0.0,1,0.0
124,4.1333,0,,no_mask,,,,,,,,,0,0.0,,,,,,0,0.0,1,0.0
125,4.1667,0,,no_mask,,,,,,,,,0,0.0,,,,,,0,0.0,1,0.0
126,4.2,0,,no_mask,,,,,,,,,0,0.0,,,,,,0,0.0,1,0.0
127,4.2333,0,,no_mask,,,,,,,,,0,0.0,,,,,,0,0.0,1,0.0
128,4.2667,0,,no_mask,,,,,,,,,0,0.0,,,,,,0,0.0,1,0.0
129,4.3,0,,no_mask,,,,,,,,,0,0.0,,,,,,0,0.0,1,0.0
130,4.3333,0,,no_mask,,,,,,,,,0,0.0,,,,,,0,0.0,1,0.0
131,4.3667,0,,no_mask,,,,,,,,,0,0.0,,,,,,0,0.0,1,0.0
132,4.4,0,,no_mask,,,,,,,,,0,0.0,,,,,,0,0.0,1,0.0
133,4.4333,0,,no_mask,,,,,,,,,0,0.0,,,,,,0,0.0,1,0.0
134,4.4667,0,,no_mask,,,,,,,,,0,0.0,,,,,,0,0.0,1,0.0
135,4.5,0,,no_mask,,,,,,,,,0,0.0,,,,,,0,0.0,1,0.0
136,4.5333,0,,no_mask,,,,,,,,,0,0.0,,,,,,0,0.0,1,0.0
137,4.5667,0,,no_mask,,,,,,,,,0,0.0,,,,,,0,0.0,1,0.0
138,4.6,0,,no_mask,,,,,,,,,0,0.0,,,,,,0,0.0,1,0.0
139,4.6333,0,,no_mask,,,,,,,,,0,0.0,,,,,,0,0.0,1,0.0
140,4.6667,0,,no_mask,,,,,,,,,0,0.0,,,,,,0,0.0,1,0.0
141,4.7,0,,no_mask,,,,,,,,,0,0.0,,,,,,0,0.0,1,0.0
142,4.7333,0,,no_mask,,,,,,,,,0,0.0,,,,,,0,0.0,1,0.0
143,4.7667,0,,no_mask,,,,,,,,,0,0.0,,,,,,0,0.0,1,0.0
144,4.8,0,,no_mask,,,,,,,,,0,0.0,,,,,,0,0.0,1,0.0
145,4.8333,0,,no_mask,,,,,,,,,0,0.0,,,,,,0,0.0,1,0.0
146,4.8667,0,,no_mask,,,,,,,,,0,0.0,,,,,,0,0.0,1,0.0
147,4.9,0,,no_mask,,,,,,,,,0,0.0,,,,,,0,0.0,1,0.0
148,4.9333,0,,no_mask,,,,,,,,,0,0.0,,,,,,0,0.0,1,0.0
149,4.9667,0,,no_mask,,,,,,,,,0,0.0,,,,,,0,0.0,1,0.0
150,5.0,0,,no_mask,,,,,,,,,0,0.0,,,,,,0,0.0,1,0.0
151,5.0333,0,,no_mask,,,,,,,,,0,0.0,,,,,,0,0.0,1,0.0
152,5.0667,0,,no_mask,,,,,,,,,0,0.0,,,,,,0,0.0,1,0.0
153,5.1,0,,no_mask,,,,,,,,,0,0.0,,,,,,0,0.0,1,0.0
154,5.1333,0,,no_mask,,,,,,,,,0,0.0,,,,,,0,0.0,1,0.0
155,5.1667,0,,no_mask,,,,,,,,,0,0.0,,,,,,0,0.0,1,0.0
156,5.2,0,,no_mask,,,,,,,,,0,0.0,,,,,,0,0.0,1,0.0
157,5.2333,0,,no_mask,,,,,,,,,0,0.0,,,,,,0,0.0,1,0.0
158,5.2667,0,,no_mask,,,,,,,,,0,0.0,,,,,,0,0.0,1,0.0
159,5.3,0,,no_mask,,,,,,,,,0,0.0,,,,,,0,0.0,1,0.0
160,5.3333,0,,no_mask,,,,,,,,,0,0.0,,,,,,0,0.0,1,0.0
161,5.3667,0,,no_mask,,,,,,,,,0,0.0,,,,,,0,0.0,1,0.0
162,5.4,0,,no_mask,,,,,,,,,0,0.0,,,,,,0,0.0,1,0.0
163,5.4333,0,,no_mask,,,,,,,,,0,0.0,,,,,,0,0.0,1,0.0
164,5.4667,0,,no_mask,,,,,,,,,0,0.0,,,,,,0,0.0,1,0.0
165,5.5,0,,no_mask,,,,,,,,,0,0.0,,,,,,0,0.0,1,0.0
166,5.5333,0,,no_mask,,,,,,,,,0,0.0,,,,,,0,0.0,1,0.0
167,5.5667,0,,no_mask,,,,,,,,,0,0.0,,,,,,0,0.0,1,0.0
168,5.6,0,,no_mask,,,,,,,,,0,0.0,,,,,,0,0.0,1,0.0
169,5.6333,0,,no_mask,,,,,,,,,0,0.0,,,,,,0,0.0,1,0.0
170,5.6667,0,,no_mask,,,,,,,,,0,0.0,,,,,,0,0.0,1,0.0
171,5.7,0,,no_mask,,,,,,,,,0,0.0,,,,,,0,0.0,1,0.0
172,5.7333,0,,no_mask,,,,,,,,,0,0.0,,,,,,0,0.0,1,0.0
173,5.7667,0,,no_mask,,,,,,,,,0,0.0,,,,,,0,0.0,1,0.0
174,5.8,0,,no_mask,,,,,,,,,0,0.0,,,,,,0,0.0,1,0.0
175,5.8333,0,,no_mask,,,,,,,,,0,0.0,,,,,,0,0.0,1,0.0
176,5.8667,0,,no_mask,,,,,,,,,0,0.0,,,,,,0,0.0,1,0.0
177,5.9,0,,no_mask,,,,,,,,,0,0.0,,,,,,0,0.0,1,0.0
178,5.9333,0,,no_mask,,,,,,,,,0,0.0,,,,,,0,0.0,1,0.0
179,5.9667,0,,no_mask,,,,,,,,,0,0.0,,,,,,0,0.0,1,0.0
180,6.0,0,,no_mask,,,,,,,,,0,0.0,,,,,,0,0.0,1,0.0
181,6.0333,0,,no_mask,,,,,,,,,0,0.0,,,,,,0,0.0,1,0.0
182,6.0667,0,,no_mask,,,,,,,,,0,0.0,,,,,,0,0.0,1,0.0
183,6.1,0,,no_mask,,,,,,,,,0,0.0,,,,,,0,0.0,1,0.0
184,6.1333,0,,no_mask,,,,,,,,,0,0.0,,,,,,0,0.0,1,0.0
185,6.1667,0,,no_mask,,,,,,,,,0,0.0,,,,,,0,0.0,1,0.0
186,6.2,0,,no_mask,,,,,,,,,0,0.0,,,,,,0,0.0,1,0.0
187,6.2333,0,,no_mask,,,,,,,,,0,0.0,,,,,,0,0.0,1,0.0
188,6.2667,0,,no_mask,,,,,,,,,0,0.0,,,,,,0,0.0,1,0.0
189,6.3,0,,no_mask,,,,,,,,,0,0.0,,,,,,0,0.0,1,0.0
190,6.3333,0,,no_mask,,,,,,,,,0,0.0,,,,,,0,0.0,1,0.0
191,6.3667,0,,no_mask,,,,,,,,,0,0.0,,,,,,0,0.0,1,0.0
192,6.4,0,,no_mask,,,,,,,,,0,0.0,,,,,,0,0.0,1,0.0
193,6.4333,0,,no_mask,,,,,,,,,0,0.0,,,,,,0,0.0,1,0.0
194,6.4667,0,,no_mask,,,,,,,,,0,0.0,,,,,,0,0.0,1,0.0
195,6.5,0,,no_mask,,,,,,,,,0,0.0,,,,,,0,0.0,1,0.0
196,6.5333,0,,no_mask,,,,,,,,,0,0.0,,,,,,0,0.0,1,0.0
197,6.5667,0,,no_mask,,,,,,,,,0,0.0,,,,,,0,0.0,1,0.0
198,6.6,0,,no_mask,,,,,,,,,0,0.0,,,,,,0,0.0,1,0.0
199,6.6333,0,,no_mask,,,,,,,,,0,0.0,,,,,,0,0.0,1,0.0
200,6.6667,0,,no_mask,,,,,,,,,0,0.0,,,,,,0,0.0,1,0.0
201,6.7,0,,no_mask,,,,,,,,,0,0.0,,,,,,0,0.0,1,0.0
202,6.7333,0,,no_mask,,,,,,,,,0,0.0,,,,,,0,0.0,1,0.0
203,6.7667,0,,no_mask,,,,,,,,,0,0.0,,,,,,0,0.0,1,0.0
204,6.8,0,,no_mask,,,,,,,,,0,0.0,,,,,,0,0.0,1,0.0
205,6.8333,0,,no_mask,,,,,,,,,0,0.0,,,,,,0,0.0,1,0.0
206,6.8667,0,,no_mask,,,,,,,,,0,0.0,,,,,,0,0.0,1,0.0
207,6.9,0,,no_mask,,,,,,,,,0,0.0,,,,,,0,0.0,1,0.0
208,6.9333,0,,no_mask,,,,,,,,,0,0.0,,,,,,0,0.0,1,0.0
209,6.9667,0,,no_mask,,,,,,,,,0,0.0,,,,,,0,0.0,1,0.0
210,7.0,0,,no_mask,,,,,,,,,0,0.0,,,,,,0,0.0,1,0.0
211,7.0333,0,,no_mask,,,,,,,,,0,0.0,,,,,,0,0.0,1,0.0
212,7.0667,0,,no_mask,,,,,,,,,0,0.0,,,,,,0,0.0,1,0.0
213,7.1,0,,no_mask,,,,,,,,,0,0.0,,,,,,0,0.0,1,0.0
214,7.1333,0,,no_mask,,,,,,,,,0,0.0,,,,,,0,0.0,1,0.0
215,7.1667,0,,no_mask,,,,,,,,,0,0.0,,,,,,0,0.0,1,0.0
216,7.2,0,,no_mask,,,,,,,,,0,0.0,,,,,,0,0.0,1,0.0
217,7.2333,0,,no_mask,,,,,,,,,0,0.0,,,,,,0,0.0,1,0.0
218,7.2667,0,,no_mask,,,,,,,,,0,0.0,,,,,,0,0.0,1,0.0
219,7.3,0,,no_mask,,,,,,,,,0,0.0,,,,,,0,0.0,1,0.0
220,7.3333,0,,no_mask,,,,,,,,,0,0.0,,,,,,0,0.0,1,0.0
221,7.3667,0,,no_mask,,,,,,,,,0,0.0,,,,,,0,0.0,1,0.0
222,7.4,0,,no_mask,,,,,,,,,0,0.0,,,,,,0,0.0,1,0.0
223,7.4333,0,,no_mask,,,,,,,,,0,0.0,,,,,,0,0.0,1,0.0
224,7.4667,0,,no_mask,,,,,,,,,0,0.0,,,,,,0,0.0,1,0.0
225,7.5,0,,no_mask,,,,,,,,,0,0.0,,,,,,0,0.0,1,0.0
226,7.5333,0,,no_mask,,,,,,,,,0,0.0,,,,,,0,0.0,1,0.0
227,7.5667,0,,no_mask,,,,,,,,,0,0.0,,,,,,0,0.0,1,0.0
228,7.6,0,,fit_failed,,,,,,,,,0,0.0,,,,,,0,0.0,1,0.0
229,7.6333,0,,fit_failed,,,,,,,,,0,0.0,,,,,,0,0.0,1,0.0
230,7.6667,0,,fit_failed,,,,,,,,,0,0.0,,,,,,0,0.0,1,0.0
231,7.7,0,,fit_failed,,,,,,,,,0,0.0,,,,,,0,0.0,1,0.0
232,7.7333,0,,fit_failed,,,,,,,,,0,0.0,,,,,,0,0.0,1,0.0
233,7.7667,0,,fit_failed,,,,,,,,,0,0.0,,,,,,0,0.0,1,0.0
234,7.8,0,,fit_failed,,,,,,,,,0,0.0,,,,,,0,0.0,1,0.0
235,7.8333,0,,fit_failed,,,,,,,,,0,0.0,,,,,,0,0.0,1,0.0
236,7.8667,0,,fit_failed,,,,,,,,,0,0.0,,,,,,0,0.0,1,0.0
237,7.9,0,,fit_failed,,,,,,,,,0,0.0,,,,,,0,0.0,1,0.0
238,7.9333,0,,fit_failed,,,,,,,,,0,0.0,,,,,,0,0.0,1,0.0
239,7.9667,0,,fit_failed,,,,,,,,,0,0.0,,,,,,0,0.0,1,0.0
240,8.0,0,,fit_failed,,,,,,,,,0,0.0,,,,,,0,0.0,1,0.0
241,8.0333,0,,fit_failed,,,,,,,,,0,0.0,,,,,,0,0.0,1,0.0
242,8.0667,0,,fit_failed,,,,,,,,,0,0.0,,,,,,0,0.0,1,0.0
243,8.1,0,,fit_failed,,,,,,,,,0,0.0,,,,,,0,0.0,1,0.0
244,8.1333,0,,fit_failed,,,,,,,,,0,0.0,,,,,,0,0.0,1,0.0
245,8.1667,0,,fit_failed,,,,,,,,,0,0.0,,,,,,0,0.0,1,0.0
246,8.2,0,,fit_failed,,,,,,,,,0,0.0,,,,,,0,0.0,1,0.0
247,8.2333,0,,fit_failed,,,,,,,,,0,0.0,,,,,,0,0.0,1,0.0
248,8.2667,0,,fit_failed,,,,,,,,,0,0.0,,,,,,0,0.0,1,0.0
249,8.3,0,,fit_failed,,,,,,,,,0,0.0,,,,,,0,0.0,1,0.0
250,8.3333,0,,fit_failed,,,,,,,,,0,0.0,,,,,,0,0.0,1,0.0
251,8.3667,0,,fit_failed,,,,,,,,,0,0.0,,,,,,0,0.0,1,0.0
252,8.4,0,,fit_failed,,,,,,,,,0,0.0,,,,,,0,0.0,1,0.0
253,8.4333,0,,fit_failed,,,,,,,,,0,0.0,,,,,,0,0.0,1,0.0
254,8.4667,0,,fit_failed,,,,,,,,,0,0.0,,,,,,0,0.0,1,0.0
255,8.5,0,,fit_failed,,,,,,,,,0,0.0,,,,,,0,0.0,1,0.0
256,8.5333,0,,fit_failed,,,,,,,,,0,0.0,,,,,,0,0.0,1,0.0
257,8.5667,0,,fit_failed,,,,,,,,,0,0.0,,,,,,0,0.0,1,0.0
258,8.6,0,,fit_failed,,,,,,,,,0,0.0,,,,,,0,0.0,1,0.0
259,8.6333,0,,fit_failed,,,,,,,,,0,0.0,,,,,,0,0.0,1,0.0
260,8.6667,0,,fit_failed,,,,,,,,,0,0.0,,,,,,0,0.0,1,0.0
261,8.7,0,,fit_failed,,,,,,,,,0,0.0,,,,,,0,0.0,1,0.0
262,8.7333,0,,fit_failed,,,,,,,,,0,0.0,,,,,,0,0.0,1,0.0
263,8.7667,0,,fit_failed,,,,,,,,,0,0.0,,,,,,0,0.0,1,0.0
264,8.8,0,,fit_failed,,,,,,,,,0,0.0,,,,,,0,0.0,1,0.0
265,8.8333,0,,fit_failed,,,,,,,,,0,0.0,,,,,,0,0.0,1,0.0
266,8.8667,0,,fit_failed,,,,,,,,,0,0.0,,,,,,0,0.0,1,0.0
267,8.9,0,,fit_failed,,,,,,,,,0,0.0,,,,,,0,0.0,1,0.0
268,8.9333,0,,fit_failed,,,,,,,,,0,0.0,,,,,,0,0.0,1,0.0
269,8.9667,0,,fit_failed,,,,,,,,,0,0.0,,,,,,0,0.0,1,0.0
270,9.0,0,,fit_failed,,,,,,,,,0,0.0,,,,,,0,0.0,1,0.0
271,9.0333,0,,fit_failed,,,,,,,,,0,0.0,,,,,,0,0.0,1,0.0
272,9.0667,0,,fit_failed,,,,,,,,,0,0.0,,,,,,0,0.0,1,0.0
273,9.1,0,,fit_failed,,,,,,,,,0,0.0,,,,,,0,0.0,1,0.0
274,9.1333,0,,fit_failed,,,,,,,,,0,0.0,,,,,,0,0.0,1,0.0
275,9.1667,0,,fit_failed,,,,,,,,,0,0.0,,,,,,0,0.0,1,0.0
276,9.2,0,,fit_failed,,,,,,,,,0,0.0,,,,,,0,0.0,1,0.0
277,9.2333,0,,fit_failed,,,,,,,,,0,0.0,,,,,,0,0.0,1,0.0
278,9.2667,0,,fit_failed,,,,,,,,,0,0.0,,,,,,0,0.0,1,0.0
279,9.3,0,,fit_failed,,,,,,,,,0,0.0,,,,,,0,0.0,1,0.0
280,9.3333,0,,fit_failed,,,,,,,,,0,0.0,,,,,,0,0.0,1,0.0
281,9.3667,0,,fit_failed,,,,,,,,,0,0.0,,,,,,0,0.0,1,0.0
282,9.4,0,,fit_failed,,,,,,,,,0,0.0,,,,,,0,0.0,1,0.0
283,9.4333,0,,fit_failed,,,,,,,,,0,0.0,,,,,,0,0.0,1,0.0
284,9.4667,0,,fit_failed,,,,,,,,,0,0.0,,,,,,0,0.0,1,0.0
285,9.5,0,,fit_failed,,,,,,,,,0,0.0,,,,,,0,0.0,1,0.0
286,9.5333,0,,fit_failed,,,,,,,,,0,0.0,,,,,,0,0.0,1,0.0
287,9.5667,0,,fit_failed,,,,,,,,,0,0.0,,,,,,0,0.0,1,0.0
288,9.6,0,,fit_failed,,,,,,,,,0,0.0,,,,,,0,0.0,1,0.0
289,9.6333,0,,fit_failed,,,,,,,,,0,0.0,,,,,,0,0.0,1,0.0
290,9.6667,0,,fit_failed,,,,,,,,,0,0.0,,,,,,0,0.0,1,0.0
291,9.7,0,,fit_failed,,,,,,,,,0,0.0,,,,,,0,0.0,1,0.0
292,9.7333,0,,fit_failed,,,,,,,,,0,0.0,,,,,,0,0.0,1,0.0
293,9.7667,0,,fit_failed,,,,,,,,,0,0.0,,,,,,0,0.0,1,0.0
294,9.8,0,,fit_failed,,,,,,,,,0,0.0,,,,,,0,0.0,1,0.0
295,9.8333,0,,fit_failed,,,,,,,,,0,0.0,,,,,,0,0.0,1,0.0
296,9.8667,0,,fit_failed,,,,,,,,,0,0.0,,,,,,0,0.0,1,0.0
297,9.9,0,,fit_failed,,,,,,,,,0,0.0,,,,,,0,0.0,1,0.0
298,9.9333,0,,fit_failed,,,,,,,,,0,0.0,,,,,,0,0.0,1,0.0
299,9.9667,0,,fit_failed,,,,,,,,,0,0.0,,,,,,0,0.0,1,0.0
300,10.0,0,,fit_failed,,,,,,,,,0,0.0,,,,,,0,0.0,1,0.0
301,10.0333,0,,fit_failed,,,,,,,,,0,0.0,,,,,,0,0.0,1,0.0
302,10.0667,0,,fit_failed,,,,,,,,,0,0.0,,,,,,0,0.0,1,0.0
303,10.1,0,,fit_failed,,,,,,,,,0,0.0,,,,,,0,0.0,1,0.0
304,10.1333,0,,fit_failed,,,,,,,,,0,0.0,,,,,,0,0.0,1,0.0
305,10.1667,0,,fit_failed,,,,,,,,,0,0.0,,,,,,0,0.0,1,0.0
306,10.2,1,mask,,10.6999,10.6999,10.2398,,,,,,27,1.0,0.3475,0.0281,9.0,26.0,14.34,0,0.7105,1,0.0
307,10.2333,1,mask,,11.1888,10.7854,10.3254,2.5668,,,,,27,1.0,0.2287,0.0232,9.0,26.0,14.24,0,0.7343,1,0.0
308,10.2667,1,mask,,11.3288,10.9266,10.4666,4.2352,,,,,26,1.0,0.2365,0.0164,10.0,25.0,14.25,0,0.726,1,0.0
309,10.3,1,mask,,11.2256,11.0248,10.5648,2.946,,,,,27,0.9643,0.2003,0.0093,9.0,27.0,15.81,0,0.7292,1,0.0
310,10.3333,1,mask,,11.6298,11.0951,10.635,2.1081,,,,,26,0.963,0.2047,0.0144,10.0,25.0,15.98,0,0.7213,1,0.0
311,10.3667,1,mask,,11.517,11.1769,10.7168,2.4536,,,,,26,0.963,0.2316,0.0103,10.0,25.0,16.04,0,0.7159,1,0.0
312,10.4,1,mask,,10.8297,11.23,10.77,1.5948,,,,,28,1.0,0.3331,0.041,10.0,27.0,16.22,0,0.7201,1,0.0
313,10.4333,1,mask,,11.3582,11.2749,10.8148,1.3454,,,,,28,1.0,0.3068,0.0378,10.0,27.0,15.89,0,0.7253,1,0.0
314,10.4667,1,mask,,10.8524,11.304,10.844,0.8745,,,,,28,1.0,0.2592,0.0194,10.0,27.0,15.75,0,0.7348,1,0.0
315,10.5,1,mask,,11.2979,11.3019,10.8418,-0.0647,,,,,28,1.0,0.212,0.0066,10.0,27.0,16.0,0,0.7443,1,0.0
316,10.5333,1,mask,,11.3054,11.3005,10.8404,-0.0421,,,,,28,1.0,0.253,0.0063,10.0,27.0,15.98,0,0.7361,1,0.0
317,10.5667,1,mask,,11.2903,11.2996,10.8395,-0.0273,,,,,28,1.0,0.2807,0.0019,10.0,27.0,16.03,0,0.7305,1,0.0
318,10.6,1,mask,,11.0987,11.2963,10.8363,-0.0969,,,,,31,1.0,0.3077,0.0077,10.0,30.0,17.06,0,0.7451,1,0.0
319,10.6333,1,mask,,11.4543,11.2969,10.8368,0.0162,,,,,31,1.0,0.2634,0.0192,10.0,30.0,17.34,0,0.754,1,0.0
320,10.6667,1,mask,,11.5208,11.2999,10.8398,0.0897,,,,,31,1.0,0.3142,0.0258,10.0,30.0,17.34,0,0.7438,1,0.0
321,10.7,1,mask,,11.9763,11.3539,10.8938,1.6211,,,,,30,1.0,0.2835,0.0307,10.0,29.0,17.85,0,0.7433,1,0.0
322,10.7333,1,mask,,11.958,11.4123,10.9523,1.7526,,,,,30,1.0,0.2821,0.0314,10.0,29.0,17.85,0,0.7436,1,0.0
323,10.7667,1,mask,,11.8238,11.5563,11.0963,4.3201,,,,,30,0.9677,0.2563,0.0276,10.0,29.0,17.93,0,0.7391,1,0.0
324,10.8,1,mask,,11.7134,11.6499,11.1899,2.8081,,,,,34,1.0,0.4222,0.011,10.0,33.0,17.35,0,0.7422,1,0.0
325,10.8333,1,mask,,12.4693,11.7578,11.2977,3.235,,,,,32,0.9697,0.3351,0.0086,10.0,31.0,17.89,0,0.7372,1,0.0
326,10.8667,1,mask,,12.3491,11.8278,11.3678,2.1027,,,,,32,1.0,0.3821,0.0053,10.0,31.0,17.87,0,0.7369,1,0.0
327,10.9,1,mask,,11.6428,11.8264,11.3664,-0.0429,,,,,33,0.9706,0.3186,0.0239,10.0,32.0,17.92,0,0.7475,1,0.0
328,10.9333,1,mask,,11.6504,11.7869,11.3268,-1.1868,,,,,34,0.9714,0.3099,0.0258,10.0,33.0,17.91,0,0.7561,1,0.0
329,10.9667,1,mask,,11.7713,11.7814,11.3214,-0.1629,,,,,33,0.9706,0.2919,0.0251,10.0,32.0,17.93,0,0.7528,1,0.0
330,11.0,1,mask,,13.0198,11.7779,11.3179,-0.1059,,,,,35,0.9722,0.2786,0.0378,10.0,34.0,18.91,0,0.7693,1,0.0
331,11.0333,1,mask,,12.8219,11.7756,11.3156,-0.0688,,,,,37,1.0,0.3718,0.0428,10.0,36.0,19.24,0,0.7723,1,0.0
332,11.0667,1,mask,,13.0219,12.1418,11.6818,10.9858,,,,,37,1.0,0.3927,0.0314,10.0,36.0,19.24,0,0.7681,1,0.0
333,11.1,1,mask,,13.0122,12.4464,11.9864,9.1392,,,,,35,0.9722,0.3178,0.0443,10.0,34.0,19.55,0,0.7614,1,0.0
334,11.1333,1,mask,,12.7453,12.6445,12.1844,5.9404,,,,,35,0.9722,0.3268,0.0345,10.0,34.0,19.75,0,0.7596,1,0.0
335,11.1667,1,mask,,12.4749,12.7066,12.2465,1.8629,,,,,36,1.0,0.3691,0.0347,10.0,35.0,19.75,0,0.7662,1,0.0
336,11.2,1,mask,,13.5109,12.8135,12.3535,3.2093,,,,,37,0.9737,0.3171,0.025,10.0,36.0,19.92,0,0.7754,1,0.0
337,11.2333,1,mask,,13.5722,12.8831,12.423,2.086,,,,,37,0.9737,0.2836,0.0211,10.0,37.0,20.05,0,0.7821,1,0.0
338,11.2667,1,mask,,13.7837,13.1028,12.6428,6.5922,,,,,38,1.0,0.2794,0.014,10.0,37.0,20.12,0,0.7974,1,0.0
339,11.3,1,mask,,14.023,13.2671,12.807,4.9287,,,,,38,0.9744,0.2907,0.0372,10.0,37.0,20.31,0,0.7875,1,0.0
340,11.3333,1,mask,,13.7466,13.4349,12.9749,5.0349,,,,,38,0.95,0.269,0.0299,10.0,37.0,20.27,0,0.7845,1,0.0
341,11.3667,1,mask,,13.4047,13.544,13.084,3.2727,,,,,40,1.0,0.3169,0.0272,10.5,39.0,20.23,0,0.8033,1,0.0
342,11.4,1,mask,,13.0023,13.6149,13.1549,2.1272,,,,,40,1.0,0.2526,0.0231,11.0,39.0,20.46,0,0.8162,1,0.0
343,11.4333,1,mask,,13.4892,13.5709,13.1109,-1.3205,,,,,39,1.0,0.264,0.0356,11.0,38.0,20.64,0,0.8072,1,0.0
344,11.4667,1,mask,,13.2696,13.5127,13.0527,-1.7448,,,,,39,1.0,0.2266,0.0258,11.0,38.0,20.55,0,0.8147,1,0.0
345,11.5,1,mask,,13.4327,13.4749,13.0149,-1.1341,,,,,40,1.0,0.227,0.0454,11.0,39.0,21.06,0,0.8213,1,0.0
346,11.5333,1,mask,,13.6917,13.4602,13.0001,-0.4435,,,,,40,1.0,0.2529,0.0356,11.0,39.0,21.01,0,0.8161,1,0.0
347,11.5667,1,mask,,13.5267,13.4703,13.0103,0.3045,,,,,40,1.0,0.2434,0.0389,11.0,39.0,21.04,0,0.818,1,0.0
348,11.6,1,mask,,14.1502,13.4901,13.03,0.5925,,,,,43,1.0,0.2511,0.0325,11.0,42.0,21.63,0,0.8364,1,0.0
349,11.6333,1,mask,,14.0566,13.5606,13.1006,2.1177,,,,,43,1.0,0.2559,0.0287,11.0,42.0,21.59,0,0.8355,1,0.0
350,11.6667,1,mask,,14.1217,13.7342,13.2742,5.2075,,,,,43,1.0,0.2515,0.0411,11.0,42.0,21.74,0,0.8364,1,0.0
351,11.7,1,mask,,13.9521,13.8471,13.387,3.3849,,,,,42,1.0,0.2496,0.0359,11.0,41.0,21.51,0,0.8301,1,0.0
352,11.7333,1,mask,,14.0854,13.9305,13.4704,2.5025,,,,,42,1.0,0.2212,0.0317,11.0,41.0,21.47,0,0.8358,1,0.0
353,11.7667,1,mask,,14.0854,13.9847,13.5246,1.6266,,,,,42,1.0,0.2212,0.0317,11.0,41.0,21.43,0,0.8358,1,0.0
354,11.8,1,mask,,14.5277,14.0199,13.5599,1.0573,,,,,41,0.9762,0.2283,0.0433,11.0,42.0,22.19,0,0.8205,1,0.0
355,11.8333,1,mask,,14.7405,14.0428,13.5828,0.6872,,,,,40,0.9756,0.2576,0.0439,11.0,42.0,22.37,0,0.8078,1,0.0
356,11.8667,1,mask,,14.573,14.2126,13.7525,5.0911,,,,,39,0.975,0.2528,0.0443,11.0,42.0,22.39,0,0.8019,1,0.0
357,11.9,1,mask,,14.2353,14.3229,13.8628,3.3092,,,,,41,1.0,0.3331,0.0312,11.0,44.0,22.32,0,0.8067,1,0.0
358,11.9333,1,mask,,14.2879,14.3946,13.9345,2.151,,,,,41,1.0,0.3402,0.0365,11.0,44.0,22.28,0,0.8053,1,0.0
359,11.9667,1,mask,,14.0439,14.3572,13.8972,-1.1195,,,,,41,1.0,0.3044,0.0245,11.0,44.0,22.22,0,0.8125,1,0.0
360,12.0,1,mask,,14.4002,14.333,13.8729,-0.7277,,,,,42,1.0,0.3113,0.0288,11.0,46.0,22.77,0,0.8177,1,0.0
361,12.0333,1,mask,,14.524,14.3172,13.8572,-0.473,,,,,40,0.9524,0.2741,0.0393,11.0,43.0,23.1,0,0.7976,1,0.0
362,12.0667,1,mask,,14.7506,14.3463,13.8862,0.8714,,,,,41,0.9535,0.2687,0.0268,11.0,43.0,23.18,0,0.8056,1,0.0
363,12.1,1,mask,,14.5888,14.4085,13.9484,1.8663,,,,,42,0.9767,0.3204,0.0264,11.0,45.0,23.3,0,0.8089,1,0.0
364,12.1333,1,mask,,14.8442,14.4716,14.0116,1.8936,,,,,41,0.9535,0.3279,0.0247,11.0,45.0,23.28,0,0.7938,1,0.0
365,12.1667,1,mask,,14.3981,14.5126,14.0526,1.2309,,,,,44,0.9778,0.3426,0.0225,11.0,46.0,23.27,0,0.8181,1,0.0
366,12.2,1,mask,,14.0615,14.5393,14.0792,0.8001,,,,,41,1.0,0.3123,0.0351,11.0,49.0,24.02,0,0.8109,1,0.0
367,12.2333,1,mask,,13.9887,14.4899,14.0298,-1.4831,,,,,40,1.0,0.3179,0.0376,11.0,49.0,24.03,0,0.8031,1,0.0
368,12.2667,1,mask,,13.6703,14.3399,13.8799,-4.4975,,,,,40,1.0,0.359,0.0401,11.0,50.0,24.09,0,0.7949,1,0.0
369,12.3,1,mask,,13.9117,14.217,13.757,-3.688,,,,,51,0.9808,0.2894,0.0483,12.0,50.0,24.24,0,0.8763,1,0.0
370,12.3333,1,mask,,13.8599,14.1102,13.6501,-3.2054,,,,,39,0.975,0.279,0.0246,11.0,50.0,24.39,0,0.7967,1,0.0
371,12.3667,1,mask,,14.0063,14.0407,13.5807,-2.0835,,,,,40,1.0,0.302,0.0145,11.0,51.0,24.41,0,0.8063,1,0.0
372,12.4,1,mask,,14.0536,13.9956,13.5355,-1.3543,,,,,53,1.0,0.2916,0.0457,12.0,52.0,24.62,0,0.895,1,0.0
373,12.4333,1,mask,,14.4618,13.9993,13.5393,0.1126,,,,,51,1.0,0.3128,0.04,12.0,51.0,24.91,0,0.8774,1,0.0
374,12.4667,1,mask,,14.1601,14.0183,13.5583,0.5703,,,,,53,1.0,0.3049,0.0477,12.0,52.0,25.0,0,0.8924,1,0.0
375,12.5,1,mask,,14.1688,14.0679,13.6079,1.4886,,,,,53,1.0,0.3161,0.0504,12.0,52.0,25.1,0,0.8901,1,0.0
376,12.5333,1,mask,,13.921,14.1002,13.6402,0.9676,,,,,53,1.0,0.3115,0.0442,12.0,52.0,25.19,0,0.891,1,0.0
377,12.5667,1,mask,,14.058,14.1212,13.6611,0.6289,,,,,53,1.0,0.3526,0.043,12.0,52.0,25.27,0,0.8828,1,0.0
378,12.6,1,mask,,14.3662,14.1348,13.6747,0.4088,,,,,53,1.0,0.302,0.041,12.0,52.0,25.83,0,0.8929,1,0.0
379,12.6333,1,mask,,14.8013,14.1467,13.6866,0.3569,,,,,52,0.963,0.2819,0.031,12.0,51.0,25.85,0,0.8792,1,0.0
380,12.6667,1,mask,,14.4507,14.2235,13.7635,2.3051,,,,,53,0.9815,0.2735,0.0335,12.0,52.0,25.79,0,0.8931,1,0.0
381,12.7,1,mask,,14.3337,14.2735,13.8134,1.4983,,,,,53,0.9815,0.2493,0.0332,12.0,52.0,25.84,0,0.8979,1,0.0
382,12.7333,1,mask,,14.3828,14.3117,13.8517,1.1484,,,,,52,0.963,0.2448,0.0303,12.0,52.0,25.97,0,0.8866,1,0.0
383,12.7667,1,mask,,14.2243,14.3366,13.8766,0.7465,,,,,52,0.9455,0.2362,0.025,12.0,52.0,25.95,0,0.8831,1,0.0
384,12.8,1,mask,,14.5546,14.3528,13.8928,0.4852,,,,,54,0.9818,0.2777,0.0274,12.0,53.0,26.13,0,0.899,1,0.0
385,12.8333,1,mask,,14.2934,14.3461,13.8861,-0.2006,,,,,54,0.9818,0.315,0.0204,12.0,53.0,25.84,0,0.8915,1,0.0
386,12.8667,1,mask,,14.5005,14.359,13.8989,0.3856,,,,,53,0.9636,0.2995,0.0292,12.0,52.0,25.85,0,0.8825,1,0.0
387,12.9,1,mask,,14.7794,14.4085,13.9485,1.4865,,,,,54,0.9818,0.324,0.0327,12.0,53.0,26.04,0,0.8897,1,0.0
388,12.9333,1,mask,,14.7345,14.4596,13.9996,1.5336,,,,,54,0.9818,0.3192,0.0344,12.0,53.0,26.12,0,0.8907,1,0.0
389,12.9667,1,mask,,14.8242,14.5558,14.0958,2.8858,,,,,52,0.9286,0.2517,0.0301,12.0,51.0,26.07,0,0.8749,1,0.0
390,13.0,1,mask,,14.5832,14.6184,14.1583,1.8758,,,,,53,0.9298,0.286,0.0257,12.0,53.0,26.56,0,0.8751,1,0.0
391,13.0333,1,mask,,14.5996,14.659,14.199,1.2193,,,,,53,0.9138,0.3011,0.0215,12.0,53.0,26.74,0,0.8673,1,0.0
392,13.0667,1,mask,,14.5714,14.6382,14.1782,-0.6239,,,,,53,0.9298,0.2874,0.0222,12.0,53.0,26.73,0,0.8748,1,0.0
393,13.1,1,mask,,14.5874,14.6204,14.1604,-0.5336,,,,,55,0.9483,0.32,0.0218,12.0,54.0,26.46,0,0.8872,1,0.0
394,13.1333,1,mask,,14.6415,14.6089,14.1488,-0.3469,,,,,54,0.9474,0.3196,0.0236,12.0,53.0,26.45,0,0.8803,1,0.0
395,13.1667,1,mask,,14.6149,14.6056,14.1456,-0.0974,,,,,54,0.9474,0.3165,0.0234,12.0,53.0,26.45,0,0.8809,1,0.0
396,13.2,1,mask,,14.7088,14.6089,14.1488,0.0978,,,,,56,0.9655,0.2851,0.0228,13.0,55.0,26.6,0,0.906,1,0.0
397,13.2333,1,mask,,15.0216,14.6203,14.1602,0.3426,,,,,56,0.9492,0.3293,0.0212,13.0,55.0,27.01,0,0.8922,1,0.0
398,13.2667,1,mask,,15.2224,14.6513,14.1912,0.929,,,,,55,0.9483,0.3135,0.025,13.0,54.0,27.23,0,0.8885,1,0.0
399,13.3,1,mask,,14.89,14.7348,14.2748,2.5065,,,,,56,0.9655,0.3057,0.029,13.0,55.0,26.92,0,0.9018,1,0.0
400,13.3333,1,mask,,13.822,14.7891,14.3291,1.6292,,,,,49,1.0,0.4124,0.0412,12.0,60.0,26.96,0,0.8442,1,0.0
401,13.3667,1,mask,,14.5686,14.8244,14.3644,1.059,,,,,54,0.9818,0.3804,0.0351,13.0,58.0,26.95,0,0.8785,1,0.0
402,13.4,1,mask,,14.4562,14.7349,14.2748,-2.6865,,,,,55,0.9649,0.3444,0.0262,13.0,60.0,26.85,0,0.8873,1,0.0
403,13.4333,1,mask,,14.4789,14.6453,14.1852,-2.6872,,,,,60,1.0,0.3766,0.0251,13.0,61.0,27.27,0,0.9247,1,0.0
404,13.4667,1,mask,,14.8097,14.5871,14.127,-1.7467,,,,,55,0.9322,0.3347,0.0438,13.0,57.0,27.27,0,0.8794,1,0.0
405,13.5,1,mask,,14.4618,14.5492,14.0892,-1.1353,,,,,55,0.9322,0.3259,0.0189,13.0,58.0,27.91,0,0.8811,1,0.0
406,13.5333,1,mask,,14.4934,14.5246,14.0646,-0.738,,,,,58,0.9831,0.3902,0.0479,13.0,61.0,27.93,0,0.9035,1,0.0
407,13.5667,1,mask,,14.87,14.5137,14.0537,-0.3275,,,,,53,0.8833,0.2829,0.0373,13.0,57.0,27.89,0,0.8617,1,0.0
408,13.6,1,mask,,14.4097,14.5066,14.0466,-0.2129,,,,,54,1.0,0.412,0.0221,13.0,62.0,28.59,0,0.8776,1,0.0
409,13.6333,1,mask,,14.0849,14.4909,14.0309,-0.4704,,,,,54,1.0,0.4274,0.0241,13.0,63.0,28.29,0,0.8745,1,0.0
410,13.6667,1,mask,,14.2626,14.4625,14.0025,-0.8528,,,,,55,1.0,0.4451,0.0228,13.0,63.0,28.39,0,0.8777,1,0.0
411,13.7,1,mask,,13.9247,14.3925,13.9325,-2.0987,,,,,53,1.0,0.5097,0.0073,13.0,53.0,30.16,0,0.8514,1,0.0
412,13.7333,1,mask,,14.0673,14.2849,13.8248,-3.2301,,,,,53,1.0,0.5284,0.0175,13.0,53.0,30.21,0,0.8476,1,0.0
413,13.7667,1,mask,,14.1289,14.2149,13.7548,-2.0996,,,,,53,1.0,0.5261,0.009,13.0,52.0,30.09,0,0.8481,1,0.0
414,13.8,1,mask,,14.036,14.1632,13.7032,-1.5495,,,,,46,1.0,0.565,0.0089,13.0,48.0,30.24,0,0.7937,1,0.0
415,13.8333,1,mask,,14.0445,14.1217,13.6616,-1.2468,,,,,49,1.0,0.4802,0.0049,13.0,48.0,30.01,0,0.8306,1,0.0
416,13.8667,1,mask,,14.0472,14.0956,13.6356,-0.7815,,,,,49,1.0,0.4729,0.0054,13.0,48.0,30.17,0,0.8321,1,0.0
417,13.9,1,mask,,14.7364,14.0787,13.6186,-0.508,,,,,45,0.9184,0.3269,0.0228,13.0,45.0,31.43,0,0.8101,1,0.0
418,13.9333,1,mask,,14.6533,14.0677,13.6076,-0.3302,,,,,44,0.9362,0.3408,0.0308,13.0,44.0,31.44,0,0.806,1,0.0
419,13.9667,1,mask,,14.9447,14.2727,13.8126,6.1494,,,,,43,0.9149,0.3186,0.0143,13.0,45.0,31.43,0,0.7974,1,0.0
420,14.0,1,mask,,14.636,14.4059,13.9459,3.9971,,,,,47,1.0,0.5288,0.0023,13.0,47.0,31.85,0,0.8076,1,0.0
421,14.0333,1,mask,,13.9961,14.4925,14.0325,2.5981,,,,,46,0.9583,0.4102,0.0092,13.0,47.0,32.14,0,0.8121,1,0.0
422,14.0667,1,mask,,13.9149,14.5427,14.0827,1.5063,,,,,47,0.9592,0.3785,0.0091,13.0,48.0,32.11,0,0.8254,1,0.0
423,14.1,1,mask,,13.9614,14.3514,13.8914,-5.7395,,,,,46,0.9583,0.3824,0.0184,13.0,46.0,32.4,0,0.8177,1,0.0
424,14.1333,1,mask,,13.975,14.2197,13.7596,-3.9518,,,,,46,0.9583,0.4089,0.0191,13.0,46.0,32.39,0,0.8124,1,0.0
425,14.1667,1,mask,,14.0251,14.134,13.674,-2.5687,,,,,44,0.88,0.3805,0.024,13.0,45.0,32.47,0,0.7812,1,0.0
426,14.2,1,mask,,14.7511,14.0784,13.6183,-1.6697,,,,,48,1.0,0.4686,0.0202,13.0,47.0,32.41,0,0.8263,1,0.0
427,14.2333,1,mask,,15.4091,14.0597,13.5997,-0.5598,,,,,43,0.8958,0.3636,0.0037,13.0,43.0,31.62,0,0.7827,1,0.0
428,14.2667,1,mask,,14.6914,14.2808,13.8208,6.6328,,,,,48,1.0,0.4788,0.0157,13.0,47.0,31.63,0,0.8242,1,0.0
429,14.3,1,mask,,14.6359,14.4245,13.9645,4.3113,,,,,49,0.9608,0.5447,0.0014,14.0,71.0,31.89,0,0.806,1,0.0
430,14.3333,1,mask,,14.6256,14.5179,14.0579,2.8024,,,,,49,0.9608,0.537,0.0011,14.0,71.0,31.83,0,0.8075,1,0.0
431,14.3667,1,mask,,14.6359,14.5592,14.0992,1.2386,,,,,49,0.9608,0.5447,0.0014,14.0,71.0,31.88,0,0.806,1,0.0
432,14.4,1,mask,,15.3382,14.5861,14.126,0.8051,,,,,37,0.881,0.2416,0.0051,13.0,38.0,32.22,0,0.7626,1,0.0
433,14.4333,1,mask,,14.3175,14.6035,14.1435,0.5233,,,,,56,1.0,0.431,0.0087,14.0,73.0,32.83,0,0.8871,1,0.0
434,14.4667,1,mask,,14.3823,14.6112,14.1512,0.2315,,,,,57,1.0,0.437,0.0181,14.0,73.0,32.8,0,0.8926,1,0.0
435,14.5,1,mask,,16.139,14.6199,14.1598,0.2591,,,,,41,0.8367,0.2516,0.0408,14.0,40.0,34.82,0,0.774,1,0.0
436,14.5333,1,mask,,14.3915,14.5399,14.0799,-2.3976,,,,,53,1.0,0.4718,0.0222,14.0,74.0,33.82,0,0.859,1,0.0
437,14.5667,1,mask,,14.3185,14.4848,14.0247,-1.655,,,,,55,1.0,0.4068,0.0075,14.0,74.0,34.57,0,0.8853,1,0.0
438,14.6,1,mask,,16.1041,14.4521,13.9921,-0.9792,,,,,42,0.875,0.3065,0.0473,14.0,41.0,34.01,0,0.7812,1,0.0
439,14.6333,1,mask,,15.8912,14.9558,14.4958,15.1107,,,,,42,0.8936,0.257,0.0238,13.0,42.0,34.21,0,0.7967,1,0.0
440,14.6667,1,mask,,16.0718,15.2832,14.8232,9.8219,,,,,42,0.875,0.2787,0.0197,13.0,42.0,34.96,0,0.7868,1,0.0
441,14.7,1,mask,,16.1638,15.5592,15.0992,8.2795,,,,,43,0.8269,0.2566,0.0313,14.0,43.0,35.74,0,0.7834,1,0.0
442,14.7333,1,mask,,16.1196,15.7499,15.2899,5.7212,,,,,44,0.8302,0.2832,0.0243,14.0,43.0,35.68,0,0.7858,1,0.0
443,14.7667,1,mask,,14.5699,15.8626,15.4025,3.3793,,,,,54,1.0,0.5359,0.0128,14.0,53.0,35.74,0,0.8528,1,0.0
444,14.8,1,mask,,14.3828,15.9358,15.4757,2.1965,,,,,52,0.963,0.4741,0.008,14.0,78.0,35.96,0,0.8407,1,0.0
445,14.8333,1,mask,,15.068,15.6321,15.172,-9.1112,,,,,47,0.8393,0.3322,0.0204,14.0,46.0,35.84,0,0.7987,1,0.0
446,14.8667,1,mask,,14.4049,15.2603,14.8003,-11.1526,,,,,43,0.7679,0.3051,0.0398,14.0,69.0,35.84,0,0.756,1,0.0
447,14.9,1,mask,,13.9806,14.9609,14.5009,-8.9823,,,,,51,1.0,0.5569,0.0127,14.0,55.0,35.69,0,0.8286,1,0.0
448,14.9333,1,mask,,13.9011,14.7586,14.2985,-6.0703,,,,,52,1.0,0.5561,0.0005,14.0,55.0,35.75,0,0.8354,1,0.0
449,14.9667,1,mask,,13.8569,14.4863,14.0262,-8.169,,,,,52,1.0,0.5475,0.0022,14.0,55.0,35.75,0,0.8372,1,0.0
450,15.0,1,mask,,14.8644,14.3093,13.8492,-5.3098,,,,,44,0.8627,0.241,0.0278,14.0,44.0,35.66,0,0.804,1,0.0
451,15.0333,1,mask,,14.6417,14.1942,13.7342,-3.4514,,,,,46,0.8846,0.2633,0.0291,14.0,69.0,35.56,0,0.8194,1,0.0
452,15.0667,1,mask,,14.5091,14.3044,13.8444,3.3058,,,,,47,0.8868,0.2532,0.0318,14.0,69.0,35.55,0,0.8287,1,0.0
453,15.1,1,mask,,14.9624,14.4225,13.9624,3.5409,,,,,43,0.8776,0.2266,0.0395,14.0,44.0,35.62,0,0.8046,1,0.0
454,15.1333,1,mask,,13.8546,14.4992,14.0391,2.3016,,,,,59,1.0,0.559,0.0427,16.0,81.0,35.68,0,0.8815,1,0.0
455,15.1667,1,mask,,14.9458,14.549,14.089,1.4961,,,,,44,0.898,0.2798,0.0343,14.0,44.0,35.69,0,0.8068,1,0.0
456,15.2,1,mask,,14.7331,14.6135,14.1534,1.9329,,,,,44,0.8627,0.1975,0.0356,14.0,45.0,36.3,0,0.8127,1,0.0
457,15.2333,1,mask,,14.5959,14.6553,14.1953,1.2564,,,,,44,0.8627,0.2717,0.0314,14.0,45.0,36.09,0,0.7978,1,0.0
458,15.2667,1,mask,,14.4599,14.6346,14.1745,-0.6237,,,,,44,0.8627,0.3038,0.0263,14.0,45.0,36.08,0,0.7914,1,0.0
459,15.3,1,mask,,13.3268,14.621,14.161,-0.4054,,,,,51,1.0,0.3838,0.007,14.0,58.0,34.6,0,0.8632,1,0.0
460,15.3333,1,mask,,13.3628,14.5646,14.1046,-1.6921,,,,,52,1.0,0.4121,0.0053,14.0,58.0,34.59,0,0.8643,1,0.0
461,15.3667,1,mask,,13.4139,14.1619,13.7018,-12.0829,,,,,52,1.0,0.4218,0.0172,14.0,59.0,34.64,0,0.8623,1,0.0
462,15.4,1,mask,,13.143,13.8822,13.4221,-8.3905,,,,,44,0.9167,0.2949,0.0086,14.0,56.0,36.06,0,0.8094,1,0.0
463,15.4333,1,mask,,13.7871,13.7004,13.2403,-5.4539,,,,,44,0.8627,0.2621,0.0202,14.0,47.0,35.72,0,0.7997,1,0.0
464,15.4667,1,mask,,12.6948,13.5822,13.1222,-3.545,,,,,52,0.9811,0.4027,0.0037,14.0,60.0,35.72,0,0.8605,1,0.0
465,15.5,1,mask,,12.9042,13.4285,12.9685,-4.6117,,,,,63,1.0,0.4427,0.0199,15.0,87.0,36.16,0,0.9115,1,0.0
466,15.5333,1,mask,,13.4344,13.3286,12.8685,-2.9976,,,,,45,0.8491,0.276,0.0346,15.0,75.0,35.82,0,0.7995,1,0.0
467,15.5667,1,mask,,13.4753,13.3656,12.9056,1.1113,,,,,48,0.8889,0.2839,0.024,15.0,75.0,35.81,0,0.8299,1,0.0
468,15.6,1,mask,,12.3586,13.2041,12.7441,-4.8449,,,,,50,0.9804,0.3889,0.0003,15.0,88.0,36.13,0,0.8497,1,0.0
469,15.6333,1,mask,,12.5981,13.0992,12.6391,-3.1492,,,,,48,0.96,0.3511,0.0068,15.0,88.0,36.35,0,0.8378,1,0.0
470,15.6667,1,mask,,12.4945,12.9238,12.4637,-5.2612,,,,,73,0.9865,0.4043,0.039,15.0,89.0,36.35,0,0.9151,1,0.0
471,15.7,1,mask,,12.4234,12.7735,12.3135,-4.5077,,,,,52,1.0,0.4019,0.0149,15.0,86.0,36.29,0,0.8663,1,0.0
472,15.7333,1,mask,,12.5821,12.6759,12.2158,-2.93,,,,,56,1.0,0.4298,0.0174,15.0,87.0,36.32,0,0.8874,1,0.0
473,15.7667,1,mask,,13.3669,12.643,12.183,-0.9845,,,,,46,0.8679,0.294,0.014,15.0,52.0,36.35,0,0.8082,1,0.0
474,15.8,1,mask,,13.2515,12.6217,12.1617,-0.6399,,,,,45,0.8824,0.2849,0.006,15.0,47.0,36.82,0,0.8077,1,0.0
475,15.8333,1,mask,,12.5603,12.6079,12.1478,-0.4159,,,,,50,0.9615,0.3494,0.0229,15.0,87.0,36.9,0,0.8519,1,0.0
476,15.8667,1,mask,,13.0168,12.751,12.2909,4.2942,,,,,49,0.8596,0.257,0.0223,15.0,54.0,37.0,0,0.8332,1,0.0
477,15.9,1,mask,,12.4926,12.844,12.384,2.7912,,,,,49,0.9245,0.2789,0.0194,15.0,88.0,36.74,0,0.8482,1,0.0
478,15.9333,1,mask,,12.2553,12.7447,12.2847,-2.9792,,,,,51,0.9444,0.3286,0.0077,15.0,89.0,36.75,0,0.8576,1,0.0
479,15.9667,1,mask,,12.5363,12.6718,12.2117,-2.1883,,,,,58,0.9062,0.2805,0.0387,15.0,80.0,36.78,0,0.9024,1,0.0
480,16.0,1,mask,,12.0491,12.6091,12.149,-1.881,,,,,86,0.9348,0.3431,0.052,16.0,92.0,36.89,0,0.9118,1,0.0
481,16.0333,1,mask,,12.3828,12.5299,12.0698,-2.3762,,,,,74,0.8315,0.2629,0.0734,16.0,81.0,36.91,0,0.8969,1,0.0
482,16.0667,1,mask,,12.3437,12.4647,12.0046,-1.9554,,,,,80,0.8889,0.3245,0.0674,17.0,83.0,36.93,0,0.9018,1,0.0
483,16.1,1,mask,,12.0264,12.4223,11.9623,-1.271,,,,,77,0.8462,0.2401,0.0703,16.0,82.0,36.83,0,0.9058,1,0.0
484,16.1333,1,mask,,12.4582,12.3948,11.9347,-0.8261,,,,,52,0.9123,0.2208,0.0194,15.0,51.0,36.71,0,0.8762,1,0.0
485,16.1667,1,mask,,12.0446,12.3769,11.9168,-0.537,,,,,82,0.8817,0.266,0.0603,16.5,95.0,36.8,0,0.9113,1,0.0
486,16.2,1,mask,,11.9379,12.2606,11.8006,-3.4888,,,,,84,0.8842,0.2624,0.0634,16.0,86.0,36.94,0,0.9128,1,0.0
487,16.2333,1,mask,,12.2696,12.185,11.725,-2.2677,,,,,50,0.8772,0.2124,0.007,15.0,51.0,37.03,0,0.854,1,0.0
488,16.2667,1,mask,,11.8779,12.1359,11.6758,-1.474,,,,,56,1.0,0.336,0.003,15.0,64.0,37.12,0,0.9061,1,0.0
489,16.3,1,mask,,11.0399,12.0666,11.6065,-2.0786,,,,,58,0.9831,0.44,0.0148,15.0,63.0,37.47,0,0.8936,1,0.0
490,16.3333,1,mask,,11.2096,12.0006,11.5405,-1.9809,,,,,56,0.9655,0.4142,0.0035,15.0,63.0,37.34,0,0.8802,1,0.0
491,16.3667,1,mask,,11.9665,11.9576,11.4976,-1.2876,,,,,51,0.8793,0.2372,0.0023,15.0,50.0,37.51,0,0.8564,1,0.0
492,16.4,1,mask,,11.9144,11.9297,11.4697,-0.8369,,,,,50,0.8929,0.2079,0.0245,15.0,49.0,37.17,0,0.8596,1,0.0
493,16.4333,1,mask,,11.0798,11.6777,11.2177,-7.561,,,,,60,1.0,0.3788,0.0006,15.0,66.0,37.7,0,0.9242,1,0.0
494,16.4667,1,mask,,11.0011,11.5139,11.0538,-4.9147,,,,,60,1.0,0.3892,0.0056,15.0,66.0,37.89,0,0.9222,1,0.0
495,16.5,1,mask,,11.1503,11.3866,10.9266,-3.8175,,,,,90,0.9474,0.3781,0.0588,17.0,99.0,38.4,0,0.9086,1,0.0
496,16.5333,1,mask,,10.8883,11.2792,10.8192,-3.2217,,,,,62,1.0,0.4107,0.0072,15.0,67.0,38.68,0,0.9179,1,0.0
497,16.5667,1,mask,,10.8268,11.1819,10.7218,-2.9208,,,,,60,1.0,0.3692,0.0242,15.0,66.0,38.67,0,0.9262,1,0.0
498,16.6,1,mask,,10.6105,11.0791,10.6191,-3.0827,,,,,96,0.9697,0.3628,0.052,17.0,101.0,38.07,0,0.9183,1,0.0
499,16.6333,1,mask,,11.0929,11.0123,10.5523,-2.0038,,,,,81,0.8265,0.2248,0.0681,16.0,86.0,38.13,0,0.903,1,0.0
500,16.6667,1,mask,,11.0897,10.9689,10.5089,-1.3025,,,,,84,0.866,0.2648,0.065,16.5,87.0,38.17,0,0.9068,1,0.0
501,16.7,1,mask,,10.9345,10.9569,10.4968,-0.3613,,,,,83,0.883,0.283,0.0644,17.0,89.0,37.75,0,0.9083,1,0.0
502,16.7333,1,mask,,10.9939,10.9698,10.5098,0.3884,,,,,84,0.8936,0.3024,0.0631,17.0,89.0,37.85,0,0.9076,1,0.0
503,16.7667,1,mask,,10.979,10.9782,10.5182,0.2525,,,,,82,0.8723,0.3113,0.0624,16.5,89.0,37.91,0,0.8994,1,0.0
504,16.8,1,mask,,10.6104,10.9785,10.5184,0.0079,,,,,84,0.875,0.2918,0.0623,16.0,90.0,37.59,0,0.9041,1,0.0
505,16.8333,1,mask,,10.2123,10.9631,10.5031,-0.4619,,,,,93,0.9789,0.4198,0.0444,17.0,105.0,37.54,0,0.9097,1,0.0
506,16.8667,1,mask,,10.4069,10.8397,10.3796,-3.703,,,,,92,0.9109,0.2963,0.06,17.0,103.0,37.56,0,0.914,1,0.0
507,16.9,1,mask,,10.3093,10.6882,10.2281,-4.5445,,,,,87,0.9062,0.3435,0.0609,17.0,104.0,37.17,0,0.9032,1,0.0
508,16.9333,1,mask,,10.2478,10.5556,10.0955,-3.9778,,,,,96,0.9412,0.393,0.0591,17.0,105.0,37.08,0,0.9037,1,0.0
509,16.9667,1,mask,,10.3431,10.4694,10.0094,-2.5856,,,,,94,0.9216,0.3719,0.0645,17.0,103.0,37.25,0,0.9021,1,0.0
510,17.0,1,mask,,10.6005,10.4252,9.9652,-1.326,,,,,55,0.873,0.2806,0.0409,15.0,86.0,37.27,0,0.8725,1,0.0
511,17.0333,1,mask,,10.2548,10.3847,9.9246,-1.2165,,,,,87,0.8969,0.3427,0.059,16.0,106.0,37.8,0,0.9005,1,0.0
512,17.0667,1,mask,,10.2117,10.3392,9.8792,-1.3633,,,,,89,0.89,0.2943,0.0612,16.0,93.0,37.76,0,0.9081,1,0.0
513,17.1,1,mask,,9.8487,10.3097,9.8496,-0.8862,,,,,94,0.8624,0.2711,0.0669,16.5,93.0,37.32,0,0.9045,1,0.0
514,17.1333,1,mask,,10.1868,10.2754,9.8153,-1.0286,,,,,55,0.8871,0.2889,0.0216,15.0,54.0,37.38,0,0.875,1,0.0
515,17.1667,1,mask,,9.9602,10.2444,9.7843,-0.9306,,,,,69,0.8961,0.3061,0.0515,16.0,93.0,37.36,0,0.9076,1,0.0
516,17.2,1,mask,,9.8223,10.1449,9.6849,-2.9838,,,,,53,0.803,0.2032,0.0327,15.0,88.0,37.52,0,0.8536,1,0.0
517,17.2333,1,mask,,10.0004,10.0803,9.6202,-1.9395,,,,,55,0.8871,0.2703,0.0161,15.0,54.0,37.63,0,0.8787,1,0.0
518,17.2667,1,mask,,9.5973,10.0382,9.5782,-1.2607,,,,,87,0.8788,0.2859,0.0621,16.0,94.0,37.69,0,0.9065,1,0.0
519,17.3,1,mask,,9.5647,9.9626,9.5026,-2.2675,,,,,86,0.8776,0.2885,0.0569,17.0,95.0,38.16,0,0.9056,1,0.0
520,17.3333,1,mask,,9.5945,9.8348,9.3747,-3.8367,,,,,87,0.8969,0.3162,0.0569,17.0,95.0,38.07,0,0.9058,1,0.0
521,17.3667,1,mask,,9.7678,9.7516,9.2916,-2.4938,,,,,59,0.9077,0.2658,0.0313,16.0,58.0,38.1,0,0.9125,1,0.0
522,17.4,1,mask,,9.3347,9.6966,9.2366,-1.6502,,,,,82,0.8817,0.2882,0.055,17.0,97.0,37.56,0,0.9069,1,0.0
523,17.4333,1,mask,,9.2988,9.6504,9.1904,-1.3857,,,,,84,0.866,0.2808,0.0556,16.5,96.0,37.84,0,0.9036,1,0.0
524,17.4667,1,mask,,9.3276,9.5399,9.0799,-3.3155,,,,,84,0.875,0.268,0.0552,16.0,96.0,37.76,0,0.9089,1,0.0
525,17.5,1,mask,,9.0651,9.4656,9.0056,-2.2295,,,,,88,0.9072,0.2907,0.0594,16.0,111.0,38.03,0,0.914,1,0.0
526,17.5333,1,mask,,9.2268,9.4072,8.9472,-1.7519,,,,,84,0.8842,0.27,0.0567,16.0,97.0,38.18,0,0.9113,1,0.0
527,17.5667,1,mask,,9.2037,9.3441,8.884,-1.8939,,,,,85,0.8854,0.271,0.0553,16.0,97.0,38.16,0,0.9114,1,0.0
528,17.6,1,mask,,8.8874,9.2949,8.8349,-1.4744,,,,,79,0.8876,0.2951,0.0521,17.0,97.0,37.4,0,0.9073,1,0.0
529,17.6333,1,mask,,8.992,9.2145,8.7545,-2.4128,,,,,71,0.8659,0.2675,0.0511,17.0,96.0,37.65,0,0.9063,1,0.0
530,17.6667,1,mask,,8.7215,9.1366,8.6766,-2.3367,,,,,95,0.8962,0.3002,0.0695,17.0,97.0,37.68,0,0.9088,1,0.0
531,17.7,1,mask,,8.5117,9.0494,8.5893,-2.617,,,,,78,0.8966,0.2819,0.0503,17.0,114.0,37.46,0,0.9126,1,0.0
532,17.7333,1,mask,,8.5482,8.9346,8.4746,-3.443,,,,,76,0.8736,0.2752,0.0492,17.0,98.0,37.12,0,0.907,1,0.0
533,17.7667,1,mask,,8.5491,8.7997,8.3396,-4.0483,,,,,76,0.8736,0.2722,0.0502,17.0,98.0,37.14,0,0.9076,1,0.0
534,17.8,1,mask,,7.773,8.7117,8.2516,-2.6405,,,,,67,0.9306,0.272,0.0493,16.0,66.0,36.44,0,0.9248,1,0.0
535,17.8333,1,mask,,7.6167,8.6417,8.1816,-2.0999,,,,,69,0.9324,0.2511,0.044,16.0,115.0,36.36,0,0.9295,1,0.0
536,17.8667,1,mask,,7.4414,8.3376,7.8776,-9.1207,,,,,90,0.8911,0.413,0.0533,16.0,116.0,36.26,0,0.8847,1,0.0
537,17.9,1,mask,,7.2621,8.0853,7.6252,-7.5702,,,,,84,0.8317,0.2952,0.0649,17.0,97.0,35.84,0,0.8905,1,0.0
538,17.9333,1,mask,,7.0689,7.8599,7.3999,-6.761,,,,,87,0.8614,0.3218,0.0612,17.0,97.0,35.81,0,0.8941,1,0.0
539,17.9667,1,mask,,7.0558,7.6507,7.1907,-6.2768,,,,,88,0.8544,0.3398,0.0638,17.0,97.0,36.0,0,0.8884,1,0.0
540,18.0,1,mask,,6.7039,7.4471,6.987,-6.1091,,,,,101,0.9266,0.3787,0.0498,17.0,119.0,36.03,0,0.9022,1,0.0
541,18.0333,1,mask,,6.4583,7.3101,6.8501,-4.1082,,,,,97,0.8981,0.3224,0.0505,17.0,105.0,35.98,0,0.905,1,0.0
542,18.0667,1,mask,,6.5576,7.098,6.6379,-6.3651,,,,,94,0.8624,0.2636,0.0593,17.0,106.0,35.89,0,0.906,1,0.0
543,18.1,1,mask,,6.1906,6.9088,6.4488,-5.6732,,,,,105,0.9211,0.3741,0.0541,17.0,111.0,35.51,0,0.9015,1,0.0
544,18.1333,1,mask,,6.1173,6.7511,6.2911,-4.7311,,,,,105,0.913,0.3778,0.0565,17.0,112.0,35.45,0,0.8984,1,0.0
545,18.1667,1,mask,,6.0374,6.555,6.0949,-5.8854,,,,,104,0.9123,0.3965,0.0559,17.0,112.0,35.41,0,0.8944,1,0.0
546,18.2,1,mask,,5.9521,6.4018,5.9417,-4.5955,,,,,115,0.9914,0.4836,0.0537,18.0,120.0,35.48,0,0.9007,1,0.0
547,18.2333,1,mask,,6.2364,6.3022,5.8422,-2.9871,,,,,94,0.8785,0.2874,0.0614,17.0,120.0,35.62,0,0.9061,1,0.0
548,18.2667,1,mask,,6.2597,6.2375,5.7774,-1.9416,,,,,94,0.8868,0.2945,0.0622,17.0,120.0,35.58,0,0.9071,1,0.0
549,18.3,1,mask,,5.9023,6.1675,5.7074,-2.1012,,,,,85,0.9551,0.315,0.049,18.0,122.0,35.59,0,0.9235,1,0.0
550,18.3333,1,mask,,5.881,6.0921,5.632,-2.2613,,,,,86,0.9556,0.3115,0.0518,18.0,121.0,35.73,0,0.9244,1,0.0
551,18.3667,1,mask,,5.8977,6.0257,5.5656,-1.9926,,,,,89,0.957,0.3471,0.0515,18.0,121.0,36.15,0,0.9177,1,0.0
552,18.4,1,mask,,6.2479,5.9825,5.5224,-1.2952,,,,,74,0.9024,0.2611,0.0406,17.0,123.0,36.47,0,0.9185,1,0.0
553,18.4333,1,mask,,5.6896,5.9528,5.4928,-0.8899,,,,,99,0.9706,0.3725,0.0507,18.0,124.0,36.39,0,0.9167,1,0.0
554,18.4667,1,mask,,5.8259,5.9277,5.4676,-0.7541,,,,,97,0.951,0.3263,0.0548,17.0,124.0,36.3,0,0.92,1,0.0
555,18.5,1,mask,,5.4478,5.8921,5.432,-1.0685,,,,,87,0.9355,0.2623,0.0507,17.0,125.0,36.41,0,0.9282,1,0.0
556,18.5333,1,mask,,5.5361,5.8212,5.3611,-2.126,,,,,86,0.9348,0.2681,0.0524,17.0,125.0,36.33,0,0.9268,1,0.0
557,18.5667,1,mask,,5.5577,5.729,5.2689,-2.767,,,,,90,0.9677,0.3187,0.0521,17.0,125.0,36.33,0,0.9266,1,0.0
558,18.6,1,mask,,5.435,5.6614,5.2014,-2.0254,,,,,86,0.9149,0.2569,0.0446,17.0,126.0,36.67,0,0.9231,1,0.0
559,18.6333,1,mask,,4.9171,5.5867,5.1266,-2.2428,,,,,67,0.9054,0.2617,0.0325,17.0,86.0,36.28,0,0.9193,1,0.0
560,18.6667,1,mask,,5.2526,5.5336,5.0735,-1.593,,,,,90,0.9574,0.3903,0.0515,17.0,127.0,36.33,0,0.9092,1,0.0
561,18.7,1,mask,,5.007,5.4353,4.9752,-2.9499,,,,,87,0.9158,0.36,0.0542,17.0,128.0,35.81,0,0.9027,1,0.0
562,18.7333,1,mask,,4.9204,5.2854,4.8253,-4.4964,,,,,89,0.9674,0.4225,0.0472,17.0,127.0,35.76,0,0.9057,1,0.0
563,18.7667,1,mask,,5.2253,5.1879,4.7279,-2.9227,,,,,89,0.9271,0.3408,0.058,17.0,124.0,35.81,0,0.91,1,0.0
564,18.8,1,mask,,4.7473,5.1246,4.6646,-1.8997,,,,,105,0.9633,0.4437,0.0547,17.0,129.0,35.03,0,0.9002,1,0.0
565,18.8333,1,mask,,4.5787,5.0531,4.5931,-2.1442,,,,,93,0.8774,0.3521,0.0573,17.0,124.0,34.31,0,0.8928,1,0.0
566,18.8667,1,mask,,4.1415,4.9461,4.4861,-3.2112,,,,,107,0.9386,0.4214,0.0432,17.0,120.0,34.17,0,0.8973,1,0.0
567,18.9,1,mask,,5.3616,4.8765,4.4165,-2.0873,,,,,71,0.8161,0.2606,0.0386,17.0,110.0,34.71,0,0.8927,1,0.0
568,18.9333,1,mask,,5.2876,4.8313,4.3713,-1.3567,,,,,74,0.8222,0.2504,0.04,17.0,110.0,34.78,0,0.8966,1,0.0
569,18.9667,1,mask,,5.2434,4.9756,4.5155,4.3274,,,,,75,0.8427,0.2872,0.0373,16.0,110.0,34.69,0,0.8954,1,0.0
570,19.0,1,mask,,3.8182,5.0693,4.6093,2.8128,,,,,106,1.0,0.5471,0.0357,18.0,131.0,35.89,0,0.8906,1,0.0
571,19.0333,1,mask,,3.3945,5.1303,4.6702,1.8283,,,,,95,0.9406,0.4043,0.0213,17.0,100.0,36.31,0,0.9013,1,0.0
572,19.0667,1,mask,,3.5181,4.671,4.211,-13.7768,,,,,82,0.988,0.2911,0.0084,17.0,90.0,36.34,0,0.9382,1,0.0
573,19.1,1,mask,,3.7969,4.3651,3.905,-9.1788,,,,,70,0.7955,0.23,0.0366,17.0,69.0,36.48,0,0.8926,1,0.0
574,19.1333,1,mask,,3.7825,4.1612,3.7011,-6.1169,,,,,71,0.8068,0.2395,0.0369,17.0,70.0,36.45,0,0.8941,1,0.0
575,19.1667,1,mask,,3.5323,3.9411,3.481,-6.6027,,,,,74,0.8409,0.2615,0.0249,17.0,90.0,36.64,0,0.9,1,0.0
576,19.2,1,mask,,2.8065,3.798,3.338,-4.2917,,,,,81,0.9529,0.3577,0.0341,18.0,93.0,36.12,0,0.9143,1,0.0
577,19.2333,1,mask,,2.5669,3.705,3.245,-2.7896,,,,,85,0.9239,0.286,0.0414,17.0,97.0,35.58,0,0.92,1,0.0
578,19.2667,1,mask,,2.598,3.3905,2.9305,-9.435,,,,,86,0.9247,0.3209,0.0421,17.5,98.0,35.68,0,0.9132,1,0.0
579,19.3,1,mask,,2.5885,3.1131,2.6531,-8.3221,,,,,80,0.7619,0.1869,0.0614,18.0,109.0,35.56,0,0.8912,1,0.0
580,19.3333,1,mask,,2.3816,2.9295,2.4695,-5.5092,,,,,87,0.8286,0.2647,0.0534,18.0,109.0,35.29,0,0.8956,1,0.0
581,19.3667,1,mask,,2.2142,2.8026,2.3425,-3.8072,,,,,98,0.9333,0.3112,0.0472,18.5,109.0,34.86,0,0.9178,1,0.0
582,19.4,1,mask,,2.3073,2.6553,2.1952,-4.4203,,,,,89,0.9082,0.2703,0.0388,18.0,110.0,34.28,0,0.9184,1,0.0
583,19.4333,1,mask,,2.045,2.5335,2.0734,-3.6539,,,,,98,0.9159,0.3228,0.0465,19.0,111.0,34.25,0,0.9102,1,0.0
584,19.4667,1,mask,,1.96,2.4217,1.9617,-3.3525,,,,,102,0.9714,0.3424,0.0442,18.0,111.0,34.16,0,0.923,1,0.0
585,19.5,1,mask,,1.9706,2.2898,1.8298,-3.9558,,,,,102,0.9273,0.3564,0.039,18.0,114.0,33.17,0,0.9069,1,0.0
586,19.5333,1,mask,,2.0801,2.2041,1.7441,-2.5713,,,,,92,0.8519,0.2883,0.0367,18.0,114.0,33.11,0,0.8979,1,0.0
587,19.5667,1,mask,,1.7055,2.1224,1.6623,-2.4524,,,,,109,0.982,0.43,0.0353,18.0,118.0,33.36,0,0.9086,1,0.0
588,19.6,1,mask,,1.3115,2.0655,1.6055,-1.7054,,,,,107,0.9554,0.3456,0.0304,18.0,112.0,34.11,0,0.9175,1,0.0
589,19.6333,1,mask,,1.2431,1.9395,1.4795,-3.7808,,,,,111,0.9823,0.3469,0.0327,18.0,118.0,34.62,0,0.9253,1,0.0
590,19.6667,1,mask,,1.2924,1.7197,1.2597,-6.5937,,,,,105,0.9906,0.3654,0.0301,18.0,111.0,35.01,0,0.9241,1,0.0
591,19.7,1,mask,,0.9927,1.5702,1.1101,-4.4865,,,,,101,0.9352,0.2536,0.0456,17.0,118.0,33.41,0,0.9298,1,0.0
592,19.7333,1,mask,,1.1302,1.4557,0.9957,-3.4339,,,,,104,0.9811,0.2884,0.0352,18.0,111.0,33.67,0,0.9367,1,0.0
593,19.7667,1,mask,,1.121,1.3418,0.8817,-3.4178,,,,,102,0.9533,0.2945,0.0402,18.0,111.0,33.53,0,0.9271,1,0.0
594,19.8,1,mask,,1.2623,1.2677,0.8077,-2.2216,,,,,85,0.9341,0.2671,0.039,17.0,100.0,35.47,0,0.9268,1,0.0
595,19.8333,1,mask,,0.8309,1.2164,0.7563,-1.5407,,,,,89,1.0,0.489,0.0099,18.0,102.0,34.19,0,0.9022,1,0.0
596,19.8667,1,mask,,0.9434,1.183,0.7229,-1.0015,,,,,96,0.9231,0.2853,0.0419,17.0,111.0,34.18,0,0.9199,1,0.0
597,19.9,1,mask,,0.7813,1.0991,0.6391,-2.516,,,,,96,0.932,0.3943,0.0433,17.5,110.0,34.5,0,0.9007,1,0.0
598,19.9333,1,mask,,1.0539,1.0446,0.5846,-1.6354,,,,,88,0.8713,0.2879,0.0443,17.0,108.0,34.38,0,0.9038,1,0.0
599,19.9667,1,mask,,1.1201,1.0092,0.5491,-1.063,,,,,89,0.8812,0.3042,0.046,18.0,108.0,34.38,0,0.9035,1,0.0
600,20.0,1,mask,,0.6795,0.9862,0.5261,-0.691,,,,,88,1.0,0.5019,0.0376,20.0,144.0,34.95,0,0.8996,1,0.0
601,20.0333,1,mask,,0.7171,0.9145,0.4544,-2.1509,,,,,83,0.9121,0.3657,0.0522,20.0,145.0,34.7,0,0.9005,1,0.0
602,20.0667,1,mask,,0.798,0.8737,0.4136,-1.2233,,,,,71,0.8987,0.3802,0.0349,20.0,145.0,35.11,0,0.8936,1,0.0
603,20.1,1,mask,,0.6446,0.8189,0.3588,-1.6437,,,,,65,0.8667,0.3923,0.0379,19.0,144.0,35.53,0,0.8815,1,0.0
604,20.1333,1,mask,,0.9728,0.7833,0.3232,-1.0684,,,,,69,0.7753,0.1985,0.0882,18.0,81.0,35.73,0,0.8929,1,0.0
605,20.1667,1,mask,,0.0272,0.7601,0.3001,-0.6945,,,,,70,1.0,0.5825,0.0146,19.0,100.0,36.16,0,0.8835,1,0.0
606,20.2,1,mask,,0.5321,0.7197,0.2596,-1.2131,,,,,81,0.81,0.1974,0.0647,18.0,85.0,36.25,0,0.9035,1,0.0
607,20.2333,1,mask,,-0.2163,0.654,0.194,-1.9692,,,,,89,1.0,0.4771,0.0476,19.0,105.0,35.94,0,0.9046,1,0.0
608,20.2667,1,mask,,-0.0617,0.4347,-0.0254,-6.5818,,,,,86,1.0,0.4054,0.0411,18.0,101.0,36.05,0,0.9189,1,0.0
609,20.3,1,mask,,-0.7392,0.2609,-0.1991,-5.2117,,,,,104,1.0,0.4557,0.041,21.0,148.0,35.65,0,0.9089,1,0.0
610,20.3333,1,mask,,-0.5734,0.0939,-0.3661,-5.0109,,,,,103,0.9717,0.3483,0.0491,20.0,149.0,35.62,0,0.9219,1,0.0
611,20.3667,1,mask,,-0.5396,-0.1278,-0.5879,-6.652,,,,,104,0.972,0.3555,0.048,20.0,149.0,35.26,0,0.9205,1,0.0
612,20.4,1,mask,,-0.933,-0.2838,-0.7438,-4.6781,,,,,116,1.0,0.4198,0.0369,19.0,126.0,37.23,0,0.916,1,0.0
613,20.4333,1,mask,,-1.0206,-0.4432,-0.9032,-4.7817,,,,,121,1.0,0.4202,0.0304,19.0,127.0,37.67,0,0.916,1,0.0
614,20.4667,1,mask,,-0.8059,-0.5701,-1.0302,-3.8092,,,,,112,0.9655,0.4144,0.052,20.0,126.0,37.51,0,0.9068,1,0.0
615,20.5,1,mask,,-1.1172,-0.6972,-1.1572,-3.8106,,,,,117,0.9915,0.4517,0.0523,20.0,127.0,38.77,0,0.9071,1,0.0
616,20.5333,1,mask,,-0.6479,-0.7797,-1.2398,-2.4769,,,,,91,0.9381,0.3402,0.0281,19.0,105.0,38.12,0,0.9134,1,0.0
617,20.5667,1,mask,,-0.9181,-0.8281,-1.2882,-1.4529,,,,,102,0.9107,0.3578,0.039,20.0,111.0,38.51,0,0.9016,1,0.0
618,20.6,1,mask,,-1.1922,-0.8596,-1.3197,-0.9444,,,,,109,1.0,0.5019,0.0227,20.0,128.0,39.14,0,0.8996,1,0.0
619,20.6333,1,mask,,-1.5466,-0.9498,-1.4098,-2.7047,,,,,116,1.0,0.4667,0.0389,20.0,127.0,38.97,0,0.9067,1,0.0
620,20.6667,1,mask,,-1.3178,-1.0346,-1.4947,-2.545,,,,,118,0.9752,0.4039,0.0428,20.0,128.0,38.92,0,0.9118,1,0.0
621,20.7,1,mask,,-0.9377,-1.0898,-1.5498,-1.6542,,,,,90,0.8738,0.3073,0.0581,20.0,122.0,38.81,0,0.9007,1,0.0
622,20.7333,1,mask,,-1.1333,-1.1256,-1.5856,-1.0752,,,,,96,0.9143,0.3321,0.0427,20.0,123.0,38.18,0,0.9079,1,0.0
623,20.7667,1,mask,,-0.59,-1.1283,-1.5883,-0.0807,,,,,82,0.8039,0.1938,0.0504,19.0,84.0,37.97,0,0.9024,1,0.0
624,20.8,1,mask,,-1.2598,-1.13,-1.5901,-0.0524,,,,,98,1.0,0.5238,0.0153,20.0,108.0,37.69,0,0.8952,1,0.0
625,20.8333,1,mask,,-1.2248,-1.1312,-1.5912,-0.0341,,,,,91,0.9681,0.3909,0.0277,20.0,105.0,39.01,0,0.9122,1,0.0
626,20.8667,1,mask,,-1.0034,-1.1319,-1.592,-0.0221,,,,,83,0.8737,0.2793,0.0618,19.0,106.0,39.06,0,0.9062,1,0.0
627,20.9,1,mask,,-1.3224,-1.1644,-1.6245,-0.9753,,,,,89,0.9082,0.4101,0.0548,20.0,109.0,38.97,0,0.8904,1,0.0
628,20.9333,1,mask,,-1.3327,-1.1978,-1.6579,-1.0018,,,,,88,0.8302,0.2529,0.0448,19.0,111.0,38.96,0,0.8985,1,0.0
629,20.9667,1,mask,,-0.6688,-1.2073,-1.6673,-0.2833,,,,,87,0.8056,0.1755,0.0735,21.0,98.0,38.7,0,0.9066,1,0.0
630,21.0,1,mask,,-1.4337,-1.2476,-1.7076,-1.2092,,,,,97,1.0,0.5978,0.0073,20.0,107.0,39.34,0,0.8804,1,0.0
631,21.0333,1,mask,,-0.9082,-1.2738,-1.7338,-0.786,,,,,78,0.8211,0.2838,0.0639,20.0,82.0,39.67,0,0.8896,1,0.0
632,21.0667,1,mask,,-1.0242,-1.1864,-1.6465,2.62,,,,,83,0.8646,0.3599,0.0619,20.0,106.0,39.84,0,0.8874,1,0.0
633,21.1,1,mask,,-0.8171,-1.089,-1.5491,2.9214,,,,,91,0.8505,0.2573,0.0566,20.0,90.0,39.6,0,0.9037,1,0.0
634,21.1333,1,mask,,-0.7893,-1.0257,-1.4858,1.8989,,,,,91,0.8505,0.2698,0.0532,20.0,90.0,39.53,0,0.9012,1,0.0
635,21.1667,1,mask,,-1.6703,-0.9846,-1.4446,1.2343,,,,,105,1.0,0.4996,0.0236,21.0,127.0,38.91,0,0.9001,1,0.0
636,21.2,1,mask,,-0.414,-0.926,-1.386,1.7589,,,,,72,0.8372,0.307,0.0555,20.0,88.0,40.05,0,0.8898,1,0.0
637,21.2333,1,mask,,-0.8833,-0.8879,-1.3479,1.1433,,,,,58,0.6744,0.1455,0.0366,20.0,79.0,41.11,0,0.8599,1,0.0
638,21.2667,1,mask,,-1.7245,-0.8863,-1.3463,0.048,,,,,76,1.0,0.5974,0.0017,20.0,111.0,41.09,0,0.8805,1,0.0
639,21.3,1,mask,,-0.5853,-0.8852,-1.3453,0.0312,,,,,90,0.8411,0.1637,0.0642,21.0,90.0,44.77,0,0.9196,1,0.0
640,21.3333,1,mask,,-0.6073,-0.788,-1.248,2.9177,,,,,89,0.8396,0.1797,0.0643,21.0,90.0,44.2,0,0.9159,1,0.0
641,21.3667,1,mask,,-0.6233,-0.7303,-1.1904,1.7293,,,,,89,0.8396,0.1741,0.0634,21.0,90.0,43.99,0,0.9171,1,0.0
642,21.4,1,mask,,-1.6559,-0.6929,-1.1529,1.124,,,,,68,0.8395,0.2192,0.0329,22.0,125.0,45.63,0,0.908,1,0.0
643,21.4333,1,mask,,-2.0295,-0.6685,-1.1286,0.7306,,,,,71,0.9595,0.5247,0.0056,21.0,117.0,47.35,0,0.8829,1,0.0
644,21.4667,1,mask,,-0.8637,-0.7368,-1.1969,-2.0495,,,,,78,0.75,0.1773,0.0687,21.0,91.0,47.43,0,0.8895,1,0.0
645,21.5,1,mask,,-1.0459,-0.845,-1.3051,-3.2458,,,,,93,0.8378,0.2548,0.0437,21.0,97.0,47.89,0,0.9004,1,0.0
646,21.5333,1,mask,,-1.038,-0.9153,-1.3754,-2.1098,,,,,94,0.8393,0.2515,0.0431,21.0,97.0,47.94,0,0.9015,1,0.0
647,21.5667,1,mask,,-1.3229,-0.961,-1.4211,-1.3714,,,,,102,0.8718,0.3116,0.0479,21.0,129.0,47.76,0,0.8992,1,0.0
648,21.6,1,mask,,-1.8687,-0.9908,-1.4508,-0.8914,,,,,86,0.7963,0.2558,0.0249,22.0,140.0,53.38,0,0.8877,1,0.0
649,21.6333,1,mask,,-1.8035,-1.107,-1.5671,-3.4876,,,,,119,0.9015,0.3541,0.0509,21.0,144.0,54.76,0,0.8996,1,0.0
650,21.6667,1,mask,,-1.7798,-1.3425,-1.8025,-7.0643,,,,,125,0.947,0.4314,0.0512,21.0,143.0,54.87,0,0.8978,1,0.0
651,21.7,1,mask,,-2.4891,-1.5039,-1.9639,-4.8408,,,,,117,1.0,0.4987,0.0288,21.0,143.0,59.24,0,0.9003,1,0.0
652,21.7333,1,mask,,-2.3371,-1.6316,-2.0916,-3.831,,,,,107,0.9817,0.4351,0.0214,22.0,143.0,59.21,0,0.9075,1,0.0
653,21.7667,1,mask,,-2.1727,-1.821,-2.281,-5.6822,,,,,131,0.9704,0.3981,0.0395,21.0,144.0,59.37,0,0.9115,1,0.0
654,21.8,1,mask,,-1.9454,-1.9441,-2.4041,-3.6934,,,,,127,0.9478,0.3903,0.0393,21.0,148.0,65.6,0,0.9063,1,0.0
655,21.8333,1,mask,,-1.8902,-2.0241,-2.4841,-2.4007,,,,,127,0.9922,0.3933,0.0365,21.0,142.0,67.77,0,0.919,1,0.0
656,21.8667,1,mask,,-2.0417,-2.0302,-2.4903,-0.1844,,,,,141,1.0,0.3748,0.0452,22.0,148.0,68.08,0,0.925,1,0.0
657,21.9,1,mask,,-1.2489,-2.0006,-2.4606,0.8907,,,,,98,0.8033,0.1904,0.0415,21.0,121.0,73.07,0,0.9029,1,0.0
658,21.9333,1,mask,,-1.4589,-1.9619,-2.422,1.159,,,,,103,0.9115,0.2847,0.0341,21.0,121.0,73.05,0,0.9165,1,0.0
659,21.9667,1,mask,,-1.2743,-1.7859,-2.2459,5.2814,,,,,97,0.8584,0.2321,0.0427,21.0,119.0,73.04,0,0.9111,1,0.0
660,22.0,1,mask,,-1.4972,-1.6714,-2.1315,3.4329,,,,,100,0.9009,0.2625,0.049,21.0,119.0,78.75,0,0.9178,1,0.0
661,22.0333,1,mask,,-1.6899,-1.5971,-2.0571,2.2314,,,,,77,0.7778,0.2426,0.0217,21.0,113.0,80.39,0,0.8848,1,0.0
662,22.0667,1,mask,,-1.6076,-1.5621,-2.0222,1.0486,,,,,97,0.8818,0.2684,0.0394,20.0,114.0,80.38,0,0.9109,1,0.0
663,22.1,1,mask,,-1.4705,-1.5394,-1.9994,0.6816,,,,,97,0.8584,0.2271,0.0472,21.0,120.0,83.3,0,0.9121,1,0.0
664,22.1333,1,mask,,-1.4334,-1.5246,-1.9847,0.443,,,,,94,0.8624,0.2315,0.0455,21.0,120.0,83.25,0,0.9124,1,0.0
665,22.1667,1,mask,,-1.4314,-1.5057,-1.9657,0.568,,,,,96,0.8727,0.2284,0.0451,21.0,121.0,83.09,0,0.9161,1,0.0
666,22.2,1,mask,,-1.6176,-1.4934,-1.9534,0.3692,,,,,133,1.0,0.4917,0.0445,22.0,168.0,83.58,0,0.9017,1,0.0
667,22.2333,1,mask,,-1.7096,-1.4854,-1.9454,0.24,,,,,145,1.0,0.4284,0.0468,23.0,170.0,83.95,0,0.9143,1,0.0
668,22.2667,1,mask,,-1.4719,-1.4807,-1.9407,0.1419,,,,,114,1.0,0.4874,0.0378,21.0,167.0,84.02,0,0.9025,1,0.0
669,22.3,1,mask,,-1.223,-1.4776,-1.9376,0.0922,,,,,104,0.8889,0.2344,0.04,21.0,125.0,83.34,0,0.9198,1,0.0
670,22.3333,1,mask,,-1.2064,-1.4756,-1.9356,0.0599,,,,,105,0.8974,0.2312,0.0405,21.0,124.0,82.7,0,0.923,1,0.0
671,22.3667,1,mask,,-1.2011,-1.3872,-1.8472,2.6524,,,,,102,0.887,0.2325,0.04,21.0,124.0,82.06,0,0.9196,1,0.0
672,22.4,1,mask,,-0.9408,-1.3239,-1.784,1.8979,,,,,93,0.8304,0.2221,0.0395,21.0,93.0,71.7,0,0.9047,1,0.0
673,22.4333,1,mask,,-1.1396,-1.2809,-1.741,1.2895,,,,,91,0.7778,0.1572,0.0422,21.0,124.0,73.28,0,0.9019,1,0.0
674,22.4667,1,mask,,-1.5622,-1.253,-1.713,0.8381,,,,,153,0.9387,0.3213,0.0523,23.0,173.0,73.31,0,0.9173,1,0.0
675,22.5,1,mask,,-1.4809,-1.2348,-1.6949,0.5448,,,,,161,0.9877,0.4508,0.0513,23.0,176.0,79.36,0,0.9062,1,0.0
676,22.5333,1,mask,,-1.3939,-1.2905,-1.7505,-1.67,,,,,144,0.8521,0.2908,0.0617,22.0,176.0,79.59,0,0.8975,1,0.0
677,22.5667,1,mask,,-1.17,-1.3267,-1.7867,-1.0855,,,,,101,0.8487,0.2629,0.0425,22.0,127.0,77.18,0,0.902,1,0.0
678,22.6,1,mask,,-1.4086,-1.3554,-1.8154,-0.8604,,,,,159,0.9464,0.3576,0.0486,23.0,175.0,81.7,0,0.9124,1,0.0
679,22.6333,1,mask,,-1.5585,-1.374,-1.8341,-0.5593,,,,,164,0.9704,0.3762,0.0492,23.0,176.0,82.48,0,0.9159,1,0.0
680,22.6667,1,mask,,-1.506,-1.3861,-1.8462,-0.3635,,,,,162,0.9529,0.3486,0.0499,23.0,177.0,80.54,0,0.9162,1,0.0
681,22.7,1,mask,,-1.3972,-1.394,-1.854,-0.2363,,,,,123,0.7834,0.1916,0.0647,22.0,152.0,79.62,0,0.8967,1,0.0
682,22.7333,1,mask,,-1.3708,-1.3991,-1.8592,-0.1536,,,,,120,0.7595,0.141,0.06,22.0,149.0,79.37,0,0.8996,1,0.0
683,22.7667,1,mask,,-1.4705,-1.4241,-1.8842,-0.7496,,,,,101,0.8279,0.1801,0.0467,21.0,141.0,79.66,0,0.9123,1,0.0
684,22.8,1,mask,,-1.2008,-1.4147,-1.8747,0.2823,,,,,109,0.8516,0.2463,0.0393,22.0,178.0,76.58,0,0.9062,1,0.0
685,22.8333,1,mask,,-1.2225,-1.3993,-1.8594,0.4613,,,,,154,0.8902,0.2498,0.0532,23.0,180.0,76.9,0,0.9171,1,0.0
686,22.8667,1,mask,,-1.3515,-1.3826,-1.8426,0.5024,,,,,153,0.8895,0.2208,0.047,23.0,179.0,76.46,0,0.9227,1,0.0
687,22.9,1,mask,,-1.3522,-1.3717,-1.8317,0.3266,,,,,163,0.9532,0.4038,0.0447,23.0,180.0,77.64,0,0.9052,1,0.0
688,22.9333,1,mask,,-1.3715,-1.3646,-1.8247,0.2123,,,,,168,0.9711,0.4406,0.0449,23.0,180.0,77.89,0,0.9032,1,0.0
689,22.9667,1,mask,,-1.3676,-1.3603,-1.8203,0.1301,,,,,168,0.96,0.4193,0.0457,23.0,181.0,77.24,0,0.9041,1,0.0
690,23.0,1,mask,,-1.0807,-1.3574,-1.8175,0.0846,,,,,162,0.931,0.3358,0.0526,23.0,181.0,78.05,0,0.9121,1,0.0
691,23.0333,1,mask,,-1.0648,-1.3556,-1.8157,0.055,,,,,157,0.9235,0.3319,0.0526,23.0,180.0,77.56,0,0.9107,1,0.0
692,23.0667,1,mask,,-1.0693,-1.2594,-1.7194,2.887,,,,,159,0.9244,0.3522,0.053,23.0,179.0,77.6,0,0.9069,1,0.0
693,23.1,1,mask,,-0.7547,-1.1929,-1.6529,1.9956,,,,,130,0.8442,0.2054,0.0624,23.0,150.0,78.56,0,0.9122,1,0.0
694,23.1333,1,mask,,-0.7538,-1.148,-1.6081,1.3451,,,,,123,0.82,0.2133,0.0626,23.0,150.0,78.22,0,0.9033,1,0.0
695,23.1667,1,mask,,-0.7468,-1.0104,-1.4704,4.1294,,,,,125,0.8278,0.2175,0.062,23.0,150.0,79.4,0,0.9048,1,0.0
696,23.2,1,mask,,-1.0016,-0.9209,-1.381,2.6841,,,,,112,0.8615,0.374,0.0515,24.0,182.0,81.94,0,0.8837,1,0.0
697,23.2333,1,mask,,-1.1474,-0.8628,-1.3228,1.7447,,,,,130,0.8904,0.3516,0.0411,25.0,185.0,83.59,0,0.8968,1,0.0
698,23.2667,1,mask,,-0.9677,-0.8995,-1.3595,-1.1018,,,,,109,0.8015,0.222,0.0575,24.0,183.0,83.56,0,0.896,1,0.0
699,23.3,1,mask,,-0.6032,-0.9234,-1.3834,-0.7162,,,,,142,0.8659,0.3091,0.0631,25.0,186.0,84.93,0,0.8979,1,0.0
700,23.3333,1,mask,,-0.6646,-0.9389,-1.3989,-0.4655,,,,,135,0.8333,0.2853,0.0635,25.0,186.0,85.11,0,0.8929,1,0.0
701,23.3667,1,mask,,-0.5587,-0.8429,-1.3029,2.8795,,,,,150,0.8982,0.3301,0.0643,25.0,186.0,84.79,0,0.9034,1,0.0
702,23.4,1,mask,,-0.7383,-0.7805,-1.2405,1.8717,,,,,167,0.9709,0.4168,0.0568,25.0,187.0,85.59,0,0.9079,1,0.0
703,23.4333,1,mask,,-0.8092,-0.7399,-1.2,1.2166,,,,,170,0.9714,0.4087,0.0493,25.0,189.0,85.62,0,0.9097,1,0.0
704,23.4667,1,mask,,-0.8524,-0.7394,-1.1994,0.0173,,,,,171,0.9716,0.4251,0.0496,25.0,189.0,85.73,0,0.9065,1,0.0
705,23.5,1,mask,,-0.8283,-0.7638,-1.2239,-0.7332,,,,,157,0.9573,0.4048,0.048,25.0,189.0,85.74,0,0.9062,1,0.0
706,23.5333,1,mask,,-0.7944,-0.7797,-1.2397,-0.4766,,,,,142,0.9221,0.3787,0.0492,24.0,187.0,85.74,0,0.9009,1,0.0
707,23.5667,1,mask,,-0.812,-0.791,-1.2511,-0.3395,,,,,135,0.9,0.3561,0.0486,24.0,187.0,85.43,0,0.8988,1,0.0
708,23.6,1,mask,,-0.7169,-0.7984,-1.2584,-0.2207,,,,,148,0.9427,0.3536,0.0435,24.0,190.0,85.68,0,0.9121,1,0.0
709,23.6333,1,mask,,-0.6655,-0.797,-1.257,0.0419,,,,,136,0.7684,0.2035,0.0558,24.0,191.0,85.08,0,0.8898,1,0.0
710,23.6667,1,mask,,-0.5101,-0.7689,-1.229,0.8408,,,,,158,0.8827,0.2556,0.0507,24.0,191.0,84.96,0,0.9137,1,0.0
711,23.7,1,mask,,-0.4254,-0.7327,-1.1928,1.0857,,,,,165,0.9429,0.3426,0.0465,24.0,193.0,84.95,0,0.9143,1,0.0
712,23.7333,1,mask,,-0.4952,-0.6548,-1.1149,2.3379,,,,,169,0.9602,0.4011,0.0426,24.0,193.0,84.86,0,0.9078,1,0.0
713,23.7667,1,mask,,-0.5199,-0.6042,-1.0642,1.5196,,,,,171,0.9716,0.4329,0.0417,24.0,193.0,84.73,0,0.9049,1,0.0
714,23.8,1,mask,,-0.7567,-0.5712,-1.0313,0.9878,,,,,180,1.0,0.6164,0.0326,24.0,190.0,84.56,0,0.8767,1,0.0
715,23.8333,1,mask,,-0.9414,-0.5533,-1.0133,0.5389,,,,,188,1.0,0.5571,0.0279,25.0,195.0,85.74,0,0.8886,1,0.0
716,23.8667,1,mask,,-0.7854,-0.6245,-1.0845,-2.1363,,,,,139,0.7354,0.3758,0.037,24.0,196.0,86.06,0,0.8455,1,0.0
717,23.9,1,mask,,-0.7243,-0.6708,-1.1308,-1.3886,,,,,183,0.9786,0.483,0.0275,24.0,195.0,86.26,0,0.897,1,0.0
718,23.9333,1,mask,,-0.8472,-0.7109,-1.1709,-1.2032,,,,,187,1.0,0.581,0.0297,24.0,195.0,86.16,0,0.8838,1,0.0
719,23.9667,1,mask,,-0.7411,-0.737,-1.197,-0.7821,,,,,175,0.9358,0.468,0.0427,24.0,194.0,86.17,0,0.8872,1,0.0
720,24.0,1,mask,,-0.8077,-0.7539,-1.2139,-0.5084,,,,,188,1.0,0.5994,0.0288,24.0,196.0,86.93,0,0.8801,1,0.0
721,24.0333,1,mask,,-0.6781,-0.7494,-1.2095,0.1349,,,,,187,1.0,0.6257,0.0305,24.0,197.0,87.18,0,0.8749,1,0.0
722,24.0667,1,mask,,-0.6407,-0.7465,-1.2065,0.0877,,,,,188,1.0,0.639,0.0281,24.0,197.0,87.09,0,0.8722,1,0.0
723,24.1,1,mask,,-0.6791,-0.7229,-1.183,0.7071,,,,,191,1.0,0.5846,0.0347,25.0,199.0,87.31,0,0.8831,1,0.0
724,24.1333,1,mask,,-0.6726,-0.7072,-1.1673,0.4706,,,,,193,1.0,0.592,0.0344,25.0,201.0,87.19,0,0.8816,1,0.0
725,24.1667,1,mask,,-0.7022,-0.697,-1.1571,0.3059,,,,,183,0.9892,0.5591,0.0353,24.0,196.0,86.93,0,0.8849,1,0.0
726,24.2,1,mask,,-0.5975,-0.6885,-1.1485,0.2564,,,,,192,1.0,0.6595,0.0342,25.0,200.0,88.73,0,0.8681,1,0.0
727,24.2333,1,mask,,-0.6325,-0.6829,-1.143,0.1666,,,,,192,1.0,0.6406,0.0326,25.0,202.0,88.47,0,0.8719,1,0.0
728,24.2667,1,mask,,-0.6507,-0.6716,-1.1317,0.3386,,,,,194,1.0,0.6813,0.0326,25.0,202.0,88.53,0,0.8637,1,0.0
729,24.3,1,mask,,-0.6751,-0.6643,-1.1244,0.2201,,,,,194,1.0,0.6611,0.0372,25.0,202.0,88.91,0,0.8678,1,0.0
730,24.3333,1,mask,,-0.6769,-0.6595,-1.1196,0.143,,,,,194,1.0,0.6967,0.0377,25.0,202.0,88.99,0,0.8607,1,0.0
731,24.3667,1,mask,,-0.7103,-0.665,-1.125,-0.1635,,,,,183,1.0,0.6684,0.0349,24.0,202.0,88.82,0,0.8663,1,0.0
732,24.4,1,mask,,-0.785,-0.6692,-1.1292,-0.125,,,,,191,1.0,0.7401,0.0317,24.0,202.0,89.51,0,0.852,1,0.0
733,24.4333,1,mask,,-0.7492,-0.6836,-1.1436,-0.4321,,,,,196,1.0,0.7314,0.0304,25.0,204.0,89.02,0,0.8537,1,0.0
734,24.4667,1,mask,,-0.7319,-0.7005,-1.1605,-0.5078,,,,,196,1.0,0.6873,0.0305,25.0,204.0,89.05,0,0.8625,1,0.0
735,24.5,1,mask,,-0.6125,-0.7115,-1.1715,-0.33,,,,,195,1.0,0.6448,0.0332,25.0,205.0,89.38,0,0.871,1,0.0
736,24.5333,1,mask,,-0.5873,-0.7186,-1.1787,-0.2145,,,,,196,1.0,0.6548,0.0332,25.0,206.0,89.67,0,0.869,1,0.0
737,24.5667,1,mask,,-0.6092,-0.6815,-1.1415,1.1144,,,,,196,1.0,0.663,0.0341,25.0,206.0,89.6,0,0.8674,1,0.0
738,24.6,1,mask,,-0.6198,-0.6573,-1.1174,0.7244,,,,,201,1.0,0.6116,0.0351,26.0,208.0,91.29,0,0.8777,1,0.0
739,24.6333,1,mask,,-0.5896,-0.6405,-1.1005,0.5055,,,,,200,1.0,0.6112,0.0344,26.0,207.0,91.14,0,0.8778,1,0.0
740,24.6667,1,mask,,-0.5443,-0.6227,-1.0827,0.5339,,,,,200,1.0,0.6279,0.0332,26.0,207.0,91.1,0,0.8744,1,0.0
741,24.7,1,mask,,-0.6258,-0.618,-1.078,0.1417,,,,,141,0.7085,0.3391,0.0374,26.0,196.0,89.38,0,0.8447,1,0.0
742,24.7333,1,mask,,-0.6249,-0.6186,-1.0787,-0.0193,,,,,166,0.8342,0.4334,0.0386,26.0,206.0,89.48,0,0.8636,1,0.0
743,24.7667,1,mask,,-0.6367,-0.6208,-1.0809,-0.0662,,,,,184,0.9246,0.5983,0.0297,26.0,206.0,90.08,0,0.8577,1,0.0
744,24.8,1,mask,,-0.5583,-0.6223,-1.0823,-0.043,,,,,202,1.0,0.5524,0.0192,26.0,209.0,92.06,0,0.8895,1,0.0
745,24.8333,1,mask,,-0.6631,-0.6235,-1.0836,-0.0377,,,,,200,1.0,0.5471,0.025,27.0,208.0,92.27,0,0.8906,1,0.0
746,24.8667,1,mask,,-0.6735,-0.6281,-1.0882,-0.1388,,,,,202,0.9854,0.5249,0.0247,27.0,209.0,92.15,0,0.8906,1,0.0
747,24.9,1,mask,,-0.5097,-0.6311,-1.0912,-0.0902,,,,,203,0.9951,0.5389,0.0332,27.0,211.0,92.09,0,0.8908,1,0.0
748,24.9333,1,mask,,-0.5484,-0.6056,-1.0657,0.765,,,,,204,1.0,0.6314,0.0303,27.0,212.0,92.22,0,0.8737,1,0.0
749,24.9667,1,mask,,-0.4734,-0.5856,-1.0457,0.6013,,,,,200,0.9804,0.5432,0.0341,27.0,210.0,92.22,0,0.8855,1,0.0
750,25.0,1,mask,,-0.3768,-0.559,-1.0191,0.7969,,,,,178,0.8476,0.2726,0.0359,28.0,214.0,90.42,0,0.8998,1,0.0
751,25.0333,1,mask,,-0.379,-0.5291,-0.9891,0.8989,,,,,207,0.9857,0.4749,0.036,28.0,217.0,92.38,0,0.9007,1,0.0
752,25.0667,1,mask,,-0.367,-0.4765,-0.9366,1.576,,,,,207,0.9857,0.4794,0.036,28.0,217.0,92.43,0,0.8998,1,0.0
753,25.1,1,mask,,-0.388,-0.4424,-0.9024,1.0244,,,,,200,0.9479,0.4446,0.0392,28.0,218.0,91.64,0,0.8954,1,0.0
754,25.1333,1,mask,,-0.3062,-0.4194,-0.8795,0.6887,,,,,197,0.9336,0.4181,0.0411,28.0,218.0,91.52,0,0.8965,1,0.0
755,25.1667,1,mask,,-0.3288,-0.4011,-0.8611,0.5504,,,,,203,0.9621,0.4527,0.0385,28.0,218.0,92.02,0,0.8981,1,0.0
756,25.2,1,mask,,-0.1095,-0.3758,-0.8358,0.7595,,,,,199,0.9431,0.523,0.0415,28.0,220.0,91.72,0,0.8783,1,0.0
757,25.2333,1,mask,,-0.2468,-0.3514,-0.8115,0.7304,,,,,136,0.6974,0.2366,0.0365,27.0,218.0,92.19,0,0.8619,1,0.0
758,25.2667,1,mask,,-0.1409,-0.3148,-0.7749,1.0981,,,,,191,0.9646,0.5553,0.0391,28.0,218.0,91.67,0,0.8783,1,0.0
759,25.3,1,mask,,-0.1578,-0.2599,-0.7199,1.6485,,,,,181,0.9378,0.4802,0.0369,27.0,219.0,90.87,0,0.8853,1,0.0
760,25.3333,1,mask,,-0.1509,-0.2217,-0.6818,1.1446,,,,,181,0.9378,0.4885,0.0369,27.0,221.0,91.22,0,0.8836,1,0.0
761,25.3667,1,mask,,-0.0965,-0.1969,-0.657,0.744,,,,,174,0.9405,0.5064,0.0364,27.0,220.0,91.61,0,0.8809,1,0.0
762,25.4,1,mask,,-0.1613,-0.1808,-0.6409,0.4836,,,,,169,0.9602,0.5393,0.0313,27.0,222.0,91.26,0,0.8802,1,0.0
763,25.4333,1,mask,,-0.3377,-0.1728,-0.6328,0.2413,,,,,143,0.8125,0.2863,0.0394,27.0,224.0,94.07,0,0.8865,1,0.0
764,25.4667,1,mask,,-0.2858,-0.1687,-0.6288,0.1204,,,,,132,0.763,0.2329,0.0356,27.0,224.0,93.86,0,0.8823,1,0.0
765,25.5,1,mask,,-0.1061,-0.1661,-0.6262,0.0783,,,,,125,0.8562,0.2566,0.0239,26.0,146.0,92.92,0,0.9055,1,0.0
766,25.5333,1,mask,,-0.2942,-0.208,-0.6681,-1.2563,,,,,127,0.756,0.1811,0.0365,27.0,221.0,92.66,0,0.8906,1,0.0
767,25.5667,1,mask,,-0.1951,-0.2352,-0.6953,-0.8166,,,,,149,0.8869,0.3424,0.0322,27.0,224.0,92.49,0,0.8976,1,0.0
768,25.6,1,mask,,-0.0469,-0.2212,-0.6812,0.4217,,,,,146,0.9799,0.458,0.0197,27.0,218.0,91.78,0,0.9024,1,0.0
769,25.6333,1,mask,,-0.0,-0.1809,-0.641,1.2081,,,,,96,0.5647,0.0,0.0279,26.0,218.0,92.72,0,0.8694,1,0.0
770,25.6667,1,mask,,-0.0,-0.134,-0.5941,1.4072,,,,,94,0.5529,0.0,0.0295,26.0,218.0,92.07,0,0.8659,1,0.0
771,25.7,1,mask,,0.1725,-0.0871,-0.5472,1.407,,,,,139,0.9392,0.2977,0.0305,26.0,156.0,93.77,0,0.9222,1,0.0
772,25.7333,1,mask,,0.2546,-0.0566,-0.5167,0.9146,,,,,131,0.8851,0.2894,0.0309,27.0,155.0,94.08,0,0.9077,1,0.0
773,25.7667,1,mask,,0.2239,0.0236,-0.4365,2.4052,,,,,117,0.7959,0.2152,0.0351,26.0,148.0,94.13,0,0.8957,1,0.0
774,25.8,1,mask,,0.0,0.0757,-0.3844,1.5634,,,,,85,0.503,0.0,0.0442,26.0,210.0,89.73,0,0.8509,1,0.0
775,25.8333,1,mask,,0.3685,0.1276,-0.3325,1.5565,,,,,136,0.9067,0.2745,0.0317,26.0,157.0,89.8,0,0.9171,1,0.0
776,25.8667,1,mask,,0.3321,0.172,-0.288,1.3339,,,,,136,0.9067,0.2623,0.0344,26.0,155.0,90.13,0,0.9195,1,0.0
777,25.9,1,mask,,0.325,0.2256,-0.2345,1.6068,,,,,139,0.9329,0.3044,0.0329,26.0,159.0,90.99,0,0.919,1,0.0
778,25.9333,1,mask,,0.3342,0.2628,-0.1972,1.118,,,,,141,0.9463,0.3615,0.03,26.0,159.0,91.01,0,0.9116,1,0.0
779,25.9667,1,mask,,0.1731,0.2871,-0.173,0.7267,,,,,144,0.96,0.3843,0.0239,26.0,160.0,91.49,0,0.9111,1,0.0
780,26.0,1,mask,,0.0,0.3004,-0.1597,0.3987,,,,,97,0.6218,0.0,0.0211,26.0,145.0,91.57,0,0.8865,1,0.0
781,26.0333,1,mask,,-0.0,0.2558,-0.2042,-1.3357,,,,,93,0.5706,0.0,0.0201,26.0,149.0,92.68,0,0.8712,1,0.0
782,26.0667,1,mask,,-0.0,0.1663,-0.2938,-2.6863,,,,,85,0.5215,0.0,0.0248,26.0,123.0,92.6,0,0.8564,1,0.0
783,26.1,1,mask,,0.3581,0.1081,-0.352,-1.7461,,,,,146,0.9241,0.2641,0.0277,27.0,163.0,90.89,0,0.9244,1,0.0
784,26.1333,1,mask,,0.3153,0.0703,-0.3898,-1.135,,,,,151,0.9497,0.3385,0.0187,26.0,230.0,90.93,0,0.9172,1,0.0
785,26.1667,1,mask,,0.357,0.156,-0.304,2.5731,,,,,146,0.9669,0.3324,0.0159,26.0,162.0,90.93,0,0.9236,1,0.0
786,26.2,1,mask,,0.2984,0.2118,-0.2483,1.6725,,,,,144,0.929,0.2483,0.0304,27.0,164.0,86.5,0,0.929,1,0.0
787,26.2333,1,mask,,0.3583,0.2626,-0.1974,1.5247,,,,,137,0.8671,0.2002,0.0314,27.0,164.0,88.34,0,0.9201,1,0.0
788,26.2667,1,mask,,0.335,0.2879,-0.1721,0.7604,,,,,142,0.882,0.2166,0.0321,26.5,166.0,88.04,0,0.9213,1,0.0
789,26.3,1,mask,,0.3471,0.3086,-0.1514,0.6206,,,,,144,0.9231,0.2981,0.0258,27.0,165.0,86.97,0,0.9173,1,0.0
790,26.3333,1,mask,,0.2836,0.3179,-0.1422,0.277,,,,,142,0.9045,0.2796,0.0235,27.0,162.0,86.61,0,0.9154,1,0.0
791,26.3667,1,mask,,0.3708,0.3281,-0.132,0.3064,,,,,140,0.8861,0.2269,0.0273,27.0,163.0,86.52,0,0.9204,1,0.0
792,26.4,1,mask,,0.0,0.3305,-0.1295,0.0728,,,,,103,0.5819,0.0,0.0367,26.0,236.0,86.57,0,0.8746,1,0.0
793,26.4333,1,mask,,-0.1629,0.3141,-0.146,-0.4925,,,,,175,0.9887,0.5134,0.0258,27.0,238.0,88.26,0,0.8939,1,0.0
794,26.4667,1,mask,,0.2422,0.2889,-0.1711,-0.7552,,,,,149,0.9085,0.2592,0.0326,27.0,168.0,88.22,0,0.9207,1,0.0
795,26.5,1,mask,,-0.1757,0.1878,-0.2723,-3.0337,,,,,152,0.8492,0.3051,0.0355,27.0,228.0,88.63,0,0.8937,1,0.0
796,26.5333,1,mask,,-0.1176,0.0809,-0.3791,-3.2063,,,,,174,0.9831,0.4399,0.036,28.0,236.0,87.46,0,0.9069,1,0.0
797,26.5667,1,mask,,-0.1645,-0.0044,-0.4645,-2.5599,,,,,169,0.8756,0.3165,0.0382,28.0,229.0,85.62,0,0.8994,1,0.0
798,26.6,1,mask,,-0.2232,-0.0604,-0.5205,-1.6811,,,,,166,0.9022,0.3714,0.0359,28.0,237.0,85.47,0,0.8964,1,0.0
799,26.6333,1,mask,,-0.1794,-0.1008,-0.5609,-1.2106,,,,,176,0.9617,0.4023,0.0298,27.5,240.0,84.21,0,0.9081,1,0.0
800,26.6667,1,mask,,-0.7552,-0.1283,-0.5884,-0.8258,,,,,234,1.0,0.8233,0.0278,28.0,241.0,84.42,0,0.8353,1,0.0
801,26.7,1,mask,,-0.7569,-0.1615,-0.6216,-0.9966,,,,,236,1.0,0.8734,0.0267,27.0,242.0,85.19,0,0.8253,1,0.0
802,26.7333,1,mask,,-0.7637,-0.3693,-0.8294,-6.2338,,,,,236,1.0,0.8587,0.0261,27.0,242.0,83.79,0,0.8283,1,0.0
803,26.7667,1,mask,,-0.7612,-0.505,-0.965,-4.0697,,,,,236,1.0,0.877,0.0265,27.0,242.0,85.06,0,0.8246,1,0.0
804,26.8,1,mask,,-0.7863,-0.5947,-1.0547,-2.6904,,,,,233,1.0,0.865,0.028,27.0,242.0,87.84,0,0.827,1,0.0
805,26.8333,1,mask,,-0.8586,-0.6538,-1.1139,-1.775,,,,,236,1.0,0.9031,0.0272,27.0,242.0,86.41,0,0.8194,1,0.0
806,26.8667,1,mask,,-0.8699,-0.7002,-1.1603,-1.3909,,,,,236,1.0,0.8803,0.028,27.0,242.0,86.0,0,0.8239,1,0.0
807,26.9,1,mask,,-0.8812,-0.7556,-1.2157,-1.663,,,,,236,1.0,0.8865,0.0284,27.0,242.0,81.65,0,0.8227,1,0.0
808,26.9333,1,mask,,-0.89,-0.7956,-1.2557,-1.1995,,,,,234,1.0,0.8844,0.0311,27.0,240.0,80.43,0,0.8231,1,0.0
809,26.9667,1,mask,,-0.8951,-0.8256,-1.2856,-0.8985,,,,,234,1.0,0.8862,0.0314,27.0,240.0,82.18,0,0.8228,1,0.0
810,27.0,1,mask,,-0.998,-0.8481,-1.3082,-0.6763,,,,,235,1.0,0.9661,0.0291,27.0,244.0,80.08,0,0.8068,1,0.0
811,27.0333,1,mask,,-0.9731,-0.8646,-1.3246,-0.493,,,,,236,1.0,0.9158,0.0294,27.0,244.0,79.1,0,0.8168,1,0.0
812,27.0667,1,mask,,-0.9889,-0.9025,-1.3626,-1.1397,,,,,241,1.0,0.8017,0.0299,28.0,247.0,77.78,0,0.8397,1,0.0
813,27.1,1,mask,,-1.0018,-0.9328,-1.3928,-0.9063,,,,,241,1.0,0.8208,0.0327,28.0,246.0,75.68,0,0.8358,1,0.0
814,27.1333,1,mask,,-0.998,-0.9556,-1.4156,-0.6849,,,,,241,1.0,0.8017,0.0327,28.0,246.0,74.03,0,0.8397,1,0.0
815,27.1667,1,mask,,-1.0199,-0.9704,-1.4305,-0.4452,,,,,240,1.0,0.7926,0.0335,28.0,245.0,76.78,0,0.8415,1,0.0
816,27.2,1,mask,,-1.158,-0.9814,-1.4414,-0.3291,,,,,241,1.0,0.9274,0.031,28.0,246.0,73.82,0,0.8145,1,0.0
817,27.2333,1,mask,,-1.1261,-0.9949,-1.4549,-0.4048,,,,,241,1.0,0.9715,0.0329,29.0,248.0,75.33,0,0.8057,1,0.0
818,27.2667,1,mask,,-1.2903,-1.0408,-1.5009,-1.3781,,,,,234,0.9832,0.8337,0.0331,28.0,241.0,75.39,0,0.8282,1,0.0
819,27.3,1,mask,,-1.2776,-1.0818,-1.5419,-1.23,,,,,242,1.0,0.924,0.0347,28.0,248.0,80.18,0,0.8152,1,0.0
820,27.3333,1,mask,,-1.4171,-1.1503,-1.6104,-2.0555,,,,,229,0.9662,0.7871,0.0374,28.0,236.0,78.98,0,0.8325,1,0.0
821,27.3667,1,mask,,-1.2498,-1.1949,-1.6549,-1.3361,,,,,239,1.0,0.8697,0.0326,29.0,245.0,79.13,0,0.8261,1,0.0
822,27.4,1,mask,,-1.4665,-1.2283,-1.6883,-1.0015,,,,,199,0.8189,0.5566,0.0305,28.0,234.0,67.85,0,0.8344,1,0.0
823,27.4333,1,mask,,-1.641,-1.2943,-1.7544,-1.9827,,,,,230,0.9504,0.7425,0.0373,29.0,237.0,67.87,0,0.8366,1,0.0
824,27.4667,1,mask,,-1.4155,-1.3373,-1.7974,-1.2887,,,,,242,1.0,0.8959,0.0336,29.0,248.0,68.78,0,0.8208,1,0.0
825,27.5,1,mask,,-1.4558,-1.3788,-1.8388,-1.2439,,,,,234,0.9791,0.7775,0.0327,29.0,240.0,66.93,0,0.8382,1,0.0
826,27.5333,1,mask,,-1.4936,-1.4095,-1.8695,-0.9215,,,,,234,0.9791,0.7669,0.0362,29.0,241.0,67.18,0,0.8403,1,0.0
827,27.5667,1,mask,,-1.4897,-1.4376,-1.8976,-0.842,,,,,233,0.979,0.783,0.0362,29.0,240.0,65.79,0,0.8371,1,0.0
828,27.6,1,mask,,-1.5072,-1.4558,-1.9158,-0.5473,,,,,240,1.0,0.9239,0.0305,29.0,246.0,55.0,0,0.8152,1,0.0
829,27.6333,1,mask,,-1.7541,-1.469,-1.9291,-0.3973,,,,,225,0.9298,0.6669,0.0395,29.0,231.0,58.58,0,0.8455,1,0.0
830,27.6667,1,mask,,-1.7604,-1.4824,-1.9425,-0.4011,,,,,225,0.9298,0.6185,0.0381,30.0,232.0,59.84,0,0.8552,1,0.0
831,27.7,1,mask,,-1.6368,-1.5365,-1.9965,-1.6216,,,,,235,0.9711,0.8456,0.029,29.0,242.0,57.13,0,0.8222,1,0.0
832,27.7333,1,mask,,-1.6435,-1.5739,-2.034,-1.1235,,,,,239,0.9637,0.8869,0.0272,30.0,246.0,57.8,0,0.8117,1,0.0
833,27.7667,1,mask,,-1.6175,-1.5983,-2.0583,-0.7303,,,,,241,0.9679,0.8762,0.0268,30.0,248.0,59.27,0,0.8151,1,0.0
834,27.8,1,mask,,-1.9361,-1.6141,-2.0741,-0.4747,,,,,213,0.873,0.61,0.0321,29.0,222.0,51.12,0,0.8399,1,0.0
835,27.8333,1,mask,,-1.8906,-1.6244,-2.0844,-0.3086,,,,,212,0.8548,0.6286,0.0291,30.0,224.0,52.45,0,0.8307,1,0.0
836,27.8667,1,mask,,-1.868,-1.7096,-2.1697,-2.5577,,,,,221,0.8876,0.6735,0.0256,30.0,228.0,50.2,0,0.8316,1,0.0
837,27.9,1,mask,,-1.7753,-1.765,-2.2251,-1.6625,,,,,229,0.9087,0.7345,0.026,30.0,235.0,46.97,0,0.8257,1,0.0
838,27.9333,1,mask,,-1.8994,-1.809,-2.269,-1.3181,,,,,223,0.8956,0.674,0.0259,30.0,230.0,46.83,0,0.8339,1,0.0
839,27.9667,1,mask,,-1.8769,-1.8328,-2.2928,-0.7134,,,,,223,0.9028,0.6643,0.0249,30.0,230.0,46.71,0,0.838,1,0.0
840,28.0,0,,no_mask,,,,,,,,,0,0.0,,,,,,0,0.0,1,0.0
841,28.0333,0,,no_mask,,,,,,,,,0,0.0,,,,,,0,0.0,1,0.0
842,28.0667,0,,no_mask,,,,,,,,,0,0.0,,,,,,0,0.0,1,0.0
843,28.1,1,mask,,-1.1273,-1.717,-2.1771,,,,,,178,0.6593,0.2343,0.0209,29.0,259.0,43.49,0,0.8509,1,0.0
844,28.1333,1,mask,,-1.1096,-1.5075,-1.9676,6.2848,,,,,174,0.6444,0.2126,0.0196,29.0,261.0,42.76,0,0.8508,1,0.0
845,28.1667,1,mask,,-1.1279,-1.3744,-1.8345,3.9925,,,,,172,0.6491,0.2129,0.0197,29.0,255.0,43.44,0,0.8521,1,0.0
846,28.2,1,mask,,-1.3931,-1.2881,-1.7481,2.5917,,,,,267,0.9852,0.9872,0.0229,30.0,272.0,40.03,0,0.7981,1,0.0
847,28.2333,1,mask,,-1.3968,-1.232,-1.6921,1.6812,,,,,264,0.9778,1.0566,0.0214,30.0,269.0,40.66,0,0.782,1,0.0
848,28.2667,1,mask,,-1.452,-1.2884,-1.7485,-1.6916,,,,,256,0.966,0.971,0.0199,30.0,263.0,41.01,0,0.7956,1,0.0
849,28.3,1,mask,,-1.4871,-1.3264,-1.7864,-1.1387,,,,,257,0.9554,0.9149,0.0177,29.0,268.0,45.59,0,0.8036,1,0.0
850,28.3333,1,mask,,-1.4591,-1.3703,-1.8304,-1.3197,,,,,260,0.9665,0.9297,0.0176,29.0,269.0,45.75,0,0.804,1,0.0
851,28.3667,1,mask,,-1.4257,-1.3989,-1.859,-0.8578,,,,,262,0.9776,0.9522,0.0171,29.0,268.0,45.77,0,0.8028,1,0.0
852,28.4,1,mask,,-1.4226,-1.4175,-1.8776,-0.5576,,,,,263,0.9705,0.9575,0.0164,29.0,269.0,47.24,0,0.7996,1,0.0
853,28.4333,1,mask,,-1.4205,-1.4204,-1.8805,-0.0863,,,,,263,0.9813,0.9674,0.0176,29.0,269.0,47.02,0,0.8009,1,0.0
854,28.4667,1,mask,,-1.4521,-1.4223,-1.8823,-0.0561,,,,,261,0.9812,1.0128,0.0168,29.0,267.0,46.53,0,0.7918,1,0.0
855,28.5,1,mask,,-1.473,-1.4235,-1.8835,-0.0365,,,,,262,0.985,1.0577,0.0182,29.0,268.0,46.5,0,0.7839,1,0.0
856,28.5333,1,mask,,-1.5018,-1.4335,-1.8936,-0.3006,,,,,258,0.9773,1.0248,0.0178,29.0,264.0,47.5,0,0.7882,1,0.0
857,28.5667,1,mask,,-1.4998,-1.4473,-1.9074,-0.4149,,,,,259,0.9811,1.0089,0.0156,29.0,266.0,47.09,0,0.7925,1,0.0
858,28.6,1,mask,,-1.4349,-1.4563,-1.9164,-0.2697,,,,,261,0.9849,1.0248,0.0159,29.0,269.0,46.86,0,0.7905,1,0.0
859,28.6333,1,mask,,-1.3795,-1.4622,-1.9222,-0.1753,,,,,266,1.0,1.0803,0.0133,29.0,273.0,46.06,0,0.7839,1,0.0
860,28.6667,1,mask,,-1.3882,-1.4526,-1.9127,0.2867,,,,,268,1.0,1.0343,0.0159,29.0,275.0,45.99,0,0.7931,1,0.0
861,28.7,1,mask,,-1.3477,-1.4301,-1.8901,0.6764,,,,,270,1.0,1.0376,0.0157,29.0,279.0,46.37,0,0.7925,1,0.0
862,28.7333,1,mask,,-1.3184,-1.4124,-1.8724,0.5306,,,,,272,1.0,1.0294,0.017,29.0,279.0,46.67,0,0.7941,1,0.0
863,28.7667,1,mask,,-1.2903,-1.3897,-1.8498,0.6792,,,,,272,1.0,1.0414,0.0167,29.0,280.0,46.05,0,0.7917,1,0.0
864,28.8,1,mask,,-0.9335,-1.3648,-1.8248,0.7494,,,,,200,0.7246,0.3635,0.0118,29.0,282.0,43.97,0,0.8447,1,0.0
865,28.8333,1,mask,,-1.4265,-1.3485,-1.8086,0.4871,,,,,277,1.0,0.9831,0.0119,29.0,284.0,44.61,0,0.8034,1,0.0
866,28.8667,1,mask,,-1.4801,-1.338,-1.798,0.3166,,,,,276,1.0,0.9399,0.0096,29.0,284.0,45.06,0,0.812,1,0.0
867,28.9,1,mask,,-1.4872,-1.369,-1.829,-0.9296,,,,,274,1.0,0.9218,0.0092,29.0,283.0,43.99,0,0.8156,1,0.0
868,28.9333,1,mask,,-1.5396,-1.4079,-1.8679,-1.1674,,,,,273,1.0,0.8837,0.0069,29.0,283.0,44.27,0,0.8233,1,0.0
869,28.9667,1,mask,,-1.6442,-1.4356,-1.8957,-0.8325,,,,,273,1.0,0.8632,0.0038,29.0,282.0,44.53,0,0.8274,1,0.0
870,29.0,1,mask,,-1.5656,-1.472,-1.9321,-1.092,,,,,274,1.0,0.8886,0.001,29.0,282.0,39.1,0,0.8223,1,0.0
871,29.0333,1,mask,,-1.5639,-1.5042,-1.9642,-0.9652,,,,,275,1.0,0.9541,0.0013,29.0,282.0,44.08,0,0.8092,1,0.0
872,29.0667,1,mask,,-1.6424,-1.5257,-1.9857,-0.6448,,,,,277,1.0,0.9715,0.0002,29.0,284.0,43.16,0,0.8057,1,0.0
873,29.1,1,mask,,-1.6519,-1.5665,-2.0266,-1.2258,,,,,276,1.0,1.0104,0.0027,29.0,284.0,39.74,0,0.7979,1,0.0
874,29.1333,1,mask,,-1.6469,-1.5931,-2.0532,-0.7968,,,,,276,1.0,1.0167,0.0029,29.0,284.0,38.75,0,0.7967,1,0.0
875,29.1667,1,mask,,-1.6485,-1.6119,-2.072,-0.5649,,,,,276,1.0,1.0054,0.003,29.0,284.0,38.96,0,0.7989,1,0.0
876,29.2,1,mask,,-1.7341,-1.6247,-2.0848,-0.3841,,,,,277,1.0,0.9972,0.0003,29.0,284.0,41.38,0,0.8006,1,0.0
877,29.2333,1,mask,,-1.744,-1.6343,-2.0943,-0.2854,,,,,274,1.0,0.9908,0.0018,29.0,283.0,42.25,0,0.8018,1,0.0
878,29.2667,1,mask,,-1.736,-1.6692,-2.1293,-1.0486,,,,,276,1.0,0.9535,0.0009,29.0,284.0,42.76,0,0.8093,1,0.0
879,29.3,1,mask,,-1.786,-1.6926,-2.1526,-0.701,,,,,278,1.0,0.9769,0.0057,29.0,285.0,43.49,0,0.8046,1,0.0
880,29.3333,1,mask,,-1.6479,-1.7078,-2.1678,-0.4557,,,,,282,1.0,0.9685,0.0018,29.0,289.0,43.12,0,0.8063,1,0.0
881,29.3667,1,mask,,-1.6561,-1.7176,-2.1777,-0.2962,,,,,282,1.0,0.9852,0.0018,29.0,289.0,43.2,0,0.803,1,0.0
882,29.4,1,mask,,-1.6733,-1.7021,-2.1622,0.4652,,,,,278,1.0,0.9731,0.0014,29.0,286.0,37.8,0,0.8054,1,0.0
883,29.4333,0,,no_mask,,,,,,,,,0,0.0,,,,,,0,0.0,1,0.0
884,29.4667,0,,no_mask,,,,,,,,,0,0.0,,,,,,0,0.0,1,0.0
885,29.5,0,,no_mask,,,,,,,,,0,0.0,,,,,,0,0.0,1,0.0
886,29.5333,1,mask,,-1.8332,-1.72,-2.1801,,,,,,290,1.0,1.0078,0.0049,29.0,289.0,35.25,0,0.7984,1,0.0
887,29.5667,1,mask,,-1.6669,-1.7305,-2.1906,-0.315,,,,,286,1.0,0.9885,0.0028,30.0,290.0,35.67,0,0.8023,1,0.0
888,29.6,1,mask,,-1.5923,-1.7082,-2.1683,0.6683,,,,,289,1.0,0.9529,0.0022,30.0,289.0,38.13,0,0.8094,1,0.0
889,29.6333,1,mask,,-1.575,-1.6807,-2.1408,0.8258,,,,,290,1.0,1.0291,0.0009,30.0,290.0,36.24,0,0.7942,1,0.0
890,29.6667,1,mask,,-1.518,-1.6498,-2.1098,0.9281,,,,,291,1.0,1.0615,0.0013,30.0,290.0,35.08,0,0.7877,1,0.0
891,29.7,1,mask,,-1.4857,-1.6236,-2.0837,0.7851,,,,,290,1.0,1.0795,0.0032,30.0,289.0,37.44,0,0.7841,1,0.0
892,29.7333,1,mask,,-1.4633,-1.5866,-2.0467,1.109,,,,,289,1.0,1.1291,0.0039,30.0,288.0,37.24,0,0.7742,1,0.0
893,29.7667,1,mask,,-1.4762,-1.5513,-2.0114,1.0601,,,,,291,1.0,1.0897,0.0038,29.0,290.0,38.05,0,0.7821,1,0.0
894,29.8,1,mask,,-1.4294,-1.525,-1.9851,0.7884,,,,,288,1.0,0.9356,0.0042,30.0,288.0,37.56,0,0.8129,1,0.0
895,29.8333,1,mask,,-1.45,-1.5034,-1.9635,0.6478,,,,,288,1.0,0.966,0.0064,30.0,289.0,38.58,0,0.8068,1,0.0
896,29.8667,1,mask,,-1.466,-1.4894,-1.9495,0.4211,,,,,289,1.0,1.0311,0.0054,30.0,289.0,38.89,0,0.7938,1,0.0
897,29.9,1,mask,,-1.5237,-1.4812,-1.9413,0.2452,,,,,287,1.0,1.0024,0.0053,30.0,286.0,38.8,0,0.7995,1,0.0
898,29.9333,1,mask,,-1.5605,-1.4759,-1.936,0.1594,,,,,287,1.0,1.0286,0.0037,30.0,286.0,39.33,0,0.7943,1,0.0
899,29.9667,1,mask,,-1.553,-1.4926,-1.9527,-0.5013,,,,,287,1.0,1.0277,0.0032,30.0,286.0,39.34,0,0.7945,1,0.0
900,30.0,1,mask,,-1.4704,-1.5035,-1.9635,-0.3259,,,,,287,1.0,0.8912,0.006,30.0,287.0,41.98,0,0.8218,1,0.0
901,30.0333,1,mask,,-1.4557,-1.5105,-1.9706,-0.2118,,,,,288,1.0,0.9048,0.006,30.0,287.0,42.41,0,0.819,1,0.0
902,30.0667,1,mask,,-1.4372,-1.4965,-1.9565,0.4215,,,,,288,1.0,0.891,0.0069,30.0,287.0,42.81,0,0.8218,1,0.0
903,30.1,1,mask,,-1.4624,-1.4846,-1.9446,0.3578,,,,,287,1.0,0.9028,0.0069,30.0,286.0,41.51,0,0.8194,1,0.0
904,30.1333,1,mask,,-1.4565,-1.4748,-1.9348,0.2944,,,,,287,1.0,0.9088,0.007,30.0,286.0,41.0,0,0.8182,1,0.0
905,30.1667,1,mask,,-1.4639,-1.4684,-1.9284,0.1913,,,,,286,1.0,0.9913,0.007,30.0,285.0,40.82,0,0.8017,1,0.0
906,30.2,1,mask,,-1.4227,-1.4642,-1.9243,0.1244,,,,,289,1.0,1.0393,0.0081,31.0,289.0,39.81,0,0.7921,1,0.0
907,30.2333,1,mask,,-1.4124,-1.4615,-1.9216,0.0808,,,,,287,0.9965,1.0506,0.0078,31.0,286.0,39.17,0,0.7888,1,0.0
908,30.2667,1,mask,,-1.0174,-1.448,-1.908,0.4074,,,,,214,0.7405,0.4024,0.009,30.0,285.0,38.89,0,0.8417,1,0.0
909,30.3,1,mask,,-1.4397,-1.4391,-1.8992,0.2648,,,,,287,1.0,0.9949,0.01,31.0,286.0,38.87,0,0.801,1,0.0
910,30.3333,1,mask,,-1.6072,-1.4334,-1.8934,0.1721,,,,,282,1.0,1.0084,0.0108,30.0,281.0,40.98,0,0.7983,1,0.0
911,30.3667,1,mask,,-1.5515,-1.4356,-1.8957,-0.0662,,,,,280,1.0,0.8961,0.0162,30.0,279.0,38.81,0,0.8208,1,0.0
912,30.4,1,mask,,-1.354,-1.437,-1.8971,-0.0431,,,,,286,0.9965,1.0107,0.0106,30.0,286.0,38.41,0,0.7968,1,0.0
913,30.4333,1,mask,,-1.3438,-1.438,-1.898,-0.028,,,,,283,0.993,0.9555,0.0117,30.0,284.0,38.81,0,0.8068,1,0.0
914,30.4667,1,mask,,-1.4431,-1.4398,-1.8998,-0.0542,,,,,264,0.9296,0.7994,0.013,30.0,266.0,40.03,0,0.819,1,0.0
915,30.5,1,mask,,-1.0313,-1.4098,-1.8698,0.9007,,,,,217,0.7641,0.438,0.0082,30.0,273.0,39.13,0,0.8416,1,0.0
916,30.5333,1,mask,,-1.4491,-1.3902,-1.8503,0.5855,,,,,261,0.9158,0.8002,0.0106,30.0,266.0,38.51,0,0.8147,1,0.0
917,30.5667,1,mask,,-1.0841,-1.374,-1.834,0.488,,,,,228,0.8028,0.5266,0.0088,30.0,272.0,39.15,0,0.8355,1,0.0
918,30.6,1,mask,,-1.1124,-1.2824,-1.7425,2.7464,,,,,228,0.8028,0.548,0.009,30.0,273.0,38.92,0,0.8312,1,0.0
919,30.6333,1,mask,,-1.0185,-1.213,-1.6731,2.0826,,,,,230,0.8099,0.523,0.0109,30.0,279.0,38.85,0,0.8384,1,0.0
920,30.6667,1,mask,,-0.9937,-1.1679,-1.6279,1.3537,,,,,231,0.8134,0.5087,0.0084,30.0,274.0,38.56,0,0.8423,1,0.0
921,30.7,1,mask,,-0.9092,-1.1156,-1.5757,1.5682,,,,,228,0.8,0.427,0.0099,30.0,275.0,38.09,0,0.8546,1,0.0
922,30.7333,1,mask,,-0.9582,-1.0729,-1.533,1.2799,,,,,237,0.8345,0.4415,0.0096,30.0,278.0,38.18,0,0.8621,1,0.0
923,30.7667,1,mask,,-0.8348,-1.0328,-1.4928,1.2045,,,,,221,0.7727,0.3072,0.0111,29.0,278.0,38.25,0,0.8704,1,0.0
924,30.8,1,mask,,-0.7662,-0.9895,-1.4496,1.2974,,,,,225,0.7867,0.3295,0.0078,30.0,281.0,36.29,0,0.8701,1,0.0
925,30.8333,1,mask,,-0.8275,-0.9354,-1.3954,1.6252,,,,,219,0.7684,0.2584,0.004,29.0,276.0,36.74,0,0.8788,1,0.0
926,30.8667,1,mask,,-0.7332,-0.8976,-1.3577,1.1323,,,,,226,0.7958,0.3111,0.0014,29.0,281.0,36.61,0,0.8765,1,0.0
927,30.9,1,mask,,-0.7046,-0.8516,-1.3117,1.3805,,,,,234,0.8239,0.3501,0.0021,29.0,282.0,36.9,0,0.8772,1,0.0
928,30.9333,1,mask,,-0.7453,-0.8144,-1.2745,1.1159,,,,,233,0.8292,0.3531,0.0028,29.0,282.0,37.07,0,0.8781,1,0.0
929,30.9667,1,mask,,-0.6131,-0.786,-1.246,0.8529,,,,,234,0.8298,0.366,0.0001,29.0,282.0,36.69,0,0.8757,1,0.0
930,31.0,1,mask,,-0.6781,-0.7575,-1.2175,0.8547,,,,,267,0.9468,0.5168,0.002,29.0,285.0,36.69,0,0.8807,1,0.0
931,31.0333,1,mask,,-0.6178,-0.7297,-1.1898,0.8335,,,,,255,0.9043,0.4703,0.0016,29.0,284.0,36.34,0,0.8772,1,0.0
932,31.0667,1,mask,,-0.5793,-0.6905,-1.1506,1.1751,,,,,258,0.9085,0.4619,0.004,29.0,286.0,35.54,0,0.8802,1,0.0
933,31.1,1,mask,,-0.6061,-0.6634,-1.1235,0.8129,,,,,263,0.9326,0.4285,0.0002,29.0,285.0,35.7,0,0.8941,1,0.0
934,31.1333,1,mask,,-0.5219,-0.6434,-1.1034,0.6018,,,,,277,0.9719,0.5384,0.0008,29.0,284.0,36.08,0,0.8839,1,0.0
935,31.1667,1,mask,,-0.2442,-0.621,-1.081,0.6726,,,,,217,0.7561,0.3391,0.002,28.0,273.0,35.99,0,0.859,1,0.0
936,31.2,1,mask,,-0.3059,-0.5863,-1.0464,1.0399,,,,,271,0.9377,0.4931,0.0027,29.0,286.0,36.22,0,0.8827,1,0.0
937,31.2333,1,mask,,-0.2249,-0.4882,-0.9482,2.9443,,,,,233,0.8262,0.3737,0.0026,29.0,256.0,35.71,0,0.8731,1,0.0
938,31.2667,1,mask,,-0.2443,-0.4028,-0.8629,2.5605,,,,,208,0.7222,0.2584,0.0011,28.0,248.0,35.4,0,0.865,1,0.0
939,31.3,1,mask,,0.0621,-0.3473,-0.8073,1.6658,,,,,270,0.9343,0.5947,0.0036,29.0,283.0,35.0,0,0.8613,1,0.0
940,31.3333,1,mask,,0.0638,-0.3044,-0.7645,1.2854,,,,,247,0.8606,0.4455,0.0008,29.0,264.0,35.32,0,0.8691,1,0.0
941,31.3667,1,mask,,0.0409,-0.1836,-0.6436,3.6256,,,,,259,0.9056,0.4576,0.0025,29.0,274.0,36.34,0,0.8802,1,0.0
942,31.4,1,mask,,-0.1256,-0.105,-0.5651,2.3566,,,,,217,0.9274,0.3659,0.0033,29.0,243.0,37.98,0,0.905,1,0.0
943,31.4333,1,mask,,-0.0,-0.054,-0.514,1.5318,,,,,125,0.5365,0.0,0.0,29.0,231.0,36.68,0,0.8609,1,0.0
944,31.4667,1,mask,,-0.0884,-0.0351,-0.4951,0.5667,,,,,178,0.8165,0.2507,0.0,29.0,219.0,36.17,0,0.8948,1,0.0
945,31.5,1,mask,,-0.1406,-0.0537,-0.5138,-0.5594,,,,,179,0.8211,0.2152,0.0,29.0,221.0,37.44,0,0.9033,1,0.0
946,31.5333,0,,no_mask,,,,,,,,,0,0.0,,,,,,0,0.0,1,0.0
947,31.5667,0,,no_mask,,,,,,,,,0,0.0,,,,,,0,0.0,1,0.0
948,31.6,0,,no_mask,,,,,,,,,0,0.0,,,,,,0,0.0,1,0.0
949,31.6333,1,mask,,-0.4806,-0.1436,-0.6037,,,,,,246,0.9919,0.5515,0.0163,28.0,257.0,38.3,0,0.8873,1,0.0
950,31.6667,1,mask,,-0.3345,-0.236,-0.6961,-2.7712,,,,,220,0.9442,0.4799,0.0097,28.0,236.0,38.5,0,0.8873,1,0.0
951,31.7,1,mask,,-0.2645,-0.2705,-0.7305,-1.0339,,,,,212,0.9298,0.4279,0.007,28.0,235.0,38.96,0,0.8934,1,0.0
952,31.7333,1,mask,,-0.2412,-0.2806,-0.7407,-0.3049,,,,,209,0.9248,0.4287,0.0069,28.0,223.0,39.55,0,0.8917,1,0.0
953,31.7667,1,mask,,-0.2366,-0.275,-0.7351,0.1689,,,,,208,0.9204,0.4285,0.0063,28.0,222.0,40.11,0,0.8904,1,0.0
954,31.8,1,mask,,-0.1924,-0.2632,-0.7232,0.355,,,,,210,0.9251,0.4264,0.0051,28.0,223.0,40.89,0,0.8923,1,0.0
955,31.8333,1,mask,,-0.2377,-0.2543,-0.7143,0.267,,,,,217,0.9644,0.5013,0.0069,28.0,230.0,41.09,0,0.8891,1,0.0
956,31.8667,1,mask,,-0.2567,-0.2485,-0.7085,0.1736,,,,,223,0.9911,0.5666,0.0095,28.0,231.0,40.73,0,0.884,1,0.0
957,31.9,1,mask,,-0.1841,-0.2443,-0.7044,0.1244,,,,,217,0.9644,0.4934,0.0086,28.0,234.0,40.51,0,0.8906,1,0.0
958,31.9333,1,mask,,-0.1883,-0.2261,-0.6862,0.5457,,,,,202,0.8938,0.4532,0.0087,28.0,221.0,41.02,0,0.8775,1,0.0
959,31.9667,1,mask,,-0.2435,-0.2302,-0.6902,-0.1217,,,,,215,0.9389,0.4887,0.0069,28.0,227.0,40.4,0,0.8839,1,0.0
960,32.0,1,mask,,-0.2132,-0.2243,-0.6843,0.1781,,,,,180,0.7792,0.3491,0.0069,28.0,208.0,39.68,0,0.8639,1,0.0
961,32.0333,1,mask,,-0.1005,-0.2117,-0.6717,0.3775,,,,,201,0.8777,0.485,0.0026,28.0,218.0,38.71,0,0.8663,1,0.0
962,32.0667,1,mask,,-0.0868,-0.2035,-0.6636,0.2454,,,,,202,0.886,0.5248,0.0026,28.0,219.0,39.61,0,0.8608,1,0.0
963,32.1,0,,no_mask,,,,,,,,,0,0.0,,,,,,0,0.0,1,0.0
964,32.1333,0,,no_mask,,,,,,,,,0,0.0,,,,,,0,0.0,1,0.0
965,32.1667,0,,no_mask,,,,,,,,,0,0.0,,,,,,0,0.0,1,0.0
966,32.2,1,mask,,0.1905,-0.1141,-0.5742,,,,,,209,0.9167,0.4569,0.0046,28.0,236.0,39.31,0,0.8836,1,0.0
967,32.2333,1,mask,,0.0792,-0.027,-0.487,2.6145,,,,,218,0.982,0.5057,0.0108,28.0,230.0,39.34,0,0.8935,1,0.0
968,32.2667,1,mask,,0.1111,0.0214,-0.4387,1.4502,,,,,220,1.0,0.5262,0.0093,28.0,231.0,38.5,0,0.8948,1,0.0
969,32.3,1,mask,,0.0883,0.0488,-0.4113,0.8228,,,,,216,0.9908,0.4906,0.0075,28.0,226.0,37.96,0,0.8991,1,0.0
970,32.3333,1,mask,,0.1249,0.0706,-0.3894,0.6546,,,,,216,0.9954,0.5284,0.0084,28.0,227.0,37.96,0,0.8929,1,0.0
971,32.3667,1,mask,,0.1295,0.0848,-0.3752,0.4255,,,,,214,1.0,0.5206,0.0079,28.0,224.0,37.15,0,0.8959,1,0.0
972,32.4,1,mask,,0.1904,0.0988,-0.3612,0.4214,,,,,200,0.9132,0.41,0.0093,28.0,221.0,37.39,0,0.892,1,0.0
973,32.4333,1,mask,,0.2382,0.1096,-0.3505,0.3223,,,,,211,0.9906,0.5086,0.0107,28.0,224.0,37.22,0,0.8955,1,0.0
974,32.4667,1,mask,,0.2782,0.1379,-0.3222,0.8482,,,,,209,0.9812,0.4852,0.0113,28.0,224.0,37.55,0,0.8973,1,0.0
975,32.5,1,mask,,0.2337,0.1714,-0.2887,1.0058,,,,,201,0.9437,0.4017,0.0112,28.0,225.0,37.53,0,0.9028,1,0.0
976,32.5333,1,mask,,0.1295,0.1932,-0.2669,0.6538,,,,,192,0.8972,0.3746,0.0142,28.0,215.0,37.73,0,0.8942,1,0.0
977,32.5667,1,mask,,0.2187,0.2073,-0.2527,0.425,,,,,201,0.9393,0.4185,0.0127,28.0,226.0,37.82,0,0.8981,1,0.0
978,32.6,1,mask,,0.2271,0.2143,-0.2458,0.2079,,,,,203,0.9531,0.4311,0.0122,28.0,225.0,37.4,0,0.8997,1,0.0
979,32.6333,1,mask,,0.2342,0.2188,-0.2413,0.1351,,,,,205,0.9624,0.4321,0.0124,28.0,225.0,37.11,0,0.9023,1,0.0
980,32.6667,1,mask,,0.2356,0.2217,-0.2383,0.0878,,,,,204,0.9577,0.4192,0.0119,28.0,225.0,37.26,0,0.9035,1,0.0
981,32.7,1,mask,,0.2582,0.2261,-0.234,0.1308,,,,,184,0.8762,0.4167,0.0142,28.0,219.0,36.95,0,0.8795,1,0.0
982,32.7333,0,,no_mask,,,,,,,,,0,0.0,,,,,,0,0.0,1,0.0
983,32.7667,0,,no_mask,,,,,,,,,0,0.0,,,,,,0,0.0,1,0.0
984,32.8,0,,no_mask,,,,,,,,,0,0.0,,,,,,0,0.0,1,0.0
985,32.8333,0,,no_mask,,,,,,,,,0,0.0,,,,,,0,0.0,1,0.0
986,32.8667,0,,no_mask,,,,,,,,,0,0.0,,,,,,0,0.0,1,0.0
987,32.9,0,,no_mask,,,,,,,,,0,0.0,,,,,,0,0.0,1,0.0
988,32.9333,0,,no_mask,,,,,,,,,0,0.0,,,,,,0,0.0,1,0.0
989,32.9667,0,,no_mask,,,,,,,,,0,0.0,,,,,,0,0.0,1,0.0
990,33.0,0,,no_mask,,,,,,,,,0,0.0,,,,,,0,0.0,1,0.0
991,33.0333,0,,no_mask,,,,,,,,,0,0.0,,,,,,0,0.0,1,0.0
992,33.0667,0,,no_mask,,,,,,,,,0,0.0,,,,,,0,0.0,1,0.0
993,33.1,0,,no_mask,,,,,,,,,0,0.0,,,,,,0,0.0,1,0.0
994,33.1333,0,,no_mask,,,,,,,,,0,0.0,,,,,,0,0.0,1,0.0
995,33.1667,0,,no_mask,,,,,,,,,0,0.0,,,,,,0,0.0,1,0.0
996,33.2,0,,no_mask,,,,,,,,,0,0.0,,,,,,0,0.0,1,0.0
997,33.2333,0,,no_mask,,,,,,,,,0,0.0,,,,,,0,0.0,1,0.0
998,33.2667,0,,no_mask,,,,,,,,,0,0.0,,,,,,0,0.0,1,0.0
999,33.3,0,,no_mask,,,,,,,,,0,0.0,,,,,,0,0.0,1,0.0
1000,33.3333,1,mask,,0.6537,0.3757,-0.0843,,,,,,200,0.9852,0.5783,0.0188,29.0,208.0,37.74,0,0.8799,1,0.0
1001,33.3667,1,mask,,0.6961,0.4804,0.0204,3.141,,,,,150,0.7389,0.3357,0.0223,29.0,203.0,37.27,0,0.8545,1,0.0
1002,33.4,1,mask,,0.6145,0.5411,0.081,1.8192,,,,,198,0.9754,0.5579,0.0201,30.0,203.0,36.83,0,0.881,1,0.0
1003,33.4333,1,mask,,0.6406,0.5782,0.1182,1.1139,,,,,180,0.8867,0.459,0.0221,30.0,203.0,36.78,0,0.8742,1,0.0
1004,33.4667,1,mask,,0.7227,0.6046,0.1446,0.7926,,,,,159,0.7833,0.3419,0.0234,29.0,203.0,37.87,0,0.8666,1,0.0
1005,33.5,1,mask,,0.7597,0.6366,0.1766,0.9601,,,,,168,0.84,0.449,0.0196,29.0,200.0,37.28,0,0.8622,1,0.0
1006,33.5333,1,mask,,0.6929,0.6563,0.1963,0.5908,,,,,193,0.9602,0.5857,0.0223,30.0,200.0,36.95,0,0.8709,1,0.0
1007,33.5667,1,mask,,0.6579,0.6691,0.2091,0.384,,,,,196,0.9703,0.5898,0.021,30.0,201.0,36.81,0,0.8731,1,0.0
1008,33.6,1,mask,,0.6711,0.6774,0.2174,0.2496,,,,,194,0.9652,0.5973,0.0213,30.0,200.0,36.38,0,0.8701,1,0.0
1009,33.6333,1,mask,,0.7263,0.6828,0.2228,0.1622,,,,,195,0.9653,0.5845,0.0179,30.0,201.0,36.58,0,0.8727,1,0.0
1010,33.6667,1,mask,,0.7538,0.6864,0.2263,0.1055,,,,,197,0.985,0.6227,0.0246,30.0,201.0,36.71,0,0.871,1,0.0
1011,33.7,1,mask,,0.8221,0.7003,0.2403,0.4192,,,,,197,0.985,0.6184,0.0203,30.0,201.0,36.86,0,0.8718,1,0.0
1012,33.7333,1,mask,,0.9042,0.7191,0.259,0.5618,,,,,195,0.9799,0.5672,0.0199,30.0,201.0,37.03,0,0.8805,1,0.0
1013,33.7667,1,mask,,0.878,0.7551,0.2951,1.0821,,,,,194,0.9798,0.6021,0.0193,30.0,200.0,36.78,0,0.8735,1,0.0
1014,33.8,1,mask,,0.9044,0.7981,0.3381,1.2904,,,,,194,0.9848,0.5751,0.0187,30.0,200.0,37.21,0,0.8804,1,0.0
1015,33.8333,1,mask,,0.8887,0.8298,0.3698,0.9507,,,,,196,0.9849,0.5854,0.0198,30.0,201.0,37.15,0,0.8784,1,0.0
1016,33.8667,1,mask,,0.8297,0.8504,0.3904,0.618,,,,,196,0.9849,0.5517,0.0189,30.0,201.0,37.4,0,0.8851,1,0.0
1017,33.9,1,mask,,0.8929,0.8638,0.4038,0.4017,,,,,195,0.9799,0.5592,0.0183,30.0,200.0,37.55,0,0.8821,1,0.0
1018,33.9333,1,mask,,0.9241,0.874,0.414,0.3058,,,,,195,0.9799,0.5494,0.018,30.0,200.0,37.68,0,0.8841,1,0.0
1019,33.9667,1,mask,,0.9074,0.8806,0.4206,0.1988,,,,,195,0.9799,0.532,0.0182,30.0,200.0,37.3,0,0.8876,1,0.0
1020,34.0,1,mask,,0.9181,0.89,0.43,0.2812,,,,,196,0.9751,0.4885,0.0195,30.0,203.0,38.68,0,0.8948,1,0.0
1021,34.0333,1,mask,,0.9211,0.8999,0.4398,0.2952,,,,,195,0.975,0.4873,0.0182,30.0,200.0,38.36,0,0.895,1,0.0
1022,34.0667,1,mask,,0.9253,0.9073,0.4472,0.2232,,,,,195,0.975,0.4884,0.0185,30.0,203.0,38.14,0,0.8948,1,0.0
1023,34.1,1,mask,,0.9293,0.9121,0.4521,0.1451,,,,,196,0.9751,0.4782,0.0179,30.0,203.0,38.43,0,0.8969,1,0.0
1024,34.1333,1,mask,,0.914,0.9153,0.4552,0.0943,,,,,195,0.975,0.4799,0.0171,30.0,201.0,38.57,0,0.8965,1,0.0
1025,34.1667,1,mask,,0.9593,0.9188,0.4587,0.105,,,,,191,0.955,0.4106,0.0138,30.0,201.0,38.59,0,0.9044,1,0.0
1026,34.2,1,mask,,0.9425,0.9224,0.4624,0.1101,,,,,191,0.955,0.3768,0.0169,30.0,201.0,38.45,0,0.9111,1,0.0
1027,34.2333,1,mask,,0.9573,0.9295,0.4694,0.2102,,,,,189,0.945,0.3801,0.017,30.0,201.0,38.7,0,0.9075,1,0.0
1028,34.2667,1,mask,,0.9601,0.9392,0.4791,0.2921,,,,,190,0.95,0.3847,0.018,30.0,201.0,38.4,0,0.9081,1,0.0
1029,34.3,1,mask,,0.9859,0.9462,0.4862,0.211,,,,,192,0.9505,0.3867,0.0173,29.0,202.0,39.05,0,0.9078,1,0.0
1030,34.3333,1,mask,,1.0007,0.9511,0.491,0.1455,,,,,191,0.9795,0.3765,0.0192,29.0,203.0,39.18,0,0.9185,1,0.0
1031,34.3667,1,mask,,0.9609,0.9545,0.4945,0.1035,,,,,187,0.9257,0.3287,0.0192,29.0,202.0,39.06,0,0.912,1,0.0
1032,34.4,1,mask,,0.9584,0.9568,0.4967,0.0673,,,,,186,0.9208,0.3444,0.0161,29.5,201.0,39.86,0,0.9074,1,0.0
1033,34.4333,1,mask,,0.9724,0.9622,0.5022,0.1638,,,,,189,0.9643,0.3389,0.0199,29.0,203.0,40.2,0,0.9215,1,0.0
1034,34.4667,1,mask,,0.9724,0.9658,0.5057,0.1063,,,,,187,0.9257,0.3582,0.0191,29.0,201.0,40.76,0,0.9061,1,0.0
1035,34.5,1,mask,,1.0559,0.9681,0.508,0.0691,,,,,185,0.9439,0.3527,0.0164,29.0,203.0,41.0,0,0.9126,1,0.0
1036,34.5333,1,mask,,1.0681,0.9696,0.5095,0.0451,,,,,178,0.9128,0.3442,0.0175,29.0,202.0,40.96,0,0.905,1,0.0
1037,34.5667,1,mask,,1.0154,0.9856,0.5256,0.4813,,,,,185,0.9585,0.3339,0.018,29.0,200.0,41.17,0,0.9208,1,0.0
1038,34.6,1,mask,,1.0173,0.9967,0.5367,0.3331,,,,,186,0.9588,0.3368,0.0185,29.0,200.0,41.51,0,0.9203,1,0.0
1039,34.6333,1,mask,,1.0096,1.0039,0.5439,0.2165,,,,,184,0.9485,0.3519,0.0187,29.0,200.0,42.01,0,0.9142,1,0.0
1040,34.6667,1,mask,,1.0559,1.0086,0.5486,0.1407,,,,,177,0.9267,0.3554,0.017,29.0,197.0,42.34,0,0.9069,1,0.0
1041,34.7,1,mask,,1.1806,1.0117,0.5516,0.0915,,,,,163,0.8534,0.2751,0.0156,28.0,197.0,41.96,0,0.901,1,0.0
1042,34.7333,1,mask,,1.1996,1.0272,0.5671,0.4641,,,,,164,0.8542,0.2892,0.0151,28.0,197.0,40.87,0,0.8984,1,0.0
1043,34.7667,1,mask,,1.1984,1.0809,0.6208,1.6117,,,,,167,0.893,0.3384,0.0149,28.0,194.0,39.62,0,0.9002,1,0.0
1044,34.8,1,mask,,1.2154,1.122,0.662,1.2345,,,,,167,0.8978,0.3809,0.0187,28.0,195.0,38.15,0,0.8932,1,0.0
1045,34.8333,1,mask,,1.1611,1.1488,0.6887,0.8024,,,,,167,0.9027,0.3592,0.0205,28.0,193.0,38.28,0,0.899,1,0.0
1046,34.8667,1,mask,,1.2085,1.1665,0.7065,0.5334,,,,,166,0.9022,0.369,0.0181,28.0,193.0,38.13,0,0.8969,1,0.0
1047,34.9,1,mask,,1.2009,1.1786,0.7185,0.3607,,,,,168,0.913,0.3744,0.0182,28.0,193.0,38.01,0,0.899,1,0.0
1048,34.9333,0,,no_mask,,,,,,,,,0,0.0,,,,,,0,0.0,1,0.0
1049,34.9667,0,,no_mask,,,,,,,,,0,0.0,,,,,,0,0.0,1,0.0
1050,35.0,0,,no_mask,,,,,,,,,0,0.0,,,,,,0,0.0,1,0.0
1051,35.0333,1,mask,,1.188,1.1841,0.7241,,,,,,157,0.9235,0.3668,0.0168,26.0,186.0,37.8,0,0.9037,1,0.0
1052,35.0667,1,mask,,1.1343,1.1761,0.716,-0.2413,,,,,159,0.9521,0.4225,0.0181,27.0,185.0,37.72,0,0.9011,1,0.0
1053,35.1,1,mask,,1.0727,1.1615,0.7014,-0.4387,,,,,156,0.9455,0.4234,0.0225,27.0,183.0,37.66,0,0.899,1,0.0
1054,35.1333,1,mask,,0.9882,1.1412,0.6811,-0.6086,,,,,166,1.0,0.5073,0.0217,27.0,184.0,37.7,0,0.8985,1,0.0
1055,35.1667,1,mask,,1.0598,1.1172,0.6572,-0.7189,,,,,155,0.9337,0.4137,0.0246,27.0,184.0,37.68,0,0.8974,1,0.0
1056,35.2,1,mask,,1.1075,1.1016,0.6416,-0.4673,,,,,152,0.9157,0.3857,0.0252,27.0,177.0,37.48,0,0.8976,1,0.0
1057,35.2333,1,mask,,1.1154,1.0915,0.6315,-0.3038,,,,,157,0.929,0.3921,0.0263,27.0,183.0,37.44,0,0.9003,1,0.0
1058,35.2667,1,mask,,1.1398,1.0971,0.637,0.1675,,,,,168,0.9941,0.4982,0.0155,27.0,187.0,37.44,0,0.8986,1,0.0
1059,35.3,1,mask,,0.9587,1.1007,0.6407,0.1089,,,,,155,0.9936,0.4908,0.0197,26.0,183.0,37.44,0,0.8999,1,0.0
1060,35.3333,1,mask,,0.9629,1.1031,0.643,0.0708,,,,,153,0.9871,0.4784,0.02,26.0,182.0,37.73,0,0.9004,1,0.0
1061,35.3667,1,mask,,1.1607,1.1074,0.6473,0.1291,,,,,155,0.9337,0.3644,0.0229,27.0,180.0,37.8,0,0.9072,1,0.0
1062,35.4,1,mask,,1.2712,1.1187,0.6587,0.3401,,,,,121,0.7246,0.2201,0.0179,27.0,175.0,39.08,0,0.8734,1,0.0
1063,35.4333,1,mask,,1.2851,1.1334,0.6734,0.4411,,,,,139,0.8373,0.246,0.0165,27.0,176.0,39.1,0,0.902,1,0.0
1064,35.4667,1,mask,,1.2905,1.1816,0.7216,1.4465,,,,,137,0.8253,0.2501,0.0155,27.0,177.0,39.84,0,0.8976,1,0.0
1065,35.5,1,mask,,1.2799,1.216,0.756,1.0317,,,,,139,0.8373,0.2631,0.0165,27.0,178.0,40.18,0,0.8986,1,0.0
1066,35.5333,1,mask,,1.2109,1.2384,0.7783,0.6706,,,,,167,0.9598,0.369,0.0131,27.0,184.0,42.12,0,0.9141,1,0.0
1067,35.5667,1,mask,,1.1934,1.2529,0.7929,0.4359,,,,,175,1.0,0.4358,0.01,28.0,185.0,41.85,0,0.9128,1,0.0
1068,35.6,1,mask,,1.1984,1.2382,0.7781,-0.4415,,,,,170,1.0,0.4198,0.0084,27.0,185.0,41.99,0,0.916,1,0.0
1069,35.6333,1,mask,,1.2065,1.2271,0.767,-0.333,,,,,164,0.988,0.4115,0.0094,27.0,185.0,41.81,0,0.9141,1,0.0
1070,35.6667,1,mask,,1.2427,1.2199,0.7598,-0.2164,,,,,166,1.0,0.4123,0.0084,27.0,185.0,41.66,0,0.9175,1,0.0
1071,35.7,1,mask,,1.2892,1.2152,0.7551,-0.1407,,,,,160,0.9639,0.349,0.0094,27.0,185.0,41.29,0,0.9193,1,0.0
1072,35.7333,1,mask,,1.2427,1.2248,0.7648,0.2888,,,,,172,0.9829,0.4036,0.0134,27.0,185.0,41.56,0,0.9141,1,0.0
1073,35.7667,1,mask,,1.2272,1.2311,0.771,0.1877,,,,,175,1.0,0.4372,0.0145,28.0,185.0,41.67,0,0.9126,1,0.0
1074,35.8,1,mask,,1.2934,1.2352,0.7751,0.1224,,,,,168,1.0,0.4217,0.0086,27.0,185.0,41.93,0,0.9157,1,0.0
1075,35.8333,1,mask,,1.2524,1.2412,0.7812,0.1815,,,,,175,0.9943,0.4444,0.0114,28.0,185.0,41.37,0,0.9094,1,0.0
1076,35.8667,1,mask,,1.2611,1.2451,0.7851,0.1179,,,,,175,1.0,0.4426,0.0108,28.0,185.0,41.22,0,0.9115,1,0.0
1077,35.9,1,mask,,1.2554,1.2487,0.7887,0.1076,,,,,175,1.0,0.4422,0.0087,28.0,185.0,41.22,0,0.9116,1,0.0
1078,35.9333,1,mask,,1.3058,1.253,0.793,0.1294,,,,,173,0.9886,0.4185,0.007,28.0,185.0,41.12,0,0.9129,1,0.0
1079,35.9667,1,mask,,1.3242,1.2558,0.7958,0.0841,,,,,173,0.9886,0.4311,0.0055,28.0,185.0,41.29,0,0.9104,1,0.0
1080,36.0,1,mask,,1.3053,1.2731,0.8131,0.5188,,,,,172,0.9829,0.4214,0.0055,28.0,185.0,41.14,0,0.9106,1,0.0
1081,36.0333,1,mask,,1.3666,1.2846,0.8245,0.3432,,,,,171,0.9716,0.4242,0.0006,28.0,185.0,41.08,0,0.9066,1,0.0
1082,36.0667,1,mask,,1.3145,1.295,0.835,0.3138,,,,,157,0.892,0.3532,0.002,28.0,183.0,41.28,0,0.897,1,0.0
1083,36.1,1,mask,,1.3207,1.304,0.844,0.2689,,,,,171,0.9828,0.441,0.0027,28.0,184.0,40.54,0,0.9066,1,0.0
1084,36.1333,1,mask,,1.3108,1.3077,0.8476,0.1099,,,,,161,0.9253,0.3767,0.0011,28.0,183.0,40.11,0,0.9023,1,0.0
1085,36.1667,1,mask,,1.3573,1.3122,0.8522,0.1363,,,,,168,0.9711,0.4099,0.0025,28.0,183.0,39.84,0,0.9094,1,0.0
1086,36.2,1,mask,,1.1859,1.313,0.853,0.0237,,,,,166,0.9379,0.3261,0.0004,29.0,182.0,39.31,0,0.9161,1,0.0
1087,36.2333,1,mask,,1.2981,1.3122,0.8522,-0.0233,,,,,161,0.9306,0.3024,0.0015,28.0,181.0,39.27,0,0.9187,1,0.0
1088,36.2667,1,mask,,1.1565,1.3073,0.8472,-0.1488,,,,,162,0.9474,0.352,0.0,29.0,181.0,38.77,0,0.9138,1,0.0
1089,36.3,1,mask,,0.9877,1.2648,0.8047,-1.2745,,,,,146,0.8588,0.2707,0.0039,29.0,180.0,38.69,0,0.9035,1,0.0
1090,36.3333,1,mask,,1.0103,1.2269,0.7668,-1.1368,,,,,157,0.8971,0.2772,0.0005,29.0,177.0,39.3,0,0.9137,1,0.0
1091,36.3667,1,mask,,0.9782,1.1511,0.691,-2.2741,,,,,159,0.9086,0.2782,0.0015,29.0,178.0,39.36,0,0.9169,1,0.0
1092,36.4,1,mask,,1.008,1.101,0.641,-1.502,,,,,159,0.9086,0.2846,0.0039,28.0,177.0,39.24,0,0.9157,1,0.0
1093,36.4333,1,mask,,0.9943,1.0637,0.6036,-1.1211,,,,,160,0.9195,0.2831,0.0014,28.5,178.0,39.22,0,0.9192,1,0.0
1094,36.4667,1,mask,,0.9828,1.0394,0.5793,-0.7287,,,,,160,0.8939,0.2879,0.0017,29.0,179.0,39.54,0,0.9106,1,0.0
1095,36.5,1,mask,,0.9422,1.0196,0.5595,-0.5939,,,,,160,0.8989,0.2979,0.0008,29.0,179.0,40.0,0,0.9101,1,0.0
1096,36.5333,1,mask,,0.8796,1.0067,0.5467,-0.386,,,,,159,0.9086,0.3163,0.0016,29.0,180.0,40.44,0,0.9093,1,0.0
1097,36.5667,1,mask,,0.9186,0.9841,0.5241,-0.6774,,,,,159,0.9138,0.3175,0.0003,29.0,179.0,40.64,0,0.9106,1,0.0
1098,36.6,1,mask,,0.8317,0.9612,0.5011,-0.6878,,,,,136,0.7771,0.26,0.0067,29.0,179.0,41.54,0,0.8811,1,0.0
1099,36.6333,1,mask,,0.8831,0.9339,0.4738,-0.8202,,,,,162,0.9153,0.3409,0.0007,29.0,181.0,41.69,0,0.9064,1,0.0
1100,36.6667,1,mask,,0.8825,0.9159,0.4558,-0.5392,,,,,163,0.9209,0.3418,0.0003,29.0,181.0,41.49,0,0.9079,1,0.0
1101,36.7,1,mask,,0.9164,0.9044,0.4443,-0.3444,,,,,166,0.9432,0.337,0.0015,29.0,182.0,41.65,0,0.9155,1,0.0
1102,36.7333,1,mask,,0.8055,0.8967,0.4367,-0.23,,,,,133,0.7557,0.1932,0.0007,29.0,167.0,41.4,0,0.8881,1,0.0
1103,36.7667,1,mask,,0.8046,0.8917,0.4317,-0.1495,,,,,134,0.7614,0.1877,0.0014,29.0,179.0,41.77,0,0.8909,1,0.0
1104,36.8,1,mask,,0.7835,0.8615,0.4015,-0.906,,,,,132,0.75,0.1805,0.0004,29.0,166.0,41.63,0,0.8889,1,0.0
1105,36.8333,1,mask,,0.795,0.8416,0.3816,-0.5975,,,,,136,0.7684,0.1812,0.0007,29.0,180.0,41.73,0,0.8943,1,0.0
1106,36.8667,1,mask,,0.9537,0.8287,0.3686,-0.3884,,,,,162,0.9205,0.2798,0.0006,29.0,182.0,41.95,0,0.9202,1,0.0
1107,36.9,1,mask,,0.8972,0.8203,0.3602,-0.2525,,,,,152,0.8352,0.2205,0.0013,29.0,181.0,42.12,0,0.9064,1,0.0
1108,36.9333,1,mask,,0.9234,0.8472,0.3871,0.8079,,,,,154,0.8462,0.2352,0.0017,29.0,181.0,41.88,0,0.9068,1,0.0
1109,36.9667,1,mask,,0.9883,0.8739,0.4138,0.8003,,,,,161,0.8944,0.3004,0.0016,29.0,182.0,41.45,0,0.9083,1,0.0
1110,37.0,1,mask,,1.1085,0.9018,0.4418,0.8381,,,,,170,0.9827,0.3527,0.0015,28.0,182.0,41.34,0,0.9243,1,0.0
1111,37.0333,1,mask,,1.1667,0.9321,0.472,0.9077,,,,,171,0.9884,0.3832,0.0039,28.0,182.0,41.5,0,0.9199,1,0.0
1112,37.0667,1,mask,,1.151,0.9938,0.5338,1.8521,,,,,171,0.9884,0.3827,0.0043,28.0,182.0,40.89,0,0.92,1,0.0
1113,37.1,1,mask,,1.186,1.0488,0.5888,1.6507,,,,,171,0.9884,0.391,0.0037,28.0,182.0,40.61,0,0.9183,1,0.0
1114,37.1333,1,mask,,1.1961,1.0901,0.63,1.238,,,,,169,0.9826,0.3825,0.0018,28.0,181.0,41.94,0,0.9183,1,0.0
1115,37.1667,1,mask,,1.0684,1.1169,0.6569,0.8047,,,,,156,0.8966,0.2788,0.0048,28.0,181.0,41.24,0,0.9132,1,0.0
1116,37.2,1,mask,,1.0874,1.1289,0.6688,0.358,,,,,155,0.8908,0.2863,0.0052,28.0,181.0,40.94,0,0.91,1,0.0
1117,37.2333,1,mask,,1.1134,1.1234,0.6634,-0.1627,,,,,157,0.9023,0.2958,0.0057,28.0,181.0,40.63,0,0.9115,1,0.0
1118,37.2667,1,mask,,1.1047,1.1169,0.6568,-0.1962,,,,,159,0.9138,0.321,0.0058,28.0,181.0,40.91,0,0.9099,1,0.0
1119,37.3,1,mask,,1.1374,1.1126,0.6526,-0.1275,,,,,161,0.9253,0.331,0.0059,28.0,182.0,40.73,0,0.9114,1,0.0
1120,37.3333,1,mask,,1.1425,1.1129,0.6528,0.0075,,,,,168,0.9655,0.3879,0.0063,28.0,182.0,40.84,0,0.9121,1,0.0
1121,37.3667,1,mask,,1.1174,1.1145,0.6544,0.0475,,,,,153,0.8793,0.2977,0.0057,28.0,181.0,40.82,0,0.9043,1,0.0
1122,37.4,1,mask,,1.2585,1.1225,0.6625,0.2411,,,,,171,0.9828,0.4207,0.0041,28.0,183.0,40.68,0,0.9107,1,0.0
1123,37.4333,1,mask,,1.2387,1.1295,0.6695,0.2102,,,,,166,0.9486,0.3875,0.0042,28.0,184.0,41.22,0,0.9071,1,0.0
1124,37.4667,1,mask,,1.2144,1.1592,0.6992,0.8911,,,,,159,0.9086,0.3386,0.0045,28.0,182.0,41.25,0,0.9048,1,0.0
1125,37.5,1,mask,,1.2076,1.1785,0.7185,0.5792,,,,,161,0.92,0.3521,0.0046,28.0,182.0,40.98,0,0.9056,1,0.0
1126,37.5333,1,mask,,1.223,1.1941,0.734,0.4671,,,,,160,0.9143,0.3562,0.0053,28.0,182.0,41.13,0,0.9031,1,0.0
1127,37.5667,1,mask,,1.2806,1.2042,0.7442,0.3036,,,,,173,0.9886,0.3854,0.0052,28.0,184.0,40.41,0,0.9195,1,0.0
1128,37.6,1,mask,,1.3008,1.2108,0.7507,0.1974,,,,,173,0.9886,0.393,0.0051,28.0,184.0,40.4,0,0.918,1,0.0
1129,37.6333,1,mask,,1.2977,1.2352,0.7752,0.7327,,,,,174,0.9943,0.3831,0.006,28.0,184.0,40.3,0,0.9217,1,0.0
1130,37.6667,1,mask,,1.3341,1.2571,0.7971,0.6565,,,,,172,1.0,0.3716,0.0062,27.0,184.0,39.76,0,0.9257,1,0.0
1131,37.7,1,mask,,1.2756,1.2713,0.8113,0.4268,,,,,174,0.9943,0.3818,0.0064,28.0,184.0,39.16,0,0.9219,1,0.0
1132,37.7333,1,mask,,1.2775,1.2806,0.8205,0.2774,,,,,168,0.96,0.3081,0.0057,28.0,180.0,38.79,0,0.9264,1,0.0
1133,37.7667,1,mask,,1.3475,1.2866,0.8265,0.1803,,,,,173,0.983,0.3265,0.0067,28.0,185.0,38.89,0,0.9296,1,0.0
1134,37.8,1,mask,,1.3565,1.3032,0.8432,0.4992,,,,,174,0.9886,0.3149,0.0074,28.0,185.0,39.46,0,0.9336,1,0.0
1135,37.8333,1,mask,,1.3475,1.3187,0.8587,0.4645,,,,,166,0.9765,0.3439,0.0104,27.0,181.0,39.2,0,0.9242,1,0.0
1136,37.8667,1,mask,,1.3587,1.3288,0.8687,0.3019,,,,,169,0.9883,0.3712,0.0104,27.0,185.0,39.29,0,0.9223,1,0.0
1137,37.9,1,mask,,1.3827,1.3385,0.8784,0.2911,,,,,166,0.9765,0.3643,0.0119,27.0,184.0,39.38,0,0.9201,1,0.0
1138,37.9333,1,mask,,1.26,1.3448,0.8847,0.1892,,,,,158,0.8977,0.2431,0.0084,28.0,183.0,38.8,0,0.9207,1,0.0
1139,37.9667,1,mask,,1.4108,1.3496,0.8896,0.1459,,,,,175,1.0,0.4671,0.012,27.0,186.0,38.47,0,0.9066,1,0.0
1140,38.0,1,mask,,1.4204,1.3612,0.9012,0.3474,,,,,175,1.0,0.4842,0.0124,27.0,186.0,38.22,0,0.9032,1,0.0
1141,38.0333,1,mask,,1.4493,1.3786,0.9185,0.5205,,,,,174,0.9943,0.4736,0.0125,27.0,186.0,38.27,0,0.9036,1,0.0
1142,38.0667,1,mask,,1.5209,1.3932,0.9331,0.4387,,,,,170,0.9714,0.5361,0.0135,27.0,185.0,38.03,0,0.8842,1,0.0
1143,38.1,1,mask,,1.5228,1.4128,0.9528,0.5893,,,,,171,0.9828,0.5799,0.0127,27.0,186.0,38.6,0,0.8788,1,0.0
1144,38.1333,1,mask,,1.5147,1.4485,0.9884,1.0694,,,,,173,1.0,0.6566,0.013,27.0,186.0,38.58,0,0.8687,1,0.0
1145,38.1667,1,mask,,1.5957,1.4738,1.0138,0.7599,,,,,174,1.0,0.706,0.0124,27.0,186.0,38.86,0,0.8588,1,0.0
1146,38.2,1,mask,,1.9753,1.4909,1.0309,0.514,,,,,153,0.9387,0.6763,0.0104,26.0,185.0,38.69,0,0.8463,1,0.0
1147,38.2333,1,mask,,1.6959,1.5276,1.0676,1.1004,,,,,163,1.0,0.7995,0.0075,26.0,186.0,39.04,0,0.8401,1,0.0
1148,38.2667,1,mask,,1.7386,1.5865,1.1265,1.7669,,,,,163,1.0,0.785,0.0067,26.0,186.0,39.06,0,0.843,1,0.0
1149,38.3,1,mask,,1.9955,1.6397,1.1797,1.5965,,,,,151,0.9264,0.5947,0.0106,26.0,174.0,39.17,0,0.859,1,0.0
1150,38.3333,1,mask,,1.7801,1.6889,1.2288,1.4732,,,,,163,1.0,0.7906,0.0063,26.0,186.0,39.17,0,0.8419,1,0.0
1151,38.3667,1,mask,,1.7178,1.7063,1.2462,0.5221,,,,,163,1.0,0.739,0.0061,26.0,186.0,44.29,0,0.8522,1,0.0
1152,38.4,1,mask,,1.7469,1.7205,1.2604,0.4265,,,,,163,1.0,0.7595,0.0064,26.0,186.0,44.25,0,0.8481,1,0.0
1153,38.4333,1,mask,,1.739,1.7297,1.2697,0.2772,,,,,163,1.0,0.7433,0.0057,26.0,186.0,44.56,0,0.8513,1,0.0
1154,38.4667,1,mask,,1.6819,1.733,1.2729,0.0975,,,,,163,1.0,0.7884,0.0078,26.0,186.0,44.47,0,0.8423,1,0.0
1155,38.5,1,mask,,1.6016,1.7277,1.2676,-0.159,,,,,173,0.9943,0.6597,0.0135,27.0,185.0,43.79,0,0.8663,1,0.0
1156,38.5333,1,mask,,1.8691,1.7316,1.2716,0.119,,,,,162,0.931,0.5298,0.0158,27.0,174.0,43.73,0,0.8734,1,0.0
1157,38.5667,1,mask,,1.957,1.7342,1.2742,0.0774,,,,,163,0.9368,0.5667,0.0094,27.0,175.0,43.43,0,0.8677,1,0.0
1158,38.6,1,mask,,1.7399,1.7362,1.2762,0.0601,,,,,174,1.0,0.7076,0.0041,27.0,186.0,43.38,0,0.8585,1,0.0
1159,38.6333,1,mask,,1.7084,1.7375,1.2775,0.0391,,,,,169,0.9713,0.6563,0.0024,26.0,181.0,42.77,0,0.8601,1,0.0
1160,38.6667,1,mask,,1.5681,1.7384,1.2783,0.0254,,,,,144,0.878,0.5653,0.0073,26.0,173.0,42.84,0,0.8504,1,0.0
1161,38.7,1,mask,,1.3826,1.7279,1.2678,-0.3143,,,,,152,0.8837,0.5451,0.001,26.5,167.0,42.5,0,0.8561,1,0.0
1162,38.7333,1,mask,,1.4366,1.6719,1.2119,-1.6781,,,,,154,0.9448,0.8895,0.0051,26.0,176.0,34.02,0,0.8055,1,0.0
1163,38.7667,1,mask,,1.3764,1.5896,1.1295,-2.4707,,,,,153,0.9329,0.7485,0.0064,26.0,175.0,33.33,0,0.8302,1,0.0
1164,38.8,1,mask,,1.4591,1.5361,1.076,-1.606,,,,,154,0.9448,0.7648,0.008,26.0,176.0,33.32,0,0.8305,1,0.0
1165,38.8333,1,mask,,1.4074,1.491,1.031,-1.3505,,,,,154,0.9333,0.7587,0.0089,26.0,175.0,33.19,0,0.8283,1,0.0
1166,38.8667,1,mask,,1.4428,1.472,1.0119,-0.5712,,,,,156,0.9455,0.7757,0.0094,26.0,177.0,42.69,0,0.8285,1,0.0
1167,38.9,1,mask,,1.1951,1.4494,0.9894,-0.6779,,,,,147,0.8909,0.6238,0.0071,26.0,168.0,43.21,0,0.8425,1,0.0
1168,38.9333,1,mask,,1.2013,1.4347,0.9747,-0.4407,,,,,147,0.8909,0.6069,0.008,26.0,168.0,43.21,0,0.8459,1,0.0
1169,38.9667,1,mask,,1.1918,1.353,0.893,-2.4512,,,,,147,0.8909,0.5977,0.0078,26.0,168.0,43.04,0,0.8477,1,0.0
1170,39.0,1,mask,,1.5703,1.2999,0.8398,-1.5933,,,,,139,0.8373,0.5453,0.0146,26.0,159.0,43.53,0,0.8421,1,0.0
1171,39.0333,1,mask,,1.2493,1.2654,0.8053,-1.0356,,,,,148,0.897,0.5676,0.013,26.0,168.0,44.43,0,0.8556,1,0.0
1172,39.0667,1,mask,,1.2367,1.2553,0.7953,-0.3011,,,,,148,0.897,0.5749,0.0129,26.0,168.0,44.43,0,0.8541,1,0.0
1173,39.1,1,mask,,1.2058,1.2488,0.7888,-0.1957,,,,,141,0.8812,0.5656,0.0165,25.0,168.0,43.87,0,0.8513,1,0.0
1174,39.1333,1,mask,,1.2437,1.247,0.787,-0.0539,,,,,141,0.8545,0.5197,0.0195,25.0,167.0,43.66,0,0.8524,1,0.0
1175,39.1667,1,mask,,1.116,1.2434,0.7833,-0.1084,,,,,142,0.8875,0.6053,0.0196,25.0,167.0,42.88,0,0.8452,1,0.0
1176,39.2,1,mask,,1.0261,1.2302,0.7702,-0.3952,,,,,142,0.8875,0.5915,0.0202,25.0,167.0,42.92,0,0.848,1,0.0
1177,39.2333,1,mask,,1.0162,1.1903,0.7302,-1.1992,,,,,142,0.8875,0.5966,0.0207,25.0,167.0,43.24,0,0.8469,1,0.0
1178,39.2667,1,mask,,1.0243,1.1328,0.6728,-1.7232,,,,,142,0.8875,0.5989,0.019,25.0,167.0,41.77,0,0.8465,1,0.0
1179,39.3,1,mask,,1.1703,1.0955,0.6354,-1.1201,,,,,143,0.8882,0.5541,0.0129,25.0,168.0,42.92,0,0.8556,1,0.0
1180,39.3333,1,mask,,1.2576,1.0712,0.6112,-0.7281,,,,,143,0.8882,0.5811,0.0135,25.0,168.0,42.45,0,0.8502,1,0.0
1181,39.3667,1,mask,,1.1666,1.1046,0.6445,1.0012,,,,,143,0.8882,0.5449,0.0113,25.0,168.0,42.35,0,0.8575,1,0.0
1182,39.4,1,mask,,1.0179,1.1263,0.6662,0.6508,,,,,138,0.8519,0.4325,0.0076,25.0,162.0,41.95,0,0.869,1,0.0
1183,39.4333,1,mask,,1.0521,1.1404,0.6803,0.423,,,,,141,0.8704,0.4434,0.0041,25.0,166.0,40.73,0,0.8724,1,0.0
1184,39.4667,1,mask,,1.0842,1.1207,0.6607,-0.5899,,,,,134,0.8171,0.3944,0.0089,25.0,164.0,40.16,0,0.8662,1,0.0
1185,39.5,1,mask,,1.1322,1.1079,0.6479,-0.3834,,,,,129,0.7866,0.356,0.015,25.0,160.0,39.97,0,0.8648,1,0.0
1186,39.5333,1,mask,,1.2421,1.0996,0.6396,-0.2492,,,,,144,0.878,0.4412,0.0126,25.0,167.0,42.25,0,0.8752,1,0.0
1187,39.5667,1,mask,,1.3139,1.111,0.651,0.3425,,,,,145,0.8896,0.464,0.0154,25.0,169.0,41.13,0,0.8741,1,0.0
1188,39.6,1,mask,,1.2654,1.1569,0.6969,1.3765,,,,,146,0.8902,0.4592,0.0165,25.0,169.0,41.36,0,0.8752,1,0.0
1189,39.6333,1,mask,,1.1294,1.1867,0.7267,0.8947,,,,,142,0.8606,0.3864,0.0196,25.0,171.0,41.81,0,0.8809,1,0.0
1190,39.6667,1,mask,,0.9981,1.2061,0.7461,0.5816,,,,,135,0.8232,0.3101,0.0187,25.0,167.0,41.96,0,0.8849,1,0.0
1191,39.7,1,mask,,0.9008,1.1793,0.7192,-0.8056,,,,,145,0.8735,0.3787,0.0206,25.0,168.0,42.19,0,0.8863,1,0.0
1192,39.7333,1,mask,,0.9104,1.1159,0.6558,-1.9024,,,,,141,0.8443,0.3433,0.0203,25.0,166.0,42.19,0,0.8846,1,0.0
1193,39.7667,1,mask,,0.8629,1.0439,0.5839,-2.1577,,,,,138,0.8214,0.332,0.0175,25.0,166.0,42.61,0,0.88,1,0.0
1194,39.8,1,mask,,0.885,0.9938,0.5338,-1.503,,,,,137,0.8107,0.3295,0.0219,25.0,137.0,43.29,0,0.8773,1,0.0
1195,39.8333,1,mask,,0.8729,0.9557,0.4957,-1.1426,,,,,140,0.8284,0.3357,0.0177,25.0,140.0,43.17,0,0.8814,1,0.0
1196,39.8667,1,mask,,0.9512,0.931,0.4709,-0.7427,,,,,143,0.8462,0.3535,0.0228,25.0,167.0,43.22,0,0.8831,1,0.0
1197,39.9,1,mask,,0.9778,0.9149,0.4548,-0.4828,,,,,144,0.8521,0.3567,0.0225,25.0,168.0,43.24,0,0.8843,1,0.0
1198,39.9333,1,mask,,0.9866,0.9276,0.4676,0.3817,,,,,142,0.8452,0.3384,0.0192,25.0,168.0,43.25,0,0.8859,1,0.0
1199,39.9667,1,mask,,0.9957,0.9452,0.4851,0.5267,,,,,140,0.8284,0.336,0.0192,25.0,168.0,43.22,0,0.8813,1,0.0
1200,40.0,1,mask,,0.0885,0.9566,0.4965,0.3423,,,,,260,0.8874,0.8101,0.0134,28.0,298.0,40.2,0,0.8042,1,0.0
1201,40.0333,1,mask,,0.248,0.964,0.504,0.2225,,,,,268,0.9371,0.9093,0.0163,28.0,303.0,40.07,0,0.7993,1,0.0
1202,40.0667,1,mask,,0.2904,0.7282,0.2682,-7.0727,,,,,286,1.0,1.0532,0.0168,28.0,307.0,40.03,0,0.7894,1,0.0
1203,40.1,1,mask,,0.2841,0.5728,0.1128,-4.6632,,,,,285,0.9965,1.0447,0.0173,28.0,306.0,40.0,0,0.79,1,0.0
1204,40.1333,1,mask,,0.3002,0.4718,0.0117,-3.0311,,,,,286,1.0,1.0532,0.0179,28.0,307.0,39.92,0,0.7894,1,0.0
1205,40.1667,1,mask,,0.3005,0.4083,-0.0518,-1.9042,,,,,286,1.0,1.0545,0.0177,28.0,307.0,39.92,0,0.7891,1,0.0
1206,40.2,1,mask,,0.3035,0.3705,-0.0896,-1.1348,,,,,286,1.0,1.0596,0.0177,28.0,307.0,39.91,0,0.7881,1,0.0
1207,40.2333,1,mask,,0.3047,0.346,-0.1141,-0.7346,,,,,286,1.0,1.0596,0.0174,28.0,307.0,39.98,0,0.7881,1,0.0
1208,40.2667,1,mask,,0.3055,0.3311,-0.1289,-0.4456,,,,,286,1.0,1.0585,0.0172,28.0,307.0,39.89,0,0.7883,1,0.0
1209,40.3,1,mask,,0.2634,0.3215,-0.1386,-0.2896,,,,,283,0.993,1.0563,0.0176,28.0,305.0,39.6,0,0.7866,1,0.0
1210,40.3333,1,mask,,0.2648,0.3152,-0.1449,-0.1882,,,,,283,0.993,1.0677,0.0176,28.0,305.0,39.55,0,0.7843,1,0.0
1211,40.3667,1,mask,,0.2633,0.2976,-0.1625,-0.5292,,,,,285,0.993,1.0697,0.0178,28.0,305.0,39.44,0,0.784,1,0.0
1212,40.4,1,mask,,0.2888,0.2861,-0.174,-0.344,,,,,283,0.993,1.0322,0.0155,28.0,305.0,39.39,0,0.7915,1,0.0
1213,40.4333,1,mask,,0.2508,0.2782,-0.1819,-0.2378,,,,,289,0.9931,1.048,0.0177,28.0,305.0,39.38,0,0.7883,1,0.0
1214,40.4667,1,mask,,0.2422,0.2729,-0.1871,-0.1566,,,,,279,0.9588,0.9578,0.0172,28.0,302.0,39.5,0,0.7961,1,0.0
1215,40.5,1,mask,,0.4026,0.2696,-0.1905,-0.1018,,,,,215,0.7388,0.5522,0.0219,29.0,252.0,39.64,0,0.8112,1,0.0
1216,40.5333,1,mask,,0.2951,0.2763,-0.1838,0.2022,,,,,157,0.5509,0.2764,0.024,30.0,249.0,39.49,0,0.81,1,0.0
1217,40.5667,1,mask,,0.1481,0.2674,-0.1927,-0.2682,,,,,248,0.8493,0.7435,0.0213,29.0,294.0,39.11,0,0.8061,1,0.0
1218,40.6,1,mask,,-0.0033,0.2585,-0.2015,-0.2645,,,,,260,0.8904,0.8015,0.0203,29.0,294.0,39.14,0,0.8068,1,0.0
1219,40.6333,1,mask,,-0.0292,0.2199,-0.2402,-1.1597,,,,,260,0.8904,0.7873,0.021,29.0,294.0,39.19,0,0.8097,1,0.0
1220,40.6667,1,mask,,-0.043,0.1418,-0.3183,-2.343,,,,,259,0.887,0.7831,0.0209,29.0,293.0,39.35,0,0.8095,1,0.0
1221,40.7,1,mask,,0.028,0.091,-0.369,-1.523,,,,,267,0.9435,0.8519,0.0211,29.0,293.0,39.71,0,0.8127,1,0.0
1222,40.7333,1,mask,,0.0179,0.058,-0.402,-0.9899,,,,,250,0.8803,0.7491,0.0217,29.0,293.0,39.79,0,0.8143,1,0.0
1223,40.7667,1,mask,,-0.0225,0.0298,-0.4302,-0.8458,,,,,252,0.8873,0.7659,0.0221,29.0,293.0,39.8,0,0.813,1,0.0
1224,40.8,1,mask,,-0.0582,0.0115,-0.4485,-0.5498,,,,,252,0.8873,0.775,0.0214,29.0,293.0,40.03,0,0.8112,1,0.0
1225,40.8333,1,mask,,-0.1983,-0.0004,-0.4605,-0.3573,,,,,244,0.8622,0.7608,0.0183,30.0,289.0,39.92,0,0.8065,1,0.0
1226,40.8667,1,mask,,-0.1286,-0.0206,-0.4807,-0.6064,,,,,249,0.8799,0.8074,0.0176,30.0,293.0,39.94,0,0.8025,1,0.0
1227,40.9,1,mask,,-0.1191,-0.0551,-0.5151,-1.0337,,,,,248,0.8794,0.8182,0.0177,30.0,293.0,40.03,0,0.8002,1,0.0
1228,40.9333,1,mask,,-0.0825,-0.0775,-0.5375,-0.6719,,,,,267,0.9468,0.9388,0.0188,29.0,293.0,40.11,0,0.7963,1,0.0
1229,40.9667,1,mask,,-0.1169,-0.092,-0.5521,-0.4367,,,,,253,0.8972,0.8876,0.0165,30.0,293.0,39.94,0,0.7916,1,0.0
1230,41.0,1,mask,,-0.1138,-0.1007,-0.5608,-0.2611,,,,,267,0.9468,0.98,0.0166,30.0,293.0,39.95,0,0.788,1,0.0
1231,41.0333,1,mask,,-0.1118,-0.1053,-0.5654,-0.1372,,,,,267,0.9468,0.9796,0.0164,30.0,293.0,39.93,0,0.7881,1,0.0
1232,41.0667,1,mask,,-0.0712,-0.1076,-0.5676,-0.0683,,,,,266,0.9433,0.9893,0.0157,29.0,292.0,39.78,0,0.7851,1,0.0
1233,41.1,1,mask,,-0.0808,-0.1091,-0.5691,-0.0444,,,,,266,0.9433,0.9584,0.0161,29.0,293.0,39.54,0,0.7913,1,0.0
1234,41.1333,1,mask,,-0.1206,-0.11,-0.5701,-0.0289,,,,,268,0.947,0.9871,0.0163,29.0,293.0,39.4,0,0.7867,1,0.0
1235,41.1667,1,mask,,-0.1285,-0.1107,-0.5707,-0.0188,,,,,269,0.9472,1.0123,0.0168,29.0,293.0,39.3,0,0.7817,1,0.0
1236,41.2,1,mask,,-0.1136,-0.1117,-0.5717,-0.0305,,,,,273,0.9613,1.0439,0.0182,29.0,297.0,39.26,0,0.7796,1,0.0
1237,41.2333,1,mask,,-0.1601,-0.1148,-0.5749,-0.0942,,,,,268,0.947,1.0044,0.0171,30.0,293.0,39.49,0,0.7832,1,0.0
1238,41.2667,1,mask,,-0.1795,-0.1196,-0.5797,-0.1438,,,,,258,0.9117,0.9776,0.0172,30.0,288.0,39.45,0,0.778,1,0.0
1239,41.3,1,mask,,-0.0838,-0.1227,-0.5828,-0.0935,,,,,264,0.967,1.0297,0.0185,30.0,296.0,39.41,0,0.7842,1,0.0
1240,41.3333,1,mask,,-0.0836,-0.1195,-0.5796,0.0962,,,,,264,0.9706,1.0536,0.0181,30.0,297.0,39.63,0,0.7805,1,0.0
1241,41.3667,1,mask,,-0.227,-0.1337,-0.5938,-0.4267,,,,,257,0.9414,0.9971,0.0153,30.0,289.0,39.95,0,0.783,1,0.0
1242,41.4,1,mask,,-0.1823,-0.1498,-0.6098,-0.4806,,,,,262,0.9562,1.0452,0.0154,30.0,293.0,40.06,0,0.7778,1,0.0
1243,41.4333,1,mask,,-0.302,-0.1612,-0.6212,-0.3421,,,,,220,0.8,0.763,0.0141,31.0,286.0,40.31,0,0.7874,1,0.0
1244,41.4667,1,mask,,-0.252,-0.1842,-0.6443,-0.6914,,,,,259,0.9384,0.9798,0.0144,30.0,291.0,40.54,0,0.7856,1,0.0
1245,41.5,1,mask,,-0.3496,-0.2079,-0.668,-0.7124,,,,,213,0.769,0.673,0.0099,31.0,286.0,40.56,0,0.7961,1,0.0
1246,41.5333,1,mask,,-0.3561,-0.2409,-0.7009,-0.988,,,,,197,0.7138,0.5301,0.0104,31.0,285.0,40.7,0,0.8081,1,0.0
1247,41.5667,1,mask,,-0.3264,-0.2708,-0.7309,-0.898,,,,,204,0.7445,0.648,0.0086,31.0,285.0,40.76,0,0.7938,1,0.0
1248,41.6,1,mask,,-0.2822,-0.2903,-0.7503,-0.5837,,,,,247,0.9081,0.9507,0.0096,31.0,286.0,40.59,0,0.7823,1,0.0
1249,41.6333,1,mask,,-0.3021,-0.3029,-0.763,-0.3794,,,,,249,0.9121,0.8908,0.0098,30.0,287.0,40.8,0,0.7955,1,0.0
1250,41.6667,1,mask,,-0.2925,-0.3026,-0.7627,0.0082,,,,,251,0.9228,0.8766,0.01,30.0,287.0,40.72,0,0.8015,1,0.0
1251,41.7,1,mask,,-0.2957,-0.3002,-0.7603,0.0727,,,,,250,0.9158,0.8839,0.0097,30.0,287.0,40.69,0,0.7979,1,0.0
1252,41.7333,1,mask,,-0.2305,-0.2975,-0.7576,0.0816,,,,,249,0.9222,0.8889,0.0092,30.0,287.0,40.57,0,0.7989,1,0.0
1253,41.7667,1,mask,,-0.3022,-0.2969,-0.7569,0.0187,,,,,247,0.9114,0.7892,0.0089,30.0,287.0,40.81,0,0.8156,1,0.0
1254,41.8,1,mask,,-0.3406,-0.2965,-0.7565,0.0122,,,,,195,0.7196,0.475,0.0072,31.0,286.0,40.82,0,0.8209,1,0.0
1255,41.8333,1,mask,,-0.3101,-0.2985,-0.7585,-0.06,,,,,252,0.9299,0.7703,0.0088,30.0,287.0,40.82,0,0.8249,1,0.0
1256,41.8667,1,mask,,-0.3208,-0.3025,-0.7626,-0.1217,,,,,257,0.9345,0.7457,0.0094,30.0,287.0,40.74,0,0.8312,1,0.0
1257,41.9,1,mask,,-0.3482,-0.3089,-0.769,-0.1919,,,,,229,0.8327,0.5939,0.0075,31.0,286.0,40.45,0,0.831,1,0.0
1258,41.9333,1,mask,,-0.3462,-0.32,-0.7801,-0.3325,,,,,234,0.8509,0.6127,0.0082,31.0,286.0,40.41,0,0.8327,1,0.0
1259,41.9667,1,mask,,-0.3424,-0.3278,-0.7879,-0.2348,,,,,258,0.9281,0.7349,0.0085,30.0,287.0,40.21,0,0.8314,1,0.0
1260,42.0,1,mask,,-0.3151,-0.3329,-0.793,-0.1526,,,,,256,0.9046,0.6539,0.0088,30.0,288.0,40.21,0,0.8406,1,0.0
1261,42.0333,1,mask,,-0.2692,-0.3362,-0.7963,-0.0992,,,,,262,0.9458,0.8052,0.0072,30.0,292.0,40.24,0,0.8227,1,0.0
1262,42.0667,1,mask,,-0.3279,-0.3333,-0.7934,0.0879,,,,,247,0.8853,0.6668,0.0087,30.0,287.0,40.23,0,0.8322,1,0.0
1263,42.1,1,mask,,-0.3377,-0.3314,-0.7915,0.0572,,,,,260,0.9286,0.7467,0.0092,30.0,287.0,40.22,0,0.8292,1,0.0
1264,42.1333,1,mask,,-0.3051,-0.3257,-0.7858,0.1709,,,,,238,0.8207,0.4793,0.0138,31.0,286.0,40.53,0,0.8504,1,0.0
1265,42.1667,1,mask,,-0.3709,-0.3265,-0.7865,-0.0227,,,,,217,0.7862,0.4886,0.0071,31.0,286.0,40.79,0,0.8382,1,0.0
1266,42.2,1,mask,,-0.3331,-0.3288,-0.7888,-0.0697,,,,,225,0.784,0.479,0.0096,31.0,286.0,40.73,0,0.8394,1,0.0
1267,42.2333,1,mask,,-0.3824,-0.3319,-0.792,-0.0935,,,,,216,0.777,0.5,0.0066,31.0,286.0,40.76,0,0.8331,1,0.0
1268,42.2667,1,mask,,-0.3864,-0.3456,-0.8056,-0.4095,,,,,218,0.7899,0.5261,0.0058,31.0,286.0,40.91,0,0.8317,1,0.0
1269,42.3,1,mask,,-0.4714,-0.3585,-0.8185,-0.387,,,,,186,0.6739,0.3689,0.0003,31.0,278.0,41.49,0,0.8284,1,0.0
1270,42.3333,1,mask,,-0.4671,-0.3682,-0.8283,-0.2935,,,,,199,0.721,0.4388,0.0014,31.0,279.0,41.38,0,0.8285,1,0.0
1271,42.3667,1,mask,,-0.4177,-0.3856,-0.8456,-0.5198,,,,,210,0.7609,0.5136,0.0044,31.0,286.0,41.37,0,0.8255,1,0.0
1272,42.4,1,mask,,-0.3929,-0.3968,-0.8569,-0.3379,,,,,212,0.7653,0.5421,0.0049,31.0,286.0,41.72,0,0.8212,1,0.0
1273,42.4333,1,mask,,-0.1939,-0.4041,-0.8642,-0.2196,,,,,273,0.9891,1.0409,0.0067,31.0,304.0,41.57,0,0.7886,1,0.0
1274,42.4667,1,mask,,-0.1889,-0.4002,-0.8603,0.1182,,,,,273,0.9891,1.0464,0.0067,31.0,305.0,41.64,0,0.7875,1,0.0
1275,42.5,1,mask,,-0.27,-0.3546,-0.8147,1.3674,,,,,263,0.9359,0.9161,0.0064,31.0,293.0,41.76,0,0.7976,1,0.0
1276,42.5333,1,mask,,-0.1264,-0.2984,-0.7584,1.6876,,,,,275,0.9821,1.0293,0.0064,31.0,303.0,41.97,0,0.7888,1,0.0
1277,42.5667,1,mask,,-0.178,-0.2601,-0.7201,1.1493,,,,,282,0.9965,1.0743,0.0062,31.0,307.0,42.08,0,0.7841,1,0.0
1278,42.6,1,mask,,-0.1391,-0.2313,-0.6914,0.8619,,,,,286,0.9931,1.0283,0.0077,31.0,306.0,42.21,0,0.7923,1,0.0
1279,42.6333,1,mask,,-0.1262,-0.199,-0.6591,0.9688,,,,,289,0.9966,1.0256,0.0081,31.0,307.0,42.32,0,0.7939,1,0.0
1280,42.6667,1,mask,,-0.1074,-0.1736,-0.6336,0.7632,,,,,294,0.9966,1.0349,0.0081,31.0,307.0,42.49,0,0.792,1,0.0
1281,42.7,1,mask,,-0.1355,-0.1603,-0.6203,0.4,,,,,291,0.9966,0.9967,0.0082,31.0,306.0,42.29,0,0.7996,1,0.0
1282,42.7333,1,mask,,-0.1413,-0.1516,-0.6117,0.26,,,,,289,1.0,1.0062,0.0073,31.0,307.0,42.22,0,0.7988,1,0.0
1283,42.7667,1,mask,,-0.2017,-0.146,-0.606,0.169,,,,,277,0.939,0.8594,0.007,31.0,301.0,42.1,0,0.8098,1,0.0
1284,42.8,1,mask,,-0.1444,-0.1443,-0.6044,0.0487,,,,,285,1.0,1.0361,0.0067,31.0,307.0,41.98,0,0.7928,1,0.0
1285,42.8333,1,mask,,-0.3289,-0.1444,-0.6044,-0.0008,,,,,233,0.7898,0.6287,0.0058,31.0,287.0,42.7,0,0.8112,1,0.0
1286,42.8667,1,mask,,-0.1681,-0.1527,-0.6127,-0.2492,,,,,281,1.0,1.0682,0.0047,31.0,307.0,42.44,0,0.7864,1,0.0
1287,42.9,1,mask,,-0.2165,-0.1698,-0.6299,-0.5148,,,,,285,0.9896,1.0403,0.006,30.0,304.0,42.35,0,0.7888,1,0.0
1288,42.9333,1,mask,,-0.3177,-0.1862,-0.6462,-0.4899,,,,,249,0.8557,0.7566,0.0039,31.0,295.0,42.35,0,0.8054,1,0.0
1289,42.9667,1,mask,,-0.3921,-0.2322,-0.6923,-1.3811,,,,,208,0.7051,0.4227,0.0051,31.0,287.0,42.3,0,0.827,1,0.0
1290,43.0,1,mask,,-0.4104,-0.2621,-0.7222,-0.8977,,,,,201,0.6814,0.3758,0.0043,31.0,287.0,42.2,0,0.8292,1,0.0
1291,43.0333,1,mask,,-0.4013,-0.3076,-0.7677,-1.365,,,,,208,0.7099,0.4262,0.0049,31.0,287.0,41.97,0,0.8277,1,0.0
1292,43.0667,1,mask,,-0.4151,-0.3404,-0.8005,-0.9839,,,,,204,0.7158,0.422,0.003,31.0,287.0,41.82,0,0.8303,1,0.0
1293,43.1,1,mask,,-0.4013,-0.3617,-0.8218,-0.6395,,,,,207,0.7263,0.4343,0.0035,31.0,288.0,41.87,0,0.831,1,0.0
1294,43.1333,1,mask,,-0.3346,-0.3756,-0.8356,-0.4157,,,,,214,0.7562,0.5209,0.0028,31.0,289.0,41.76,0,0.8227,1,0.0
1295,43.1667,1,mask,,-0.394,-0.3846,-0.8446,-0.2699,,,,,200,0.7117,0.4246,0.0022,31.0,288.0,41.4,0,0.8286,1,0.0
1296,43.2,1,mask,,-0.3792,-0.3879,-0.8479,-0.099,,,,,201,0.7204,0.4221,0.0021,31.0,288.0,41.31,0,0.8317,1,0.0
1297,43.2333,1,mask,,-0.3526,-0.3849,-0.8449,0.0913,,,,,223,0.8022,0.5472,0.0038,31.0,293.0,41.05,0,0.8312,1,0.0
1298,43.2667,1,mask,,-0.2156,-0.3736,-0.8336,0.3386,,,,,269,0.9711,0.902,0.0056,31.0,305.0,40.96,0,0.8109,1,0.0
1299,43.3,1,mask,,-0.2024,-0.3662,-0.8263,0.2201,,,,,272,0.9855,0.9338,0.0052,31.0,308.0,41.01,0,0.8089,1,0.0
1300,43.3333,1,mask,,-0.1963,-0.3135,-0.7735,1.5819,,,,,275,0.9857,0.88,0.0064,31.0,308.0,40.9,0,0.8197,1,0.0
1301,43.3667,1,mask,,-0.2941,-0.2792,-0.7393,1.0283,,,,,202,0.7292,0.3162,0.0011,30.0,289.0,40.64,0,0.8555,1,0.0
1302,43.4,1,mask,,-0.1924,-0.2523,-0.7124,0.8068,,,,,276,0.9857,0.8593,0.0059,31.0,309.0,40.62,0,0.8239,1,0.0
1303,43.4333,1,mask,,-0.3481,-0.2348,-0.6949,0.5244,,,,,205,0.7218,0.3086,0.001,30.0,288.0,40.84,0,0.8548,1,0.0
1304,43.4667,1,mask,,-0.3612,-0.2556,-0.7156,-0.6225,,,,,201,0.7128,0.308,0.0015,30.0,287.0,40.74,0,0.8522,1,0.0
1305,43.5,1,mask,,-0.3236,-0.2794,-0.7394,-0.7136,,,,,204,0.7158,0.3296,0.0007,30.0,287.0,40.3,0,0.8488,1,0.0
1306,43.5333,1,mask,,-0.2791,-0.2948,-0.7549,-0.4639,,,,,217,0.7614,0.4225,0.0023,30.0,293.0,40.18,0,0.8439,1,0.0
1307,43.5667,1,mask,,-0.2033,-0.3049,-0.7649,-0.3015,,,,,258,0.8958,0.6452,0.0005,30.0,307.0,40.14,0,0.8397,1,0.0
1308,43.6,1,mask,,-0.1948,-0.2959,-0.7559,0.2712,,,,,258,0.8927,0.6295,0.0002,30.0,307.0,40.33,0,0.8419,1,0.0
1309,43.6333,1,mask,,-0.1994,-0.2635,-0.7235,0.9722,,,,,255,0.8885,0.6342,0.0005,30.0,307.0,40.24,0,0.8397,1,0.0
1310,43.6667,1,mask,,-0.198,-0.241,-0.7011,0.6729,,,,,243,0.8438,0.5579,0.0009,30.0,307.0,40.31,0,0.8416,1,0.0
1311,43.7,1,mask,,-0.1978,-0.226,-0.686,0.4514,,,,,240,0.8304,0.5404,0.0008,30.0,307.0,40.28,0,0.8411,1,0.0
1312,43.7333,1,mask,,-0.1857,-0.2161,-0.6762,0.2963,,,,,254,0.885,0.6176,0.0002,30.0,307.0,40.35,0,0.842,1,0.0
1313,43.7667,1,mask,,-0.1645,-0.2097,-0.6697,0.1926,,,,,280,0.9655,0.7699,0.0003,30.0,307.0,40.3,0,0.8357,1,0.0
1314,43.8,1,mask,,-0.1702,-0.2013,-0.6613,0.2522,,,,,274,0.9481,0.7512,0.0002,30.0,307.0,40.18,0,0.8342,1,0.0
1315,43.8333,1,mask,,-0.1598,-0.1904,-0.6504,0.3268,,,,,288,0.9763,0.8315,0.0003,30.0,306.0,40.04,0,0.8266,1,0.0
1316,43.8667,1,mask,,-0.1357,-0.1813,-0.6414,0.2717,,,,,294,1.0,0.9219,0.0003,29.0,307.0,39.69,0,0.8156,1,0.0
1317,43.9,1,mask,,-0.1488,-0.1738,-0.6338,0.2262,,,,,292,1.0,0.9167,0.0003,29.0,306.0,39.42,0,0.8167,1,0.0
1318,43.9333,1,mask,,-0.0423,-0.1651,-0.6251,0.2619,,,,,295,1.0,1.0443,0.001,30.0,307.0,39.23,0,0.7911,1,0.0
1319,43.9667,1,mask,,-0.0338,-0.1548,-0.6148,0.3078,,,,,295,1.0,1.0821,0.0003,30.0,307.0,39.18,0,0.7836,1,0.0
1320,44.0,1,mask,,-0.0162,-0.1154,-0.5755,1.1817,,,,,295,1.0,1.0774,0.0003,30.0,307.0,38.96,0,0.7845,1,0.0
1321,44.0333,1,mask,,-0.0178,-0.0868,-0.5469,0.857,,,,,295,1.0,1.0727,0.0008,30.0,307.0,39.03,0,0.7855,1,0.0
1322,44.0667,1,mask,,-0.0198,-0.0634,-0.5234,0.7038,,,,,295,1.0,1.06,0.001,30.0,307.0,39.02,0,0.788,1,0.0
1323,44.1,1,mask,,0.0023,-0.0474,-0.5075,0.4781,,,,,295,1.0,1.0865,0.0018,30.0,307.0,39.02,0,0.7827,1,0.0
1324,44.1333,1,mask,,0.0023,-0.0365,-0.4966,0.3282,,,,,295,1.0,1.0833,0.0017,30.0,307.0,39.06,0,0.7833,1,0.0
1325,44.1667,1,mask,,-0.01,-0.0272,-0.4873,0.278,,,,,295,1.0,1.0749,0.0018,30.0,307.0,39.07,0,0.785,1,0.0
1326,44.2,1,mask,,0.0019,-0.017,-0.4771,0.3063,,,,,295,1.0,1.0691,0.0021,30.0,307.0,39.13,0,0.7862,1,0.0
1327,44.2333,1,mask,,-0.0005,-0.0104,-0.4704,0.1991,,,,,295,1.0,1.0738,0.0021,30.0,307.0,39.11,0,0.7852,1,0.0
1328,44.2667,1,mask,,-0.0236,-0.0069,-0.467,0.1035,,,,,295,1.0,1.0686,0.0036,30.0,307.0,39.2,0,0.7863,1,0.0
1329,44.3,1,mask,,-0.0242,-0.008,-0.4681,-0.0324,,,,,293,1.0,1.0716,0.0045,29.0,307.0,38.67,0,0.7857,1,0.0
1330,44.3333,1,mask,,-0.0196,-0.0121,-0.4721,-0.1219,,,,,293,1.0,1.0622,0.003,29.0,307.0,38.56,0,0.7876,1,0.0
1331,44.3667,1,mask,,-0.0378,-0.0161,-0.4762,-0.1208,,,,,293,1.0,1.0494,0.0018,29.0,307.0,38.42,0,0.7901,1,0.0
1332,44.4,1,mask,,-0.0109,-0.0187,-0.4788,-0.0785,,,,,293,1.0,1.0683,0.0036,29.0,307.0,38.58,0,0.7863,1,0.0
1333,44.4333,1,mask,,-0.0406,-0.0206,-0.4807,-0.0572,,,,,293,1.0,1.0285,0.0019,29.0,307.0,38.54,0,0.7943,1,0.0
1334,44.4667,1,mask,,-0.0409,-0.0266,-0.4867,-0.18,,,,,293,1.0,1.0345,0.002,29.0,307.0,38.42,0,0.7931,1,0.0
1335,44.5,1,mask,,-0.0386,-0.0308,-0.4909,-0.1257,,,,,293,1.0,1.0415,0.0021,29.0,307.0,38.54,0,0.7917,1,0.0
1336,44.5333,1,mask,,-0.03,-0.0335,-0.4936,-0.0817,,,,,295,1.0,0.9761,0.0019,29.0,309.0,38.64,0,0.8048,1,0.0
1337,44.5667,1,mask,,-0.0311,-0.0353,-0.4954,-0.0531,,,,,294,1.0,0.9445,0.0021,29.0,308.0,38.43,0,0.8111,1,0.0
1338,44.6,1,mask,,-0.0497,-0.0365,-0.4965,-0.0345,,,,,294,1.0,0.9686,0.0022,29.0,308.0,38.38,0,0.8063,1,0.0
1339,44.6333,1,mask,,-0.0115,-0.0346,-0.4946,0.0567,,,,,287,0.9762,0.9314,0.0022,30.0,308.0,38.21,0,0.8066,1,0.0
1340,44.6667,1,mask,,0.0092,-0.033,-0.493,0.048,,,,,294,1.0,1.0365,0.0034,29.0,308.0,38.29,0,0.7927,1,0.0
1341,44.7,0,,no_mask,,,,,,,,,0,0.0,,,,,,0,0.0,1,0.0
1342,44.7333,0,,no_mask,,,,,,,,,0,0.0,,,,,,0,0.0,1,0.0
1343,44.7667,0,,no_mask,,,,,,,,,0,0.0,,,,,,0,0.0,1,0.0
1344,44.8,0,mask,rms_too_big,0.0759,,,,,,,,302,1.0,1.3086,0.0059,30.0,308.0,38.44,0,0.7383,1,0.0
1345,44.8333,0,mask,rms_too_big,0.0875,,,,,,,,297,1.0,1.235,0.0086,30.0,306.0,38.41,0,0.753,1,0.0
1346,44.8667,0,mask,rms_too_big,0.0928,,,,,,,,296,1.0,1.2355,0.0088,30.0,306.0,38.38,0,0.7529,1,0.0
1347,44.9,0,mask,rms_too_big,0.0926,,,,,,,,297,1.0,1.2437,0.0088,30.0,306.0,38.38,0,0.7513,1,0.0
1348,44.9333,0,mask,rms_too_big,0.0933,,,,,,,,297,1.0,1.2419,0.0086,30.0,306.0,38.36,0,0.7516,1,0.0
1349,44.9667,0,mask,rms_too_big,0.09,,,,,,,,298,1.0,1.2363,0.0084,30.0,306.0,38.36,0,0.7527,1,0.0
1350,45.0,1,mask,,0.0922,0.0108,-0.4492,,,,,,297,1.0,1.0741,0.0033,30.0,306.0,37.27,0,0.7852,1,0.0
1351,45.0333,1,mask,,0.3979,0.0928,-0.3672,2.4595,,,,,225,0.7576,0.4177,0.0005,30.0,306.0,37.31,0,0.8437,1,0.0
1352,45.0667,1,mask,,0.075,0.0926,-0.3675,-0.0067,,,,,298,1.0,1.0703,0.0026,30.0,306.0,37.26,0,0.7859,1,0.0
1353,45.1,1,mask,,0.0707,0.0894,-0.3706,-0.0945,,,,,298,1.0,1.0652,0.0026,30.0,306.0,37.23,0,0.787,1,0.0
1354,45.1333,1,mask,,0.0615,0.0844,-0.3757,-0.1516,,,,,299,1.0,1.0504,0.0026,30.0,306.0,37.23,0,0.7899,1,0.0
1355,45.1667,1,mask,,0.0676,0.0796,-0.3805,-0.1435,,,,,298,1.0,1.0559,0.0026,30.0,306.0,37.2,0,0.7888,1,0.0
1356,45.2,1,mask,,0.0588,0.0754,-0.3847,-0.1262,,,,,299,1.0,1.047,0.0025,30.0,306.0,37.16,0,0.7906,1,0.0
1357,45.2333,1,mask,,0.0601,0.0705,-0.3895,-0.1456,,,,,299,1.0,1.0464,0.0024,30.0,306.0,37.11,0,0.7907,1,0.0
1358,45.2667,1,mask,,0.0612,0.0673,-0.3928,-0.0977,,,,,299,1.0,1.0324,0.0024,30.0,306.0,37.09,0,0.7935,1,0.0
1359,45.3,1,mask,,0.0697,0.0652,-0.3949,-0.0635,,,,,299,1.0,1.043,0.0025,30.0,306.0,37.21,0,0.7914,1,0.0
1360,45.3333,1,mask,,0.0659,0.0638,-0.3963,-0.0413,,,,,298,1.0,1.0816,0.0027,30.0,306.0,37.15,0,0.7837,1,0.0
1361,45.3667,1,mask,,0.0648,0.0642,-0.3959,0.0112,,,,,298,1.0,1.0799,0.0024,30.0,306.0,37.1,0,0.784,1,0.0
1362,45.4,1,mask,,0.0551,0.0644,-0.3957,0.0073,,,,,304,1.0,1.0564,0.0019,31.0,306.0,37.16,0,0.7887,1,0.0
1363,45.4333,1,mask,,0.0696,0.0649,-0.3951,0.016,,,,,304,1.0,1.101,0.0027,31.0,306.0,37.14,0,0.7798,1,0.0
1364,45.4667,1,mask,,0.0715,0.0653,-0.3948,0.0104,,,,,304,1.0,1.0914,0.0024,31.0,306.0,37.25,0,0.7817,1,0.0
1365,45.5,1,mask,,0.0757,0.0668,-0.3932,0.0459,,,,,304,1.0,1.0832,0.003,31.0,306.0,37.25,0,0.7834,1,0.0
1366,45.5333,1,mask,,0.0717,0.0685,-0.3916,0.0497,,,,,304,1.0,1.0649,0.0031,31.0,306.0,37.16,0,0.787,1,0.0
1367,45.5667,1,mask,,0.0698,0.0695,-0.3905,0.0323,,,,,304,1.0,1.0752,0.003,31.0,306.0,37.1,0,0.785,1,0.0
1368,45.6,1,mask,,0.0724,0.0703,-0.3898,0.0226,,,,,304,1.0,1.064,0.0031,31.0,306.0,37.11,0,0.7872,1,0.0
1369,45.6333,1,mask,,0.0744,0.071,-0.389,0.0224,,,,,304,1.0,1.0745,0.0024,31.0,306.0,37.09,0,0.7851,1,0.0
1370,45.6667,1,mask,,0.4327,0.0715,-0.3885,0.0146,,,,,214,0.7039,0.3559,0.0018,30.0,306.0,36.99,0,0.84,1,0.0
1371,45.7,1,mask,,0.3623,0.0725,-0.3875,0.0305,,,,,237,0.7796,0.5066,0.0013,30.0,306.0,37.04,0,0.8326,1,0.0
1372,45.7333,1,mask,,0.3914,0.174,-0.2861,3.0424,,,,,238,0.7829,0.5019,0.0013,30.0,306.0,36.98,0,0.8345,1,0.0
1373,45.7667,1,mask,,0.3889,0.2492,-0.2109,2.2571,,,,,237,0.7796,0.4952,0.002,30.0,306.0,37.0,0,0.8348,1,0.0
1374,45.8,1,mask,,0.1221,0.2981,-0.162,1.4671,,,,,304,1.0,1.003,0.0048,31.0,306.0,36.88,0,0.7994,1,0.0
1375,45.8333,1,mask,,0.102,0.3206,-0.1395,0.6741,,,,,304,1.0,0.9778,0.0041,31.0,306.0,36.89,0,0.8044,1,0.0
1376,45.8667,1,mask,,0.1371,0.2563,-0.2037,-1.9268,,,,,304,1.0,1.0106,0.0044,31.0,306.0,36.9,0,0.7979,1,0.0
1377,45.9,1,mask,,0.0596,0.2094,-0.2507,-1.4092,,,,,304,1.0,0.9783,0.0043,31.0,306.0,36.91,0,0.8043,1,0.0
1378,45.9333,1,mask,,0.3238,0.1788,-0.2812,-0.916,,,,,242,0.7961,0.5269,0.0012,30.0,306.0,36.91,0,0.8334,1,0.0
1379,45.9667,1,mask,,0.0623,0.1519,-0.3081,-0.807,,,,,304,1.0,0.9705,0.0034,31.0,306.0,36.95,0,0.8059,1,0.0
1380,46.0,1,mask,,0.0453,0.1206,-0.3395,-0.9411,,,,,299,1.0,0.9683,0.0024,30.0,306.0,36.97,0,0.8063,1,0.0
1381,46.0333,1,mask,,0.0583,0.0992,-0.3608,-0.6405,,,,,299,1.0,0.9768,0.0037,30.0,306.0,36.93,0,0.8046,1,0.0
1382,46.0667,1,mask,,0.3021,0.0863,-0.3738,-0.3876,,,,,244,0.8026,0.5328,0.0018,30.0,306.0,36.84,0,0.8342,1,0.0
1383,46.1,1,mask,,0.3358,0.0779,-0.3822,-0.2519,,,,,240,0.7895,0.5031,0.0012,30.0,306.0,36.94,0,0.8362,1,0.0
1384,46.1333,1,mask,,0.1164,0.0914,-0.3687,0.4044,,,,,304,1.0,0.9494,0.0038,31.0,306.0,36.84,0,0.8101,1,0.0
1385,46.1667,1,mask,,0.1088,0.1001,-0.3599,0.2629,,,,,304,1.0,0.9403,0.0045,31.0,306.0,37.07,0,0.8119,1,0.0
1386,46.2,1,mask,,0.1291,0.1103,-0.3498,0.3043,,,,,304,1.0,0.9195,0.0056,31.0,306.0,36.91,0,0.8161,1,0.0
1387,46.2333,1,mask,,0.1543,0.1169,-0.3432,0.1978,,,,,297,0.977,0.8648,0.0055,31.0,306.0,36.88,0,0.8201,1,0.0
1388,46.2667,1,mask,,0.1814,0.1212,-0.3389,0.1286,,,,,298,0.9803,0.8511,0.0056,31.0,306.0,36.62,0,0.8239,1,0.0
1389,46.3,1,mask,,0.1798,0.1327,-0.3273,0.3476,,,,,297,0.9867,0.8445,0.0051,31.0,306.0,36.61,0,0.8271,1,0.0
1390,46.3333,1,mask,,0.3411,0.1492,-0.3108,0.4939,,,,,260,0.8784,0.5696,0.0014,31.0,306.0,36.56,0,0.8496,1,0.0
1391,46.3667,1,mask,,0.2915,0.1605,-0.2996,0.3378,,,,,273,0.9317,0.6742,0.0022,31.0,306.0,36.61,0,0.8447,1,0.0
1392,46.4,1,mask,,0.3431,0.2063,-0.2537,1.3757,,,,,261,0.8908,0.5677,0.0016,31.0,306.0,36.71,0,0.8537,1,0.0
1393,46.4333,1,mask,,0.3875,0.2535,-0.2065,1.4151,,,,,254,0.8819,0.5294,0.0019,31.0,306.0,36.78,0,0.8587,1,0.0
1394,46.4667,1,mask,,0.3723,0.2849,-0.1752,0.9411,,,,,257,0.9146,0.5365,0.0013,31.0,306.0,37.25,0,0.8671,1,0.0
1395,46.5,1,mask,,0.405,0.3155,-0.1446,0.9182,,,,,250,0.9124,0.4957,0.0012,31.0,306.0,37.59,0,0.8746,1,0.0
1396,46.5333,1,mask,,0.4202,0.3407,-0.1194,0.7562,,,,,239,0.8885,0.4435,0.0004,31.0,306.0,37.51,0,0.8778,1,0.0
1397,46.5667,1,mask,,0.4313,0.3632,-0.0968,0.6755,,,,,240,0.8955,0.454,0.0003,31.0,306.0,37.46,0,0.8779,1,0.0
1398,46.6,1,mask,,0.4411,0.3831,-0.0769,0.5982,,,,,238,0.8914,0.4515,0.0023,31.0,306.0,37.59,0,0.8771,1,0.0
1399,46.6333,1,mask,,0.4241,0.3975,-0.0626,0.4303,,,,,249,0.9291,0.4731,0.0032,31.0,306.0,37.59,0,0.8841,1,0.0
1400,46.6667,1,mask,,0.3994,0.4068,-0.0532,0.2797,,,,,237,0.8464,0.4447,0.0027,31.0,304.0,37.48,0,0.865,1,0.0
1401,46.7,1,mask,,0.3909,0.4129,-0.0472,0.1818,,,,,259,0.8605,0.4439,0.0016,31.0,302.0,37.43,0,0.8694,1,0.0
1402,46.7333,1,mask,,0.4407,0.4168,-0.0432,0.1182,,,,,237,0.8345,0.4004,0.0023,31.0,302.0,37.39,0,0.8703,1,0.0
1403,46.7667,1,mask,,0.434,0.4194,-0.0407,0.0768,,,,,228,0.8057,0.351,0.0032,31.0,302.0,37.38,0,0.8715,1,0.0
1404,46.8,1,mask,,0.4389,0.4245,-0.0355,0.1539,,,,,226,0.8014,0.3471,0.0034,31.0,302.0,37.31,0,0.871,1,0.0
1405,46.8333,1,mask,,0.442,0.4296,-0.0305,0.1515,,,,,227,0.8225,0.3481,0.0034,31.0,302.0,37.18,0,0.8771,1,0.0
1406,46.8667,1,mask,,0.3594,0.4328,-0.0272,0.0985,,,,,269,0.9088,0.4344,0.0018,31.0,302.0,37.15,0,0.8858,1,0.0
1407,46.9,1,mask,,0.4277,0.4333,-0.0268,0.0125,,,,,242,0.8996,0.4096,0.0029,31.0,302.0,37.33,0,0.888,1,0.0
1408,46.9333,1,mask,,0.4274,0.4313,-0.0287,-0.0581,,,,,244,0.9071,0.4138,0.0031,31.0,302.0,37.42,0,0.8894,1,0.0
1409,46.9667,1,mask,,0.4313,0.4301,-0.03,-0.0378,,,,,244,0.9071,0.4165,0.0029,31.0,302.0,37.35,0,0.8888,1,0.0
1410,47.0,1,mask,,0.4271,0.4291,-0.0309,-0.0281,,,,,245,0.9074,0.4224,0.0025,31.0,302.0,37.45,0,0.8877,1,0.0
1411,47.0333,1,mask,,0.421,0.4285,-0.0315,-0.0183,,,,,245,0.9108,0.4165,0.0025,31.0,302.0,37.81,0,0.8899,1,0.0
1412,47.0667,1,mask,,0.4169,0.428,-0.032,-0.0149,,,,,244,0.9139,0.4091,0.0025,31.0,302.0,37.73,0,0.8923,1,0.0
1413,47.1,1,mask,,0.4114,0.4256,-0.0345,-0.0733,,,,,245,0.9211,0.4089,0.0022,31.0,302.0,37.52,0,0.8945,1,0.0
1414,47.1333,1,mask,,0.4144,0.4225,-0.0375,-0.0907,,,,,247,0.9356,0.4322,0.0032,31.0,302.0,37.67,0,0.8942,1,0.0
1415,47.1667,1,mask,,0.4443,0.4206,-0.0395,-0.059,,,,,245,0.9211,0.4299,0.0028,31.0,302.0,37.81,0,0.8903,1,0.0
1416,47.2,1,mask,,0.4373,0.4193,-0.0407,-0.0383,,,,,246,0.9248,0.4298,0.0029,31.0,302.0,37.83,0,0.8915,1,0.0
1417,47.2333,1,mask,,0.4448,0.4256,-0.0344,0.1891,,,,,247,0.9356,0.4553,0.0027,31.0,302.0,37.8,0,0.8896,1,0.0
1418,47.2667,1,mask,,0.4452,0.4322,-0.0279,0.1965,,,,,247,0.9574,0.4494,0.0029,31.0,302.0,37.91,0,0.8973,1,0.0
1419,47.3,1,mask,,0.4593,0.4366,-0.0235,0.1327,,,,,248,0.9612,0.4871,0.0018,31.0,302.0,37.65,0,0.891,1,0.0
1420,47.3333,1,mask,,0.4474,0.4396,-0.0204,0.0909,,,,,250,0.9615,0.4781,0.002,31.0,302.0,37.69,0,0.8928,1,0.0
1421,47.3667,1,mask,,0.4561,0.4423,-0.0177,0.0814,,,,,248,0.9612,0.4669,0.0018,31.0,302.0,37.72,0,0.895,1,0.0
1422,47.4,1,mask,,0.4682,0.4472,-0.0129,0.1449,,,,,249,0.9651,0.5067,0.0017,31.0,302.0,37.9,0,0.8882,1,0.0
1423,47.4333,1,mask,,0.4671,0.4514,-0.0086,0.1279,,,,,249,0.9689,0.5152,0.0005,31.0,302.0,37.91,0,0.8876,1,0.0
1424,47.4667,1,mask,,0.4435,0.4531,-0.007,0.0494,,,,,250,0.9728,0.5225,0.0003,31.0,303.0,37.92,0,0.8873,1,0.0
1425,47.5,1,mask,,0.4564,0.4542,-0.0058,0.035,,,,,249,0.9689,0.5217,0.0001,31.0,302.0,38.01,0,0.8863,1,0.0
1426,47.5333,1,mask,,0.4667,0.4586,-0.0014,0.1314,,,,,250,0.9728,0.5414,0.0009,31.0,303.0,38.06,0,0.8836,1,0.0
1427,47.5667,1,mask,,0.4703,0.4615,0.0014,0.0854,,,,,249,0.9651,0.5189,0.0017,31.0,302.0,38.13,0,0.8857,1,0.0
1428,47.6,1,mask,,0.47,0.4633,0.0033,0.0555,,,,,250,0.9653,0.5226,0.0022,31.0,302.0,38.09,0,0.8851,1,0.0
1429,47.6333,1,mask,,0.4652,0.4645,0.0045,0.0361,,,,,250,0.969,0.532,0.0023,31.0,303.0,37.97,0,0.8843,1,0.0
1430,47.6667,1,mask,,0.4641,0.4653,0.0052,0.0234,,,,,248,0.965,0.5007,0.003,31.0,302.0,37.82,0,0.8894,1,0.0
1431,47.7,1,mask,,0.4704,0.4669,0.0069,0.0498,,,,,249,0.9651,0.5105,0.0025,31.0,302.0,37.98,0,0.8874,1,0.0
1432,47.7333,1,mask,,0.4749,0.468,0.008,0.0323,,,,,249,0.9651,0.5142,0.0028,31.0,302.0,38.01,0,0.8867,1,0.0
1433,47.7667,1,mask,,0.4792,0.4688,0.0088,0.0247,,,,,249,0.9651,0.5114,0.0026,31.0,302.0,37.85,0,0.8873,1,0.0
1434,47.8,1,mask,,0.48,0.471,0.0109,0.0639,,,,,250,0.969,0.5217,0.0025,31.0,302.0,37.82,0,0.8864,1,0.0
1435,47.8333,1,mask,,0.4682,0.4724,0.0123,0.0416,,,,,254,0.9922,0.548,0.004,31.0,302.0,37.22,0,0.8881,1,0.0
1436,47.8667,1,mask,,0.4673,0.4733,0.0132,0.027,,,,,254,0.9845,0.5403,0.0041,31.0,302.0,37.18,0,0.8873,1,0.0
1437,47.9,1,mask,,0.4656,0.4715,0.0114,-0.0537,,,,,254,0.9845,0.5408,0.0044,31.0,302.0,37.13,0,0.8872,1,0.0
1438,47.9333,1,mask,,0.4725,0.4703,0.0103,-0.0349,,,,,252,0.996,0.5429,0.0041,31.0,302.0,37.71,0,0.8902,1,0.0
1439,47.9667,1,mask,,0.4773,0.4696,0.0095,-0.0227,,,,,257,0.9961,0.5052,0.0048,31.0,303.0,37.11,0,0.8978,1,0.0
1440,48.0,1,mask,,0.4699,0.4697,0.0096,0.0037,,,,,256,0.9922,0.5224,0.0048,31.0,302.0,37.05,0,0.8932,1,0.0
1441,48.0333,1,mask,,0.4843,0.4707,0.0106,0.0298,,,,,250,0.9653,0.4776,0.0053,31.0,302.0,37.0,0,0.8941,1,0.0
1442,48.0667,1,mask,,0.4609,0.4713,0.0113,0.0194,,,,,245,0.9423,0.4467,0.0059,31.0,302.0,36.84,0,0.8933,1,0.0
1443,48.1,1,mask,,0.443,0.4708,0.0108,-0.0148,,,,,243,0.931,0.4306,0.0059,31.0,302.0,36.68,0,0.8932,1,0.0
1444,48.1333,1,mask,,0.441,0.4673,0.0073,-0.1045,,,,,238,0.9154,0.4134,0.0039,31.0,302.0,36.52,0,0.8919,1,0.0
1445,48.1667,1,mask,,0.4368,0.4588,-0.0012,-0.2553,,,,,242,0.9237,0.4249,0.0044,31.0,302.0,36.43,0,0.8921,1,0.0
1446,48.2,1,mask,,0.4448,0.4533,-0.0067,-0.166,,,,,246,0.9462,0.4688,0.004,31.0,302.0,35.92,0,0.8901,1,0.0
1447,48.2333,1,mask,,0.4438,0.4497,-0.0103,-0.1079,,,,,243,0.9346,0.4404,0.0038,31.0,303.0,35.73,0,0.8923,1,0.0
1448,48.2667,1,mask,,0.4428,0.4473,-0.0128,-0.0723,,,,,245,0.9423,0.4584,0.004,31.0,302.0,35.75,0,0.891,1,0.0
1449,48.3,1,mask,,0.4403,0.4457,-0.0143,-0.047,,,,,238,0.9154,0.4222,0.0036,31.0,302.0,35.72,0,0.8902,1,0.0
1450,48.3333,1,mask,,0.4404,0.4447,-0.0153,-0.0305,,,,,238,0.9154,0.4227,0.0041,31.0,302.0,35.82,0,0.8901,1,0.0
1451,48.3667,1,mask,,0.4409,0.4434,-0.0167,-0.0403,,,,,238,0.9154,0.4254,0.0041,31.0,302.0,35.78,0,0.8895,1,0.0
1452,48.4,1,mask,,0.4448,0.4425,-0.0176,-0.0262,,,,,244,0.9385,0.4554,0.0041,31.0,302.0,35.88,0,0.8905,1,0.0
1453,48.4333,1,mask,,0.4394,0.4418,-0.0183,-0.0223,,,,,238,0.9154,0.4251,0.0042,31.0,302.0,35.88,0,0.8896,1,0.0
1454,48.4667,1,mask,,0.4372,0.4413,-0.0188,-0.0145,,,,,244,0.9385,0.4586,0.004,31.0,302.0,35.79,0,0.8898,1,0.0
1455,48.5,1,mask,,0.4345,0.4406,-0.0194,-0.0195,,,,,252,0.9618,0.4971,0.0029,31.0,302.0,36.29,0,0.8891,1,0.0
1456,48.5333,1,mask,,0.4463,0.4402,-0.0199,-0.0127,,,,,246,0.9462,0.4735,0.0032,31.0,302.0,36.18,0,0.8891,1,0.0
1457,48.5667,1,mask,,0.4491,0.4399,-0.0201,-0.0082,,,,,248,0.9575,0.4848,0.0039,31.0,303.0,36.05,0,0.8903,1,0.0
1458,48.6,1,mask,,0.4454,0.4418,-0.0182,0.0571,,,,,247,0.9537,0.477,0.0033,31.0,302.0,36.09,0,0.8907,1,0.0
1459,48.6333,1,mask,,0.4624,0.4434,-0.0167,0.0466,,,,,245,0.9496,0.4764,0.0035,31.0,302.0,36.12,0,0.8896,1,0.0
1460,48.6667,1,mask,,0.4422,0.4444,-0.0157,0.0303,,,,,250,0.969,0.4936,0.0031,31.0,302.0,36.02,0,0.892,1,0.0
1461,48.7,1,mask,,0.4457,0.4448,-0.0152,0.0135,,,,,251,0.9729,0.4945,0.0033,31.0,303.0,36.01,0,0.893,1,0.0
1462,48.7333,1,mask,,0.4216,0.445,-0.015,0.0054,,,,,266,0.9466,0.4247,0.0089,32.0,303.0,36.11,0,0.8991,1,0.0
1463,48.7667,1,mask,,0.4351,0.444,-0.016,-0.0298,,,,,253,0.9806,0.5056,0.0032,31.0,302.0,36.0,0,0.8931,1,0.0
1464,48.8,1,mask,,0.4307,0.4409,-0.0192,-0.0942,,,,,256,0.9922,0.5165,0.0036,31.0,302.0,35.99,0,0.8944,1,0.0
1465,48.8333,1,mask,,0.42,0.4373,-0.0227,-0.1069,,,,,256,0.9922,0.5203,0.0032,31.0,302.0,35.98,0,0.8936,1,0.0
1466,48.8667,1,mask,,0.4336,0.435,-0.025,-0.0695,,,,,252,0.9921,0.5154,0.0044,31.0,302.0,36.08,0,0.8946,1,0.0
1467,48.9,1,mask,,0.4129,0.4335,-0.0265,-0.0452,,,,,279,0.9929,0.5107,0.0098,32.0,302.0,36.1,0,0.8957,1,0.0
1468,48.9333,1,mask,,0.4355,0.4325,-0.0275,-0.0294,,,,,254,0.9922,0.5078,0.0046,31.0,302.0,36.09,0,0.8961,1,0.0
1469,48.9667,1,mask,,0.4289,0.4312,-0.0288,-0.0385,,,,,254,0.9922,0.5098,0.0044,31.0,302.0,36.11,0,0.8957,1,0.0
1470,49.0,1,mask,,0.4183,0.4304,-0.0296,-0.025,,,,,278,0.9964,0.5068,0.009,31.5,302.0,36.02,0,0.8976,1,0.0
1471,49.0333,1,mask,,0.4166,0.4262,-0.0339,-0.1275,,,,,279,0.9964,0.5082,0.0101,32.0,302.0,36.1,0,0.8973,1,0.0
1472,49.0667,1,mask,,0.4154,0.4234,-0.0367,-0.0829,,,,,279,0.9964,0.5056,0.0102,32.0,302.0,36.05,0,0.8978,1,0.0
1473,49.1,1,mask,,0.4144,0.421,-0.039,-0.0718,,,,,279,0.9964,0.5021,0.0102,32.0,302.0,36.0,0,0.8985,1,0.0
1474,49.1333,1,mask,,0.4139,0.419,-0.041,-0.059,,,,,278,0.9964,0.5003,0.0102,31.5,302.0,36.02,0,0.8989,1,0.0
1475,49.1667,1,mask,,0.4387,0.4178,-0.0423,-0.0383,,,,,252,0.996,0.5,0.0049,31.0,302.0,35.78,0,0.8988,1,0.0
1476,49.2,1,mask,,0.451,0.4169,-0.0431,-0.0249,,,,,252,0.996,0.504,0.005,31.0,302.0,35.8,0,0.898,1,0.0
1477,49.2333,1,mask,,0.4654,0.4245,-0.0355,0.2282,,,,,247,0.9763,0.4651,0.005,31.0,302.0,35.76,0,0.8999,1,0.0
1478,49.2667,1,mask,,0.4645,0.4338,-0.0262,0.278,,,,,247,0.9763,0.4632,0.005,31.0,302.0,35.73,0,0.9002,1,0.0
1479,49.3,1,mask,,0.4537,0.4407,-0.0193,0.2084,,,,,251,0.9805,0.4372,0.0061,31.0,302.0,35.48,0,0.9067,1,0.0
1480,49.3333,1,mask,,0.4631,0.4486,-0.0115,0.2342,,,,,248,0.9802,0.4399,0.0058,31.0,302.0,35.43,0,0.9061,1,0.0
1481,49.3667,1,mask,,0.4643,0.4541,-0.006,0.1653,,,,,249,0.9842,0.4538,0.0057,31.0,302.0,35.42,0,0.9045,1,0.0
1482,49.4,1,mask,,0.4369,0.4572,-0.0028,0.0944,,,,,276,0.9892,0.4759,0.0105,31.5,302.0,35.33,0,0.9016,1,0.0
1483,49.4333,1,mask,,0.4245,0.456,-0.0041,-0.0374,,,,,280,0.9964,0.4766,0.0123,32.0,302.0,35.22,0,0.9036,1,0.0
1484,49.4667,1,mask,,0.4264,0.4493,-0.0107,-0.1999,,,,,278,0.9964,0.4779,0.0119,31.5,302.0,35.2,0,0.9033,1,0.0
1485,49.5,1,mask,,0.4332,0.4437,-0.0164,-0.1693,,,,,278,0.9929,0.4794,0.0124,31.5,302.0,35.16,0,0.902,1,0.0
1486,49.5333,1,mask,,0.4734,0.44,-0.0201,-0.11,,,,,244,0.9799,0.4508,0.0058,31.0,302.0,34.79,0,0.9038,1,0.0
1487,49.5667,1,mask,,0.4664,0.4376,-0.0224,-0.0715,,,,,241,0.9602,0.4267,0.0061,31.0,302.0,35.1,0,0.9027,1,0.0
1488,49.6,1,mask,,0.4682,0.4477,-0.0124,0.3021,,,,,241,0.964,0.4233,0.0061,31.0,302.0,35.05,0,0.9045,1,0.0
1489,49.6333,1,mask,,0.4683,0.4548,-0.0052,0.2151,,,,,237,0.9673,0.4113,0.0051,31.0,300.0,35.32,0,0.9079,1,0.0
1490,49.6667,1,mask,,0.4766,0.4596,-0.0005,0.1413,,,,,234,0.959,0.3739,0.0053,31.0,300.0,35.19,0,0.9129,1,0.0
1491,49.7,1,mask,,0.4803,0.4626,0.0026,0.0918,,,,,236,0.9593,0.3763,0.0057,31.0,302.0,35.35,0,0.9125,1,0.0
1492,49.7333,1,mask,,0.4575,0.4646,0.0046,0.0597,,,,,252,0.9474,0.3589,0.0066,32.0,302.0,35.36,0,0.9124,1,0.0
1493,49.7667,1,mask,,0.4542,0.4659,0.0059,0.0388,,,,,244,0.9421,0.3491,0.0062,31.5,300.0,35.35,0,0.9128,1,0.0
1494,49.8,1,mask,,0.4483,0.463,0.0029,-0.0877,,,,,243,0.9419,0.3518,0.0078,32.0,300.0,35.51,0,0.9122,1,0.0
1495,49.8333,1,mask,,0.449,0.4599,-0.0002,-0.0926,,,,,246,0.9535,0.3555,0.0078,32.0,300.0,35.5,0,0.9149,1,0.0
1496,49.8667,1,mask,,0.4497,0.4563,-0.0037,-0.1074,,,,,247,0.9574,0.3584,0.007,31.0,300.0,35.5,0,0.9155,1,0.0
1497,49.9,1,mask,,0.4484,0.4537,-0.0063,-0.0773,,,,,245,0.9496,0.3551,0.0078,31.0,300.0,35.51,0,0.9139,1,0.0
1498,49.9333,1,mask,,0.4508,0.4521,-0.008,-0.0502,,,,,248,0.965,0.3621,0.0062,31.0,300.0,35.51,0,0.9171,1,0.0
1499,49.9667,1,mask,,0.4646,0.4512,-0.0088,-0.0252,,,,,233,0.9628,0.356,0.0056,31.0,300.0,35.51,0,0.9177,1,0.0
1500,50.0,1,mask,,0.4628,0.4511,-0.009,-0.0043,,,,,235,0.9631,0.3703,0.0022,31.0,303.0,33.55,0,0.9149,1,0.0
1501,50.0333,1,mask,,0.457,0.4531,-0.0069,0.0621,,,,,235,0.9631,0.3723,0.003,31.0,303.0,33.54,0,0.9145,1,0.0
1502,50.0667,1,mask,,0.4605,0.4557,-0.0043,0.0772,,,,,235,0.9631,0.3695,0.003,31.0,303.0,33.52,0,0.915,1,0.0
1503,50.1,1,mask,,0.4605,0.4574,-0.0027,0.0502,,,,,235,0.9631,0.3695,0.003,31.0,303.0,33.5,0,0.915,1,0.0
1504,50.1333,1,mask,,0.458,0.4585,-0.0016,0.0326,,,,,235,0.9631,0.3694,0.0033,31.0,303.0,33.49,0,0.9151,1,0.0
1505,50.1667,1,mask,,0.458,0.4583,-0.0017,-0.0052,,,,,235,0.9631,0.3694,0.0033,31.0,303.0,33.45,0,0.9151,1,0.0
1506,50.2,1,mask,,0.4589,0.4585,-0.0016,0.0058,,,,,235,0.9631,0.3713,0.0037,31.0,303.0,33.46,0,0.9147,1,0.0
1507,50.2333,1,mask,,0.4589,0.4586,-0.0014,0.0037,,,,,235,0.9631,0.3713,0.0037,31.0,303.0,33.45,0,0.9147,1,0.0
1508,50.2667,1,mask,,0.4589,0.4587,-0.0013,0.0024,,,,,235,0.9631,0.3713,0.0037,31.0,303.0,33.46,0,0.9147,1,0.0
1509,50.3,1,mask,,0.4598,0.4588,-0.0013,0.0016,,,,,235,0.9631,0.3731,0.0038,31.0,303.0,33.33,0,0.9143,1,0.0
1510,50.3333,1,mask,,0.4592,0.4588,-0.0013,0.001,,,,,235,0.9631,0.3749,0.0039,31.0,303.0,33.29,0,0.914,1,0.0
1511,50.3667,1,mask,,0.4582,0.4588,-0.0012,0.0007,,,,,235,0.9631,0.3732,0.0039,31.0,303.0,33.26,0,0.9143,1,0.0
1512,50.4,1,mask,,0.4598,0.4589,-0.0011,0.0037,,,,,235,0.9631,0.3731,0.0038,31.0,303.0,33.16,0,0.9143,1,0.0
1513,50.4333,1,mask,,0.4592,0.459,-0.001,0.0024,,,,,235,0.9631,0.3749,0.0039,31.0,303.0,32.91,0,0.914,1,0.0
1514,50.4667,1,mask,,0.4602,0.4591,-0.001,0.0016,,,,,235,0.9631,0.3768,0.0038,31.0,303.0,32.92,0,0.9136,1,0.0
1515,50.5,1,mask,,0.458,0.4591,-0.0009,0.001,,,,,234,0.959,0.3751,0.0039,31.0,302.0,32.93,0,0.9127,1,0.0
1516,50.5333,1,mask,,0.4591,0.4591,-0.0009,0.0007,,,,,234,0.959,0.3734,0.0038,31.0,302.0,32.94,0,0.913,1,0.0
1517,50.5667,1,mask,,0.4549,0.4591,-0.0009,0.0,,,,,234,0.959,0.3765,0.004,31.0,302.0,33.03,0,0.9124,1,0.0
1518,50.6,1,mask,,0.4551,0.4587,-0.0013,-0.0117,,,,,234,0.959,0.3729,0.0038,31.0,302.0,33.11,0,0.9131,1,0.0
1519,50.6333,1,mask,,0.4549,0.4575,-0.0026,-0.0379,,,,,234,0.959,0.3765,0.004,31.0,302.0,33.09,0,0.9124,1,0.0
1520,50.6667,1,mask,,0.4543,0.4566,-0.0035,-0.027,,,,,234,0.959,0.3739,0.0039,31.0,302.0,33.11,0,0.9129,1,0.0
1521,50.7,1,mask,,0.4603,0.456,-0.0041,-0.0176,,,,,239,0.9755,0.4025,0.0038,32.0,302.0,33.09,0,0.9122,1,0.0
1522,50.7333,1,mask,,0.4614,0.4557,-0.0044,-0.009,,,,,237,0.9673,0.3921,0.0035,32.0,302.0,33.12,0,0.9118,1,0.0
1523,50.7667,1,mask,,0.4599,0.4572,-0.0029,0.0444,,,,,235,0.9592,0.3788,0.0035,31.0,302.0,33.14,0,0.912,1,0.0
1524,50.8,1,mask,,0.4549,0.4581,-0.0019,0.0289,,,,,234,0.959,0.3765,0.004,31.0,302.0,33.08,0,0.9124,1,0.0
1525,50.8333,1,mask,,0.4604,0.4589,-0.0012,0.0229,,,,,236,0.9633,0.3785,0.004,31.0,303.0,33.2,0,0.9133,1,0.0
1526,50.8667,1,mask,,0.461,0.4594,-0.0006,0.0163,,,,,235,0.9631,0.3782,0.0037,31.0,303.0,33.21,0,0.9133,1,0.0
1527,50.9,1,mask,,0.4604,0.4598,-0.0003,0.0106,,,,,236,0.9633,0.3785,0.004,31.0,303.0,33.25,0,0.9133,1,0.0
1528,50.9333,1,mask,,0.4604,0.46,-0.0,0.0069,,,,,236,0.9633,0.3785,0.004,31.0,303.0,33.26,0,0.9133,1,0.0
1529,50.9667,1,mask,,0.4591,0.4602,0.0001,0.0045,,,,,236,0.9633,0.3809,0.004,31.0,303.0,33.3,0,0.9128,1,0.0
1530,51.0,1,mask,,0.4597,0.4603,0.0002,0.0029,,,,,235,0.9631,0.3806,0.0038,31.0,303.0,33.34,0,0.9128,1,0.0
1531,51.0333,1,mask,,0.4597,0.4601,0.0,-0.0057,,,,,235,0.9631,0.3806,0.0038,31.0,303.0,33.3,0,0.9128,1,0.0
1532,51.0667,1,mask,,0.4604,0.46,-0.0001,-0.0037,,,,,236,0.9633,0.3785,0.004,31.0,303.0,33.29,0,0.9133,1,0.0
1533,51.1,1,mask,,0.4604,0.4599,-0.0002,-0.0024,,,,,236,0.9633,0.3785,0.0036,31.0,303.0,33.19,0,0.9133,1,0.0
1534,51.1333,1,mask,,0.4589,0.4598,-0.0002,-0.0016,,,,,236,0.9633,0.3746,0.0041,31.0,303.0,33.24,0,0.9141,1,0.0
1535,51.1667,1,mask,,0.4586,0.4598,-0.0003,-0.001,,,,,236,0.9633,0.3782,0.0041,31.0,303.0,33.4,0,0.9133,1,0.0
1536,51.2,1,mask,,0.4514,0.4595,-0.0006,-0.0097,,,,,235,0.9631,0.3752,0.0036,31.0,302.0,33.42,0,0.9139,1,0.0
1537,51.2333,1,mask,,0.4535,0.4591,-0.0009,-0.0094,,,,,235,0.9631,0.3765,0.0037,31.0,302.0,33.44,0,0.9136,1,0.0
1538,51.2667,1,mask,,0.4533,0.4572,-0.0029,-0.0591,,,,,235,0.9631,0.3729,0.004,31.0,302.0,33.43,0,0.9144,1,0.0
1539,51.3,1,mask,,0.4566,0.4559,-0.0041,-0.0384,,,,,236,0.9633,0.3784,0.0038,31.0,302.0,33.45,0,0.9133,1,0.0
1540,51.3333,1,mask,,0.4598,0.4551,-0.005,-0.025,,,,,239,0.9755,0.4103,0.0051,32.0,302.0,33.67,0,0.9106,1,0.0
1541,51.3667,1,mask,,0.4464,0.4545,-0.0055,-0.0162,,,,,239,0.9755,0.405,0.004,32.0,302.0,33.75,0,0.9117,1,0.0
1542,51.4,1,mask,,0.4519,0.4541,-0.006,-0.0133,,,,,239,0.9755,0.4083,0.004,32.0,302.0,33.73,0,0.911,1,0.0
1543,51.4333,1,mask,,0.4515,0.4533,-0.0067,-0.0234,,,,,239,0.9755,0.4117,0.004,32.0,302.0,33.78,0,0.9103,1,0.0
1544,51.4667,1,mask,,0.4431,0.4527,-0.0074,-0.0188,,,,,239,0.9755,0.418,0.0041,32.0,302.0,33.74,0,0.9091,1,0.0
1545,51.5,1,mask,,0.4544,0.4523,-0.0078,-0.0122,,,,,239,0.9755,0.4123,0.004,32.0,302.0,33.82,0,0.9102,1,0.0
1546,51.5333,1,mask,,0.4534,0.4521,-0.0079,-0.0044,,,,,239,0.9755,0.4069,0.0039,32.0,302.0,33.82,0,0.9113,1,0.0
1547,51.5667,1,mask,,0.4507,0.4519,-0.0081,-0.0064,,,,,239,0.9755,0.4071,0.004,32.0,302.0,33.84,0,0.9112,1,0.0
1548,51.6,1,mask,,0.4531,0.4523,-0.0077,0.012,,,,,239,0.9755,0.4117,0.0037,32.0,302.0,33.64,0,0.9103,1,0.0
1549,51.6333,1,mask,,0.4447,0.4526,-0.0075,0.0078,,,,,239,0.9755,0.4035,0.0041,31.0,302.0,33.73,0,0.912,1,0.0
1550,51.6667,1,mask,,0.4447,0.4519,-0.0081,-0.0191,,,,,239,0.9755,0.4035,0.0041,31.0,302.0,33.77,0,0.912,1,0.0
1551,51.7,1,mask,,0.4446,0.4494,-0.0106,-0.0758,,,,,239,0.9755,0.4037,0.004,31.0,302.0,33.75,0,0.9119,1,0.0
1552,51.7333,1,mask,,0.4387,0.4478,-0.0123,-0.0493,,,,,239,0.9755,0.4036,0.0043,31.0,302.0,33.8,0,0.9119,1,0.0
1553,51.7667,1,mask,,0.4465,0.4467,-0.0134,-0.032,,,,,239,0.9755,0.4072,0.004,32.0,302.0,33.71,0,0.9112,1,0.0
1554,51.8,1,mask,,0.4446,0.446,-0.0141,-0.0217,,,,,240,0.9796,0.4057,0.0037,31.0,303.0,33.74,0,0.9127,1,0.0
1555,51.8333,1,mask,,0.4418,0.4455,-0.0145,-0.0142,,,,,238,0.9754,0.3992,0.0042,31.0,302.0,33.75,0,0.9128,1,0.0
1556,51.8667,1,mask,,0.4541,0.4452,-0.0149,-0.0092,,,,,235,0.9631,0.3746,0.0038,31.0,303.0,33.8,0,0.914,1,0.0
1557,51.9,1,mask,,0.4514,0.4456,-0.0144,0.0132,,,,,234,0.959,0.3763,0.0038,31.0,302.0,34.07,0,0.9124,1,0.0
1558,51.9333,1,mask,,0.4487,0.4467,-0.0133,0.0323,,,,,234,0.959,0.376,0.0039,31.0,302.0,34.06,0,0.9125,1,0.0
1559,51.9667,1,mask,,0.4501,0.4479,-0.0121,0.036,,,,,235,0.9631,0.3828,0.0038,31.0,302.0,34.11,0,0.9124,1,0.0
1560,52.0,1,mask,,0.4488,0.4487,-0.0114,0.0234,,,,,236,0.9672,0.3844,0.0039,31.0,303.0,34.11,0,0.9133,1,0.0
1561,52.0333,1,mask,,0.4427,0.4487,-0.0113,0.0008,,,,,234,0.959,0.3767,0.0038,31.0,302.0,34.38,0,0.9124,1,0.0
1562,52.0667,1,mask,,0.4441,0.4487,-0.0113,-0.0,,,,,234,0.959,0.3784,0.0037,31.0,302.0,34.4,0,0.912,1,0.0
1563,52.1,1,mask,,0.4428,0.4471,-0.0129,-0.0482,,,,,234,0.959,0.3748,0.0038,31.0,302.0,34.37,0,0.9127,1,0.0
1564,52.1333,1,mask,,0.4428,0.4456,-0.0145,-0.0456,,,,,234,0.959,0.3748,0.0038,31.0,302.0,34.3,0,0.9127,1,0.0
1565,52.1667,1,mask,,0.4428,0.4446,-0.0154,-0.0296,,,,,234,0.959,0.3748,0.0038,31.0,302.0,34.3,0,0.9127,1,0.0
1566,52.2,1,mask,,0.4475,0.444,-0.0161,-0.0193,,,,,235,0.9592,0.3744,0.0042,31.0,302.0,34.27,0,0.9129,1,0.0
1567,52.2333,1,mask,,0.4475,0.4435,-0.0165,-0.0125,,,,,235,0.9592,0.3744,0.0042,31.0,302.0,34.23,0,0.9129,1,0.0
1568,52.2667,1,mask,,0.4444,0.4439,-0.0162,0.0094,,,,,234,0.959,0.3717,0.0038,31.0,302.0,34.28,0,0.9134,1,0.0
1569,52.3,1,mask,,0.4428,0.4441,-0.016,0.0061,,,,,234,0.959,0.3748,0.0038,31.0,302.0,34.3,0,0.9127,1,0.0
1570,52.3333,1,mask,,0.4444,0.4442,-0.0159,0.004,,,,,234,0.959,0.3717,0.0038,31.0,302.0,34.38,0,0.9134,1,0.0
1571,52.3667,1,mask,,0.4444,0.4443,-0.0158,0.0026,,,,,234,0.959,0.3717,0.0038,31.0,302.0,34.37,0,0.9134,1,0.0
1572,52.4,1,mask,,0.4445,0.4443,-0.0157,0.0017,,,,,234,0.959,0.3718,0.004,31.0,302.0,34.29,0,0.9133,1,0.0
1573,52.4333,1,mask,,0.4445,0.4444,-0.0157,0.0011,,,,,234,0.959,0.3718,0.004,31.0,302.0,34.17,0,0.9133,1,0.0
1574,52.4667,1,mask,,0.4475,0.4444,-0.0156,0.0011,,,,,235,0.9592,0.3744,0.0042,31.0,302.0,34.16,0,0.9129,1,0.0
1575,52.5,1,mask,,0.4475,0.4444,-0.0156,0.0007,,,,,235,0.9592,0.3744,0.0042,31.0,302.0,34.12,0,0.9129,1,0.0
1576,52.5333,1,mask,,0.4428,0.4444,-0.0156,0.0005,,,,,234,0.959,0.3749,0.004,31.0,302.0,34.17,0,0.9127,1,0.0
1577,52.5667,1,mask,,0.4428,0.4445,-0.0156,0.0003,,,,,234,0.959,0.3749,0.004,31.0,302.0,34.03,0,0.9127,1,0.0
1578,52.6,1,mask,,0.4428,0.4439,-0.0162,-0.0173,,,,,234,0.959,0.3749,0.004,31.0,302.0,34.05,0,0.9127,1,0.0
1579,52.6333,1,mask,,0.4458,0.4435,-0.0165,-0.0112,,,,,235,0.9592,0.3775,0.0042,31.0,302.0,34.01,0,0.9123,1,0.0
1580,52.6667,1,mask,,0.4458,0.4433,-0.0168,-0.0073,,,,,235,0.9592,0.3775,0.0042,31.0,302.0,34.1,0,0.9123,1,0.0
1581,52.7,1,mask,,0.4458,0.4441,-0.0159,0.0267,,,,,235,0.9592,0.3775,0.0042,31.0,302.0,34.27,0,0.9123,1,0.0
1582,52.7333,1,mask,,0.4433,0.4447,-0.0153,0.0173,,,,,235,0.9592,0.377,0.0043,31.0,302.0,34.31,0,0.9124,1,0.0
1583,52.7667,1,mask,,0.4419,0.4451,-0.015,0.0113,,,,,234,0.959,0.373,0.0043,31.0,302.0,34.38,0,0.9131,1,0.0
1584,52.8,1,mask,,0.447,0.4453,-0.0147,0.0073,,,,,234,0.959,0.3736,0.0038,31.0,302.0,34.48,0,0.913,1,0.0
1585,52.8333,1,mask,,0.4425,0.4446,-0.0154,-0.0213,,,,,235,0.9631,0.3591,0.0021,31.0,302.0,34.71,0,0.9171,1,0.0
1586,52.8667,1,mask,,0.4425,0.4439,-0.0162,-0.0223,,,,,235,0.9631,0.3591,0.0021,31.0,302.0,34.78,0,0.9171,1,0.0
1587,52.9,1,mask,,0.4393,0.4434,-0.0166,-0.0145,,,,,235,0.9631,0.362,0.0035,31.0,302.0,34.83,0,0.9165,1,0.0
1588,52.9333,1,mask,,0.4542,0.4431,-0.017,-0.0094,,,,,230,0.9426,0.3392,0.0018,31.0,302.0,35.07,0,0.915,1,0.0
1589,52.9667,1,mask,,0.4654,0.4429,-0.0172,-0.0061,,,,,229,0.9385,0.3368,0.0016,31.0,302.0,34.99,0,0.9142,1,0.0
1590,53.0,1,mask,,0.4654,0.4469,-0.0132,0.1192,,,,,229,0.9385,0.3368,0.0016,31.0,302.0,34.99,0,0.9142,1,0.0
1591,53.0333,1,mask,,0.4711,0.4533,-0.0067,0.1946,,,,,228,0.9344,0.3325,0.0021,31.0,302.0,34.85,0,0.9138,1,0.0
1592,53.0667,1,mask,,0.4612,0.4576,-0.0025,0.1265,,,,,233,0.9549,0.3541,0.0027,31.0,302.0,34.82,0,0.9157,1,0.0
1593,53.1,1,mask,,0.4667,0.4603,0.0003,0.0822,,,,,231,0.9467,0.3489,0.0016,31.0,302.0,34.82,0,0.9142,1,0.0
1594,53.1333,1,mask,,0.4774,0.4625,0.0025,0.0673,,,,,230,0.9426,0.3404,0.0015,31.0,303.0,34.8,0,0.9147,1,0.0
1595,53.1667,1,mask,,0.4774,0.4655,0.0055,0.0901,,,,,230,0.9426,0.3404,0.0015,31.0,303.0,34.82,0,0.9147,1,0.0
1596,53.2,1,mask,,0.4725,0.468,0.0079,0.0729,,,,,228,0.9344,0.3298,0.0022,31.0,302.0,35.03,0,0.9144,1,0.0
1597,53.2333,1,mask,,0.4725,0.4696,0.0095,0.0474,,,,,228,0.9344,0.3298,0.0022,31.0,302.0,35.02,0,0.9144,1,0.0
1598,53.2667,1,mask,,0.4725,0.4706,0.0105,0.0308,,,,,228,0.9344,0.3298,0.0022,31.0,302.0,35.02,0,0.9144,1,0.0
1599,53.3,1,mask,,0.4725,0.4713,0.0112,0.02,,,,,228,0.9344,0.3298,0.0022,31.0,302.0,35.09,0,0.9144,1,0.0
1600,53.3333,1,mask,,0.467,0.4717,0.0116,0.013,,,,,236,0.9328,0.2645,0.0053,31.0,304.0,35.09,0,0.927,1,0.0
1601,53.3667,1,mask,,0.4575,0.472,0.0119,0.0085,,,,,241,0.9757,0.4035,0.0032,31.0,306.0,35.16,0,0.912,1,0.0
1602,53.4,1,mask,,0.4513,0.4702,0.0102,-0.0523,,,,,241,0.9757,0.4013,0.0045,31.0,306.0,35.18,0,0.9125,1,0.0
1603,53.4333,1,mask,,0.4491,0.4658,0.0057,-0.1336,,,,,241,0.9757,0.3985,0.0048,31.0,306.0,35.2,0,0.913,1,0.0
1604,53.4667,1,mask,,0.4524,0.4611,0.0011,-0.14,,,,,241,0.9757,0.4,0.0047,31.0,306.0,35.32,0,0.9127,1,0.0
1605,53.5,1,mask,,0.4569,0.4581,-0.002,-0.091,,,,,241,0.9757,0.4046,0.0051,31.0,306.0,35.28,0,0.9118,1,0.0
1606,53.5333,1,mask,,0.4563,0.4561,-0.0039,-0.0591,,,,,241,0.9757,0.3921,0.0037,31.0,306.0,35.26,0,0.9143,1,0.0
1607,53.5667,1,mask,,0.4565,0.4562,-0.0039,0.0021,,,,,242,0.9798,0.393,0.0036,31.0,306.0,35.24,0,0.9153,1,0.0
1608,53.6,1,mask,,0.4588,0.4563,-0.0037,0.004,,,,,240,0.9717,0.3978,0.0051,31.0,306.0,35.09,0,0.9119,1,0.0
1609,53.6333,1,mask,,0.459,0.4565,-0.0035,0.0067,,,,,240,0.9717,0.406,0.0053,31.0,306.0,35.18,0,0.9103,1,0.0
1610,53.6667,1,mask,,0.4554,0.4565,-0.0035,0.0002,,,,,240,0.9717,0.4104,0.0054,31.0,306.0,35.24,0,0.9094,1,0.0
1611,53.7,1,mask,,0.4594,0.4573,-0.0027,0.0241,,,,,240,0.9717,0.411,0.0053,31.0,306.0,35.27,0,0.9093,1,0.0
1612,53.7333,1,mask,,0.4535,0.4579,-0.0022,0.0157,,,,,240,0.9717,0.3919,0.0052,31.0,306.0,35.18,0,0.9131,1,0.0
1613,53.7667,1,mask,,0.4545,0.457,-0.0031,-0.026,,,,,240,0.9717,0.399,0.0047,31.0,306.0,34.99,0,0.9117,1,0.0
1614,53.8,1,mask,,0.4536,0.4561,-0.0039,-0.0258,,,,,239,0.9676,0.3966,0.0049,31.0,306.0,35.04,0,0.911,1,0.0
1615,53.8333,1,mask,,0.4551,0.4556,-0.0045,-0.0168,,,,,239,0.9676,0.3995,0.0048,31.0,306.0,35.03,0,0.9104,1,0.0
1616,53.8667,1,mask,,0.4556,0.4552,-0.0048,-0.0109,,,,,239,0.9676,0.397,0.0047,31.0,306.0,34.97,0,0.9109,1,0.0
1617,53.9,1,mask,,0.453,0.455,-0.0051,-0.0071,,,,,239,0.9676,0.398,0.0048,31.0,306.0,35.08,0,0.9107,1,0.0
1618,53.9333,1,mask,,0.4534,0.4545,-0.0055,-0.0141,,,,,239,0.9676,0.402,0.0047,31.0,306.0,35.13,0,0.9099,1,0.0
1619,53.9667,1,mask,,0.453,0.4541,-0.0059,-0.0113,,,,,239,0.9676,0.4049,0.0047,31.0,306.0,35.11,0,0.9093,1,0.0
1620,54.0,1,mask,,0.4523,0.4537,-0.0063,-0.0115,,,,,239,0.9676,0.4008,0.0048,31.0,306.0,35.05,0,0.9101,1,0.0
1621,54.0333,1,mask,,0.4539,0.4535,-0.0066,-0.0075,,,,,239,0.9676,0.4044,0.0047,31.0,306.0,34.99,0,0.9094,1,0.0
1622,54.0667,1,mask,,0.4562,0.4535,-0.0066,-0.0007,,,,,239,0.9676,0.4089,0.0046,31.0,306.0,34.97,0,0.9085,1,0.0
1623,54.1,1,mask,,0.4561,0.4536,-0.0064,0.0048,,,,,239,0.9676,0.4066,0.0047,31.0,306.0,35.01,0,0.909,1,0.0
1624,54.1333,1,mask,,0.4536,0.4537,-0.0063,0.0031,,,,,239,0.9676,0.4072,0.0047,31.0,306.0,35.06,0,0.9088,1,0.0
1625,54.1667,1,mask,,0.4536,0.4538,-0.0062,0.002,,,,,239,0.9676,0.4072,0.0047,31.0,306.0,35.05,0,0.9088,1,0.0
1626,54.2,1,mask,,0.4561,0.4546,-0.0055,0.0237,,,,,239,0.9676,0.4066,0.0047,31.0,306.0,35.06,0,0.909,1,0.0
1627,54.2333,1,mask,,0.4558,0.455,-0.005,0.0124,,,,,239,0.9676,0.4117,0.0052,31.0,306.0,35.07,0,0.9079,1,0.0
1628,54.2667,1,mask,,0.4535,0.4545,-0.0055,-0.0153,,,,,239,0.9676,0.4081,0.0049,31.0,306.0,35.15,0,0.9087,1,0.0
1629,54.3,1,mask,,0.4611,0.4549,-0.0051,0.0134,,,,,239,0.9676,0.4037,0.006,31.0,306.0,35.3,0,0.9095,1,0.0
1630,54.3333,1,mask,,0.4575,0.4553,-0.0047,0.0117,,,,,239,0.9676,0.3964,0.0056,31.0,306.0,35.29,0,0.911,1,0.0
1631,54.3667,1,mask,,0.456,0.4556,-0.0045,0.0073,,,,,239,0.9676,0.3966,0.0053,31.0,306.0,35.22,0,0.911,1,0.0
1632,54.4,1,mask,,0.4577,0.4562,-0.0038,0.02,,,,,239,0.9676,0.4017,0.0049,31.0,306.0,35.38,0,0.91,1,0.0
1633,54.4333,1,mask,,0.4536,0.4567,-0.0034,0.013,,,,,239,0.9676,0.4,0.005,31.0,306.0,35.4,0,0.9103,1,0.0
1634,54.4667,1,mask,,0.4536,0.4565,-0.0036,-0.0068,,,,,239,0.9676,0.4,0.005,31.0,306.0,35.38,0,0.9103,1,0.0
1635,54.5,1,mask,,0.4506,0.4555,-0.0046,-0.0296,,,,,239,0.9676,0.3932,0.005,31.0,306.0,35.45,0,0.9116,1,0.0
1636,54.5333,1,mask,,0.4572,0.4548,-0.0052,-0.0193,,,,,239,0.9676,0.3973,0.0048,31.0,306.0,35.43,0,0.9108,1,0.0
1637,54.5667,1,mask,,0.4569,0.4544,-0.0056,-0.0125,,,,,239,0.9676,0.4027,0.0058,31.0,306.0,35.22,0,0.9097,1,0.0
1638,54.6,1,mask,,0.4581,0.4553,-0.0048,0.0265,,,,,242,0.968,0.4035,0.006,31.0,306.0,35.15,0,0.9097,1,0.0
1639,54.6333,1,mask,,0.4553,0.4559,-0.0042,0.0172,,,,,239,0.9676,0.3999,0.006,31.0,306.0,35.17,0,0.9103,1,0.0
1640,54.6667,1,mask,,0.46,0.4563,-0.0037,0.014,,,,,239,0.9676,0.4044,0.0061,31.0,306.0,34.98,0,0.9094,1,0.0
1641,54.7,1,mask,,0.46,0.4569,-0.0031,0.0184,,,,,239,0.9676,0.4044,0.0061,31.0,306.0,35.06,0,0.9094,1,0.0
1642,54.7333,1,mask,,0.4652,0.458,-0.002,0.0318,,,,,239,0.9676,0.4074,0.0059,31.0,306.0,35.08,0,0.9088,1,0.0
1643,54.7667,1,mask,,0.4652,0.4587,-0.0014,0.0207,,,,,239,0.9676,0.4074,0.0059,31.0,306.0,35.09,0,0.9088,1,0.0
1644,54.8,1,mask,,0.4714,0.461,0.0009,0.0684,,,,,242,0.968,0.4079,0.0063,32.0,306.0,34.8,0,0.9088,1,0.0
1645,54.8333,1,mask,,0.4714,0.4625,0.0024,0.0445,,,,,242,0.968,0.4079,0.0063,32.0,306.0,34.77,0,0.9088,1,0.0
1646,54.8667,1,mask,,0.4714,0.4656,0.0055,0.0941,,,,,242,0.968,0.4079,0.0063,32.0,306.0,34.76,0,0.9088,1,0.0
1647,54.9,1,mask,,0.4714,0.4676,0.0076,0.0612,,,,,242,0.968,0.4079,0.0063,32.0,306.0,34.74,0,0.9088,1,0.0
1648,54.9333,1,mask,,0.4716,0.469,0.0089,0.0398,,,,,242,0.968,0.4074,0.0063,32.0,306.0,34.74,0,0.9089,1,0.0
1649,54.9667,1,mask,,0.4716,0.4698,0.0098,0.0258,,,,,242,0.968,0.4074,0.0063,32.0,306.0,34.74,0,0.9089,1,0.0
1650,55.0,1,mask,,0.4602,0.4704,0.0103,0.0168,,,,,238,0.9636,0.3938,0.0051,31.0,306.0,35.09,0,0.9103,1,0.0
1651,55.0333,1,mask,,0.4563,0.4707,0.0107,0.0109,,,,,238,0.9636,0.3912,0.0054,31.0,306.0,35.09,0,0.9108,1,0.0
1652,55.0667,1,mask,,0.4518,0.4671,0.007,-0.1108,,,,,237,0.9595,0.3869,0.0049,31.0,306.0,35.06,0,0.9105,1,0.0
1653,55.1,1,mask,,0.4569,0.4635,0.0034,-0.1069,,,,,237,0.9595,0.3928,0.0055,31.0,306.0,35.09,0,0.9093,1,0.0
1654,55.1333,1,mask,,0.4508,0.461,0.0009,-0.0757,,,,,236,0.9555,0.3804,0.0051,31.0,306.0,35.06,0,0.9106,1,0.0
1655,55.1667,1,mask,,0.4527,0.4581,-0.002,-0.0873,,,,,237,0.9595,0.3851,0.0051,31.0,306.0,35.09,0,0.9108,1,0.0
1656,55.2,1,mask,,0.4503,0.4559,-0.0042,-0.0658,,,,,236,0.9555,0.3848,0.0049,31.0,306.0,35.11,0,0.9097,1,0.0
1657,55.2333,1,mask,,0.4462,0.4541,-0.0059,-0.0527,,,,,236,0.9555,0.3867,0.0052,31.0,306.0,35.12,0,0.9093,1,0.0
1658,55.2667,1,mask,,0.4479,0.4528,-0.0073,-0.0397,,,,,236,0.9555,0.3859,0.0051,31.0,306.0,35.08,0,0.9095,1,0.0
1659,55.3,1,mask,,0.4479,0.4511,-0.009,-0.0515,,,,,236,0.9555,0.3859,0.0051,31.0,306.0,35.01,0,0.9095,1,0.0
1660,55.3333,1,mask,,0.4459,0.45,-0.0101,-0.0335,,,,,236,0.9555,0.383,0.0046,31.0,306.0,34.94,0,0.91,1,0.0
1661,55.3667,1,mask,,0.4475,0.4491,-0.011,-0.0259,,,,,236,0.9555,0.3805,0.004,31.0,306.0,34.96,0,0.9105,1,0.0
1662,55.4,1,mask,,0.4459,0.4485,-0.0115,-0.0169,,,,,236,0.9555,0.383,0.0046,31.0,306.0,34.87,0,0.91,1,0.0
1663,55.4333,1,mask,,0.4475,0.4482,-0.0119,-0.011,,,,,236,0.9555,0.3805,0.004,31.0,306.0,34.82,0,0.9105,1,0.0
1664,55.4667,1,mask,,0.4459,0.4474,-0.0127,-0.0238,,,,,236,0.9555,0.383,0.0046,31.0,306.0,34.79,0,0.91,1,0.0
1665,55.5,1,mask,,0.4459,0.4468,-0.0132,-0.0155,,,,,236,0.9555,0.383,0.0046,31.0,306.0,34.82,0,0.91,1,0.0
1666,55.5333,1,mask,,0.4459,0.4465,-0.0135,-0.0101,,,,,236,0.9555,0.383,0.0046,31.0,306.0,34.77,0,0.91,1,0.0
1667,55.5667,1,mask,,0.4455,0.4463,-0.0138,-0.0065,,,,,236,0.9555,0.3832,0.0049,31.0,306.0,34.81,0,0.91,1,0.0
1668,55.6,1,mask,,0.4479,0.4462,-0.0139,-0.0043,,,,,236,0.9555,0.3859,0.0051,31.0,306.0,34.75,0,0.9095,1,0.0
1669,55.6333,1,mask,,0.4462,0.4461,-0.014,-0.0028,,,,,236,0.9555,0.3811,0.0051,31.0,306.0,34.74,0,0.9104,1,0.0
1670,55.6667,1,mask,,0.4526,0.4461,-0.0139,0.0015,,,,,236,0.9555,0.3887,0.0046,31.0,306.0,34.76,0,0.9089,1,0.0
1671,55.7,1,mask,,0.4391,0.4461,-0.0139,0.001,,,,,235,0.9514,0.3718,0.0042,31.0,306.0,34.77,0,0.9111,1,0.0
1672,55.7333,1,mask,,0.4403,0.4462,-0.0139,0.0006,,,,,236,0.9555,0.384,0.0051,31.0,306.0,34.79,0,0.9098,1,0.0
1673,55.7667,1,mask,,0.4462,0.4462,-0.0139,0.0004,,,,,236,0.9555,0.3811,0.0051,31.0,306.0,34.76,0,0.9104,1,0.0
1674,55.8,1,mask,,0.4309,0.4441,-0.0159,-0.0614,,,,,234,0.9474,0.3732,0.0045,31.0,306.0,34.95,0,0.9096,1,0.0
1675,55.8333,1,mask,,0.4353,0.4424,-0.0177,-0.053,,,,,237,0.9595,0.3895,0.0048,31.0,306.0,34.88,0,0.91,1,0.0
1676,55.8667,1,mask,,0.4353,0.4399,-0.0202,-0.0746,,,,,237,0.9595,0.3895,0.0048,31.0,306.0,34.89,0,0.91,1,0.0
1677,55.9,1,mask,,0.4353,0.4383,-0.0218,-0.0485,,,,,237,0.9595,0.3895,0.0048,31.0,306.0,34.85,0,0.91,1,0.0
1678,55.9333,1,mask,,0.4353,0.4372,-0.0228,-0.0315,,,,,237,0.9595,0.3895,0.0048,31.0,306.0,34.88,0,0.91,1,0.0
1679,55.9667,1,mask,,0.4386,0.4365,-0.0235,-0.0205,,,,,236,0.9555,0.3895,0.0048,31.0,306.0,34.78,0,0.9087,1,0.0
1680,56.0,1,mask,,0.4377,0.4361,-0.024,-0.0133,,,,,236,0.9555,0.3874,0.0048,31.0,306.0,34.79,0,0.9092,1,0.0
1681,56.0333,1,mask,,0.4377,0.4366,-0.0234,0.017,,,,,236,0.9555,0.3874,0.0048,31.0,306.0,34.8,0,0.9092,1,0.0
1682,56.0667,1,mask,,0.4425,0.437,-0.023,0.011,,,,,237,0.9595,0.3963,0.0055,31.0,306.0,34.8,0,0.9086,1,0.0
1683,56.1,1,mask,,0.4343,0.4372,-0.0228,0.0072,,,,,237,0.9595,0.3857,0.0048,31.0,306.0,34.8,0,0.9107,1,0.0
1684,56.1333,1,mask,,0.428,0.4374,-0.0226,0.0047,,,,,232,0.9393,0.373,0.0049,31.0,306.0,34.85,0,0.9072,1,0.0
1685,56.1667,1,mask,,0.4303,0.4363,-0.0237,-0.0329,,,,,232,0.9393,0.3915,0.0056,31.0,306.0,34.89,0,0.9035,1,0.0
1686,56.2,1,mask,,0.4389,0.4356,-0.0245,-0.0214,,,,,233,0.9433,0.3843,0.0044,31.0,306.0,35.09,0,0.9061,1,0.0
1687,56.2333,1,mask,,0.4289,0.4338,-0.0263,-0.0551,,,,,234,0.9474,0.3686,0.0042,31.0,306.0,35.25,0,0.9105,1,0.0
1688,56.2667,1,mask,,0.4303,0.4325,-0.0275,-0.0367,,,,,233,0.9433,0.3614,0.0044,31.0,306.0,35.31,0,0.9107,1,0.0
1689,56.3,1,mask,,0.4327,0.4318,-0.0283,-0.023,,,,,231,0.9352,0.3621,0.0033,31.0,306.0,35.37,0,0.9081,1,0.0
1690,56.3333,1,mask,,0.4333,0.4321,-0.0279,0.0101,,,,,230,0.9312,0.3622,0.003,31.0,306.0,35.92,0,0.9069,1,0.0
1691,56.3667,1,mask,,0.4286,0.4315,-0.0286,-0.0193,,,,,230,0.9312,0.3604,0.0026,31.0,306.0,35.82,0,0.9073,1,0.0
1692,56.4,1,mask,,0.4282,0.431,-0.029,-0.0125,,,,,230,0.9312,0.3622,0.0027,31.0,306.0,35.77,0,0.9069,1,0.0
1693,56.4333,1,mask,,0.4042,0.4302,-0.0299,-0.0259,,,,,227,0.919,0.3458,0.0047,31.0,306.0,35.64,0,0.9066,1,0.0
1694,56.4667,1,mask,,0.4403,0.4296,-0.0304,-0.0168,,,,,232,0.9393,0.3652,0.0033,31.0,306.0,35.56,0,0.9087,1,0.0
1695,56.5,1,mask,,0.4354,0.4293,-0.0308,-0.0109,,,,,230,0.9312,0.3693,0.0034,31.0,306.0,35.39,0,0.9055,1,0.0
1696,56.5333,1,mask,,0.4355,0.4314,-0.0286,0.065,,,,,233,0.9433,0.3714,0.0043,31.0,306.0,35.38,0,0.9087,1,0.0
1697,56.5667,1,mask,,0.4346,0.4328,-0.0272,0.0422,,,,,232,0.9393,0.3713,0.0041,31.0,306.0,35.32,0,0.9075,1,0.0
1698,56.6,1,mask,,0.4355,0.4338,-0.0263,0.0279,,,,,230,0.9312,0.3691,0.0034,31.0,306.0,35.24,0,0.9055,1,0.0
1699,56.6333,1,mask,,0.4435,0.4344,-0.0257,0.0182,,,,,233,0.9433,0.3739,0.0034,31.0,306.0,34.89,0,0.9082,1,0.0
1700,56.6667,1,mask,,0.4485,0.4348,-0.0253,0.0122,,,,,233,0.9433,0.376,0.0032,31.0,306.0,34.87,0,0.9078,1,0.0
1701,56.7,1,mask,,0.4467,0.4378,-0.0222,0.0921,,,,,234,0.9474,0.3773,0.0037,31.0,306.0,34.85,0,0.9087,1,0.0
1702,56.7333,1,mask,,0.4502,0.4409,-0.0191,0.093,,,,,233,0.9433,0.3764,0.0033,31.0,306.0,34.81,0,0.9077,1,0.0
1703,56.7667,1,mask,,0.45,0.4436,-0.0165,0.0794,,,,,233,0.9433,0.3745,0.0033,31.0,306.0,34.84,0,0.9081,1,0.0
1704,56.8,1,mask,,0.4474,0.4453,-0.0147,0.0516,,,,,233,0.9433,0.3753,0.0033,31.0,306.0,34.79,0,0.9079,1,0.0
1705,56.8333,1,mask,,0.4484,0.4464,-0.0137,0.0322,,,,,234,0.9474,0.3757,0.0037,31.0,306.0,34.78,0,0.9091,1,0.0
1706,56.8667,1,mask,,0.4506,0.4477,-0.0124,0.0385,,,,,234,0.9474,0.3749,0.0056,31.0,305.0,34.84,0,0.9092,1,0.0
1707,56.9,1,mask,,0.4629,0.4485,-0.0116,0.025,,,,,228,0.9231,0.3706,0.0045,31.0,305.0,35.11,0,0.9028,1,0.0
1708,56.9333,1,mask,,0.4605,0.4492,-0.0108,0.0225,,,,,230,0.9312,0.364,0.0035,31.0,305.0,35.06,0,0.9066,1,0.0
1709,56.9667,1,mask,,0.4657,0.4532,-0.0069,0.118,,,,,238,0.9636,0.4081,0.0045,31.0,305.0,35.16,0,0.9075,1,0.0
1710,57.0,1,mask,,0.47,0.4566,-0.0035,0.1019,,,,,234,0.9474,0.3738,0.0042,31.0,305.0,35.16,0,0.9095,1,0.0
1711,57.0333,1,mask,,0.4681,0.4598,-0.0003,0.0962,,,,,235,0.9514,0.3772,0.0042,31.0,305.0,35.05,0,0.91,1,0.0
1712,57.0667,1,mask,,0.4637,0.4619,0.0018,0.0625,,,,,235,0.9514,0.3883,0.0055,31.0,305.0,35.04,0,0.9078,1,0.0
1713,57.1,1,mask,,0.4676,0.4639,0.0038,0.0603,,,,,240,0.9677,0.4076,0.0054,31.5,306.0,35.05,0,0.9088,1,0.0
1714,57.1333,1,mask,,0.466,0.4652,0.0051,0.0392,,,,,239,0.9676,0.4095,0.0046,31.0,306.0,35.39,0,0.9084,1,0.0
1715,57.1667,1,mask,,0.4703,0.466,0.006,0.0255,,,,,239,0.9676,0.4094,0.0043,31.0,306.0,35.51,0,0.9084,1,0.0
1716,57.2,1,mask,,0.4747,0.4666,0.0065,0.0165,,,,,239,0.9676,0.4124,0.0045,31.0,306.0,35.43,0,0.9078,1,0.0
1717,57.2333,1,mask,,0.4747,0.4679,0.0078,0.039,,,,,239,0.9676,0.4124,0.0045,31.0,306.0,35.48,0,0.9078,1,0.0
1718,57.2667,1,mask,,0.4748,0.4703,0.0102,0.0717,,,,,239,0.9676,0.4031,0.0046,31.0,306.0,35.47,0,0.9097,1,0.0
1719,57.3,1,mask,,0.4756,0.4718,0.0118,0.0466,,,,,238,0.9636,0.403,0.0046,31.0,306.0,35.21,0,0.9085,1,0.0
1720,57.3333,1,mask,,0.4802,0.4729,0.0128,0.031,,,,,238,0.9636,0.4131,0.005,31.0,306.0,35.16,0,0.9064,1,0.0
1721,57.3667,1,mask,,0.4777,0.4738,0.0138,0.0287,,,,,238,0.9636,0.4142,0.0047,31.0,306.0,35.11,0,0.9062,1,0.0
1722,57.4,1,mask,,0.4805,0.4752,0.0151,0.0409,,,,,239,0.9637,0.4183,0.0052,31.0,306.0,35.24,0,0.9055,1,0.0
1723,57.4333,1,mask,,0.4761,0.4761,0.016,0.0266,,,,,239,0.9637,0.4128,0.0051,31.0,306.0,34.57,0,0.9065,1,0.0
1724,57.4667,1,mask,,0.4761,0.4766,0.0166,0.0173,,,,,239,0.9637,0.4128,0.0051,31.0,306.0,34.56,0,0.9065,1,0.0
1725,57.5,1,mask,,0.4754,0.4764,0.0164,-0.006,,,,,239,0.9637,0.4092,0.0051,31.0,306.0,34.56,0,0.9073,1,0.0
1726,57.5333,1,mask,,0.4761,0.4763,0.0163,-0.0039,,,,,239,0.9637,0.4128,0.0051,31.0,306.0,34.49,0,0.9065,1,0.0
1727,57.5667,1,mask,,0.4754,0.4762,0.0162,-0.0026,,,,,239,0.9637,0.4092,0.0051,31.0,306.0,34.43,0,0.9073,1,0.0
1728,57.6,1,mask,,0.4754,0.4759,0.0159,-0.0091,,,,,239,0.9637,0.4092,0.0051,31.0,306.0,34.42,0,0.9073,1,0.0
1729,57.6333,1,mask,,0.4754,0.4757,0.0157,-0.0059,,,,,239,0.9637,0.4092,0.0051,31.0,306.0,34.39,0,0.9073,1,0.0
1730,57.6667,1,mask,,0.4754,0.4756,0.0155,-0.0038,,,,,239,0.9637,0.4092,0.0051,31.0,306.0,34.45,0,0.9073,1,0.0
1731,57.7,1,mask,,0.4762,0.4755,0.0155,-0.0025,,,,,238,0.9636,0.4157,0.0048,31.0,306.0,35.05,0,0.9059,1,0.0
1732,57.7333,1,mask,,0.4777,0.4755,0.0154,-0.0016,,,,,239,0.9637,0.4129,0.0052,31.0,306.0,34.96,0,0.9065,1,0.0
1733,57.7667,1,mask,,0.4718,0.4754,0.0154,-0.0011,,,,,239,0.9637,0.4145,0.005,31.0,306.0,34.92,0,0.9062,1,0.0
1734,57.8,1,mask,,0.4718,0.4754,0.0153,-0.0007,,,,,239,0.9637,0.4161,0.0061,31.0,306.0,35.04,0,0.9059,1,0.0
1735,57.8333,1,mask,,0.4713,0.4741,0.0141,-0.0376,,,,,240,0.9677,0.4187,0.0051,31.0,306.0,34.62,0,0.9066,1,0.0
1736,57.8667,1,mask,,0.4727,0.4733,0.0133,-0.0245,,,,,240,0.9677,0.4095,0.0051,31.0,306.0,34.57,0,0.9084,1,0.0
1737,57.9,1,mask,,0.4725,0.4728,0.0127,-0.0159,,,,,240,0.9677,0.4127,0.0052,31.0,306.0,34.49,0,0.9078,1,0.0
1738,57.9333,1,mask,,0.4665,0.4725,0.0124,-0.0103,,,,,239,0.9637,0.4182,0.0063,32.0,306.0,34.68,0,0.9055,1,0.0
1739,57.9667,1,mask,,0.4681,0.4721,0.012,-0.0117,,,,,239,0.9637,0.411,0.0055,31.0,306.0,34.56,0,0.9069,1,0.0
1740,58.0,1,mask,,0.4661,0.4707,0.0106,-0.0411,,,,,239,0.9637,0.4165,0.0055,32.0,306.0,34.56,0,0.9058,1,0.0
1741,58.0333,1,mask,,0.4655,0.4692,0.0092,-0.0436,,,,,239,0.9637,0.4123,0.0054,31.0,306.0,34.59,0,0.9067,1,0.0
1742,58.0667,1,mask,,0.4607,0.4681,0.0081,-0.0335,,,,,240,0.9677,0.4197,0.0044,32.0,306.0,34.79,0,0.9064,1,0.0
1743,58.1,1,mask,,0.4655,0.4672,0.0072,-0.027,,,,,240,0.9677,0.4069,0.0043,31.0,306.0,34.65,0,0.9089,1,0.0
1744,58.1333,1,mask,,0.4686,0.4666,0.0066,-0.0176,,,,,240,0.9677,0.4074,0.0045,31.5,306.0,34.7,0,0.9088,1,0.0
1745,58.1667,1,mask,,0.4686,0.4663,0.0062,-0.0114,,,,,240,0.9677,0.4074,0.0045,31.5,306.0,34.69,0,0.9088,1,0.0
1746,58.2,1,mask,,0.4667,0.4664,0.0064,0.0045,,,,,240,0.9677,0.398,0.0044,31.0,306.0,34.7,0,0.9107,1,0.0
1747,58.2333,1,mask,,0.4641,0.4665,0.0065,0.0029,,,,,240,0.9677,0.396,0.0043,31.0,306.0,35.19,0,0.9111,1,0.0
1748,58.2667,1,mask,,0.4641,0.4666,0.0065,0.0019,,,,,240,0.9677,0.396,0.0043,31.0,306.0,35.23,0,0.9111,1,0.0
1749,58.3,1,mask,,0.4641,0.4657,0.0057,-0.0259,,,,,240,0.9677,0.396,0.0043,31.0,306.0,35.32,0,0.9111,1,0.0
1750,58.3333,1,mask,,0.4637,0.4651,0.0051,-0.0168,,,,,240,0.9677,0.3966,0.0043,31.0,306.0,35.25,0,0.911,1,0.0
1751,58.3667,1,mask,,0.4641,0.4648,0.0047,-0.0109,,,,,240,0.9677,0.396,0.0043,31.0,306.0,35.42,0,0.9111,1,0.0
1752,58.4,1,mask,,0.4629,0.4645,0.0045,-0.0071,,,,,240,0.9677,0.3928,0.0042,31.0,306.0,35.43,0,0.9118,1,0.0
1753,58.4333,1,mask,,0.4629,0.4642,0.0042,-0.0091,,,,,240,0.9677,0.3928,0.0042,31.0,306.0,35.41,0,0.9118,1,0.0
1754,58.4667,1,mask,,0.4608,0.4638,0.0037,-0.0136,,,,,239,0.9676,0.3896,0.004,31.0,306.0,35.5,0,0.9124,1,0.0
1755,58.5,1,mask,,0.4676,0.4635,0.0034,-0.0088,,,,,240,0.9677,0.4033,0.0044,31.0,306.0,35.18,0,0.9097,1,0.0
1756,58.5333,1,mask,,0.4661,0.4633,0.0032,-0.0057,,,,,240,0.9677,0.4053,0.0043,31.0,306.0,35.2,0,0.9093,1,0.0
1757,58.5667,1,mask,,0.4661,0.4643,0.0042,0.0292,,,,,240,0.9677,0.4053,0.0043,31.0,306.0,35.14,0,0.9093,1,0.0
1758,58.6,1,mask,,0.4664,0.4649,0.0049,0.019,,,,,240,0.9677,0.4097,0.0044,31.5,306.0,35.5,0,0.9084,1,0.0
1759,58.6333,1,mask,,0.4658,0.4653,0.0053,0.0123,,,,,240,0.9677,0.3961,0.0043,31.0,306.0,35.52,0,0.9111,1,0.0
1760,58.6667,1,mask,,0.4658,0.4656,0.0055,0.008,,,,,240,0.9677,0.3961,0.0043,31.0,306.0,35.54,0,0.9111,1,0.0
1761,58.7,1,mask,,0.4658,0.4657,0.0056,0.0023,,,,,240,0.9677,0.3961,0.0043,31.0,306.0,35.5,0,0.9111,1,0.0
1762,58.7333,1,mask,,0.4652,0.4657,0.0057,0.0015,,,,,240,0.9677,0.3945,0.0043,31.0,306.0,35.76,0,0.9114,1,0.0
1763,58.7666,1,mask,,0.4652,0.4657,0.0057,0.001,,,,,240,0.9677,0.3945,0.0043,31.0,306.0,35.7,0,0.9114,1,0.0
1764,58.8,1,mask,,0.4626,0.4655,0.0055,-0.0057,,,,,240,0.9677,0.3957,0.0047,31.0,306.0,35.72,0,0.9112,1,0.0
1765,58.8333,1,mask,,0.4615,0.4654,0.0054,-0.0037,,,,,240,0.9677,0.3924,0.0046,31.0,306.0,35.69,0,0.9118,1,0.0
1766,58.8666,1,mask,,0.4651,0.4653,0.0052,-0.0039,,,,,240,0.9677,0.3923,0.0043,31.0,306.0,35.87,0,0.9119,1,0.0
1767,58.9,1,mask,,0.4646,0.4651,0.005,-0.007,,,,,240,0.9677,0.3929,0.0043,31.0,306.0,35.73,0,0.9117,1,0.0
1768,58.9333,1,mask,,0.4648,0.4649,0.0049,-0.0046,,,,,239,0.9676,0.393,0.004,31.0,306.0,35.83,0,0.9117,1,0.0
1769,58.9666,1,mask,,0.4648,0.4649,0.0048,-0.0016,,,,,239,0.9676,0.393,0.004,31.0,306.0,35.9,0,0.9117,1,0.0
1770,59.0,1,mask,,0.4652,0.4648,0.0048,-0.0011,,,,,239,0.9676,0.3924,0.0041,31.0,306.0,36.21,0,0.9118,1,0.0
1771,59.0333,1,mask,,0.4678,0.4648,0.0047,-0.0007,,,,,240,0.9677,0.3964,0.0042,31.0,306.0,36.13,0,0.911,1,0.0
1772,59.0666,1,mask,,0.4678,0.4649,0.0049,0.0042,,,,,240,0.9677,0.3964,0.0042,31.0,306.0,36.13,0,0.911,1,0.0
1773,59.1,1,mask,,0.4678,0.4659,0.0059,0.0303,,,,,240,0.9677,0.3964,0.0042,31.0,306.0,36.15,0,0.911,1,0.0
1774,59.1333,1,mask,,0.4678,0.4666,0.0066,0.0197,,,,,240,0.9677,0.3964,0.0042,31.0,306.0,36.07,0,0.911,1,0.0
1775,59.1666,1,mask,,0.4699,0.467,0.007,0.0128,,,,,240,0.9677,0.398,0.0042,31.0,306.0,35.99,0,0.9107,1,0.0
1776,59.2,1,mask,,0.4699,0.4673,0.0073,0.0083,,,,,240,0.9677,0.398,0.0042,31.0,306.0,36.01,0,0.9107,1,0.0
1777,59.2333,1,mask,,0.4699,0.4682,0.0082,0.0273,,,,,240,0.9677,0.398,0.0042,31.0,306.0,36.02,0,0.9107,1,0.0
1778,59.2666,1,mask,,0.471,0.4688,0.0088,0.0178,,,,,240,0.9677,0.4003,0.0045,31.0,306.0,36.18,0,0.9103,1,0.0
1779,59.3,1,mask,,0.4722,0.4692,0.0091,0.0116,,,,,240,0.9677,0.4067,0.0046,31.0,306.0,35.9,0,0.909,1,0.0
1780,59.3333,1,mask,,0.4722,0.4698,0.0098,0.0187,,,,,240,0.9677,0.4067,0.0046,31.0,306.0,35.8,0,0.909,1,0.0
1781,59.3666,1,mask,,0.4696,0.4702,0.0102,0.0121,,,,,240,0.9677,0.4026,0.0045,31.0,306.0,35.71,0,0.9098,1,0.0
1782,59.4,1,mask,,0.4674,0.4705,0.0104,0.0079,,,,,240,0.9677,0.4011,0.0044,31.0,306.0,35.71,0,0.9101,1,0.0
1783,59.4333,1,mask,,0.4623,0.4702,0.0101,-0.0095,,,,,240,0.9677,0.4016,0.0043,31.0,306.0,35.66,0,0.91,1,0.0
1784,59.4666,1,mask,,0.4623,0.4692,0.0092,-0.0288,,,,,240,0.9677,0.4016,0.0043,31.0,306.0,35.59,0,0.91,1,0.0
1785,59.5,1,mask,,0.4618,0.4668,0.0067,-0.073,,,,,240,0.9677,0.3998,0.0043,31.0,306.0,35.18,0,0.9104,1,0.0
1786,59.5333,1,mask,,0.4676,0.4652,0.0051,-0.0474,,,,,240,0.9677,0.4083,0.0045,31.0,306.0,35.52,0,0.9087,1,0.0
1787,59.5666,1,mask,,0.4646,0.4642,0.0041,-0.0308,,,,,240,0.9677,0.3988,0.0044,31.0,306.0,36.1,0,0.9106,1,0.0
1788,59.6,1,mask,,0.4639,0.4641,0.004,-0.0031,,,,,240,0.9677,0.3976,0.0044,31.0,306.0,36.06,0,0.9108,1,0.0
1789,59.6333,1,mask,,0.4699,0.4642,0.0042,0.0055,,,,,241,0.9679,0.4032,0.0049,31.0,306.0,36.03,0,0.9097,1,0.0
1790,59.6666,1,mask,,0.4539,0.4644,0.0043,0.0035,,,,,241,0.9679,0.3988,0.0039,31.0,306.0,35.98,0,0.9106,1,0.0
1791,59.7,1,mask,,0.4572,0.4642,0.0041,-0.0052,,,,,241,0.9679,0.4023,0.0044,31.0,306.0,35.47,0,0.9099,1,0.0
1792,59.7333,1,mask,,0.4562,0.4618,0.0017,-0.0729,,,,,241,0.9679,0.3999,0.0039,31.0,306.0,35.49,0,0.9104,1,0.0
1793,59.7666,1,mask,,0.4574,0.4602,0.0001,-0.0474,,,,,241,0.9679,0.4031,0.0039,32.0,306.0,35.47,0,0.9097,1,0.0
1794,59.8,1,mask,,0.4665,0.4592,-0.0009,-0.0308,,,,,241,0.9679,0.4198,0.0051,32.0,306.0,35.86,0,0.9064,1,0.0
1795,59.8333,1,mask,,0.4665,0.4585,-0.0015,-0.0188,,,,,241,0.9679,0.4198,0.0051,32.0,306.0,35.85,0,0.9064,1,0.0
1796,59.8666,1,mask,,0.4641,0.4605,0.0004,0.0585,,,,,241,0.9679,0.4208,0.0057,32.0,306.0,35.87,0,0.9062,1,0.0
1797,59.9,1,mask,,0.4665,0.4626,0.0026,0.0636,,,,,241,0.9679,0.4198,0.0051,32.0,306.0,35.85,0,0.9064,1,0.0
1798,59.9333,1,mask,,0.464,0.464,0.0039,0.0414,,,,,241,0.9679,0.4211,0.0056,32.0,306.0,35.89,0,0.9061,1,0.0
1799,59.9666,1,mask,,0.464,0.464,0.004,0.0013,,,,,241,0.9679,0.4211,0.0056,32.0,306.0,35.89,0,0.9061,1,0.0
1800,60.0,1,mask,,0.4935,0.4641,0.004,0.0008,,,,,242,0.9528,0.3513,0.0052,31.0,306.0,36.0,0,0.9156,1,0.0
1801,60.0333,1,mask,,0.5176,0.4649,0.0049,0.0261,,,,,239,0.9676,0.3757,0.0068,31.0,306.0,35.95,0,0.9152,1,0.0
1802,60.0666,1,mask,,0.5233,0.4749,0.0149,0.3002,,,,,240,0.9677,0.386,0.006,31.0,306.0,35.94,0,0.9131,1,0.0
1803,60.1,1,mask,,0.5175,0.4898,0.0298,0.4472,,,,,240,0.9677,0.391,0.0064,31.0,306.0,35.92,0,0.9121,1,0.0
1804,60.1333,1,mask,,0.5107,0.4995,0.0395,0.2907,,,,,240,0.9677,0.3877,0.0064,31.0,306.0,35.91,0,0.9128,1,0.0
1805,60.1666,1,mask,,0.5134,0.5058,0.0458,0.189,,,,,240,0.9677,0.3939,0.0062,31.0,306.0,35.91,0,0.9115,1,0.0
1806,60.2,1,mask,,0.5158,0.5093,0.0493,0.1044,,,,,240,0.9677,0.3928,0.0065,31.0,306.0,35.91,0,0.9118,1,0.0
1807,60.2333,1,mask,,0.5176,0.5116,0.0515,0.0679,,,,,239,0.9676,0.4065,0.0063,31.0,306.0,35.91,0,0.909,1,0.0
1808,60.2666,1,mask,,0.5176,0.513,0.053,0.0441,,,,,239,0.9676,0.4065,0.0063,31.0,306.0,35.91,0,0.909,1,0.0
1809,60.3,1,mask,,0.5209,0.5146,0.0546,0.0479,,,,,239,0.9676,0.4151,0.0062,31.0,306.0,35.83,0,0.9073,1,0.0
1810,60.3333,1,mask,,0.5185,0.5157,0.0556,0.0312,,,,,239,0.9676,0.4143,0.0067,31.0,306.0,35.83,0,0.9074,1,0.0
1811,60.3666,1,mask,,0.521,0.5167,0.0566,0.0299,,,,,239,0.9676,0.4202,0.0066,31.0,306.0,35.77,0,0.9062,1,0.0
1812,60.4,1,mask,,0.5192,0.5175,0.0575,0.0264,,,,,239,0.9676,0.4232,0.0067,31.0,306.0,35.7,0,0.9057,1,0.0
1813,60.4333,1,mask,,0.5192,0.5181,0.0581,0.0171,,,,,239,0.9676,0.4232,0.0067,31.0,306.0,35.62,0,0.9057,1,0.0
1814,60.4666,1,mask,,0.5192,0.5185,0.0584,0.0111,,,,,239,0.9676,0.4232,0.0067,31.0,306.0,35.66,0,0.9057,1,0.0
1815,60.5,1,mask,,0.5203,0.5187,0.0587,0.0072,,,,,239,0.9676,0.4223,0.0064,31.0,306.0,35.64,0,0.9058,1,0.0
1816,60.5333,1,mask,,0.5199,0.5189,0.0588,0.0047,,,,,239,0.9676,0.4262,0.0067,31.0,306.0,35.65,0,0.905,1,0.0
1817,60.5666,1,mask,,0.5198,0.5192,0.0592,0.0095,,,,,239,0.9676,0.4184,0.0064,31.0,306.0,35.71,0,0.9066,1,0.0
1818,60.6,1,mask,,0.5203,0.5195,0.0594,0.0075,,,,,239,0.9676,0.4223,0.0064,31.0,306.0,35.74,0,0.9058,1,0.0
1819,60.6333,1,mask,,0.5227,0.5197,0.0597,0.0085,,,,,239,0.9676,0.4231,0.0056,31.0,306.0,35.72,0,0.9057,1,0.0
1820,60.6666,1,mask,,0.5197,0.5198,0.0598,0.0019,,,,,239,0.9676,0.4213,0.0065,31.0,306.0,35.77,0,0.906,1,0.0
1821,60.7,1,mask,,0.5227,0.52,0.0599,0.0049,,,,,239,0.9676,0.423,0.0056,31.0,306.0,35.77,0,0.9057,1,0.0
1822,60.7333,1,mask,,0.5197,0.5201,0.06,0.0032,,,,,239,0.9676,0.4213,0.0065,31.0,306.0,35.76,0,0.906,1,0.0
1823,60.7666,1,mask,,0.5197,0.5199,0.0599,-0.0042,,,,,239,0.9676,0.4213,0.0065,31.0,306.0,35.75,0,0.906,1,0.0
1824,60.8,1,mask,,0.5203,0.5198,0.0598,-0.0027,,,,,239,0.9676,0.4222,0.0066,31.0,306.0,35.78,0,0.9058,1,0.0
1825,60.8333,1,mask,,0.5203,0.52,0.06,0.0048,,,,,239,0.9676,0.4222,0.0066,31.0,306.0,35.72,0,0.9058,1,0.0
1826,60.8666,1,mask,,0.5203,0.5201,0.0601,0.0031,,,,,239,0.9676,0.4222,0.0066,31.0,306.0,35.72,0,0.9058,1,0.0
1827,60.9,1,mask,,0.5203,0.5202,0.0601,0.002,,,,,239,0.9676,0.4222,0.0066,31.0,306.0,35.69,0,0.9058,1,0.0
1828,60.9333,1,mask,,0.5203,0.5202,0.0602,0.0013,,,,,239,0.9676,0.4222,0.0066,31.0,306.0,35.71,0,0.9058,1,0.0
1829,60.9666,1,mask,,0.5203,0.5202,0.0602,0.0009,,,,,239,0.9676,0.4222,0.0066,31.0,306.0,35.69,0,0.9058,1,0.0
1830,61.0,1,mask,,0.5203,0.5203,0.0602,0.0006,,,,,239,0.9676,0.4222,0.0066,31.0,306.0,35.69,0,0.9058,1,0.0
1831,61.0333,1,mask,,0.5203,0.5203,0.0602,0.0004,,,,,239,0.9676,0.4222,0.0066,31.0,306.0,35.69,0,0.9058,1,0.0
1832,61.0666,1,mask,,0.5203,0.5203,0.0602,0.0002,,,,,239,0.9676,0.4222,0.0066,31.0,306.0,35.65,0,0.9058,1,0.0
1833,61.1,1,mask,,0.5203,0.5203,0.0602,0.0002,,,,,239,0.9676,0.4222,0.0066,31.0,306.0,35.65,0,0.9058,1,0.0
1834,61.1333,1,mask,,0.5203,0.5203,0.0602,0.0001,,,,,239,0.9676,0.4222,0.0066,31.0,306.0,35.63,0,0.9058,1,0.0
1835,61.1666,1,mask,,0.5203,0.5203,0.0602,0.0001,,,,,239,0.9676,0.4222,0.0066,31.0,306.0,35.63,0,0.9058,1,0.0
1836,61.2,1,mask,,0.5183,0.5203,0.0603,0.0,,,,,239,0.9676,0.4186,0.0065,31.0,306.0,35.74,0,0.9066,1,0.0
1837,61.2333,1,mask,,0.5176,0.5203,0.0603,0.0,,,,,239,0.9676,0.4152,0.0066,31.0,306.0,35.66,0,0.9072,1,0.0
1838,61.2666,1,mask,,0.5183,0.5196,0.0595,-0.0214,,,,,239,0.9676,0.4186,0.0065,31.0,306.0,35.71,0,0.9066,1,0.0
1839,61.3,1,mask,,0.5176,0.5191,0.0591,-0.0139,,,,,239,0.9676,0.4152,0.0066,31.0,306.0,35.68,0,0.9072,1,0.0
1840,61.3333,1,mask,,0.5171,0.5186,0.0585,-0.016,,,,,238,0.9636,0.414,0.0067,31.0,306.0,35.69,0,0.9063,1,0.0
1841,61.3666,1,mask,,0.5196,0.5182,0.0582,-0.0104,,,,,238,0.9636,0.412,0.0068,31.0,306.0,35.71,0,0.9067,1,0.0
1842,61.4,1,mask,,0.5196,0.5183,0.0582,0.0002,,,,,238,0.9636,0.412,0.0068,31.0,306.0,35.65,0,0.9067,1,0.0
1843,61.4333,1,mask,,0.5219,0.5187,0.0587,0.014,,,,,238,0.9636,0.4153,0.0058,31.0,306.0,35.61,0,0.906,1,0.0
1844,61.4666,1,mask,,0.517,0.519,0.059,0.0091,,,,,238,0.9636,0.4118,0.0068,31.0,306.0,35.6,0,0.9067,1,0.0
1845,61.5,1,mask,,0.517,0.5192,0.0592,0.0059,,,,,238,0.9636,0.4118,0.0068,31.0,306.0,35.58,0,0.9067,1,0.0
1846,61.5333,1,mask,,0.517,0.5184,0.0584,-0.0238,,,,,238,0.9636,0.4118,0.0068,31.0,306.0,35.58,0,0.9067,1,0.0
1847,61.5666,1,mask,,0.517,0.5179,0.0579,-0.0154,,,,,238,0.9636,0.4118,0.0068,31.0,306.0,35.55,0,0.9067,1,0.0
1848,61.6,1,mask,,0.5144,0.5176,0.0575,-0.01,,,,,238,0.9636,0.4137,0.0067,31.0,306.0,35.61,0,0.9063,1,0.0
1849,61.6333,1,mask,,0.5195,0.5174,0.0573,-0.0065,,,,,238,0.9636,0.4145,0.0068,31.0,306.0,35.61,0,0.9062,1,0.0
1850,61.6666,1,mask,,0.522,0.5172,0.0572,-0.0042,,,,,238,0.9636,0.4129,0.0058,31.0,306.0,35.6,0,0.9065,1,0.0
1851,61.7,1,mask,,0.522,0.518,0.058,0.0243,,,,,238,0.9636,0.4129,0.0058,31.0,306.0,35.63,0,0.9065,1,0.0
1852,61.7333,1,mask,,0.522,0.5194,0.0594,0.0418,,,,,238,0.9636,0.4129,0.0058,31.0,306.0,35.59,0,0.9065,1,0.0
1853,61.7666,1,mask,,0.522,0.5203,0.0603,0.0272,,,,,238,0.9636,0.4129,0.0058,31.0,306.0,35.52,0,0.9065,1,0.0
1854,61.8,1,mask,,0.522,0.5209,0.0609,0.0177,,,,,238,0.9636,0.4129,0.0058,31.0,306.0,35.51,0,0.9065,1,0.0
1855,61.8333,1,mask,,0.522,0.5213,0.0612,0.0115,,,,,238,0.9636,0.4129,0.0058,31.0,306.0,35.47,0,0.9065,1,0.0
1856,61.8666,1,mask,,0.5195,0.5215,0.0615,0.0075,,,,,238,0.9636,0.4148,0.0057,31.0,306.0,35.44,0,0.9061,1,0.0
1857,61.9,1,mask,,0.5213,0.5217,0.0617,0.0048,,,,,238,0.9636,0.4143,0.0058,31.0,306.0,35.29,0,0.9062,1,0.0
1858,61.9333,1,mask,,0.5219,0.5218,0.0617,0.0026,,,,,238,0.9636,0.4153,0.0058,31.0,306.0,35.36,0,0.906,1,0.0
1859,61.9666,1,mask,,0.5213,0.5216,0.0616,-0.0049,,,,,238,0.9636,0.4143,0.0058,31.0,306.0,35.31,0,0.9062,1,0.0
1860,62.0,1,mask,,0.5241,0.5215,0.0615,-0.0032,,,,,238,0.9636,0.4165,0.006,31.0,306.0,35.45,0,0.9058,1,0.0
1861,62.0333,1,mask,,0.5241,0.5217,0.0616,0.0045,,,,,238,0.9636,0.4165,0.006,31.0,306.0,35.37,0,0.9058,1,0.0
1862,62.0666,1,mask,,0.5241,0.5225,0.0625,0.0252,,,,,238,0.9636,0.4165,0.006,31.0,306.0,35.44,0,0.9058,1,0.0
1863,62.1,1,mask,,0.5241,0.5231,0.063,0.0164,,,,,238,0.9636,0.4165,0.006,31.0,306.0,35.42,0,0.9058,1,0.0
1864,62.1333,1,mask,,0.5143,0.5234,0.0634,0.0106,,,,,239,0.9676,0.4167,0.0066,31.0,306.0,35.68,0,0.9069,1,0.0
1865,62.1666,1,mask,,0.519,0.5236,0.0636,0.0069,,,,,239,0.9676,0.4181,0.0056,31.0,306.0,35.69,0,0.9067,1,0.0
1866,62.2,1,mask,,0.5164,0.522,0.062,-0.0485,,,,,239,0.9676,0.4179,0.0067,31.0,306.0,35.63,0,0.9067,1,0.0
1867,62.2333,1,mask,,0.519,0.521,0.0609,-0.0315,,,,,239,0.9676,0.4181,0.0056,31.0,306.0,35.6,0,0.9067,1,0.0
1868,62.2666,1,mask,,0.5196,0.5203,0.0602,-0.0205,,,,,239,0.9676,0.4217,0.0057,31.0,306.0,35.64,0,0.9059,1,0.0
1869,62.3,1,mask,,0.519,0.5198,0.0598,-0.0133,,,,,239,0.9676,0.4181,0.0056,31.0,306.0,35.61,0,0.9067,1,0.0
1870,62.3333,1,mask,,0.5196,0.5196,0.0595,-0.0087,,,,,239,0.9676,0.4217,0.0057,31.0,306.0,35.68,0,0.9059,1,0.0
1871,62.3666,1,mask,,0.5175,0.5194,0.0593,-0.0056,,,,,239,0.9676,0.4205,0.0056,31.0,306.0,35.68,0,0.9062,1,0.0
1872,62.4,1,mask,,0.5169,0.5193,0.0592,-0.0037,,,,,239,0.9676,0.4169,0.0056,31.0,306.0,35.76,0,0.9069,1,0.0
1873,62.4333,1,mask,,0.5169,0.5186,0.0586,-0.0185,,,,,239,0.9676,0.4169,0.0056,31.0,306.0,35.83,0,0.9069,1,0.0
1874,62.4666,1,mask,,0.5169,0.518,0.058,-0.018,,,,,239,0.9676,0.4169,0.0056,31.0,306.0,35.83,0,0.9069,1,0.0
1875,62.5,1,mask,,0.5169,0.5176,0.0576,-0.0117,,,,,239,0.9676,0.4169,0.0056,31.0,306.0,35.85,0,0.9069,1,0.0
1876,62.5333,1,mask,,0.5124,0.5174,0.0573,-0.0076,,,,,239,0.9676,0.4194,0.0067,31.0,306.0,35.86,0,0.9064,1,0.0
1877,62.5666,1,mask,,0.5119,0.5172,0.0572,-0.0049,,,,,239,0.9676,0.4158,0.0067,31.0,306.0,35.79,0,0.9071,1,0.0
1878,62.6,1,mask,,0.5092,0.5155,0.0555,-0.0504,,,,,239,0.9676,0.4154,0.0068,31.0,306.0,35.78,0,0.9072,1,0.0
1879,62.6333,1,mask,,0.5092,0.5143,0.0542,-0.0387,,,,,239,0.9676,0.4154,0.0068,31.0,306.0,35.8,0,0.9072,1,0.0
1880,62.6666,1,mask,,0.5092,0.5125,0.0525,-0.0527,,,,,239,0.9676,0.4154,0.0068,31.0,306.0,35.81,0,0.9072,1,0.0
1881,62.7,1,mask,,0.5118,0.5114,0.0513,-0.0342,,,,,239,0.9676,0.4136,0.0069,31.0,306.0,35.69,0,0.9076,1,0.0
1882,62.7333,1,mask,,0.5118,0.5106,0.0506,-0.0223,,,,,241,0.9679,0.4132,0.0068,31.0,306.0,35.74,0,0.9077,1,0.0
1883,62.7666,1,mask,,0.5118,0.511,0.051,0.0119,,,,,241,0.9679,0.4132,0.0068,31.0,306.0,35.75,0,0.9077,1,0.0
1884,62.8,1,mask,,0.5143,0.5113,0.0512,0.0084,,,,,240,0.9639,0.4113,0.0068,31.0,306.0,35.83,0,0.9069,1,0.0
1885,62.8333,1,mask,,0.5143,0.5115,0.0514,0.0054,,,,,240,0.9639,0.4113,0.0068,31.0,306.0,35.78,0,0.9069,1,0.0
1886,62.8666,1,mask,,0.5143,0.5125,0.0524,0.03,,,,,240,0.9639,0.4113,0.0068,31.0,306.0,35.76,0,0.9069,1,0.0
1887,62.9,1,mask,,0.5143,0.5131,0.0531,0.0195,,,,,240,0.9639,0.4113,0.0068,31.0,306.0,35.77,0,0.9069,1,0.0
1888,62.9333,1,mask,,0.505,0.5135,0.0535,0.0127,,,,,240,0.9639,0.4126,0.0065,31.0,306.0,35.87,0,0.9066,1,0.0
1889,62.9666,1,mask,,0.505,0.5138,0.0538,0.0082,,,,,240,0.9639,0.4126,0.0065,31.0,306.0,35.97,0,0.9066,1,0.0
1890,63.0,1,mask,,0.505,0.5107,0.0507,-0.0923,,,,,240,0.9639,0.415,0.0065,31.0,306.0,35.97,0,0.9062,1,0.0
1891,63.0333,1,mask,,0.505,0.5087,0.0487,-0.06,,,,,240,0.9639,0.4126,0.0065,31.0,306.0,35.99,0,0.9066,1,0.0
1892,63.0666,1,mask,,0.505,0.5074,0.0474,-0.039,,,,,240,0.9639,0.4126,0.0065,31.0,306.0,35.88,0,0.9066,1,0.0
1893,63.1,1,mask,,0.505,0.5066,0.0465,-0.0253,,,,,240,0.9639,0.415,0.0065,31.0,306.0,35.85,0,0.9062,1,0.0
1894,63.1333,1,mask,,0.505,0.506,0.046,-0.0169,,,,,240,0.9639,0.415,0.0065,31.0,306.0,35.76,0,0.9062,1,0.0
1895,63.1666,1,mask,,0.505,0.5057,0.0456,-0.011,,,,,240,0.9639,0.415,0.0065,31.0,306.0,35.77,0,0.9062,1,0.0
1896,63.2,1,mask,,0.5056,0.5054,0.0454,-0.0071,,,,,240,0.9639,0.4184,0.0064,31.0,306.0,35.72,0,0.9055,1,0.0
1897,63.2333,1,mask,,0.5075,0.5053,0.0452,-0.0046,,,,,240,0.9639,0.4131,0.0066,31.0,306.0,35.66,0,0.9065,1,0.0
1898,63.2666,1,mask,,0.505,0.5052,0.0451,-0.003,,,,,240,0.9639,0.415,0.0065,31.0,306.0,35.67,0,0.9062,1,0.0
1899,63.3,1,mask,,0.5082,0.5053,0.0453,0.0048,,,,,240,0.9639,0.4165,0.0066,31.0,306.0,35.64,0,0.9058,1,0.0
1900,63.3333,1,mask,,0.5056,0.5054,0.0454,0.0031,,,,,240,0.9639,0.4184,0.0064,31.0,306.0,35.67,0,0.9055,1,0.0
1901,63.3666,1,mask,,0.507,0.506,0.046,0.0169,,,,,240,0.9639,0.4173,0.0066,31.0,306.0,35.62,0,0.9057,1,0.0
1902,63.4,1,mask,,0.5091,0.5064,0.0463,0.011,,,,,241,0.964,0.4195,0.0066,31.0,306.0,35.65,0,0.9053,1,0.0
1903,63.4333,1,mask,,0.5085,0.507,0.0469,0.0187,,,,,241,0.964,0.4185,0.0066,31.0,306.0,35.65,0,0.9055,1,0.0
1904,63.4666,1,mask,,0.5085,0.5075,0.0475,0.0159,,,,,241,0.964,0.4185,0.0066,31.0,306.0,35.64,0,0.9055,1,0.0
1905,63.5,1,mask,,0.5101,0.5079,0.0478,0.0103,,,,,241,0.964,0.4212,0.0067,31.0,306.0,35.68,0,0.905,1,0.0
1906,63.5333,1,mask,,0.5101,0.5083,0.0482,0.0126,,,,,241,0.964,0.4212,0.0067,31.0,306.0,35.64,0,0.905,1,0.0
1907,63.5666,1,mask,,0.5107,0.5089,0.0489,0.0192,,,,,241,0.964,0.4223,0.0067,31.0,306.0,35.64,0,0.9047,1,0.0
1908,63.6,1,mask,,0.5087,0.5093,0.0493,0.0125,,,,,240,0.9639,0.4177,0.0067,31.0,306.0,35.69,0,0.9056,1,0.0
1909,63.6333,1,mask,,0.5081,0.5096,0.0496,0.0081,,,,,238,0.9636,0.4168,0.0066,31.0,306.0,35.69,0,0.9057,1,0.0
1910,63.6666,1,mask,,0.5081,0.5093,0.0492,-0.0096,,,,,238,0.9636,0.4168,0.0066,31.0,306.0,35.7,0,0.9057,1,0.0
1911,63.7,1,mask,,0.5043,0.5089,0.0488,-0.0126,,,,,238,0.9636,0.4083,0.0066,31.0,306.0,35.67,0,0.9074,1,0.0
1912,63.7333,1,mask,,0.5044,0.5086,0.0486,-0.0082,,,,,235,0.9514,0.4015,0.0067,31.0,306.0,35.71,0,0.9051,1,0.0
1913,63.7666,1,mask,,0.5096,0.5084,0.0484,-0.0053,,,,,240,0.9639,0.4145,0.0066,31.0,306.0,35.65,0,0.9063,1,0.0
1914,63.8,1,mask,,0.5037,0.507,0.047,-0.0421,,,,,235,0.9514,0.3979,0.0067,31.0,306.0,35.65,0,0.9058,1,0.0
1915,63.8333,1,mask,,0.5096,0.5061,0.0461,-0.0273,,,,,240,0.9639,0.4145,0.0066,31.0,306.0,35.66,0,0.9063,1,0.0
1916,63.8666,1,mask,,0.5071,0.5065,0.0464,0.0107,,,,,241,0.9679,0.4164,0.0066,31.0,306.0,35.61,0,0.9071,1,0.0
1917,63.9,1,mask,,0.5037,0.5067,0.0466,0.0069,,,,,239,0.9676,0.4153,0.0066,31.0,306.0,35.54,0,0.9072,1,0.0
1918,63.9333,1,mask,,0.5037,0.5057,0.0456,-0.0313,,,,,239,0.9676,0.4153,0.0066,31.0,306.0,35.55,0,0.9072,1,0.0
1919,63.9666,1,mask,,0.5037,0.505,0.0449,-0.0203,,,,,239,0.9676,0.4153,0.0066,31.0,306.0,35.52,0,0.9072,1,0.0
1920,64.0,1,mask,,0.5036,0.5045,0.0445,-0.0132,,,,,238,0.9636,0.3995,0.0066,31.0,306.0,35.51,0,0.9092,1,0.0
1921,64.0333,1,mask,,0.5036,0.5043,0.0442,-0.0086,,,,,238,0.9636,0.3995,0.0066,31.0,306.0,35.27,0,0.9092,1,0.0
1922,64.0666,1,mask,,0.5038,0.5041,0.044,-0.0056,,,,,240,0.9639,0.3996,0.0065,31.0,306.0,35.3,0,0.9092,1,0.0
1923,64.1,1,mask,,0.5063,0.5039,0.0439,-0.0036,,,,,240,0.9639,0.3977,0.0066,31.0,306.0,35.32,0,0.9096,1,0.0
1924,64.1333,1,mask,,0.5038,0.5039,0.0438,-0.0017,,,,,240,0.9639,0.3995,0.0066,31.0,306.0,35.27,0,0.9093,1,0.0
1925,64.1666,1,mask,,0.5063,0.5039,0.0438,-0.0006,,,,,240,0.9639,0.3977,0.0066,31.0,306.0,35.28,0,0.9096,1,0.0
1926,64.2,1,mask,,0.5063,0.5047,0.0447,0.0256,,,,,240,0.9639,0.3977,0.0066,31.0,306.0,35.26,0,0.9096,1,0.0
1927,64.2333,1,mask,,0.5063,0.5053,0.0452,0.0166,,,,,240,0.9639,0.3977,0.0066,31.0,306.0,35.23,0,0.9096,1,0.0
1928,64.2666,1,mask,,0.5041,0.5056,0.0456,0.0108,,,,,240,0.9639,0.3965,0.0066,31.0,306.0,35.06,0,0.9099,1,0.0
1929,64.3,1,mask,,0.5033,0.5059,0.0458,0.007,,,,,240,0.9639,0.396,0.0066,31.0,306.0,35.12,0,0.91,1,0.0
1930,64.3333,1,mask,,0.5008,0.5053,0.0452,-0.0182,,,,,240,0.9639,0.3979,0.0064,31.0,306.0,35.11,0,0.9096,1,0.0
1931,64.3666,1,mask,,0.4982,0.5046,0.0445,-0.0205,,,,,240,0.9639,0.3998,0.0063,31.0,306.0,35.17,0,0.9092,1,0.0
1932,64.4,1,mask,,0.4962,0.5032,0.0432,-0.0399,,,,,240,0.9639,0.4055,0.0062,31.0,306.0,35.21,0,0.9081,1,0.0
1933,64.4333,1,mask,,0.4967,0.5015,0.0414,-0.0526,,,,,239,0.9637,0.3978,0.0063,31.0,306.0,35.25,0,0.9096,1,0.0
1934,64.4666,1,mask,,0.4973,0.5,0.04,-0.0442,,,,,239,0.9637,0.3991,0.0063,31.0,306.0,35.21,0,0.9093,1,0.0
1935,64.5,1,mask,,0.4973,0.4991,0.039,-0.0287,,,,,239,0.9637,0.3991,0.0063,31.0,306.0,35.2,0,0.9093,1,0.0
1936,64.5333,1,mask,,0.4967,0.4982,0.0382,-0.0246,,,,,239,0.9637,0.3978,0.0063,31.0,306.0,35.31,0,0.9096,1,0.0
1937,64.5666,1,mask,,0.4972,0.4979,0.0378,-0.0106,,,,,239,0.9637,0.4018,0.0063,31.0,306.0,35.22,0,0.9088,1,0.0
1938,64.6,1,mask,,0.4993,0.4977,0.0376,-0.0064,,,,,239,0.9637,0.3959,0.0064,31.0,306.0,35.17,0,0.9099,1,0.0
1939,64.6333,1,mask,,0.5076,0.4975,0.0375,-0.0041,,,,,238,0.9636,0.4056,0.0069,31.0,306.0,35.17,0,0.908,1,0.0
1940,64.6666,1,mask,,0.5054,0.4981,0.0381,0.0181,,,,,238,0.9636,0.4043,0.0067,31.0,306.0,35.05,0,0.9082,1,0.0
1941,64.7,1,mask,,0.5076,0.5007,0.0406,0.0765,,,,,238,0.9636,0.4056,0.0069,31.0,306.0,34.87,0,0.908,1,0.0
1942,64.7333,1,mask,,0.5076,0.5031,0.0431,0.0721,,,,,238,0.9636,0.4056,0.0069,31.0,306.0,34.88,0,0.908,1,0.0
1943,64.7666,1,mask,,0.5028,0.5047,0.0446,0.0469,,,,,238,0.9636,0.4015,0.0066,31.0,306.0,34.81,0,0.9088,1,0.0
1944,64.8,1,mask,,0.5113,0.5057,0.0456,0.0305,,,,,238,0.9636,0.3994,0.0069,31.0,306.0,34.84,0,0.9092,1,0.0
1945,64.8333,1,mask,,0.5113,0.5063,0.0463,0.0198,,,,,238,0.9636,0.3994,0.0069,31.0,306.0,34.83,0,0.9092,1,0.0
1946,64.8666,1,mask,,0.5113,0.5081,0.048,0.0525,,,,,238,0.9636,0.3994,0.0069,31.0,306.0,34.84,0,0.9092,1,0.0
1947,64.9,1,mask,,0.5113,0.5092,0.0492,0.0341,,,,,238,0.9636,0.3994,0.0069,31.0,306.0,34.84,0,0.9092,1,0.0
1948,64.9333,1,mask,,0.5113,0.51,0.0499,0.0222,,,,,238,0.9636,0.3994,0.0069,31.0,306.0,34.83,0,0.9092,1,0.0
1949,64.9666,1,mask,,0.5113,0.5104,0.0504,0.0144,,,,,238,0.9636,0.3994,0.0069,31.0,306.0,34.83,0,0.9092,1,0.0
1950,65.0,1,mask,,0.4913,0.5108,0.0507,0.0094,,,,,234,0.9474,0.3839,0.0054,31.0,306.0,33.83,0,0.9074,1,0.0
1951,65.0333,1,mask,,0.4956,0.511,0.0509,0.0061,,,,,238,0.9636,0.3949,0.0056,31.0,306.0,33.82,0,0.9101,1,0.0
1952,65.0666,1,mask,,0.4956,0.5056,0.0455,-0.1611,,,,,238,0.9636,0.3949,0.0056,31.0,306.0,33.82,0,0.9101,1,0.0
1953,65.1,1,mask,,0.4975,0.5021,0.0421,-0.1047,,,,,238,0.9636,0.3909,0.0055,31.0,306.0,33.82,0,0.9109,1,0.0
1954,65.1333,1,mask,,0.4944,0.4998,0.0398,-0.068,,,,,238,0.9636,0.3868,0.0056,31.0,306.0,33.82,0,0.9117,1,0.0
1955,65.1666,1,mask,,0.4969,0.4984,0.0383,-0.0442,,,,,238,0.9636,0.3853,0.0055,31.0,306.0,33.82,0,0.912,1,0.0
1956,65.2,1,mask,,0.4969,0.4978,0.0378,-0.0155,,,,,238,0.9636,0.3853,0.0055,31.0,306.0,33.82,0,0.912,1,0.0
1957,65.2333,1,mask,,0.4944,0.4975,0.0375,-0.0101,,,,,238,0.9636,0.3868,0.0056,31.0,306.0,33.81,0,0.9117,1,0.0
1958,65.2666,1,mask,,0.4895,0.4964,0.0364,-0.0326,,,,,238,0.9636,0.3867,0.0056,31.0,306.0,33.81,0,0.9117,1,0.0
1959,65.3,1,mask,,0.4872,0.4957,0.0357,-0.0212,,,,,238,0.9636,0.3849,0.0055,31.0,306.0,33.79,0,0.9121,1,0.0
1960,65.3333,1,mask,,0.4846,0.4935,0.0335,-0.0651,,,,,238,0.9636,0.3865,0.0053,31.0,306.0,33.78,0,0.9118,1,0.0
1961,65.3666,1,mask,,0.4872,0.4913,0.0313,-0.0668,,,,,238,0.9636,0.3849,0.0055,31.0,306.0,33.78,0,0.9121,1,0.0
1962,65.4,1,mask,,0.4872,0.4899,0.0298,-0.0434,,,,,238,0.9636,0.3849,0.0055,31.0,306.0,33.83,0,0.9121,1,0.0
1963,65.4333,1,mask,,0.4848,0.4889,0.0289,-0.0282,,,,,238,0.9636,0.3831,0.0054,31.0,306.0,33.8,0,0.9125,1,0.0
1964,65.4666,1,mask,,0.4848,0.4875,0.0274,-0.0429,,,,,238,0.9636,0.3831,0.0054,31.0,306.0,33.83,0,0.9125,1,0.0
1965,65.5,1,mask,,0.4796,0.4866,0.0265,-0.0279,,,,,238,0.9636,0.3836,0.0053,31.0,306.0,33.86,0,0.9123,1,0.0
1966,65.5333,1,mask,,0.4797,0.486,0.0259,-0.0181,,,,,238,0.9636,0.3861,0.0051,31.0,306.0,33.99,0,0.9119,1,0.0
1967,65.5666,1,mask,,0.4774,0.4838,0.0237,-0.0658,,,,,238,0.9636,0.3821,0.0052,31.0,306.0,33.96,0,0.9127,1,0.0
1968,65.6,1,mask,,0.475,0.4823,0.0223,-0.0438,,,,,238,0.9636,0.3832,0.0051,31.0,306.0,33.98,0,0.9124,1,0.0
1969,65.6333,1,mask,,0.4774,0.4806,0.0206,-0.051,,,,,238,0.9636,0.3821,0.0052,31.0,306.0,33.98,0,0.9127,1,0.0
1970,65.6666,1,mask,,0.4746,0.4795,0.0195,-0.0332,,,,,238,0.9636,0.3861,0.0051,31.0,306.0,34.04,0,0.9119,1,0.0
1971,65.7,1,mask,,0.4873,0.4788,0.0187,-0.0216,,,,,238,0.9636,0.3817,0.0053,31.0,306.0,33.98,0,0.9127,1,0.0
1972,65.7333,1,mask,,0.4851,0.4783,0.0183,-0.014,,,,,238,0.9636,0.3831,0.005,31.0,306.0,33.98,0,0.9124,1,0.0
1973,65.7666,1,mask,,0.4876,0.4807,0.0207,0.0715,,,,,238,0.9636,0.3819,0.0051,31.0,306.0,33.92,0,0.9127,1,0.0
1974,65.8,1,mask,,0.4947,0.483,0.023,0.0696,,,,,238,0.9636,0.3839,0.0054,31.0,306.0,33.92,0,0.9123,1,0.0
1975,65.8333,1,mask,,0.4799,0.4845,0.0245,0.0452,,,,,238,0.9636,0.3851,0.0053,31.0,306.0,33.91,0,0.912,1,0.0
1976,65.8666,1,mask,,0.4799,0.4847,0.0247,0.0063,,,,,238,0.9636,0.3851,0.0053,31.0,306.0,33.93,0,0.912,1,0.0
1977,65.9,1,mask,,0.486,0.4852,0.0251,0.0133,,,,,238,0.9636,0.3815,0.0053,31.0,306.0,33.97,0,0.9128,1,0.0
1978,65.9333,1,mask,,0.4897,0.4855,0.0254,0.0086,,,,,238,0.9636,0.3856,0.0056,31.0,306.0,33.98,0,0.912,1,0.0
1979,65.9666,1,mask,,0.4871,0.4857,0.0256,0.0056,,,,,238,0.9636,0.3873,0.0055,31.0,306.0,34.0,0,0.9116,1,0.0
1980,66.0,1,mask,,0.4897,0.4862,0.0261,0.0152,,,,,238,0.9636,0.3856,0.0056,31.0,306.0,34.0,0,0.912,1,0.0
1981,66.0333,1,mask,,0.4897,0.4874,0.0273,0.037,,,,,238,0.9636,0.3856,0.0056,31.0,306.0,34.03,0,0.912,1,0.0
1982,66.0666,1,mask,,0.4922,0.4882,0.0281,0.024,,,,,238,0.9636,0.3854,0.0055,31.0,306.0,34.09,0,0.912,1,0.0
1983,66.1,1,mask,,0.4897,0.4887,0.0287,0.0156,,,,,237,0.9595,0.3812,0.0056,31.0,306.0,34.06,0,0.9116,1,0.0
1984,66.1333,1,mask,,0.485,0.4891,0.029,0.0101,,,,,238,0.9636,0.3899,0.0054,31.0,306.0,33.96,0,0.9111,1,0.0
1985,66.1666,1,mask,,0.4897,0.4893,0.0292,0.0072,,,,,237,0.9595,0.3812,0.0056,31.0,306.0,33.96,0,0.9116,1,0.0
1986,66.2,1,mask,,0.4896,0.4894,0.0294,0.0047,,,,,238,0.9636,0.3894,0.0056,31.0,306.0,33.89,0,0.9112,1,0.0
1987,66.2333,1,mask,,0.4896,0.4895,0.0295,0.002,,,,,238,0.9636,0.3894,0.0056,31.0,306.0,33.87,0,0.9112,1,0.0
1988,66.2666,1,mask,,0.4873,0.4896,0.0295,0.0013,,,,,237,0.9595,0.382,0.0055,31.0,306.0,33.81,0,0.9115,1,0.0
1989,66.3,1,mask,,0.4896,0.4896,0.0295,0.0008,,,,,238,0.9636,0.3894,0.0056,31.0,306.0,33.83,0,0.9112,1,0.0
1990,66.3333,1,mask,,0.4874,0.4896,0.0296,0.0005,,,,,237,0.9595,0.3794,0.0055,31.0,306.0,33.8,0,0.912,1,0.0
1991,66.3666,1,mask,,0.483,0.4888,0.0288,-0.023,,,,,237,0.9595,0.3772,0.0054,31.0,306.0,33.82,0,0.9124,1,0.0
1992,66.4,1,mask,,0.4805,0.4883,0.0283,-0.016,,,,,237,0.9595,0.3786,0.0055,31.0,306.0,33.84,0,0.9121,1,0.0
1993,66.4333,1,mask,,0.4832,0.4865,0.0265,-0.0539,,,,,238,0.9636,0.3783,0.0054,31.0,306.0,33.84,0,0.9134,1,0.0
1994,66.4666,1,mask,,0.4874,0.4853,0.0253,-0.035,,,,,238,0.9636,0.3798,0.0052,31.0,306.0,33.86,0,0.9131,1,0.0
1995,66.5,1,mask,,0.4797,0.4845,0.0245,-0.0248,,,,,238,0.9636,0.3843,0.0051,31.0,306.0,33.9,0,0.9122,1,0.0
1996,66.5333,1,mask,,0.4822,0.4837,0.0237,-0.0241,,,,,238,0.9636,0.383,0.005,31.0,306.0,33.95,0,0.9125,1,0.0
1997,66.5666,1,mask,,0.4797,0.4832,0.0231,-0.0157,,,,,238,0.9636,0.3843,0.0051,31.0,306.0,33.95,0,0.9122,1,0.0
1998,66.6,1,mask,,0.4857,0.4828,0.0228,-0.0102,,,,,238,0.9636,0.3854,0.0055,31.0,306.0,33.91,0,0.912,1,0.0
1999,66.6333,1,mask,,0.4852,0.4826,0.0226,-0.0066,,,,,238,0.9636,0.3805,0.0055,31.0,306.0,33.9,0,0.913,1,0.0
2000,66.6666,1,mask,,0.4305,0.4825,0.0224,-0.0043,,,,,267,0.9745,0.4241,0.0099,31.0,307.0,33.9,0,0.9075,1,0.0
2001,66.7,1,mask,,0.4416,0.4815,0.0215,-0.0292,,,,,252,0.9844,0.4437,0.0055,31.0,306.0,33.9,0,0.9066,1,0.0
2002,66.7333,1,mask,,0.446,0.4691,0.009,-0.3732,,,,,251,0.9843,0.4362,0.0064,31.0,306.0,33.91,0,0.9081,1,0.0
2003,66.7666,1,mask,,0.445,0.4607,0.0006,-0.2522,,,,,251,0.9843,0.4338,0.0064,31.0,306.0,33.92,0,0.9085,1,0.0
2004,66.8,1,mask,,0.4518,0.4552,-0.0049,-0.164,,,,,251,0.9843,0.4339,0.006,31.0,306.0,33.92,0,0.9085,1,0.0
2005,66.8333,1,mask,,0.4455,0.4518,-0.0083,-0.1018,,,,,250,0.9843,0.4284,0.0056,31.0,306.0,33.92,0,0.9096,1,0.0
2006,66.8666,1,mask,,0.4403,0.4496,-0.0105,-0.0662,,,,,249,0.9842,0.4201,0.0052,31.0,306.0,33.95,0,0.9112,1,0.0
2007,66.9,1,mask,,0.4407,0.448,-0.0121,-0.0478,,,,,247,0.9763,0.4066,0.0051,31.0,306.0,34.03,0,0.9116,1,0.0
2008,66.9333,1,mask,,0.4394,0.4454,-0.0146,-0.0768,,,,,239,0.9484,0.3755,0.0047,31.0,306.0,34.04,0,0.9094,1,0.0
2009,66.9666,1,mask,,0.4383,0.4436,-0.0164,-0.0537,,,,,238,0.9444,0.3687,0.0049,31.0,306.0,34.07,0,0.9096,1,0.0
2010,67.0,1,mask,,0.4399,0.4423,-0.0177,-0.0396,,,,,235,0.9325,0.351,0.0042,31.0,306.0,33.98,0,0.9096,1,0.0
2011,67.0333,1,mask,,0.4454,0.4415,-0.0186,-0.0257,,,,,235,0.9325,0.3528,0.0046,31.0,306.0,33.97,0,0.9092,1,0.0
2012,67.0666,1,mask,,0.4423,0.4409,-0.0191,-0.0167,,,,,235,0.9325,0.3559,0.0046,31.0,306.0,33.91,0,0.9086,1,0.0
2013,67.1,1,mask,,0.4386,0.4406,-0.0195,-0.0109,,,,,237,0.9405,0.354,0.0049,31.0,306.0,33.93,0,0.9114,1,0.0
2014,67.1333,1,mask,,0.4282,0.4403,-0.0197,-0.0071,,,,,235,0.9325,0.3497,0.0041,31.0,306.0,33.92,0,0.9098,1,0.0
2015,67.1666,1,mask,,0.4285,0.4397,-0.0203,-0.0179,,,,,235,0.9363,0.3495,0.0033,31.0,306.0,33.92,0,0.911,1,0.0
2016,67.2,1,mask,,0.4237,0.4358,-0.0243,-0.1178,,,,,235,0.9363,0.3475,0.0042,31.0,306.0,33.95,0,0.9114,1,0.0
2017,67.2333,1,mask,,0.4274,0.4331,-0.0269,-0.0794,,,,,234,0.9323,0.3443,0.0034,31.0,306.0,33.95,0,0.9108,1,0.0
2018,67.2666,1,mask,,0.4248,0.4311,-0.0289,-0.0603,,,,,234,0.9323,0.3429,0.0035,31.0,306.0,33.97,0,0.9111,1,0.0
2019,67.3,1,mask,,0.4279,0.4298,-0.0302,-0.0392,,,,,235,0.9363,0.3443,0.0035,31.0,306.0,33.97,0,0.912,1,0.0
2020,67.3333,1,mask,,0.4303,0.429,-0.0311,-0.0255,,,,,235,0.9363,0.3441,0.0037,31.0,306.0,33.96,0,0.9121,1,0.0
2021,67.3666,1,mask,,0.435,0.4286,-0.0315,-0.0118,,,,,235,0.9363,0.3442,0.0037,31.0,306.0,33.95,0,0.912,1,0.0
2022,67.4,1,mask,,0.4392,0.4292,-0.0309,0.0182,,,,,235,0.9363,0.3435,0.0037,31.0,306.0,34.0,0,0.9122,1,0.0
2023,67.4333,1,mask,,0.439,0.4312,-0.0288,0.0607,,,,,237,0.9442,0.3427,0.0037,31.0,306.0,33.92,0,0.9147,1,0.0
2024,67.4666,1,mask,,0.439,0.4339,-0.0261,0.0819,,,,,237,0.9442,0.3427,0.0037,31.0,306.0,33.89,0,0.9147,1,0.0
2025,67.5,1,mask,,0.4422,0.4357,-0.0243,0.0532,,,,,237,0.9442,0.3442,0.0036,31.0,306.0,33.93,0,0.9144,1,0.0
2026,67.5333,1,mask,,0.4439,0.4369,-0.0231,0.0366,,,,,237,0.9442,0.3418,0.004,31.0,306.0,33.87,0,0.9149,1,0.0
2027,67.5666,1,mask,,0.4439,0.4388,-0.0213,0.0548,,,,,237,0.9442,0.3418,0.004,31.0,306.0,33.83,0,0.9149,1,0.0
2028,67.6,1,mask,,0.4439,0.4406,-0.0195,0.0542,,,,,237,0.9442,0.3418,0.004,31.0,306.0,33.78,0,0.9149,1,0.0
2029,67.6333,1,mask,,0.4439,0.4418,-0.0183,0.0353,,,,,237,0.9442,0.3418,0.004,31.0,306.0,33.77,0,0.9149,1,0.0
2030,67.6666,1,mask,,0.4445,0.4425,-0.0175,0.0229,,,,,237,0.9442,0.344,0.004,31.0,306.0,33.75,0,0.9145,1,0.0
2031,67.7,1,mask,,0.4448,0.443,-0.017,0.0149,,,,,236,0.9402,0.3378,0.0043,31.0,306.0,33.77,0,0.9145,1,0.0
2032,67.7333,1,mask,,0.4437,0.4433,-0.0167,0.0097,,,,,236,0.9402,0.339,0.0043,31.0,306.0,33.73,0,0.9143,1,0.0
2033,67.7666,1,mask,,0.4414,0.4435,-0.0165,0.0063,,,,,235,0.9363,0.341,0.0046,31.0,306.0,33.77,0,0.9127,1,0.0
2034,67.8,1,mask,,0.4417,0.4436,-0.0164,0.0019,,,,,235,0.9363,0.346,0.0039,31.0,306.0,33.7,0,0.9117,1,0.0
2035,67.8333,1,mask,,0.433,0.443,-0.0171,-0.0196,,,,,236,0.944,0.3444,0.004,31.0,306.0,33.67,0,0.9143,1,0.0
2036,67.8666,1,mask,,0.4347,0.4424,-0.0177,-0.0167,,,,,235,0.94,0.3411,0.004,31.0,306.0,33.74,0,0.9138,1,0.0
2037,67.9,1,mask,,0.4313,0.4397,-0.0203,-0.0808,,,,,235,0.94,0.343,0.0037,31.0,306.0,33.77,0,0.9134,1,0.0
2038,67.9333,1,mask,,0.4442,0.438,-0.0221,-0.0525,,,,,235,0.94,0.3437,0.0045,31.0,306.0,33.73,0,0.9133,1,0.0
2039,67.9666,1,mask,,0.4265,0.4362,-0.0238,-0.052,,,,,235,0.94,0.3453,0.0046,31.0,306.0,33.76,0,0.9129,1,0.0
2040,68.0,1,mask,,0.4456,0.4357,-0.0244,-0.016,,,,,235,0.94,0.3466,0.0047,31.0,306.0,33.75,0,0.9127,1,0.0
2041,68.0333,1,mask,,0.4396,0.4371,-0.023,0.0413,,,,,235,0.94,0.3487,0.0045,31.0,306.0,33.76,0,0.9123,1,0.0
2042,68.0666,1,mask,,0.4462,0.4396,-0.0205,0.0748,,,,,236,0.944,0.3394,0.0045,31.0,306.0,33.7,0,0.9153,1,0.0
2043,68.1,1,mask,,0.4563,0.4417,-0.0184,0.0638,,,,,236,0.944,0.3494,0.005,31.0,306.0,33.7,0,0.9133,1,0.0
2044,68.1333,1,mask,,0.4553,0.4433,-0.0168,0.0476,,,,,236,0.944,0.3516,0.005,31.0,306.0,33.7,0,0.9129,1,0.0
2045,68.1666,1,mask,,0.4507,0.4459,-0.0142,0.0785,,,,,236,0.944,0.3438,0.0049,31.0,306.0,33.71,0,0.9144,1,0.0
2046,68.2,1,mask,,0.4402,0.4476,-0.0125,0.051,,,,,235,0.9438,0.3509,0.0045,31.0,306.0,33.75,0,0.9129,1,0.0
2047,68.2333,1,mask,,0.4447,0.4487,-0.0114,0.0332,,,,,235,0.9438,0.3476,0.0047,31.0,306.0,33.78,0,0.9136,1,0.0
2048,68.2666,1,mask,,0.4422,0.4473,-0.0128,-0.0423,,,,,235,0.9438,0.3481,0.0046,31.0,306.0,33.79,0,0.9135,1,0.0
2049,68.3,1,mask,,0.4426,0.4456,-0.0144,-0.049,,,,,235,0.9438,0.3509,0.0047,31.0,306.0,33.8,0,0.9129,1,0.0
2050,68.3333,1,mask,,0.4422,0.4444,-0.0156,-0.0367,,,,,235,0.9438,0.3481,0.0046,31.0,306.0,33.8,0,0.9135,1,0.0
2051,68.3666,1,mask,,0.443,0.4438,-0.0163,-0.019,,,,,236,0.944,0.3483,0.0048,31.0,306.0,33.77,0,0.9135,1,0.0
2052,68.4,1,mask,,0.4405,0.4432,-0.0168,-0.0172,,,,,236,0.944,0.3487,0.0047,31.0,306.0,33.75,0,0.9135,1,0.0
2053,68.4333,1,mask,,0.443,0.443,-0.017,-0.0064,,,,,236,0.944,0.3483,0.0048,31.0,306.0,33.71,0,0.9135,1,0.0
2054,68.4666,1,mask,,0.4435,0.443,-0.017,-0.0001,,,,,235,0.9438,0.3509,0.0048,31.0,306.0,33.73,0,0.9129,1,0.0
2055,68.5,1,mask,,0.4278,0.443,-0.017,-0.0,,,,,234,0.936,0.3508,0.0039,31.0,306.0,33.3,0,0.9106,1,0.0
2056,68.5333,1,mask,,0.4206,0.4421,-0.0179,-0.0261,,,,,233,0.932,0.3492,0.0034,31.0,306.0,33.31,0,0.9098,1,0.0
2057,68.5666,1,mask,,0.4307,0.4381,-0.0219,-0.1203,,,,,233,0.932,0.3547,0.0038,31.0,306.0,33.24,0,0.9087,1,0.0
2058,68.6,1,mask,,0.4292,0.435,-0.0251,-0.0941,,,,,234,0.9323,0.3517,0.0042,31.0,306.0,33.28,0,0.9093,1,0.0
2059,68.6333,1,mask,,0.4334,0.4329,-0.0271,-0.0612,,,,,239,0.956,0.38,0.0046,31.0,306.0,33.17,0,0.9108,1,0.0
2060,68.6666,1,mask,,0.442,0.4322,-0.0279,-0.0238,,,,,245,0.98,0.4119,0.005,31.0,306.0,33.18,0,0.9116,1,0.0
2061,68.7,1,mask,,0.4457,0.4326,-0.0275,0.013,,,,,246,0.984,0.4178,0.0052,31.0,306.0,33.2,0,0.9116,1,0.0
2062,68.7333,1,mask,,0.4466,0.4359,-0.0242,0.0987,,,,,235,0.94,0.3615,0.0052,31.0,306.0,33.32,0,0.9097,1,0.0
2063,68.7666,1,mask,,0.4522,0.4393,-0.0207,0.103,,,,,234,0.936,0.3529,0.0048,31.0,306.0,33.31,0,0.9102,1,0.0
2064,68.8,1,mask,,0.4545,0.4419,-0.0182,0.0763,,,,,234,0.936,0.3527,0.005,31.0,306.0,33.29,0,0.9103,1,0.0
2065,68.8333,1,mask,,0.4543,0.4455,-0.0146,0.1085,,,,,232,0.928,0.3511,0.005,31.0,306.0,33.26,0,0.9082,1,0.0
2066,68.8666,1,mask,,0.4514,0.4478,-0.0122,0.0705,,,,,232,0.928,0.3489,0.0047,31.0,306.0,33.34,0,0.9086,1,0.0
2067,68.9,1,mask,,0.454,0.45,-0.0101,0.0648,,,,,232,0.928,0.348,0.0046,31.0,306.0,33.32,0,0.9088,1,0.0
2068,68.9333,1,mask,,0.4566,0.4515,-0.0085,0.0458,,,,,233,0.932,0.3456,0.005,31.0,306.0,33.37,0,0.9105,1,0.0
2069,68.9666,1,mask,,0.4566,0.4525,-0.0076,0.0297,,,,,233,0.932,0.3456,0.005,31.0,306.0,33.33,0,0.9105,1,0.0
2070,69.0,1,mask,,0.463,0.4539,-0.0061,0.0431,,,,,232,0.928,0.3453,0.0049,31.0,306.0,33.35,0,0.9093,1,0.0
2071,69.0333,1,mask,,0.4503,0.4549,-0.0052,0.028,,,,,236,0.944,0.3652,0.0046,31.0,306.0,33.32,0,0.9102,1,0.0
2072,69.0666,1,mask,,0.4483,0.4555,-0.0046,0.0182,,,,,232,0.9317,0.3463,0.0045,31.0,306.0,33.31,0,0.9103,1,0.0
2073,69.1,1,mask,,0.4469,0.4537,-0.0064,-0.0548,,,,,232,0.9317,0.3501,0.0046,31.0,306.0,33.3,0,0.9095,1,0.0
2074,69.1333,1,mask,,0.4486,0.4519,-0.0082,-0.0533,,,,,232,0.9317,0.3496,0.0047,31.0,306.0,33.35,0,0.9096,1,0.0
2075,69.1666,1,mask,,0.4501,0.4507,-0.0093,-0.0346,,,,,238,0.9558,0.3777,0.0045,31.0,306.0,33.4,0,0.9112,1,0.0
2076,69.2,1,mask,,0.4465,0.4499,-0.0102,-0.0256,,,,,232,0.9317,0.3487,0.0046,31.0,306.0,33.45,0,0.9098,1,0.0
2077,69.2333,1,mask,,0.4478,0.4491,-0.0109,-0.0217,,,,,241,0.9679,0.3902,0.0044,31.0,306.0,33.51,0,0.9123,1,0.0
2078,69.2666,1,mask,,0.4571,0.4489,-0.0111,-0.006,,,,,233,0.932,0.3462,0.0049,31.0,306.0,33.58,0,0.9104,1,0.0
2079,69.3,1,mask,,0.4521,0.4494,-0.0107,0.0124,,,,,233,0.932,0.3474,0.0047,31.0,306.0,33.56,0,0.9101,1,0.0
2080,69.3333,1,mask,,0.4554,0.4503,-0.0097,0.0292,,,,,233,0.932,0.3499,0.0049,31.0,306.0,33.55,0,0.9096,1,0.0
2081,69.3666,1,mask,,0.4582,0.4521,-0.008,0.0529,,,,,233,0.932,0.3448,0.0049,31.0,306.0,33.54,0,0.9106,1,0.0
2082,69.4,1,mask,,0.4582,0.4539,-0.0062,0.0527,,,,,233,0.932,0.3448,0.0049,31.0,306.0,33.5,0,0.9106,1,0.0
2083,69.4333,0,,no_mask,,,,,,,,,0,0.0,,,,,,0,0.0,1,0.0
2084,69.4666,0,,no_mask,,,,,,,,,0,0.0,,,,,,0,0.0,1,0.0
2085,69.5,0,,no_mask,,,,,,,,,0,0.0,,,,,,0,0.0,1,0.0
2086,69.5333,0,,no_mask,,,,,,,,,0,0.0,,,,,,0,0.0,1,0.0
2087,69.5666,0,,no_mask,,,,,,,,,0,0.0,,,,,,0,0.0,1,0.0
2088,69.6,0,,no_mask,,,,,,,,,0,0.0,,,,,,0,0.0,1,0.0
2089,69.6333,0,,no_mask,,,,,,,,,0,0.0,,,,,,0,0.0,1,0.0
2090,69.6666,0,,no_mask,,,,,,,,,0,0.0,,,,,,0,0.0,1,0.0
2091,69.7,0,,no_mask,,,,,,,,,0,0.0,,,,,,0,0.0,1,0.0
2092,69.7333,0,,no_mask,,,,,,,,,0,0.0,,,,,,0,0.0,1,0.0
2093,69.7666,0,,no_mask,,,,,,,,,0,0.0,,,,,,0,0.0,1,0.0
2094,69.8,0,,no_mask,,,,,,,,,0,0.0,,,,,,0,0.0,1,0.0
2095,69.8333,0,,no_mask,,,,,,,,,0,0.0,,,,,,0,0.0,1,0.0
2096,69.8666,0,,no_mask,,,,,,,,,0,0.0,,,,,,0,0.0,1,0.0
2097,69.9,0,,no_mask,,,,,,,,,0,0.0,,,,,,0,0.0,1,0.0
2098,69.9333,0,,no_mask,,,,,,,,,0,0.0,,,,,,0,0.0,1,0.0
2099,69.9666,0,,no_mask,,,,,,,,,0,0.0,,,,,,0,0.0,1,0.0
2100,70.0,0,,no_mask,,,,,,,,,0,0.0,,,,,,0,0.0,1,0.0
2101,70.0333,0,,no_mask,,,,,,,,,0,0.0,,,,,,0,0.0,1,0.0
2102,70.0666,0,,no_mask,,,,,,,,,0,0.0,,,,,,0,0.0,1,0.0
2103,70.1,0,,no_mask,,,,,,,,,0,0.0,,,,,,0,0.0,1,0.0
2104,70.1333,0,,no_mask,,,,,,,,,0,0.0,,,,,,0,0.0,1,0.0
2105,70.1666,0,,no_mask,,,,,,,,,0,0.0,,,,,,0,0.0,1,0.0
2106,70.2,0,,no_mask,,,,,,,,,0,0.0,,,,,,0,0.0,1,0.0
2107,70.2333,0,,no_mask,,,,,,,,,0,0.0,,,,,,0,0.0,1,0.0
2108,70.2666,0,,no_mask,,,,,,,,,0,0.0,,,,,,0,0.0,1,0.0
2109,70.3,0,,no_mask,,,,,,,,,0,0.0,,,,,,0,0.0,1,0.0
2110,70.3333,0,,no_mask,,,,,,,,,0,0.0,,,,,,0,0.0,1,0.0
2111,70.3666,0,,no_mask,,,,,,,,,0,0.0,,,,,,0,0.0,1,0.0
2112,70.4,0,,no_mask,,,,,,,,,0,0.0,,,,,,0,0.0,1,0.0
2113,70.4333,0,,no_mask,,,,,,,,,0,0.0,,,,,,0,0.0,1,0.0
2114,70.4666,0,,no_mask,,,,,,,,,0,0.0,,,,,,0,0.0,1,0.0
2115,70.5,0,,no_mask,,,,,,,,,0,0.0,,,,,,0,0.0,1,0.0
2116,70.5333,0,,no_mask,,,,,,,,,0,0.0,,,,,,0,0.0,1,0.0
2117,70.5666,0,,no_mask,,,,,,,,,0,0.0,,,,,,0,0.0,1,0.0
2118,70.6,0,,no_mask,,,,,,,,,0,0.0,,,,,,0,0.0,1,0.0
2119,70.6333,0,,no_mask,,,,,,,,,0,0.0,,,,,,0,0.0,1,0.0
2120,70.6666,0,,no_mask,,,,,,,,,0,0.0,,,,,,0,0.0,1,0.0
2121,70.7,0,,no_mask,,,,,,,,,0,0.0,,,,,,0,0.0,1,0.0
2122,70.7333,0,,no_mask,,,,,,,,,0,0.0,,,,,,0,0.0,1,0.0
2123,70.7666,0,,no_mask,,,,,,,,,0,0.0,,,,,,0,0.0,1,0.0
2124,70.8,0,,no_mask,,,,,,,,,0,0.0,,,,,,0,0.0,1,0.0
2125,70.8333,0,,no_mask,,,,,,,,,0,0.0,,,,,,0,0.0,1,0.0
2126,70.8666,0,,no_mask,,,,,,,,,0,0.0,,,,,,0,0.0,1,0.0
2127,70.9,0,,no_mask,,,,,,,,,0,0.0,,,,,,0,0.0,1,0.0
2128,70.9333,0,,no_mask,,,,,,,,,0,0.0,,,,,,0,0.0,1,0.0
2129,70.9666,0,,no_mask,,,,,,,,,0,0.0,,,,,,0,0.0,1,0.0
2130,71.0,0,,no_mask,,,,,,,,,0,0.0,,,,,,0,0.0,1,0.0
2131,71.0333,0,,no_mask,,,,,,,,,0,0.0,,,,,,0,0.0,1,0.0
2132,71.0666,0,,no_mask,,,,,,,,,0,0.0,,,,,,0,0.0,1,0.0
2133,71.1,0,,no_mask,,,,,,,,,0,0.0,,,,,,0,0.0,1,0.0
2134,71.1333,0,,no_mask,,,,,,,,,0,0.0,,,,,,0,0.0,1,0.0
2135,71.1666,0,,no_mask,,,,,,,,,0,0.0,,,,,,0,0.0,1,0.0
2136,71.2,0,,no_mask,,,,,,,,,0,0.0,,,,,,0,0.0,1,0.0
2137,71.2333,0,,no_mask,,,,,,,,,0,0.0,,,,,,0,0.0,1,0.0
2138,71.2666,0,,no_mask,,,,,,,,,0,0.0,,,,,,0,0.0,1,0.0
2139,71.3,0,,no_mask,,,,,,,,,0,0.0,,,,,,0,0.0,1,0.0
2140,71.3333,0,,no_mask,,,,,,,,,0,0.0,,,,,,0,0.0,1,0.0
2141,71.3666,0,,no_mask,,,,,,,,,0,0.0,,,,,,0,0.0,1,0.0
2142,71.4,0,,no_mask,,,,,,,,,0,0.0,,,,,,0,0.0,1,0.0
2143,71.4333,0,,no_mask,,,,,,,,,0,0.0,,,,,,0,0.0,1,0.0
2144,71.4666,0,,no_mask,,,,,,,,,0,0.0,,,,,,0,0.0,1,0.0
2145,71.5,0,,no_mask,,,,,,,,,0,0.0,,,,,,0,0.0,1,0.0
2146,71.5333,0,,no_mask,,,,,,,,,0,0.0,,,,,,0,0.0,1,0.0
2147,71.5666,0,,no_mask,,,,,,,,,0,0.0,,,,,,0,0.0,1,0.0
2148,71.6,0,,no_mask,,,,,,,,,0,0.0,,,,,,0,0.0,1,0.0
2149,71.6333,0,,no_mask,,,,,,,,,0,0.0,,,,,,0,0.0,1,0.0
2150,71.6666,0,,no_mask,,,,,,,,,0,0.0,,,,,,0,0.0,1,0.0
2151,71.7,0,,no_mask,,,,,,,,,0,0.0,,,,,,0,0.0,1,0.0
2152,71.7333,0,,no_mask,,,,,,,,,0,0.0,,,,,,0,0.0,1,0.0
2153,71.7666,0,,no_mask,,,,,,,,,0,0.0,,,,,,0,0.0,1,0.0
2154,71.8,0,,no_mask,,,,,,,,,0,0.0,,,,,,0,0.0,1,0.0
2155,71.8333,0,,no_mask,,,,,,,,,0,0.0,,,,,,0,0.0,1,0.0
2156,71.8666,0,,no_mask,,,,,,,,,0,0.0,,,,,,0,0.0,1,0.0
2157,71.9,0,,no_mask,,,,,,,,,0,0.0,,,,,,0,0.0,1,0.0
2158,71.9333,0,,no_mask,,,,,,,,,0,0.0,,,,,,0,0.0,1,0.0
2159,71.9666,0,,no_mask,,,,,,,,,0,0.0,,,,,,0,0.0,1,0.0
2160,72.0,0,,no_mask,,,,,,,,,0,0.0,,,,,,0,0.0,1,0.0
2161,72.0333,0,,no_mask,,,,,,,,,0,0.0,,,,,,0,0.0,1,0.0
2162,72.0666,0,,no_mask,,,,,,,,,0,0.0,,,,,,0,0.0,1,0.0
2163,72.1,0,,no_mask,,,,,,,,,0,0.0,,,,,,0,0.0,1,0.0
2164,72.1333,0,,no_mask,,,,,,,,,0,0.0,,,,,,0,0.0,1,0.0
2165,72.1666,0,,no_mask,,,,,,,,,0,0.0,,,,,,0,0.0,1,0.0
2166,72.2,0,,no_mask,,,,,,,,,0,0.0,,,,,,0,0.0,1,0.0
2167,72.2333,0,,no_mask,,,,,,,,,0,0.0,,,,,,0,0.0,1,0.0
2168,72.2666,0,,no_mask,,,,,,,,,0,0.0,,,,,,0,0.0,1,0.0
2169,72.3,0,,no_mask,,,,,,,,,0,0.0,,,,,,0,0.0,1,0.0
2170,72.3333,0,,no_mask,,,,,,,,,0,0.0,,,,,,0,0.0,1,0.0
2171,72.3666,0,,no_mask,,,,,,,,,0,0.0,,,,,,0,0.0,1,0.0
2172,72.4,0,,no_mask,,,,,,,,,0,0.0,,,,,,0,0.0,1,0.0
2173,72.4333,0,,no_mask,,,,,,,,,0,0.0,,,,,,0,0.0,1,0.0
2174,72.4666,0,,no_mask,,,,,,,,,0,0.0,,,,,,0,0.0,1,0.0
2175,72.5,0,,no_mask,,,,,,,,,0,0.0,,,,,,0,0.0,1,0.0
2176,72.5333,0,,no_mask,,,,,,,,,0,0.0,,,,,,0,0.0,1,0.0
2177,72.5666,0,,no_mask,,,,,,,,,0,0.0,,,,,,0,0.0,1,0.0
2178,72.6,0,,no_mask,,,,,,,,,0,0.0,,,,,,0,0.0,1,0.0
2179,72.6333,0,,no_mask,,,,,,,,,0,0.0,,,,,,0,0.0,1,0.0
2180,72.6666,0,,no_mask,,,,,,,,,0,0.0,,,,,,0,0.0,1,0.0
2181,72.7,0,,no_mask,,,,,,,,,0,0.0,,,,,,0,0.0,1,0.0
2182,72.7333,0,,no_mask,,,,,,,,,0,0.0,,,,,,0,0.0,1,0.0
2183,72.7666,0,,no_mask,,,,,,,,,0,0.0,,,,,,0,0.0,1,0.0
2184,72.8,0,,no_mask,,,,,,,,,0,0.0,,,,,,0,0.0,1,0.0
2185,72.8333,0,,no_mask,,,,,,,,,0,0.0,,,,,,0,0.0,1,0.0
2186,72.8666,0,,no_mask,,,,,,,,,0,0.0,,,,,,0,0.0,1,0.0
2187,72.9,0,,no_mask,,,,,,,,,0,0.0,,,,,,0,0.0,1,0.0
2188,72.9333,0,,no_mask,,,,,,,,,0,0.0,,,,,,0,0.0,1,0.0
2189,72.9666,0,,no_mask,,,,,,,,,0,0.0,,,,,,0,0.0,1,0.0
2190,73.0,0,,no_mask,,,,,,,,,0,0.0,,,,,,0,0.0,1,0.0
2191,73.0333,0,,no_mask,,,,,,,,,0,0.0,,,,,,0,0.0,1,0.0
2192,73.0666,0,,no_mask,,,,,,,,,0,0.0,,,,,,0,0.0,1,0.0
2193,73.1,0,,no_mask,,,,,,,,,0,0.0,,,,,,0,0.0,1,0.0
2194,73.1333,0,,no_mask,,,,,,,,,0,0.0,,,,,,0,0.0,1,0.0
2195,73.1666,0,,no_mask,,,,,,,,,0,0.0,,,,,,0,0.0,1,0.0
2196,73.2,0,,no_mask,,,,,,,,,0,0.0,,,,,,0,0.0,1,0.0
2197,73.2333,0,,no_mask,,,,,,,,,0,0.0,,,,,,0,0.0,1,0.0
2198,73.2666,0,,no_mask,,,,,,,,,0,0.0,,,,,,0,0.0,1,0.0
2199,73.3,0,,no_mask,,,,,,,,,0,0.0,,,,,,0,0.0,1,0.0
2200,73.3333,0,,no_mask,,,,,,,,,0,0.0,,,,,,0,0.0,1,0.0
2201,73.3666,0,,no_mask,,,,,,,,,0,0.0,,,,,,0,0.0,1,0.0
2202,73.4,0,,no_mask,,,,,,,,,0,0.0,,,,,,0,0.0,1,0.0
