frame,t,ok,mode,reason,phi_deg,phi_smooth,phi_rel,dphi_dt,phi_l,phi_r,phi_grad,phi_naive,n_bands,inlier_ratio,rms_px,parallel,w_body_px,axis_len_px,w_box_px,polarity,conf,upscale,track_rel
0,0.0,0,,no_mask,,,,,,,,,0,0.0,,,,,,0,0.0,1,0.0
1,0.0333,0,,no_mask,,,,,,,,,0,0.0,,,,,,0,0.0,1,0.0
2,0.0667,0,,no_mask,,,,,,,,,0,0.0,,,,,,0,0.0,1,0.0
3,0.1,0,,no_mask,,,,,,,,,0,0.0,,,,,,0,0.0,1,0.0
4,0.1333,0,,no_mask,,,,,,,,,0,0.0,,,,,,0,0.0,1,0.0
5,0.1667,0,,no_mask,,,,,,,,,0,0.0,,,,,,0,0.0,1,0.0
6,0.2,0,,no_mask,,,,,,,,,0,0.0,,,,,,0,0.0,1,0.0
7,0.2333,0,,no_mask,,,,,,,,,0,0.0,,,,,,0,0.0,1,0.0
8,0.2667,0,,no_mask,,,,,,,,,0,0.0,,,,,,0,0.0,1,0.0
9,0.3,0,,no_mask,,,,,,,,,0,0.0,,,,,,0,0.0,1,0.0
10,0.3333,0,,no_mask,,,,,,,,,0,0.0,,,,,,0,0.0,1,0.0
11,0.3667,0,,no_mask,,,,,,,,,0,0.0,,,,,,0,0.0,1,0.0
12,0.4,0,,no_mask,,,,,,,,,0,0.0,,,,,,0,0.0,1,0.0
13,0.4333,0,,no_mask,,,,,,,,,0,0.0,,,,,,0,0.0,1,0.0
14,0.4667,0,,no_mask,,,,,,,,,0,0.0,,,,,,0,0.0,1,0.0
15,0.5,0,,no_mask,,,,,,,,,0,0.0,,,,,,0,0.0,1,0.0
16,0.5333,0,,no_mask,,,,,,,,,0,0.0,,,,,,0,0.0,1,0.0
17,0.5667,0,,no_mask,,,,,,,,,0,0.0,,,,,,0,0.0,1,0.0
18,0.6,0,,no_mask,,,,,,,,,0,0.0,,,,,,0,0.0,1,0.0
19,0.6333,0,,no_mask,,,,,,,,,0,0.0,,,,,,0,0.0,1,0.0
20,0.6667,0,,no_mask,,,,,,,,,0,0.0,,,,,,0,0.0,1,0.0
21,0.7,0,,no_mask,,,,,,,,,0,0.0,,,,,,0,0.0,1,0.0
22,0.7333,0,,no_mask,,,,,,,,,0,0.0,,,,,,0,0.0,1,0.0
23,0.7667,0,,no_mask,,,,,,,,,0,0.0,,,,,,0,0.0,1,0.0
24,0.8,0,,no_mask,,,,,,,,,0,0.0,,,,,,0,0.0,1,0.0
25,0.8333,0,,no_mask,,,,,,,,,0,0.0,,,,,,0,0.0,1,0.0
26,0.8667,0,,no_mask,,,,,,,,,0,0.0,,,,,,0,0.0,1,0.0
27,0.9,0,,no_mask,,,,,,,,,0,0.0,,,,,,0,0.0,1,0.0
28,0.9333,0,,no_mask,,,,,,,,,0,0.0,,,,,,0,0.0,1,0.0
29,0.9667,0,,no_mask,,,,,,,,,0,0.0,,,,,,0,0.0,1,0.0
30,1.0,0,,no_mask,,,,,,,,,0,0.0,,,,,,0,0.0,1,0.0
31,1.0333,0,,no_mask,,,,,,,,,0,0.0,,,,,,0,0.0,1,0.0
32,1.0667,0,,no_mask,,,,,,,,,0,0.0,,,,,,0,0.0,1,0.0
33,1.1,0,,no_mask,,,,,,,,,0,0.0,,,,,,0,0.0,1,0.0
34,1.1333,0,,no_mask,,,,,,,,,0,0.0,,,,,,0,0.0,1,0.0
35,1.1667,0,,no_mask,,,,,,,,,0,0.0,,,,,,0,0.0,1,0.0
36,1.2,0,,no_mask,,,,,,,,,0,0.0,,,,,,0,0.0,1,0.0
37,1.2333,0,,no_mask,,,,,,,,,0,0.0,,,,,,0,0.0,1,0.0
38,1.2667,0,,no_mask,,,,,,,,,0,0.0,,,,,,0,0.0,1,0.0
39,1.3,0,,no_mask,,,,,,,,,0,0.0,,,,,,0,0.0,1,0.0
40,1.3333,0,,no_mask,,,,,,,,,0,0.0,,,,,,0,0.0,1,0.0
41,1.3667,0,,no_mask,,,,,,,,,0,0.0,,,,,,0,0.0,1,0.0
42,1.4,0,,no_mask,,,,,,,,,0,0.0,,,,,,0,0.0,1,0.0
43,1.4333,0,,no_mask,,,,,,,,,0,0.0,,,,,,0,0.0,1,0.0
44,1.4667,0,,no_mask,,,,,,,,,0,0.0,,,,,,0,0.0,1,0.0
45,1.5,0,,no_mask,,,,,,,,,0,0.0,,,,,,0,0.0,1,0.0
46,1.5333,0,,no_mask,,,,,,,,,0,0.0,,,,,,0,0.0,1,0.0
47,1.5667,0,,no_mask,,,,,,,,,0,0.0,,,,,,0,0.0,1,0.0
48,1.6,0,,no_mask,,,,,,,,,0,0.0,,,,,,0,0.0,1,0.0
49,1.6333,0,,no_mask,,,,,,,,,0,0.0,,,,,,0,0.0,1,0.0
50,1.6667,0,,no_mask,,,,,,,,,0,0.0,,,,,,0,0.0,1,0.0
51,1.7,0,,no_mask,,,,,,,,,0,0.0,,,,,,0,0.0,1,0.0
52,1.7333,0,,no_mask,,,,,,,,,0,0.0,,,,,,0,0.0,1,0.0
53,1.7667,0,,no_mask,,,,,,,,,0,0.0,,,,,,0,0.0,1,0.0
54,1.8,0,,no_mask,,,,,,,,,0,0.0,,,,,,0,0.0,1,0.0
55,1.8333,0,,no_mask,,,,,,,,,0,0.0,,,,,,0,0.0,1,0.0
56,1.8667,0,,no_mask,,,,,,,,,0,0.0,,,,,,0,0.0,1,0.0
57,1.9,0,,no_mask,,,,,,,,,0,0.0,,,,,,0,0.0,1,0.0
58,1.9333,0,,no_mask,,,,,,,,,0,0.0,,,,,,0,0.0,1,0.0
59,1.9667,0,,no_mask,,,,,,,,,0,0.0,,,,,,0,0.0,1,0.0
60,2.0,0,,no_mask,,,,,,,,,0,0.0,,,,,,0,0.0,1,0.0
61,2.0333,0,,no_mask,,,,,,,,,0,0.0,,,,,,0,0.0,1,0.0
62,2.0667,0,,no_mask,,,,,,,,,0,0.0,,,,,,0,0.0,1,0.0
63,2.1,0,,no_mask,,,,,,,,,0,0.0,,,,,,0,0.0,1,0.0
64,2.1333,0,,no_mask,,,,,,,,,0,0.0,,,,,,0,0.0,1,0.0
65,2.1667,0,,no_mask,,,,,,,,,0,0.0,,,,,,0,0.0,1,0.0
66,2.2,0,,no_mask,,,,,,,,,0,0.0,,,,,,0,0.0,1,0.0
67,2.2333,0,,no_mask,,,,,,,,,0,0.0,,,,,,0,0.0,1,0.0
68,2.2667,0,,no_mask,,,,,,,,,0,0.0,,,,,,0,0.0,1,0.0
69,2.3,0,,no_mask,,,,,,,,,0,0.0,,,,,,0,0.0,1,0.0
70,2.3333,0,,no_mask,,,,,,,,,0,0.0,,,,,,0,0.0,1,0.0
71,2.3667,0,,no_mask,,,,,,,,,0,0.0,,,,,,0,0.0,1,0.0
72,2.4,0,,no_mask,,,,,,,,,0,0.0,,,,,,0,0.0,1,0.0
73,2.4333,0,,no_mask,,,,,,,,,0,0.0,,,,,,0,0.0,1,0.0
74,2.4667,0,,no_mask,,,,,,,,,0,0.0,,,,,,0,0.0,1,0.0
75,2.5,0,,no_mask,,,,,,,,,0,0.0,,,,,,0,0.0,1,0.0
76,2.5333,0,,no_mask,,,,,,,,,0,0.0,,,,,,0,0.0,1,0.0
77,2.5667,0,,no_mask,,,,,,,,,0,0.0,,,,,,0,0.0,1,0.0
78,2.6,0,,no_mask,,,,,,,,,0,0.0,,,,,,0,0.0,1,0.0
79,2.6333,0,,no_mask,,,,,,,,,0,0.0,,,,,,0,0.0,1,0.0
80,2.6667,0,,no_mask,,,,,,,,,0,0.0,,,,,,0,0.0,1,0.0
81,2.7,0,,no_mask,,,,,,,,,0,0.0,,,,,,0,0.0,1,0.0
82,2.7333,0,,no_mask,,,,,,,,,0,0.0,,,,,,0,0.0,1,0.0
83,2.7667,0,,no_mask,,,,,,,,,0,0.0,,,,,,0,0.0,1,0.0
84,2.8,0,,no_mask,,,,,,,,,0,0.0,,,,,,0,0.0,1,0.0
85,2.8333,0,,no_mask,,,,,,,,,0,0.0,,,,,,0,0.0,1,0.0
86,2.8667,0,,no_mask,,,,,,,,,0,0.0,,,,,,0,0.0,1,0.0
87,2.9,0,,no_mask,,,,,,,,,0,0.0,,,,,,0,0.0,1,0.0
88,2.9333,0,,no_mask,,,,,,,,,0,0.0,,,,,,0,0.0,1,0.0
89,2.9667,0,,no_mask,,,,,,,,,0,0.0,,,,,,0,0.0,1,0.0
90,3.0,0,,no_mask,,,,,,,,,0,0.0,,,,,,0,0.0,1,0.0
91,3.0333,0,,no_mask,,,,,,,,,0,0.0,,,,,,0,0.0,1,0.0
92,3.0667,0,,no_mask,,,,,,,,,0,0.0,,,,,,0,0.0,1,0.0
93,3.1,0,,no_mask,,,,,,,,,0,0.0,,,,,,0,0.0,1,0.0
94,3.1333,0,,no_mask,,,,,,,,,0,0.0,,,,,,0,0.0,1,0.0
95,3.1667,0,,no_mask,,,,,,,,,0,0.0,,,,,,0,0.0,1,0.0
96,3.2,0,,no_mask,,,,,,,,,0,0.0,,,,,,0,0.0,1,0.0
97,3.2333,0,,no_mask,,,,,,,,,0,0.0,,,,,,0,0.0,1,0.0
98,3.2667,0,,no_mask,,,,,,,,,0,0.0,,,,,,0,0.0,1,0.0
99,3.3,0,,no_mask,,,,,,,,,0,0.0,,,,,,0,0.0,1,0.0
100,3.3333,0,,no_mask,,,,,,,,,0,0.0,,,,,,0,0.0,1,0.0
101,3.3667,0,,no_mask,,,,,,,,,0,0.0,,,,,,0,0.0,1,0.0
102,3.4,0,,no_mask,,,,,,,,,0,0.0,,,,,,0,0.0,1,0.0
103,3.4333,0,,no_mask,,,,,,,,,0,0.0,,,,,,0,0.0,1,0.0
104,3.4667,0,,no_mask,,,,,,,,,0,0.0,,,,,,0,0.0,1,0.0
105,3.5,0,,no_mask,,,,,,,,,0,0.0,,,,,,0,0.0,1,0.0
106,3.5333,0,,no_mask,,,,,,,,,0,0.0,,,,,,0,0.0,1,0.0
107,3.5667,0,,no_mask,,,,,,,,,0,0.0,,,,,,0,0.0,1,0.0
108,3.6,0,,no_mask,,,,,,,,,0,0.0,,,,,,0,0.0,1,0.0
109,3.6333,0,,no_mask,,,,,,,,,0,0.0,,,,,,0,0.0,1,0.0
110,3.6667,0,,no_mask,,,,,,,,,0,0.0,,,,,,0,0.0,1,0.0
111,3.7,0,,no_mask,,,,,,,,,0,0.0,,,,,,0,0.0,1,0.0
112,3.7333,0,,no_mask,,,,,,,,,0,0.0,,,,,,0,0.0,1,0.0
113,3.7667,0,,no_mask,,,,,,,,,0,0.0,,,,,,0,0.0,1,0.0
114,3.8,0,,no_mask,,,,,,,,,0,0.0,,,,,,0,0.0,1,0.0
115,3.8333,0,,no_mask,,,,,,,,,0,0.0,,,,,,0,0.0,1,0.0
116,3.8667,0,,no_mask,,,,,,,,,0,0.0,,,,,,0,0.0,1,0.0
117,3.9,0,,no_mask,,,,,,,,,0,0.0,,,,,,0,0.0,1,0.0
118,3.9333,0,,no_mask,,,,,,,,,0,0.0,,,,,,0,0.0,1,0.0
119,3.9667,0,,no_mask,,,,,,,,,0,0.0,,,,,,0,0.0,1,0.0
120,4.0,0,,no_mask,,,,,,,,,0,0.0,,,,,,0,0.0,1,0.0
121,4.0333,0,,no_mask,,,,,,,,,0,0.0,,,,,,0,0.0,1,0.0
122,4.0667,0,,no_mask,,,,,,,,,0,0.0,,,,,,0,0.0,1,0.0
123,4.1,0,,no_mask,,,,,,,,,0,0.0,,,,,,0,0.0,1,0.0
124,4.1333,0,,no_mask,,,,,,,,,0,0.0,,,,,,0,0.0,1,0.0
125,4.1667,0,,no_mask,,,,,,,,,0,0.0,,,,,,0,0.0,1,0.0
126,4.2,0,,no_mask,,,,,,,,,0,0.0,,,,,,0,0.0,1,0.0
127,4.2333,0,,no_mask,,,,,,,,,0,0.0,,,,,,0,0.0,1,0.0
128,4.2667,0,,no_mask,,,,,,,,,0,0.0,,,,,,0,0.0,1,0.0
129,4.3,0,,no_mask,,,,,,,,,0,0.0,,,,,,0,0.0,1,0.0
130,4.3333,0,,no_mask,,,,,,,,,0,0.0,,,,,,0,0.0,1,0.0
131,4.3667,0,,no_mask,,,,,,,,,0,0.0,,,,,,0,0.0,1,0.0
132,4.4,0,,no_mask,,,,,,,,,0,0.0,,,,,,0,0.0,1,0.0
133,4.4333,0,,no_mask,,,,,,,,,0,0.0,,,,,,0,0.0,1,0.0
134,4.4667,0,,no_mask,,,,,,,,,0,0.0,,,,,,0,0.0,1,0.0
135,4.5,0,,no_mask,,,,,,,,,0,0.0,,,,,,0,0.0,1,0.0
136,4.5333,0,,no_mask,,,,,,,,,0,0.0,,,,,,0,0.0,1,0.0
137,4.5667,0,,no_mask,,,,,,,,,0,0.0,,,,,,0,0.0,1,0.0
138,4.6,0,,no_mask,,,,,,,,,0,0.0,,,,,,0,0.0,1,0.0
139,4.6333,0,,no_mask,,,,,,,,,0,0.0,,,,,,0,0.0,1,0.0
140,4.6667,0,,no_mask,,,,,,,,,0,0.0,,,,,,0,0.0,1,0.0
141,4.7,0,,no_mask,,,,,,,,,0,0.0,,,,,,0,0.0,1,0.0
142,4.7333,0,,no_mask,,,,,,,,,0,0.0,,,,,,0,0.0,1,0.0
143,4.7667,0,,no_mask,,,,,,,,,0,0.0,,,,,,0,0.0,1,0.0
144,4.8,0,,no_mask,,,,,,,,,0,0.0,,,,,,0,0.0,1,0.0
145,4.8333,0,,no_mask,,,,,,,,,0,0.0,,,,,,0,0.0,1,0.0
146,4.8667,0,,no_mask,,,,,,,,,0,0.0,,,,,,0,0.0,1,0.0
147,4.9,0,,no_mask,,,,,,,,,0,0.0,,,,,,0,0.0,1,0.0
148,4.9333,0,,no_mask,,,,,,,,,0,0.0,,,,,,0,0.0,1,0.0
149,4.9667,0,,no_mask,,,,,,,,,0,0.0,,,,,,0,0.0,1,0.0
150,5.0,0,,no_mask,,,,,,,,,0,0.0,,,,,,0,0.0,1,0.0
151,5.0333,0,,no_mask,,,,,,,,,0,0.0,,,,,,0,0.0,1,0.0
152,5.0667,0,,no_mask,,,,,,,,,0,0.0,,,,,,0,0.0,1,0.0
153,5.1,0,,no_mask,,,,,,,,,0,0.0,,,,,,0,0.0,1,0.0
154,5.1333,0,,no_mask,,,,,,,,,0,0.0,,,,,,0,0.0,1,0.0
155,5.1667,0,,no_mask,,,,,,,,,0,0.0,,,,,,0,0.0,1,0.0
156,5.2,0,,no_mask,,,,,,,,,0,0.0,,,,,,0,0.0,1,0.0
157,5.2333,0,,no_mask,,,,,,,,,0,0.0,,,,,,0,0.0,1,0.0
158,5.2667,0,,no_mask,,,,,,,,,0,0.0,,,,,,0,0.0,1,0.0
159,5.3,0,,no_mask,,,,,,,,,0,0.0,,,,,,0,0.0,1,0.0
160,5.3333,0,,no_mask,,,,,,,,,0,0.0,,,,,,0,0.0,1,0.0
161,5.3667,0,,no_mask,,,,,,,,,0,0.0,,,,,,0,0.0,1,0.0
162,5.4,0,,no_mask,,,,,,,,,0,0.0,,,,,,0,0.0,1,0.0
163,5.4333,0,,no_mask,,,,,,,,,0,0.0,,,,,,0,0.0,1,0.0
164,5.4667,0,,no_mask,,,,,,,,,0,0.0,,,,,,0,0.0,1,0.0
165,5.5,0,,no_mask,,,,,,,,,0,0.0,,,,,,0,0.0,1,0.0
166,5.5333,0,,no_mask,,,,,,,,,0,0.0,,,,,,0,0.0,1,0.0
167,5.5667,0,,no_mask,,,,,,,,,0,0.0,,,,,,0,0.0,1,0.0
168,5.6,0,,no_mask,,,,,,,,,0,0.0,,,,,,0,0.0,1,0.0
169,5.6333,0,,no_mask,,,,,,,,,0,0.0,,,,,,0,0.0,1,0.0
170,5.6667,0,,no_mask,,,,,,,,,0,0.0,,,,,,0,0.0,1,0.0
171,5.7,0,,no_mask,,,,,,,,,0,0.0,,,,,,0,0.0,1,0.0
172,5.7333,0,,no_mask,,,,,,,,,0,0.0,,,,,,0,0.0,1,0.0
173,5.7667,0,,no_mask,,,,,,,,,0,0.0,,,,,,0,0.0,1,0.0
174,5.8,0,,no_mask,,,,,,,,,0,0.0,,,,,,0,0.0,1,0.0
175,5.8333,0,,no_mask,,,,,,,,,0,0.0,,,,,,0,0.0,1,0.0
176,5.8667,0,,no_mask,,,,,,,,,0,0.0,,,,,,0,0.0,1,0.0
177,5.9,0,,no_mask,,,,,,,,,0,0.0,,,,,,0,0.0,1,0.0
178,5.9333,0,,no_mask,,,,,,,,,0,0.0,,,,,,0,0.0,1,0.0
179,5.9667,0,,no_mask,,,,,,,,,0,0.0,,,,,,0,0.0,1,0.0
180,6.0,0,,no_mask,,,,,,,,,0,0.0,,,,,,0,0.0,1,0.0
181,6.0333,0,,no_mask,,,,,,,,,0,0.0,,,,,,0,0.0,1,0.0
182,6.0667,0,,no_mask,,,,,,,,,0,0.0,,,,,,0,0.0,1,0.0
183,6.1,0,,no_mask,,,,,,,,,0,0.0,,,,,,0,0.0,1,0.0
184,6.1333,0,,no_mask,,,,,,,,,0,0.0,,,,,,0,0.0,1,0.0
185,6.1667,0,,no_mask,,,,,,,,,0,0.0,,,,,,0,0.0,1,0.0
186,6.2,0,,no_mask,,,,,,,,,0,0.0,,,,,,0,0.0,1,0.0
187,6.2333,0,,no_mask,,,,,,,,,0,0.0,,,,,,0,0.0,1,0.0
188,6.2667,0,,no_mask,,,,,,,,,0,0.0,,,,,,0,0.0,1,0.0
189,6.3,0,,no_mask,,,,,,,,,0,0.0,,,,,,0,0.0,1,0.0
190,6.3333,0,,no_mask,,,,,,,,,0,0.0,,,,,,0,0.0,1,0.0
191,6.3667,0,,no_mask,,,,,,,,,0,0.0,,,,,,0,0.0,1,0.0
192,6.4,0,,no_mask,,,,,,,,,0,0.0,,,,,,0,0.0,1,0.0
193,6.4333,0,,no_mask,,,,,,,,,0,0.0,,,,,,0,0.0,1,0.0
194,6.4667,0,,no_mask,,,,,,,,,0,0.0,,,,,,0,0.0,1,0.0
195,6.5,0,,no_mask,,,,,,,,,0,0.0,,,,,,0,0.0,1,0.0
196,6.5333,0,,no_mask,,,,,,,,,0,0.0,,,,,,0,0.0,1,0.0
197,6.5667,0,,no_mask,,,,,,,,,0,0.0,,,,,,0,0.0,1,0.0
198,6.6,0,,no_mask,,,,,,,,,0,0.0,,,,,,0,0.0,1,0.0
199,6.6333,0,,no_mask,,,,,,,,,0,0.0,,,,,,0,0.0,1,0.0
200,6.6667,0,,no_mask,,,,,,,,,0,0.0,,,,,,0,0.0,1,0.0
201,6.7,0,,no_mask,,,,,,,,,0,0.0,,,,,,0,0.0,1,0.0
202,6.7333,0,,no_mask,,,,,,,,,0,0.0,,,,,,0,0.0,1,0.0
203,6.7667,0,,no_mask,,,,,,,,,0,0.0,,,,,,0,0.0,1,0.0
204,6.8,0,,no_mask,,,,,,,,,0,0.0,,,,,,0,0.0,1,0.0
205,6.8333,0,,no_mask,,,,,,,,,0,0.0,,,,,,0,0.0,1,0.0
206,6.8667,0,,no_mask,,,,,,,,,0,0.0,,,,,,0,0.0,1,0.0
207,6.9,0,,no_mask,,,,,,,,,0,0.0,,,,,,0,0.0,1,0.0
208,6.9333,0,,no_mask,,,,,,,,,0,0.0,,,,,,0,0.0,1,0.0
209,6.9667,0,,no_mask,,,,,,,,,0,0.0,,,,,,0,0.0,1,0.0
210,7.0,0,,no_mask,,,,,,,,,0,0.0,,,,,,0,0.0,1,0.0
211,7.0333,0,,no_mask,,,,,,,,,0,0.0,,,,,,0,0.0,1,0.0
212,7.0667,0,,no_mask,,,,,,,,,0,0.0,,,,,,0,0.0,1,0.0
213,7.1,0,,no_mask,,,,,,,,,0,0.0,,,,,,0,0.0,1,0.0
214,7.1333,0,,no_mask,,,,,,,,,0,0.0,,,,,,0,0.0,1,0.0
215,7.1667,0,,no_mask,,,,,,,,,0,0.0,,,,,,0,0.0,1,0.0
216,7.2,0,,no_mask,,,,,,,,,0,0.0,,,,,,0,0.0,1,0.0
217,7.2333,0,,no_mask,,,,,,,,,0,0.0,,,,,,0,0.0,1,0.0
218,7.2667,0,,no_mask,,,,,,,,,0,0.0,,,,,,0,0.0,1,0.0
219,7.3,0,,no_mask,,,,,,,,,0,0.0,,,,,,0,0.0,1,0.0
220,7.3333,0,,no_mask,,,,,,,,,0,0.0,,,,,,0,0.0,1,0.0
221,7.3667,0,,no_mask,,,,,,,,,0,0.0,,,,,,0,0.0,1,0.0
222,7.4,0,,no_mask,,,,,,,,,0,0.0,,,,,,0,0.0,1,0.0
223,7.4333,0,,no_mask,,,,,,,,,0,0.0,,,,,,0,0.0,1,0.0
224,7.4667,0,,no_mask,,,,,,,,,0,0.0,,,,,,0,0.0,1,0.0
225,7.5,0,,no_mask,,,,,,,,,0,0.0,,,,,,0,0.0,1,0.0
226,7.5333,0,,no_mask,,,,,,,,,0,0.0,,,,,,0,0.0,1,0.0
227,7.5667,0,,no_mask,,,,,,,,,0,0.0,,,,,,0,0.0,1,0.0
228,7.6,0,,fit_failed,,,,,,,,,0,0.0,,,,,,0,0.0,1,0.0
229,7.6333,0,,fit_failed,,,,,,,,,0,0.0,,,,,,0,0.0,1,0.0
230,7.6667,0,,fit_failed,,,,,,,,,0,0.0,,,,,,0,0.0,1,0.0
231,7.7,0,,fit_failed,,,,,,,,,0,0.0,,,,,,0,0.0,1,0.0
232,7.7333,0,,fit_failed,,,,,,,,,0,0.0,,,,,,0,0.0,1,0.0
233,7.7667,0,,fit_failed,,,,,,,,,0,0.0,,,,,,0,0.0,1,0.0
234,7.8,1,mask,,-8.1301,-8.1301,,,,,,,6,1.0,0.1543,0.2857,6.0,5.0,9.97,0,0.6091,1,0.0
235,7.8333,1,mask,,-4.8991,-7.5647,,16.9628,,,,,6,1.0,0.1847,0.0,6.0,5.0,10.06,0,0.6031,1,0.0
236,7.8667,1,mask,,-4.8991,-6.6317,,27.9886,,,,,6,1.0,0.1847,0.0,6.0,5.0,9.95,0,0.6031,1,0.0
237,7.9,1,mask,,-4.0856,-6.0253,,18.1926,,,,,6,1.0,0.1409,0.0,6.0,5.0,10.21,0,0.6118,1,0.0
238,7.9333,1,mask,,-4.8991,-5.6311,,11.8252,,,,,6,1.0,0.1847,0.0,6.0,5.0,10.15,0,0.6031,1,0.0
239,7.9667,1,mask,,-4.0856,-5.3749,,7.6864,,,,,6,1.0,0.1409,0.0,6.0,5.0,10.06,0,0.6118,1,0.0
240,8.0,1,mask,,3.0665,-4.9237,,13.5376,,,,,7,1.0,0.223,0.0,6.0,6.0,10.63,0,0.6021,1,0.0
241,8.0333,0,,fit_failed,,,,,,,,,0,0.0,,,,,,0,0.0,1,0.0
242,8.0667,0,,fit_failed,,,,,,,,,0,0.0,,,,,,0,0.0,1,0.0
243,8.1,1,mask,,-4.0856,-4.6303,,,,,,,6,1.0,0.1409,0.0,7.0,5.0,10.16,0,0.6118,1,0.0
244,8.1333,1,mask,,-4.0856,-4.4397,,5.7197,,,,,6,1.0,0.1409,0.0,7.0,5.0,9.15,0,0.6118,1,0.0
245,8.1667,0,,fit_failed,,,,,,,,,0,0.0,,,,,,0,0.0,1,0.0
246,8.2,1,mask,,-0.0,-4.3158,,,,,,,6,0.8571,0.0,0.0,7.0,5.0,8.1,0,0.5971,1,0.0
247,8.2333,1,mask,,0.0,-3.5202,,23.866,,,,,6,0.75,0.0,0.0,7.0,6.0,8.54,0,0.565,1,0.0
248,8.2667,1,mask,,-5.1022,-3.0031,,15.5129,,,,,8,1.0,0.1294,0.1429,7.0,7.0,8.59,0,0.6275,1,0.0
249,8.3,1,mask,,-2.6671,-2.4188,,17.5305,,,,,6,1.0,0.2298,0.0,7.0,6.0,8.39,0,0.594,1,0.0
250,8.3333,0,,fit_failed,,,,,,,,,0,0.0,,,,,,0,0.0,1,0.0
251,8.3667,0,,fit_failed,,,,,,,,,0,0.0,,,,,,0,0.0,1,0.0
252,8.4,1,mask,,-0.0,-2.5057,,,,,,,6,0.6667,0.0,0.0723,8.0,8.0,9.37,0,0.54,1,0.0
253,8.4333,1,mask,,-0.0,-1.6287,,26.3099,,,,,9,1.0,0.0,0.0,8.0,8.0,10.11,0,0.66,1,0.0
254,8.4667,1,mask,,-0.0,-1.0587,,17.1014,,,,,9,1.0,0.0,0.0,8.0,8.0,10.13,0,0.66,1,0.0
255,8.5,1,mask,,0.0,-0.6881,,11.1159,,,,,8,0.8889,0.0,0.0,8.0,9.0,10.16,0,0.62,1,0.0
256,8.5333,1,mask,,3.1403,-0.4473,,7.2254,,,,,6,0.8571,0.1484,0.1392,8.5,9.0,10.18,0,0.5675,1,0.0
257,8.5667,1,mask,,2.8624,-0.2907,,4.6965,,,,,9,1.0,0.2123,0.0333,9.0,8.0,10.17,0,0.6175,1,0.0
258,8.6,1,mask,,0.0,-0.189,,3.0527,,,,,9,0.8182,0.0,0.0,9.0,9.0,10.01,0,0.6055,1,0.0
259,8.6333,1,mask,,1.3887,0.3632,,16.5658,,,,,10,1.0,0.2348,0.0485,9.0,9.0,10.15,0,0.6197,1,0.0
260,8.6667,1,mask,,4.7636,1.2379,,26.2415,,,,,9,0.9,0.1242,0.1667,10.0,8.0,9.91,0,0.6052,1,0.0
261,8.7,1,mask,,3.8388,1.8065,,17.057,,,,,10,0.9091,0.1356,0.1667,9.5,10.0,9.83,0,0.6123,1,0.0
262,8.7333,1,mask,,3.915,2.5178,,21.3388,,,,,9,0.9,0.1426,0.1905,9.0,10.0,9.7,0,0.6015,1,0.0
263,8.7667,1,mask,,3.8754,2.993,,14.255,,,,,9,1.0,0.1429,0.1355,10.0,9.0,9.71,0,0.6314,1,0.0
264,8.8,1,mask,,4.3323,3.3157,,9.6812,,,,,9,0.9,0.1641,0.0152,9.0,11.0,10.14,0,0.5972,1,0.0
265,8.8333,1,mask,,1.8224,3.5116,,5.8773,,,,,11,1.0,0.2277,0.0,9.0,10.0,10.41,0,0.6278,1,0.0
266,8.8667,1,mask,,4.6774,3.6528,,4.2357,,,,,11,1.0,0.1548,0.0,10.0,10.0,10.5,0,0.6424,1,0.0
267,8.9,1,mask,,4.5864,3.8906,,7.1353,,,,,14,1.0,0.1557,0.1923,10.0,13.0,10.54,0,0.6622,1,0.0
268,8.9333,1,mask,,4.6774,4.1341,,7.3062,,,,,11,1.0,0.1548,0.0,10.0,10.0,10.37,0,0.6424,1,0.0
269,8.9667,1,mask,,3.2405,4.2924,,4.749,,,,,9,0.9,0.1277,0.1132,11.0,9.0,10.24,0,0.6045,1,0.0
270,9.0,1,mask,,9.2989,4.4272,,4.0422,,,,,14,1.0,0.2243,0.1077,9.5,13.0,9.67,0,0.6485,1,0.0
271,9.0333,1,mask,,9.544,4.5148,,2.6274,,,,,14,1.0,0.3049,0.1066,9.0,13.0,9.76,0,0.6324,1,0.0
272,9.0667,1,mask,,9.0534,6.1033,,47.6561,,,,,14,1.0,0.3225,0.0901,9.5,13.0,9.85,0,0.6288,1,0.0
273,9.1,1,mask,,3.8953,7.1359,,30.9764,,,,,11,1.0,0.1589,0.0941,10.0,11.0,10.45,0,0.6416,1,0.0
274,9.1333,1,mask,,3.8953,7.807,,20.1347,,,,,11,1.0,0.1589,0.0941,10.0,11.0,10.56,0,0.6416,1,0.0
275,9.1667,1,mask,,5.5784,7.027,,-23.4004,,,,,8,1.0,0.2202,0.0126,9.0,12.0,10.45,0,0.6093,1,0.0
276,9.2,1,mask,,5.8975,6.52,,-15.2102,,,,,14,0.9333,0.1431,0.178,9.0,13.0,11.23,0,0.6447,1,0.0
277,9.2333,1,mask,,6.839,6.1904,,-9.8867,,,,,10,0.9091,0.1615,0.0241,9.5,11.0,9.9,0,0.6071,1,0.0
278,9.2667,1,mask,,7.8717,6.0879,,-3.0753,,,,,10,0.9091,0.1437,0.0053,9.0,10.0,9.7,0,0.6107,1,0.0
279,9.3,1,mask,,5.9032,6.0233,,-1.9395,,,,,10,1.0,0.1244,0.015,9.5,10.0,10.23,0,0.6418,1,0.0
280,9.3333,1,mask,,6.1918,6.0823,,1.7699,,,,,9,1.0,0.1122,0.0024,9.0,10.0,10.42,0,0.6376,1,0.0
281,9.3667,1,mask,,6.0441,6.1206,,1.1504,,,,,9,0.9,0.1304,0.0147,10.0,9.0,10.3,0,0.6039,1,0.0
282,9.4,1,mask,,3.8102,6.0938,,-0.8035,,,,,8,0.8,0.1364,0.12,9.0,13.0,10.99,0,0.5661,1,0.0
283,9.4333,1,mask,,7.8214,6.0764,,-0.5223,,,,,13,0.9286,0.1606,0.1099,10.0,12.0,12.23,0,0.6331,1,0.0
284,9.4667,1,mask,,8.6483,6.1168,,1.2118,,,,,12,0.9231,0.1873,0.0804,10.0,11.0,11.39,0,0.6195,1,0.0
285,9.5,1,mask,,6.5713,6.2759,,4.7719,,,,,17,1.0,0.1436,0.0667,9.0,16.0,10.79,0,0.6846,1,0.0
286,9.5333,1,mask,,6.2939,6.3793,,3.1017,,,,,16,1.0,0.1373,0.0794,9.0,15.0,12.04,0,0.6792,1,0.0
287,9.5667,1,mask,,6.5851,6.4513,,2.1616,,,,,16,1.0,0.1683,0.0691,9.0,15.0,11.85,0,0.673,1,0.0
288,9.6,1,mask,,6.1641,6.4933,,1.2596,,,,,14,1.0,0.2293,0.0161,8.0,15.0,11.5,0,0.6475,1,0.0
289,9.6333,1,mask,,8.5478,6.5206,,0.8187,,,,,13,0.8667,0.2211,0.0873,9.0,13.0,12.16,0,0.6024,1,0.0
290,9.6667,1,mask,,6.0221,6.4413,,-2.3799,,,,,14,1.0,0.3681,0.0903,9.0,13.0,12.05,0,0.6197,1,0.0
291,9.7,1,mask,,7.8619,6.4916,,1.5106,,,,,14,0.9333,0.207,0.0629,9.0,14.0,12.22,0,0.6319,1,0.0
292,9.7333,1,mask,,7.366,6.7977,,9.1813,,,,,14,0.9333,0.2229,0.0453,9.0,14.0,12.13,0,0.6287,1,0.0
293,9.7667,1,mask,,7.366,6.9966,,5.9678,,,,,14,0.9333,0.2229,0.0453,9.0,14.0,12.1,0,0.6287,1,0.0
294,9.8,1,mask,,9.9262,7.1259,,3.8791,,,,,15,0.9375,0.1546,0.0571,9.0,14.0,12.69,0,0.6503,1,0.0
295,9.8333,1,mask,,9.1168,7.3835,,7.7275,,,,,18,1.0,0.2815,0.0519,9.0,17.0,12.42,0,0.6637,1,0.0
296,9.8667,1,mask,,9.5112,7.9901,,18.1998,,,,,19,1.0,0.2906,0.0123,9.0,18.0,12.47,0,0.6685,1,0.0
297,9.9,1,mask,,8.4483,8.3845,,11.8298,,,,,16,0.9412,0.2164,0.0765,9.5,15.0,12.35,0,0.6457,1,0.0
298,9.9333,1,mask,,8.4483,8.6408,,7.6894,,,,,16,0.9412,0.2164,0.0765,9.5,15.0,12.29,0,0.6457,1,0.0
299,9.9667,1,mask,,7.8153,8.5734,,-2.0206,,,,,17,1.0,0.1797,0.0162,9.0,16.0,12.29,0,0.6774,1,0.0
300,10.0,1,mask,,10.7798,8.5296,,-1.3134,,,,,20,1.0,0.2845,0.0,9.0,21.0,14.39,0,0.6764,1,0.0
301,10.0333,1,mask,,11.0083,8.5012,,-0.8537,,,,,18,0.9474,0.1777,0.0217,10.0,17.0,14.43,0,0.6687,1,0.0
302,10.0667,1,mask,,10.4583,9.1862,,20.5497,,,,,20,1.0,0.1974,0.0158,10.0,19.0,14.11,0,0.6938,1,0.0
303,10.1,1,mask,,11.3154,9.744,,16.7334,,,,,23,1.0,0.2885,0.0148,10.0,22.0,14.45,0,0.6956,1,0.0
304,10.1333,1,mask,,11.46,10.1865,,13.2754,,,,,21,0.913,0.2492,0.015,10.0,22.0,14.42,0,0.6641,1,0.0
305,10.1667,1,mask,,11.4786,10.5816,,11.8535,,,,,23,1.0,0.267,0.0208,10.0,22.0,14.48,0,0.6999,1,0.0
306,10.2,1,mask,,12.3794,10.889,,9.2232,,,,,26,1.0,0.2724,0.0164,10.0,25.0,14.34,0,0.7189,1,0.0
307,10.2333,1,mask,,12.8699,11.0954,,6.1904,,,,,24,1.0,0.2855,0.01,11.0,23.0,14.24,0,0.7029,1,0.0
308,10.2667,1,mask,,12.6922,11.5448,,13.4821,,,,,24,1.0,0.2977,0.007,11.0,23.0,14.25,0,0.7005,1,0.0
309,10.3,1,mask,,11.9019,11.8369,,8.7634,,,,,25,0.9615,0.2518,0.0242,10.0,25.0,15.81,0,0.7048,1,0.0
310,10.3333,1,mask,,13.7396,12.1363,,8.9811,,,,,27,1.0,0.3324,0.0189,10.0,26.0,15.98,0,0.7135,1,0.0
311,10.3667,1,mask,,13.7396,12.393,,7.7035,,,,,27,1.0,0.3415,0.0296,10.0,26.0,16.04,0,0.7117,1,0.0
312,10.4,1,mask,,14.7301,12.8643,,14.1385,,,,,26,0.963,0.3325,0.065,11.0,25.0,16.22,0,0.6957,1,0.0
313,10.4333,1,mask,,14.1843,13.1707,,9.19,,,,,27,1.0,0.3061,0.0012,11.0,26.0,15.89,0,0.7188,1,0.0
314,10.4667,1,mask,,13.859,13.4116,,7.2277,,,,,28,1.0,0.3443,0.0085,11.0,27.0,15.75,0,0.7178,1,0.0
315,10.5,1,mask,,14.8597,13.682,,8.1134,,,,,28,0.9032,0.2244,0.0074,11.0,27.0,16.0,0,0.7128,1,0.0
316,10.5333,1,mask,,14.738,14.0488,,11.0043,,,,,29,0.9667,0.2755,0.0118,11.0,28.0,15.98,0,0.7282,1,0.0
317,10.5667,1,mask,,14.3746,14.1629,,3.4209,,,,,30,0.9677,0.3098,0.0097,11.0,29.0,16.03,0,0.7284,1,0.0
318,10.6,1,mask,,14.135,14.237,,2.2236,,,,,32,1.0,0.3288,0.0375,12.0,31.0,17.06,0,0.7476,1,0.0
319,10.6333,1,mask,,13.4726,14.2852,,1.4453,,,,,34,1.0,0.3261,0.0431,11.0,33.0,17.34,0,0.7614,1,0.0
320,10.6667,1,mask,,13.4767,14.2326,,-1.5764,,,,,34,1.0,0.3482,0.0369,12.0,33.0,17.34,0,0.757,1,0.0
321,10.7,1,mask,,13.1326,13.968,,-7.9373,,,,,33,1.0,0.2457,0.0076,11.0,33.0,17.85,0,0.7709,1,0.0
322,10.7333,1,mask,,13.1685,13.7946,,-5.2027,,,,,32,1.0,0.2485,0.0102,11.0,32.0,17.85,0,0.7636,1,0.0
323,10.7667,1,mask,,13.0868,13.5755,,-6.5739,,,,,32,0.9697,0.2239,0.0072,11.5,32.0,17.93,0,0.7595,1,0.0
324,10.8,1,mask,,13.5974,13.4331,,-4.273,,,,,33,0.9706,0.252,0.0351,11.0,33.0,17.35,0,0.7608,1,0.0
325,10.8333,1,mask,,14.2849,13.3405,,-2.7775,,,,,34,1.0,0.2814,0.0088,11.0,34.0,17.89,0,0.7704,1,0.0
326,10.8667,1,mask,,13.9532,13.4304,,2.6981,,,,,34,1.0,0.3433,0.0248,11.0,34.0,17.87,0,0.758,1,0.0
327,10.9,1,mask,,12.882,13.4889,,1.7538,,,,,36,1.0,0.2937,0.0443,12.0,35.0,17.92,0,0.7813,1,0.0
328,10.9333,1,mask,,12.882,13.5269,,1.14,,,,,35,0.9722,0.2835,0.0358,12.0,35.0,17.91,0,0.7683,1,0.0
329,10.9667,1,mask,,12.9817,13.3361,,-5.7241,,,,,35,1.0,0.3124,0.0403,12.0,34.0,17.93,0,0.7709,1,0.0
330,11.0,1,mask,,13.1879,13.212,,-3.7207,,,,,38,1.0,0.5048,0.0729,12.0,37.0,18.91,0,0.7524,1,0.0
331,11.0333,1,mask,,13.2794,13.1314,,-2.4184,,,,,36,0.9474,0.3925,0.067,12.0,37.0,19.24,0,0.7457,1,0.0
332,11.0667,1,mask,,13.3245,13.1512,,0.5931,,,,,37,1.0,0.4396,0.0579,12.0,36.0,19.24,0,0.7587,1,0.0
333,11.1,1,mask,,13.4015,13.1961,,1.3464,,,,,31,1.0,0.4085,0.0255,11.0,37.0,19.55,0,0.725,1,0.0
334,11.1333,1,mask,,13.4017,13.241,,1.3487,,,,,38,1.0,0.3988,0.0396,12.0,37.0,19.75,0,0.7736,1,0.0
335,11.1667,1,mask,,13.375,13.2879,,1.4064,,,,,38,1.0,0.3805,0.0386,12.0,37.0,19.75,0,0.7772,1,0.0
336,11.2,1,mask,,13.2455,13.3184,,0.9141,,,,,35,1.0,0.3624,0.0249,11.0,37.0,19.92,0,0.7609,1,0.0
337,11.2333,1,mask,,13.7206,13.3475,,0.8722,,,,,35,1.0,0.3356,0.0067,11.0,37.0,20.05,0,0.7662,1,0.0
338,11.2667,1,mask,,13.8863,13.3664,,0.5693,,,,,33,1.0,0.3301,0.0155,11.0,36.0,20.12,0,0.754,1,0.0
339,11.3,1,mask,,14.2621,13.4904,,3.7185,,,,,33,1.0,0.2206,0.042,11.0,37.0,20.31,0,0.7759,1,0.0
340,11.3333,1,mask,,13.9372,13.629,,4.1573,,,,,32,1.0,0.2281,0.0266,11.0,38.0,20.27,0,0.7677,1,0.0
341,11.3667,1,mask,,13.7727,13.719,,2.7022,,,,,31,0.9688,0.2202,0.0192,11.0,38.0,20.23,0,0.7533,1,0.0
342,11.4,1,mask,,13.7932,13.7776,,1.7565,,,,,40,1.0,0.2102,0.0432,12.0,39.0,20.46,0,0.8246,1,0.0
343,11.4333,1,mask,,13.7601,13.783,,0.1636,,,,,38,0.95,0.2426,0.0337,12.0,37.0,20.64,0,0.7898,1,0.0
344,11.4667,1,mask,,13.3895,13.7794,,-0.1084,,,,,40,1.0,0.3233,0.0504,12.0,39.0,20.55,0,0.802,1,0.0
345,11.5,1,mask,,13.2255,13.7727,,-0.2034,,,,,41,1.0,0.2737,0.0593,12.0,40.0,21.06,0,0.8186,1,0.0
346,11.5333,1,mask,,13.6841,13.7417,,-0.9295,,,,,40,0.9756,0.2433,0.0458,12.0,39.0,21.01,0,0.8107,1,0.0
347,11.5667,1,mask,,13.5648,13.6798,,-1.8568,,,,,40,0.9756,0.2342,0.0483,12.0,39.0,21.04,0,0.8125,1,0.0
348,11.6,1,mask,,14.7667,13.6395,,-1.2069,,,,,41,0.9535,0.2279,0.0399,12.0,40.0,21.63,0,0.8138,1,0.0
349,11.6333,1,mask,,14.024,13.6551,,0.4682,,,,,43,1.0,0.3335,0.0357,12.0,42.0,21.59,0,0.82,1,0.0
350,11.6667,1,mask,,14.9295,13.7843,,3.8732,,,,,42,0.9767,0.3711,0.0583,12.0,41.0,21.74,0,0.7988,1,0.0
351,11.7,1,mask,,14.5662,14.0579,,8.21,,,,,41,1.0,0.3214,0.0497,12.0,40.0,21.51,0,0.809,1,0.0
352,11.7333,1,mask,,14.2698,14.2358,,5.3365,,,,,40,0.9756,0.3216,0.0458,12.0,40.0,21.47,0,0.795,1,0.0
353,11.7667,1,mask,,14.3257,14.2673,,0.9441,,,,,40,0.9756,0.3292,0.0437,12.0,40.0,21.43,0,0.7935,1,0.0
354,11.8,1,mask,,14.5406,14.3629,,2.8694,,,,,44,1.0,0.3364,0.059,12.0,43.0,22.19,0,0.8261,1,0.0
355,11.8333,1,mask,,14.4043,14.3774,,0.4341,,,,,44,0.9778,0.372,0.0662,12.0,43.0,22.37,0,0.8123,1,0.0
356,11.8667,1,mask,,14.3323,14.3616,,-0.4737,,,,,44,0.9778,0.3356,0.0643,12.0,43.0,22.39,0,0.8195,1,0.0
357,11.9,1,mask,,14.6583,14.3765,,0.448,,,,,42,0.9767,0.3555,0.041,13.0,41.0,22.32,0,0.8019,1,0.0
358,11.9333,1,mask,,13.9914,14.3862,,0.2912,,,,,43,1.0,0.3831,0.0349,13.0,42.0,22.28,0,0.81,1,0.0
359,11.9667,1,mask,,13.7509,14.3674,,-0.5666,,,,,43,0.9773,0.3771,0.0432,13.0,42.0,22.22,0,0.8044,1,0.0
360,12.0,1,mask,,13.8443,14.2358,,-3.947,,,,,45,1.0,0.3391,0.0317,13.0,44.0,22.77,0,0.8322,1,0.0
361,12.0333,1,mask,,13.686,14.0988,,-4.1111,,,,,43,0.9149,0.227,0.0399,13.0,46.0,23.1,0,0.8157,1,0.0
362,12.0667,1,mask,,13.7328,13.977,,-3.6527,,,,,47,0.9792,0.2709,0.0477,13.0,47.0,23.18,0,0.8529,1,0.0
363,12.1,1,mask,,14.184,13.8979,,-2.3743,,,,,48,1.0,0.3036,0.062,13.0,47.0,23.3,0,0.8593,1,0.0
364,12.1333,1,mask,,14.1545,13.8791,,-0.5628,,,,,49,1.0,0.3095,0.0595,13.0,48.0,23.28,0,0.8648,1,0.0
365,12.1667,1,mask,,14.105,13.9582,,2.3721,,,,,49,1.0,0.294,0.0615,13.0,48.0,23.27,0,0.8679,1,0.0
366,12.2,1,mask,,14.3924,14.0269,,2.0614,,,,,50,1.0,0.3961,0.0574,13.0,49.0,24.02,0,0.8541,1,0.0
367,12.2333,1,mask,,14.2568,14.0819,,1.6494,,,,,50,1.0,0.3671,0.0571,13.0,49.0,24.03,0,0.8599,1,0.0
368,12.2667,1,mask,,14.293,14.1431,,1.8367,,,,,50,1.0,0.4102,0.0611,13.0,49.0,24.09,0,0.8513,1,0.0
369,12.3,1,mask,,14.3937,14.1955,,1.5737,,,,,50,1.0,0.408,0.065,13.0,49.0,24.24,0,0.8517,1,0.0
370,12.3333,1,mask,,14.5485,14.2644,,2.0669,,,,,47,0.9792,0.368,0.065,13.0,47.0,24.39,0,0.8335,1,0.0
371,12.3667,1,mask,,14.4336,14.3097,,1.357,,,,,48,1.0,0.4098,0.0607,13.0,47.0,24.41,0,0.838,1,0.0
372,12.4,1,mask,,14.1076,14.3391,,0.8821,,,,,52,1.0,0.3448,0.0561,13.0,51.0,24.62,0,0.8777,1,0.0
373,12.4333,1,mask,,14.0616,14.3582,,0.5733,,,,,52,1.0,0.3344,0.0601,13.0,51.0,24.91,0,0.8798,1,0.0
374,12.4667,1,mask,,13.884,14.2705,,-2.6313,,,,,53,1.0,0.3556,0.054,13.0,52.0,25.0,0,0.8822,1,0.0
375,12.5,1,mask,,13.9949,14.1974,,-2.1935,,,,,53,1.0,0.3339,0.0622,13.0,52.0,25.1,0,0.8865,1,0.0
376,12.5333,1,mask,,13.6561,14.1265,,-2.1255,,,,,50,0.9804,0.3332,0.0556,13.0,51.0,25.19,0,0.8608,1,0.0
377,12.5667,1,mask,,13.4338,14.0416,,-2.5467,,,,,52,1.0,0.3456,0.0516,13.0,52.0,25.27,0,0.8775,1,0.0
378,12.6,1,mask,,13.4526,13.9067,,-4.0483,,,,,54,1.0,0.3415,0.0483,13.0,53.0,25.83,0,0.8917,1,0.0
379,12.6333,1,mask,,13.8424,13.819,,-2.6314,,,,,54,1.0,0.379,0.0442,13.0,53.0,25.85,0,0.8842,1,0.0
380,12.6667,1,mask,,13.5537,13.7261,,-2.7847,,,,,54,1.0,0.3762,0.042,13.0,53.0,25.79,0,0.8848,1,0.0
381,12.7,1,mask,,13.7528,13.6658,,-1.8101,,,,,53,0.9815,0.3211,0.0544,13.0,53.0,25.84,0,0.8836,1,0.0
382,12.7333,1,mask,,14.1231,13.6962,,0.9134,,,,,54,1.0,0.3421,0.0566,13.0,53.0,25.97,0,0.8916,1,0.0
383,12.7667,1,mask,,13.9862,13.7474,,1.5341,,,,,53,1.0,0.3598,0.0452,13.0,52.0,25.95,0,0.8814,1,0.0
384,12.8,1,mask,,14.0791,13.831,,2.5079,,,,,54,1.0,0.3094,0.0505,13.0,54.0,26.13,0,0.8981,1,0.0
385,12.8333,1,mask,,14.0519,13.9083,,2.3195,,,,,54,1.0,0.3245,0.0547,13.0,54.0,25.84,0,0.8951,1,0.0
386,12.8667,1,mask,,14.115,13.9681,,1.7939,,,,,53,1.0,0.3135,0.054,13.0,55.0,25.85,0,0.8906,1,0.0
387,12.9,1,mask,,14.1701,14.007,,1.1661,,,,,51,0.9808,0.3,0.0481,13.0,55.0,26.04,0,0.8742,1,0.0
388,12.9333,1,mask,,14.1632,14.0448,,1.1339,,,,,50,1.0,0.3306,0.0413,13.0,55.0,26.12,0,0.8672,1,0.0
389,12.9667,1,mask,,14.1927,14.0862,,1.2434,,,,,50,1.0,0.3287,0.0451,13.0,55.0,26.07,0,0.8676,1,0.0
390,13.0,1,mask,,14.4247,14.1156,,0.8814,,,,,47,1.0,0.3551,0.05,13.0,55.0,26.56,0,0.8423,1,0.0
391,13.0333,1,mask,,14.3278,14.1426,,0.8099,,,,,47,1.0,0.335,0.0458,13.0,56.0,26.74,0,0.8463,1,0.0
392,13.0667,1,mask,,14.2842,14.1922,,1.4872,,,,,54,1.0,0.3187,0.0593,14.0,55.0,26.73,0,0.8963,1,0.0
393,13.1,1,mask,,14.0447,14.2244,,0.9667,,,,,54,1.0,0.3654,0.0515,14.0,56.0,26.46,0,0.8869,1,0.0
394,13.1333,1,mask,,14.0613,14.2453,,0.6283,,,,,54,1.0,0.3482,0.0543,14.0,56.0,26.45,0,0.8904,1,0.0
395,13.1667,1,mask,,14.0981,14.1938,,-1.5456,,,,,53,1.0,0.3499,0.0569,14.0,55.0,26.45,0,0.8833,1,0.0
396,13.2,1,mask,,14.1996,14.1603,,-1.0047,,,,,49,0.98,0.3241,0.0561,14.0,56.0,26.6,0,0.8558,1,0.0
397,13.2333,1,mask,,14.6494,14.1385,,-0.653,,,,,43,1.0,0.3596,0.0498,13.0,42.0,27.01,0,0.8147,1,0.0
398,13.2667,1,mask,,14.8537,14.1599,,0.6414,,,,,48,0.9796,0.3609,0.0623,14.0,56.0,27.23,0,0.8417,1,0.0
399,13.3,1,mask,,14.7248,14.3312,,5.1395,,,,,45,1.0,0.3914,0.0421,13.0,57.0,26.92,0,0.8217,1,0.0
400,13.3333,1,mask,,13.9314,14.4426,,3.3407,,,,,48,0.96,0.4085,0.026,13.0,60.0,26.96,0,0.8263,1,0.0
401,13.3667,1,mask,,14.4994,14.515,,2.1714,,,,,48,1.0,0.3686,0.048,14.0,59.0,26.95,0,0.8463,1,0.0
402,13.4,1,mask,,13.8963,14.5095,,-0.1639,,,,,49,1.0,0.4069,0.054,14.0,61.0,26.85,0,0.8453,1,0.0
403,13.4333,1,mask,,13.8583,14.3072,,-6.0702,,,,,50,1.0,0.4174,0.0392,14.0,61.0,27.27,0,0.8498,1,0.0
404,13.4667,1,mask,,13.8164,14.1634,,-4.3139,,,,,49,1.0,0.4105,0.0397,14.0,61.0,27.27,0,0.8446,1,0.0
405,13.5,1,mask,,13.6907,14.0566,,-3.2032,,,,,50,1.0,0.4495,0.0391,14.0,62.0,27.91,0,0.8434,1,0.0
406,13.5333,1,mask,,13.7648,13.9725,,-2.5221,,,,,49,1.0,0.4164,0.0331,14.0,61.0,27.93,0,0.8434,1,0.0
407,13.5667,1,mask,,13.8258,13.9179,,-1.6394,,,,,49,1.0,0.3825,0.0419,14.0,61.0,27.89,0,0.8502,1,0.0
408,13.6,1,mask,,13.4525,13.8643,,-1.6075,,,,,45,1.0,0.3912,0.0411,14.0,62.0,28.59,0,0.8218,1,0.0
409,13.6333,1,mask,,13.4831,13.8035,,-1.8227,,,,,46,1.0,0.435,0.0515,14.0,62.0,28.29,0,0.8197,1,0.0
410,13.6667,1,mask,,13.5193,13.704,,-2.9849,,,,,46,1.0,0.4429,0.0525,14.0,62.0,28.39,0,0.8181,1,0.0
411,13.7,1,mask,,13.739,13.6394,,-1.9402,,,,,47,0.9792,0.3566,0.0525,15.0,62.0,30.16,0,0.8358,1,0.0
412,13.7333,1,mask,,13.6739,13.5973,,-1.2611,,,,,47,0.9792,0.3788,0.0509,15.0,62.0,30.21,0,0.8313,1,0.0
413,13.7667,1,mask,,13.6429,13.6133,,0.478,,,,,48,0.9796,0.3554,0.0488,15.0,62.0,30.09,0,0.8428,1,0.0
414,13.8,1,mask,,13.9449,13.6345,,0.6365,,,,,43,0.9773,0.344,0.0389,14.0,63.0,30.24,0,0.811,1,0.0
415,13.8333,1,mask,,13.5871,13.6483,,0.4137,,,,,40,0.9091,0.2603,0.0391,14.0,63.0,30.01,0,0.7873,1,0.0
416,13.8667,1,mask,,13.6831,13.6572,,0.2689,,,,,42,0.9545,0.3083,0.0394,14.0,63.0,30.17,0,0.8047,1,0.0
417,13.9,1,mask,,14.1928,13.6663,,0.271,,,,,49,1.0,0.3335,0.0502,15.0,64.0,31.43,0,0.86,1,0.0
418,13.9333,1,mask,,14.1437,13.7638,,2.9256,,,,,50,1.0,0.3363,0.049,15.0,65.0,31.44,0,0.8661,1,0.0
419,13.9667,1,mask,,14.1522,13.8967,,3.9885,,,,,50,1.0,0.3454,0.0491,15.0,65.0,31.43,0,0.8643,1,0.0
420,14.0,1,mask,,14.166,13.9862,,2.6827,,,,,44,1.0,0.3754,0.0348,14.0,65.0,31.85,0,0.8183,1,0.0
421,14.0333,1,mask,,13.6872,14.0443,,1.7438,,,,,42,1.0,0.3422,0.0466,14.0,65.0,32.14,0,0.8116,1,0.0
422,14.0667,1,mask,,14.3924,14.0821,,1.1335,,,,,48,0.9796,0.3242,0.0538,15.0,64.0,32.11,0,0.849,1,0.0
423,14.1,1,mask,,13.3079,14.1066,,0.7367,,,,,43,1.0,0.3743,0.0346,14.0,67.0,32.4,0,0.8118,1,0.0
424,14.1333,1,mask,,13.1064,13.9598,,-4.4043,,,,,41,0.9535,0.3131,0.0314,14.0,67.0,32.39,0,0.7968,1,0.0
425,14.1667,1,mask,,13.3514,13.7469,,-6.3888,,,,,45,1.0,0.3894,0.035,14.0,67.0,32.47,0,0.8221,1,0.0
426,14.2,1,mask,,14.3254,13.6084,,-4.1527,,,,,42,1.0,0.3731,0.0148,14.0,41.0,32.41,0,0.8054,1,0.0
427,14.2333,1,mask,,14.0623,13.5185,,-2.6993,,,,,41,0.9762,0.3821,0.0202,14.0,41.0,31.62,0,0.7898,1,0.0
428,14.2667,1,mask,,13.9648,13.6747,,4.6863,,,,,41,0.9762,0.3812,0.0238,14.0,41.0,31.63,0,0.7899,1,0.0
429,14.3,1,mask,,14.3404,13.8103,,4.0699,,,,,43,0.9773,0.2992,0.0428,15.0,43.0,31.89,0,0.82,1,0.0
430,14.3333,1,mask,,14.2792,13.9744,,4.923,,,,,44,1.0,0.338,0.0401,15.0,43.0,31.83,0,0.8257,1,0.0
431,14.3667,1,mask,,14.2678,14.0771,,3.0805,,,,,44,1.0,0.3422,0.0446,15.0,43.0,31.88,0,0.8249,1,0.0
432,14.4,1,mask,,13.7938,14.1439,,2.0023,,,,,48,1.0,0.407,0.0258,15.0,71.0,32.22,0,0.8386,1,0.0
433,14.4333,1,mask,,14.0947,14.1873,,1.3015,,,,,51,1.0,0.4059,0.03,15.0,72.0,32.83,0,0.8588,1,0.0
434,14.4667,1,mask,,13.9533,14.1549,,-0.9714,,,,,50,1.0,0.3954,0.0342,15.0,72.0,32.8,0,0.8542,1,0.0
435,14.5,1,mask,,14.2245,14.1338,,-0.6314,,,,,50,1.0,0.4451,0.034,15.0,49.0,34.82,0,0.8443,1,0.0
436,14.5333,1,mask,,14.0144,14.092,,-1.2537,,,,,49,1.0,0.4409,0.0218,15.0,49.0,33.82,0,0.8385,1,0.0
437,14.5667,1,mask,,14.1352,14.093,,0.0284,,,,,49,1.0,0.4221,0.0227,15.0,48.0,34.57,0,0.8422,1,0.0
438,14.6,1,mask,,14.975,14.1078,,0.4438,,,,,41,0.8723,0.3015,0.0403,15.0,41.0,34.01,0,0.7747,1,0.0
439,14.6333,1,mask,,14.5265,14.1486,,1.2253,,,,,43,0.8958,0.3138,0.0389,15.0,68.0,34.21,0,0.7927,1,0.0
440,14.6667,1,mask,,14.0419,14.1439,,-0.1404,,,,,48,0.9412,0.3455,0.035,15.0,74.0,34.96,0,0.8333,1,0.0
441,14.7,1,mask,,15.3966,14.2778,,4.0173,,,,,42,0.8571,0.2352,0.0328,15.0,41.0,35.74,0,0.7901,1,0.0
442,14.7333,1,mask,,15.3879,14.5218,,7.3199,,,,,43,0.86,0.2425,0.0336,15.0,42.0,35.68,0,0.7962,1,0.0
443,14.7667,1,mask,,15.0994,14.724,,6.0638,,,,,42,0.84,0.2351,0.0068,15.0,42.0,35.74,0,0.785,1,0.0
444,14.8,1,mask,,14.0262,14.8554,,3.9415,,,,,49,0.98,0.4351,0.0026,15.0,49.0,35.96,0,0.8337,1,0.0
445,14.8333,1,mask,,13.7699,14.9408,,2.562,,,,,50,0.9804,0.4553,0.0251,15.0,76.0,35.84,0,0.8364,1,0.0
446,14.8667,1,mask,,13.0893,14.6207,,-9.603,,,,,48,0.96,0.4151,0.0198,15.0,49.0,35.84,0,0.825,1,0.0
447,14.9,1,mask,,14.3072,14.4126,,-6.242,,,,,41,0.8723,0.2632,0.0191,15.0,70.0,35.69,0,0.7824,1,0.0
448,14.9333,1,mask,,14.2898,14.2773,,-4.0573,,,,,41,0.8723,0.2576,0.0151,15.0,70.0,35.75,0,0.7835,1,0.0
449,14.9667,1,mask,,14.2898,14.2817,,0.1308,,,,,41,0.8723,0.2576,0.0151,15.0,70.0,35.75,0,0.7835,1,0.0
450,15.0,1,mask,,14.1225,14.2845,,0.085,,,,,55,0.873,0.3388,0.0255,16.0,74.0,35.66,0,0.8608,1,0.0
451,15.0333,1,mask,,13.5922,14.2864,,0.0553,,,,,62,1.0,0.4566,0.0256,16.0,80.0,35.56,0,0.9087,1,0.0
452,15.0667,1,mask,,13.5056,14.229,,-1.7205,,,,,61,0.9839,0.4544,0.0246,16.0,80.0,35.55,0,0.9043,1,0.0
453,15.1,1,mask,,13.1395,14.0062,,-6.6864,,,,,65,1.0,0.51,0.0226,16.0,81.0,35.62,0,0.898,1,0.0
454,15.1333,1,mask,,12.9831,13.831,,-5.2556,,,,,64,1.0,0.5541,0.0177,16.0,81.0,35.68,0,0.8892,1,0.0
455,15.1667,1,mask,,13.0142,13.5889,,-7.2607,,,,,65,1.0,0.5714,0.0184,16.0,81.0,35.69,0,0.8857,1,0.0
456,15.2,1,mask,,13.4084,13.4316,,-4.7195,,,,,62,0.9254,0.4287,0.0309,15.5,80.0,36.3,0,0.8919,1,0.0
457,15.2333,1,mask,,13.0998,13.3155,,-3.4845,,,,,62,1.0,0.5276,0.0145,16.0,81.0,36.09,0,0.8945,1,0.0
458,15.2667,1,mask,,12.2238,13.21,,-3.1632,,,,,49,0.9423,0.4358,0.0295,15.0,52.0,36.08,0,0.8222,1,0.0
459,15.3,1,mask,,13.136,13.1714,,-1.1578,,,,,58,1.0,0.4657,0.0102,15.0,83.0,34.6,0,0.8935,1,0.0
460,15.3333,1,mask,,13.0979,13.1464,,-0.7526,,,,,58,1.0,0.4647,0.0083,15.0,83.0,34.59,0,0.8937,1,0.0
461,15.3667,1,mask,,13.1743,13.1301,,-0.4892,,,,,58,1.0,0.4592,0.0091,15.0,82.0,34.64,0,0.8948,1,0.0
462,15.4,1,mask,,12.6253,13.1188,,-0.3372,,,,,64,1.0,0.4814,0.0223,16.0,84.0,36.06,0,0.9037,1,0.0
463,15.4333,1,mask,,12.7757,13.1115,,-0.2191,,,,,86,1.0,0.4516,0.0564,17.0,86.0,35.72,0,0.9097,1,0.0
464,15.4667,1,mask,,12.5793,12.994,,-3.5255,,,,,69,1.0,0.5029,0.022,16.0,86.0,35.72,0,0.8994,1,0.0
465,15.5,1,mask,,12.5758,12.865,,-3.8711,,,,,68,1.0,0.4503,0.0189,16.0,86.0,36.16,0,0.9099,1,0.0
466,15.5333,1,mask,,12.5683,12.765,,-2.999,,,,,64,1.0,0.4683,0.016,16.0,85.0,35.82,0,0.9063,1,0.0
467,15.5667,1,mask,,12.3568,12.6988,,-1.987,,,,,63,1.0,0.4856,0.0106,16.0,85.0,35.81,0,0.9029,1,0.0
468,15.6,1,mask,,12.2776,12.6531,,-1.3697,,,,,63,1.0,0.4706,0.0167,16.0,86.0,36.13,0,0.9059,1,0.0
469,15.6333,1,mask,,12.7184,12.6234,,-0.8903,,,,,77,0.875,0.3119,0.0662,17.0,77.0,36.35,0,0.9001,1,0.0
470,15.6667,1,mask,,12.4757,12.5717,,-1.5507,,,,,86,0.9773,0.4024,0.0526,17.0,87.0,36.35,0,0.9127,1,0.0
471,15.7,1,mask,,12.3883,12.5075,,-1.9265,,,,,88,0.9888,0.4036,0.0576,17.0,88.0,36.29,0,0.9159,1,0.0
472,15.7333,1,mask,,12.3661,12.4658,,-1.2522,,,,,87,0.9886,0.3948,0.0474,17.0,87.0,36.32,0,0.9176,1,0.0
473,15.7667,1,mask,,12.5567,12.4693,,0.1046,,,,,84,0.9545,0.3934,0.0587,17.0,87.0,36.35,0,0.9077,1,0.0
474,15.8,1,mask,,12.338,12.4409,,-0.8506,,,,,88,0.967,0.4017,0.0537,17.0,90.0,36.82,0,0.9098,1,0.0
475,15.8333,1,mask,,12.3977,12.4225,,-0.5529,,,,,91,1.0,0.4225,0.0558,17.0,90.0,36.9,0,0.9155,1,0.0
476,15.8667,1,mask,,12.2448,12.4027,,-0.592,,,,,66,0.9851,0.4522,0.0248,16.0,90.0,37.0,0,0.9051,1,0.0
477,15.9,1,mask,,11.9241,12.3801,,-0.68,,,,,65,1.0,0.4472,0.0239,16.0,91.0,36.74,0,0.9106,1,0.0
478,15.9333,1,mask,,12.2659,12.3401,,-1.1989,,,,,89,0.978,0.421,0.0552,17.0,90.0,36.75,0,0.9092,1,0.0
479,15.9667,1,mask,,12.115,12.3068,,-1.0004,,,,,91,0.9891,0.4356,0.0465,17.0,91.0,36.78,0,0.9096,1,0.0
480,16.0,1,mask,,12.2734,12.2851,,-0.6502,,,,,83,0.883,0.2989,0.0548,17.0,82.0,36.89,0,0.9051,1,0.0
481,16.0333,1,mask,,10.9893,12.2256,,-1.786,,,,,60,0.9677,0.4116,0.0127,16.0,62.0,36.91,0,0.908,1,0.0
482,16.0667,1,mask,,12.4178,12.2397,,0.4235,,,,,79,0.8587,0.2881,0.0631,17.0,80.0,36.93,0,0.9,1,0.0
483,16.1,1,mask,,11.0038,12.196,,-1.3091,,,,,61,1.0,0.46,0.015,16.0,94.0,36.83,0,0.908,1,0.0
484,16.1333,1,mask,,11.0395,11.7912,,-12.1442,,,,,58,0.9508,0.4023,0.0156,16.0,94.0,36.71,0,0.8915,1,0.0
485,16.1667,1,mask,,12.1958,11.5281,,-7.8937,,,,,75,0.8523,0.2604,0.0626,17.0,81.0,36.8,0,0.9036,1,0.0
486,16.2,1,mask,,10.5007,11.3571,,-5.1309,,,,,56,0.9492,0.4071,0.0049,16.0,59.0,36.94,0,0.8767,1,0.0
487,16.2333,1,mask,,10.7454,11.2334,,-3.7096,,,,,56,0.9492,0.327,0.0183,16.0,60.0,37.03,0,0.8927,1,0.0
488,16.2667,1,mask,,11.8108,11.1655,,-2.0367,,,,,79,0.9294,0.3826,0.0458,17.0,95.0,37.12,0,0.9023,1,0.0
489,16.3,1,mask,,11.8587,11.3914,,6.7758,,,,,80,0.8602,0.3261,0.0575,16.5,84.0,37.47,0,0.8929,1,0.0
490,16.3333,1,mask,,11.8557,11.5382,,4.4043,,,,,75,0.8333,0.3158,0.0614,16.0,83.0,37.34,0,0.8868,1,0.0
491,16.3667,1,mask,,11.9571,11.6493,,3.3341,,,,,73,0.8202,0.3316,0.059,16.0,82.0,37.51,0,0.8797,1,0.0
492,16.4,1,mask,,11.4363,11.7216,,2.1672,,,,,73,0.8295,0.2587,0.0483,17.0,83.0,37.17,0,0.8971,1,0.0
493,16.4333,1,mask,,11.4886,11.7685,,1.4087,,,,,73,0.8488,0.2621,0.0467,17.0,86.0,37.7,0,0.9022,1,0.0
494,16.4667,1,mask,,11.1982,11.6706,,-2.939,,,,,80,0.9302,0.3785,0.0355,17.0,96.0,37.89,0,0.9034,1,0.0
495,16.5,1,mask,,11.3242,11.5886,,-2.4598,,,,,86,0.8866,0.2827,0.0549,18.0,87.0,38.4,0,0.9094,1,0.0
496,16.5333,1,mask,,11.147,11.496,,-2.7759,,,,,96,0.9796,0.4044,0.0466,18.0,98.0,38.68,0,0.913,1,0.0
497,16.5667,1,mask,,11.1733,11.3918,,-3.1279,,,,,78,0.9512,0.4263,0.0311,17.0,98.0,38.67,0,0.9001,1,0.0
498,16.6,1,mask,,10.764,11.3153,,-2.2939,,,,,83,1.0,0.4186,0.0229,17.0,100.0,38.07,0,0.9163,1,0.0
499,16.6333,1,mask,,10.7524,11.2564,,-1.7673,,,,,78,0.9286,0.36,0.0312,17.0,99.0,38.13,0,0.9066,1,0.0
500,16.6667,1,mask,,10.692,11.0841,,-5.1705,,,,,78,0.9398,0.3638,0.0329,17.0,100.0,38.17,0,0.9092,1,0.0
501,16.7,1,mask,,10.1275,10.968,,-3.4822,,,,,73,0.9012,0.3348,0.0271,17.0,101.0,37.75,0,0.9034,1,0.0
502,16.7333,1,mask,,10.1251,10.8714,,-2.8975,,,,,74,0.9024,0.3471,0.0281,16.5,101.0,37.85,0,0.9013,1,0.0
503,16.7667,1,mask,,10.1667,10.6248,,-7.3994,,,,,77,0.9277,0.4006,0.0287,17.0,101.0,37.91,0,0.8982,1,0.0
504,16.8,1,mask,,9.9168,10.4507,,-5.2208,,,,,86,1.0,0.4425,0.0213,17.0,103.0,37.59,0,0.9115,1,0.0
505,16.8333,1,mask,,9.9064,10.3367,,-3.4193,,,,,85,1.0,0.4247,0.0191,17.0,103.0,37.54,0,0.9151,1,0.0
506,16.8667,1,mask,,9.915,10.1898,,-4.4095,,,,,85,1.0,0.424,0.0186,17.0,103.0,37.56,0,0.9152,1,0.0
507,16.9,1,mask,,10.0811,10.0942,,-2.8661,,,,,73,0.869,0.2594,0.045,17.0,103.0,37.17,0,0.9088,1,0.0
508,16.9333,1,mask,,9.7922,10.0315,,-1.8823,,,,,88,1.0,0.4376,0.0303,17.0,103.0,37.08,0,0.9125,1,0.0
509,16.9667,1,mask,,9.769,9.9877,,-1.313,,,,,88,1.0,0.4463,0.0303,17.0,103.0,37.25,0,0.9107,1,0.0
510,17.0,1,mask,,9.8075,9.9246,,-1.8923,,,,,82,0.988,0.4608,0.0259,17.0,105.0,37.27,0,0.9042,1,0.0
511,17.0333,1,mask,,9.756,9.8783,,-1.3907,,,,,75,0.8824,0.3236,0.0344,17.0,106.0,37.8,0,0.9,1,0.0
512,17.0667,1,mask,,9.7209,9.84,,-1.1474,,,,,86,0.9885,0.4217,0.0217,17.0,105.0,37.76,0,0.9122,1,0.0
513,17.1,1,mask,,9.5629,9.8106,,-0.8827,,,,,80,0.9756,0.4854,0.0205,16.5,106.0,37.32,0,0.8956,1,0.0
514,17.1333,1,mask,,9.7722,9.7915,,-0.5738,,,,,74,0.925,0.4187,0.0296,16.0,106.0,37.38,0,0.8938,1,0.0
515,17.1667,1,mask,,9.8314,9.7791,,-0.373,,,,,68,0.8608,0.3308,0.0393,16.0,106.0,37.36,0,0.8921,1,0.0
516,17.2,1,mask,,9.2517,9.7587,,-0.6102,,,,,75,0.9375,0.436,0.0346,16.0,108.0,37.52,0,0.894,1,0.0
517,17.2333,1,mask,,9.2393,9.6902,,-2.056,,,,,77,0.9277,0.4376,0.0405,16.0,108.0,37.63,0,0.8908,1,0.0
518,17.2667,1,mask,,9.3288,9.5637,,-3.7948,,,,,77,0.9059,0.4179,0.0413,16.0,108.0,37.69,0,0.8882,1,0.0
519,17.3,1,mask,,9.1396,9.4545,,-3.2763,,,,,72,0.9351,0.3889,0.0312,17.0,108.0,38.16,0,0.9027,1,0.0
520,17.3333,1,mask,,9.1851,9.3792,,-2.2593,,,,,71,0.9103,0.3434,0.0406,17.0,108.0,38.07,0,0.9044,1,0.0
521,17.3667,1,mask,,9.1597,9.3112,,-2.0378,,,,,72,0.9474,0.4021,0.0324,17.0,108.0,38.1,0,0.9038,1,0.0
522,17.4,1,mask,,8.523,9.2582,,-1.5908,,,,,75,0.974,0.4629,0.032,17.0,111.0,37.56,0,0.8996,1,0.0
523,17.4333,1,mask,,8.7296,9.2167,,-1.2451,,,,,70,0.9333,0.3498,0.0402,17.0,112.0,37.84,0,0.91,1,0.0
524,17.4667,1,mask,,8.8071,9.0734,,-4.3008,,,,,72,0.9351,0.3455,0.0434,17.0,112.0,37.76,0,0.9114,1,0.0
525,17.5,1,mask,,8.6621,8.953,,-3.6091,,,,,70,0.9333,0.3636,0.0475,17.0,112.0,38.03,0,0.9073,1,0.0
526,17.5333,1,mask,,8.5452,8.8512,,-3.0548,,,,,74,0.9867,0.351,0.0445,17.0,112.0,38.18,0,0.9258,1,0.0
527,17.5667,1,mask,,8.5049,8.785,,-1.9856,,,,,75,1.0,0.3537,0.0452,17.0,112.0,38.16,0,0.9293,1,0.0
528,17.6,1,mask,,8.0941,8.7011,,-2.5184,,,,,80,1.0,0.4843,0.0302,17.0,112.0,37.4,0,0.9031,1,0.0
529,17.6333,1,mask,,8.1427,8.6324,,-2.0602,,,,,71,0.9221,0.3557,0.0401,17.0,112.0,37.65,0,0.9055,1,0.0
530,17.6667,1,mask,,7.9308,8.461,,-5.1424,,,,,72,0.96,0.4116,0.0277,17.0,112.0,37.68,0,0.9057,1,0.0
531,17.7,1,mask,,7.8637,8.3326,,-3.8524,,,,,82,0.9647,0.3823,0.043,18.0,112.0,37.46,0,0.9129,1,0.0
532,17.7333,1,mask,,8.0084,8.2191,,-3.4037,,,,,80,0.9195,0.3248,0.0449,18.0,112.0,37.12,0,0.9109,1,0.0
533,17.7667,1,mask,,8.1044,8.1454,,-2.2124,,,,,73,0.8391,0.2605,0.054,18.0,110.0,37.14,0,0.8996,1,0.0
534,17.8,1,mask,,7.344,8.0703,,-2.253,,,,,79,0.9186,0.3506,0.0445,17.0,114.0,36.44,0,0.9055,1,0.0
535,17.8333,1,mask,,7.4243,7.998,,-2.1696,,,,,72,0.8471,0.265,0.0456,17.0,114.0,36.36,0,0.9011,1,0.0
536,17.8667,1,mask,,7.6411,7.8731,,-3.7473,,,,,73,0.8391,0.2638,0.0512,17.0,114.0,36.26,0,0.899,1,0.0
537,17.9,1,mask,,7.0298,7.716,,-4.7114,,,,,75,0.974,0.3665,0.039,17.0,80.0,35.84,0,0.9189,1,0.0
538,17.9333,1,mask,,7.5203,7.6139,,-3.0624,,,,,62,0.8052,0.2344,0.0404,17.0,64.0,35.81,0,0.8947,1,0.0
539,17.9667,1,mask,,6.9828,7.5476,,-1.9906,,,,,77,0.9625,0.3609,0.0329,17.0,81.0,36.0,0,0.9166,1,0.0
540,18.0,1,mask,,7.2278,7.4357,,-3.3574,,,,,68,0.7816,0.2352,0.0595,17.0,100.0,36.03,0,0.8875,1,0.0
541,18.0333,1,mask,,6.5943,7.2936,,-4.2616,,,,,63,0.8289,0.248,0.0464,17.0,80.0,35.98,0,0.8991,1,0.0
542,18.0667,1,mask,,6.6347,7.1848,,-3.2636,,,,,69,0.9079,0.3038,0.0381,17.0,80.0,35.89,0,0.9116,1,0.0
543,18.1,1,mask,,5.6567,6.9923,,-5.7765,,,,,75,0.974,0.3932,0.0148,17.0,78.0,35.51,0,0.9136,1,0.0
544,18.1333,1,mask,,5.7371,6.853,,-4.1787,,,,,74,1.0,0.372,0.0158,17.0,78.0,35.45,0,0.9256,1,0.0
545,18.1667,1,mask,,5.6695,6.4624,,-11.7164,,,,,76,1.0,0.3834,0.0143,17.0,79.0,35.41,0,0.9233,1,0.0
546,18.2,1,mask,,5.6988,6.1952,,-8.0182,,,,,105,0.913,0.3116,0.0625,18.0,114.0,35.48,0,0.9116,1,0.0
547,18.2333,1,mask,,5.7052,6.0214,,-5.2118,,,,,87,0.9886,0.4221,0.0347,17.0,120.0,35.62,0,0.9122,1,0.0
548,18.2667,1,mask,,5.709,5.9107,,-3.3208,,,,,87,0.9886,0.4259,0.0345,17.0,120.0,35.58,0,0.9114,1,0.0
549,18.3,1,mask,,4.8616,5.8366,,-2.2254,,,,,78,0.963,0.2809,0.0201,18.0,83.0,35.59,0,0.9327,1,0.0
550,18.3333,1,mask,,4.9152,5.7883,,-1.4465,,,,,78,0.9286,0.2835,0.022,18.0,83.0,35.73,0,0.9219,1,0.0
551,18.3667,1,mask,,5.2982,5.6168,,-5.1463,,,,,84,0.9545,0.3728,0.03,18.0,120.0,36.15,0,0.9118,1,0.0
552,18.4,1,mask,,4.8313,5.3712,,-7.3669,,,,,77,0.939,0.3568,0.0378,18.0,82.0,36.47,0,0.9103,1,0.0
553,18.4333,1,mask,,4.9989,5.2116,,-4.7885,,,,,73,0.9125,0.2719,0.0422,17.0,87.0,36.39,0,0.9194,1,0.0
554,18.4667,1,mask,,5.0832,5.1372,,-2.2335,,,,,71,0.8987,0.2547,0.0335,17.0,86.0,36.3,0,0.9187,1,0.0
555,18.5,1,mask,,4.6476,5.0888,,-1.4518,,,,,64,0.8767,0.248,0.0082,18.0,80.0,36.41,0,0.9134,1,0.0
556,18.5333,1,mask,,5.2584,5.0573,,-0.9437,,,,,72,0.9863,0.3384,0.02,18.0,123.0,36.33,0,0.9282,1,0.0
557,18.5667,1,mask,,5.1834,5.0664,,0.2714,,,,,73,0.9865,0.3415,0.023,18.0,123.0,36.33,0,0.9277,1,0.0
558,18.6,1,mask,,5.1074,5.0807,,0.4306,,,,,93,0.9789,0.3711,0.0489,19.0,126.0,36.67,0,0.9195,1,0.0
559,18.6333,1,mask,,5.2343,5.1167,,1.0778,,,,,86,0.8687,0.2567,0.0627,18.0,126.0,36.28,0,0.9093,1,0.0
560,18.6667,1,mask,,5.2406,5.1578,,1.2349,,,,,86,0.8866,0.2717,0.0596,18.0,126.0,36.33,0,0.9116,1,0.0
561,18.7,1,mask,,5.0091,5.1668,,0.2684,,,,,63,0.863,0.238,0.0578,17.0,127.0,35.81,0,0.9113,1,0.0
562,18.7333,1,mask,,5.0118,5.146,,-0.6235,,,,,69,0.9079,0.2815,0.0554,17.0,128.0,35.76,0,0.9161,1,0.0
563,18.7667,1,mask,,5.062,5.1166,,-0.8813,,,,,66,0.8684,0.2659,0.0562,17.0,128.0,35.81,0,0.9074,1,0.0
564,18.8,1,mask,,4.3384,5.0799,,-1.1003,,,,,78,1.0,0.5295,0.0071,18.0,129.0,35.03,0,0.8941,1,0.0
565,18.8333,1,mask,,5.1978,5.0561,,-0.7152,,,,,62,0.8267,0.2632,0.0423,17.0,111.0,34.31,0,0.8954,1,0.0
566,18.8667,1,mask,,4.9475,5.0406,,-0.4649,,,,,64,0.8205,0.31,0.0447,17.0,111.0,34.17,0,0.8842,1,0.0
567,18.9,1,mask,,5.4275,5.0481,,0.2253,,,,,62,0.8052,0.2249,0.0374,17.0,64.0,34.71,0,0.8966,1,0.0
568,18.9333,1,mask,,4.644,5.0129,,-1.0561,,,,,64,0.8312,0.32,0.0382,17.0,67.0,34.78,0,0.8853,1,0.0
569,18.9667,1,mask,,4.097,4.99,,-0.6865,,,,,77,1.0,0.5389,0.0201,17.0,85.0,34.69,0,0.8922,1,0.0
570,19.0,1,mask,,5.3599,4.9751,,-0.4462,,,,,66,0.825,0.2475,0.0406,17.0,65.0,35.89,0,0.898,1,0.0
571,19.0333,1,mask,,4.9955,4.9823,,0.2136,,,,,55,0.7857,0.2346,0.0354,17.0,65.0,36.31,0,0.8555,1,0.0
572,19.0667,1,mask,,3.5923,4.8639,,-3.5519,,,,,73,1.0,0.5953,0.001,17.0,86.0,36.34,0,0.8809,1,0.0
573,19.1,1,mask,,3.9663,4.5955,,-8.0518,,,,,65,0.8784,0.3043,0.021,17.0,70.0,36.48,0,0.9027,1,0.0
574,19.1333,1,mask,,3.6865,4.3753,,-6.6059,,,,,68,0.9067,0.3287,0.032,17.0,88.0,36.45,0,0.9063,1,0.0
575,19.1667,1,mask,,3.649,4.1342,,-7.2318,,,,,69,0.8961,0.3508,0.0402,17.0,90.0,36.64,0,0.8987,1,0.0
576,19.2,1,mask,,3.4334,3.9644,,-5.0943,,,,,56,0.7887,0.2299,0.0584,17.0,73.0,36.12,0,0.864,1,0.0
577,19.2333,1,mask,,3.3641,3.854,,-3.3113,,,,,75,0.9259,0.3034,0.0595,17.0,90.0,35.58,0,0.9171,1,0.0
578,19.2667,1,mask,,3.2112,3.7068,,-4.4162,,,,,64,0.8767,0.3257,0.0529,18.0,93.0,35.68,0,0.8979,1,0.0
579,19.3,1,mask,,3.5137,3.6111,,-2.8705,,,,,72,0.8276,0.2105,0.0394,17.0,72.0,35.56,0,0.9062,1,0.0
580,19.3333,1,mask,,3.5125,3.5489,,-1.8658,,,,,73,0.8295,0.229,0.0372,17.0,72.0,35.29,0,0.9031,1,0.0
581,19.3667,1,mask,,3.0361,3.4842,,-1.9412,,,,,79,0.8876,0.3269,0.0322,17.0,93.0,34.86,0,0.9009,1,0.0
582,19.4,1,mask,,3.2781,3.4121,,-2.1639,,,,,71,0.8068,0.2092,0.0566,17.0,70.0,34.28,0,0.9002,1,0.0
583,19.4333,1,mask,,2.8378,3.3652,,-1.4066,,,,,75,0.8523,0.2336,0.0485,18.0,117.0,34.25,0,0.909,1,0.0
584,19.4667,1,mask,,2.9609,3.25,,-3.4553,,,,,77,0.875,0.2365,0.0489,18.0,117.0,34.16,0,0.9152,1,0.0
585,19.5,1,mask,,2.4222,3.1489,,-3.0356,,,,,96,0.8807,0.3225,0.065,19.0,119.0,33.17,0,0.8997,1,0.0
586,19.5333,1,mask,,2.6316,3.04,,-3.2659,,,,,69,0.8519,0.2553,0.0556,19.0,119.0,33.11,0,0.9045,1,0.0
587,19.5667,1,mask,,2.4426,2.897,,-4.2885,,,,,94,0.8868,0.3303,0.066,19.0,138.0,33.36,0,0.9,1,0.0
588,19.6,1,mask,,2.087,2.738,,-4.7719,,,,,69,0.7753,0.2031,0.0416,19.0,75.0,34.11,0,0.892,1,0.0
589,19.6333,1,mask,,1.8934,2.6275,,-3.3152,,,,,71,0.7889,0.1976,0.0283,19.0,95.0,34.62,0,0.8971,1,0.0
590,19.6667,1,mask,,2.2147,2.483,,-4.3338,,,,,73,0.8202,0.2164,0.0541,19.0,76.0,35.01,0,0.9028,1,0.0
591,19.7,1,mask,,1.977,2.3444,,-4.1581,,,,,76,0.8736,0.2076,0.0629,18.0,75.0,33.41,0,0.9205,1,0.0
592,19.7333,1,mask,,1.9927,2.2213,,-3.6926,,,,,75,0.8721,0.1982,0.0643,18.0,74.0,33.67,0,0.922,1,0.0
593,19.7667,1,mask,,1.9968,2.1413,,-2.4002,,,,,75,0.8621,0.1973,0.0644,18.0,74.0,33.53,0,0.9192,1,0.0
594,19.8,1,mask,,0.972,2.0893,,-1.5601,,,,,79,0.8977,0.2583,0.0296,18.0,96.0,35.47,0,0.9177,1,0.0
595,19.8333,1,mask,,0.7791,2.05,,-1.1797,,,,,77,0.9167,0.2075,0.0169,18.0,95.0,34.19,0,0.9335,1,0.0
596,19.8667,1,mask,,0.6738,1.6727,,-11.3193,,,,,78,0.9176,0.1987,0.0175,18.0,95.0,34.18,0,0.9356,1,0.0
597,19.9,1,mask,,0.9666,1.4255,,-7.4141,,,,,77,0.875,0.2241,0.032,18.0,96.0,34.5,0,0.9177,1,0.0
598,19.9333,1,mask,,0.7639,1.1993,,-6.7871,,,,,82,0.9318,0.2568,0.0268,18.0,96.0,34.38,0,0.9282,1,0.0
599,19.9667,1,mask,,0.7915,1.0522,,-4.4116,,,,,82,0.9318,0.2583,0.0265,18.0,96.0,34.38,0,0.9279,1,0.0
600,20.0,1,mask,,0.0,0.9513,,-3.0282,,,,,58,0.6444,0.0,0.0356,18.0,85.0,34.95,0,0.88,1,0.0
601,20.0333,1,mask,,0.4978,0.8857,,-1.9683,,,,,96,0.9412,0.3553,0.0458,20.0,110.0,34.7,0,0.9113,1,0.0
602,20.0667,1,mask,,0.7577,0.8409,,-1.344,,,,,87,0.8614,0.2752,0.0494,20.0,108.0,35.11,0,0.9034,1,0.0
603,20.1,1,mask,,0.7963,0.8118,,-0.8736,,,,,77,0.7549,0.1872,0.0531,20.0,87.0,35.53,0,0.889,1,0.0
604,20.1333,1,mask,,0.8534,0.7929,,-0.5678,,,,,79,0.79,0.1435,0.041,20.0,88.0,35.73,0,0.9083,1,0.0
605,20.1667,1,mask,,1.0012,0.7941,,0.0366,,,,,88,0.8889,0.2123,0.0449,20.0,88.0,36.16,0,0.9242,1,0.0
606,20.2,1,mask,,0.7093,0.7949,,0.0238,,,,,75,0.8242,0.1606,0.0255,20.0,78.0,36.25,0,0.9151,1,0.0
607,20.2333,1,mask,,0.8031,0.7978,,0.0869,,,,,75,0.7979,0.1685,0.0251,20.0,78.0,35.94,0,0.9057,1,0.0
608,20.2667,1,mask,,0.8037,0.7998,,0.0622,,,,,72,0.7826,0.1634,0.025,20.0,78.0,36.05,0,0.9021,1,0.0
609,20.3,1,mask,,-0.2446,0.801,,0.0347,,,,,77,0.8556,0.1712,0.015,20.0,97.0,35.65,0,0.9224,1,0.0
610,20.3333,1,mask,,0.0,0.7689,,-0.9622,,,,,67,0.7053,0.0,0.0,20.0,76.0,35.62,0,0.9116,1,0.0
611,20.3667,1,mask,,-0.4589,0.4998,,-8.0736,,,,,83,0.9222,0.2008,0.0139,20.0,97.0,35.26,0,0.9365,1,0.0
612,20.4,1,mask,,-0.6511,0.2393,,-7.8158,,,,,83,0.9432,0.2872,0.0157,20.0,100.0,37.23,0,0.9255,1,0.0
613,20.4333,1,mask,,-0.0,0.0699,,-5.0803,,,,,58,0.6591,0.0,0.0544,19.0,72.0,37.67,0,0.8844,1,0.0
614,20.4667,1,mask,,-0.0,0.0455,,-0.7342,,,,,62,0.7045,0.0,0.0493,19.0,74.0,37.51,0,0.9114,1,0.0
615,20.5,1,mask,,-0.7854,-0.1311,,-5.2955,,,,,78,0.9286,0.1826,0.0248,19.0,97.0,38.77,0,0.9421,1,0.0
616,20.5333,1,mask,,-0.9118,-0.3131,,-5.4606,,,,,82,0.9318,0.2054,0.0262,19.0,101.0,38.12,0,0.9385,1,0.0
617,20.5667,1,mask,,-0.9505,-0.4784,,-4.9595,,,,,88,0.967,0.3389,0.0237,19.0,102.0,38.51,0,0.9223,1,0.0
618,20.6,1,mask,,-1.073,-0.6301,,-4.5507,,,,,98,0.9515,0.4419,0.0298,20.5,112.0,39.14,0,0.8971,1,0.0
619,20.6333,1,mask,,-1.1455,-0.7422,,-3.3642,,,,,114,0.9828,0.4623,0.0379,21.0,127.0,38.97,0,0.9024,1,0.0
620,20.6667,1,mask,,-1.1078,-0.858,,-3.4726,,,,,112,0.9739,0.4108,0.0454,21.0,126.0,38.92,0,0.91,1,0.0
621,20.7,1,mask,,-0.9923,-0.9332,,-2.2572,,,,,108,0.931,0.3762,0.0571,21.0,126.0,38.81,0,0.9041,1,0.0
622,20.7333,1,mask,,-1.084,-0.986,,-1.5827,,,,,109,0.9397,0.3412,0.0504,21.0,126.0,38.18,0,0.9137,1,0.0
623,20.7667,1,mask,,-1.0907,-1.0226,,-1.1,,,,,110,0.9483,0.3206,0.0392,21.0,126.0,37.97,0,0.9204,1,0.0
624,20.8,1,mask,,-1.2507,-1.0465,,-0.715,,,,,111,0.9328,0.3441,0.0489,21.0,127.0,37.69,0,0.911,1,0.0
625,20.8333,1,mask,,-1.3032,-1.062,,-0.4647,,,,,104,0.8966,0.3447,0.0352,20.5,119.0,39.01,0,0.9,1,0.0
626,20.8667,1,mask,,-1.1887,-1.1063,,-1.3309,,,,,93,0.9394,0.2825,0.0361,20.0,111.0,39.06,0,0.9253,1,0.0
627,20.9,1,mask,,-1.4952,-1.1569,,-1.5161,,,,,112,0.9573,0.2995,0.0449,21.0,127.0,38.97,0,0.9273,1,0.0
628,20.9333,1,mask,,-1.5588,-1.2081,,-1.537,,,,,103,0.8803,0.2781,0.0455,21.0,127.0,38.96,0,0.9085,1,0.0
629,20.9667,1,mask,,-1.5457,-1.3086,,-3.0144,,,,,106,0.9381,0.276,0.0446,21.0,126.0,38.7,0,0.9262,1,0.0
630,21.0,1,mask,,-1.5927,-1.3916,,-2.4896,,,,,106,0.9636,0.3102,0.0447,21.0,127.0,39.34,0,0.9271,1,0.0
631,21.0333,1,mask,,-1.7006,-1.4501,,-1.7561,,,,,110,0.9649,0.2945,0.049,21.0,126.0,39.67,0,0.9306,1,0.0
632,21.0667,1,mask,,-1.7253,-1.5,,-1.4972,,,,,111,0.9652,0.2873,0.0478,21.0,126.0,39.84,0,0.9321,1,0.0
633,21.1,1,mask,,-1.3521,-1.5325,,-0.9732,,,,,96,0.8205,0.2881,0.0476,22.0,102.0,39.6,0,0.8885,1,0.0
634,21.1333,1,mask,,-1.5148,-1.5535,,-0.6326,,,,,108,0.9231,0.3811,0.0475,22.0,126.0,39.53,0,0.9007,1,0.0
635,21.1667,1,mask,,-1.4909,-1.54,,0.4064,,,,,102,0.9444,0.3754,0.0437,21.0,126.0,38.91,0,0.9083,1,0.0
636,21.2,1,mask,,-1.0397,-1.5228,,0.5154,,,,,100,0.9009,0.3876,0.051,21.0,124.0,40.05,0,0.8928,1,0.0
637,21.2333,1,mask,,-1.008,-1.4631,,1.7922,,,,,97,0.8899,0.3992,0.0519,21.0,124.0,41.11,0,0.8871,1,0.0
638,21.2667,1,mask,,-0.7205,-1.3149,,4.4457,,,,,85,0.8673,0.3143,0.0455,21.0,84.0,41.09,0,0.8973,1,0.0
639,21.3,1,mask,,-1.3432,-1.2186,,2.8897,,,,,101,0.8783,0.3683,0.0467,22.0,125.0,44.77,0,0.8898,1,0.0
640,21.3333,1,mask,,-1.4512,-1.156,,1.8783,,,,,105,0.8898,0.356,0.0483,22.0,126.0,44.2,0,0.8957,1,0.0
641,21.3667,1,mask,,-1.5121,-1.2215,,-1.9656,,,,,105,0.8974,0.3703,0.0474,22.0,125.0,43.99,0,0.8952,1,0.0
642,21.4,1,mask,,-0.8447,-1.2641,,-1.2776,,,,,89,0.8476,0.3277,0.0523,22.0,89.0,45.63,0,0.8887,1,0.0
643,21.4333,1,mask,,-1.2207,-1.2917,,-0.8305,,,,,84,0.8317,0.3158,0.0448,22.0,88.0,47.35,0,0.8863,1,0.0
644,21.4667,1,mask,,-1.1058,-1.2669,,0.746,,,,,87,0.8614,0.3307,0.0426,22.0,88.0,47.43,0,0.8923,1,0.0
645,21.5,1,mask,,-0.9528,-1.2105,,1.6911,,,,,77,0.7624,0.2172,0.0403,22.0,83.0,47.89,0,0.8853,1,0.0
646,21.5333,1,mask,,-1.0255,-1.1457,,1.9428,,,,,70,0.6931,0.2113,0.0405,22.0,83.0,47.94,0,0.8657,1,0.0
647,21.5667,1,mask,,-1.5297,-1.1318,,0.4192,,,,,98,0.9703,0.4915,0.0382,22.0,113.0,47.76,0,0.8928,1,0.0
648,21.6,1,mask,,-0.7394,-1.0946,,1.1161,,,,,89,0.8641,0.3104,0.0279,22.0,89.0,53.38,0,0.8971,1,0.0
649,21.6333,1,mask,,-1.2394,-1.0704,,0.7255,,,,,88,0.8462,0.2717,0.0433,22.0,88.0,54.76,0,0.8995,1,0.0
650,21.6667,1,mask,,-1.6263,-1.1295,,-1.7749,,,,,119,0.9154,0.3349,0.0567,23.0,139.0,54.87,0,0.9076,1,0.0
651,21.7,1,mask,,-2.1461,-1.2696,,-4.2018,,,,,123,0.8978,0.2379,0.0636,23.0,143.0,59.24,0,0.9218,1,0.0
652,21.7333,1,mask,,-2.1707,-1.3945,,-3.7457,,,,,125,0.9124,0.2456,0.0623,23.0,142.0,59.21,0,0.9246,1,0.0
653,21.7667,1,mask,,-2.1253,-1.6502,,-7.6735,,,,,128,0.9343,0.2485,0.062,23.0,142.0,59.37,0,0.9306,1,0.0
654,21.8,1,mask,,-2.0109,-1.8165,,-4.9878,,,,,127,0.9071,0.2282,0.0629,23.0,142.0,65.6,0,0.9265,1,0.0
655,21.8333,1,mask,,-1.8933,-1.9246,,-3.2421,,,,,101,0.9352,0.2417,0.043,22.0,121.0,67.77,0,0.9322,1,0.0
656,21.8667,1,mask,,-1.9925,-1.9548,,-0.9063,,,,,130,0.922,0.2688,0.0671,23.0,147.0,68.08,0,0.9228,1,0.0
657,21.9,1,mask,,-1.9161,-1.968,,-0.3956,,,,,134,0.9371,0.2254,0.0607,23.0,149.0,73.07,0,0.936,1,0.0
658,21.9333,1,mask,,-1.9142,-1.9498,,0.5445,,,,,137,0.9648,0.2693,0.0567,23.0,148.0,73.05,0,0.9356,1,0.0
659,21.9667,1,mask,,-1.914,-1.9373,,0.3742,,,,,139,1.0,0.3494,0.0496,23.0,149.0,73.04,0,0.9301,1,0.0
660,22.0,1,mask,,-1.9406,-1.9299,,0.223,,,,,126,0.9692,0.2755,0.0554,23.0,138.0,78.75,0,0.9357,1,0.0
661,22.0333,1,mask,,-1.9963,-1.9251,,0.1449,,,,,140,1.0,0.4241,0.0429,23.0,147.0,80.39,0,0.9152,1,0.0
662,22.0667,1,mask,,-1.9402,-1.9304,,-0.1587,,,,,137,0.9856,0.3972,0.0559,23.0,147.0,80.38,0,0.9162,1,0.0
663,22.1,1,mask,,-1.6152,-1.9338,,-0.1031,,,,,128,0.9209,0.2958,0.0527,23.0,147.0,83.3,0,0.9171,1,0.0
664,22.1333,1,mask,,-1.7472,-1.936,,-0.067,,,,,145,0.9732,0.3475,0.0559,23.0,158.0,83.25,0,0.9225,1,0.0
665,22.1667,1,mask,,-1.7774,-1.8805,,1.6653,,,,,151,1.0,0.3865,0.0528,24.0,159.0,83.09,0,0.9227,1,0.0
666,22.2,1,mask,,-1.2539,-1.8339,,1.4002,,,,,111,0.9024,0.3632,0.0531,23.0,129.0,83.58,0,0.8981,1,0.0
667,22.2333,1,mask,,-1.2164,-1.7573,,2.2955,,,,,113,0.9339,0.3548,0.0504,23.0,127.0,83.95,0,0.9092,1,0.0
668,22.2667,1,mask,,-1.1159,-1.5811,,5.2861,,,,,106,0.876,0.2601,0.0377,23.0,127.0,84.02,0,0.9108,1,0.0
669,22.3,1,mask,,-1.6556,-1.4666,,3.4359,,,,,144,0.8889,0.2735,0.0545,24.0,166.0,83.34,0,0.912,1,0.0
670,22.3333,1,mask,,-1.5694,-1.3922,,2.2334,,,,,157,0.9632,0.3644,0.0532,24.0,168.0,82.7,0,0.9161,1,0.0
671,22.3667,1,mask,,-1.5528,-1.4484,,-1.6862,,,,,160,0.9816,0.3727,0.0525,24.0,168.0,82.06,0,0.9199,1,0.0
672,22.4,1,mask,,-1.0709,-1.4849,,-1.096,,,,,125,0.8621,0.2666,0.0558,22.0,170.0,71.7,0,0.9053,1,0.0
673,22.4333,1,mask,,-1.0931,-1.5086,,-0.7124,,,,,123,0.8786,0.2712,0.0564,22.0,169.0,73.28,0,0.9093,1,0.0
674,22.4667,1,mask,,-1.0882,-1.3632,,4.3629,,,,,128,0.8951,0.3053,0.0573,22.0,169.0,73.31,0,0.9075,1,0.0
675,22.5,1,mask,,-1.1601,-1.2687,,2.8359,,,,,140,0.9211,0.3205,0.0599,23.0,169.0,79.36,0,0.9122,1,0.0
676,22.5333,1,mask,,-1.0721,-1.2055,,1.8957,,,,,139,0.9085,0.2934,0.0604,23.0,169.0,79.59,0,0.9139,1,0.0
677,22.5667,1,mask,,-1.0966,-1.1662,,1.1798,,,,,141,0.9156,0.3033,0.0607,23.0,170.0,77.18,0,0.914,1,0.0
678,22.6,1,mask,,-1.3157,-1.1418,,0.7302,,,,,130,0.8966,0.2586,0.048,23.0,169.0,81.7,0,0.9173,1,0.0
679,22.6333,1,mask,,-1.3642,-1.1482,,-0.1915,,,,,152,0.9157,0.2309,0.0506,23.0,173.0,82.48,0,0.9285,1,0.0
680,22.6667,1,mask,,-1.2878,-1.1971,,-1.4654,,,,,153,0.9273,0.2958,0.0544,24.0,172.0,80.54,0,0.919,1,0.0
681,22.7,1,mask,,-1.5192,-1.2386,,-1.2461,,,,,154,0.9112,0.2447,0.0512,24.0,176.0,79.62,0,0.9244,1,0.0
682,22.7333,1,mask,,-1.5067,-1.2826,,-1.3185,,,,,153,0.9107,0.2342,0.0507,24.0,175.0,79.37,0,0.9264,1,0.0
683,22.7667,1,mask,,-1.516,-1.361,,-2.354,,,,,155,0.9118,0.2534,0.0497,24.0,175.0,79.66,0,0.9229,1,0.0
684,22.8,1,mask,,-1.0101,-1.412,,-1.5301,,,,,146,0.8439,0.2687,0.0426,23.0,177.0,76.58,0,0.8994,1,0.0
685,22.8333,1,mask,,-1.0151,-1.4452,,-0.9946,,,,,147,0.8448,0.2067,0.0448,24.0,177.0,76.9,0,0.9121,1,0.0
686,22.8667,1,mask,,-1.0445,-1.3049,,4.2071,,,,,146,0.8343,0.2106,0.0461,24.0,177.0,76.46,0,0.9082,1,0.0
687,22.9,1,mask,,-1.1285,-1.2138,,2.7346,,,,,143,0.8614,0.1879,0.0429,24.0,175.0,77.64,0,0.9209,1,0.0
688,22.9333,1,mask,,-1.1471,-1.1545,,1.7775,,,,,149,0.8765,0.1893,0.0429,24.0,179.0,77.89,0,0.9251,1,0.0
689,22.9667,1,mask,,-1.1428,-1.1454,,0.2736,,,,,151,0.883,0.1727,0.0437,24.0,176.0,77.24,0,0.9304,1,0.0
690,23.0,1,mask,,-0.8784,-1.1395,,0.1778,,,,,162,0.931,0.2991,0.0467,25.0,182.0,78.05,0,0.9195,1,0.0
691,23.0333,1,mask,,-0.8375,-1.1356,,0.1156,,,,,157,0.9235,0.3189,0.0514,25.0,183.0,77.56,0,0.9133,1,0.0
692,23.0667,1,mask,,-0.8369,-1.0456,,2.701,,,,,161,0.9253,0.3151,0.05,25.0,183.0,77.6,0,0.9146,1,0.0
693,23.1,1,mask,,-0.817,-0.9728,,2.1847,,,,,158,0.9186,0.3696,0.055,25.0,183.0,78.56,0,0.9017,1,0.0
694,23.1333,1,mask,,-0.8925,-0.9254,,1.4201,,,,,139,0.891,0.2849,0.0545,24.0,181.0,78.22,0,0.9103,1,0.0
695,23.1667,1,mask,,-0.8748,-0.8947,,0.923,,,,,141,0.9463,0.3467,0.0545,25.0,180.0,79.4,0,0.9146,1,0.0
696,23.2,1,mask,,-0.9779,-0.8877,,0.209,,,,,166,0.954,0.4108,0.0522,25.0,185.0,81.94,0,0.9041,1,0.0
697,23.2333,1,mask,,-1.0777,-0.8894,,-0.0499,,,,,148,0.961,0.3994,0.0488,25.0,184.0,83.59,0,0.9084,1,0.0
698,23.2667,1,mask,,-0.9606,-0.9143,,-0.7478,,,,,136,0.9252,0.3231,0.048,24.0,183.0,83.56,0,0.9129,1,0.0
699,23.3,1,mask,,-0.8516,-0.9305,,-0.4861,,,,,147,0.8448,0.3112,0.0493,25.0,185.0,84.93,0,0.8912,1,0.0
700,23.3333,1,mask,,-0.769,-0.941,,-0.316,,,,,146,0.8391,0.3234,0.0512,25.0,185.0,85.11,0,0.887,1,0.0
701,23.3667,1,mask,,-0.5843,-0.9097,,0.9392,,,,,142,0.8256,0.3488,0.0572,25.0,158.0,84.79,0,0.8779,1,0.0
702,23.4,1,mask,,-0.6497,-0.8605,,1.4776,,,,,144,0.8944,0.3161,0.0498,25.0,158.0,85.59,0,0.9051,1,0.0
703,23.4333,1,mask,,-0.7239,-0.8127,,1.4336,,,,,149,0.9085,0.3105,0.0463,25.0,187.0,85.62,0,0.9105,1,0.0
704,23.4667,1,mask,,-0.8421,-0.7816,,0.9319,,,,,121,0.7202,0.2136,0.0486,25.0,187.0,85.73,0,0.8734,1,0.0
705,23.5,1,mask,,-0.8342,-0.7614,,0.6057,,,,,150,0.8571,0.2712,0.0467,25.0,188.0,85.74,0,0.9029,1,0.0
706,23.5333,1,mask,,-0.8582,-0.7869,,-0.7643,,,,,158,0.9405,0.3845,0.0452,25.0,188.0,85.74,0,0.9052,1,0.0
707,23.5667,1,mask,,-0.8631,-0.8062,,-0.5797,,,,,159,0.9408,0.3853,0.0448,25.0,188.0,85.43,0,0.9052,1,0.0
708,23.6,1,mask,,-0.8679,-0.8244,,-0.5452,,,,,170,0.929,0.2827,0.0456,25.0,192.0,85.68,0,0.9222,1,0.0
709,23.6333,1,mask,,-0.8468,-0.8362,,-0.3544,,,,,142,0.7933,0.1893,0.0446,25.0,191.0,85.08,0,0.9001,1,0.0
710,23.6667,1,mask,,-0.8463,-0.8439,,-0.2304,,,,,149,0.8466,0.2563,0.0426,25.0,189.0,84.96,0,0.9027,1,0.0
711,23.7,1,mask,,-0.684,-0.8449,,-0.0308,,,,,179,0.9572,0.3608,0.0428,26.0,194.0,84.95,0,0.915,1,0.0
712,23.7333,1,mask,,-0.7118,-0.8454,,-0.0145,,,,,177,0.9465,0.3402,0.0433,26.0,194.0,84.86,0,0.9159,1,0.0
713,23.7667,1,mask,,-0.7116,-0.7986,,1.4033,,,,,176,0.9412,0.3278,0.0424,25.5,194.0,84.73,0,0.9168,1,0.0
714,23.8,1,mask,,-0.5193,-0.7682,,0.914,,,,,161,0.875,0.2597,0.044,26.0,193.0,84.56,0,0.9106,1,0.0
715,23.8333,1,mask,,-0.714,-0.7484,,0.5941,,,,,159,0.8595,0.2237,0.044,26.0,193.0,85.74,0,0.9131,1,0.0
716,23.8667,1,mask,,-0.6324,-0.7355,,0.3861,,,,,173,0.9402,0.3218,0.0449,26.0,193.0,86.06,0,0.9177,1,0.0
717,23.9,1,mask,,-0.4644,-0.6994,,1.083,,,,,141,0.8294,0.2051,0.044,25.0,148.0,86.26,0,0.9078,1,0.0
718,23.9333,1,mask,,-0.2887,-0.6364,,1.8911,,,,,147,0.8909,0.3325,0.0456,25.0,164.0,86.16,0,0.9008,1,0.0
719,23.9667,1,mask,,-0.2794,-0.5762,,1.8056,,,,,144,0.8834,0.323,0.0472,25.0,148.0,86.17,0,0.9004,1,0.0
720,24.0,1,mask,,-0.2415,-0.4755,,3.0186,,,,,126,0.84,0.1808,0.0601,24.5,158.0,86.93,0,0.9158,1,0.0
721,24.0333,1,mask,,-0.1706,-0.4069,,2.0599,,,,,133,0.821,0.2249,0.0553,25.0,168.0,87.18,0,0.9013,1,0.0
722,24.0667,1,mask,,-0.0,-0.349,,1.7364,,,,,83,0.503,0.0,0.0543,27.0,154.0,87.09,0,0.8509,1,0.0
723,24.1,1,mask,,-0.4313,-0.3114,,1.1287,,,,,156,0.9512,0.434,0.0398,25.0,196.0,87.31,0,0.8986,1,0.0
724,24.1333,1,mask,,-0.4562,-0.2869,,0.7336,,,,,151,0.9497,0.4685,0.0395,25.0,201.0,87.19,0,0.8912,1,0.0
725,24.1667,1,mask,,-0.4478,-0.3375,,-1.516,,,,,148,0.9427,0.4752,0.0384,25.0,201.0,86.93,0,0.8878,1,0.0
726,24.2,1,mask,,-0.4429,-0.3744,,-1.1075,,,,,170,0.9884,0.5266,0.0379,26.0,203.0,88.73,0,0.8912,1,0.0
727,24.2333,1,mask,,-0.3727,-0.3984,,-0.7199,,,,,161,0.9527,0.4521,0.0386,26.0,201.0,88.47,0,0.8954,1,0.0
728,24.2667,1,mask,,-0.2994,-0.414,,-0.4679,,,,,159,0.9408,0.4211,0.0392,26.0,202.0,88.53,0,0.898,1,0.0
729,24.3,1,mask,,-0.2242,-0.3995,,0.4337,,,,,155,0.9394,0.3856,0.0393,25.0,203.0,88.91,0,0.9047,1,0.0
730,24.3333,1,mask,,-0.2317,-0.3645,,1.0516,,,,,156,0.9398,0.4015,0.0389,25.5,204.0,88.99,0,0.9016,1,0.0
731,24.3667,1,mask,,-0.289,-0.338,,0.7924,,,,,156,0.9286,0.3948,0.0395,25.0,205.0,88.82,0,0.8996,1,0.0
732,24.4,1,mask,,-0.377,-0.3209,,0.515,,,,,176,0.967,0.5654,0.039,26.0,206.0,89.51,0,0.877,1,0.0
733,24.4333,1,mask,,-0.3117,-0.3097,,0.3348,,,,,174,0.9508,0.5272,0.0391,26.0,207.0,89.02,0,0.8798,1,0.0
734,24.4667,1,mask,,-0.2945,-0.3044,,0.1597,,,,,174,0.956,0.5103,0.0358,26.0,207.0,89.05,0,0.8847,1,0.0
735,24.5,1,mask,,-0.0813,-0.3009,,0.1038,,,,,166,0.9379,0.4131,0.0414,25.0,207.0,89.38,0,0.8987,1,0.0
736,24.5333,1,mask,,-0.1133,-0.2987,,0.0675,,,,,164,0.9318,0.4148,0.0411,25.0,208.0,89.67,0,0.8966,1,0.0
737,24.5667,1,mask,,-0.061,-0.2338,,1.9462,,,,,169,0.9389,0.449,0.041,25.0,207.0,89.6,0,0.8919,1,0.0
738,24.6,1,mask,,-0.2824,-0.1916,,1.265,,,,,188,1.0,0.7752,0.0336,26.0,210.0,91.29,0,0.845,1,0.0
739,24.6333,1,mask,,-0.3593,-0.1642,,0.8223,,,,,167,1.0,0.6094,0.0286,26.0,209.0,91.14,0,0.8781,1,0.0
740,24.6667,1,mask,,-0.4049,-0.2056,,-1.2411,,,,,162,1.0,0.5961,0.016,27.0,209.0,91.1,0,0.8808,1,0.0
741,24.7,1,mask,,-0.2236,-0.2325,,-0.8067,,,,,170,0.977,0.6621,0.0242,26.0,210.0,89.38,0,0.8607,1,0.0
742,24.7333,1,mask,,-0.2193,-0.25,,-0.5244,,,,,172,0.9773,0.6685,0.027,26.0,210.0,89.48,0,0.8595,1,0.0
743,24.7667,1,mask,,0.0649,-0.2408,,0.2767,,,,,181,0.9427,0.7383,0.039,26.0,212.0,90.08,0,0.8352,1,0.0
744,24.8,1,mask,,-0.0897,-0.2332,,0.2257,,,,,188,0.9592,0.6829,0.0389,26.0,213.0,92.06,0,0.8512,1,0.0
745,24.8333,1,mask,,-0.1197,-0.1935,,1.1917,,,,,185,0.9439,0.6555,0.0379,26.0,215.0,92.27,0,0.8521,1,0.0
746,24.8667,1,mask,,-0.0926,-0.1582,,1.0592,,,,,178,0.9368,0.6341,0.0366,25.0,215.0,92.15,0,0.8542,1,0.0
747,24.9,1,mask,,-0.5081,-0.1353,,0.6885,,,,,150,0.9259,0.4699,0.0318,27.0,214.0,92.09,0,0.8838,1,0.0
748,24.9333,1,mask,,-0.4379,-0.1298,,0.1629,,,,,160,0.9877,0.5541,0.0268,27.0,214.0,92.22,0,0.8855,1,0.0
749,24.9667,1,mask,,-0.43,-0.2349,,-3.1521,,,,,160,0.9877,0.558,0.0272,27.0,214.0,92.22,0,0.8847,1,0.0
750,25.0,1,mask,,-0.185,-0.3032,,-2.0488,,,,,144,0.878,0.3868,0.0302,27.0,215.0,90.42,0,0.886,1,0.0
751,25.0333,1,mask,,-0.6132,-0.3503,,-1.4141,,,,,151,0.9264,0.3921,0.021,27.0,213.0,92.38,0,0.8995,1,0.0
752,25.0667,1,mask,,-0.5435,-0.381,,-0.9192,,,,,157,0.9632,0.4769,0.0196,27.0,216.0,92.43,0,0.8936,1,0.0
753,25.1,1,mask,,-0.5812,-0.4379,,-1.707,,,,,164,1.0,0.5998,0.0202,27.0,216.0,91.64,0,0.88,1,0.0
754,25.1333,1,mask,,-0.546,-0.4757,,-1.1359,,,,,165,1.0,0.5968,0.02,27.0,216.0,91.52,0,0.8806,1,0.0
755,25.1667,1,mask,,-0.5558,-0.5038,,-0.8408,,,,,164,1.0,0.5862,0.0193,27.0,216.0,92.02,0,0.8828,1,0.0
756,25.2,1,mask,,-0.4769,-0.5186,,-0.4441,,,,,173,1.0,0.6366,0.0229,27.0,219.0,91.72,0,0.8727,1,0.0
757,25.2333,1,mask,,-0.3897,-0.5282,,-0.2887,,,,,176,1.0,0.6951,0.0243,27.0,219.0,92.19,0,0.861,1,0.0
758,25.2667,1,mask,,-0.35,-0.5102,,0.5383,,,,,185,1.0,0.747,0.0283,27.0,220.0,91.67,0,0.8506,1,0.0
759,25.3,1,mask,,-0.3667,-0.4681,,1.2654,,,,,192,1.0,0.7399,0.0306,26.0,219.0,90.87,0,0.852,1,0.0
760,25.3333,1,mask,,-0.3626,-0.4326,,1.0639,,,,,194,1.0,0.7044,0.0303,27.0,220.0,91.22,0,0.8591,1,0.0
761,25.3667,1,mask,,-0.3616,-0.4081,,0.7346,,,,,191,1.0,0.6937,0.0268,27.0,220.0,91.61,0,0.8613,1,0.0
762,25.4,1,mask,,-0.4087,-0.3922,,0.4775,,,,,189,1.0,0.6698,0.032,27.0,220.0,91.26,0,0.866,1,0.0
763,25.4333,1,mask,,-0.5355,-0.3833,,0.2673,,,,,193,1.0,0.638,0.0263,26.0,214.0,94.07,0,0.8724,1,0.0
764,25.4667,1,mask,,-0.4827,-0.3922,,-0.267,,,,,194,1.0,0.66,0.0258,26.0,214.0,93.86,0,0.868,1,0.0
765,25.5,1,mask,,-0.5296,-0.4239,,-0.9504,,,,,214,1.0,0.6712,0.0267,27.0,224.0,92.92,0,0.8658,1,0.0
766,25.5333,1,mask,,-0.5003,-0.4506,,-0.8022,,,,,211,1.0,0.689,0.0259,27.0,224.0,92.66,0,0.8622,1,0.0
767,25.5667,1,mask,,-0.4796,-0.468,,-0.5214,,,,,208,1.0,0.697,0.0316,27.0,224.0,92.49,0,0.8606,1,0.0
768,25.6,1,mask,,-0.4962,-0.4778,,-0.296,,,,,219,1.0,0.72,0.0319,28.0,226.0,91.78,0,0.856,1,0.0
769,25.6333,1,mask,,-0.4824,-0.4843,,-0.1924,,,,,204,1.0,0.6749,0.0347,27.0,225.0,92.72,0,0.865,1,0.0
770,25.6667,1,mask,,-0.4334,-0.4836,,0.0199,,,,,205,1.0,0.6883,0.0346,27.0,225.0,92.07,0,0.8623,1,0.0
771,25.7,1,mask,,-0.5011,-0.4832,,0.0129,,,,,221,1.0,0.6957,0.038,28.0,228.0,93.77,0,0.8609,1,0.0
772,25.7333,1,mask,,-0.4228,-0.4829,,0.0084,,,,,219,1.0,0.7002,0.0379,28.0,228.0,94.08,0,0.86,1,0.0
773,25.7667,1,mask,,-0.3926,-0.4656,,0.5191,,,,,221,1.0,0.6909,0.037,28.0,228.0,94.13,0,0.8618,1,0.0
774,25.8,1,mask,,-0.4356,-0.4543,,0.3374,,,,,225,1.0,0.7939,0.0349,28.0,231.0,89.73,0,0.8412,1,0.0
775,25.8333,1,mask,,-0.405,-0.4433,,0.3314,,,,,225,1.0,0.7801,0.0328,28.0,232.0,89.8,0,0.844,1,0.0
776,25.8667,1,mask,,-0.4659,-0.4361,,0.2154,,,,,207,1.0,0.7342,0.0323,27.0,220.0,90.13,0,0.8532,1,0.0
777,25.9,1,mask,,-0.5248,-0.4359,,0.0056,,,,,222,1.0,0.7626,0.0361,28.0,230.0,90.99,0,0.8475,1,0.0
778,25.9333,1,mask,,-0.5103,-0.4464,,-0.3145,,,,,224,1.0,0.7823,0.0354,28.0,231.0,91.01,0,0.8435,1,0.0
779,25.9667,1,mask,,-0.5245,-0.4688,,-0.6713,,,,,224,1.0,0.7961,0.0335,28.0,231.0,91.49,0,0.8408,1,0.0
780,26.0,1,mask,,-0.4143,-0.4833,,-0.4363,,,,,215,1.0,0.7667,0.0411,28.0,231.0,91.57,0,0.8467,1,0.0
781,26.0333,1,mask,,-0.4306,-0.4928,,-0.2836,,,,,215,1.0,0.7461,0.0397,28.0,232.0,92.68,0,0.8508,1,0.0
782,26.0667,1,mask,,-0.3978,-0.471,,0.653,,,,,217,0.9954,0.7055,0.0421,28.0,232.0,92.6,0,0.8575,1,0.0
783,26.1,1,mask,,-0.4083,-0.4512,,0.595,,,,,211,1.0,0.6942,0.0417,28.0,231.0,90.89,0,0.8612,1,0.0
784,26.1333,1,mask,,-0.3623,-0.4362,,0.4504,,,,,220,1.0,0.6952,0.0435,28.0,231.0,90.93,0,0.861,1,0.0
785,26.1667,1,mask,,-0.3007,-0.4227,,0.4028,,,,,203,0.9667,0.5819,0.0426,28.0,230.0,90.93,0,0.8736,1,0.0
786,26.2,1,mask,,-0.369,-0.4039,,0.5645,,,,,214,0.9683,0.5198,0.0379,28.0,230.0,86.5,0,0.8865,1,0.0
787,26.2333,1,mask,,-0.2851,-0.3893,,0.4375,,,,,220,0.9955,0.6222,0.0378,29.0,234.0,88.34,0,0.8742,1,0.0
788,26.2667,1,mask,,-0.2815,-0.3583,,0.9306,,,,,216,0.9818,0.5973,0.0376,28.0,233.0,88.04,0,0.8751,1,0.0
789,26.3,1,mask,,-0.2769,-0.3327,,0.7687,,,,,212,0.986,0.5708,0.0389,28.0,235.0,86.97,0,0.8817,1,0.0
790,26.3333,1,mask,,-0.2739,-0.3148,,0.5373,,,,,209,0.9812,0.5798,0.0378,28.0,235.0,86.61,0,0.8784,1,0.0
791,26.3667,1,mask,,-0.2765,-0.3015,,0.3973,,,,,215,0.9862,0.5978,0.0378,28.0,235.0,86.52,0,0.8763,1,0.0
792,26.4,1,mask,,-0.3565,-0.2929,,0.2583,,,,,223,0.9824,0.5669,0.0337,29.0,239.0,86.57,0,0.8813,1,0.0
793,26.4333,1,mask,,-0.5089,-0.2873,,0.1679,,,,,225,0.9912,0.6543,0.0331,28.0,238.0,88.26,0,0.8665,1,0.0
794,26.4667,1,mask,,-0.5496,-0.3116,,-0.7264,,,,,223,0.9955,0.6306,0.0362,29.0,237.0,88.22,0,0.8726,1,0.0
795,26.5,1,mask,,-0.614,-0.3806,,-2.0717,,,,,221,1.0,0.6788,0.0311,29.0,239.0,88.63,0,0.8642,1,0.0
796,26.5333,1,mask,,-0.6154,-0.4398,,-1.7743,,,,,218,1.0,0.6852,0.0315,29.0,238.0,87.46,0,0.863,1,0.0
797,26.5667,1,mask,,-0.6584,-0.5007,,-1.8293,,,,,212,1.0,0.6811,0.0287,29.0,239.0,85.62,0,0.8638,1,0.0
798,26.6,1,mask,,-0.6476,-0.5409,,-1.2038,,,,,222,1.0,0.6529,0.0324,30.0,240.0,85.47,0,0.8694,1,0.0
799,26.6333,1,mask,,-0.6756,-0.5782,,-1.1206,,,,,217,0.9819,0.6143,0.0332,29.0,239.0,84.21,0,0.8717,1,0.0
800,26.6667,1,mask,,-0.8068,-0.6063,,-0.8418,,,,,224,0.9825,0.6165,0.0298,29.0,237.0,84.42,0,0.8714,1,0.0
801,26.7,1,mask,,-1.0252,-0.6305,,-0.7279,,,,,221,0.9693,0.6514,0.0285,29.0,237.0,85.19,0,0.8605,1,0.0
802,26.7333,1,mask,,-0.9957,-0.6922,,-1.8512,,,,,226,0.9826,0.678,0.0271,29.0,238.0,83.79,0,0.8592,1,0.0
803,26.7667,1,mask,,-0.9961,-0.7984,,-3.186,,,,,227,0.987,0.6818,0.0273,29.0,239.0,85.06,0,0.8597,1,0.0
804,26.8,1,mask,,-1.1194,-0.8676,,-2.0754,,,,,232,1.0,0.7889,0.0297,29.0,241.0,87.84,0,0.8422,1,0.0
805,26.8333,1,mask,,-1.0835,-0.9228,,-1.6543,,,,,231,1.0,0.7263,0.0306,29.0,241.0,86.41,0,0.8547,1,0.0
806,26.8667,1,mask,,-1.0523,-0.9681,,-1.3606,,,,,230,0.9957,0.7038,0.0328,29.0,241.0,86.0,0,0.8579,1,0.0
807,26.9,1,mask,,-0.9541,-0.9976,,-0.8844,,,,,228,0.9956,0.6181,0.0337,29.0,242.0,81.65,0,0.8751,1,0.0
808,26.9333,1,mask,,-0.9587,-1.0168,,-0.5748,,,,,227,0.9913,0.6215,0.034,29.0,242.0,80.43,0,0.8731,1,0.0
809,26.9667,1,mask,,-0.9487,-0.9965,,0.6092,,,,,228,0.9956,0.6176,0.0361,29.0,242.0,82.18,0,0.8752,1,0.0
810,27.0,1,mask,,-1.0828,-0.9833,,0.396,,,,,232,0.9915,0.668,0.0337,29.0,244.0,80.08,0,0.8638,1,0.0
811,27.0333,1,mask,,-1.0931,-0.9747,,0.2574,,,,,224,0.9614,0.5382,0.0368,29.0,243.0,79.1,0,0.8808,1,0.0
812,27.0667,1,mask,,-1.1043,-1.0125,,-1.1348,,,,,227,0.9701,0.5154,0.0363,29.0,243.0,77.78,0,0.8879,1,0.0
813,27.1,1,mask,,-1.1103,-1.0407,,-0.8465,,,,,219,0.928,0.5001,0.0414,29.0,234.0,75.68,0,0.8784,1,0.0
814,27.1333,1,mask,,-1.0713,-1.0591,,-0.5502,,,,,225,0.9574,0.5243,0.041,29.0,241.0,74.03,0,0.8824,1,0.0
815,27.1667,1,mask,,-1.0995,-1.0732,,-0.4244,,,,,224,0.9573,0.5223,0.0417,29.0,240.0,76.78,0,0.8827,1,0.0
816,27.2,1,mask,,-1.1298,-1.0841,,-0.3267,,,,,216,0.9954,0.5835,0.0319,29.0,244.0,73.82,0,0.8819,1,0.0
817,27.2333,1,mask,,-1.0472,-1.0895,,-0.1615,,,,,229,0.9703,0.5324,0.0352,29.0,244.0,75.33,0,0.8846,1,0.0
818,27.2667,1,mask,,-1.1385,-1.093,,-0.105,,,,,213,0.9638,0.5029,0.0373,30.0,245.0,75.39,0,0.8886,1,0.0
819,27.3,1,mask,,-1.1963,-1.1058,,-0.3861,,,,,213,0.9509,0.5053,0.0417,29.0,241.0,80.18,0,0.8842,1,0.0
820,27.3333,1,mask,,-1.3144,-1.1173,,-0.343,,,,,195,0.859,0.398,0.0434,29.0,225.0,78.98,0,0.8781,1,0.0
821,27.3667,1,mask,,-1.2128,-1.145,,-0.8301,,,,,222,0.9694,0.5709,0.0337,29.0,242.0,79.13,0,0.8766,1,0.0
822,27.4,1,mask,,-1.3135,-1.1687,,-0.7125,,,,,219,0.9087,0.5061,0.0424,30.0,235.0,67.85,0,0.8714,1,0.0
823,27.4333,1,mask,,-1.2386,-1.1932,,-0.7341,,,,,229,0.9502,0.5981,0.0415,30.0,247.0,67.87,0,0.8654,1,0.0
824,27.4667,1,mask,,-1.3044,-1.2321,,-1.1681,,,,,213,0.8838,0.4642,0.0423,30.0,231.0,68.78,0,0.8723,1,0.0
825,27.5,1,mask,,-1.1504,-1.2344,,-0.0683,,,,,227,0.9498,0.6254,0.034,30.0,247.0,66.93,0,0.8599,1,0.0
826,27.5333,1,mask,,-1.2772,-1.2494,,-0.4499,,,,,205,0.9031,0.5638,0.0283,30.0,237.0,67.18,0,0.8582,1,0.0
827,27.5667,1,mask,,-1.3018,-1.2591,,-0.2925,,,,,208,0.9083,0.5658,0.0301,30.0,237.0,65.79,0,0.8593,1,0.0
828,27.6,1,mask,,-1.2154,-1.2655,,-0.1901,,,,,221,0.9866,0.6553,0.0278,30.0,249.0,55.0,0,0.8649,1,0.0
829,27.6333,1,mask,,-1.2194,-1.2493,,0.4841,,,,,215,0.8776,0.4575,0.0375,30.0,237.0,58.58,0,0.8718,1,0.0
830,27.6667,1,mask,,-1.394,-1.2591,,-0.293,,,,,221,0.9057,0.5302,0.0343,30.0,239.0,59.84,0,0.8657,1,0.0
831,27.7,1,mask,,-1.369,-1.2741,,-0.4489,,,,,227,0.938,0.5873,0.0326,30.0,241.0,57.13,0,0.8639,1,0.0
832,27.7333,1,mask,,-1.4467,-1.3073,,-0.9968,,,,,218,0.9083,0.4705,0.0362,30.0,234.0,57.8,0,0.8784,1,0.0
833,27.7667,1,mask,,-1.4449,-1.3376,,-0.9101,,,,,218,0.9121,0.4804,0.0364,30.0,235.0,59.27,0,0.8776,1,0.0
834,27.8,1,mask,,-1.2998,-1.3573,,-0.5916,,,,,245,0.9959,0.6433,0.0286,30.0,256.0,51.12,0,0.8701,1,0.0
835,27.8333,1,mask,,-1.2963,-1.3614,,-0.1223,,,,,244,0.9919,0.6408,0.0282,30.0,256.0,52.45,0,0.8694,1,0.0
836,27.8667,1,mask,,-1.337,-1.3529,,0.2569,,,,,242,0.9837,0.6364,0.0265,30.0,256.0,50.2,0,0.8678,1,0.0
837,27.9,1,mask,,-1.4375,-1.3473,,0.167,,,,,242,0.9878,0.6937,0.0249,30.0,253.0,46.97,0,0.8576,1,0.0
838,27.9333,1,mask,,-1.4957,-1.3437,,0.1085,,,,,238,0.9835,0.7113,0.0258,30.0,253.0,46.83,0,0.8528,1,0.0
839,27.9667,1,mask,,-1.418,-1.3697,,-0.7808,,,,,242,0.9798,0.6964,0.0288,30.0,259.0,46.71,0,0.8546,1,0.0
840,28.0,1,mask,,-1.3835,-1.3866,,-0.5075,,,,,244,1.0,0.8008,0.0285,31.0,267.0,41.14,0,0.8398,1,0.0
841,28.0333,1,mask,,-1.4704,-1.4044,,-0.534,,,,,240,1.0,0.7953,0.0284,31.0,266.0,40.67,0,0.8409,1,0.0
842,28.0667,1,mask,,-1.4554,-1.4222,,-0.5348,,,,,257,1.0,0.7755,0.0293,30.0,269.0,43.02,0,0.8449,1,0.0
843,28.1,1,mask,,-1.4482,-1.4313,,-0.273,,,,,255,1.0,0.7408,0.0262,31.0,267.0,43.49,0,0.8518,1,0.0
844,28.1333,1,mask,,-1.4337,-1.4373,,-0.1775,,,,,253,1.0,0.7449,0.0249,30.0,267.0,42.76,0,0.851,1,0.0
845,28.1667,1,mask,,-1.3755,-1.4411,,-0.1153,,,,,254,1.0,0.7763,0.025,30.0,267.0,43.44,0,0.8447,1,0.0
846,28.2,1,mask,,-1.3884,-1.4385,,0.0775,,,,,255,1.0,0.8623,0.0264,31.0,272.0,40.03,0,0.8275,1,0.0
847,28.2333,1,mask,,-1.3833,-1.421,,0.5263,,,,,261,1.0,0.8284,0.0231,31.0,272.0,40.66,0,0.8343,1,0.0
848,28.2667,1,mask,,-1.4006,-1.4096,,0.3421,,,,,260,1.0,0.7911,0.0223,31.0,272.0,41.01,0,0.8418,1,0.0
849,28.3,1,mask,,-1.3695,-1.4004,,0.2755,,,,,259,1.0,0.8045,0.0209,30.0,273.0,45.59,0,0.8391,1,0.0
850,28.3333,1,mask,,-1.4038,-1.3962,,0.1259,,,,,258,1.0,0.7989,0.0196,31.0,271.0,45.75,0,0.8402,1,0.0
851,28.3667,1,mask,,-1.361,-1.3917,,0.135,,,,,257,1.0,0.7627,0.0197,31.0,271.0,45.77,0,0.8475,1,0.0
852,28.4,1,mask,,-1.3807,-1.3879,,0.1153,,,,,260,1.0,0.8603,0.0175,31.0,274.0,47.24,0,0.8279,1,0.0
853,28.4333,1,mask,,-1.3717,-1.3822,,0.1693,,,,,260,1.0,0.8587,0.0171,31.0,274.0,47.02,0,0.8283,1,0.0
854,28.4667,1,mask,,-1.3923,-1.3817,,0.0157,,,,,254,0.9807,0.8783,0.018,31.0,269.0,46.53,0,0.8186,1,0.0
855,28.5,1,mask,,-1.4602,-1.3813,,0.0102,,,,,249,0.9504,0.7921,0.0191,31.0,263.0,46.5,0,0.8267,1,0.0
856,28.5333,1,mask,,-1.3988,-1.3852,,-0.1146,,,,,252,0.9582,0.836,0.0196,31.0,266.0,47.5,0,0.8203,1,0.0
857,28.5667,1,mask,,-1.4155,-1.3899,,-0.1429,,,,,253,0.962,0.7997,0.0186,31.0,267.0,47.09,0,0.8287,1,0.0
858,28.6,1,mask,,-1.2959,-1.393,,-0.0929,,,,,263,1.0,0.9361,0.0175,31.0,276.0,46.86,0,0.8128,1,0.0
859,28.6333,1,mask,,-1.2384,-1.395,,-0.0604,,,,,261,1.0,0.9077,0.0191,31.0,275.0,46.06,0,0.8185,1,0.0
860,28.6667,1,mask,,-1.2153,-1.3603,,1.0413,,,,,262,0.9962,0.8702,0.0199,31.0,277.0,45.99,0,0.8248,1,0.0
861,28.7,1,mask,,-1.2125,-1.3177,,1.2799,,,,,265,0.9962,0.8642,0.0197,31.0,279.0,46.37,0,0.826,1,0.0
862,28.7333,1,mask,,-1.197,-1.2818,,1.075,,,,,263,0.9887,0.8367,0.0192,31.0,279.0,46.67,0,0.8293,1,0.0
863,28.7667,1,mask,,-1.1729,-1.2576,,0.7278,,,,,265,0.9962,0.8629,0.0206,31.0,279.0,46.05,0,0.8263,1,0.0
864,28.8,1,mask,,-1.1693,-1.2363,,0.6364,,,,,265,0.9851,0.7486,0.0176,31.0,279.0,43.97,0,0.8458,1,0.0
865,28.8333,1,mask,,-1.2021,-1.2226,,0.4137,,,,,264,0.9814,0.6906,0.0149,31.0,281.0,44.61,0,0.8563,1,0.0
866,28.8667,1,mask,,-1.3079,-1.2136,,0.2689,,,,,266,1.0,0.6443,0.0119,30.0,281.0,45.06,0,0.8711,1,0.0
867,28.9,1,mask,,-1.2812,-1.2096,,0.1206,,,,,266,1.0,0.6895,0.0116,30.0,281.0,43.99,0,0.8621,1,0.0
868,28.9333,1,mask,,-1.3934,-1.2346,,-0.7521,,,,,266,1.0,0.6985,0.0085,30.0,281.0,44.27,0,0.8603,1,0.0
869,28.9667,1,mask,,-1.4587,-1.2603,,-0.7694,,,,,266,1.0,0.6858,0.0081,30.0,281.0,44.53,0,0.8628,1,0.0
870,29.0,1,mask,,-1.3677,-1.2979,,-1.1281,,,,,268,1.0,0.7401,0.0117,30.0,283.0,39.1,0,0.852,1,0.0
871,29.0333,1,mask,,-1.41,-1.3313,,-1.0027,,,,,269,1.0,0.6925,0.0089,31.0,283.0,44.08,0,0.8615,1,0.0
872,29.0667,1,mask,,-1.4764,-1.3588,,-0.8258,,,,,269,1.0,0.7173,0.0066,31.0,283.0,43.16,0,0.8565,1,0.0
873,29.1,1,mask,,-1.5411,-1.3938,,-1.0484,,,,,269,1.0,0.752,0.0071,30.0,284.0,39.74,0,0.8496,1,0.0
874,29.1333,1,mask,,-1.5368,-1.4227,,-0.8669,,,,,270,1.0,0.7543,0.0085,30.0,285.0,38.75,0,0.8491,1,0.0
875,29.1667,1,mask,,-1.5706,-1.4626,,-1.1981,,,,,271,1.0,0.7914,0.007,30.0,286.0,38.96,0,0.8417,1,0.0
876,29.2,1,mask,,-1.5397,-1.4896,,-0.8094,,,,,271,1.0,0.8152,0.0047,30.0,286.0,41.38,0,0.837,1,0.0
877,29.2333,1,mask,,-1.5658,-1.5076,,-0.5408,,,,,270,1.0,0.8604,0.0029,30.0,285.0,42.25,0,0.8279,1,0.0
878,29.2667,1,mask,,-1.5959,-1.528,,-0.6109,,,,,270,1.0,0.8605,0.0016,30.0,285.0,42.76,0,0.8279,1,0.0
879,29.3,1,mask,,-1.6106,-1.5429,,-0.4471,,,,,274,1.0,0.8624,0.0016,30.0,288.0,43.49,0,0.8275,1,0.0
880,29.3333,1,mask,,-1.6722,-1.5614,,-0.5563,,,,,270,1.0,0.8564,0.0001,30.0,287.0,43.12,0,0.8287,1,0.0
881,29.3667,1,mask,,-1.677,-1.5787,,-0.5166,,,,,272,1.0,0.8922,0.0008,30.0,287.0,43.2,0,0.8216,1,0.0
882,29.4,1,mask,,-1.6788,-1.6114,,-0.9819,,,,,266,0.9888,0.8809,0.0019,31.0,277.0,37.8,0,0.8205,1,0.0
883,29.4333,1,mask,,-1.6491,-1.6327,,-0.6382,,,,,273,1.0,0.927,0.0033,31.0,282.0,38.13,0,0.8146,1,0.0
884,29.4667,1,mask,,-1.6332,-1.6465,,-0.4148,,,,,270,1.0,0.9476,0.004,30.0,283.0,36.62,0,0.8105,1,0.0
885,29.5,0,,no_mask,,,,,,,,,0,0.0,,,,,,0,0.0,1,0.0
886,29.5333,0,,no_mask,,,,,,,,,0,0.0,,,,,,0,0.0,1,0.0
887,29.5667,0,,no_mask,,,,,,,,,0,0.0,,,,,,0,0.0,1,0.0
888,29.6,1,mask,,-1.2456,-1.574,,,,,,,275,0.9928,0.891,0.0027,30.0,288.0,38.13,0,0.8196,1,0.0
889,29.6333,1,mask,,-1.4482,-1.4945,,2.3844,,,,,279,0.9894,0.9919,0.0039,29.0,284.0,36.24,0,0.7984,1,0.0
890,29.6667,1,mask,,-1.4408,-1.4757,,0.5646,,,,,276,0.9822,0.9389,0.0024,29.0,282.0,35.08,0,0.8069,1,0.0
891,29.7,1,mask,,-1.5295,-1.4648,,0.3279,,,,,285,1.0,1.0271,0.0029,29.0,285.0,37.44,0,0.7946,1,0.0
892,29.7333,1,mask,,-1.5281,-1.459,,0.174,,,,,283,1.0,1.0211,0.0038,29.0,282.0,37.24,0,0.7958,1,0.0
893,29.7667,1,mask,,-1.4195,-1.4552,,0.1131,,,,,283,1.0,0.9163,0.0014,29.0,286.0,38.05,0,0.8167,1,0.0
894,29.8,1,mask,,-1.2975,-1.4502,,0.1518,,,,,285,1.0,0.9609,0.0019,29.0,285.0,37.56,0,0.8078,1,0.0
895,29.8333,1,mask,,-1.4265,-1.4419,,0.2488,,,,,284,1.0,1.0079,0.0041,29.0,285.0,38.58,0,0.7984,1,0.0
896,29.8667,1,mask,,-1.4012,-1.434,,0.2351,,,,,277,1.0,0.9814,0.0007,29.0,278.0,38.89,0,0.8037,1,0.0
897,29.9,1,mask,,-1.3352,-1.4225,,0.3445,,,,,284,1.0,0.9373,0.0022,29.0,283.0,38.8,0,0.8125,1,0.0
898,29.9333,1,mask,,-1.3391,-1.3934,,0.8757,,,,,284,1.0,0.9579,0.0023,29.0,283.0,39.33,0,0.8084,1,0.0
899,29.9667,1,mask,,-1.3474,-1.3773,,0.483,,,,,284,1.0,0.9685,0.0018,29.0,283.0,39.34,0,0.8063,1,0.0
900,30.0,1,mask,,-1.3343,-1.3639,,0.4002,,,,,283,1.0,0.7287,0.0046,30.0,282.0,41.98,0,0.8543,1,0.0
901,30.0333,1,mask,,-1.3506,-1.3552,,0.2601,,,,,283,1.0,0.7523,0.0035,30.0,282.0,42.41,0,0.8495,1,0.0
902,30.0667,1,mask,,-1.3722,-1.3525,,0.0828,,,,,284,1.0,0.7751,0.0041,30.0,283.0,42.81,0,0.845,1,0.0
903,30.1,1,mask,,-1.4167,-1.3518,,0.0198,,,,,282,1.0,0.8452,0.0073,30.0,281.0,41.51,0,0.831,1,0.0
904,30.1333,1,mask,,-1.4403,-1.359,,-0.2138,,,,,282,1.0,0.8774,0.0049,30.0,281.0,41.0,0,0.8245,1,0.0
905,30.1667,1,mask,,-1.3959,-1.3719,,-0.3885,,,,,282,1.0,0.8968,0.0058,30.0,281.0,40.82,0,0.8206,1,0.0
906,30.2,1,mask,,-1.3023,-1.3803,,-0.2525,,,,,281,1.0,0.8334,0.0073,30.0,280.0,39.81,0,0.8333,1,0.0
907,30.2333,1,mask,,-1.2662,-1.3858,,-0.1641,,,,,281,1.0,0.8714,0.0069,30.0,280.0,39.17,0,0.8257,1,0.0
908,30.2667,1,mask,,-1.2378,-1.3566,,0.8766,,,,,281,1.0,0.9237,0.0086,30.0,280.0,38.89,0,0.8153,1,0.0
909,30.3,1,mask,,-1.4253,-1.3376,,0.5698,,,,,283,1.0,1.0,0.0034,30.0,282.0,38.87,0,0.8,1,0.0
910,30.3333,1,mask,,-1.1604,-1.3126,,0.7491,,,,,237,0.9186,0.8737,0.0016,30.0,281.0,40.98,0,0.8008,1,0.0
911,30.3667,1,mask,,-1.3456,-1.2964,,0.4869,,,,,258,0.9281,1.0073,0.0009,30.0,280.0,38.81,0,0.777,1,0.0
912,30.4,1,mask,,-1.2188,-1.2759,,0.615,,,,,285,1.0,0.949,0.0046,30.0,284.0,38.41,0,0.8102,1,0.0
913,30.4333,1,mask,,-1.2602,-1.2704,,0.1641,,,,,282,1.0,0.9206,0.0045,30.0,283.0,38.81,0,0.8159,1,0.0
914,30.4667,1,mask,,-1.3151,-1.2669,,0.1066,,,,,281,1.0,0.9449,0.0029,30.0,283.0,40.03,0,0.811,1,0.0
915,30.5,1,mask,,-1.3686,-1.2837,,-0.5069,,,,,284,1.0,0.9044,0.0002,30.0,285.0,39.13,0,0.8191,1,0.0
916,30.5333,1,mask,,-1.4355,-1.2947,,-0.3295,,,,,277,1.0,0.9642,0.003,29.0,285.0,38.51,0,0.8072,1,0.0
917,30.5667,1,mask,,-1.2658,-1.3019,,-0.2142,,,,,283,1.0,0.8802,0.0001,30.0,285.0,39.15,0,0.824,1,0.0
918,30.6,1,mask,,-1.218,-1.3065,,-0.1392,,,,,273,0.9964,0.7813,0.0002,29.0,282.0,38.92,0,0.8426,1,0.0
919,30.6333,1,mask,,-1.1771,-1.2923,,0.4274,,,,,271,0.9891,0.7378,0.0,29.0,282.0,38.85,0,0.8492,1,0.0
920,30.6667,1,mask,,-1.1108,-1.2663,,0.7801,,,,,272,0.9891,0.711,0.0014,29.0,282.0,38.56,0,0.8545,1,0.0
921,30.7,1,mask,,-1.0642,-1.235,,0.9365,,,,,269,0.9853,0.6815,0.0006,29.0,280.0,38.09,0,0.8593,1,0.0
922,30.7333,1,mask,,-1.0829,-1.1916,,1.3046,,,,,272,0.9645,0.6395,0.0029,29.0,276.0,38.18,0,0.8615,1,0.0
923,30.7667,1,mask,,-0.9843,-1.1535,,1.1406,,,,,243,0.8934,0.5278,0.0037,29.0,278.0,38.25,0,0.8624,1,0.0
924,30.8,1,mask,,-0.7352,-1.1223,,0.9376,,,,,280,0.9756,0.5929,0.0032,30.0,281.0,36.29,0,0.8741,1,0.0
925,30.8333,1,mask,,-0.6559,-1.074,,1.4484,,,,,253,0.8908,0.4498,0.0026,29.0,279.0,36.74,0,0.8773,1,0.0
926,30.8667,1,mask,,-0.7184,-0.9554,,3.5572,,,,,245,0.8566,0.4344,0.0036,29.0,277.0,36.61,0,0.8701,1,0.0
927,30.9,1,mask,,-0.7015,-0.8725,,2.4889,,,,,254,0.885,0.451,0.0049,29.0,276.0,36.9,0,0.8753,1,0.0
928,30.9333,1,mask,,-0.6322,-0.8126,,1.7949,,,,,256,0.8889,0.4911,0.008,29.0,277.0,37.07,0,0.8685,1,0.0
929,30.9667,1,mask,,-0.7576,-0.7737,,1.1667,,,,,242,0.8374,0.4574,0.0096,29.0,257.0,36.69,0,0.8597,1,0.0
930,31.0,1,mask,,-0.6214,-0.7485,,0.7584,,,,,249,0.8646,0.4753,0.0108,29.0,257.0,36.69,0,0.8643,1,0.0
931,31.0333,1,mask,,-0.5947,-0.7078,,1.2204,,,,,259,0.8993,0.5669,0.0127,29.0,260.0,36.34,0,0.8564,1,0.0
932,31.0667,1,mask,,-0.5045,-0.6776,,0.907,,,,,272,0.9412,0.6181,0.0134,29.0,272.0,35.54,0,0.8587,1,0.0
933,31.1,1,mask,,-0.3125,-0.6485,,0.8703,,,,,275,0.9752,0.6498,0.0137,28.0,282.0,35.7,0,0.8626,1,0.0
934,31.1333,1,mask,,-0.2502,-0.5981,,1.5126,,,,,278,0.9823,0.6666,0.013,28.0,285.0,36.08,0,0.8614,1,0.0
935,31.1667,1,mask,,-0.1153,-0.4981,,2.9995,,,,,283,1.0,0.6614,0.012,28.0,290.0,35.99,0,0.8677,1,0.0
936,31.2,1,mask,,-0.0202,-0.4114,,2.6034,,,,,283,1.0,0.6386,0.013,28.0,291.0,36.22,0,0.8723,1,0.0
937,31.2333,1,mask,,0.1235,-0.3077,,3.1088,,,,,284,1.0,0.6194,0.0098,28.0,291.0,35.71,0,0.8761,1,0.0
938,31.2667,1,mask,,0.1923,-0.2071,,3.0192,,,,,276,0.9753,0.5351,0.0092,28.0,291.0,35.4,0,0.8856,1,0.0
939,31.3,1,mask,,0.1981,-0.0914,,3.4715,,,,,284,1.0,0.6077,0.0107,28.0,291.0,35.0,0,0.8785,1,0.0
940,31.3333,1,mask,,0.5884,0.0079,,2.9784,,,,,233,0.8204,0.3733,0.004,28.0,245.0,35.32,0,0.8715,1,0.0
941,31.3667,1,mask,,0.3852,0.0745,,1.9972,,,,,247,0.9427,0.3756,0.0106,27.0,251.0,36.34,0,0.9077,1,0.0
942,31.4,1,mask,,0.4028,0.1832,,3.2621,,,,,168,0.8155,0.2162,0.0089,27.0,187.0,37.98,0,0.9014,1,0.0
943,31.4333,1,mask,,0.3648,0.2539,,2.1204,,,,,167,0.8107,0.1736,0.0092,27.0,187.0,36.68,0,0.9085,1,0.0
944,31.4667,1,mask,,0.1989,0.2998,,1.3782,,,,,200,0.9662,0.3929,0.0055,27.0,236.0,36.17,0,0.9113,1,0.0
945,31.5,1,mask,,0.3511,0.3226,,0.6822,,,,,186,0.93,0.3337,0.0039,27.0,187.0,37.44,0,0.9123,1,0.0
946,31.5333,1,mask,,0.214,0.3326,,0.2994,,,,,189,0.9692,0.3941,0.0051,27.0,225.0,38.2,0,0.9119,1,0.0
947,31.5667,1,mask,,0.1824,0.2911,,-1.2451,,,,,185,0.9737,0.434,0.0049,27.0,220.0,36.92,0,0.9053,1,0.0
948,31.6,1,mask,,0.1729,0.2588,,-0.9681,,,,,193,0.9507,0.3637,0.0,27.0,194.0,38.05,0,0.9125,1,0.0
949,31.6333,1,mask,,0.1425,0.2321,,-0.8018,,,,,218,0.9864,0.3834,0.0143,27.0,250.0,38.3,0,0.9193,1,0.0
950,31.6667,1,mask,,0.0,0.2114,,-0.6211,,,,,112,0.5572,0.0,0.0144,27.0,231.0,38.5,0,0.8672,1,0.0
951,31.7,1,mask,,0.0861,0.1873,,-0.7226,,,,,191,1.0,0.4338,0.0051,27.0,221.0,38.96,0,0.9132,1,0.0
952,31.7333,1,mask,,0.0891,0.1529,,-1.0306,,,,,191,1.0,0.4265,0.0054,27.0,221.0,39.55,0,0.9147,1,0.0
953,31.7667,1,mask,,0.0722,0.1295,,-0.7013,,,,,191,1.0,0.4033,0.0058,27.0,221.0,40.11,0,0.9193,1,0.0
954,31.8,1,mask,,0.1104,0.1143,,-0.4558,,,,,198,0.99,0.3876,0.0139,27.0,230.0,40.89,0,0.9195,1,0.0
955,31.8333,1,mask,,0.1229,0.1055,,-0.2649,,,,,191,1.0,0.4316,0.0062,27.0,221.0,41.09,0,0.9137,1,0.0
956,31.8667,1,mask,,0.1161,0.1072,,0.0512,,,,,196,1.0,0.4149,0.0071,27.0,226.0,40.73,0,0.917,1,0.0
957,31.9,1,mask,,0.1033,0.1083,,0.0333,,,,,198,0.995,0.3753,0.0077,27.0,229.0,40.51,0,0.9234,1,0.0
958,31.9333,1,mask,,0.0819,0.1091,,0.0216,,,,,196,1.0,0.4104,0.0062,27.0,225.0,41.02,0,0.9179,1,0.0
959,31.9667,1,mask,,0.08,0.1071,,-0.0599,,,,,198,1.0,0.4119,0.0065,27.0,227.0,40.4,0,0.9176,1,0.0
960,32.0,1,mask,,-0.3239,0.0983,,-0.2637,,,,,234,1.0,0.4984,0.0134,28.0,247.0,39.68,0,0.9003,1,0.0
961,32.0333,0,,no_mask,,,,,,,,,0,0.0,,,,,,0,0.0,1,0.0
962,32.0667,0,,no_mask,,,,,,,,,0,0.0,,,,,,0,0.0,1,0.0
963,32.1,0,,no_mask,,,,,,,,,0,0.0,,,,,,0,0.0,1,0.0
964,32.1333,1,mask,,0.1494,0.0333,,,,,,,218,1.0,0.7096,0.0098,29.0,229.0,38.69,0,0.8581,1,0.0
965,32.1667,1,mask,,0.2578,0.0929,,1.7878,,,,,210,1.0,0.6968,0.013,29.0,222.0,38.83,0,0.8606,1,0.0
966,32.2,1,mask,,0.3981,0.1506,,1.7316,,,,,197,0.9471,0.632,0.0126,29.0,221.0,39.31,0,0.8577,1,0.0
967,32.2333,1,mask,,0.3204,0.1991,,1.4539,,,,,207,1.0,0.7462,0.0167,29.0,220.0,39.34,0,0.8508,1,0.0
968,32.2667,1,mask,,0.3278,0.2416,,1.2735,,,,,207,1.0,0.7486,0.0176,29.0,220.0,38.5,0,0.8503,1,0.0
969,32.3,1,mask,,0.3809,0.2718,,0.9059,,,,,206,1.0,0.7582,0.0171,29.0,219.0,37.96,0,0.8484,1,0.0
970,32.3333,1,mask,,0.4336,0.31,,1.146,,,,,199,1.0,0.7675,0.0125,29.0,213.0,37.96,0,0.8465,1,0.0
971,32.3667,1,mask,,0.4443,0.3348,,0.7449,,,,,199,1.0,0.8081,0.0114,29.0,212.0,37.15,0,0.8384,1,0.0
972,32.4,1,mask,,0.5233,0.3694,,1.0371,,,,,197,1.0,0.7764,0.0126,29.0,211.0,37.39,0,0.8447,1,0.0
973,32.4333,1,mask,,0.5561,0.3956,,0.7871,,,,,197,1.0,0.7118,0.0144,29.0,211.0,37.22,0,0.8576,1,0.0
974,32.4667,1,mask,,0.553,0.4403,,1.3408,,,,,197,1.0,0.7331,0.0141,29.0,211.0,37.55,0,0.8534,1,0.0
975,32.5,1,mask,,0.5664,0.4797,,1.1833,,,,,197,1.0,0.7377,0.0142,29.0,211.0,37.53,0,0.8525,1,0.0
976,32.5333,1,mask,,0.5651,0.5064,,0.8016,,,,,196,1.0,0.7331,0.0101,29.0,210.0,37.73,0,0.8534,1,0.0
977,32.5667,1,mask,,0.5824,0.527,,0.6157,,,,,196,1.0,0.7118,0.0105,29.0,210.0,37.82,0,0.8576,1,0.0
978,32.6,1,mask,,0.5826,0.5408,,0.4143,,,,,195,1.0,0.7389,0.0085,29.0,209.0,37.4,0,0.8522,1,0.0
979,32.6333,1,mask,,0.6646,0.5553,,0.4366,,,,,196,1.0,0.7461,0.0094,29.0,210.0,37.11,0,0.8508,1,0.0
980,32.6667,1,mask,,0.6805,0.5649,,0.2867,,,,,196,1.0,0.7561,0.0092,29.0,211.0,37.26,0,0.8488,1,0.0
981,32.7,1,mask,,0.6543,0.5962,,0.9389,,,,,190,1.0,0.7982,0.0085,29.0,205.0,36.95,0,0.8404,1,0.0
982,32.7333,1,mask,,0.6498,0.6165,,0.6103,,,,,190,1.0,0.8934,0.0138,29.0,205.0,36.83,0,0.8213,1,0.0
983,32.7667,1,mask,,0.6607,0.632,,0.4641,,,,,188,1.0,0.8816,0.0124,29.0,203.0,37.09,0,0.8237,1,0.0
984,32.8,1,mask,,0.8133,0.6421,,0.3017,,,,,192,1.0,0.7218,0.003,29.0,205.0,39.26,0,0.8556,1,0.0
985,32.8333,1,mask,,0.7324,0.6486,,0.1961,,,,,198,1.0,0.7671,0.0036,30.0,204.0,39.6,0,0.8466,1,0.0
986,32.8667,0,,no_mask,,,,,,,,,0,0.0,,,,,,0,0.0,1,0.0
987,32.9,0,,no_mask,,,,,,,,,0,0.0,,,,,,0,0.0,1,0.0
988,32.9333,0,,no_mask,,,,,,,,,0,0.0,,,,,,0,0.0,1,0.0
989,32.9667,1,mask,,0.7098,0.674,,,,,,,161,0.875,0.4425,0.0055,29.0,192.0,38.38,0,0.874,1,0.0
990,33.0,1,mask,,0.6802,0.6813,,0.221,,,,,184,1.0,0.6452,0.0081,30.0,191.0,40.73,0,0.871,1,0.0
991,33.0333,1,mask,,0.6986,0.6874,,0.1813,,,,,181,1.0,0.6159,0.0053,29.0,192.0,41.67,0,0.8768,1,0.0
992,33.0667,1,mask,,0.6279,0.6881,,0.0215,,,,,184,1.0,0.6006,0.0116,30.0,190.0,41.12,0,0.8799,1,0.0
993,33.1,1,mask,,0.723,0.6918,,0.1103,,,,,184,1.0,0.5753,0.0125,30.0,191.0,40.33,0,0.8849,1,0.0
994,33.1333,1,mask,,0.8213,0.6942,,0.0717,,,,,184,0.984,0.5549,0.0139,30.0,191.0,39.68,0,0.8842,1,0.0
995,33.1667,1,mask,,0.8199,0.7042,,0.3027,,,,,186,0.9894,0.5133,0.0138,30.0,192.0,39.43,0,0.8941,1,0.0
996,33.2,1,mask,,0.9086,0.7447,,1.2143,,,,,162,0.8901,0.4492,0.0094,30.0,192.0,39.65,0,0.8772,1,0.0
997,33.2333,1,mask,,1.0073,0.7715,,0.8037,,,,,184,1.0,0.5764,0.009,29.0,193.0,38.29,0,0.8847,1,0.0
998,33.2667,1,mask,,0.9958,0.8195,,1.4394,,,,,186,0.9894,0.5858,0.0098,30.0,191.0,37.68,0,0.8797,1,0.0
999,33.3,1,mask,,1.0221,0.8812,,1.8514,,,,,185,1.0,0.5966,0.0076,29.0,193.0,37.55,0,0.8807,1,0.0
1000,33.3333,1,mask,,0.933,0.9213,,1.2034,,,,,168,0.866,0.5071,0.0088,29.0,198.0,37.74,0,0.8584,1,0.0
1001,33.3667,1,mask,,0.8601,0.9474,,0.7822,,,,,197,0.985,0.5843,0.0127,30.0,201.0,37.27,0,0.8786,1,0.0
1002,33.4,1,mask,,0.8755,0.9424,,-0.151,,,,,198,0.9851,0.5962,0.0143,30.0,202.0,36.83,0,0.8763,1,0.0
1003,33.4333,1,mask,,0.8988,0.9271,,-0.4575,,,,,198,0.9851,0.5798,0.0143,30.0,202.0,36.78,0,0.8796,1,0.0
1004,33.4667,1,mask,,0.9035,0.9172,,-0.2974,,,,,196,0.9849,0.5842,0.0096,30.0,197.0,37.87,0,0.8786,1,0.0
1005,33.5,1,mask,,1.0116,0.9108,,-0.1933,,,,,183,0.9196,0.4668,0.0172,30.0,199.0,37.28,0,0.8825,1,0.0
1006,33.5333,1,mask,,1.0209,0.9082,,-0.0763,,,,,183,0.9196,0.4766,0.0182,30.0,200.0,36.95,0,0.8806,1,0.0
1007,33.5667,1,mask,,1.0858,0.9444,,1.085,,,,,181,0.896,0.4293,0.0192,30.0,201.0,36.81,0,0.883,1,0.0
1008,33.6,1,mask,,1.096,0.9712,,0.8032,,,,,186,0.9208,0.4839,0.019,30.0,202.0,36.38,0,0.8795,1,0.0
1009,33.6333,1,mask,,1.0714,1.0062,,1.0524,,,,,202,1.0,0.6205,0.0164,30.0,202.0,36.58,0,0.8759,1,0.0
1010,33.6667,1,mask,,1.1201,1.0341,,0.8351,,,,,200,1.0,0.613,0.0178,30.0,202.0,36.71,0,0.8774,1,0.0
1011,33.7,1,mask,,1.2521,1.0558,,0.6505,,,,,177,0.8894,0.4251,0.0182,29.0,201.0,36.86,0,0.8818,1,0.0
1012,33.7333,1,mask,,1.2299,1.0783,,0.6757,,,,,199,1.0,0.5297,0.0156,30.0,202.0,37.03,0,0.8941,1,0.0
1013,33.7667,1,mask,,1.2201,1.1279,,1.4894,,,,,197,1.0,0.5373,0.0148,30.0,201.0,36.78,0,0.8925,1,0.0
1014,33.8,1,mask,,1.2226,1.1611,,0.9941,,,,,196,0.9949,0.5484,0.0153,30.0,201.0,37.21,0,0.8888,1,0.0
1015,33.8333,1,mask,,1.2145,1.1826,,0.6462,,,,,196,1.0,0.5803,0.0161,30.0,201.0,37.15,0,0.8839,1,0.0
1016,33.8667,1,mask,,1.1699,1.1957,,0.394,,,,,199,1.0,0.6106,0.0161,31.0,198.0,37.4,0,0.8779,1,0.0
1017,33.9,1,mask,,1.1855,1.2023,,0.1969,,,,,198,1.0,0.7153,0.0165,30.0,202.0,37.55,0,0.8569,1,0.0
1018,33.9333,1,mask,,1.1917,1.1986,,-0.1118,,,,,196,1.0,0.7072,0.016,30.0,201.0,37.68,0,0.8586,1,0.0
1019,33.9667,1,mask,,1.1879,1.1948,,-0.112,,,,,196,1.0,0.7532,0.0128,30.0,201.0,37.3,0,0.8494,1,0.0
1020,34.0,1,mask,,1.234,1.1924,,-0.0728,,,,,195,1.0,0.7253,0.0146,30.0,201.0,38.68,0,0.8549,1,0.0
1021,34.0333,1,mask,,1.2312,1.1921,,-0.008,,,,,195,1.0,0.7041,0.0152,30.0,202.0,38.36,0,0.8592,1,0.0
1022,34.0667,1,mask,,1.1599,1.192,,-0.0052,,,,,194,1.0,0.7215,0.0122,31.0,198.0,38.14,0,0.8557,1,0.0
1023,34.1,1,mask,,1.1952,1.1931,,0.0338,,,,,191,1.0,0.6897,0.0096,30.0,199.0,38.43,0,0.8621,1,0.0
1024,34.1333,1,mask,,1.1447,1.1938,,0.022,,,,,192,1.0,0.741,0.0105,30.0,201.0,38.57,0,0.8518,1,0.0
1025,34.1667,1,mask,,1.2444,1.1943,,0.0143,,,,,192,1.0,0.6809,0.0115,30.0,201.0,38.59,0,0.8638,1,0.0
1026,34.2,1,mask,,1.22,1.1946,,0.0093,,,,,194,1.0,0.6497,0.0105,30.0,201.0,38.45,0,0.8701,1,0.0
1027,34.2333,1,mask,,1.2522,1.2035,,0.2662,,,,,194,1.0,0.6864,0.0112,30.0,201.0,38.7,0,0.8627,1,0.0
1028,34.2667,1,mask,,1.2123,1.2093,,0.173,,,,,194,1.0,0.6603,0.0109,30.0,201.0,38.4,0,0.8679,1,0.0
1029,34.3,1,mask,,1.1843,1.213,,0.1125,,,,,195,1.0,0.6735,0.0142,30.0,201.0,39.05,0,0.8653,1,0.0
1030,34.3333,1,mask,,1.2053,1.2128,,-0.0077,,,,,194,1.0,0.6353,0.0141,30.0,201.0,39.18,0,0.8729,1,0.0
1031,34.3667,1,mask,,1.2021,1.2101,,-0.0788,,,,,194,1.0,0.6739,0.0114,30.0,201.0,39.06,0,0.8652,1,0.0
1032,34.4,1,mask,,1.1402,1.2073,,-0.0838,,,,,192,1.0,0.6458,0.0101,30.0,201.0,39.86,0,0.8708,1,0.0
1033,34.4333,1,mask,,1.1889,1.2009,,-0.1941,,,,,192,1.0,0.6454,0.0096,30.0,201.0,40.2,0,0.8709,1,0.0
1034,34.4667,1,mask,,1.2034,1.2013,,0.0134,,,,,193,1.0,0.6639,0.0101,30.0,201.0,40.76,0,0.8672,1,0.0
1035,34.5,1,mask,,1.1709,1.197,,-0.1308,,,,,191,1.0,0.5811,0.0056,30.0,200.0,41.0,0,0.8838,1,0.0
1036,34.5333,1,mask,,1.3172,1.1941,,-0.085,,,,,191,1.0,0.6766,0.0139,30.0,199.0,40.96,0,0.8647,1,0.0
1037,34.5667,1,mask,,1.2926,1.1974,,0.0977,,,,,189,0.9844,0.6214,0.015,30.0,199.0,41.17,0,0.871,1,0.0
1038,34.6,1,mask,,1.2654,1.2212,,0.7146,,,,,191,1.0,0.6673,0.0139,30.0,199.0,41.51,0,0.8665,1,0.0
1039,34.6333,1,mask,,1.2941,1.2462,,0.75,,,,,187,1.0,0.7035,0.0128,29.0,199.0,42.01,0,0.8593,1,0.0
1040,34.6667,1,mask,,1.2807,1.2624,,0.4875,,,,,186,0.9947,0.7769,0.0158,29.0,198.0,42.34,0,0.843,1,0.0
1041,34.7,1,mask,,1.3029,1.273,,0.3169,,,,,182,0.9838,0.6882,0.0146,29.0,197.0,41.96,0,0.8575,1,0.0
1042,34.7333,1,mask,,1.2179,1.2757,,0.0812,,,,,180,1.0,0.8049,0.0142,28.0,196.0,40.87,0,0.839,1,0.0
1043,34.7667,1,mask,,1.246,1.2775,,0.0528,,,,,179,1.0,0.8517,0.0137,28.0,195.0,39.62,0,0.8297,1,0.0
1044,34.8,1,mask,,1.1898,1.2664,,-0.3309,,,,,180,1.0,0.9015,0.0159,28.0,195.0,38.15,0,0.8197,1,0.0
1045,34.8333,1,mask,,1.1071,1.2495,,-0.5094,,,,,177,0.9944,0.9538,0.0177,28.0,194.0,38.28,0,0.8076,1,0.0
1046,34.8667,1,mask,,1.2012,1.2326,,-0.5066,,,,,179,1.0,0.9118,0.0156,28.0,194.0,38.13,0,0.8176,1,0.0
1047,34.9,1,mask,,1.2067,1.2216,,-0.3293,,,,,179,1.0,0.9061,0.0181,28.0,194.0,38.01,0,0.8188,1,0.0
1048,34.9333,1,mask,,1.2688,1.2145,,-0.214,,,,,178,1.0,0.8761,0.0196,28.0,194.0,38.02,0,0.8248,1,0.0
1049,34.9667,1,mask,,1.2705,1.2117,,-0.0819,,,,,178,1.0,0.8803,0.0195,28.0,194.0,38.02,0,0.8239,1,0.0
1050,35.0,1,mask,,1.3721,1.2317,,0.5996,,,,,184,1.0,0.7899,0.0147,29.0,194.0,38.04,0,0.842,1,0.0
1051,35.0333,1,mask,,1.3669,1.2453,,0.4069,,,,,170,0.9392,0.6005,0.0173,28.0,195.0,37.8,0,0.8617,1,0.0
1052,35.0667,1,mask,,1.3415,1.279,,1.0107,,,,,168,0.9385,0.593,0.0177,28.0,192.0,37.72,0,0.863,1,0.0
1053,35.1,1,mask,,1.3323,1.3009,,0.6569,,,,,173,0.9719,0.6942,0.0187,28.0,192.0,37.66,0,0.8527,1,0.0
1054,35.1333,1,mask,,1.3041,1.3151,,0.427,,,,,181,0.9945,0.714,0.0178,29.0,192.0,37.7,0,0.8556,1,0.0
1055,35.1667,1,mask,,1.256,1.3211,,0.1809,,,,,178,1.0,0.74,0.0171,28.0,192.0,37.68,0,0.852,1,0.0
1056,35.2,1,mask,,1.2058,1.3152,,-0.1787,,,,,181,1.0,0.7359,0.0209,29.0,192.0,37.48,0,0.8528,1,0.0
1057,35.2333,1,mask,,1.2133,1.2945,,-0.6212,,,,,181,1.0,0.7264,0.0212,29.0,192.0,37.44,0,0.8547,1,0.0
1058,35.2667,1,mask,,1.2309,1.2722,,-0.6679,,,,,181,1.0,0.7315,0.0217,29.0,192.0,37.44,0,0.8537,1,0.0
1059,35.3,1,mask,,1.1938,1.2516,,-0.6185,,,,,181,1.0,0.7508,0.0217,29.0,192.0,37.44,0,0.8498,1,0.0
1060,35.3333,1,mask,,1.2037,1.2356,,-0.4812,,,,,180,1.0,0.7628,0.0218,29.0,191.0,37.73,0,0.8474,1,0.0
1061,35.3667,1,mask,,1.1921,1.2244,,-0.3348,,,,,181,1.0,0.6983,0.0172,29.0,192.0,37.8,0,0.8603,1,0.0
1062,35.4,1,mask,,1.267,1.2171,,-0.2176,,,,,183,1.0,0.8436,0.0114,29.0,194.0,39.08,0,0.8313,1,0.0
1063,35.4333,1,mask,,1.356,1.2124,,-0.1415,,,,,179,1.0,0.8267,0.0083,29.0,191.0,39.1,0,0.8347,1,0.0
1064,35.4667,1,mask,,1.2919,1.2315,,0.5732,,,,,185,1.0,0.885,0.0113,30.0,191.0,39.84,0,0.823,1,0.0
1065,35.5,1,mask,,1.3681,1.2527,,0.6339,,,,,180,1.0,0.8557,0.0076,29.0,191.0,40.18,0,0.8289,1,0.0
1066,35.5333,1,mask,,1.3396,1.2831,,0.9129,,,,,188,1.0,0.8857,0.0104,30.0,191.0,42.12,0,0.8229,1,0.0
1067,35.5667,1,mask,,1.2818,1.3029,,0.5934,,,,,189,1.0,0.8577,0.0036,30.0,192.0,41.85,0,0.8285,1,0.0
1068,35.6,1,mask,,1.2829,1.299,,-0.1152,,,,,189,1.0,0.8504,0.007,30.0,192.0,41.99,0,0.8299,1,0.0
1069,35.6333,1,mask,,1.2936,1.2971,,-0.0571,,,,,189,1.0,0.8503,0.0049,30.0,192.0,41.81,0,0.8299,1,0.0
1070,35.6667,1,mask,,1.3526,1.2959,,-0.0371,,,,,188,1.0,0.8669,0.0062,30.0,192.0,41.66,0,0.8266,1,0.0
1071,35.7,1,mask,,1.3126,1.2951,,-0.0241,,,,,189,1.0,0.8752,0.0075,30.0,192.0,41.29,0,0.825,1,0.0
1072,35.7333,1,mask,,1.3039,1.2982,,0.0929,,,,,186,0.9789,0.8559,0.0073,30.0,192.0,41.56,0,0.8225,1,0.0
1073,35.7667,1,mask,,1.3208,1.3032,,0.1515,,,,,190,0.9896,0.9082,0.007,30.0,193.0,41.67,0,0.8152,1,0.0
1074,35.8,1,mask,,1.3266,1.3094,,0.1846,,,,,188,0.9843,0.8964,0.0072,30.0,192.0,41.93,0,0.816,1,0.0
1075,35.8333,1,mask,,1.2269,1.3105,,0.0339,,,,,184,0.9634,0.8399,0.0069,30.0,188.0,41.37,0,0.821,1,0.0
1076,35.8667,1,mask,,1.3336,1.3141,,0.1081,,,,,187,0.9791,0.8861,0.0081,30.0,191.0,41.22,0,0.8165,1,0.0
1077,35.9,1,mask,,1.3462,1.3185,,0.131,,,,,187,0.9791,0.8748,0.0068,30.0,191.0,41.22,0,0.8188,1,0.0
1078,35.9333,1,mask,,1.2893,1.3213,,0.0851,,,,,182,0.9579,0.8101,0.0051,30.0,187.0,41.12,0,0.8253,1,0.0
1079,35.9667,1,mask,,1.4794,1.3256,,0.1285,,,,,189,1.0,0.9502,0.0007,30.0,195.0,41.29,0,0.81,1,0.0
1080,36.0,1,mask,,1.4814,1.3328,,0.2158,,,,,188,1.0,0.9509,0.0003,30.0,194.0,41.14,0,0.8098,1,0.0
1081,36.0333,1,mask,,1.5328,1.3841,,1.5397,,,,,184,0.9787,0.8458,0.0067,30.0,190.0,41.08,0,0.8245,1,0.0
1082,36.0667,1,mask,,1.6015,1.4182,,1.0217,,,,,182,0.9838,0.7968,0.007,30.0,189.0,41.28,0,0.8358,1,0.0
1083,36.1,1,mask,,1.4945,1.4449,,0.8015,,,,,180,0.973,0.7652,0.0089,30.0,190.0,40.54,0,0.8388,1,0.0
1084,36.1333,1,mask,,1.4155,1.4623,,0.521,,,,,175,0.9669,0.6649,0.0095,30.0,184.0,40.11,0,0.8571,1,0.0
1085,36.1667,1,mask,,1.4067,1.4735,,0.3386,,,,,174,0.9721,0.6247,0.0113,30.0,184.0,39.84,0,0.8667,1,0.0
1086,36.2,1,mask,,1.2375,1.4532,,-0.6098,,,,,181,0.9784,0.6127,0.0074,31.0,183.0,39.31,0,0.871,1,0.0
1087,36.2333,1,mask,,1.3719,1.4369,,-0.4889,,,,,175,0.9777,0.5977,0.0109,30.0,184.0,39.27,0,0.8738,1,0.0
1088,36.2667,1,mask,,1.2957,1.4142,,-0.683,,,,,174,0.9775,0.5765,0.012,30.0,183.0,38.77,0,0.878,1,0.0
1089,36.3,1,mask,,1.19,1.3727,,-1.2433,,,,,179,0.9781,0.5837,0.0092,31.0,182.0,38.69,0,0.8767,1,0.0
1090,36.3333,1,mask,,1.1234,1.3254,,-1.4198,,,,,181,0.9784,0.5029,0.0048,31.0,181.0,39.3,0,0.8929,1,0.0
1091,36.3667,1,mask,,1.1779,1.278,,-1.4218,,,,,181,0.9731,0.5048,0.0058,31.0,182.0,39.36,0,0.891,1,0.0
1092,36.4,1,mask,,1.2076,1.2472,,-0.9242,,,,,174,0.9457,0.4303,0.0098,31.0,181.0,39.24,0,0.8976,1,0.0
1093,36.4333,1,mask,,1.1905,1.2272,,-0.6007,,,,,174,0.9457,0.4538,0.0094,31.0,181.0,39.22,0,0.8929,1,0.0
1094,36.4667,1,mask,,1.1097,1.2099,,-0.5173,,,,,178,0.9727,0.5232,0.0077,31.5,181.0,39.54,0,0.8872,1,0.0
1095,36.5,1,mask,,1.1634,1.1987,,-0.3363,,,,,177,0.9725,0.5197,0.0076,31.0,181.0,40.0,0,0.8878,1,0.0
1096,36.5333,1,mask,,1.1369,1.1864,,-0.3703,,,,,178,0.978,0.5309,0.0081,31.0,182.0,40.44,0,0.8872,1,0.0
1097,36.5667,1,mask,,1.07,1.169,,-0.5197,,,,,174,0.9831,0.5258,0.0051,32.0,181.0,40.64,0,0.8897,1,0.0
1098,36.6,1,mask,,1.0637,1.1483,,-0.6232,,,,,176,0.9724,0.5133,0.0024,32.0,182.0,41.54,0,0.8891,1,0.0
1099,36.6333,1,mask,,1.0866,1.1267,,-0.6475,,,,,171,0.9771,0.5294,0.0019,32.0,183.0,41.69,0,0.8873,1,0.0
1100,36.6667,1,mask,,1.08,1.1103,,-0.4901,,,,,170,0.977,0.5356,0.0015,32.0,183.0,41.49,0,0.886,1,0.0
1101,36.7,1,mask,,1.1388,1.0997,,-0.3186,,,,,171,0.9942,0.576,0.0011,32.0,187.0,41.65,0,0.8831,1,0.0
1102,36.7333,1,mask,,1.1462,1.0951,,-0.1378,,,,,171,0.9942,0.5919,0.0006,32.0,187.0,41.4,0,0.8799,1,0.0
1103,36.7667,1,mask,,1.1632,1.1104,,0.4584,,,,,171,1.0,0.5976,0.0007,32.0,187.0,41.77,0,0.8805,1,0.0
1104,36.8,1,mask,,1.1581,1.123,,0.3763,,,,,172,1.0,0.5997,0.0004,32.0,187.0,41.63,0,0.8801,1,0.0
1105,36.8333,1,mask,,1.1598,1.1353,,0.3694,,,,,172,1.0,0.5993,0.0009,32.0,187.0,41.73,0,0.8801,1,0.0
1106,36.8667,1,mask,,1.141,1.1433,,0.2401,,,,,173,1.0,0.6113,0.0008,32.0,187.0,41.95,0,0.8777,1,0.0
1107,36.9,1,mask,,1.1787,1.1491,,0.1736,,,,,171,1.0,0.5704,0.0009,32.0,187.0,42.12,0,0.8859,1,0.0
1108,36.9333,1,mask,,1.1791,1.1528,,0.1128,,,,,170,1.0,0.5706,0.0008,32.0,187.0,41.88,0,0.8859,1,0.0
1109,36.9667,1,mask,,1.1687,1.1584,,0.1671,,,,,171,0.9942,0.5615,0.0015,32.0,186.0,41.45,0,0.886,1,0.0
1110,37.0,1,mask,,1.2967,1.1655,,0.213,,,,,179,0.9944,0.6325,0.0021,31.0,187.0,41.34,0,0.8718,1,0.0
1111,37.0333,1,mask,,1.3839,1.1702,,0.1425,,,,,180,1.0,0.6609,0.0013,31.0,188.0,41.5,0,0.8678,1,0.0
1112,37.0667,1,mask,,1.3741,1.2145,,1.3275,,,,,180,1.0,0.6581,0.002,31.0,188.0,40.89,0,0.8684,1,0.0
1113,37.1,1,mask,,1.3882,1.2704,,1.6761,,,,,180,1.0,0.6695,0.0025,31.0,188.0,40.61,0,0.8661,1,0.0
1114,37.1333,1,mask,,1.3733,1.3067,,1.0895,,,,,181,1.0,0.6447,0.0005,31.0,189.0,41.94,0,0.8711,1,0.0
1115,37.1667,1,mask,,1.351,1.3303,,0.7081,,,,,181,1.0,0.6686,0.0032,31.0,188.0,41.24,0,0.8663,1,0.0
1116,37.2,1,mask,,1.3387,1.3453,,0.4513,,,,,181,1.0,0.6422,0.0036,31.0,188.0,40.94,0,0.8716,1,0.0
1117,37.2333,1,mask,,1.3767,1.3551,,0.2933,,,,,180,0.9945,0.6319,0.0044,31.0,189.0,40.63,0,0.872,1,0.0
1118,37.2667,1,mask,,1.2925,1.3537,,-0.0425,,,,,179,0.989,0.6188,0.0025,31.0,188.0,40.91,0,0.8729,1,0.0
1119,37.3,1,mask,,1.3568,1.3528,,-0.0276,,,,,182,1.0,0.6158,0.0034,31.0,191.0,40.73,0,0.8768,1,0.0
1120,37.3333,1,mask,,1.3501,1.3518,,-0.0282,,,,,182,1.0,0.604,0.0044,31.0,191.0,40.84,0,0.8792,1,0.0
1121,37.3667,1,mask,,1.352,1.3519,,0.0014,,,,,182,1.0,0.584,0.0052,31.0,191.0,40.82,0,0.8832,1,0.0
1122,37.4,1,mask,,1.3666,1.3519,,0.0009,,,,,181,1.0,0.5603,0.0047,31.0,190.0,40.68,0,0.8879,1,0.0
1123,37.4333,1,mask,,1.2885,1.3519,,0.0006,,,,,176,0.967,0.4883,0.0034,31.0,185.0,41.22,0,0.8924,1,0.0
1124,37.4667,1,mask,,1.347,1.3513,,-0.0193,,,,,179,0.9781,0.5011,0.0041,31.0,192.0,41.25,0,0.8932,1,0.0
1125,37.5,1,mask,,1.2831,1.3498,,-0.0445,,,,,176,0.9617,0.4776,0.0046,31.0,185.0,40.98,0,0.893,1,0.0
1126,37.5333,1,mask,,1.2967,1.3312,,-0.5571,,,,,176,0.9617,0.4742,0.0043,31.0,185.0,41.13,0,0.8937,1,0.0
1127,37.5667,1,mask,,1.2028,1.3163,,-0.4485,,,,,175,0.9459,0.4639,0.0031,31.0,189.0,40.41,0,0.891,1,0.0
1128,37.6,1,mask,,1.2352,1.3047,,-0.3478,,,,,171,0.9243,0.4314,0.0012,31.0,183.0,40.4,0,0.891,1,0.0
1129,37.6333,1,mask,,1.2474,1.2846,,-0.6018,,,,,176,0.9944,0.5192,0.0065,29.0,187.0,40.3,0,0.8945,1,0.0
1130,37.6667,1,mask,,1.3669,1.2716,,-0.3912,,,,,165,0.927,0.4144,0.0037,29.0,187.0,39.76,0,0.8952,1,0.0
1131,37.7,1,mask,,1.251,1.2631,,-0.2543,,,,,177,0.9944,0.5033,0.008,29.0,188.0,39.16,0,0.8977,1,0.0
1132,37.7333,1,mask,,1.308,1.2589,,-0.1272,,,,,177,0.9944,0.5031,0.0081,29.0,188.0,38.79,0,0.8977,1,0.0
1133,37.7667,1,mask,,1.3615,1.2761,,0.5162,,,,,177,0.9944,0.5274,0.0107,29.0,188.0,38.89,0,0.8928,1,0.0
1134,37.8,1,mask,,1.3943,1.306,,0.8966,,,,,186,0.9947,0.4906,0.0087,30.0,196.0,39.46,0,0.9003,1,0.0
1135,37.8333,1,mask,,1.2705,1.3067,,0.0217,,,,,186,0.9894,0.4917,0.0093,30.0,195.0,39.2,0,0.8985,1,0.0
1136,37.8667,1,mask,,1.3929,1.3259,,0.5752,,,,,187,0.9947,0.534,0.0126,30.0,196.0,39.29,0,0.8916,1,0.0
1137,37.9,0,,no_mask,,,,,,,,,0,0.0,,,,,,0,0.0,1,0.0
1138,37.9333,0,,no_mask,,,,,,,,,0,0.0,,,,,,0,0.0,1,0.0
1139,37.9667,0,,no_mask,,,,,,,,,0,0.0,,,,,,0,0.0,1,0.0
1140,38.0,1,mask,,1.5788,1.3818,,,,,,,140,0.8092,0.3352,0.0059,28.0,168.0,38.22,0,0.8757,1,0.0
1141,38.0333,1,mask,,1.7751,1.4851,,3.0984,,,,,176,1.0,0.6568,0.0021,29.0,186.0,38.27,0,0.8686,1,0.0
1142,38.0667,1,mask,,1.7701,1.5849,,2.9924,,,,,171,0.9771,0.6903,0.002,29.0,186.0,38.03,0,0.8551,1,0.0
1143,38.1,1,mask,,1.8428,1.6506,,1.9712,,,,,175,1.0,0.7829,0.0045,29.0,186.0,38.6,0,0.8434,1,0.0
1144,38.1333,1,mask,,1.9193,1.6941,,1.3074,,,,,174,1.0,0.9449,0.0068,28.0,186.0,38.58,0,0.811,1,0.0
1145,38.1667,1,mask,,2.1295,1.7462,,1.5606,,,,,175,1.0,1.058,0.0192,28.0,187.0,38.86,0,0.7884,1,0.0
1146,38.2,1,mask,,2.2809,1.8067,,1.8174,,,,,163,1.0,1.1751,0.0087,27.0,187.0,38.69,0,0.765,1,0.0
1147,38.2333,1,mask,,2.4973,1.9197,,3.3886,,,,,159,0.9034,0.7749,0.0256,27.0,170.0,39.04,0,0.816,1,0.0
1148,38.2667,1,mask,,2.5364,2.0461,,3.7928,,,,,159,0.9034,0.7473,0.0246,27.0,170.0,39.06,0,0.8216,1,0.0
1149,38.3,1,mask,,2.3726,2.1604,,3.4275,,,,,161,0.9148,0.7974,0.0252,27.0,172.0,39.17,0,0.815,1,0.0
1150,38.3333,1,mask,,2.2906,2.2346,,2.2279,,,,,167,0.9543,0.9005,0.0241,27.0,187.0,39.17,0,0.8062,1,0.0
1151,38.3667,1,mask,,2.1896,2.2829,,1.4481,,,,,163,1.0,1.0375,0.0167,27.0,186.0,44.29,0,0.7925,1,0.0
1152,38.4,1,mask,,2.0797,2.2856,,0.0809,,,,,176,1.0,0.9765,0.0229,28.0,187.0,44.25,0,0.8047,1,0.0
1153,38.4333,1,mask,,2.2888,2.2867,,0.0334,,,,,167,0.9543,0.8633,0.0257,27.0,178.0,44.56,0,0.8136,1,0.0
1154,38.4667,1,mask,,2.054,2.2527,,-1.0196,,,,,176,1.0,0.9644,0.0241,28.0,186.0,44.47,0,0.8071,1,0.0
1155,38.5,1,mask,,2.0,2.1922,,-1.817,,,,,174,1.0,0.8481,0.013,28.0,185.0,43.79,0,0.8304,1,0.0
1156,38.5333,1,mask,,2.0845,2.1528,,-1.181,,,,,171,0.9884,0.8511,0.0107,28.0,185.0,43.73,0,0.8263,1,0.0
1157,38.5667,1,mask,,2.2266,2.1289,,-0.7167,,,,,159,0.9755,0.851,0.0029,27.0,184.0,43.43,0,0.8224,1,0.0
1158,38.6,1,mask,,2.034,2.1027,,-0.7863,,,,,161,0.9938,0.8498,0.0045,27.0,183.0,43.38,0,0.8282,1,0.0
1159,38.6333,1,mask,,2.048,2.0835,,-0.5747,,,,,154,0.9506,0.8232,0.0096,27.0,176.0,42.77,0,0.8205,1,0.0
1160,38.6667,1,mask,,2.1756,2.0839,,0.0105,,,,,148,0.9427,0.9124,0.0061,26.0,174.0,42.84,0,0.8003,1,0.0
1161,38.7,1,mask,,1.8156,2.0713,,-0.3772,,,,,156,0.9811,1.1052,0.0168,26.0,182.0,42.5,0,0.7733,1,0.0
1162,38.7333,0,mask,rms_too_big,1.6431,,,,,,,,154,1.0,1.4053,0.0274,25.0,184.0,34.02,0,0.7189,1,0.0
1163,38.7667,0,mask,rms_too_big,1.4552,,,,,,,,152,0.987,1.3304,0.0336,25.0,182.0,33.33,0,0.73,1,0.0
1164,38.8,0,mask,rms_too_big,1.5706,,,,,,,,154,1.0,1.3491,0.0337,25.0,184.0,33.32,0,0.7302,1,0.0
1165,38.8333,0,mask,rms_too_big,1.5781,,,,,,,,154,1.0,1.3476,0.0324,25.0,184.0,33.19,0,0.7305,1,0.0
1166,38.8667,0,mask,rms_too_big,1.5959,,,,,,,,154,1.0,1.3654,0.0346,25.0,183.0,42.69,0,0.7269,1,0.0
1167,38.9,0,mask,rms_too_big,1.6165,,,,,,,,154,1.0,1.3455,0.0396,25.0,182.0,43.21,0,0.7309,1,0.0
1168,38.9333,0,mask,rms_too_big,1.5413,,,,,,,,152,0.987,1.2854,0.0351,25.0,180.0,43.21,0,0.739,1,0.0
1169,38.9667,0,mask,rms_too_big,1.5761,,,,,,,,153,0.9935,1.3147,0.0363,25.0,181.0,43.04,0,0.7351,1,0.0
1170,39.0,1,mask,,1.2767,1.7932,,,,,,,130,0.9028,0.9806,0.0313,25.5,169.0,43.53,0,0.7747,1,0.0
1171,39.0333,1,mask,,1.652,1.6781,,-3.4531,,,,,150,0.974,1.0831,0.0395,25.0,178.0,44.43,0,0.7756,1,0.0
1172,39.0667,1,mask,,1.6061,1.6529,,-0.7562,,,,,152,0.987,1.1225,0.0392,25.0,179.0,44.43,0,0.7716,1,0.0
1173,39.1,1,mask,,1.5653,1.6294,,-0.7056,,,,,139,0.9329,0.9273,0.0426,25.0,171.0,43.87,0,0.7944,1,0.0
1174,39.1333,1,mask,,1.5627,1.6069,,-0.6727,,,,,128,0.8767,0.7986,0.0429,25.0,162.0,43.66,0,0.8033,1,0.0
1175,39.1667,1,mask,,1.1903,1.5924,,-0.4372,,,,,132,0.9429,0.9498,0.0417,25.0,172.0,42.88,0,0.7929,1,0.0
1176,39.2,1,mask,,1.2963,1.582,,-0.3111,,,,,130,0.9353,0.9445,0.043,25.0,169.0,42.92,0,0.7917,1,0.0
1177,39.2333,1,mask,,1.3851,1.5131,,-2.067,,,,,121,0.8832,0.8322,0.0413,25.0,163.0,43.24,0,0.7985,1,0.0
1178,39.2667,1,mask,,1.3274,1.4481,,-1.9495,,,,,122,0.8971,0.8516,0.0418,25.0,168.0,41.77,0,0.7988,1,0.0
1179,39.3,1,mask,,1.5871,1.4059,,-1.2672,,,,,125,0.8865,0.7068,0.0337,25.0,163.0,42.92,0,0.8246,1,0.0
1180,39.3333,1,mask,,1.6212,1.3986,,-0.2177,,,,,129,0.8836,0.7176,0.034,25.0,163.0,42.45,0,0.8215,1,0.0
1181,39.3667,1,mask,,1.6999,1.4646,,1.9788,,,,,124,0.8611,0.6066,0.0295,25.0,161.0,42.35,0,0.837,1,0.0
1182,39.4,1,mask,,1.4944,1.5074,,1.2862,,,,,123,0.9111,0.7156,0.0359,25.0,165.0,41.95,0,0.8302,1,0.0
1183,39.4333,1,mask,,1.4346,1.5353,,0.836,,,,,132,0.9296,0.7448,0.035,25.0,171.0,40.73,0,0.8299,1,0.0
1184,39.4667,1,mask,,1.445,1.521,,-0.4301,,,,,127,0.927,0.5804,0.0387,26.0,168.0,40.16,0,0.862,1,0.0
1185,39.5,1,mask,,1.5028,1.5117,,-0.2796,,,,,128,0.9481,0.6371,0.0385,26.0,170.0,39.97,0,0.857,1,0.0
1186,39.5333,1,mask,,1.7294,1.5056,,-0.1817,,,,,151,0.9321,0.592,0.0171,27.0,169.0,42.25,0,0.8612,1,0.0
1187,39.5667,1,mask,,1.3569,1.4844,,-0.6359,,,,,120,0.9375,0.5774,0.0421,26.0,159.0,41.13,0,0.8658,1,0.0
1188,39.6,1,mask,,1.4063,1.4706,,-0.4134,,,,,117,0.9435,0.5901,0.0417,26.0,157.0,41.36,0,0.865,1,0.0
1189,39.6333,1,mask,,1.5217,1.4819,,0.3374,,,,,153,0.9684,0.6537,0.0235,27.0,175.0,41.81,0,0.8598,1,0.0
1190,39.6667,1,mask,,1.386,1.4554,,-0.7938,,,,,112,0.9492,0.6246,0.0452,27.0,156.0,41.96,0,0.8598,1,0.0
1191,39.7,1,mask,,1.6414,1.4382,,-0.516,,,,,123,0.9919,0.6604,0.0332,27.0,160.0,42.19,0,0.8655,1,0.0
1192,39.7333,1,mask,,1.5254,1.4674,,0.8763,,,,,121,0.9758,0.6255,0.0388,28.0,159.0,42.19,0,0.8676,1,0.0
1193,39.7667,1,mask,,1.554,1.4877,,0.6084,,,,,112,0.918,0.5811,0.0382,28.0,156.0,42.61,0,0.8592,1,0.0
1194,39.8,1,mask,,1.3862,1.5009,,0.3954,,,,,114,0.9268,0.6327,0.0384,28.0,154.0,43.29,0,0.8515,1,0.0
1195,39.8333,1,mask,,1.3696,1.5094,,0.257,,,,,121,0.9453,0.6427,0.0402,28.0,155.0,43.17,0,0.855,1,0.0
1196,39.8667,1,mask,,1.36,1.4663,,-1.2942,,,,,115,0.935,0.6054,0.0409,28.0,154.0,43.22,0,0.8594,1,0.0
1197,39.9,1,mask,,1.4474,1.4383,,-0.8412,,,,,111,0.9174,0.5812,0.04,28.0,153.0,43.24,0,0.859,1,0.0
1198,39.9333,1,mask,,1.4491,1.42,,-0.5468,,,,,108,0.9,0.5423,0.0396,28.0,153.0,43.25,0,0.8615,1,0.0
1199,39.9667,1,mask,,1.4567,1.4296,,0.2872,,,,,108,0.9,0.547,0.0393,28.0,153.0,43.22,0,0.8606,1,0.0
1200,40.0,1,mask,,0.1342,1.4358,,0.1867,,,,,291,0.9966,1.1822,0.0095,30.0,306.0,40.2,0,0.7625,1,0.0
1201,40.0333,1,mask,,0.7197,1.4399,,0.1214,,,,,254,0.8975,0.9813,0.0059,30.0,269.0,40.07,0,0.773,1,0.0
1202,40.0667,1,mask,,0.5303,1.1878,,-7.5619,,,,,260,0.9187,1.0639,0.0053,30.0,285.0,40.03,0,0.7628,1,0.0
1203,40.1,1,mask,,0.7475,1.024,,-4.9152,,,,,255,0.9011,0.9549,0.0056,30.0,270.0,40.0,0,0.7793,1,0.0
1204,40.1333,1,mask,,0.7303,0.9175,,-3.1949,,,,,254,0.8975,0.9459,0.0058,30.0,269.0,39.92,0,0.7801,1,0.0
1205,40.1667,1,mask,,0.6693,0.8483,,-2.0767,,,,,259,0.9152,1.0159,0.0055,30.0,278.0,39.92,0,0.7714,1,0.0
1206,40.2,1,mask,,0.7234,0.8046,,-1.3107,,,,,254,0.8975,0.9383,0.0054,30.0,269.0,39.91,0,0.7816,1,0.0
1207,40.2333,1,mask,,0.7273,0.7775,,-0.8113,,,,,254,0.8975,0.9294,0.0046,30.0,269.0,39.98,0,0.7834,1,0.0
1208,40.2667,0,,no_mask,,,,,,,,,0,0.0,,,,,,0,0.0,1,0.0
1209,40.3,0,,no_mask,,,,,,,,,0,0.0,,,,,,0,0.0,1,0.0
1210,40.3333,0,,no_mask,,,,,,,,,0,0.0,,,,,,0,0.0,1,0.0
1211,40.3667,1,mask,,0.5953,0.7368,,,,,,,247,0.843,0.7063,0.0095,30.0,262.0,39.44,0,0.8116,1,0.0
1212,40.4,1,mask,,0.7842,0.7204,,-0.4944,,,,,246,0.8571,0.7799,0.0101,30.0,261.0,39.39,0,0.8012,1,0.0
1213,40.4333,1,mask,,0.7787,0.7408,,0.6129,,,,,243,0.8497,0.7485,0.0093,30.0,261.0,39.38,0,0.8052,1,0.0
1214,40.4667,1,mask,,0.7769,0.7537,,0.3887,,,,,243,0.8467,0.7479,0.0079,30.0,261.0,39.5,0,0.8044,1,0.0
1215,40.5,1,mask,,0.7408,0.7618,,0.2429,,,,,246,0.8483,0.7508,0.0098,30.0,261.0,39.64,0,0.8043,1,0.0
1216,40.5333,1,mask,,0.6392,0.7671,,0.1579,,,,,248,0.8611,0.8324,0.0141,30.0,265.0,39.49,0,0.7919,1,0.0
1217,40.5667,1,mask,,0.6409,0.7579,,-0.276,,,,,249,0.8676,0.8242,0.0139,30.0,266.0,39.11,0,0.7954,1,0.0
1218,40.6,1,mask,,0.6003,0.717,,-1.2281,,,,,253,0.8724,0.8725,0.0122,30.0,268.0,39.14,0,0.7872,1,0.0
1219,40.6333,1,mask,,0.5886,0.6898,,-0.8162,,,,,253,0.8724,0.8778,0.0135,30.0,268.0,39.19,0,0.7862,1,0.0
1220,40.6667,1,mask,,0.5698,0.6584,,-0.9399,,,,,253,0.8724,0.8807,0.0128,30.0,268.0,39.35,0,0.7856,1,0.0
1221,40.7,0,mask,rms_too_big,0.1456,,,,,,,,284,0.9793,1.3158,0.0117,30.0,302.0,39.71,0,0.7306,1,0.0
1222,40.7333,0,mask,rms_too_big,0.0504,,,,,,,,289,0.9966,1.3289,0.0101,30.0,304.0,39.79,0,0.7332,1,0.0
1223,40.7667,0,mask,rms_too_big,0.0467,,,,,,,,289,0.9966,1.3263,0.0096,30.0,304.0,39.8,0,0.7337,1,0.0
1224,40.8,0,mask,rms_too_big,0.0307,,,,,,,,289,0.9966,1.3269,0.0093,30.0,304.0,40.03,0,0.7336,1,0.0
1225,40.8333,0,mask,rms_too_big,-0.0042,,,,,,,,289,0.9966,1.3724,0.0086,30.0,304.0,39.92,0,0.7245,1,0.0
1226,40.8667,0,mask,rms_too_big,0.0027,,,,,,,,289,0.9966,1.3578,0.0087,30.0,304.0,39.94,0,0.7274,1,0.0
1227,40.9,0,mask,rms_too_big,-0.0098,,,,,,,,289,0.9966,1.3632,0.0088,30.0,304.0,40.03,0,0.7263,1,0.0
1228,40.9333,0,mask,rms_too_big,-0.0025,,,,,,,,289,0.9966,1.3662,0.0084,30.0,304.0,40.11,0,0.7257,1,0.0
1229,40.9667,0,mask,rms_too_big,-0.0281,,,,,,,,289,0.9966,1.4494,0.0071,30.0,304.0,39.94,0,0.7091,1,0.0
1230,41.0,0,mask,rms_too_big,-0.0117,,,,,,,,289,0.9966,1.4424,0.0068,30.0,304.0,39.95,0,0.7105,1,0.0
1231,41.0333,0,mask,rms_too_big,-0.0016,,,,,,,,289,0.9966,1.42,0.0074,30.0,304.0,39.93,0,0.715,1,0.0
1232,41.0667,0,mask,rms_too_big,-0.001,,,,,,,,287,0.9965,1.4236,0.0092,29.0,304.0,39.78,0,0.7142,1,0.0
1233,41.1,0,mask,rms_too_big,0.0122,,,,,,,,289,0.9966,1.3846,0.0087,30.0,304.0,39.54,0,0.722,1,0.0
1234,41.1333,0,mask,rms_too_big,0.0187,,,,,,,,289,0.9966,1.3829,0.0089,30.0,304.0,39.4,0,0.7224,1,0.0
1235,41.1667,0,mask,rms_too_big,0.0066,,,,,,,,289,0.9966,1.3482,0.0092,30.0,304.0,39.3,0,0.7293,1,0.0
1236,41.2,0,mask,rms_too_big,-0.0176,,,,,,,,289,0.9966,1.3506,0.011,30.0,304.0,39.26,0,0.7288,1,0.0
1237,41.2333,0,mask,rms_too_big,-0.0466,,,,,,,,289,0.9931,1.2868,0.0111,30.0,303.0,39.49,0,0.7406,1,0.0
1238,41.2667,0,mask,rms_too_big,-0.0558,,,,,,,,288,0.9931,1.2779,0.0111,30.0,303.0,39.45,0,0.7423,1,0.0
1239,41.3,0,mask,rms_too_big,-0.0047,,,,,,,,287,0.9965,1.2966,0.0125,30.0,304.0,39.41,0,0.7396,1,0.0
1240,41.3333,1,mask,,0.2324,0.5093,,,,,,,234,0.8153,0.8414,0.016,31.0,259.0,39.63,0,0.7763,1,0.0
1241,41.3667,1,mask,,-0.2063,0.3356,,-5.2108,,,,,270,0.9278,1.1107,0.0114,30.0,294.0,39.95,0,0.7562,1,0.0
1242,41.4,1,mask,,-0.2133,0.146,,-5.6904,,,,,281,0.9623,1.1671,0.012,30.0,294.0,40.06,0,0.7553,1,0.0
1243,41.4333,1,mask,,-0.2467,0.0214,,-3.7357,,,,,282,0.9691,1.1878,0.0105,30.0,296.0,40.31,0,0.7532,1,0.0
1244,41.4667,1,mask,,-0.2442,-0.0607,,-2.4651,,,,,283,0.9725,1.1909,0.0096,30.0,297.0,40.54,0,0.7536,1,0.0
1245,41.5,1,mask,,-0.1424,-0.1141,,-1.6023,,,,,269,0.9642,1.1367,0.0096,31.0,298.0,40.56,0,0.7619,1,0.0
1246,41.5333,1,mask,,-0.0343,-0.1489,,-1.0415,,,,,256,0.9176,1.0239,0.0094,31.0,293.0,40.7,0,0.7705,1,0.0
1247,41.5667,0,mask,rms_too_big,-0.1186,,,,,,,,276,0.9892,1.2499,0.0075,31.0,302.0,40.76,0,0.7468,1,0.0
1248,41.6,0,mask,rms_too_big,-0.1301,,,,,,,,274,0.9821,1.2365,0.0072,31.0,301.0,40.59,0,0.7473,1,0.0
1249,41.6333,1,mask,,0.3614,-0.1088,,,,,,,221,0.7978,0.7636,0.0227,31.0,233.0,40.8,0,0.7866,1,0.0
1250,41.6667,1,mask,,-0.2328,-0.0827,,0.782,,,,,266,0.9333,1.1263,0.0063,30.5,292.0,40.72,0,0.7547,1,0.0
1251,41.7,1,mask,,-0.2127,-0.1282,,-1.3649,,,,,266,0.9366,1.0843,0.0061,30.5,292.0,40.69,0,0.7641,1,0.0
1252,41.7333,1,mask,,0.1174,-0.1,,0.8457,,,,,217,0.7834,0.7046,0.0059,31.0,257.0,40.57,0,0.7941,1,0.0
1253,41.7667,1,mask,,0.1045,-0.0284,,2.1474,,,,,225,0.8123,0.6984,0.005,31.0,257.0,40.81,0,0.804,1,0.0
1254,41.8,1,mask,,0.0831,0.0106,,1.1713,,,,,225,0.8182,0.7062,0.0051,31.0,257.0,40.82,0,0.8042,1,0.0
1255,41.8333,1,mask,,0.1055,0.0435,,0.9859,,,,,227,0.8255,0.687,0.0056,31.0,257.0,40.82,0,0.8102,1,0.0
1256,41.8667,1,mask,,-0.2049,0.0649,,0.6408,,,,,281,0.969,1.0734,0.0055,30.0,296.0,40.74,0,0.776,1,0.0
1257,41.9,1,mask,,-0.0056,0.0713,,0.192,,,,,231,0.8462,0.7509,0.003,31.0,292.0,40.45,0,0.8037,1,0.0
1258,41.9333,1,mask,,-0.0194,0.0444,,-0.8071,,,,,234,0.854,0.7333,0.0065,31.0,292.0,40.41,0,0.8096,1,0.0
1259,41.9667,1,mask,,0.1003,0.0269,,-0.5246,,,,,242,0.8832,0.7292,0.0044,31.0,290.0,40.21,0,0.8191,1,0.0
1260,42.0,1,mask,,-0.2064,0.0107,,-0.4853,,,,,278,0.9553,0.9347,0.007,30.0,293.0,40.21,0,0.7996,1,0.0
1261,42.0333,1,mask,,-0.1602,0.0002,,-0.3155,,,,,279,0.9588,0.9674,0.0076,30.0,293.0,40.24,0,0.7941,1,0.0
1262,42.0667,1,mask,,-0.1516,-0.053,,-1.5941,,,,,279,0.9621,0.9518,0.0051,30.0,294.0,40.23,0,0.7983,1,0.0
1263,42.1,1,mask,,-0.1957,-0.0905,,-1.1257,,,,,279,0.9621,0.9554,0.0074,30.0,294.0,40.22,0,0.7975,1,0.0
1264,42.1333,1,mask,,-0.1114,-0.1149,,-0.7317,,,,,263,0.91,0.8271,0.0041,30.0,294.0,40.53,0,0.8076,1,0.0
1265,42.1667,1,mask,,-0.1375,-0.1277,,-0.3861,,,,,275,0.9516,0.9575,0.0107,30.0,294.0,40.79,0,0.794,1,0.0
1266,42.2,1,mask,,-0.1451,-0.1338,,-0.1822,,,,,273,0.9446,0.9528,0.0097,31.0,294.0,40.73,0,0.7928,1,0.0
1267,42.2333,1,mask,,-0.113,-0.1351,,-0.0385,,,,,277,0.9618,0.9865,0.0077,30.0,298.0,40.76,0,0.7912,1,0.0
1268,42.2667,1,mask,,-0.1044,-0.1274,,0.2317,,,,,258,0.8958,0.824,0.0025,31.0,299.0,40.91,0,0.804,1,0.0
1269,42.3,1,mask,,-0.1462,-0.1309,,-0.1061,,,,,247,0.8401,0.6744,0.0009,31.0,296.0,41.49,0,0.8172,1,0.0
1270,42.3333,1,mask,,-0.1415,-0.1346,,-0.1108,,,,,246,0.8367,0.6729,0.004,31.0,296.0,41.38,0,0.8164,1,0.0
1271,42.3667,1,mask,,-0.1629,-0.137,,-0.072,,,,,246,0.8425,0.6722,0.0041,31.0,294.0,41.37,0,0.8183,1,0.0
1272,42.4,1,mask,,-0.1223,-0.1386,,-0.0468,,,,,243,0.8322,0.6575,0.0043,31.0,294.0,41.72,0,0.8182,1,0.0
1273,42.4333,1,mask,,-0.1547,-0.1412,,-0.0802,,,,,244,0.8356,0.6813,0.0044,31.0,294.0,41.57,0,0.8144,1,0.0
1274,42.4667,1,mask,,-0.1754,-0.146,,-0.1417,,,,,242,0.8259,0.621,0.0053,31.0,292.0,41.64,0,0.8236,1,0.0
1275,42.5,1,mask,,-0.1312,-0.149,,-0.0921,,,,,246,0.8396,0.6285,0.0046,31.0,295.0,41.76,0,0.8262,1,0.0
1276,42.5333,1,mask,,-0.0945,-0.1428,,0.1872,,,,,229,0.7816,0.4975,0.0043,31.0,294.0,41.97,0,0.835,1,0.0
1277,42.5667,1,mask,,-0.1214,-0.1387,,0.1217,,,,,228,0.7782,0.4671,0.0044,31.0,294.0,42.08,0,0.84,1,0.0
1278,42.6,1,mask,,-0.0844,-0.1327,,0.1819,,,,,229,0.7789,0.4449,0.0045,31.0,298.0,42.21,0,0.8447,1,0.0
1279,42.6333,1,mask,,-0.076,-0.1193,,0.4006,,,,,236,0.8027,0.4468,0.004,31.0,301.0,42.32,0,0.8515,1,0.0
1280,42.6667,1,mask,,-0.0591,-0.1071,,0.3664,,,,,235,0.7993,0.4376,0.0042,31.0,302.0,42.49,0,0.8523,1,0.0
1281,42.7,1,mask,,-0.1701,-0.0992,,0.2382,,,,,136,0.4642,0.1476,0.0052,31.5,285.0,42.29,0,0.8097,1,0.0
1282,42.7333,1,mask,,-0.1493,-0.094,,0.1548,,,,,155,0.529,0.1645,0.0059,31.0,285.0,42.22,0,0.8258,1,0.0
1283,42.7667,1,mask,,-0.1372,-0.1091,,-0.4532,,,,,142,0.4863,0.135,0.0056,31.0,284.0,42.1,0,0.8189,1,0.0
1284,42.8,1,mask,,-0.0977,-0.1189,,-0.2946,,,,,212,0.7235,0.3295,0.0034,31.0,291.0,41.98,0,0.8512,1,0.0
1285,42.8333,1,mask,,-0.1473,-0.1289,,-0.2974,,,,,145,0.4966,0.1383,0.0061,31.0,284.0,42.7,0,0.8213,1,0.0
1286,42.8667,1,mask,,-0.1765,-0.1353,,-0.1933,,,,,141,0.4812,0.1469,0.0056,31.0,285.0,42.44,0,0.815,1,0.0
1287,42.9,1,mask,,-0.0915,-0.136,,-0.0197,,,,,257,0.8801,0.5833,0.0002,31.0,299.0,42.35,0,0.8474,1,0.0
1288,42.9333,1,mask,,-0.0825,-0.1226,,0.402,,,,,227,0.7774,0.4422,0.0008,31.0,290.0,42.35,0,0.8448,1,0.0
1289,42.9667,1,mask,,-0.0283,-0.1117,,0.3258,,,,,264,0.9041,0.588,0.0007,31.0,302.0,42.3,0,0.8536,1,0.0
1290,43.0,1,mask,,-0.0249,-0.1015,,0.3064,,,,,273,0.9381,0.6803,0.0009,31.0,302.0,42.2,0,0.8454,1,0.0
1291,43.0333,1,mask,,-0.0692,-0.0902,,0.3385,,,,,260,0.8904,0.5784,0.0006,31.0,298.0,41.97,0,0.8514,1,0.0
1292,43.0667,1,mask,,-0.0603,-0.0797,,0.3139,,,,,256,0.8797,0.5582,0.0005,31.0,298.0,41.82,0,0.8523,1,0.0
1293,43.1,1,mask,,-0.0288,-0.0619,,0.5345,,,,,263,0.9069,0.5968,0.002,31.0,302.0,41.87,0,0.8527,1,0.0
1294,43.1333,1,mask,,-0.0244,-0.0503,,0.3474,,,,,264,0.9103,0.5903,0.0016,31.0,303.0,41.76,0,0.855,1,0.0
1295,43.1667,1,mask,,0.0228,-0.0428,,0.2258,,,,,273,0.9446,0.6705,0.0012,31.0,302.0,41.4,0,0.8493,1,0.0
1296,43.2,1,mask,,0.0227,-0.0364,,0.1935,,,,,272,0.9412,0.6958,0.0007,31.0,302.0,41.31,0,0.8432,1,0.0
1297,43.2333,1,mask,,0.0308,-0.0157,,0.6205,,,,,263,0.91,0.5889,0.0008,31.0,302.0,41.05,0,0.8552,1,0.0
1298,43.2667,1,mask,,0.0257,-0.0022,,0.4035,,,,,263,0.91,0.5728,0.0009,31.0,302.0,40.96,0,0.8584,1,0.0
1299,43.3,1,mask,,0.0253,0.0074,,0.2887,,,,,261,0.9031,0.5661,0.0009,31.0,301.0,41.01,0,0.8577,1,0.0
1300,43.3333,1,mask,,0.0147,0.0137,,0.1876,,,,,275,0.9516,0.6815,0.0012,31.0,303.0,40.9,0,0.8492,1,0.0
1301,43.3667,1,mask,,0.0434,0.0179,,0.1261,,,,,262,0.9097,0.5844,0.0014,31.0,303.0,40.64,0,0.856,1,0.0
1302,43.4,1,mask,,0.0259,0.0206,,0.082,,,,,264,0.9135,0.5865,0.0014,31.0,304.0,40.62,0,0.8568,1,0.0
1303,43.4333,1,mask,,0.0122,0.0222,,0.0491,,,,,274,0.9481,0.6566,0.0015,31.0,303.0,40.84,0,0.8531,1,0.0
1304,43.4667,1,mask,,-0.0064,0.0196,,-0.079,,,,,272,0.9444,0.6391,0.0012,31.0,302.0,40.74,0,0.8555,1,0.0
1305,43.5,1,mask,,-0.0054,0.017,,-0.078,,,,,262,0.9129,0.5664,0.0015,31.0,302.0,40.3,0,0.8606,1,0.0
1306,43.5333,1,mask,,-0.0135,0.0092,,-0.235,,,,,263,0.9132,0.5672,0.0023,31.0,303.0,40.18,0,0.8605,1,0.0
1307,43.5667,1,mask,,0.02,0.0041,,-0.1528,,,,,265,0.9201,0.5897,0.0022,31.0,303.0,40.14,0,0.8581,1,0.0
1308,43.6,1,mask,,0.0126,0.0008,,-0.0993,,,,,266,0.9268,0.5945,0.0018,31.0,302.0,40.33,0,0.8592,1,0.0
1309,43.6333,1,mask,,-0.0204,-0.0014,,-0.0645,,,,,268,0.9371,0.6335,0.0021,31.0,301.0,40.24,0,0.8544,1,0.0
1310,43.6667,1,mask,,-0.002,-0.0016,,-0.0063,,,,,269,0.9373,0.6608,0.0014,31.0,301.0,40.31,0,0.849,1,0.0
1311,43.7,1,mask,,0.0026,-0.0001,,0.044,,,,,270,0.9408,0.6343,0.0016,31.0,301.0,40.28,0,0.8554,1,0.0
1312,43.7333,1,mask,,0.0698,0.0008,,0.0286,,,,,281,0.9791,0.7835,0.0018,31.0,302.0,40.35,0,0.837,1,0.0
1313,43.7667,1,mask,,0.0862,0.0014,,0.0186,,,,,287,1.0,0.8342,0.0003,31.0,302.0,40.3,0,0.8332,1,0.0
1314,43.8,1,mask,,0.0793,0.0254,,0.718,,,,,286,1.0,0.8623,0.0001,31.0,301.0,40.18,0,0.8275,1,0.0
1315,43.8333,1,mask,,0.0585,0.0409,,0.4667,,,,,286,1.0,0.854,0.0005,31.0,301.0,40.04,0,0.8292,1,0.0
1316,43.8667,1,mask,,0.1022,0.0544,,0.403,,,,,286,1.0,0.8535,0.0005,31.0,301.0,39.69,0,0.8293,1,0.0
1317,43.9,1,mask,,0.0441,0.0631,,0.262,,,,,277,0.9823,0.6974,0.0018,30.0,299.0,39.42,0,0.8552,1,0.0
1318,43.9333,1,mask,,0.0561,0.0615,,-0.0478,,,,,272,1.0,0.6771,0.0042,30.0,299.0,39.23,0,0.8646,1,0.0
1319,43.9667,1,mask,,0.0204,0.0596,,-0.0564,,,,,276,1.0,0.6667,0.0029,31.0,299.0,39.18,0,0.8667,1,0.0
1320,44.0,0,,no_mask,,,,,,,,,0,0.0,,,,,,0,0.0,1,0.0
1321,44.0333,0,,no_mask,,,,,,,,,0,0.0,,,,,,0,0.0,1,0.0
1322,44.0667,0,,no_mask,,,,,,,,,0,0.0,,,,,,0,0.0,1,0.0
1323,44.1,1,mask,,-0.062,0.0315,,,,,,,258,0.9847,0.8976,0.0042,29.0,303.0,39.02,0,0.8159,1,0.0
1324,44.1333,1,mask,,0.0613,0.0203,,-0.3342,,,,,280,1.0,0.7611,0.0041,30.0,300.0,39.06,0,0.8478,1,0.0
1325,44.1667,1,mask,,-0.118,-0.0085,,-0.8644,,,,,220,0.7914,0.3725,0.0026,30.0,268.0,39.07,0,0.8629,1,0.0
1326,44.2,1,mask,,-0.1545,-0.037,,-0.8562,,,,,237,0.8316,0.4508,0.0009,30.0,268.0,39.13,0,0.8593,1,0.0
1327,44.2333,1,mask,,-0.1429,-0.0654,,-0.8508,,,,,236,0.8399,0.4594,0.0002,30.0,268.0,39.11,0,0.8601,1,0.0
1328,44.2667,1,mask,,-0.146,-0.0925,,-0.8139,,,,,236,0.8489,0.5186,0.0005,30.0,295.0,39.2,0,0.8509,1,0.0
1329,44.3,1,mask,,-0.1735,-0.1112,,-0.5616,,,,,238,0.85,0.4647,0.0018,30.0,269.0,38.67,0,0.8621,1,0.0
1330,44.3333,1,mask,,-0.1877,-0.1264,,-0.4549,,,,,235,0.8304,0.4621,0.0024,30.0,268.0,38.56,0,0.8567,1,0.0
1331,44.3667,1,mask,,-0.1804,-0.1429,,-0.495,,,,,232,0.8198,0.4365,0.0038,30.0,270.0,38.42,0,0.8586,1,0.0
1332,44.4,1,mask,,-0.1658,-0.1536,,-0.3217,,,,,244,0.8622,0.4791,0.0024,30.0,270.0,38.58,0,0.8628,1,0.0
1333,44.4333,1,mask,,-0.1756,-0.1613,,-0.2308,,,,,245,0.8909,0.4854,0.0024,29.0,270.0,38.54,0,0.8702,1,0.0
1334,44.4667,1,mask,,-0.1192,-0.1663,,-0.15,,,,,245,0.8942,0.5255,0.0044,29.0,273.0,38.42,0,0.8631,1,0.0
1335,44.5,1,mask,,-0.1561,-0.1661,,0.005,,,,,243,0.9033,0.4858,0.0028,29.0,270.0,38.54,0,0.8738,1,0.0
1336,44.5333,1,mask,,-0.1356,-0.1626,,0.1057,,,,,246,0.9248,0.5552,0.0038,30.0,273.0,38.64,0,0.8664,1,0.0
1337,44.5667,1,mask,,-0.1914,-0.1603,,0.0687,,,,,238,0.8981,0.4629,0.003,30.0,269.0,38.43,0,0.8768,1,0.0
1338,44.6,1,mask,,-0.1995,-0.1588,,0.0447,,,,,235,0.8868,0.4756,0.0035,30.0,269.0,38.38,0,0.8709,1,0.0
1339,44.6333,1,mask,,-0.2197,-0.1702,,-0.3419,,,,,236,0.8939,0.4835,0.0035,30.0,269.0,38.21,0,0.8715,1,0.0
1340,44.6667,1,mask,,-0.141,-0.1776,,-0.2222,,,,,244,0.8809,0.5504,0.0042,30.0,270.0,38.29,0,0.8542,1,0.0
1341,44.7,1,mask,,-0.2281,-0.1853,,-0.23,,,,,234,0.8448,0.4397,0.0038,29.5,269.0,38.52,0,0.8655,1,0.0
1342,44.7333,1,mask,,-0.2113,-0.1944,,-0.273,,,,,232,0.8436,0.4435,0.0045,30.0,269.0,38.52,0,0.8644,1,0.0
1343,44.7667,1,mask,,-0.2373,-0.2032,,-0.2654,,,,,232,0.8467,0.443,0.0037,30.0,269.0,38.58,0,0.8654,1,0.0
1344,44.8,1,mask,,-0.1961,-0.2061,,-0.0846,,,,,227,0.8534,0.4812,0.0079,29.0,269.0,38.44,0,0.8598,1,0.0
1345,44.8333,1,mask,,-0.2028,-0.2079,,-0.055,,,,,226,0.8496,0.4771,0.0078,29.0,268.0,38.41,0,0.8595,1,0.0
1346,44.8667,1,mask,,-0.2051,-0.2069,,0.0296,,,,,227,0.8502,0.4674,0.0072,29.0,268.0,38.38,0,0.8616,1,0.0
1347,44.9,1,mask,,-0.212,-0.2063,,0.0193,,,,,227,0.8502,0.4563,0.0073,29.0,268.0,38.38,0,0.8638,1,0.0
1348,44.9333,1,mask,,-0.2273,-0.2059,,0.0125,,,,,218,0.8165,0.342,0.0041,30.0,266.0,38.36,0,0.8765,1,0.0
1349,44.9667,1,mask,,-0.2165,-0.208,,-0.0644,,,,,218,0.8165,0.3415,0.0044,30.0,266.0,38.36,0,0.8767,1,0.0
1350,45.0,1,mask,,-0.1793,-0.2094,,-0.0419,,,,,154,0.5442,0.2296,0.014,31.0,264.0,37.27,0,0.8173,1,0.0
1351,45.0333,1,mask,,-0.1888,-0.2103,,-0.0272,,,,,157,0.5548,0.2262,0.0094,31.0,264.0,37.31,0,0.8212,1,0.0
1352,45.0667,1,mask,,-0.1921,-0.2039,,0.1914,,,,,160,0.5654,0.244,0.0084,31.5,264.0,37.26,0,0.8208,1,0.0
1353,45.1,1,mask,,-0.1814,-0.1986,,0.1593,,,,,161,0.5689,0.263,0.0092,32.0,264.0,37.23,0,0.8181,1,0.0
1354,45.1333,1,mask,,-0.1673,-0.1926,,0.181,,,,,190,0.6714,0.37,0.0066,31.0,264.0,37.23,0,0.8274,1,0.0
1355,45.1667,1,mask,,-0.1927,-0.1912,,0.0402,,,,,156,0.5512,0.2371,0.0084,32.0,264.0,37.2,0,0.8179,1,0.0
1356,45.2,1,mask,,-0.1477,-0.1878,,0.1036,,,,,225,0.7951,0.5232,0.005,31.0,266.0,37.16,0,0.8339,1,0.0
1357,45.2333,1,mask,,-0.1438,-0.1806,,0.2152,,,,,231,0.8163,0.5443,0.0042,31.0,266.0,37.11,0,0.836,1,0.0
1358,45.2667,1,mask,,-0.0968,-0.1691,,0.3457,,,,,267,0.9271,0.7681,0.0017,32.0,272.0,37.09,0,0.8245,1,0.0
1359,45.3,1,mask,,-0.1391,-0.1602,,0.2658,,,,,233,0.7952,0.5633,0.0032,32.0,269.0,37.21,0,0.8259,1,0.0
1360,45.3333,1,mask,,-0.0644,-0.1528,,0.2219,,,,,267,0.9271,0.7527,0.0017,31.0,274.0,37.15,0,0.8276,1,0.0
1361,45.3667,1,mask,,-0.0959,-0.1332,,0.5881,,,,,268,0.9306,0.7704,0.0014,32.0,274.0,37.1,0,0.8251,1,0.0
1362,45.4,1,mask,,-0.0714,-0.1202,,0.3918,,,,,267,0.9271,0.74,0.0025,32.0,274.0,37.16,0,0.8301,1,0.0
1363,45.4333,1,mask,,-0.0779,-0.1054,,0.4443,,,,,262,0.9129,0.7038,0.003,32.0,271.0,37.14,0,0.8331,1,0.0
1364,45.4667,1,mask,,-0.0821,-0.0957,,0.2888,,,,,261,0.9031,0.6796,0.0037,32.0,271.0,37.25,0,0.835,1,0.0
1365,45.5,1,mask,,-0.0738,-0.0895,,0.1877,,,,,258,0.8958,0.6729,0.0038,32.0,271.0,37.25,0,0.8342,1,0.0
1366,45.5333,1,mask,,-0.0668,-0.084,,0.1645,,,,,254,0.8819,0.6671,0.0034,32.0,271.0,37.16,0,0.8312,1,0.0
1367,45.5667,1,mask,,-0.0633,-0.0804,,0.1069,,,,,250,0.8681,0.6656,0.0038,32.0,271.0,37.1,0,0.8273,1,0.0
1368,45.6,1,mask,,-0.0636,-0.0756,,0.1432,,,,,254,0.8819,0.6734,0.0037,32.0,271.0,37.11,0,0.8299,1,0.0
1369,45.6333,1,mask,,-0.0563,-0.0714,,0.1264,,,,,256,0.8889,0.6757,0.0037,32.0,271.0,37.09,0,0.8315,1,0.0
1370,45.6667,1,mask,,-0.0498,-0.0686,,0.0858,,,,,257,0.8924,0.6842,0.0038,32.0,271.0,36.99,0,0.8309,1,0.0
1371,45.7,1,mask,,-0.0189,-0.0643,,0.1285,,,,,256,0.892,0.668,0.0038,32.0,271.0,37.04,0,0.834,1,0.0
1372,45.7333,1,mask,,0.0321,-0.0592,,0.1522,,,,,271,0.9443,0.763,0.0061,32.0,276.0,36.98,0,0.8307,1,0.0
1373,45.7667,1,mask,,0.0458,-0.0451,,0.4235,,,,,270,0.9408,0.7457,0.0081,32.0,274.0,37.0,0,0.8331,1,0.0
1374,45.8,1,mask,,0.0516,-0.0181,,0.8105,,,,,269,0.9373,0.7378,0.0093,32.0,273.0,36.88,0,0.8336,1,0.0
1375,45.8333,1,mask,,0.0605,0.0043,,0.6706,,,,,270,0.9408,0.7441,0.0093,32.0,276.0,36.89,0,0.8334,1,0.0
1376,45.8667,1,mask,,0.0567,0.0208,,0.4968,,,,,270,0.9408,0.737,0.0091,32.0,276.0,36.9,0,0.8348,1,0.0
1377,45.9,1,mask,,0.0544,0.0326,,0.3526,,,,,270,0.9408,0.7411,0.009,32.0,276.0,36.91,0,0.834,1,0.0
1378,45.9333,1,mask,,0.0546,0.0403,,0.2312,,,,,270,0.9408,0.7486,0.0092,32.0,276.0,36.91,0,0.8325,1,0.0
1379,45.9667,1,mask,,0.0463,0.0453,,0.1503,,,,,269,0.9373,0.7454,0.0091,32.0,273.0,36.95,0,0.8321,1,0.0
1380,46.0,1,mask,,0.0598,0.0486,,0.0977,,,,,271,0.9443,0.7547,0.009,32.0,277.0,36.97,0,0.8323,1,0.0
1381,46.0333,1,mask,,0.0652,0.0507,,0.0635,,,,,271,0.941,0.7684,0.0088,32.0,277.0,36.93,0,0.8286,1,0.0
1382,46.0667,1,mask,,0.0646,0.0539,,0.0956,,,,,271,0.941,0.7772,0.0096,32.0,277.0,36.84,0,0.8269,1,0.0
1383,46.1,1,mask,,0.0902,0.0576,,0.1133,,,,,270,0.9375,0.7505,0.0072,32.0,276.0,36.94,0,0.8311,1,0.0
1384,46.1333,1,mask,,0.0709,0.0603,,0.0792,,,,,269,0.934,0.7485,0.0075,32.0,273.0,36.84,0,0.8305,1,0.0
1385,46.1667,1,mask,,0.175,0.064,,0.1119,,,,,285,0.9896,0.8431,0.0089,32.0,288.0,37.07,0,0.8283,1,0.0
1386,46.2,1,mask,,0.2413,0.0732,,0.2752,,,,,284,0.9895,0.749,0.0102,32.0,287.0,36.91,0,0.8471,1,0.0
1387,46.2333,1,mask,,0.2466,0.1088,,1.0688,,,,,285,0.993,0.7505,0.0102,32.0,288.0,36.88,0,0.8478,1,0.0
1388,46.2667,1,mask,,0.1865,0.136,,0.8161,,,,,284,0.9895,0.7356,0.0107,32.0,287.0,36.62,0,0.8497,1,0.0
1389,46.3,1,mask,,0.2082,0.1613,,0.7576,,,,,278,0.9686,0.6633,0.0126,32.0,281.0,36.61,0,0.8579,1,0.0
1390,46.3333,1,mask,,0.2331,0.1864,,0.7538,,,,,278,0.972,0.6406,0.0132,32.0,281.0,36.56,0,0.8635,1,0.0
1391,46.3667,1,mask,,0.2324,0.2025,,0.4832,,,,,278,0.972,0.6254,0.0139,32.0,280.0,36.61,0,0.8665,1,0.0
1392,46.4,1,mask,,0.2339,0.213,,0.3141,,,,,278,0.972,0.6096,0.0141,32.0,280.0,36.71,0,0.8697,1,0.0
1393,46.4333,1,mask,,0.2748,0.22,,0.2109,,,,,283,0.9895,0.6544,0.0147,32.0,286.0,36.78,0,0.866,1,0.0
1394,46.4667,1,mask,,0.275,0.2249,,0.1458,,,,,283,0.9861,0.6372,0.0146,32.0,286.0,37.25,0,0.8684,1,0.0
1395,46.5,1,mask,,0.2789,0.2423,,0.524,,,,,282,0.986,0.6288,0.0145,32.0,286.0,37.59,0,0.87,1,0.0
1396,46.5333,1,mask,,0.2825,0.2537,,0.3427,,,,,283,0.9895,0.6302,0.0157,32.0,286.0,37.51,0,0.8708,1,0.0
1397,46.5667,1,mask,,0.2849,0.2625,,0.264,,,,,282,0.9895,0.6257,0.0158,32.0,286.0,37.46,0,0.8717,1,0.0
1398,46.6,1,mask,,0.3114,0.2695,,0.2095,,,,,284,0.9759,0.5639,0.0144,33.0,283.0,37.59,0,0.88,1,0.0
1399,46.6333,1,mask,,0.3289,0.2749,,0.1617,,,,,286,0.9828,0.5674,0.0143,33.0,286.0,37.59,0,0.8814,1,0.0
1400,46.6667,1,mask,,0.2257,0.2784,,0.1051,,,,,288,0.9829,0.771,0.0152,32.0,307.0,37.48,0,0.8407,1,0.0
1401,46.7,1,mask,,0.1055,0.2807,,0.0683,,,,,270,0.9247,0.5602,0.0135,32.0,274.0,37.43,0,0.8654,1,0.0
1402,46.7333,1,mask,,0.1206,0.2615,,-0.5772,,,,,272,0.9315,0.5581,0.0132,32.0,280.0,37.39,0,0.8678,1,0.0
1403,46.7667,1,mask,,0.1258,0.214,,-1.4242,,,,,276,0.9485,0.565,0.0139,32.0,280.0,37.38,0,0.8715,1,0.0
1404,46.8,1,mask,,0.1378,0.1831,,-0.9257,,,,,277,0.9454,0.5559,0.0149,32.0,280.0,37.31,0,0.8724,1,0.0
1405,46.8333,1,mask,,0.1367,0.1631,,-0.6017,,,,,271,0.9249,0.5068,0.0163,32.0,274.0,37.18,0,0.8761,1,0.0
1406,46.8667,1,mask,,0.104,0.15,,-0.3911,,,,,247,0.8401,0.3898,0.0176,32.0,274.0,37.15,0,0.8741,1,0.0
1407,46.9,1,mask,,0.1627,0.1454,,-0.1399,,,,,269,0.9212,0.4917,0.0153,32.0,274.0,37.33,0,0.878,1,0.0
1408,46.9333,1,mask,,0.1814,0.1427,,-0.0792,,,,,268,0.9241,0.4968,0.0155,32.0,284.0,37.42,0,0.8779,1,0.0
1409,46.9667,1,mask,,0.1798,0.1497,,0.2098,,,,,233,0.7979,0.3583,0.0186,32.0,270.0,37.35,0,0.8677,1,0.0
1410,47.0,1,mask,,0.1923,0.1602,,0.3154,,,,,231,0.7966,0.379,0.0173,32.0,274.0,37.45,0,0.8632,1,0.0
1411,47.0333,1,mask,,0.1682,0.1671,,0.205,,,,,221,0.77,0.3043,0.0187,32.0,267.0,37.81,0,0.8702,1,0.0
1412,47.0667,1,mask,,0.229,0.1721,,0.1507,,,,,240,0.8421,0.4324,0.016,32.0,274.0,37.73,0,0.8662,1,0.0
1413,47.1,1,mask,,0.2589,0.1792,,0.2118,,,,,270,0.9441,0.517,0.014,32.0,281.0,37.52,0,0.8798,1,0.0
1414,47.1333,1,mask,,0.2625,0.1966,,0.5232,,,,,270,0.9441,0.5037,0.0125,32.0,281.0,37.67,0,0.8825,1,0.0
1415,47.1667,1,mask,,0.2736,0.2184,,0.6546,,,,,270,0.9441,0.5056,0.0123,32.0,281.0,37.81,0,0.8821,1,0.0
1416,47.2,1,mask,,0.2772,0.2339,,0.4632,,,,,269,0.9439,0.4896,0.0123,32.0,281.0,37.83,0,0.8852,1,0.0
1417,47.2333,1,mask,,0.283,0.2478,,0.4177,,,,,269,0.9439,0.5018,0.0129,32.0,281.0,37.8,0,0.8828,1,0.0
1418,47.2667,1,mask,,0.1943,0.2568,,0.2715,,,,,261,0.9062,0.5017,0.0139,32.0,280.0,37.91,0,0.8715,1,0.0
1419,47.3,1,mask,,0.2869,0.264,,0.2141,,,,,269,0.9406,0.5032,0.0128,32.0,281.0,37.65,0,0.8815,1,0.0
1420,47.3333,1,mask,,0.1944,0.2686,,0.1392,,,,,272,0.8889,0.4853,0.0164,32.0,278.0,37.69,0,0.8696,1,0.0
1421,47.3667,1,mask,,0.1448,0.2427,,-0.7787,,,,,234,0.7622,0.2941,0.0209,33.0,269.0,37.72,0,0.8698,1,0.0
1422,47.4,1,mask,,0.1258,0.2257,,-0.5076,,,,,233,0.759,0.2824,0.021,33.0,269.0,37.9,0,0.8712,1,0.0
1423,47.4333,1,mask,,0.2495,0.2148,,-0.3285,,,,,215,0.7167,0.2772,0.0175,32.0,275.0,37.91,0,0.8596,1,0.0
1424,47.4667,1,mask,,0.2473,0.2077,,-0.2135,,,,,209,0.7085,0.2603,0.0154,33.0,275.0,37.92,0,0.8605,1,0.0
1425,47.5,1,mask,,0.313,0.2215,,0.4165,,,,,252,0.8571,0.4399,0.0154,33.0,282.0,38.01,0,0.8692,1,0.0
1426,47.5333,1,mask,,0.2835,0.2313,,0.293,,,,,267,0.9144,0.4917,0.0138,33.0,281.0,38.06,0,0.876,1,0.0
1427,47.5667,1,mask,,0.2676,0.244,,0.3812,,,,,268,0.9178,0.4936,0.0138,33.0,281.0,38.13,0,0.8766,1,0.0
1428,47.6,1,mask,,0.278,0.2559,,0.3567,,,,,269,0.9244,0.499,0.0129,33.0,281.0,38.09,0,0.8775,1,0.0
1429,47.6333,1,mask,,0.1639,0.2636,,0.2319,,,,,217,0.7457,0.2859,0.02,33.0,270.0,37.97,0,0.8665,1,0.0
1430,47.6667,1,mask,,0.1817,0.265,,0.0418,,,,,229,0.7924,0.3291,0.019,33.0,270.0,37.82,0,0.8719,1,0.0
1431,47.7,1,mask,,0.2067,0.2446,,-0.612,,,,,237,0.8201,0.3688,0.017,33.0,277.0,37.98,0,0.8723,1,0.0
1432,47.7333,1,mask,,0.1973,0.2281,,-0.4973,,,,,253,0.8694,0.4132,0.0166,33.0,277.0,38.01,0,0.8782,1,0.0
1433,47.7667,1,mask,,0.2143,0.2173,,-0.3232,,,,,260,0.8904,0.4367,0.016,33.0,278.0,37.85,0,0.8798,1,0.0
1434,47.8,1,mask,,0.2192,0.2136,,-0.1106,,,,,262,0.8973,0.4461,0.0161,33.0,278.0,37.82,0,0.88,1,0.0
1435,47.8333,1,mask,,0.1817,0.2112,,-0.0719,,,,,260,0.8814,0.4235,0.0176,33.0,270.0,37.22,0,0.8797,1,0.0
1436,47.8667,1,mask,,0.1801,0.2063,,-0.1462,,,,,263,0.8976,0.4617,0.016,33.0,274.0,37.18,0,0.877,1,0.0
1437,47.9,1,mask,,0.2696,0.2091,,0.0837,,,,,270,0.931,0.4588,0.0127,33.0,280.0,37.13,0,0.8876,1,0.0
1438,47.9333,1,mask,,0.2397,0.2127,,0.1062,,,,,263,0.9132,0.4513,0.015,33.0,275.0,37.71,0,0.8837,1,0.0
1439,47.9667,1,mask,,0.2385,0.2217,,0.2713,,,,,259,0.8993,0.4236,0.0148,33.0,275.0,37.11,0,0.8851,1,0.0
1440,48.0,1,mask,,0.2344,0.2276,,0.1764,,,,,257,0.8924,0.4334,0.0152,33.0,275.0,37.05,0,0.881,1,0.0
1441,48.0333,1,mask,,0.2126,0.2314,,0.1146,,,,,263,0.91,0.4536,0.0157,33.0,274.0,37.0,0,0.8823,1,0.0
1442,48.0667,1,mask,,0.2326,0.2325,,0.0318,,,,,258,0.8927,0.4229,0.0155,32.0,274.0,36.84,0,0.8832,1,0.0
1443,48.1,1,mask,,0.2316,0.2325,,0.0017,,,,,258,0.8927,0.427,0.0164,32.0,274.0,36.68,0,0.8824,1,0.0
1444,48.1333,1,mask,,0.2261,0.2322,,-0.0101,,,,,261,0.8969,0.4401,0.0166,32.0,274.0,36.52,0,0.8811,1,0.0
1445,48.1667,1,mask,,0.2481,0.232,,-0.0065,,,,,263,0.8976,0.432,0.0164,32.0,274.0,36.43,0,0.8829,1,0.0
1446,48.2,1,mask,,0.2254,0.2318,,-0.0042,,,,,258,0.8776,0.4169,0.0159,32.5,274.0,35.92,0,0.8799,1,0.0
1447,48.2333,1,mask,,0.2177,0.2298,,-0.0603,,,,,257,0.8771,0.4266,0.0155,33.0,274.0,35.73,0,0.8778,1,0.0
1448,48.2667,1,mask,,0.2117,0.2283,,-0.0463,,,,,256,0.8707,0.4201,0.0155,33.0,274.0,35.75,0,0.8772,1,0.0
1449,48.3,1,mask,,0.2257,0.2273,,-0.0301,,,,,256,0.8707,0.4036,0.0161,33.0,274.0,35.72,0,0.8805,1,0.0
1450,48.3333,1,mask,,0.2275,0.2266,,-0.0196,,,,,259,0.875,0.4151,0.0158,33.0,281.0,35.82,0,0.8795,1,0.0
1451,48.3667,1,mask,,0.2159,0.2235,,-0.094,,,,,256,0.8707,0.4171,0.0159,32.5,274.0,35.78,0,0.8778,1,0.0
1452,48.4,1,mask,,0.2323,0.2242,,0.0231,,,,,259,0.8721,0.4134,0.016,33.0,281.0,35.88,0,0.8789,1,0.0
1453,48.4333,1,mask,,0.2379,0.2254,,0.0337,,,,,257,0.8712,0.4124,0.0159,33.0,281.0,35.88,0,0.8789,1,0.0
1454,48.4667,1,mask,,0.2563,0.2278,,0.0728,,,,,265,0.8775,0.441,0.016,33.0,284.0,35.79,0,0.875,1,0.0
1455,48.5,1,mask,,0.2299,0.2294,,0.0473,,,,,260,0.8638,0.3977,0.017,33.0,275.0,36.29,0,0.8796,1,0.0
1456,48.5333,1,mask,,0.2305,0.2304,,0.0307,,,,,261,0.8671,0.4041,0.017,33.0,275.0,36.18,0,0.8793,1,0.0
1457,48.5667,1,mask,,0.2766,0.233,,0.0791,,,,,282,0.9276,0.4772,0.0155,32.0,284.0,36.05,0,0.8828,1,0.0
1458,48.6,1,mask,,0.2229,0.2321,,-0.0271,,,,,257,0.8595,0.4137,0.0168,33.0,274.0,36.09,0,0.8751,1,0.0
1459,48.6333,1,mask,,0.281,0.2315,,-0.0176,,,,,280,0.918,0.456,0.016,32.0,283.0,36.12,0,0.8842,1,0.0
1460,48.6667,1,mask,,0.2891,0.2473,,0.4726,,,,,285,0.9283,0.4793,0.016,32.0,284.0,36.02,0,0.8827,1,0.0
1461,48.7,1,mask,,0.2686,0.2575,,0.3072,,,,,284,0.9251,0.4705,0.0164,32.0,283.0,36.01,0,0.8834,1,0.0
1462,48.7333,1,mask,,0.2978,0.2657,,0.2462,,,,,284,0.9251,0.4709,0.0165,32.0,284.0,36.11,0,0.8833,1,0.0
1463,48.7667,1,mask,,0.2788,0.2711,,0.16,,,,,270,0.9574,0.5537,0.0131,32.0,286.0,36.0,0,0.8765,1,0.0
1464,48.8,1,mask,,0.2489,0.2738,,0.0811,,,,,276,0.899,0.4103,0.0168,33.0,281.0,35.99,0,0.8876,1,0.0
1465,48.8333,1,mask,,0.2755,0.2744,,0.018,,,,,271,0.941,0.4509,0.0148,32.0,285.0,35.98,0,0.8921,1,0.0
1466,48.8667,1,mask,,0.2574,0.2748,,0.0117,,,,,269,0.9308,0.454,0.0141,33.0,285.0,36.08,0,0.8884,1,0.0
1467,48.9,1,mask,,0.2578,0.2688,,-0.178,,,,,271,0.9345,0.463,0.0143,33.0,285.0,36.1,0,0.8877,1,0.0
1468,48.9333,1,mask,,0.2708,0.265,,-0.1157,,,,,270,0.9375,0.477,0.0144,33.0,285.0,36.09,0,0.8859,1,0.0
1469,48.9667,1,mask,,0.2697,0.2666,,0.0491,,,,,271,0.9377,0.4755,0.0142,33.0,285.0,36.11,0,0.8862,1,0.0
1470,49.0,1,mask,,0.2658,0.2663,,-0.0091,,,,,269,0.934,0.4779,0.0145,33.0,285.0,36.02,0,0.8846,1,0.0
1471,49.0333,1,mask,,0.1963,0.2661,,-0.0059,,,,,243,0.8467,0.3506,0.0176,33.0,274.0,36.1,0,0.8839,1,0.0
1472,49.0667,1,mask,,0.1825,0.266,,-0.0038,,,,,257,0.8924,0.3735,0.017,33.0,274.0,36.05,0,0.893,1,0.0
1473,49.1,1,mask,,0.1826,0.2416,,-0.7321,,,,,235,0.8188,0.3346,0.0188,33.0,270.0,36.0,0,0.8787,1,0.0
1474,49.1333,1,mask,,0.1898,0.2235,,-0.5439,,,,,243,0.8467,0.3503,0.0184,33.0,270.0,36.02,0,0.884,1,0.0
1475,49.1667,1,mask,,0.1692,0.2091,,-0.4296,,,,,233,0.8118,0.311,0.0183,33.0,270.0,35.78,0,0.8814,1,0.0
1476,49.2,1,mask,,0.1724,0.1998,,-0.2802,,,,,241,0.8397,0.3299,0.0184,33.0,271.0,35.8,0,0.8859,1,0.0
1477,49.2333,1,mask,,0.1797,0.1928,,-0.2115,,,,,250,0.8711,0.3506,0.0182,33.0,271.0,35.76,0,0.8912,1,0.0
1478,49.2667,1,mask,,0.1836,0.1882,,-0.1375,,,,,254,0.885,0.3581,0.0183,33.0,271.0,35.73,0,0.8939,1,0.0
1479,49.3,1,mask,,0.1755,0.1837,,-0.1332,,,,,251,0.8746,0.3418,0.0181,33.0,270.0,35.48,0,0.894,1,0.0
1480,49.3333,1,mask,,0.1716,0.1808,,-0.0866,,,,,256,0.892,0.3584,0.0179,33.0,270.0,35.43,0,0.8959,1,0.0
1481,49.3667,1,mask,,0.1703,0.179,,-0.0563,,,,,256,0.892,0.3551,0.018,33.0,270.0,35.42,0,0.8966,1,0.0
1482,49.4,1,mask,,0.1627,0.1764,,-0.0771,,,,,249,0.8646,0.3274,0.0185,33.0,270.0,35.33,0,0.8939,1,0.0
1483,49.4333,1,mask,,0.1538,0.1743,,-0.0638,,,,,256,0.8889,0.347,0.0179,33.0,270.0,35.22,0,0.8973,1,0.0
1484,49.4667,1,mask,,0.162,0.1702,,-0.1218,,,,,251,0.8715,0.3327,0.0176,33.0,270.0,35.2,0,0.8949,1,0.0
1485,49.5,1,mask,,0.164,0.1676,,-0.0792,,,,,249,0.8646,0.3296,0.0189,33.0,270.0,35.16,0,0.8934,1,0.0
1486,49.5333,1,mask,,0.1854,0.1659,,-0.0515,,,,,248,0.8611,0.3216,0.0183,33.0,270.0,34.79,0,0.894,1,0.0
1487,49.5667,1,mask,,0.1788,0.1652,,-0.0195,,,,,244,0.8472,0.3124,0.0168,33.0,270.0,35.1,0,0.8917,1,0.0
1488,49.6,1,mask,,0.1998,0.17,,0.143,,,,,245,0.8537,0.307,0.0174,33.0,270.0,35.05,0,0.8947,1,0.0
1489,49.6333,1,mask,,0.2037,0.1754,,0.162,,,,,239,0.8357,0.3107,0.017,33.0,273.0,35.32,0,0.8886,1,0.0
1490,49.6667,1,mask,,0.2228,0.1839,,0.2568,,,,,259,0.8993,0.3437,0.0172,33.0,274.0,35.19,0,0.9011,1,0.0
1491,49.7,1,mask,,0.2089,0.1908,,0.2074,,,,,256,0.8889,0.3832,0.0173,33.0,274.0,35.35,0,0.89,1,0.0
1492,49.7333,1,mask,,0.2738,0.1972,,0.1894,,,,,267,0.9368,0.4238,0.0147,33.0,284.0,35.36,0,0.8963,1,0.0
1493,49.7667,1,mask,,0.2756,0.2061,,0.2688,,,,,265,0.9298,0.4249,0.0147,33.0,284.0,35.35,0,0.894,1,0.0
1494,49.8,1,mask,,0.2795,0.2298,,0.711,,,,,266,0.9333,0.4302,0.0153,33.0,284.0,35.51,0,0.894,1,0.0
1495,49.8333,1,mask,,0.2776,0.2458,,0.4807,,,,,266,0.9333,0.4364,0.0151,33.0,284.0,35.5,0,0.8927,1,0.0
1496,49.8667,1,mask,,0.2818,0.257,,0.3339,,,,,268,0.9404,0.4283,0.0155,33.0,285.0,35.5,0,0.8964,1,0.0
1497,49.9,1,mask,,0.2824,0.2649,,0.237,,,,,268,0.9404,0.433,0.0152,33.0,285.0,35.51,0,0.8955,1,0.0
1498,49.9333,1,mask,,0.2821,0.2708,,0.1772,,,,,268,0.9404,0.4069,0.0151,33.0,285.0,35.51,0,0.9007,1,0.0
1499,49.9667,1,mask,,0.2821,0.2747,,0.119,,,,,268,0.9404,0.4069,0.0151,33.0,285.0,35.51,0,0.9007,1,0.0
1500,50.0,1,mask,,0.5055,0.2773,,0.0773,,,,,277,1.0,0.5071,0.0137,33.0,306.0,33.55,0,0.8986,1,0.0
1501,50.0333,1,mask,,0.5058,0.2791,,0.0536,,,,,272,1.0,0.4999,0.0118,33.0,306.0,33.54,0,0.9,1,0.0
1502,50.0667,1,mask,,0.4974,0.3555,,2.2923,,,,,266,0.9852,0.4593,0.0112,33.0,306.0,33.52,0,0.9037,1,0.0
1503,50.1,1,mask,,0.4927,0.4052,,1.49,,,,,269,0.989,0.4856,0.0116,33.0,306.0,33.5,0,0.8996,1,0.0
1504,50.1333,1,mask,,0.4723,0.4375,,0.9685,,,,,272,0.9855,0.5021,0.0122,32.0,302.0,33.49,0,0.8952,1,0.0
1505,50.1667,1,mask,,0.4736,0.4568,,0.5795,,,,,272,0.9855,0.4931,0.0117,32.0,302.0,33.45,0,0.897,1,0.0
1506,50.2,1,mask,,0.5181,0.4693,,0.3766,,,,,279,1.0,0.5356,0.0144,33.0,307.0,33.46,0,0.8929,1,0.0
1507,50.2333,1,mask,,0.5218,0.4775,,0.2448,,,,,279,1.0,0.5406,0.0143,33.0,307.0,33.45,0,0.8919,1,0.0
1508,50.2667,1,mask,,0.5215,0.4917,,0.4263,,,,,279,1.0,0.5436,0.0141,33.0,307.0,33.46,0,0.8913,1,0.0
1509,50.3,1,mask,,0.5278,0.5021,,0.3128,,,,,279,1.0,0.5441,0.0141,33.0,307.0,33.33,0,0.8912,1,0.0
1510,50.3333,1,mask,,0.5164,0.5089,,0.2033,,,,,279,1.0,0.5447,0.0141,33.0,306.0,33.29,0,0.8911,1,0.0
1511,50.3667,1,mask,,0.5202,0.5133,,0.1322,,,,,280,1.0,0.5501,0.014,33.0,307.0,33.26,0,0.89,1,0.0
1512,50.4,1,mask,,0.5029,0.5157,,0.0719,,,,,279,1.0,0.5205,0.0145,33.0,307.0,33.16,0,0.8959,1,0.0
1513,50.4333,1,mask,,0.4399,0.516,,0.0072,,,,,272,0.9819,0.5071,0.0109,32.0,302.0,32.91,0,0.8932,1,0.0
1514,50.4667,1,mask,,0.512,0.5146,,-0.0415,,,,,279,1.0,0.5354,0.0147,33.0,307.0,32.92,0,0.8929,1,0.0
1515,50.5,1,mask,,0.5128,0.5137,,-0.027,,,,,279,1.0,0.5405,0.0148,33.0,307.0,32.93,0,0.8919,1,0.0
1516,50.5333,1,mask,,0.5201,0.5131,,-0.0175,,,,,279,1.0,0.5376,0.0142,33.0,307.0,32.94,0,0.8925,1,0.0
1517,50.5667,1,mask,,0.5206,0.513,,-0.0034,,,,,279,1.0,0.5389,0.014,33.0,307.0,33.03,0,0.8922,1,0.0
1518,50.6,1,mask,,0.5201,0.5155,,0.0747,,,,,279,1.0,0.5376,0.0139,33.0,307.0,33.11,0,0.8925,1,0.0
1519,50.6333,1,mask,,0.5185,0.5171,,0.0486,,,,,279,1.0,0.5289,0.0147,33.0,307.0,33.09,0,0.8942,1,0.0
1520,50.6667,1,mask,,0.4836,0.5181,,0.0316,,,,,275,0.9892,0.474,0.0125,33.0,307.0,33.11,0,0.902,1,0.0
1521,50.7,1,mask,,0.4884,0.5183,,0.004,,,,,268,0.9817,0.4689,0.0117,33.0,307.0,33.09,0,0.9007,1,0.0
1522,50.7333,1,mask,,0.5199,0.5184,,0.0026,,,,,273,1.0,0.4869,0.0117,33.0,307.0,33.12,0,0.9026,1,0.0
1523,50.7667,1,mask,,0.5184,0.5184,,0.0002,,,,,274,1.0,0.4873,0.0121,33.0,307.0,33.14,0,0.9025,1,0.0
1524,50.8,1,mask,,0.5187,0.5184,,0.0002,,,,,273,1.0,0.4916,0.0118,33.0,307.0,33.08,0,0.9017,1,0.0
1525,50.8333,1,mask,,0.5191,0.5185,,0.0033,,,,,274,1.0,0.4993,0.014,33.0,307.0,33.2,0,0.9001,1,0.0
1526,50.8667,1,mask,,0.5197,0.5187,,0.0062,,,,,273,1.0,0.4942,0.0134,33.0,307.0,33.21,0,0.9012,1,0.0
1527,50.9,1,mask,,0.5049,0.5187,,-0.0,,,,,273,1.0,0.4953,0.0122,33.0,307.0,33.25,0,0.9009,1,0.0
1528,50.9333,1,mask,,0.4868,0.5187,,-0.0,,,,,268,0.9817,0.4684,0.0116,33.0,307.0,33.26,0,0.9008,1,0.0
1529,50.9667,1,mask,,0.5101,0.5157,,-0.0898,,,,,273,1.0,0.4897,0.0123,33.0,307.0,33.3,0,0.9021,1,0.0
1530,51.0,1,mask,,0.5126,0.5137,,-0.0584,,,,,273,1.0,0.498,0.0121,33.0,307.0,33.34,0,0.9004,1,0.0
1531,51.0333,1,mask,,0.5133,0.5125,,-0.038,,,,,273,1.0,0.4974,0.0124,33.0,307.0,33.3,0,0.9005,1,0.0
1532,51.0667,1,mask,,0.5091,0.5117,,-0.0247,,,,,273,1.0,0.489,0.0126,33.0,307.0,33.29,0,0.9022,1,0.0
1533,51.1,1,mask,,0.4846,0.5111,,-0.016,,,,,270,0.989,0.4752,0.0123,33.0,307.0,33.19,0,0.9017,1,0.0
1534,51.1333,1,mask,,0.4843,0.5104,,-0.0214,,,,,270,0.989,0.4749,0.0123,33.0,307.0,33.24,0,0.9017,1,0.0
1535,51.1667,1,mask,,0.4868,0.5022,,-0.2474,,,,,270,0.989,0.4847,0.0124,33.0,307.0,33.4,0,0.8998,1,0.0
1536,51.2,1,mask,,0.4866,0.4967,,-0.163,,,,,269,0.9853,0.4776,0.0124,33.0,307.0,33.42,0,0.9001,1,0.0
1537,51.2333,1,mask,,0.4886,0.4932,,-0.106,,,,,270,0.989,0.482,0.0125,33.0,307.0,33.44,0,0.9003,1,0.0
1538,51.2667,1,mask,,0.4905,0.491,,-0.0667,,,,,269,0.989,0.4807,0.0123,33.0,307.0,33.43,0,0.9006,1,0.0
1539,51.3,1,mask,,0.481,0.4895,,-0.0433,,,,,261,0.9596,0.4586,0.0124,33.0,307.0,33.45,0,0.8962,1,0.0
1540,51.3333,1,mask,,0.4656,0.4885,,-0.0304,,,,,262,0.9632,0.4447,0.0125,33.0,307.0,33.67,0,0.9,1,0.0
1541,51.3667,1,mask,,0.4431,0.4859,,-0.0795,,,,,261,0.9596,0.4523,0.0131,33.0,307.0,33.75,0,0.8974,1,0.0
1542,51.4,1,mask,,0.4432,0.4788,,-0.213,,,,,260,0.9594,0.4518,0.0129,33.0,307.0,33.73,0,0.8975,1,0.0
1543,51.4333,1,mask,,0.4469,0.4676,,-0.3345,,,,,260,0.9594,0.4491,0.0127,33.0,307.0,33.78,0,0.898,1,0.0
1544,51.4667,1,mask,,0.439,0.4591,,-0.2564,,,,,260,0.9594,0.4473,0.0126,33.0,307.0,33.74,0,0.8984,1,0.0
1545,51.5,1,mask,,0.4417,0.4535,,-0.1682,,,,,262,0.9632,0.4466,0.0128,33.0,307.0,33.82,0,0.8997,1,0.0
1546,51.5333,1,mask,,0.4452,0.4499,,-0.1078,,,,,263,0.9669,0.4585,0.0131,33.0,307.0,33.82,0,0.8984,1,0.0
1547,51.5667,1,mask,,0.4464,0.4482,,-0.0496,,,,,262,0.9632,0.4563,0.0133,33.0,307.0,33.84,0,0.8977,1,0.0
1548,51.6,1,mask,,0.4616,0.4471,,-0.0322,,,,,269,0.989,0.4966,0.0128,33.0,307.0,33.64,0,0.8974,1,0.0
1549,51.6333,1,mask,,0.4275,0.4464,,-0.0209,,,,,264,0.9706,0.4766,0.013,33.0,307.0,33.73,0,0.8958,1,0.0
1550,51.6667,1,mask,,0.4571,0.4464,,-0.0005,,,,,271,0.9963,0.5153,0.0137,33.0,307.0,33.77,0,0.8958,1,0.0
1551,51.7,1,mask,,0.4441,0.4464,,-0.0003,,,,,269,0.989,0.4986,0.0128,33.0,307.0,33.75,0,0.897,1,0.0
1552,51.7333,1,mask,,0.4278,0.4456,,-0.0241,,,,,265,0.9743,0.4725,0.0129,33.0,307.0,33.8,0,0.8978,1,0.0
1553,51.7667,1,mask,,0.4231,0.4394,,-0.1866,,,,,261,0.9596,0.4548,0.0129,33.0,307.0,33.71,0,0.8969,1,0.0
1554,51.8,1,mask,,0.425,0.4354,,-0.1213,,,,,265,0.9743,0.4682,0.0128,33.0,307.0,33.74,0,0.8986,1,0.0
1555,51.8333,1,mask,,0.4267,0.4323,,-0.0903,,,,,263,0.9669,0.4573,0.013,33.0,307.0,33.75,0,0.8986,1,0.0
1556,51.8667,1,mask,,0.4244,0.4298,,-0.0776,,,,,263,0.9634,0.455,0.013,33.0,307.0,33.8,0,0.898,1,0.0
1557,51.9,1,mask,,0.4263,0.4281,,-0.0504,,,,,249,0.9188,0.4062,0.0124,33.0,306.0,34.07,0,0.8944,1,0.0
1558,51.9333,1,mask,,0.4262,0.4274,,-0.0194,,,,,255,0.9375,0.4462,0.0123,33.0,307.0,34.06,0,0.892,1,0.0
1559,51.9667,1,mask,,0.4243,0.427,,-0.0126,,,,,244,0.8971,0.3982,0.0128,33.0,305.0,34.11,0,0.8895,1,0.0
1560,52.0,1,mask,,0.425,0.4263,,-0.0209,,,,,244,0.8971,0.3988,0.0128,33.0,305.0,34.11,0,0.8894,1,0.0
1561,52.0333,1,mask,,0.4343,0.4263,,-0.0009,,,,,264,0.967,0.488,0.0122,33.0,307.0,34.38,0,0.8925,1,0.0
1562,52.0667,1,mask,,0.4259,0.4262,,-0.0035,,,,,244,0.8938,0.4043,0.0127,33.0,306.0,34.4,0,0.8873,1,0.0
1563,52.1,1,mask,,0.4236,0.4258,,-0.0121,,,,,244,0.8938,0.4025,0.0128,33.0,306.0,34.37,0,0.8876,1,0.0
1564,52.1333,1,mask,,0.4313,0.4258,,0.002,,,,,244,0.8938,0.404,0.0129,33.0,306.0,34.3,0,0.8873,1,0.0
1565,52.1667,1,mask,,0.4254,0.4259,,0.0013,,,,,243,0.8901,0.3986,0.0129,33.0,306.0,34.3,0,0.8873,1,0.0
1566,52.2,1,mask,,0.4235,0.4257,,-0.0045,,,,,243,0.8901,0.4003,0.0124,33.0,306.0,34.27,0,0.887,1,0.0
1567,52.2333,1,mask,,0.424,0.4251,,-0.0181,,,,,244,0.8938,0.3994,0.0127,33.0,306.0,34.23,0,0.8883,1,0.0
1568,52.2667,1,mask,,0.4171,0.4247,,-0.0117,,,,,244,0.8971,0.4007,0.0121,33.0,306.0,34.28,0,0.889,1,0.0
1569,52.3,1,mask,,0.4183,0.4243,,-0.0131,,,,,244,0.8938,0.4003,0.0128,33.0,306.0,34.3,0,0.8881,1,0.0
1570,52.3333,1,mask,,0.4258,0.424,,-0.0085,,,,,244,0.8938,0.4007,0.013,33.0,306.0,34.38,0,0.888,1,0.0
1571,52.3667,1,mask,,0.428,0.424,,-0.0001,,,,,244,0.8938,0.3981,0.0129,33.0,306.0,34.37,0,0.8885,1,0.0
1572,52.4,1,mask,,0.3984,0.422,,-0.0595,,,,,222,0.8162,0.334,0.0116,33.0,287.0,34.29,0,0.878,1,0.0
1573,52.4333,1,mask,,0.3862,0.4207,,-0.0387,,,,,214,0.7868,0.3106,0.0117,33.0,286.0,34.17,0,0.8739,1,0.0
1574,52.4667,1,mask,,0.3852,0.4129,,-0.2348,,,,,218,0.8015,0.3243,0.0117,33.0,286.0,34.16,0,0.8756,1,0.0
1575,52.5,1,mask,,0.3885,0.4044,,-0.2566,,,,,220,0.8088,0.332,0.0119,33.0,286.0,34.12,0,0.8762,1,0.0
1576,52.5333,1,mask,,0.3885,0.3988,,-0.1668,,,,,217,0.7978,0.3196,0.0118,33.0,286.0,34.17,0,0.8754,1,0.0
1577,52.5667,1,mask,,0.3864,0.3944,,-0.1304,,,,,216,0.7912,0.32,0.0118,33.0,286.0,34.03,0,0.8734,1,0.0
1578,52.6,1,mask,,0.392,0.3924,,-0.0628,,,,,214,0.7839,0.3102,0.0119,33.0,286.0,34.05,0,0.8731,1,0.0
1579,52.6333,1,mask,,0.4264,0.391,,-0.0405,,,,,240,0.8824,0.3897,0.0127,33.0,305.0,34.01,0,0.8868,1,0.0
1580,52.6667,1,mask,,0.4186,0.3913,,0.0102,,,,,231,0.8493,0.3615,0.0117,33.0,305.0,34.1,0,0.8825,1,0.0
1581,52.7,1,mask,,0.4431,0.4009,,0.2859,,,,,264,0.9706,0.4919,0.0121,33.0,306.0,34.27,0,0.8928,1,0.0
1582,52.7333,1,mask,,0.4439,0.4098,,0.2684,,,,,265,0.9743,0.4971,0.0119,33.0,306.0,34.31,0,0.8929,1,0.0
1583,52.7667,1,mask,,0.4423,0.4212,,0.3407,,,,,265,0.9743,0.4994,0.012,32.0,306.0,34.38,0,0.8924,1,0.0
1584,52.8,1,mask,,0.4363,0.4286,,0.2214,,,,,249,0.9188,0.4448,0.0114,33.0,306.0,34.48,0,0.8867,1,0.0
1585,52.8333,1,mask,,0.4329,0.4334,,0.1439,,,,,262,0.9668,0.5077,0.0105,32.0,306.0,34.71,0,0.8885,1,0.0
1586,52.8667,1,mask,,0.4358,0.4344,,0.0312,,,,,262,0.9668,0.5054,0.0106,32.0,306.0,34.78,0,0.8889,1,0.0
1587,52.9,1,mask,,0.4331,0.4349,,0.0144,,,,,261,0.9667,0.504,0.0105,32.0,299.0,34.83,0,0.8892,1,0.0
1588,52.9333,1,mask,,0.4692,0.4352,,0.0094,,,,,269,0.989,0.5273,0.0131,33.0,307.0,35.07,0,0.8912,1,0.0
1589,52.9667,1,mask,,0.5093,0.4354,,0.0061,,,,,272,1.0,0.5514,0.0134,33.0,307.0,34.99,0,0.8897,1,0.0
1590,53.0,1,mask,,0.4995,0.4472,,0.3548,,,,,270,0.9963,0.5478,0.0127,33.0,306.0,34.99,0,0.8893,1,0.0
1591,53.0333,1,mask,,0.4969,0.4646,,0.5214,,,,,269,0.989,0.5445,0.0122,33.0,307.0,34.85,0,0.8878,1,0.0
1592,53.0667,1,mask,,0.4997,0.4768,,0.3665,,,,,269,0.989,0.547,0.012,33.0,307.0,34.82,0,0.8873,1,0.0
1593,53.1,1,mask,,0.4742,0.4848,,0.2382,,,,,262,0.9632,0.5169,0.0101,33.0,307.0,34.82,0,0.8856,1,0.0
1594,53.1333,1,mask,,0.4801,0.489,,0.1273,,,,,265,0.9743,0.5303,0.0103,33.0,307.0,34.8,0,0.8862,1,0.0
1595,53.1667,1,mask,,0.4898,0.4893,,0.0085,,,,,270,0.9926,0.5489,0.0124,33.0,307.0,34.82,0,0.888,1,0.0
1596,53.2,1,mask,,0.4211,0.4861,,-0.0964,,,,,257,0.9449,0.483,0.0103,33.0,300.0,35.03,0,0.8868,1,0.0
1597,53.2333,1,mask,,0.4114,0.4819,,-0.1246,,,,,257,0.9449,0.4862,0.0102,32.0,300.0,35.02,0,0.8862,1,0.0
1598,53.2667,1,mask,,0.4136,0.4606,,-0.6381,,,,,257,0.9449,0.4873,0.0098,32.0,300.0,35.02,0,0.886,1,0.0
1599,53.3,1,mask,,0.4088,0.4442,,-0.4938,,,,,256,0.9412,0.484,0.0097,32.0,300.0,35.09,0,0.8856,1,0.0
1600,53.3333,1,mask,,0.407,0.4327,,-0.3448,,,,,282,0.9965,0.5589,0.0139,32.0,306.0,35.09,0,0.8872,1,0.0
1601,53.3667,1,mask,,0.3251,0.4243,,-0.2508,,,,,280,0.9241,0.4357,0.0132,33.0,294.0,35.16,0,0.8901,1,0.0
1602,53.4,1,mask,,0.2995,0.4183,,-0.1819,,,,,272,0.8977,0.3937,0.0139,33.0,286.0,35.18,0,0.8906,1,0.0
1603,53.4333,1,mask,,0.3284,0.3868,,-0.944,,,,,271,0.8914,0.3756,0.0147,33.0,286.0,35.2,0,0.8923,1,0.0
1604,53.4667,1,mask,,0.3584,0.3664,,-0.6136,,,,,280,0.9241,0.4049,0.0136,33.0,298.0,35.32,0,0.8963,1,0.0
1605,53.5,1,mask,,0.3654,0.3531,,-0.3988,,,,,279,0.9238,0.4036,0.0138,33.0,298.0,35.28,0,0.8964,1,0.0
1606,53.5333,1,mask,,0.3738,0.3549,,0.0563,,,,,271,0.9186,0.4133,0.0129,33.0,298.0,35.26,0,0.8929,1,0.0
1607,53.5667,1,mask,,0.3632,0.3578,,0.0863,,,,,278,0.9456,0.4316,0.0128,32.0,298.0,35.24,0,0.8974,1,0.0
1608,53.6,1,mask,,0.3707,0.3605,,0.0801,,,,,279,0.9522,0.4327,0.0128,32.0,298.0,35.09,0,0.8991,1,0.0
1609,53.6333,1,mask,,0.3744,0.3641,,0.1071,,,,,257,0.9483,0.4474,0.0066,32.0,298.0,35.18,0,0.895,1,0.0
1610,53.6667,1,mask,,0.3956,0.3675,,0.102,,,,,265,0.9779,0.4873,0.0075,32.0,301.0,35.24,0,0.8959,1,0.0
1611,53.7,1,mask,,0.394,0.3699,,0.0726,,,,,266,0.9815,0.4967,0.0075,32.0,301.0,35.27,0,0.8951,1,0.0
1612,53.7333,1,mask,,0.3797,0.3733,,0.1035,,,,,259,0.9557,0.4247,0.0071,32.0,299.0,35.18,0,0.9018,1,0.0
1613,53.7667,1,mask,,0.3827,0.3766,,0.0988,,,,,262,0.9632,0.435,0.0078,32.0,301.0,34.99,0,0.902,1,0.0
1614,53.8,1,mask,,0.4021,0.3827,,0.1825,,,,,264,0.9742,0.452,0.0081,32.0,301.0,35.04,0,0.9019,1,0.0
1615,53.8333,1,mask,,0.3897,0.3851,,0.0734,,,,,263,0.9741,0.4515,0.0078,32.0,301.0,35.03,0,0.9019,1,0.0
1616,53.8667,1,mask,,0.3871,0.3858,,0.02,,,,,261,0.9631,0.4354,0.0075,32.0,301.0,34.97,0,0.9018,1,0.0
1617,53.9,1,mask,,0.3818,0.3862,,0.013,,,,,259,0.9593,0.4333,0.007,32.0,301.0,35.08,0,0.9011,1,0.0
1618,53.9333,1,mask,,0.3818,0.3865,,0.0085,,,,,259,0.9593,0.4333,0.007,32.0,301.0,35.13,0,0.9011,1,0.0
1619,53.9667,1,mask,,0.3818,0.3849,,-0.0501,,,,,259,0.9593,0.4333,0.007,32.0,301.0,35.11,0,0.9011,1,0.0
1620,54.0,1,mask,,0.3917,0.3838,,-0.0325,,,,,264,0.9742,0.4534,0.0076,32.0,301.0,35.05,0,0.9016,1,0.0
1621,54.0333,1,mask,,0.3857,0.3831,,-0.0212,,,,,262,0.9668,0.4451,0.0072,32.0,301.0,34.99,0,0.901,1,0.0
1622,54.0667,1,mask,,0.3857,0.384,,0.0272,,,,,262,0.9668,0.4451,0.0072,32.0,301.0,34.97,0,0.901,1,0.0
1623,54.1,1,mask,,0.3779,0.3846,,0.0177,,,,,260,0.963,0.4411,0.0067,32.0,301.0,35.01,0,0.9007,1,0.0
1624,54.1333,1,mask,,0.3766,0.3849,,0.0115,,,,,259,0.9593,0.4363,0.0066,32.0,301.0,35.06,0,0.9005,1,0.0
1625,54.1667,1,mask,,0.3816,0.3838,,-0.0348,,,,,262,0.9704,0.451,0.0062,32.0,301.0,35.05,0,0.9009,1,0.0
1626,54.2,1,mask,,0.3801,0.3825,,-0.0391,,,,,262,0.9704,0.4538,0.0061,32.0,301.0,35.06,0,0.9003,1,0.0
1627,54.2333,1,mask,,0.373,0.3809,,-0.0478,,,,,260,0.963,0.4437,0.0056,32.0,301.0,35.07,0,0.9001,1,0.0
1628,54.2667,1,mask,,0.3898,0.3806,,-0.0087,,,,,262,0.974,0.4589,0.0062,32.0,301.0,35.15,0,0.9004,1,0.0
1629,54.3,1,mask,,0.3938,0.381,,0.0109,,,,,266,0.9852,0.469,0.0066,32.0,301.0,35.3,0,0.9018,1,0.0
1630,54.3333,1,mask,,0.3982,0.384,,0.0925,,,,,263,0.9741,0.4653,0.0072,32.0,301.0,35.29,0,0.8992,1,0.0
1631,54.3667,1,mask,,0.3952,0.3874,,0.102,,,,,266,0.9852,0.4734,0.0061,32.0,301.0,35.22,0,0.9009,1,0.0
1632,54.4,1,mask,,0.3983,0.3901,,0.0811,,,,,263,0.9741,0.4556,0.0061,32.0,301.0,35.38,0,0.9011,1,0.0
1633,54.4333,1,mask,,0.398,0.3929,,0.0821,,,,,266,0.9852,0.4739,0.0073,32.0,301.0,35.4,0,0.9008,1,0.0
1634,54.4667,1,mask,,0.4029,0.3947,,0.0553,,,,,263,0.9741,0.4454,0.0071,32.0,301.0,35.38,0,0.9031,1,0.0
1635,54.5,1,mask,,0.3961,0.3959,,0.034,,,,,262,0.9704,0.4443,0.0065,32.0,300.0,35.45,0,0.9022,1,0.0
1636,54.5333,1,mask,,0.3937,0.3966,,0.0221,,,,,262,0.9704,0.4469,0.0064,32.0,300.0,35.43,0,0.9017,1,0.0
1637,54.5667,1,mask,,0.4119,0.3971,,0.0144,,,,,263,0.9741,0.4534,0.0084,32.0,301.0,35.22,0,0.9015,1,0.0
1638,54.6,1,mask,,0.4073,0.3991,,0.0616,,,,,262,0.9704,0.4464,0.0083,32.0,300.0,35.15,0,0.9018,1,0.0
1639,54.6333,1,mask,,0.4017,0.4,,0.0274,,,,,262,0.974,0.4562,0.0066,32.0,300.0,35.17,0,0.901,1,0.0
1640,54.6667,1,mask,,0.3944,0.4006,,0.0178,,,,,262,0.974,0.4577,0.0063,32.0,300.0,34.98,0,0.9006,1,0.0
1641,54.7,1,mask,,0.4022,0.4012,,0.0168,,,,,285,0.9794,0.4468,0.012,32.0,300.0,35.06,0,0.9044,1,0.0
1642,54.7333,1,mask,,0.4011,0.4014,,0.0057,,,,,286,0.9828,0.4563,0.0119,32.0,300.0,35.08,0,0.9036,1,0.0
1643,54.7667,1,mask,,0.4074,0.4015,,0.0037,,,,,286,0.9828,0.448,0.0121,32.0,300.0,35.09,0,0.9052,1,0.0
1644,54.8,1,mask,,0.4032,0.4018,,0.0076,,,,,286,0.9828,0.464,0.0122,33.0,300.0,34.8,0,0.902,1,0.0
1645,54.8333,1,mask,,0.3981,0.4019,,0.005,,,,,286,0.9828,0.4693,0.0121,33.0,300.0,34.77,0,0.901,1,0.0
1646,54.8667,1,mask,,0.4047,0.4024,,0.0133,,,,,286,0.9828,0.4657,0.0123,33.0,300.0,34.76,0,0.9017,1,0.0
1647,54.9,1,mask,,0.4075,0.4032,,0.0242,,,,,285,0.9794,0.4634,0.0138,33.0,300.0,34.74,0,0.9011,1,0.0
1648,54.9333,1,mask,,0.4082,0.4037,,0.0157,,,,,285,0.9794,0.4594,0.014,33.0,300.0,34.74,0,0.9019,1,0.0
1649,54.9667,1,mask,,0.4105,0.405,,0.0397,,,,,285,0.9794,0.46,0.014,33.0,300.0,34.74,0,0.9018,1,0.0
1650,55.0,1,mask,,0.4653,0.4062,,0.0336,,,,,269,0.9746,0.3828,0.0108,32.0,305.0,35.09,0,0.9158,1,0.0
1651,55.0333,1,mask,,0.4628,0.4077,,0.0452,,,,,269,0.9746,0.3866,0.0107,32.0,305.0,35.09,0,0.9151,1,0.0
1652,55.0667,1,mask,,0.4618,0.4266,,0.5683,,,,,269,0.9746,0.3877,0.0107,32.0,305.0,35.06,0,0.9148,1,0.0
1653,55.1,1,mask,,0.4601,0.4389,,0.3694,,,,,269,0.9746,0.3885,0.0106,32.0,305.0,35.09,0,0.9147,1,0.0
1654,55.1333,1,mask,,0.4591,0.4469,,0.2401,,,,,269,0.9746,0.3877,0.0107,32.0,305.0,35.06,0,0.9149,1,0.0
1655,55.1667,1,mask,,0.4582,0.4515,,0.138,,,,,269,0.9746,0.3871,0.0107,32.0,305.0,35.09,0,0.915,1,0.0
1656,55.2,1,mask,,0.4583,0.4542,,0.0798,,,,,269,0.9746,0.3837,0.0107,32.0,305.0,35.11,0,0.9157,1,0.0
1657,55.2333,1,mask,,0.4585,0.4557,,0.0458,,,,,269,0.9746,0.3855,0.0107,32.0,305.0,35.12,0,0.9153,1,0.0
1658,55.2667,1,mask,,0.4569,0.4566,,0.0275,,,,,270,0.9747,0.3863,0.0109,32.0,305.0,35.08,0,0.9152,1,0.0
1659,55.3,1,mask,,0.4568,0.4572,,0.0168,,,,,270,0.9747,0.3852,0.0109,32.0,305.0,35.01,0,0.9154,1,0.0
1660,55.3333,1,mask,,0.4578,0.4574,,0.006,,,,,270,0.9747,0.3825,0.0109,32.0,305.0,34.94,0,0.9159,1,0.0
1661,55.3667,1,mask,,0.4577,0.4575,,0.0029,,,,,270,0.9747,0.3858,0.0109,32.0,305.0,34.96,0,0.9153,1,0.0
1662,55.4,1,mask,,0.454,0.4573,,-0.0063,,,,,270,0.9747,0.386,0.0109,32.0,305.0,34.87,0,0.9152,1,0.0
1663,55.4333,1,mask,,0.4569,0.4571,,-0.0044,,,,,270,0.9747,0.3818,0.0109,32.0,305.0,34.82,0,0.9161,1,0.0
1664,55.4667,1,mask,,0.4587,0.4573,,0.0056,,,,,270,0.9747,0.3832,0.0108,32.0,305.0,34.79,0,0.9158,1,0.0
1665,55.5,1,mask,,0.4587,0.4574,,0.0037,,,,,270,0.9747,0.3832,0.0108,32.0,305.0,34.82,0,0.9158,1,0.0
1666,55.5333,1,mask,,0.4615,0.4579,,0.0131,,,,,270,0.9747,0.3876,0.0108,32.0,305.0,34.77,0,0.9149,1,0.0
1667,55.5667,1,mask,,0.4594,0.4582,,0.0085,,,,,270,0.9747,0.3835,0.0108,32.0,305.0,34.81,0,0.9157,1,0.0
1668,55.6,1,mask,,0.4598,0.4586,,0.0135,,,,,271,0.9783,0.3953,0.0109,32.0,305.0,34.75,0,0.9144,1,0.0
1669,55.6333,1,mask,,0.4567,0.4589,,0.0088,,,,,270,0.9783,0.3813,0.0108,32.0,305.0,34.74,0,0.9172,1,0.0
1670,55.6667,1,mask,,0.4546,0.4591,,0.0057,,,,,269,0.9746,0.3745,0.0105,32.0,305.0,34.76,0,0.9175,1,0.0
1671,55.7,1,mask,,0.4499,0.4582,,-0.0253,,,,,270,0.9783,0.3704,0.0104,32.0,305.0,34.77,0,0.9194,1,0.0
1672,55.7333,1,mask,,0.4546,0.457,,-0.0378,,,,,272,0.9819,0.3801,0.0105,32.0,305.0,34.79,0,0.9186,1,0.0
1673,55.7667,1,mask,,0.4527,0.4561,,-0.0249,,,,,271,0.9819,0.3746,0.0105,32.0,305.0,34.76,0,0.9196,1,0.0
1674,55.8,1,mask,,0.4398,0.4549,,-0.0363,,,,,272,0.9819,0.377,0.0102,32.0,305.0,34.95,0,0.9192,1,0.0
1675,55.8333,1,mask,,0.4384,0.4532,,-0.0533,,,,,271,0.9783,0.369,0.01,32.0,305.0,34.88,0,0.9197,1,0.0
1676,55.8667,1,mask,,0.435,0.4485,,-0.1403,,,,,270,0.9747,0.3685,0.0098,32.0,305.0,34.89,0,0.9187,1,0.0
1677,55.9,1,mask,,0.4362,0.445,,-0.1056,,,,,270,0.9747,0.3675,0.0098,32.0,305.0,34.85,0,0.9189,1,0.0
1678,55.9333,1,mask,,0.4362,0.4419,,-0.0915,,,,,270,0.9747,0.3675,0.0098,32.0,305.0,34.88,0,0.9189,1,0.0
1679,55.9667,1,mask,,0.4359,0.4399,,-0.0595,,,,,270,0.9747,0.3703,0.01,32.0,305.0,34.78,0,0.9184,1,0.0
1680,56.0,1,mask,,0.4355,0.4385,,-0.0428,,,,,270,0.9747,0.3696,0.01,32.0,305.0,34.79,0,0.9185,1,0.0
1681,56.0333,1,mask,,0.4359,0.4376,,-0.0278,,,,,270,0.9747,0.3703,0.01,32.0,305.0,34.8,0,0.9184,1,0.0
1682,56.0667,1,mask,,0.4388,0.437,,-0.0181,,,,,270,0.9783,0.3729,0.0097,32.0,305.0,34.8,0,0.9189,1,0.0
1683,56.1,1,mask,,0.4437,0.4366,,-0.0117,,,,,269,0.9782,0.3659,0.0102,32.0,305.0,34.8,0,0.9203,1,0.0
1684,56.1333,1,mask,,0.4411,0.4374,,0.0234,,,,,269,0.9782,0.3752,0.0101,32.0,305.0,34.85,0,0.9184,1,0.0
1685,56.1667,1,mask,,0.4414,0.4387,,0.0394,,,,,270,0.9818,0.3751,0.0101,32.0,305.0,34.89,0,0.9195,1,0.0
1686,56.2,1,mask,,0.4366,0.4395,,0.0256,,,,,271,0.9855,0.3884,0.01,32.0,305.0,35.09,0,0.918,1,0.0
1687,56.2333,1,mask,,0.4341,0.4401,,0.0167,,,,,270,0.9818,0.3808,0.0101,32.0,305.0,35.25,0,0.9184,1,0.0
1688,56.2667,1,mask,,0.4342,0.4389,,-0.0371,,,,,270,0.9818,0.3865,0.0098,32.0,305.0,35.31,0,0.9172,1,0.0
1689,56.3,1,mask,,0.4395,0.438,,-0.0241,,,,,271,0.9855,0.3919,0.0103,32.0,305.0,35.37,0,0.9173,1,0.0
1690,56.3333,1,mask,,0.4497,0.4375,,-0.0157,,,,,270,0.9818,0.3938,0.0109,32.0,305.0,35.92,0,0.9158,1,0.0
1691,56.3667,1,mask,,0.4524,0.4382,,0.0208,,,,,270,0.9818,0.3915,0.0108,32.0,305.0,35.82,0,0.9162,1,0.0
1692,56.4,1,mask,,0.4512,0.4422,,0.1209,,,,,270,0.9818,0.3947,0.0109,32.0,305.0,35.77,0,0.9156,1,0.0
1693,56.4333,1,mask,,0.4541,0.4454,,0.0938,,,,,271,0.9855,0.3965,0.0111,32.0,305.0,35.64,0,0.9163,1,0.0
1694,56.4667,1,mask,,0.452,0.4477,,0.0694,,,,,271,0.9855,0.3945,0.011,32.0,305.0,35.56,0,0.9167,1,0.0
1695,56.5,1,mask,,0.4516,0.4492,,0.0451,,,,,270,0.9818,0.3848,0.0107,32.0,305.0,35.39,0,0.9176,1,0.0
1696,56.5333,1,mask,,0.4483,0.45,,0.0252,,,,,270,0.9818,0.3921,0.0108,32.0,305.0,35.38,0,0.9161,1,0.0
1697,56.5667,1,mask,,0.45,0.4506,,0.0164,,,,,270,0.9818,0.3859,0.0109,32.0,305.0,35.32,0,0.9174,1,0.0
1698,56.6,1,mask,,0.4547,0.4509,,0.0106,,,,,270,0.9818,0.4012,0.0112,32.0,305.0,35.24,0,0.9143,1,0.0
1699,56.6333,1,mask,,0.4511,0.451,,0.0015,,,,,269,0.9818,0.3892,0.0108,32.0,305.0,34.89,0,0.9167,1,0.0
1700,56.6667,1,mask,,0.4508,0.4509,,-0.0022,,,,,269,0.9818,0.3909,0.0108,32.0,305.0,34.87,0,0.9164,1,0.0
1701,56.7,1,mask,,0.4514,0.451,,0.0017,,,,,269,0.9818,0.3932,0.0109,32.0,305.0,34.85,0,0.9159,1,0.0
1702,56.7333,1,mask,,0.4531,0.4511,,0.0046,,,,,269,0.9818,0.3925,0.011,32.0,305.0,34.81,0,0.916,1,0.0
1703,56.7667,1,mask,,0.4505,0.4511,,-0.0005,,,,,269,0.9818,0.3909,0.0108,32.0,305.0,34.84,0,0.9163,1,0.0
1704,56.8,1,mask,,0.4505,0.451,,-0.0035,,,,,269,0.9818,0.3939,0.0108,32.0,305.0,34.79,0,0.9157,1,0.0
1705,56.8333,1,mask,,0.4476,0.4508,,-0.0047,,,,,268,0.9781,0.392,0.0107,32.0,305.0,34.78,0,0.915,1,0.0
1706,56.8667,1,mask,,0.4465,0.4507,,-0.0037,,,,,268,0.9781,0.3924,0.0107,32.0,305.0,34.84,0,0.915,1,0.0
1707,56.9,1,mask,,0.4358,0.4496,,-0.0331,,,,,269,0.9782,0.4042,0.0111,32.0,305.0,35.11,0,0.9126,1,0.0
1708,56.9333,1,mask,,0.4366,0.4485,,-0.0322,,,,,269,0.9782,0.4014,0.0112,32.0,305.0,35.06,0,0.9132,1,0.0
1709,56.9667,1,mask,,0.4451,0.4473,,-0.0361,,,,,270,0.9783,0.3851,0.0106,32.0,306.0,35.16,0,0.9165,1,0.0
1710,57.0,1,mask,,0.4476,0.4465,,-0.0234,,,,,270,0.9818,0.3837,0.0107,32.0,305.0,35.16,0,0.9178,1,0.0
1711,57.0333,1,mask,,0.4472,0.446,,-0.0152,,,,,270,0.9783,0.3889,0.0105,32.0,306.0,35.05,0,0.9157,1,0.0
1712,57.0667,1,mask,,0.4378,0.4457,,-0.0099,,,,,269,0.9782,0.3971,0.0112,32.0,305.0,35.04,0,0.914,1,0.0
1713,57.1,1,mask,,0.4378,0.4455,,-0.0064,,,,,269,0.9782,0.3965,0.0112,32.0,305.0,35.05,0,0.9142,1,0.0
1714,57.1333,1,mask,,0.439,0.4432,,-0.0681,,,,,269,0.9782,0.3876,0.0108,32.0,305.0,35.39,0,0.9159,1,0.0
1715,57.1667,1,mask,,0.4431,0.4417,,-0.0443,,,,,269,0.9782,0.3873,0.0108,32.0,305.0,35.51,0,0.916,1,0.0
1716,57.2,1,mask,,0.4448,0.4408,,-0.0288,,,,,269,0.9782,0.3852,0.0106,32.0,305.0,35.43,0,0.9164,1,0.0
1717,57.2333,1,mask,,0.4438,0.4416,,0.0243,,,,,269,0.9782,0.3862,0.0107,32.0,305.0,35.48,0,0.9162,1,0.0
1718,57.2667,1,mask,,0.4476,0.4424,,0.0234,,,,,269,0.9782,0.3858,0.0107,32.0,305.0,35.47,0,0.9163,1,0.0
1719,57.3,1,mask,,0.4457,0.4432,,0.0255,,,,,269,0.9782,0.3846,0.0106,32.0,305.0,35.21,0,0.9165,1,0.0
1720,57.3333,1,mask,,0.4442,0.4438,,0.0166,,,,,269,0.9782,0.3878,0.0107,32.0,305.0,35.16,0,0.9159,1,0.0
1721,57.3667,1,mask,,0.4435,0.4439,,0.0039,,,,,269,0.9782,0.3888,0.0107,32.0,305.0,35.11,0,0.9157,1,0.0
1722,57.4,1,mask,,0.4441,0.444,,0.0025,,,,,268,0.9745,0.3869,0.0109,32.0,305.0,35.24,0,0.915,1,0.0
1723,57.4333,1,mask,,0.4485,0.4441,,0.0016,,,,,268,0.9745,0.3809,0.0107,32.0,305.0,34.57,0,0.9162,1,0.0
1724,57.4667,1,mask,,0.4523,0.4441,,0.0011,,,,,267,0.9709,0.3784,0.0108,32.0,305.0,34.56,0,0.9156,1,0.0
1725,57.5,1,mask,,0.4532,0.4456,,0.0467,,,,,267,0.9709,0.3792,0.0108,32.0,305.0,34.56,0,0.9154,1,0.0
1726,57.5333,1,mask,,0.4544,0.448,,0.0696,,,,,267,0.9709,0.3815,0.0109,32.0,305.0,34.49,0,0.915,1,0.0
1727,57.5667,1,mask,,0.4544,0.4498,,0.0548,,,,,267,0.9709,0.3815,0.0109,32.0,305.0,34.43,0,0.915,1,0.0
1728,57.6,1,mask,,0.4535,0.4511,,0.0386,,,,,267,0.9709,0.3791,0.0108,32.0,305.0,34.42,0,0.9154,1,0.0
1729,57.6333,1,mask,,0.4502,0.4519,,0.0251,,,,,267,0.9709,0.3877,0.0109,32.0,305.0,34.39,0,0.9137,1,0.0
1730,57.6667,1,mask,,0.4465,0.4525,,0.0163,,,,,267,0.9709,0.3872,0.0109,32.0,305.0,34.45,0,0.9138,1,0.0
1731,57.7,1,mask,,0.4459,0.4517,,-0.0233,,,,,268,0.9745,0.3864,0.0109,32.0,305.0,35.05,0,0.9151,1,0.0
1732,57.7333,1,mask,,0.444,0.4499,,-0.0539,,,,,269,0.9782,0.3921,0.0109,32.0,305.0,34.96,0,0.915,1,0.0
1733,57.7667,1,mask,,0.4461,0.4486,,-0.0393,,,,,268,0.9745,0.3874,0.011,32.0,305.0,34.92,0,0.9149,1,0.0
1734,57.8,1,mask,,0.4384,0.4476,,-0.0279,,,,,268,0.9745,0.3955,0.0111,32.0,305.0,35.04,0,0.9133,1,0.0
1735,57.8333,1,mask,,0.4456,0.4469,,-0.0217,,,,,269,0.9782,0.3911,0.011,32.0,305.0,34.62,0,0.9152,1,0.0
1736,57.8667,1,mask,,0.4433,0.4459,,-0.0307,,,,,269,0.9782,0.3954,0.011,32.0,305.0,34.57,0,0.9144,1,0.0
1737,57.9,1,mask,,0.4421,0.445,,-0.0269,,,,,269,0.9782,0.3925,0.0111,32.0,305.0,34.49,0,0.915,1,0.0
1738,57.9333,1,mask,,0.4401,0.444,,-0.0309,,,,,268,0.9745,0.392,0.0111,32.0,305.0,34.68,0,0.914,1,0.0
1739,57.9667,1,mask,,0.439,0.4433,,-0.0201,,,,,268,0.9745,0.3941,0.0111,32.0,305.0,34.56,0,0.9135,1,0.0
1740,58.0,1,mask,,0.4364,0.4422,,-0.0332,,,,,269,0.9782,0.3964,0.0111,32.0,305.0,34.56,0,0.9142,1,0.0
1741,58.0333,1,mask,,0.4376,0.4411,,-0.034,,,,,269,0.9782,0.4012,0.0111,32.0,305.0,34.59,0,0.9132,1,0.0
1742,58.0667,1,mask,,0.4393,0.4403,,-0.0221,,,,,269,0.9782,0.3972,0.011,32.0,305.0,34.79,0,0.914,1,0.0
1743,58.1,1,mask,,0.4448,0.4398,,-0.0144,,,,,269,0.9782,0.4018,0.011,32.0,305.0,34.65,0,0.9131,1,0.0
1744,58.1333,1,mask,,0.4437,0.4396,,-0.0062,,,,,269,0.9782,0.4018,0.0111,32.0,305.0,34.7,0,0.9131,1,0.0
1745,58.1667,1,mask,,0.4456,0.4411,,0.0424,,,,,269,0.9782,0.401,0.0111,32.0,305.0,34.69,0,0.9132,1,0.0
1746,58.2,1,mask,,0.4415,0.442,,0.0275,,,,,268,0.9745,0.4036,0.0114,32.0,305.0,34.7,0,0.9116,1,0.0
1747,58.2333,1,mask,,0.4491,0.443,,0.0298,,,,,267,0.978,0.4007,0.0105,32.0,305.0,35.19,0,0.9133,1,0.0
1748,58.2667,1,mask,,0.4513,0.4439,,0.0272,,,,,267,0.978,0.3963,0.0104,32.0,305.0,35.23,0,0.9141,1,0.0
1749,58.3,1,mask,,0.4513,0.4457,,0.0548,,,,,267,0.978,0.3963,0.0104,32.0,305.0,35.32,0,0.9141,1,0.0
1750,58.3333,1,mask,,0.4519,0.4477,,0.0593,,,,,267,0.978,0.3894,0.0103,32.0,305.0,35.25,0,0.9155,1,0.0
1751,58.3667,1,mask,,0.4522,0.449,,0.0385,,,,,267,0.978,0.3949,0.0105,32.0,305.0,35.42,0,0.9144,1,0.0
1752,58.4,1,mask,,0.4543,0.45,,0.0305,,,,,268,0.9781,0.3958,0.0102,32.0,306.0,35.43,0,0.9143,1,0.0
1753,58.4333,1,mask,,0.4554,0.4507,,0.0229,,,,,269,0.9782,0.3962,0.0102,32.0,306.0,35.41,0,0.9142,1,0.0
1754,58.4667,1,mask,,0.4437,0.4512,,0.0149,,,,,266,0.9779,0.395,0.0104,32.0,305.0,35.5,0,0.9144,1,0.0
1755,58.5,1,mask,,0.4495,0.4516,,0.0097,,,,,268,0.9781,0.3994,0.0108,32.0,305.0,35.18,0,0.9136,1,0.0
1756,58.5333,1,mask,,0.4495,0.4508,,-0.0212,,,,,268,0.9781,0.3994,0.0108,32.0,305.0,35.2,0,0.9136,1,0.0
1757,58.5667,1,mask,,0.4494,0.4504,,-0.0138,,,,,269,0.9782,0.4002,0.0109,32.0,305.0,35.14,0,0.9134,1,0.0
1758,58.6,1,mask,,0.452,0.4501,,-0.009,,,,,269,0.9782,0.4005,0.0109,32.0,305.0,35.5,0,0.9134,1,0.0
1759,58.6333,1,mask,,0.4524,0.4499,,-0.0058,,,,,268,0.9745,0.3967,0.011,32.0,305.0,35.52,0,0.913,1,0.0
1760,58.6667,1,mask,,0.4524,0.4506,,0.0226,,,,,268,0.9745,0.3967,0.011,32.0,305.0,35.54,0,0.913,1,0.0
1761,58.7,1,mask,,0.4506,0.4511,,0.0147,,,,,268,0.9745,0.3946,0.011,32.0,305.0,35.5,0,0.9135,1,0.0
1762,58.7333,1,mask,,0.4471,0.4515,,0.0095,,,,,268,0.9745,0.3951,0.0111,32.0,305.0,35.76,0,0.9133,1,0.0
1763,58.7666,1,mask,,0.4519,0.4516,,0.0046,,,,,269,0.9746,0.3989,0.0109,32.0,306.0,35.7,0,0.9126,1,0.0
1764,58.8,1,mask,,0.4531,0.4517,,0.003,,,,,269,0.9746,0.3989,0.0109,32.0,306.0,35.72,0,0.9126,1,0.0
1765,58.8333,1,mask,,0.4512,0.4515,,-0.005,,,,,269,0.9746,0.3977,0.0109,32.0,306.0,35.69,0,0.9129,1,0.0
1766,58.8666,1,mask,,0.4518,0.4516,,0.0026,,,,,268,0.9745,0.3975,0.011,32.0,305.0,35.87,0,0.9129,1,0.0
1767,58.9,1,mask,,0.4455,0.4517,,0.0017,,,,,268,0.9745,0.3925,0.011,32.0,305.0,35.73,0,0.9139,1,0.0
1768,58.9333,1,mask,,0.4466,0.4515,,-0.0048,,,,,268,0.9745,0.3936,0.011,32.0,305.0,35.83,0,0.9136,1,0.0
1769,58.9666,1,mask,,0.4477,0.4502,,-0.0407,,,,,268,0.9745,0.3946,0.011,32.0,305.0,35.9,0,0.9134,1,0.0
1770,59.0,1,mask,,0.4426,0.4489,,-0.0378,,,,,268,0.9745,0.3925,0.0111,32.0,305.0,36.21,0,0.9139,1,0.0
1771,59.0333,1,mask,,0.45,0.4481,,-0.0245,,,,,268,0.9745,0.3955,0.0109,32.0,305.0,36.13,0,0.9133,1,0.0
1772,59.0666,1,mask,,0.4492,0.4479,,-0.0046,,,,,268,0.9745,0.3928,0.011,32.0,305.0,36.13,0,0.9138,1,0.0
1773,59.1,1,mask,,0.4487,0.4482,,0.0077,,,,,268,0.9745,0.3943,0.011,32.0,305.0,36.15,0,0.9135,1,0.0
1774,59.1333,1,mask,,0.4477,0.4484,,0.005,,,,,268,0.9745,0.3917,0.011,32.0,305.0,36.07,0,0.914,1,0.0
1775,59.1666,1,mask,,0.4467,0.4485,,0.0033,,,,,268,0.9745,0.3907,0.0111,32.0,305.0,35.99,0,0.9142,1,0.0
1776,59.2,1,mask,,0.4457,0.4482,,-0.0078,,,,,268,0.9745,0.3918,0.0111,32.0,305.0,36.01,0,0.914,1,0.0
1777,59.2333,1,mask,,0.4447,0.4477,,-0.0164,,,,,268,0.9745,0.3888,0.0111,32.0,305.0,36.02,0,0.9146,1,0.0
1778,59.2666,1,mask,,0.448,0.4473,,-0.0106,,,,,270,0.9783,0.3952,0.0108,32.0,306.0,36.18,0,0.9144,1,0.0
1779,59.3,1,mask,,0.4467,0.4471,,-0.0069,,,,,268,0.9781,0.4004,0.0107,32.0,306.0,35.9,0,0.9134,1,0.0
1780,59.3333,1,mask,,0.4489,0.447,,-0.0039,,,,,269,0.9818,0.4016,0.0109,32.0,306.0,35.8,0,0.9142,1,0.0
1781,59.3666,1,mask,,0.452,0.4473,,0.011,,,,,269,0.9782,0.4005,0.0107,32.0,306.0,35.71,0,0.9133,1,0.0
1782,59.4,1,mask,,0.4487,0.4478,,0.0145,,,,,268,0.9781,0.4,0.0106,32.0,306.0,35.71,0,0.9134,1,0.0
1783,59.4333,1,mask,,0.4479,0.4481,,0.0094,,,,,268,0.9781,0.4005,0.0106,32.0,306.0,35.66,0,0.9133,1,0.0
1784,59.4666,1,mask,,0.4475,0.4483,,0.0061,,,,,268,0.9781,0.4001,0.0106,32.0,306.0,35.59,0,0.9134,1,0.0
1785,59.5,1,mask,,0.4475,0.4482,,-0.0046,,,,,266,0.9744,0.397,0.0105,32.0,306.0,35.18,0,0.9129,1,0.0
1786,59.5333,1,mask,,0.4475,0.4479,,-0.0073,,,,,266,0.9744,0.3971,0.0106,32.0,306.0,35.52,0,0.9129,1,0.0
1787,59.5666,1,mask,,0.4466,0.4478,,-0.0049,,,,,267,0.9816,0.4012,0.0109,32.0,305.0,36.1,0,0.9142,1,0.0
1788,59.6,1,mask,,0.4485,0.4477,,-0.0032,,,,,268,0.9817,0.4004,0.0109,32.0,305.0,36.06,0,0.9144,1,0.0
1789,59.6333,1,mask,,0.4491,0.4476,,-0.0019,,,,,268,0.9817,0.3999,0.0109,32.0,305.0,36.03,0,0.9145,1,0.0
1790,59.6666,1,mask,,0.4419,0.4475,,-0.0015,,,,,265,0.9779,0.3964,0.0103,32.0,306.0,35.98,0,0.9141,1,0.0
1791,59.7,1,mask,,0.4464,0.4472,,-0.0101,,,,,267,0.978,0.396,0.0108,32.0,305.0,35.47,0,0.9142,1,0.0
1792,59.7333,1,mask,,0.4463,0.4469,,-0.0089,,,,,268,0.9781,0.3953,0.0109,32.0,305.0,35.49,0,0.9144,1,0.0
1793,59.7666,1,mask,,0.4434,0.4467,,-0.0067,,,,,267,0.978,0.3937,0.0109,32.0,305.0,35.47,0,0.9147,1,0.0
1794,59.8,1,mask,,0.4391,0.4455,,-0.035,,,,,270,0.9783,0.3876,0.0109,32.0,306.0,35.86,0,0.916,1,0.0
1795,59.8333,1,mask,,0.4382,0.4448,,-0.0228,,,,,270,0.9783,0.3865,0.0108,32.0,306.0,35.85,0,0.9162,1,0.0
1796,59.8666,1,mask,,0.4403,0.4432,,-0.0474,,,,,270,0.9783,0.3876,0.0109,32.0,306.0,35.87,0,0.9159,1,0.0
1797,59.9,1,mask,,0.4382,0.4417,,-0.0432,,,,,270,0.9783,0.3865,0.0108,32.0,306.0,35.85,0,0.9162,1,0.0
1798,59.9333,1,mask,,0.4391,0.4408,,-0.0281,,,,,270,0.9783,0.3866,0.0108,32.0,306.0,35.89,0,0.9162,1,0.0
1799,59.9666,1,mask,,0.4391,0.4402,,-0.0177,,,,,270,0.9783,0.3866,0.0108,32.0,306.0,35.89,0,0.9162,1,0.0
1800,60.0,1,mask,,0.462,0.4398,,-0.0115,,,,,300,0.9934,0.5597,0.0148,32.0,307.0,36.0,0,0.8861,1,0.0
1801,60.0333,1,mask,,0.408,0.4396,,-0.0075,,,,,284,0.9251,0.3646,0.0129,33.0,300.0,35.95,0,0.9046,1,0.0
1802,60.0666,1,mask,,0.4329,0.4394,,-0.0049,,,,,289,0.9414,0.3616,0.0125,33.0,300.0,35.94,0,0.9101,1,0.0
1803,60.1,1,mask,,0.4356,0.4381,,-0.0397,,,,,289,0.9414,0.361,0.0126,33.0,300.0,35.92,0,0.9102,1,0.0
1804,60.1333,1,mask,,0.4355,0.4372,,-0.0276,,,,,288,0.9381,0.3529,0.0129,33.0,300.0,35.91,0,0.9109,1,0.0
1805,60.1666,1,mask,,0.4315,0.4357,,-0.0454,,,,,289,0.9414,0.3594,0.0129,33.0,300.0,35.91,0,0.9105,1,0.0
1806,60.2,1,mask,,0.4312,0.4347,,-0.0295,,,,,289,0.9414,0.3603,0.013,33.0,300.0,35.91,0,0.9104,1,0.0
1807,60.2333,1,mask,,0.426,0.4336,,-0.033,,,,,290,0.9446,0.3663,0.0132,33.0,300.0,35.91,0,0.9101,1,0.0
1808,60.2666,1,mask,,0.4266,0.4327,,-0.0252,,,,,290,0.9446,0.3597,0.0132,33.0,300.0,35.91,0,0.9115,1,0.0
1809,60.3,1,mask,,0.4271,0.4308,,-0.0591,,,,,290,0.9446,0.3625,0.0132,33.0,300.0,35.83,0,0.9109,1,0.0
1810,60.3333,1,mask,,0.4263,0.4293,,-0.0441,,,,,290,0.9446,0.3618,0.0132,33.0,300.0,35.83,0,0.911,1,0.0
1811,60.3666,1,mask,,0.4263,0.4283,,-0.0313,,,,,289,0.9414,0.3603,0.0134,33.0,300.0,35.77,0,0.9104,1,0.0
1812,60.4,1,mask,,0.422,0.4276,,-0.0203,,,,,289,0.9414,0.3611,0.0133,33.0,300.0,35.7,0,0.9102,1,0.0
1813,60.4333,1,mask,,0.4201,0.4271,,-0.0134,,,,,288,0.9381,0.3615,0.0134,33.0,300.0,35.62,0,0.9091,1,0.0
1814,60.4666,1,mask,,0.4184,0.4253,,-0.0535,,,,,289,0.9414,0.3625,0.0134,33.0,300.0,35.66,0,0.9099,1,0.0
1815,60.5,1,mask,,0.4202,0.4235,,-0.0545,,,,,289,0.9414,0.3646,0.0133,33.0,300.0,35.64,0,0.9095,1,0.0
1816,60.5333,1,mask,,0.4173,0.4223,,-0.0365,,,,,291,0.9479,0.3705,0.0133,33.0,300.0,35.65,0,0.9103,1,0.0
1817,60.5666,1,mask,,0.4172,0.421,,-0.0407,,,,,289,0.9414,0.3653,0.0135,33.0,300.0,35.71,0,0.9094,1,0.0
1818,60.6,1,mask,,0.4167,0.4197,,-0.0381,,,,,289,0.9414,0.3668,0.0135,33.0,300.0,35.74,0,0.909,1,0.0
1819,60.6333,1,mask,,0.4153,0.4188,,-0.0257,,,,,289,0.9414,0.3679,0.0135,33.0,300.0,35.72,0,0.9088,1,0.0
1820,60.6666,1,mask,,0.4157,0.4181,,-0.0227,,,,,288,0.9381,0.3645,0.0133,33.0,299.0,35.77,0,0.9085,1,0.0
1821,60.7,1,mask,,0.4116,0.4172,,-0.0252,,,,,289,0.9414,0.3695,0.0135,33.0,299.0,35.77,0,0.9085,1,0.0
1822,60.7333,1,mask,,0.4103,0.4166,,-0.0205,,,,,289,0.9414,0.3705,0.0135,33.0,299.0,35.76,0,0.9083,1,0.0
1823,60.7666,1,mask,,0.4105,0.4148,,-0.0516,,,,,288,0.9381,0.3731,0.0137,33.0,299.0,35.75,0,0.9068,1,0.0
1824,60.8,1,mask,,0.4127,0.4137,,-0.0336,,,,,289,0.9414,0.369,0.0135,33.0,299.0,35.78,0,0.9086,1,0.0
1825,60.8333,1,mask,,0.4139,0.413,,-0.0218,,,,,289,0.9414,0.3655,0.0135,33.0,299.0,35.72,0,0.9093,1,0.0
1826,60.8666,1,mask,,0.4126,0.4128,,-0.0044,,,,,290,0.9446,0.3692,0.0136,33.0,299.0,35.72,0,0.9095,1,0.0
1827,60.9,1,mask,,0.4133,0.4128,,-0.0018,,,,,289,0.9414,0.3669,0.0136,33.0,299.0,35.69,0,0.909,1,0.0
1828,60.9333,1,mask,,0.4133,0.413,,0.0054,,,,,289,0.9414,0.3669,0.0136,33.0,299.0,35.71,0,0.909,1,0.0
1829,60.9666,1,mask,,0.4136,0.4131,,0.0035,,,,,290,0.9446,0.3667,0.0135,33.0,299.0,35.69,0,0.91,1,0.0
1830,61.0,1,mask,,0.4113,0.4132,,0.0023,,,,,289,0.9414,0.3676,0.0136,33.0,299.0,35.69,0,0.9089,1,0.0
1831,61.0333,1,mask,,0.4109,0.4132,,0.0015,,,,,290,0.9446,0.3663,0.0135,33.0,299.0,35.69,0,0.9101,1,0.0
1832,61.0666,1,mask,,0.41,0.4125,,-0.02,,,,,289,0.9414,0.3712,0.0136,33.0,299.0,35.65,0,0.9082,1,0.0
1833,61.1,1,mask,,0.4155,0.4121,,-0.013,,,,,290,0.9446,0.3655,0.0137,33.0,300.0,35.65,0,0.9103,1,0.0
1834,61.1333,1,mask,,0.4144,0.4118,,-0.0084,,,,,289,0.9414,0.3702,0.0141,33.0,300.0,35.63,0,0.9084,1,0.0
1835,61.1666,1,mask,,0.419,0.4127,,0.0267,,,,,290,0.9446,0.365,0.0142,33.0,300.0,35.63,0,0.9104,1,0.0
1836,61.2,1,mask,,0.4144,0.4133,,0.0182,,,,,292,0.9511,0.3682,0.014,33.0,300.0,35.74,0,0.9117,1,0.0
1837,61.2333,1,mask,,0.4163,0.4141,,0.0227,,,,,290,0.9446,0.3666,0.0141,33.0,300.0,35.66,0,0.9101,1,0.0
1838,61.2666,1,mask,,0.4159,0.4147,,0.0188,,,,,289,0.9414,0.3636,0.0141,33.0,300.0,35.71,0,0.9097,1,0.0
1839,61.3,1,mask,,0.4152,0.4151,,0.0122,,,,,290,0.9446,0.3646,0.0142,33.0,300.0,35.68,0,0.9105,1,0.0
1840,61.3333,1,mask,,0.4168,0.4154,,0.0079,,,,,289,0.9414,0.3666,0.0142,33.0,299.0,35.69,0,0.9091,1,0.0
1841,61.3666,1,mask,,0.4095,0.4155,,0.0052,,,,,290,0.9446,0.3705,0.0141,33.0,299.0,35.71,0,0.9093,1,0.0
1842,61.4,1,mask,,0.4107,0.4154,,-0.0031,,,,,291,0.9479,0.3724,0.0141,33.0,300.0,35.65,0,0.9099,1,0.0
1843,61.4333,1,mask,,0.4089,0.4138,,-0.0495,,,,,292,0.9511,0.3733,0.014,33.0,300.0,35.61,0,0.9107,1,0.0
1844,61.4666,1,mask,,0.41,0.4125,,-0.0396,,,,,292,0.9511,0.3697,0.014,33.0,300.0,35.6,0,0.9114,1,0.0
1845,61.5,1,mask,,0.4114,0.4116,,-0.0258,,,,,290,0.9446,0.3676,0.0141,33.0,300.0,35.58,0,0.9099,1,0.0
1846,61.5333,1,mask,,0.412,0.4113,,-0.0093,,,,,292,0.9511,0.3682,0.014,33.0,300.0,35.58,0,0.9117,1,0.0
1847,61.5666,1,mask,,0.4107,0.4111,,-0.0067,,,,,292,0.9511,0.3711,0.014,33.0,300.0,35.55,0,0.9111,1,0.0
1848,61.6,1,mask,,0.4121,0.4112,,0.0034,,,,,292,0.9511,0.3683,0.0141,33.0,300.0,35.61,0,0.9117,1,0.0
1849,61.6333,1,mask,,0.4137,0.4115,,0.0088,,,,,291,0.9479,0.368,0.0141,33.0,300.0,35.61,0,0.9108,1,0.0
1850,61.6666,1,mask,,0.4153,0.4117,,0.006,,,,,290,0.9446,0.3639,0.0141,33.0,300.0,35.6,0,0.9106,1,0.0
1851,61.7,1,mask,,0.4121,0.4118,,0.0049,,,,,291,0.9479,0.3714,0.014,33.0,300.0,35.63,0,0.9101,1,0.0
1852,61.7333,1,mask,,0.4165,0.4125,,0.0192,,,,,286,0.9316,0.3551,0.014,33.0,300.0,35.59,0,0.9085,1,0.0
1853,61.7666,1,mask,,0.4131,0.4129,,0.0125,,,,,291,0.9479,0.3641,0.0141,33.0,300.0,35.52,0,0.9116,1,0.0
1854,61.8,1,mask,,0.4121,0.413,,0.0019,,,,,291,0.9479,0.3655,0.014,33.0,300.0,35.51,0,0.9113,1,0.0
1855,61.8333,1,mask,,0.415,0.413,,0.0012,,,,,290,0.9446,0.3631,0.0142,33.0,300.0,35.47,0,0.9108,1,0.0
1856,61.8666,1,mask,,0.414,0.4133,,0.01,,,,,289,0.9414,0.3669,0.0141,33.0,300.0,35.44,0,0.909,1,0.0
1857,61.9,1,mask,,0.4161,0.4136,,0.0065,,,,,290,0.9446,0.3609,0.0142,33.0,300.0,35.29,0,0.9112,1,0.0
1858,61.9333,1,mask,,0.4153,0.4141,,0.0149,,,,,290,0.9446,0.3626,0.0143,33.0,300.0,35.36,0,0.9109,1,0.0
1859,61.9666,1,mask,,0.4156,0.4145,,0.0134,,,,,290,0.9446,0.3595,0.0142,33.0,300.0,35.31,0,0.9115,1,0.0
1860,62.0,1,mask,,0.4153,0.4148,,0.0087,,,,,290,0.9446,0.3626,0.0142,33.0,300.0,35.45,0,0.9109,1,0.0
1861,62.0333,1,mask,,0.4186,0.4151,,0.0084,,,,,286,0.9316,0.3523,0.0142,33.0,300.0,35.37,0,0.909,1,0.0
1862,62.0666,1,mask,,0.4177,0.4153,,0.0055,,,,,286,0.9316,0.3514,0.0143,33.0,300.0,35.44,0,0.9092,1,0.0
1863,62.1,1,mask,,0.4177,0.4161,,0.0253,,,,,287,0.9349,0.3516,0.0143,33.0,300.0,35.42,0,0.9101,1,0.0
1864,62.1333,1,mask,,0.4194,0.4167,,0.0173,,,,,287,0.9349,0.3582,0.0138,33.0,300.0,35.68,0,0.9088,1,0.0
1865,62.1666,1,mask,,0.4242,0.4174,,0.0206,,,,,286,0.9316,0.3527,0.014,33.0,300.0,35.69,0,0.9089,1,0.0
1866,62.2,1,mask,,0.4242,0.4181,,0.0216,,,,,286,0.9316,0.3527,0.014,33.0,300.0,35.63,0,0.9089,1,0.0
1867,62.2333,1,mask,,0.4225,0.4196,,0.0466,,,,,286,0.9316,0.3514,0.0141,33.0,300.0,35.6,0,0.9092,1,0.0
1868,62.2666,1,mask,,0.4248,0.4212,,0.0483,,,,,286,0.9316,0.3504,0.014,33.0,300.0,35.64,0,0.9094,1,0.0
1869,62.3,1,mask,,0.4221,0.4223,,0.0314,,,,,286,0.9316,0.3514,0.0139,33.0,300.0,35.61,0,0.9092,1,0.0
1870,62.3333,1,mask,,0.4298,0.423,,0.0204,,,,,287,0.9318,0.3523,0.0139,33.0,301.0,35.68,0,0.9091,1,0.0
1871,62.3666,1,mask,,0.4305,0.4236,,0.0193,,,,,287,0.9318,0.3517,0.014,33.0,301.0,35.68,0,0.9092,1,0.0
1872,62.4,1,mask,,0.4274,0.4249,,0.0399,,,,,286,0.9286,0.352,0.0141,33.0,301.0,35.76,0,0.9082,1,0.0
1873,62.4333,1,mask,,0.428,0.426,,0.0325,,,,,288,0.9351,0.3528,0.0141,33.0,301.0,35.83,0,0.91,1,0.0
1874,62.4666,1,mask,,0.427,0.4267,,0.0211,,,,,288,0.9351,0.3537,0.014,33.0,301.0,35.83,0,0.9098,1,0.0
1875,62.5,1,mask,,0.4284,0.4272,,0.0137,,,,,288,0.9351,0.3538,0.0141,33.0,301.0,35.85,0,0.9098,1,0.0
1876,62.5333,1,mask,,0.427,0.4273,,0.0024,,,,,288,0.9351,0.3537,0.014,33.0,301.0,35.86,0,0.9098,1,0.0
1877,62.5666,1,mask,,0.4251,0.4272,,-0.0027,,,,,287,0.9318,0.3544,0.014,33.0,301.0,35.79,0,0.9087,1,0.0
1878,62.6,1,mask,,0.4243,0.4271,,-0.0018,,,,,286,0.9286,0.3519,0.014,33.0,301.0,35.78,0,0.9082,1,0.0
1879,62.6333,1,mask,,0.4262,0.4268,,-0.0098,,,,,287,0.9318,0.3532,0.014,33.0,301.0,35.8,0,0.9089,1,0.0
1880,62.6666,1,mask,,0.423,0.4262,,-0.018,,,,,290,0.9416,0.3639,0.0139,33.0,301.0,35.81,0,0.9097,1,0.0
1881,62.7,1,mask,,0.4238,0.4255,,-0.0199,,,,,289,0.9383,0.3566,0.014,33.0,301.0,35.69,0,0.9102,1,0.0
1882,62.7333,1,mask,,0.4236,0.4249,,-0.0177,,,,,289,0.9383,0.3559,0.0139,33.0,301.0,35.74,0,0.9103,1,0.0
1883,62.7666,1,mask,,0.4234,0.4245,,-0.0145,,,,,289,0.9383,0.3546,0.0139,33.0,301.0,35.75,0,0.9106,1,0.0
1884,62.8,1,mask,,0.4263,0.4241,,-0.0094,,,,,288,0.9381,0.3469,0.0138,33.0,300.0,35.83,0,0.9121,1,0.0
1885,62.8333,1,mask,,0.4251,0.424,,-0.0031,,,,,287,0.9349,0.3474,0.0138,33.0,300.0,35.78,0,0.911,1,0.0
1886,62.8666,1,mask,,0.4259,0.4244,,0.0107,,,,,286,0.9316,0.3477,0.0139,33.0,300.0,35.76,0,0.9099,1,0.0
1887,62.9,1,mask,,0.4251,0.4246,,0.007,,,,,287,0.9349,0.3474,0.0138,33.0,300.0,35.77,0,0.911,1,0.0
1888,62.9333,1,mask,,0.4287,0.4251,,0.0136,,,,,285,0.9283,0.3469,0.014,33.0,300.0,35.87,0,0.9091,1,0.0
1889,62.9666,1,mask,,0.4262,0.4254,,0.0088,,,,,286,0.9316,0.3501,0.0139,33.0,300.0,35.97,0,0.9095,1,0.0
1890,63.0,1,mask,,0.4242,0.4256,,0.0057,,,,,286,0.9316,0.3493,0.0139,33.0,300.0,35.97,0,0.9096,1,0.0
1891,63.0333,1,mask,,0.4206,0.4254,,-0.0053,,,,,290,0.9446,0.3668,0.0137,33.0,300.0,35.99,0,0.91,1,0.0
1892,63.0666,1,mask,,0.42,0.425,,-0.0121,,,,,286,0.9316,0.3524,0.0138,33.0,300.0,35.88,0,0.909,1,0.0
1893,63.1,1,mask,,0.4216,0.4238,,-0.0352,,,,,285,0.9283,0.3501,0.0139,33.0,300.0,35.85,0,0.9085,1,0.0
1894,63.1333,1,mask,,0.4216,0.423,,-0.0229,,,,,285,0.9283,0.3501,0.0139,33.0,300.0,35.76,0,0.9085,1,0.0
1895,63.1666,1,mask,,0.4216,0.4225,,-0.0149,,,,,285,0.9283,0.3501,0.0139,33.0,300.0,35.77,0,0.9085,1,0.0
1896,63.2,1,mask,,0.4245,0.4222,,-0.0097,,,,,286,0.9316,0.3512,0.014,33.0,300.0,35.72,0,0.9092,1,0.0
1897,63.2333,1,mask,,0.4245,0.422,,-0.0063,,,,,286,0.9316,0.3512,0.014,33.0,300.0,35.66,0,0.9092,1,0.0
1898,63.2666,1,mask,,0.4223,0.4221,,0.0025,,,,,286,0.9316,0.3499,0.014,33.0,300.0,35.67,0,0.9095,1,0.0
1899,63.3,1,mask,,0.4245,0.4229,,0.0254,,,,,286,0.9316,0.3512,0.014,33.0,300.0,35.64,0,0.9092,1,0.0
1900,63.3333,1,mask,,0.4245,0.4235,,0.0165,,,,,286,0.9316,0.3512,0.014,33.0,300.0,35.67,0,0.9092,1,0.0
1901,63.3666,1,mask,,0.4245,0.4239,,0.0107,,,,,286,0.9316,0.3512,0.014,33.0,300.0,35.62,0,0.9092,1,0.0
1902,63.4,1,mask,,0.4223,0.4241,,0.007,,,,,286,0.9316,0.3493,0.0137,33.0,300.0,35.65,0,0.9096,1,0.0
1903,63.4333,1,mask,,0.4227,0.4242,,0.0045,,,,,287,0.9349,0.3501,0.0137,33.0,300.0,35.65,0,0.9104,1,0.0
1904,63.4666,1,mask,,0.4221,0.4237,,-0.0158,,,,,286,0.9316,0.3516,0.0139,33.0,300.0,35.64,0,0.9092,1,0.0
1905,63.5,1,mask,,0.428,0.4234,,-0.0103,,,,,288,0.9351,0.3476,0.0136,33.0,301.0,35.68,0,0.911,1,0.0
1906,63.5333,1,mask,,0.429,0.4231,,-0.0067,,,,,288,0.9351,0.3481,0.0137,33.0,301.0,35.64,0,0.9109,1,0.0
1907,63.5666,1,mask,,0.4299,0.4248,,0.0507,,,,,288,0.9351,0.3477,0.0137,33.0,301.0,35.64,0,0.911,1,0.0
1908,63.6,1,mask,,0.4292,0.4263,,0.0441,,,,,286,0.9316,0.3482,0.0138,33.0,300.0,35.69,0,0.9098,1,0.0
1909,63.6333,1,mask,,0.429,0.4273,,0.0287,,,,,285,0.9283,0.3458,0.0138,33.0,300.0,35.69,0,0.9093,1,0.0
1910,63.6666,1,mask,,0.4288,0.4279,,0.0187,,,,,286,0.9316,0.3474,0.0138,33.0,300.0,35.7,0,0.91,1,0.0
1911,63.7,1,mask,,0.4306,0.4283,,0.0139,,,,,284,0.9251,0.3437,0.0139,33.0,300.0,35.67,0,0.9088,1,0.0
1912,63.7333,1,mask,,0.4323,0.4286,,0.009,,,,,283,0.9218,0.3477,0.014,33.0,300.0,35.71,0,0.907,1,0.0
1913,63.7666,1,mask,,0.4315,0.4293,,0.0207,,,,,285,0.9283,0.3507,0.0139,33.0,300.0,35.65,0,0.9084,1,0.0
1914,63.8,1,mask,,0.4296,0.4298,,0.0134,,,,,284,0.9251,0.3477,0.0139,33.0,300.0,35.65,0,0.908,1,0.0
1915,63.8333,1,mask,,0.4311,0.4302,,0.0136,,,,,285,0.9283,0.349,0.0139,33.0,300.0,35.66,0,0.9087,1,0.0
1916,63.8666,1,mask,,0.4272,0.4305,,0.0088,,,,,285,0.9283,0.3511,0.0139,33.0,300.0,35.61,0,0.9083,1,0.0
1917,63.9,1,mask,,0.4285,0.4302,,-0.0094,,,,,285,0.9283,0.3472,0.014,33.0,300.0,35.54,0,0.9091,1,0.0
1918,63.9333,1,mask,,0.4305,0.43,,-0.0061,,,,,285,0.9283,0.3475,0.0139,33.0,300.0,35.55,0,0.909,1,0.0
1919,63.9666,1,mask,,0.4292,0.4297,,-0.009,,,,,285,0.9283,0.3485,0.014,33.0,300.0,35.52,0,0.9088,1,0.0
1920,64.0,1,mask,,0.3891,0.4293,,-0.0128,,,,,274,0.9821,0.3797,0.01,32.0,306.0,35.51,0,0.9187,1,0.0
1921,64.0333,1,mask,,0.3819,0.429,,-0.0083,,,,,274,0.9821,0.3984,0.0097,32.0,306.0,35.27,0,0.9149,1,0.0
1922,64.0666,1,mask,,0.4357,0.4291,,0.0015,,,,,285,0.9253,0.3176,0.0131,33.0,301.0,35.3,0,0.9141,1,0.0
1923,64.1,1,mask,,0.3826,0.4151,,-0.4192,,,,,273,0.982,0.4104,0.0097,32.0,306.0,35.32,0,0.9125,1,0.0
1924,64.1333,1,mask,,0.3791,0.4037,,-0.3414,,,,,272,0.9819,0.412,0.0093,32.0,306.0,35.27,0,0.9122,1,0.0
1925,64.1666,1,mask,,0.4062,0.3963,,-0.2219,,,,,276,0.8961,0.3048,0.0131,33.0,301.0,35.28,0,0.9079,1,0.0
1926,64.2,1,mask,,0.3997,0.3975,,0.0356,,,,,264,0.8571,0.2698,0.0132,33.0,287.0,35.26,0,0.9032,1,0.0
1927,64.2333,1,mask,,0.3912,0.3953,,-0.0659,,,,,272,0.9819,0.405,0.0097,32.0,306.0,35.23,0,0.9136,1,0.0
1928,64.2666,1,mask,,0.4325,0.3968,,0.0462,,,,,280,0.9091,0.3079,0.0128,33.0,301.0,35.06,0,0.9111,1,0.0
1929,64.3,1,mask,,0.4247,0.4001,,0.0986,,,,,273,0.8893,0.2863,0.0131,33.0,300.0,35.12,0,0.9095,1,0.0
1930,64.3333,1,mask,,0.4291,0.4087,,0.2576,,,,,282,0.9186,0.3073,0.013,33.0,300.0,35.11,0,0.9141,1,0.0
1931,64.3666,1,mask,,0.4365,0.4159,,0.2143,,,,,280,0.9121,0.3003,0.0131,33.0,300.0,35.17,0,0.9136,1,0.0
1932,64.4,1,mask,,0.4355,0.4217,,0.1745,,,,,275,0.8958,0.2865,0.013,33.0,300.0,35.21,0,0.9114,1,0.0
1933,64.4333,1,mask,,0.4379,0.4265,,0.1449,,,,,282,0.9186,0.3042,0.013,33.0,300.0,35.25,0,0.9147,1,0.0
1934,64.4666,1,mask,,0.4316,0.4296,,0.0942,,,,,285,0.9283,0.3124,0.0132,33.0,300.0,35.21,0,0.916,1,0.0
1935,64.5,1,mask,,0.4341,0.4317,,0.0612,,,,,287,0.9349,0.314,0.0129,33.0,300.0,35.2,0,0.9176,1,0.0
1936,64.5333,1,mask,,0.4346,0.4327,,0.0308,,,,,275,0.8958,0.281,0.0135,33.0,299.0,35.31,0,0.9125,1,0.0
1937,64.5666,1,mask,,0.4435,0.4334,,0.02,,,,,273,0.8893,0.2825,0.0138,33.0,299.0,35.22,0,0.9103,1,0.0
1938,64.6,1,mask,,0.448,0.4338,,0.013,,,,,272,0.886,0.281,0.0137,33.0,299.0,35.17,0,0.9096,1,0.0
1939,64.6333,1,mask,,0.3929,0.4341,,0.0085,,,,,271,0.9855,0.3859,0.0094,32.0,300.0,35.17,0,0.9185,1,0.0
1940,64.6666,1,mask,,0.4441,0.4374,,0.0985,,,,,264,0.8599,0.2527,0.0135,33.0,298.0,35.05,0,0.9074,1,0.0
1941,64.7,1,mask,,0.4026,0.4395,,0.064,,,,,270,0.9818,0.4012,0.0097,32.0,300.0,34.87,0,0.9143,1,0.0
1942,64.7333,1,mask,,0.3936,0.4266,,-0.3878,,,,,270,0.9818,0.4088,0.0097,32.0,300.0,34.88,0,0.9128,1,0.0
1943,64.7666,1,mask,,0.3966,0.4161,,-0.3154,,,,,270,0.9818,0.4159,0.0098,32.0,300.0,34.81,0,0.9114,1,0.0
1944,64.8,1,mask,,0.3986,0.41,,-0.183,,,,,270,0.9818,0.414,0.0097,32.0,300.0,34.84,0,0.9117,1,0.0
1945,64.8333,1,mask,,0.3966,0.4053,,-0.1407,,,,,270,0.9818,0.4127,0.0096,32.0,300.0,34.83,0,0.912,1,0.0
1946,64.8666,1,mask,,0.3966,0.4022,,-0.0915,,,,,270,0.9818,0.4171,0.0097,32.0,300.0,34.84,0,0.9111,1,0.0
1947,64.9,1,mask,,0.4074,0.4003,,-0.059,,,,,273,0.982,0.4143,0.0092,32.0,306.0,34.84,0,0.9117,1,0.0
1948,64.9333,1,mask,,0.3902,0.399,,-0.0383,,,,,238,0.7727,0.2092,0.014,33.0,287.0,34.83,0,0.89,1,0.0
1949,64.9666,1,mask,,0.4042,0.3982,,-0.0249,,,,,243,0.7915,0.2236,0.0139,33.0,286.0,34.83,0,0.8927,1,0.0
1950,65.0,1,mask,,0.4286,0.4003,,0.0635,,,,,279,0.9426,0.3581,0.0122,33.0,301.0,33.83,0,0.9112,1,0.0
1951,65.0333,1,mask,,0.4343,0.4028,,0.0745,,,,,276,0.9388,0.3591,0.0122,33.0,301.0,33.82,0,0.9098,1,0.0
1952,65.0666,1,mask,,0.4313,0.4118,,0.2714,,,,,274,0.932,0.3571,0.0123,33.0,300.0,33.82,0,0.9082,1,0.0
1953,65.1,1,mask,,0.4307,0.4184,,0.1989,,,,,272,0.9252,0.3553,0.0127,33.0,300.0,33.82,0,0.9065,1,0.0
1954,65.1333,1,mask,,0.4463,0.4229,,0.1346,,,,,275,0.9964,0.4347,0.012,32.0,306.0,33.82,0,0.912,1,0.0
1955,65.1666,1,mask,,0.4377,0.4269,,0.1199,,,,,275,0.9964,0.4354,0.0119,32.0,306.0,33.82,0,0.9118,1,0.0
1956,65.2,1,mask,,0.4353,0.4298,,0.0875,,,,,276,1.0,0.4483,0.0114,32.0,306.0,33.82,0,0.9103,1,0.0
1957,65.2333,1,mask,,0.436,0.432,,0.065,,,,,277,1.0,0.4469,0.0108,32.0,306.0,33.81,0,0.9106,1,0.0
1958,65.2666,1,mask,,0.4259,0.4334,,0.0423,,,,,275,0.9354,0.3582,0.0125,33.0,300.0,33.81,0,0.909,1,0.0
1959,65.3,1,mask,,0.4423,0.4343,,0.0275,,,,,275,0.9964,0.4344,0.0109,32.0,306.0,33.79,0,0.912,1,0.0
1960,65.3333,1,mask,,0.4361,0.4349,,0.0179,,,,,271,0.9218,0.3409,0.0104,33.0,301.0,33.78,0,0.9084,1,0.0
1961,65.3666,1,mask,,0.4313,0.4353,,0.0116,,,,,274,0.932,0.3475,0.0126,33.0,301.0,33.78,0,0.9101,1,0.0
1962,65.4,1,mask,,0.4368,0.4356,,0.0078,,,,,277,1.0,0.4313,0.0108,32.0,306.0,33.83,0,0.9137,1,0.0
1963,65.4333,1,mask,,0.4371,0.436,,0.0124,,,,,276,0.9964,0.4363,0.0108,32.0,306.0,33.8,0,0.9117,1,0.0
1964,65.4666,1,mask,,0.4366,0.4362,,0.0063,,,,,277,0.9422,0.3589,0.0122,33.0,301.0,33.83,0,0.9109,1,0.0
1965,65.5,1,mask,,0.4358,0.4363,,0.0041,,,,,276,0.9388,0.3539,0.0123,33.0,301.0,33.86,0,0.9108,1,0.0
1966,65.5333,1,mask,,0.437,0.4365,,0.0044,,,,,275,0.9964,0.4253,0.0118,32.0,306.0,33.99,0,0.9139,1,0.0
1967,65.5666,1,mask,,0.4383,0.4367,,0.0054,,,,,276,0.9964,0.4282,0.0108,32.0,306.0,33.96,0,0.9133,1,0.0
1968,65.6,1,mask,,0.4312,0.4366,,-0.0008,,,,,277,0.939,0.3519,0.0095,33.0,302.0,33.98,0,0.9113,1,0.0
1969,65.6333,1,mask,,0.4355,0.4363,,-0.0091,,,,,279,0.9458,0.3562,0.0099,33.0,307.0,33.98,0,0.9125,1,0.0
1970,65.6666,1,mask,,0.4406,0.4366,,0.007,,,,,275,0.9964,0.4276,0.0117,32.0,306.0,34.04,0,0.9134,1,0.0
1971,65.7,1,mask,,0.438,0.4371,,0.0147,,,,,276,0.9964,0.4284,0.0108,32.0,306.0,33.98,0,0.9132,1,0.0
1972,65.7333,1,mask,,0.4343,0.4365,,-0.0162,,,,,275,0.9354,0.3448,0.0095,33.0,301.0,33.98,0,0.9116,1,0.0
1973,65.7666,1,mask,,0.4422,0.437,,0.0152,,,,,274,0.9288,0.3461,0.0098,33.0,301.0,33.92,0,0.9094,1,0.0
1974,65.8,1,mask,,0.4434,0.4383,,0.0374,,,,,276,0.9964,0.4399,0.0118,32.0,306.0,33.92,0,0.9109,1,0.0
1975,65.8333,1,mask,,0.4435,0.4397,,0.0417,,,,,276,0.9964,0.4408,0.0117,32.0,306.0,33.91,0,0.9108,1,0.0
1976,65.8666,1,mask,,0.4313,0.4406,,0.0271,,,,,278,1.0,0.4426,0.0106,32.0,306.0,33.93,0,0.9115,1,0.0
1977,65.9,1,mask,,0.4292,0.4412,,0.0176,,,,,277,1.0,0.4428,0.0104,32.0,306.0,33.97,0,0.9114,1,0.0
1978,65.9333,1,mask,,0.4316,0.4378,,-0.0998,,,,,277,1.0,0.4482,0.0104,32.0,306.0,33.98,0,0.9104,1,0.0
1979,65.9666,1,mask,,0.4311,0.4355,,-0.0684,,,,,277,1.0,0.4493,0.0101,32.0,306.0,34.0,0,0.9101,1,0.0
1980,66.0,1,mask,,0.4051,0.434,,-0.0466,,,,,274,0.9226,0.3347,0.0129,33.0,302.0,34.0,0,0.9098,1,0.0
1981,66.0333,1,mask,,0.4371,0.433,,-0.0303,,,,,277,1.0,0.4348,0.0111,32.0,306.0,34.03,0,0.913,1,0.0
1982,66.0666,1,mask,,0.413,0.4323,,-0.0197,,,,,277,0.9295,0.3422,0.0099,33.0,307.0,34.09,0,0.9104,1,0.0
1983,66.1,1,mask,,0.4343,0.4319,,-0.0128,,,,,277,1.0,0.4363,0.0106,32.0,306.0,34.06,0,0.9127,1,0.0
1984,66.1333,1,mask,,0.4102,0.4253,,-0.1984,,,,,266,0.8986,0.3137,0.0133,33.0,301.0,33.96,0,0.9069,1,0.0
1985,66.1666,1,mask,,0.4266,0.4258,,0.014,,,,,277,0.9358,0.3484,0.013,33.0,307.0,33.96,0,0.9111,1,0.0
1986,66.2,1,mask,,0.4218,0.4244,,-0.041,,,,,277,0.9422,0.347,0.0123,33.0,301.0,33.89,0,0.9133,1,0.0
1987,66.2333,1,mask,,0.4325,0.4252,,0.0234,,,,,277,1.0,0.44,0.0114,32.0,306.0,33.87,0,0.912,1,0.0
1988,66.2666,1,mask,,0.4191,0.424,,-0.0349,,,,,273,0.9286,0.3418,0.0121,33.0,301.0,33.81,0,0.9102,1,0.0
1989,66.3,1,mask,,0.4298,0.4249,,0.0274,,,,,277,1.0,0.45,0.0115,32.0,306.0,33.83,0,0.91,1,0.0
1990,66.3333,1,mask,,0.4244,0.4247,,-0.0053,,,,,277,1.0,0.4452,0.0112,32.0,306.0,33.8,0,0.911,1,0.0
1991,66.3666,1,mask,,0.424,0.4246,,-0.0034,,,,,277,1.0,0.4473,0.0108,32.0,306.0,33.82,0,0.9105,1,0.0
1992,66.4,1,mask,,0.4237,0.4244,,-0.0069,,,,,277,1.0,0.4502,0.0113,32.0,306.0,33.84,0,0.91,1,0.0
1993,66.4333,1,mask,,0.4258,0.4244,,0.0002,,,,,278,1.0,0.4437,0.0113,32.0,306.0,33.84,0,0.9113,1,0.0
1994,66.4666,1,mask,,0.4249,0.4244,,0.0001,,,,,277,1.0,0.4504,0.0111,32.0,306.0,33.86,0,0.9099,1,0.0
1995,66.5,1,mask,,0.4227,0.4243,,-0.0046,,,,,278,1.0,0.4379,0.0111,32.0,306.0,33.9,0,0.9124,1,0.0
1996,66.5333,1,mask,,0.4232,0.4241,,-0.0055,,,,,278,1.0,0.4389,0.0107,32.0,306.0,33.95,0,0.9122,1,0.0
1997,66.5666,1,mask,,0.4216,0.4238,,-0.0094,,,,,278,1.0,0.4398,0.0108,32.0,306.0,33.95,0,0.912,1,0.0
1998,66.6,1,mask,,0.4183,0.4234,,-0.0106,,,,,278,1.0,0.4438,0.0103,32.0,306.0,33.91,0,0.9112,1,0.0
1999,66.6333,1,mask,,0.3826,0.4228,,-0.0192,,,,,259,0.8691,0.2924,0.0122,33.0,286.0,33.9,0,0.9023,1,0.0
2000,66.6666,1,mask,,0.4308,0.4223,,-0.0125,,,,,303,1.0,0.6039,0.0158,31.0,307.0,33.9,0,0.8792,1,0.0
2001,66.7,1,mask,,0.3944,0.4209,,-0.0429,,,,,307,1.0,0.5472,0.0129,32.0,306.0,33.9,0,0.8906,1,0.0
2002,66.7333,1,mask,,0.4068,0.416,,-0.1481,,,,,307,1.0,0.5418,0.0134,32.0,306.0,33.91,0,0.8916,1,0.0
2003,66.7666,1,mask,,0.4058,0.4124,,-0.1066,,,,,307,1.0,0.5399,0.0139,32.0,306.0,33.92,0,0.892,1,0.0
2004,66.8,1,mask,,0.4015,0.4101,,-0.0693,,,,,306,0.9967,0.5369,0.0139,32.0,306.0,33.92,0,0.8916,1,0.0
2005,66.8333,1,mask,,0.4063,0.4086,,-0.0451,,,,,306,0.9967,0.5327,0.0141,32.0,306.0,33.92,0,0.8925,1,0.0
2006,66.8666,1,mask,,0.4106,0.4078,,-0.0247,,,,,306,0.9967,0.5288,0.0142,32.0,306.0,33.95,0,0.8933,1,0.0
2007,66.9,1,mask,,0.4083,0.4073,,-0.0161,,,,,305,0.9935,0.5204,0.0142,32.0,306.0,34.03,0,0.894,1,0.0
2008,66.9333,1,mask,,0.4149,0.4076,,0.0108,,,,,305,0.9935,0.5145,0.0143,32.0,306.0,34.04,0,0.8952,1,0.0
2009,66.9666,1,mask,,0.4181,0.4087,,0.0317,,,,,305,0.9935,0.5158,0.0143,32.0,306.0,34.07,0,0.8949,1,0.0
2010,67.0,1,mask,,0.4173,0.4109,,0.0656,,,,,305,0.9935,0.5116,0.0142,32.0,306.0,33.98,0,0.8957,1,0.0
2011,67.0333,1,mask,,0.4222,0.4131,,0.0672,,,,,306,0.9967,0.5152,0.0143,32.0,306.0,33.97,0,0.896,1,0.0
2012,67.0666,1,mask,,0.4217,0.4149,,0.0527,,,,,306,0.9967,0.5116,0.0142,32.0,306.0,33.91,0,0.8967,1,0.0
2013,67.1,1,mask,,0.419,0.4163,,0.0437,,,,,305,0.9935,0.5073,0.0141,32.0,306.0,33.93,0,0.8966,1,0.0
2014,67.1333,1,mask,,0.4236,0.4182,,0.0567,,,,,306,0.9967,0.5102,0.014,32.0,306.0,33.92,0,0.897,1,0.0
2015,67.1666,1,mask,,0.4258,0.4196,,0.0417,,,,,306,0.9967,0.5057,0.0139,32.0,306.0,33.92,0,0.8979,1,0.0
2016,67.2,1,mask,,0.4205,0.4203,,0.0223,,,,,305,0.9935,0.5039,0.0138,32.0,306.0,33.95,0,0.8973,1,0.0
2017,67.2333,1,mask,,0.4207,0.4205,,0.0036,,,,,305,0.9935,0.5057,0.0139,32.0,306.0,33.95,0,0.8969,1,0.0
2018,67.2666,1,mask,,0.4168,0.4205,,0.0023,,,,,305,0.9935,0.5063,0.0139,32.0,306.0,33.97,0,0.8968,1,0.0
2019,67.3,1,mask,,0.4186,0.4205,,-0.0005,,,,,305,0.9935,0.5047,0.0138,32.0,306.0,33.97,0,0.8971,1,0.0
2020,67.3333,1,mask,,0.3916,0.4198,,-0.0204,,,,,288,0.9381,0.3776,0.0135,32.0,306.0,33.96,0,0.9059,1,0.0
2021,67.3666,1,mask,,0.3772,0.4188,,-0.0317,,,,,295,0.9609,0.4098,0.0134,32.0,306.0,33.95,0,0.9063,1,0.0
2022,67.4,1,mask,,0.3761,0.4093,,-0.285,,,,,297,0.9674,0.423,0.0136,32.0,306.0,34.0,0,0.9056,1,0.0
2023,67.4333,1,mask,,0.3754,0.398,,-0.3372,,,,,300,0.9772,0.4346,0.0135,32.0,306.0,33.92,0,0.9062,1,0.0
2024,67.4666,1,mask,,0.3732,0.3904,,-0.23,,,,,302,0.9837,0.4464,0.0135,32.0,306.0,33.89,0,0.9058,1,0.0
2025,67.5,1,mask,,0.3719,0.3851,,-0.1575,,,,,304,0.9902,0.4577,0.0135,32.0,306.0,33.93,0,0.9055,1,0.0
2026,67.5333,1,mask,,0.3788,0.3817,,-0.1024,,,,,307,1.0,0.4889,0.0137,32.0,306.0,33.87,0,0.9022,1,0.0
2027,67.5666,1,mask,,0.378,0.3795,,-0.0666,,,,,307,1.0,0.4889,0.0136,32.0,306.0,33.83,0,0.9022,1,0.0
2028,67.6,1,mask,,0.3797,0.379,,-0.0151,,,,,307,1.0,0.48,0.0134,32.0,306.0,33.78,0,0.904,1,0.0
2029,67.6333,1,mask,,0.3816,0.3789,,-0.0016,,,,,307,1.0,0.4812,0.0134,32.0,306.0,33.77,0,0.9038,1,0.0
2030,67.6666,1,mask,,0.3829,0.3792,,0.0086,,,,,307,1.0,0.4784,0.0133,32.0,306.0,33.75,0,0.9043,1,0.0
2031,67.7,1,mask,,0.3795,0.3794,,0.0056,,,,,307,1.0,0.4826,0.0134,32.0,306.0,33.77,0,0.9035,1,0.0
2032,67.7333,1,mask,,0.3774,0.3795,,0.0036,,,,,307,1.0,0.4865,0.0134,32.0,306.0,33.73,0,0.9027,1,0.0
2033,67.7666,1,mask,,0.3757,0.3795,,-0.0004,,,,,307,1.0,0.4802,0.0134,32.0,306.0,33.77,0,0.904,1,0.0
2034,67.8,1,mask,,0.3766,0.3788,,-0.0223,,,,,307,1.0,0.4766,0.0132,32.0,306.0,33.7,0,0.9047,1,0.0
2035,67.8333,1,mask,,0.3749,0.378,,-0.023,,,,,307,1.0,0.4821,0.0133,32.0,306.0,33.67,0,0.9036,1,0.0
2036,67.8666,1,mask,,0.3757,0.3772,,-0.0241,,,,,307,1.0,0.4832,0.0134,32.0,306.0,33.74,0,0.9034,1,0.0
2037,67.9,1,mask,,0.3774,0.3767,,-0.0156,,,,,291,0.9448,0.38,0.0128,33.0,302.0,33.77,0,0.9074,1,0.0
2038,67.9333,1,mask,,0.3817,0.3766,,-0.0011,,,,,287,0.9349,0.3648,0.013,33.0,301.0,33.73,0,0.9075,1,0.0
2039,67.9666,1,mask,,0.381,0.3769,,0.0077,,,,,273,0.9317,0.3768,0.0108,32.0,301.0,33.76,0,0.9042,1,0.0
2040,68.0,1,mask,,0.3844,0.3783,,0.0434,,,,,306,1.0,0.4847,0.0137,32.0,306.0,33.75,0,0.9031,1,0.0
2041,68.0333,1,mask,,0.3824,0.3795,,0.0354,,,,,307,1.0,0.4868,0.0137,32.0,306.0,33.76,0,0.9026,1,0.0
2042,68.0666,1,mask,,0.3812,0.3803,,0.023,,,,,275,0.9354,0.3816,0.0109,32.0,301.0,33.7,0,0.9043,1,0.0
2043,68.1,1,mask,,0.3728,0.3806,,0.0097,,,,,303,0.987,0.4573,0.0139,32.0,306.0,33.7,0,0.9046,1,0.0
2044,68.1333,1,mask,,0.3712,0.3808,,0.0063,,,,,303,0.987,0.4548,0.0139,32.0,306.0,33.7,0,0.9051,1,0.0
2045,68.1666,1,mask,,0.3788,0.3801,,-0.0213,,,,,274,0.932,0.3852,0.011,32.0,301.0,33.71,0,0.9025,1,0.0
2046,68.2,1,mask,,0.3825,0.3797,,-0.0139,,,,,273,0.9254,0.3849,0.0109,32.0,301.0,33.75,0,0.9007,1,0.0
2047,68.2333,1,mask,,0.3909,0.3794,,-0.009,,,,,307,1.0,0.479,0.0139,32.0,306.0,33.78,0,0.9042,1,0.0
2048,68.2666,1,mask,,0.3887,0.3805,,0.033,,,,,307,1.0,0.4773,0.0138,32.0,306.0,33.79,0,0.9045,1,0.0
2049,68.3,1,mask,,0.3831,0.3814,,0.0276,,,,,307,1.0,0.4884,0.0136,32.0,306.0,33.8,0,0.9023,1,0.0
2050,68.3333,1,mask,,0.3855,0.3828,,0.0437,,,,,307,1.0,0.4843,0.0137,32.0,306.0,33.8,0,0.9031,1,0.0
2051,68.3666,1,mask,,0.3729,0.3838,,0.0284,,,,,304,0.9902,0.4592,0.0136,32.0,306.0,33.77,0,0.9052,1,0.0
2052,68.4,1,mask,,0.3877,0.3844,,0.0184,,,,,307,1.0,0.4824,0.0138,32.0,306.0,33.75,0,0.9035,1,0.0
2053,68.4333,1,mask,,0.3801,0.3839,,-0.0137,,,,,307,1.0,0.4915,0.0136,32.0,306.0,33.71,0,0.9017,1,0.0
2054,68.4666,1,mask,,0.3779,0.3826,,-0.0401,,,,,307,1.0,0.4861,0.0136,32.0,306.0,33.73,0,0.9028,1,0.0
2055,68.5,1,mask,,0.3778,0.3809,,-0.0496,,,,,307,1.0,0.4835,0.0136,32.0,306.0,33.3,0,0.9033,1,0.0
2056,68.5333,1,mask,,0.3804,0.3807,,-0.0087,,,,,307,1.0,0.4786,0.0135,32.0,306.0,33.31,0,0.9043,1,0.0
2057,68.5666,1,mask,,0.3853,0.3805,,-0.0056,,,,,307,1.0,0.4839,0.0135,32.0,306.0,33.24,0,0.9032,1,0.0
2058,68.6,1,mask,,0.3815,0.3804,,-0.0008,,,,,308,1.0,0.4787,0.0135,32.0,307.0,33.28,0,0.9043,1,0.0
2059,68.6333,1,mask,,0.3826,0.3808,,0.011,,,,,308,1.0,0.4696,0.0135,32.0,307.0,33.17,0,0.9061,1,0.0
2060,68.6666,1,mask,,0.3872,0.3814,,0.0193,,,,,308,1.0,0.4687,0.0136,32.0,307.0,33.18,0,0.9063,1,0.0
2061,68.7,1,mask,,0.3842,0.3824,,0.029,,,,,308,1.0,0.4748,0.0134,32.0,307.0,33.2,0,0.905,1,0.0
2062,68.7333,1,mask,,0.3846,0.383,,0.0188,,,,,308,1.0,0.4754,0.0134,32.0,307.0,33.32,0,0.9049,1,0.0
2063,68.7666,1,mask,,0.3853,0.3836,,0.0166,,,,,308,1.0,0.4765,0.0134,32.0,307.0,33.31,0,0.9047,1,0.0
2064,68.8,1,mask,,0.3851,0.3841,,0.0156,,,,,308,1.0,0.4822,0.0134,32.0,307.0,33.29,0,0.9036,1,0.0
2065,68.8333,1,mask,,0.3812,0.3843,,0.0054,,,,,305,1.0,0.4839,0.0133,32.0,306.0,33.26,0,0.9032,1,0.0
2066,68.8666,1,mask,,0.3821,0.3844,,0.0035,,,,,305,1.0,0.4831,0.0132,32.0,307.0,33.34,0,0.9034,1,0.0
2067,68.9,1,mask,,0.382,0.3836,,-0.0245,,,,,301,1.0,0.4862,0.012,32.0,307.0,33.32,0,0.9028,1,0.0
2068,68.9333,1,mask,,0.3776,0.3831,,-0.0162,,,,,299,1.0,0.4864,0.0119,32.0,306.0,33.37,0,0.9027,1,0.0
2069,68.9666,1,mask,,0.3798,0.3824,,-0.0192,,,,,299,1.0,0.4848,0.012,32.0,306.0,33.33,0,0.903,1,0.0
2070,69.0,1,mask,,0.3738,0.3815,,-0.0272,,,,,301,1.0,0.4802,0.0124,32.0,306.0,33.35,0,0.904,1,0.0
2071,69.0333,1,mask,,0.3699,0.3801,,-0.0411,,,,,301,1.0,0.476,0.0124,32.0,306.0,33.32,0,0.9048,1,0.0
2072,69.0666,1,mask,,0.3741,0.378,,-0.0631,,,,,301,1.0,0.4773,0.0123,32.0,306.0,33.31,0,0.9045,1,0.0
2073,69.1,1,mask,,0.3735,0.3766,,-0.0443,,,,,301,1.0,0.4815,0.0123,32.0,306.0,33.3,0,0.9037,1,0.0
2074,69.1333,1,mask,,0.3767,0.3756,,-0.0288,,,,,302,1.0,0.4804,0.0123,32.0,306.0,33.35,0,0.9039,1,0.0
2075,69.1666,1,mask,,0.3761,0.3751,,-0.0154,,,,,301,1.0,0.481,0.0122,32.0,306.0,33.4,0,0.9038,1,0.0
2076,69.2,1,mask,,0.3733,0.3747,,-0.01,,,,,301,1.0,0.4793,0.0123,32.0,306.0,33.45,0,0.9041,1,0.0
2077,69.2333,1,mask,,0.3737,0.3744,,-0.0109,,,,,302,1.0,0.4761,0.0124,32.0,306.0,33.51,0,0.9048,1,0.0
2078,69.2666,1,mask,,0.3789,0.375,,0.0183,,,,,303,1.0,0.4813,0.0124,32.0,306.0,33.58,0,0.9037,1,0.0
2079,69.3,1,mask,,0.381,0.3754,,0.0119,,,,,303,1.0,0.4825,0.0123,32.0,306.0,33.56,0,0.9035,1,0.0
2080,69.3333,1,mask,,0.3815,0.3766,,0.037,,,,,302,1.0,0.4852,0.0123,32.0,306.0,33.55,0,0.903,1,0.0
2081,69.3666,1,mask,,0.3813,0.3782,,0.0458,,,,,303,1.0,0.4814,0.0126,32.0,306.0,33.54,0,0.9037,1,0.0
2082,69.4,1,mask,,0.3792,0.3791,,0.0298,,,,,302,1.0,0.4823,0.0124,32.0,306.0,33.5,0,0.9035,1,0.0
2083,69.4333,0,,no_mask,,,,,,,,,0,0.0,,,,,,0,0.0,1,0.0
2084,69.4666,0,,no_mask,,,,,,,,,0,0.0,,,,,,0,0.0,1,0.0
2085,69.5,0,,no_mask,,,,,,,,,0,0.0,,,,,,0,0.0,1,0.0
2086,69.5333,0,,no_mask,,,,,,,,,0,0.0,,,,,,0,0.0,1,0.0
2087,69.5666,0,,no_mask,,,,,,,,,0,0.0,,,,,,0,0.0,1,0.0
2088,69.6,0,,no_mask,,,,,,,,,0,0.0,,,,,,0,0.0,1,0.0
2089,69.6333,0,,no_mask,,,,,,,,,0,0.0,,,,,,0,0.0,1,0.0
2090,69.6666,0,,no_mask,,,,,,,,,0,0.0,,,,,,0,0.0,1,0.0
2091,69.7,0,,no_mask,,,,,,,,,0,0.0,,,,,,0,0.0,1,0.0
2092,69.7333,0,,no_mask,,,,,,,,,0,0.0,,,,,,0,0.0,1,0.0
2093,69.7666,0,,no_mask,,,,,,,,,0,0.0,,,,,,0,0.0,1,0.0
2094,69.8,0,,no_mask,,,,,,,,,0,0.0,,,,,,0,0.0,1,0.0
2095,69.8333,0,,no_mask,,,,,,,,,0,0.0,,,,,,0,0.0,1,0.0
2096,69.8666,0,,no_mask,,,,,,,,,0,0.0,,,,,,0,0.0,1,0.0
2097,69.9,0,,no_mask,,,,,,,,,0,0.0,,,,,,0,0.0,1,0.0
2098,69.9333,0,,no_mask,,,,,,,,,0,0.0,,,,,,0,0.0,1,0.0
2099,69.9666,0,,no_mask,,,,,,,,,0,0.0,,,,,,0,0.0,1,0.0
2100,70.0,0,,no_mask,,,,,,,,,0,0.0,,,,,,0,0.0,1,0.0
2101,70.0333,0,,no_mask,,,,,,,,,0,0.0,,,,,,0,0.0,1,0.0
2102,70.0666,0,,no_mask,,,,,,,,,0,0.0,,,,,,0,0.0,1,0.0
2103,70.1,0,,no_mask,,,,,,,,,0,0.0,,,,,,0,0.0,1,0.0
2104,70.1333,0,,no_mask,,,,,,,,,0,0.0,,,,,,0,0.0,1,0.0
2105,70.1666,0,,no_mask,,,,,,,,,0,0.0,,,,,,0,0.0,1,0.0
2106,70.2,0,,no_mask,,,,,,,,,0,0.0,,,,,,0,0.0,1,0.0
2107,70.2333,0,,no_mask,,,,,,,,,0,0.0,,,,,,0,0.0,1,0.0
2108,70.2666,0,,no_mask,,,,,,,,,0,0.0,,,,,,0,0.0,1,0.0
2109,70.3,0,,no_mask,,,,,,,,,0,0.0,,,,,,0,0.0,1,0.0
2110,70.3333,0,,no_mask,,,,,,,,,0,0.0,,,,,,0,0.0,1,0.0
2111,70.3666,0,,no_mask,,,,,,,,,0,0.0,,,,,,0,0.0,1,0.0
2112,70.4,0,,no_mask,,,,,,,,,0,0.0,,,,,,0,0.0,1,0.0
2113,70.4333,0,,no_mask,,,,,,,,,0,0.0,,,,,,0,0.0,1,0.0
2114,70.4666,0,,no_mask,,,,,,,,,0,0.0,,,,,,0,0.0,1,0.0
2115,70.5,0,,no_mask,,,,,,,,,0,0.0,,,,,,0,0.0,1,0.0
2116,70.5333,0,,no_mask,,,,,,,,,0,0.0,,,,,,0,0.0,1,0.0
2117,70.5666,0,,no_mask,,,,,,,,,0,0.0,,,,,,0,0.0,1,0.0
2118,70.6,0,,no_mask,,,,,,,,,0,0.0,,,,,,0,0.0,1,0.0
2119,70.6333,0,,no_mask,,,,,,,,,0,0.0,,,,,,0,0.0,1,0.0
2120,70.6666,0,,no_mask,,,,,,,,,0,0.0,,,,,,0,0.0,1,0.0
2121,70.7,0,,no_mask,,,,,,,,,0,0.0,,,,,,0,0.0,1,0.0
2122,70.7333,0,,no_mask,,,,,,,,,0,0.0,,,,,,0,0.0,1,0.0
2123,70.7666,0,,no_mask,,,,,,,,,0,0.0,,,,,,0,0.0,1,0.0
2124,70.8,0,,no_mask,,,,,,,,,0,0.0,,,,,,0,0.0,1,0.0
2125,70.8333,0,,no_mask,,,,,,,,,0,0.0,,,,,,0,0.0,1,0.0
2126,70.8666,0,,no_mask,,,,,,,,,0,0.0,,,,,,0,0.0,1,0.0
2127,70.9,0,,no_mask,,,,,,,,,0,0.0,,,,,,0,0.0,1,0.0
2128,70.9333,0,,no_mask,,,,,,,,,0,0.0,,,,,,0,0.0,1,0.0
2129,70.9666,0,,no_mask,,,,,,,,,0,0.0,,,,,,0,0.0,1,0.0
2130,71.0,0,,no_mask,,,,,,,,,0,0.0,,,,,,0,0.0,1,0.0
2131,71.0333,0,,no_mask,,,,,,,,,0,0.0,,,,,,0,0.0,1,0.0
2132,71.0666,0,,no_mask,,,,,,,,,0,0.0,,,,,,0,0.0,1,0.0
2133,71.1,0,,no_mask,,,,,,,,,0,0.0,,,,,,0,0.0,1,0.0
2134,71.1333,0,,no_mask,,,,,,,,,0,0.0,,,,,,0,0.0,1,0.0
2135,71.1666,0,,no_mask,,,,,,,,,0,0.0,,,,,,0,0.0,1,0.0
2136,71.2,0,,no_mask,,,,,,,,,0,0.0,,,,,,0,0.0,1,0.0
2137,71.2333,0,,no_mask,,,,,,,,,0,0.0,,,,,,0,0.0,1,0.0
2138,71.2666,0,,no_mask,,,,,,,,,0,0.0,,,,,,0,0.0,1,0.0
2139,71.3,0,,no_mask,,,,,,,,,0,0.0,,,,,,0,0.0,1,0.0
2140,71.3333,0,,no_mask,,,,,,,,,0,0.0,,,,,,0,0.0,1,0.0
2141,71.3666,0,,no_mask,,,,,,,,,0,0.0,,,,,,0,0.0,1,0.0
2142,71.4,0,,no_mask,,,,,,,,,0,0.0,,,,,,0,0.0,1,0.0
2143,71.4333,0,,no_mask,,,,,,,,,0,0.0,,,,,,0,0.0,1,0.0
2144,71.4666,0,,no_mask,,,,,,,,,0,0.0,,,,,,0,0.0,1,0.0
2145,71.5,0,,no_mask,,,,,,,,,0,0.0,,,,,,0,0.0,1,0.0
2146,71.5333,0,,no_mask,,,,,,,,,0,0.0,,,,,,0,0.0,1,0.0
2147,71.5666,0,,no_mask,,,,,,,,,0,0.0,,,,,,0,0.0,1,0.0
2148,71.6,0,,no_mask,,,,,,,,,0,0.0,,,,,,0,0.0,1,0.0
2149,71.6333,0,,no_mask,,,,,,,,,0,0.0,,,,,,0,0.0,1,0.0
2150,71.6666,0,,no_mask,,,,,,,,,0,0.0,,,,,,0,0.0,1,0.0
2151,71.7,0,,no_mask,,,,,,,,,0,0.0,,,,,,0,0.0,1,0.0
2152,71.7333,0,,no_mask,,,,,,,,,0,0.0,,,,,,0,0.0,1,0.0
2153,71.7666,0,,no_mask,,,,,,,,,0,0.0,,,,,,0,0.0,1,0.0
2154,71.8,0,,no_mask,,,,,,,,,0,0.0,,,,,,0,0.0,1,0.0
2155,71.8333,0,,no_mask,,,,,,,,,0,0.0,,,,,,0,0.0,1,0.0
2156,71.8666,0,,no_mask,,,,,,,,,0,0.0,,,,,,0,0.0,1,0.0
2157,71.9,0,,no_mask,,,,,,,,,0,0.0,,,,,,0,0.0,1,0.0
2158,71.9333,0,,no_mask,,,,,,,,,0,0.0,,,,,,0,0.0,1,0.0
2159,71.9666,0,,no_mask,,,,,,,,,0,0.0,,,,,,0,0.0,1,0.0
2160,72.0,0,,no_mask,,,,,,,,,0,0.0,,,,,,0,0.0,1,0.0
2161,72.0333,0,,no_mask,,,,,,,,,0,0.0,,,,,,0,0.0,1,0.0
2162,72.0666,0,,no_mask,,,,,,,,,0,0.0,,,,,,0,0.0,1,0.0
2163,72.1,0,,no_mask,,,,,,,,,0,0.0,,,,,,0,0.0,1,0.0
2164,72.1333,0,,no_mask,,,,,,,,,0,0.0,,,,,,0,0.0,1,0.0
2165,72.1666,0,,no_mask,,,,,,,,,0,0.0,,,,,,0,0.0,1,0.0
2166,72.2,0,,no_mask,,,,,,,,,0,0.0,,,,,,0,0.0,1,0.0
2167,72.2333,0,,no_mask,,,,,,,,,0,0.0,,,,,,0,0.0,1,0.0
2168,72.2666,0,,no_mask,,,,,,,,,0,0.0,,,,,,0,0.0,1,0.0
2169,72.3,0,,no_mask,,,,,,,,,0,0.0,,,,,,0,0.0,1,0.0
2170,72.3333,0,,no_mask,,,,,,,,,0,0.0,,,,,,0,0.0,1,0.0
2171,72.3666,0,,no_mask,,,,,,,,,0,0.0,,,,,,0,0.0,1,0.0
2172,72.4,0,,no_mask,,,,,,,,,0,0.0,,,,,,0,0.0,1,0.0
2173,72.4333,0,,no_mask,,,,,,,,,0,0.0,,,,,,0,0.0,1,0.0
2174,72.4666,0,,no_mask,,,,,,,,,0,0.0,,,,,,0,0.0,1,0.0
2175,72.5,0,,no_mask,,,,,,,,,0,0.0,,,,,,0,0.0,1,0.0
2176,72.5333,0,,no_mask,,,,,,,,,0,0.0,,,,,,0,0.0,1,0.0
2177,72.5666,0,,no_mask,,,,,,,,,0,0.0,,,,,,0,0.0,1,0.0
2178,72.6,0,,no_mask,,,,,,,,,0,0.0,,,,,,0,0.0,1,0.0
2179,72.6333,0,,no_mask,,,,,,,,,0,0.0,,,,,,0,0.0,1,0.0
2180,72.6666,0,,no_mask,,,,,,,,,0,0.0,,,,,,0,0.0,1,0.0
2181,72.7,0,,no_mask,,,,,,,,,0,0.0,,,,,,0,0.0,1,0.0
2182,72.7333,0,,no_mask,,,,,,,,,0,0.0,,,,,,0,0.0,1,0.0
2183,72.7666,0,,no_mask,,,,,,,,,0,0.0,,,,,,0,0.0,1,0.0
2184,72.8,0,,no_mask,,,,,,,,,0,0.0,,,,,,0,0.0,1,0.0
2185,72.8333,0,,no_mask,,,,,,,,,0,0.0,,,,,,0,0.0,1,0.0
2186,72.8666,0,,no_mask,,,,,,,,,0,0.0,,,,,,0,0.0,1,0.0
2187,72.9,0,,no_mask,,,,,,,,,0,0.0,,,,,,0,0.0,1,0.0
2188,72.9333,0,,no_mask,,,,,,,,,0,0.0,,,,,,0,0.0,1,0.0
2189,72.9666,0,,no_mask,,,,,,,,,0,0.0,,,,,,0,0.0,1,0.0
2190,73.0,0,,no_mask,,,,,,,,,0,0.0,,,,,,0,0.0,1,0.0
2191,73.0333,0,,no_mask,,,,,,,,,0,0.0,,,,,,0,0.0,1,0.0
2192,73.0666,0,,no_mask,,,,,,,,,0,0.0,,,,,,0,0.0,1,0.0
2193,73.1,0,,no_mask,,,,,,,,,0,0.0,,,,,,0,0.0,1,0.0
2194,73.1333,0,,no_mask,,,,,,,,,0,0.0,,,,,,0,0.0,1,0.0
2195,73.1666,0,,no_mask,,,,,,,,,0,0.0,,,,,,0,0.0,1,0.0
2196,73.2,0,,no_mask,,,,,,,,,0,0.0,,,,,,0,0.0,1,0.0
2197,73.2333,0,,no_mask,,,,,,,,,0,0.0,,,,,,0,0.0,1,0.0
2198,73.2666,0,,no_mask,,,,,,,,,0,0.0,,,,,,0,0.0,1,0.0
2199,73.3,0,,no_mask,,,,,,,,,0,0.0,,,,,,0,0.0,1,0.0
2200,73.3333,0,,no_mask,,,,,,,,,0,0.0,,,,,,0,0.0,1,0.0
2201,73.3666,0,,no_mask,,,,,,,,,0,0.0,,,,,,0,0.0,1,0.0
2202,73.4,0,,no_mask,,,,,,,,,0,0.0,,,,,,0,0.0,1,0.0
