frame,t,ok,mode,reason,phi_deg,phi_smooth,phi_rel,dphi_dt,phi_l,phi_r,phi_grad,phi_naive,n_bands,inlier_ratio,rms_px,parallel,w_body_px,axis_len_px,w_box_px,polarity,conf,upscale,track_rel
0,0.0,1,mask,,13.9887,13.9887,,,,,,,48,0.8727,0.3168,0.0274,12.0,54.0,26.82,0,0.8184,1,0.0
1,0.0333,1,mask,,13.2665,13.8623,,-3.7919,,,,,60,0.9836,0.2827,0.0378,13.0,61.0,26.97,0,0.9385,1,0.0
2,0.0667,1,mask,,13.3596,13.6864,,-5.2792,,,,,57,0.9344,0.2539,0.0401,13.0,61.0,26.11,0,0.9095,1,0.0
3,0.1,1,mask,,13.2253,13.5557,,-3.9202,,,,,62,0.9841,0.2713,0.0385,13.0,62.0,26.65,0,0.941,1,0.0
4,0.1333,1,mask,,13.2245,13.4545,,-3.0369,,,,,63,1.0,0.3065,0.0405,13.0,62.0,26.73,0,0.9387,1,0.0
5,0.1667,1,mask,,13.2401,13.3795,,-2.2505,,,,,63,1.0,0.3002,0.0385,13.0,62.0,26.8,0,0.94,1,0.0
6,0.2,1,mask,,12.9736,13.3255,,-1.6183,,,,,56,1.0,0.3804,0.026,12.0,63.0,26.88,0,0.8973,1,0.0
7,0.2333,1,mask,,12.8225,13.2902,,-1.0606,,,,,50,1.0,0.4068,0.0194,12.0,63.0,26.96,0,0.852,1,0.0
8,0.2667,1,mask,,13.0932,13.2212,,-2.0676,,,,,65,1.0,0.4068,0.0432,13.0,64.0,26.94,0,0.9186,1,0.0
9,0.3,1,mask,,13.3906,13.1764,,-1.3439,,,,,50,0.9434,0.3407,0.0319,12.0,63.0,26.25,0,0.8482,1,0.0
10,0.3333,1,mask,,13.3906,13.1473,,-0.8735,,,,,50,0.9434,0.3407,0.0319,12.0,63.0,26.22,0,0.8482,1,0.0
11,0.3667,1,mask,,13.1212,13.1382,,-0.2744,,,,,53,1.0,0.3854,0.0272,12.0,65.0,26.3,0,0.8763,1,0.0
12,0.4,1,mask,,12.7974,13.1322,,-0.1784,,,,,62,0.9841,0.4175,0.0426,13.0,64.0,27.63,0,0.9117,1,0.0
13,0.4333,1,mask,,12.6871,13.1284,,-0.1159,,,,,63,1.0,0.4319,0.0333,13.0,64.0,27.45,0,0.9136,1,0.0
14,0.4667,1,mask,,12.6228,13.0125,,-3.4755,,,,,64,1.0,0.4515,0.0291,13.0,64.0,27.41,0,0.9097,1,0.0
15,0.5,1,mask,,12.5403,12.8986,,-3.4168,,,,,64,1.0,0.4395,0.0344,13.0,64.0,27.57,0,0.9121,1,0.0
16,0.5333,1,mask,,13.0043,12.8246,,-2.2209,,,,,56,0.875,0.3387,0.0558,13.0,62.0,27.48,0,0.8681,1,0.0
17,0.5667,1,mask,,12.5421,12.754,,-2.1192,,,,,64,1.0,0.4999,0.0419,13.0,64.0,27.46,0,0.9,1,0.0
18,0.6,1,mask,,12.0797,12.6798,,-2.2241,,,,,66,1.0,0.418,0.022,13.0,67.0,27.46,0,0.9164,1,0.0
19,0.6333,1,mask,,12.1339,12.631,,-1.4648,,,,,63,1.0,0.4224,0.0151,13.0,67.0,27.27,0,0.9155,1,0.0
20,0.6667,1,mask,,12.2461,12.4963,,-4.0418,,,,,62,0.9688,0.3688,0.0215,13.0,66.0,27.16,0,0.9169,1,0.0
21,0.7,1,mask,,12.2634,12.4087,,-2.6271,,,,,57,0.9048,0.2931,0.027,13.0,67.0,26.95,0,0.8928,1,0.0
22,0.7333,1,mask,,12.4079,12.3518,,-1.7076,,,,,55,0.873,0.2717,0.0323,13.0,67.0,26.8,0,0.8742,1,0.0
23,0.7667,1,mask,,12.3406,12.3208,,-0.9283,,,,,57,0.9048,0.2903,0.0258,13.0,67.0,26.98,0,0.8934,1,0.0
24,0.8,1,mask,,12.1871,12.3007,,-0.6034,,,,,61,0.9839,0.3715,0.0316,13.0,68.0,27.66,0,0.9209,1,0.0
25,0.8333,1,mask,,12.2648,12.2881,,-0.3769,,,,,60,0.9677,0.3472,0.0322,13.0,68.0,27.66,0,0.9209,1,0.0
26,0.8667,1,mask,,12.2193,12.28,,-0.245,,,,,61,0.9839,0.3811,0.0329,13.0,68.0,27.69,0,0.9189,1,0.0
27,0.9,1,mask,,12.5759,12.2747,,-0.1593,,,,,58,0.8657,0.2473,0.0499,14.0,60.0,27.76,0,0.8969,1,0.0
28,0.9333,1,mask,,12.0006,12.2553,,-0.5817,,,,,64,1.0,0.4389,0.0335,13.0,69.0,27.68,0,0.9122,1,0.0
29,0.9667,1,mask,,12.3192,12.2586,,0.1001,,,,,58,0.9206,0.3274,0.0386,13.0,68.0,27.66,0,0.8974,1,0.0
30,1.0,1,mask,,12.101,12.2448,,-0.4131,,,,,60,0.9231,0.339,0.0442,13.0,69.0,27.53,0,0.9091,1,0.0
31,1.0333,1,mask,,12.1075,12.1968,,-1.4423,,,,,54,0.871,0.2706,0.045,13.0,68.0,27.6,0,0.8672,1,0.0
32,1.0667,1,mask,,12.0818,12.1632,,-1.0061,,,,,52,0.8387,0.2394,0.0454,13.0,61.0,27.53,0,0.8504,1,0.0
33,1.1,1,mask,,11.5705,12.1414,,-0.654,,,,,62,0.9841,0.3817,0.0399,13.0,70.0,27.91,0,0.9189,1,0.0
34,1.1333,1,mask,,12.2275,12.1273,,-0.4251,,,,,60,0.8571,0.255,0.0586,14.0,60.0,27.94,0,0.9061,1,0.0
35,1.1667,1,mask,,12.2507,12.1203,,-0.2077,,,,,60,0.8571,0.2413,0.0551,14.0,60.0,27.83,0,0.9089,1,0.0
36,1.2,1,mask,,11.2048,12.1069,,-0.4045,,,,,48,0.9796,0.4795,0.0348,13.0,70.0,28.01,0,0.818,1,0.0
37,1.2333,1,mask,,11.8537,12.0183,,-2.658,,,,,52,0.8254,0.2689,0.0584,14.0,62.0,28.13,0,0.8405,1,0.0
38,1.2667,1,mask,,11.9157,11.9824,,-1.0767,,,,,51,0.8095,0.2758,0.0566,14.0,62.0,28.32,0,0.8277,1,0.0
39,1.3,1,mask,,12.1438,11.959,,-0.6999,,,,,60,0.8955,0.3434,0.0549,14.0,71.0,28.42,0,0.9,1,0.0
40,1.3333,1,mask,,12.0523,11.9439,,-0.4549,,,,,56,0.9333,0.3859,0.0409,13.0,71.0,28.39,0,0.8762,1,0.0
41,1.3667,1,mask,,12.0037,11.9648,,0.6283,,,,,53,0.9464,0.3797,0.0383,13.0,71.0,28.4,0,0.8613,1,0.0
42,1.4,1,mask,,11.5033,11.9784,,0.4084,,,,,50,0.9091,0.2939,0.0175,13.0,72.0,28.65,0,0.8473,1,0.0
43,1.4333,1,mask,,11.6483,11.9873,,0.2654,,,,,59,0.9077,0.2983,0.0293,14.0,72.0,28.89,0,0.906,1,0.0
44,1.4667,1,mask,,11.7086,11.8897,,-2.9262,,,,,58,0.8529,0.2826,0.0336,14.0,66.0,29.03,0,0.886,1,0.0
45,1.5,1,mask,,11.1866,11.8052,,-2.5354,,,,,70,1.0,0.4537,0.021,14.0,75.0,28.9,0,0.9093,1,0.0
46,1.5333,1,mask,,11.6798,11.7503,,-1.648,,,,,60,0.8696,0.3037,0.0348,14.0,68.0,28.76,0,0.9001,1,0.0
47,1.5667,1,mask,,11.6127,11.7146,,-1.0712,,,,,59,0.8939,0.3004,0.0302,14.0,68.0,28.81,0,0.9014,1,0.0
48,1.6,1,mask,,10.4707,11.6789,,-1.0698,,,,,69,1.0,0.3764,0.0241,14.0,75.0,28.66,0,0.9247,1,0.0
49,1.6333,1,mask,,10.0541,11.5066,,-5.1694,,,,,65,0.9848,0.4094,0.0235,14.0,76.0,28.69,0,0.9136,1,0.0
50,1.6667,1,mask,,10.0679,11.144,,-10.8772,,,,,67,0.9853,0.4251,0.0226,14.0,76.0,28.75,0,0.9106,1,0.0
51,1.7,1,mask,,10.0553,10.7674,,-11.2991,,,,,69,0.9857,0.4096,0.0336,14.0,76.0,28.34,0,0.9138,1,0.0
52,1.7333,1,mask,,10.0217,10.5182,,-7.4768,,,,,71,1.0,0.4077,0.0308,14.0,77.0,28.44,0,0.9185,1,0.0
53,1.7667,1,mask,,10.0753,10.3562,,-4.8599,,,,,71,1.0,0.4256,0.0299,14.0,77.0,28.49,0,0.9149,1,0.0
54,1.8,1,mask,,9.4162,10.2509,,-3.159,,,,,68,1.0,0.4698,0.0249,14.0,78.0,28.21,0,0.906,1,0.0
55,1.8333,1,mask,,9.3081,10.1707,,-2.4059,,,,,67,1.0,0.4621,0.0219,14.0,78.0,28.27,0,0.9076,1,0.0
56,1.8667,1,mask,,8.9807,9.9066,,-7.922,,,,,49,0.9423,0.3282,0.0277,13.0,53.0,28.23,0,0.8437,1,0.0
57,1.9,1,mask,,9.2198,9.6971,,-6.2845,,,,,51,0.9808,0.3273,0.0133,13.0,59.0,28.26,0,0.8688,1,0.0
58,1.9333,1,mask,,9.1815,9.5301,,-5.0123,,,,,54,0.9818,0.2745,0.0156,13.0,59.0,28.21,0,0.8996,1,0.0
59,1.9667,1,mask,,9.1505,9.4081,,-3.6598,,,,,53,0.9815,0.2762,0.0192,13.0,59.0,28.16,0,0.8925,1,0.0
60,2.0,1,mask,,9.401,9.3288,,-2.3789,,,,,57,1.0,0.4127,0.0078,13.0,79.0,27.94,0,0.8975,1,0.0
61,2.0333,1,mask,,9.3013,9.2906,,-1.1445,,,,,59,1.0,0.428,0.0077,13.0,80.0,28.12,0,0.9077,1,0.0
62,2.0667,1,mask,,9.2085,9.2619,,-0.8621,,,,,60,1.0,0.4403,0.0031,13.0,80.0,28.1,0,0.9119,1,0.0
63,2.1,1,mask,,8.5614,9.2432,,-0.5604,,,,,57,0.9661,0.3961,0.0013,13.0,81.0,28.08,0,0.8906,1,0.0
64,2.1333,1,mask,,8.6787,9.2311,,-0.3642,,,,,58,0.9667,0.3679,0.0028,13.0,81.0,28.01,0,0.9031,1,0.0
65,2.1667,1,mask,,8.6668,9.0377,,-5.7995,,,,,59,1.0,0.427,0.0004,13.0,80.0,28.13,0,0.9079,1,0.0
66,2.2,1,mask,,8.6441,8.9079,,-3.8953,,,,,58,0.8788,0.2839,0.026,14.0,82.0,28.51,0,0.8935,1,0.0
67,2.2333,1,mask,,8.5736,8.8156,,-2.7701,,,,,61,0.9242,0.3507,0.0264,13.0,82.0,28.56,0,0.9071,1,0.0
68,2.2667,1,mask,,8.3595,8.7555,,-1.8006,,,,,58,1.0,0.4233,0.0059,13.0,82.0,28.41,0,0.902,1,0.0
69,2.3,1,mask,,8.9745,8.7165,,-1.1704,,,,,58,1.0,0.3953,0.0114,13.0,84.0,28.56,0,0.9076,1,0.0
70,2.3333,1,mask,,8.8654,8.6912,,-0.7607,,,,,56,0.9825,0.3695,0.0084,13.0,83.0,28.55,0,0.8942,1,0.0
71,2.3667,1,mask,,8.7987,8.7288,,1.1293,,,,,57,0.9828,0.3664,0.0153,13.0,83.0,28.43,0,0.9015,1,0.0
72,2.4,1,mask,,7.9459,8.7533,,0.734,,,,,53,1.0,0.3516,0.0094,13.0,83.0,27.93,0,0.883,1,0.0
73,2.4333,1,mask,,8.0521,8.7692,,0.4771,,,,,53,1.0,0.3212,0.015,13.0,84.0,27.87,0,0.8891,1,0.0
74,2.4667,1,mask,,8.0485,8.5182,,-7.5298,,,,,53,1.0,0.3261,0.0152,13.0,84.0,27.85,0,0.8881,1,0.0
75,2.5,1,mask,,8.0657,8.355,,-4.8944,,,,,54,1.0,0.3435,0.0198,13.0,84.0,27.98,0,0.8913,1,0.0
76,2.5333,1,mask,,8.1002,8.249,,-3.1813,,,,,55,1.0,0.3376,0.019,13.0,84.0,28.22,0,0.8992,1,0.0
77,2.5667,1,mask,,8.1536,8.1848,,-1.9248,,,,,53,0.9636,0.3036,0.0204,13.0,84.0,28.12,0,0.8817,1,0.0
78,2.6,1,mask,,7.6814,8.1431,,-1.2511,,,,,56,0.9825,0.3454,0.0256,13.0,84.0,27.97,0,0.899,1,0.0
79,2.6333,1,mask,,7.31,8.116,,-0.8132,,,,,53,0.9636,0.3092,0.0172,13.0,57.0,28.11,0,0.8806,1,0.0
80,2.6667,1,mask,,7.4772,7.9639,,-4.5638,,,,,54,0.9818,0.3116,0.0078,13.0,57.0,28.03,0,0.8922,1,0.0
81,2.7,1,mask,,7.4602,7.7936,,-5.1103,,,,,63,1.0,0.3603,0.0269,14.0,85.0,27.69,0,0.9279,1,0.0
82,2.7333,1,mask,,7.4689,7.6799,,-3.4087,,,,,66,1.0,0.3781,0.0262,14.0,86.0,27.53,0,0.9244,1,0.0
83,2.7667,1,mask,,7.4192,7.603,,-2.3071,,,,,67,1.0,0.3911,0.0267,14.0,86.0,27.52,0,0.9218,1,0.0
84,2.8,1,mask,,6.5808,7.553,,-1.4996,,,,,57,0.8906,0.2617,0.0155,13.0,60.0,27.2,0,0.8949,1,0.0
85,2.8333,1,mask,,6.3826,7.5062,,-1.4057,,,,,54,0.9818,0.2823,0.002,13.0,56.0,27.0,0,0.8981,1,0.0
86,2.8667,1,mask,,6.3333,7.1823,,-9.7163,,,,,56,0.9825,0.2817,0.0039,13.0,57.0,26.94,0,0.9117,1,0.0
87,2.9,1,mask,,6.4601,6.9295,,-7.5832,,,,,57,0.9661,0.2935,0.0083,13.0,60.0,27.06,0,0.9111,1,0.0
88,2.9333,1,mask,,6.4662,6.7652,,-4.9291,,,,,57,0.9661,0.2971,0.0052,13.0,60.0,27.1,0,0.9104,1,0.0
89,2.9667,1,mask,,6.631,6.6584,,-3.2039,,,,,58,0.9831,0.3257,0.0002,13.0,87.0,27.13,0,0.9164,1,0.0
90,3.0,1,mask,,5.5742,6.589,,-2.0825,,,,,70,0.9589,0.3339,0.0182,14.0,71.0,26.9,0,0.9209,1,0.0
91,3.0333,1,mask,,5.7238,6.5439,,-1.3536,,,,,69,0.9324,0.3113,0.0304,13.0,71.0,26.75,0,0.9175,1,0.0
92,3.0667,1,mask,,5.6837,6.2569,,-8.6106,,,,,70,0.9459,0.3115,0.023,13.0,71.0,26.89,0,0.9215,1,0.0
93,3.1,1,mask,,5.8427,6.0703,,-5.5969,,,,,81,0.9529,0.3029,0.0496,15.0,88.0,27.06,0,0.9253,1,0.0
94,3.1333,1,mask,,5.8518,5.9491,,-3.638,,,,,84,0.9655,0.3036,0.0464,15.0,88.0,26.99,0,0.9289,1,0.0
95,3.1667,1,mask,,5.866,5.9118,,-1.1165,,,,,82,0.9647,0.29,0.0429,15.0,88.0,26.96,0,0.9314,1,0.0
96,3.2,1,mask,,5.5026,5.8876,,-0.7257,,,,,90,0.9783,0.3607,0.0535,14.5,91.0,26.39,0,0.9213,1,0.0
97,3.2333,1,mask,,5.2802,5.8719,,-0.4717,,,,,85,0.977,0.344,0.045,15.0,90.0,27.04,0,0.9243,1,0.0
98,3.2667,1,mask,,5.2991,5.7426,,-3.8783,,,,,84,0.9767,0.3548,0.0464,15.0,90.0,26.97,0,0.9221,1,0.0
99,3.3,1,mask,,5.2331,5.5874,,-4.6568,,,,,64,0.9846,0.3828,0.03,14.0,91.0,27.0,0,0.9188,1,0.0
100,3.3333,1,mask,,5.2931,5.4844,,-3.0906,,,,,82,0.9762,0.3832,0.0446,14.0,91.0,27.07,0,0.9162,1,0.0
101,3.3667,1,mask,,5.1995,5.4129,,-2.1445,,,,,82,0.9762,0.4224,0.0408,14.0,91.0,27.08,0,0.9084,1,0.0
102,3.4,1,mask,,4.5295,5.35,,-1.8881,,,,,52,0.963,0.2457,0.0245,14.0,61.0,27.56,0,0.8864,1,0.0
103,3.4333,1,mask,,5.0119,5.2973,,-1.5797,,,,,66,0.9706,0.2664,0.0408,14.5,92.0,27.79,0,0.9379,1,0.0
104,3.4667,1,mask,,5.0322,5.2045,,-2.7841,,,,,63,1.0,0.2754,0.0305,15.0,92.0,27.77,0,0.9449,1,0.0
105,3.5,1,mask,,4.6802,5.1371,,-2.0223,,,,,47,0.8545,0.2093,0.039,15.0,92.0,28.11,0,0.8278,1,0.0
106,3.5333,1,mask,,4.4284,4.9772,,-4.7978,,,,,51,0.9444,0.2946,0.02,15.0,92.0,28.1,0,0.8644,1,0.0
107,3.5667,1,mask,,4.6152,4.8732,,-3.1186,,,,,49,0.9245,0.2189,0.0338,15.0,92.0,28.0,0,0.8603,1,0.0
108,3.6,1,mask,,4.9988,4.8057,,-2.0271,,,,,60,0.9375,0.2598,0.0329,15.0,95.0,27.49,0,0.9293,1,0.0
109,3.6333,1,mask,,4.3925,4.739,,-1.9996,,,,,61,1.0,0.3087,0.0309,15.0,96.0,26.96,0,0.9383,1,0.0
110,3.6667,1,mask,,4.4826,4.6493,,-2.6919,,,,,63,0.9692,0.3182,0.0311,17.0,96.0,26.85,0,0.9271,1,0.0
111,3.7,1,mask,,4.2823,4.591,,-1.7498,,,,,62,0.9538,0.3937,0.0276,17.0,96.0,26.26,0,0.9074,1,0.0
112,3.7333,1,mask,,4.5181,4.553,,-1.1373,,,,,48,0.9057,0.2722,0.0367,14.0,97.0,26.09,0,0.8373,1,0.0
113,3.7667,1,mask,,4.4032,4.5006,,-1.5729,,,,,45,0.9184,0.2872,0.0248,15.0,96.0,26.56,0,0.8181,1,0.0
114,3.8,1,mask,,4.5682,4.4943,,-0.1888,,,,,45,0.9375,0.2632,0.0191,14.0,97.0,26.13,0,0.8286,1,0.0
115,3.8333,1,mask,,4.9504,4.5026,,0.2496,,,,,54,0.9153,0.2738,0.0389,13.0,83.0,25.31,0,0.8798,1,0.0
116,3.8667,1,mask,,4.8778,4.5256,,0.6886,,,,,54,0.9,0.2713,0.0399,13.0,83.0,25.37,0,0.8757,1,0.0
117,3.9,1,mask,,4.5983,4.5511,,0.7639,,,,,52,0.9123,0.2702,0.0196,13.5,97.0,27.56,0,0.8663,1,0.0
118,3.9333,1,mask,,4.5821,4.5676,,0.4965,,,,,51,0.9107,0.2697,0.0187,13.0,97.0,27.69,0,0.8593,1,0.0
119,3.9667,1,mask,,4.5536,4.5784,,0.3228,,,,,45,0.8654,0.2327,0.0143,13.0,97.0,27.41,0,0.8131,1,0.0
120,4.0,1,mask,,4.4488,4.5797,,0.0396,,,,,56,0.8889,0.2598,0.0348,13.0,99.0,27.81,0,0.888,1,0.0
121,4.0333,1,mask,,4.2738,4.5706,,-0.2739,,,,,57,0.9048,0.2577,0.0379,14.0,99.0,28.11,0,0.8999,1,0.0
122,4.0667,1,mask,,4.29,4.5279,,-1.2789,,,,,55,0.873,0.2058,0.037,14.0,84.0,28.14,0,0.8874,1,0.0
123,4.1,1,mask,,3.6174,4.4447,,-2.4978,,,,,54,0.7606,0.1964,0.0572,14.0,76.0,27.91,0,0.8489,1,0.0
124,4.1333,1,mask,,3.6,4.3849,,-1.794,,,,,60,0.8108,0.2781,0.0463,14.0,99.0,27.95,0,0.8876,1,0.0
125,4.1667,1,mask,,3.2647,4.1163,,-8.0583,,,,,51,0.7846,0.2728,0.0487,16.0,91.0,28.25,0,0.8208,1,0.0
126,4.2,1,mask,,3.9742,3.9417,,-5.2379,,,,,52,0.8667,0.2007,0.0543,13.0,51.0,27.6,0,0.8665,1,0.0
127,4.2333,1,mask,,3.8648,3.8282,,-3.4046,,,,,35,0.7609,0.1788,0.0393,14.0,83.0,27.53,0,0.7258,1,0.0
128,4.2667,1,mask,,3.3959,3.7483,,-2.3959,,,,,54,0.931,0.3791,0.0539,14.0,100.0,27.49,0,0.8635,1,0.0
129,4.3,1,mask,,3.3072,3.625,,-3.7004,,,,,68,0.8608,0.3334,0.0517,15.0,101.0,27.56,0,0.8915,1,0.0
130,4.3333,1,mask,,3.0818,3.5448,,-2.4052,,,,,76,0.9157,0.3797,0.0584,15.0,101.0,27.44,0,0.8988,1,0.0
131,4.3667,1,mask,,3.0387,3.4616,,-2.4946,,,,,75,0.9146,0.3948,0.0589,15.0,101.0,27.26,0,0.8954,1,0.0
132,4.4,1,mask,,2.9857,3.3287,,-3.9888,,,,,52,0.7429,0.1787,0.062,14.5,92.0,24.83,0,0.8338,1,0.0
133,4.4333,1,mask,,2.78,3.2272,,-3.0451,,,,,49,0.8596,0.2131,0.0256,13.0,53.0,25.15,0,0.8419,1,0.0
134,4.4667,1,mask,,2.8908,3.1426,,-2.5357,,,,,48,0.8421,0.1784,0.0258,13.0,52.0,25.4,0,0.837,1,0.0
135,4.5,1,mask,,2.2092,3.0545,,-2.6443,,,,,50,0.8065,0.2033,0.0435,14.0,56.0,24.35,0,0.8346,1,0.0
136,4.5333,1,mask,,2.0185,2.9584,,-2.8818,,,,,50,0.8197,0.1934,0.0541,14.0,55.0,24.66,0,0.8406,1,0.0
137,4.5667,1,mask,,2.0567,2.6962,,-7.8669,,,,,54,0.8571,0.1938,0.0362,14.0,55.0,23.88,0,0.8784,1,0.0
138,4.6,1,mask,,1.8708,2.4724,,-6.7154,,,,,51,0.8793,0.1581,0.0262,14.0,66.0,25.67,0,0.8722,1,0.0
139,4.6333,1,mask,,1.7017,2.3135,,-4.7661,,,,,54,0.9153,0.1778,0.0207,14.0,66.0,26.26,0,0.899,1,0.0
140,4.6667,1,mask,,1.6987,2.1586,,-4.6478,,,,,55,0.9016,0.1765,0.0212,14.0,66.0,27.15,0,0.9019,1,0.0
141,4.7,1,mask,,1.4414,1.9987,,-4.7968,,,,,62,0.8857,0.247,0.0505,14.5,74.0,26.88,0,0.9163,1,0.0
142,4.7333,1,mask,,1.9653,1.8947,,-3.1179,,,,,56,0.8,0.1672,0.07,15.0,58.0,27.3,0,0.8799,1,0.0
143,4.7667,1,mask,,1.8958,1.8272,,-2.0266,,,,,55,0.7857,0.1788,0.0727,15.0,58.0,27.29,0,0.8666,1,0.0
144,4.8,1,mask,,0.5948,1.7822,,-1.3487,,,,,54,0.9818,0.3341,0.0177,14.0,71.0,27.65,0,0.8877,1,0.0
145,4.8333,1,mask,,0.895,1.663,,-3.5783,,,,,56,0.8889,0.1593,0.0352,14.0,71.0,27.17,0,0.9081,1,0.0
146,4.8667,1,mask,,0.3676,1.3942,,-8.0634,,,,,66,1.0,0.2532,0.0192,14.0,72.0,27.21,0,0.9494,1,0.0
147,4.9,1,mask,,0.4495,1.1144,,-8.3937,,,,,55,0.8871,0.1508,0.0,14.0,66.0,27.41,0,0.9026,1,0.0
148,4.9333,1,mask,,0.5135,0.9041,,-6.3097,,,,,53,0.8689,0.15,0.0183,14.0,65.0,27.22,0,0.884,1,0.0
149,4.9667,1,mask,,0.6124,0.7674,,-4.1013,,,,,52,0.8525,0.1465,0.0219,14.0,65.0,27.24,0,0.8731,1,0.0
150,5.0,1,mask,,0.9284,0.6785,,-2.6658,,,,,52,0.8125,0.1527,0.0375,15.0,52.0,27.18,0,0.8599,1,0.0
151,5.0333,1,mask,,0.8484,0.6554,,-0.694,,,,,56,0.8615,0.1709,0.0387,15.0,74.0,27.11,0,0.8976,1,0.0
152,5.0667,1,mask,,0.7538,0.6898,,1.0331,,,,,52,0.8,0.1385,0.0417,15.0,73.0,26.89,0,0.859,1,0.0
153,5.1,1,mask,,0.0,0.7122,,0.6715,,,,,52,0.65,0.0,0.073,16.0,82.0,26.42,0,0.8417,1,0.0
154,5.1333,1,mask,,-0.0,0.7267,,0.4365,,,,,37,0.5606,0.0,0.0567,14.0,67.0,26.37,0,0.7148,1,0.0
155,5.1667,1,mask,,0.0,0.4724,,-7.6307,,,,,36,0.5455,0.0,0.0563,14.0,68.0,26.6,0,0.7036,1,0.0
156,5.2,1,mask,,-0.0,0.307,,-4.96,,,,,67,0.7976,0.0,0.0715,16.0,74.0,27.65,0,0.9393,1,0.0
157,5.2333,1,mask,,-0.0,0.1996,,-3.224,,,,,67,0.7882,0.0,0.0726,16.0,75.0,27.64,0,0.9365,1,0.0
158,5.2667,1,mask,,0.0,0.1297,,-2.0956,,,,,64,0.7619,0.0,0.0724,16.0,74.0,27.61,0,0.9286,1,0.0
159,5.3,1,mask,,-0.6481,0.0843,,-1.3621,,,,,66,1.0,0.3102,0.0162,15.0,74.0,25.95,0,0.938,1,0.0
160,5.3333,1,mask,,-0.6564,0.0548,,-0.8854,,,,,67,1.0,0.306,0.0171,15.0,75.0,26.11,0,0.9388,1,0.0
161,5.3667,1,mask,,-0.5183,-0.1458,,-6.0177,,,,,63,0.9403,0.1793,0.019,15.0,76.0,26.03,0,0.9462,1,0.0
162,5.4,1,mask,,-0.6797,-0.3216,,-5.2743,,,,,64,0.9412,0.2151,0.022,15.0,76.0,26.96,0,0.9393,1,0.0
163,5.4333,1,mask,,-0.3898,-0.4359,,-3.4283,,,,,60,0.9091,0.1438,0.0,15.0,76.0,27.81,0,0.944,1,0.0
164,5.4667,1,mask,,-0.4584,-0.4647,,-0.8656,,,,,59,0.9077,0.1625,0.0072,15.0,76.0,27.89,0,0.9331,1,0.0
165,5.5,1,mask,,-1.1496,-0.4835,,-0.5626,,,,,72,0.9863,0.2895,0.0309,15.0,83.0,29.03,0,0.938,1,0.0
166,5.5333,1,mask,,-1.1378,-0.5522,,-2.0605,,,,,67,1.0,0.2984,0.029,15.0,82.0,29.36,0,0.9403,1,0.0
167,5.5667,1,mask,,-0.8496,-0.6563,,-3.123,,,,,57,0.8261,0.2025,0.0308,14.0,82.0,28.98,0,0.8873,1,0.0
168,5.6,1,mask,,-1.2626,-0.8248,,-5.0565,,,,,71,0.9861,0.347,0.0377,15.0,82.0,30.28,0,0.9264,1,0.0
169,5.6333,1,mask,,-0.6362,-0.9344,,-3.2867,,,,,59,0.8676,0.1372,0.0328,15.0,58.0,30.59,0,0.9262,1,0.0
170,5.6667,1,mask,,-0.6253,-0.9047,,0.8902,,,,,59,0.8551,0.1785,0.0438,15.0,77.0,30.1,0,0.9141,1,0.0
171,5.7,1,mask,,-1.2033,-0.8854,,0.5786,,,,,74,0.9136,0.2783,0.0548,15.0,94.0,30.01,0,0.9184,1,0.0
172,5.7333,1,mask,,-1.1962,-0.9942,,-3.263,,,,,76,0.9268,0.2778,0.054,15.0,94.0,29.86,0,0.9225,1,0.0
173,5.7667,1,mask,,-1.1724,-1.0566,,-1.8716,,,,,75,0.9259,0.2749,0.0547,16.0,94.0,29.58,0,0.9228,1,0.0
174,5.8,1,mask,,-1.3684,-1.1054,,-1.4659,,,,,65,0.8904,0.1976,0.0325,15.0,84.0,30.0,0,0.9276,1,0.0
175,5.8333,1,mask,,-1.4068,-1.1397,,-1.0275,,,,,59,0.8939,0.1906,0.0288,15.0,83.0,30.75,0,0.9234,1,0.0
176,5.8667,1,mask,,-1.4117,-1.2197,,-2.4014,,,,,58,0.8788,0.1836,0.0288,15.0,83.0,30.7,0,0.9136,1,0.0
177,5.9,1,mask,,-1.3871,-1.2783,,-1.7578,,,,,71,1.0,0.3089,0.026,15.0,83.0,30.28,0,0.9382,1,0.0
178,5.9333,1,mask,,-1.3556,-1.3164,,-1.1426,,,,,70,1.0,0.2955,0.0259,15.0,83.0,30.29,0,0.9409,1,0.0
179,5.9667,1,mask,,-1.351,-1.3412,,-0.7427,,,,,70,1.0,0.2949,0.022,15.0,83.0,30.23,0,0.941,1,0.0
180,6.0,1,mask,,-1.6374,-1.3572,,-0.4827,,,,,83,0.9432,0.2059,0.046,16.0,97.0,29.39,0,0.9418,1,0.0
181,6.0333,1,mask,,-1.7751,-1.3677,,-0.3138,,,,,79,0.908,0.2243,0.0481,16.0,95.0,29.96,0,0.9276,1,0.0
182,6.0667,1,mask,,-1.7781,-1.4621,,-2.8315,,,,,76,0.8736,0.2427,0.046,16.0,95.0,29.87,0,0.9135,1,0.0
183,6.1,1,mask,,-1.5387,-1.5234,,-1.8405,,,,,83,0.954,0.2818,0.0441,16.0,96.0,30.14,0,0.9298,1,0.0
184,6.1333,1,mask,,-1.532,-1.5633,,-1.1963,,,,,85,0.9341,0.2781,0.0458,16.0,122.0,29.97,0,0.9246,1,0.0
185,6.1667,1,mask,,-1.5853,-1.571,,-0.2311,,,,,81,0.9101,0.2432,0.0468,16.0,121.0,29.96,0,0.9244,1,0.0
186,6.2,1,mask,,-1.433,-1.5597,,0.3392,,,,,77,0.9625,0.3832,0.0403,15.0,88.0,30.54,0,0.9121,1,0.0
187,6.2333,1,mask,,-1.5838,-1.5524,,0.2204,,,,,74,0.961,0.3548,0.0447,16.0,85.0,30.8,0,0.9174,1,0.0
188,6.2667,1,mask,,-1.5513,-1.552,,0.0115,,,,,74,0.961,0.381,0.0442,16.0,85.0,31.07,0,0.9121,1,0.0
189,6.3,1,mask,,-1.3019,-1.5517,,0.0075,,,,,65,0.8784,0.1921,0.0469,16.0,65.0,34.01,0,0.9251,1,0.0
190,6.3333,1,mask,,-1.4954,-1.532,,0.592,,,,,73,0.9481,0.2695,0.0473,16.0,90.0,33.92,0,0.9305,1,0.0
191,6.3667,1,mask,,-1.7389,-1.5387,,-0.2023,,,,,76,0.962,0.2601,0.0498,16.0,89.0,34.19,0,0.9366,1,0.0
192,6.4,1,mask,,-1.0111,-1.5236,,0.4556,,,,,55,0.8209,0.2181,0.0559,16.0,65.0,35.57,0,0.8693,1,0.0
193,6.4333,1,mask,,-1.8881,-1.5137,,0.2961,,,,,72,0.973,0.3625,0.0491,16.0,84.0,36.76,0,0.9194,1,0.0
194,6.4667,1,mask,,-1.868,-1.5925,,-2.3646,,,,,69,0.9583,0.3205,0.0523,16.0,83.0,37.14,0,0.9234,1,0.0
195,6.5,1,mask,,-1.7854,-1.66,,-2.0256,,,,,69,1.0,0.4586,0.0401,16.0,83.0,37.68,0,0.9083,1,0.0
196,6.5333,1,mask,,-0.8043,-1.7039,,-1.3166,,,,,56,0.8,0.1967,0.0363,16.0,61.0,37.71,0,0.874,1,0.0
197,6.5667,1,mask,,-0.8402,-1.7324,,-0.8558,,,,,53,0.7794,0.1827,0.0351,16.0,62.0,37.65,0,0.8506,1,0.0
198,6.6,1,mask,,-1.0689,-1.5002,,6.9674,,,,,53,0.7162,0.151,0.0356,16.0,62.0,40.94,0,0.838,1,0.0
199,6.6333,1,mask,,-1.5589,-1.3492,,4.5288,,,,,73,0.9865,0.3972,0.0209,15.0,84.0,41.99,0,0.9165,1,0.0
200,6.6667,1,mask,,-1.7682,-1.2511,,2.9437,,,,,80,1.0,0.4874,0.0494,16.0,86.0,42.18,0,0.9025,1,0.0
201,6.7,1,mask,,-2.1964,-1.3588,,-3.2321,,,,,98,1.0,0.3819,0.0466,17.0,103.0,44.43,0,0.9236,1,0.0
202,6.7333,1,mask,,-2.0367,-1.5021,,-4.2986,,,,,80,0.9639,0.2587,0.0557,16.0,93.0,44.66,0,0.9374,1,0.0
203,6.7667,1,mask,,-2.0038,-1.6777,,-5.2671,,,,,82,1.0,0.2537,0.0536,16.0,92.0,44.49,0,0.9493,1,0.0
204,6.8,1,mask,,-1.9996,-1.7918,,-3.4236,,,,,92,0.9109,0.2119,0.0603,17.0,107.0,48.76,0,0.9309,1,0.0
205,6.8333,1,mask,,-1.9661,-1.866,,-2.2253,,,,,94,0.9495,0.2677,0.0594,17.0,104.0,51.05,0,0.9313,1,0.0
206,6.8667,1,mask,,-1.9198,-1.9128,,-1.4029,,,,,95,0.95,0.2603,0.0584,17.0,105.0,51.18,0,0.9329,1,0.0
207,6.9,1,mask,,-2.0937,-1.9432,,-0.9119,,,,,77,0.9747,0.2154,0.0351,16.0,90.0,55.12,0,0.9493,1,0.0
208,6.9333,1,mask,,-1.9053,-1.9512,,-0.2404,,,,,92,0.9293,0.2544,0.0586,17.0,104.0,55.05,0,0.9279,1,0.0
209,6.9667,1,mask,,-1.9985,-1.9564,,-0.1563,,,,,74,0.961,0.2477,0.0303,16.0,87.0,55.03,0,0.9388,1,0.0
210,7.0,1,mask,,-2.0193,-1.9711,,-0.4424,,,,,92,0.92,0.2281,0.0617,17.0,106.0,58.98,0,0.9304,1,0.0
211,7.0333,1,mask,,-1.913,-1.9807,,-0.2876,,,,,95,0.95,0.2861,0.0564,17.0,106.0,60.36,0,0.9278,1,0.0
212,7.0667,1,mask,,-1.9701,-1.977,,0.111,,,,,90,0.9091,0.2486,0.0592,17.0,105.0,60.38,0,0.923,1,0.0
213,7.1,1,mask,,-1.6355,-1.9746,,0.0722,,,,,96,0.9697,0.2736,0.0476,17.0,106.0,62.56,0,0.9362,1,0.0
214,7.1333,1,mask,,-1.7014,-1.9531,,0.6466,,,,,105,0.9633,0.281,0.0535,18.0,116.0,62.52,0,0.9328,1,0.0
215,7.1667,1,mask,,-1.7024,-1.8653,,2.6317,,,,,106,0.9636,0.2787,0.0539,18.0,116.0,62.28,0,0.9334,1,0.0
216,7.2,1,mask,,-1.5681,-1.808,,1.7211,,,,,99,0.9706,0.3174,0.0473,18.0,113.0,64.97,0,0.9277,1,0.0
217,7.2333,1,mask,,-1.6996,-1.77,,1.1378,,,,,89,1.0,0.3652,0.0342,18.0,102.0,65.78,0,0.927,1,0.0
218,7.2667,1,mask,,-1.6672,-1.7454,,0.7396,,,,,105,0.9813,0.315,0.0471,18.0,118.0,65.65,0,0.9314,1,0.0
219,7.3,1,mask,,-1.6265,-1.718,,0.8207,,,,,103,1.0,0.319,0.049,18.0,118.0,64.49,0,0.9362,1,0.0
220,7.3333,1,mask,,-1.5928,-1.686,,0.9606,,,,,102,1.0,0.3181,0.049,18.0,118.0,64.42,0,0.9364,1,0.0
221,7.3667,1,mask,,-1.5897,-1.6652,,0.6244,,,,,99,0.9612,0.2692,0.0512,18.0,119.0,64.45,0,0.9345,1,0.0
222,7.4,1,mask,,-1.1507,-1.6398,,0.7601,,,,,99,0.9083,0.2163,0.0657,18.0,116.0,56.8,0,0.9292,1,0.0
223,7.4333,1,mask,,-1.2974,-1.6223,,0.5267,,,,,118,0.9593,0.2662,0.0664,19.0,128.0,50.23,0,0.9346,1,0.0
224,7.4667,1,mask,,-1.3181,-1.5158,,3.194,,,,,118,0.9593,0.277,0.0661,19.0,128.0,47.82,0,0.9324,1,0.0
225,7.5,1,mask,,-1.4341,-1.4466,,2.0761,,,,,100,0.9346,0.223,0.0547,18.0,124.0,55.79,0,0.9358,1,0.0
226,7.5333,1,mask,,-1.4699,-1.4016,,1.3495,,,,,95,0.9135,0.1944,0.054,18.0,124.0,56.55,0,0.9351,1,0.0
227,7.5667,1,mask,,-1.3355,-1.3785,,0.6945,,,,,103,0.9364,0.2683,0.0537,18.0,125.0,56.9,0,0.9272,1,0.0
228,7.6,1,mask,,-1.4368,-1.398,,-0.5841,,,,,117,0.9512,0.282,0.0522,19.0,129.0,59.98,0,0.929,1,0.0
229,7.6333,1,mask,,-1.4625,-1.4116,,-0.4082,,,,,117,0.9435,0.2546,0.0531,19.0,130.0,61.48,0,0.9322,1,0.0
230,7.6667,1,mask,,-1.3644,-1.4204,,-0.2653,,,,,116,0.9355,0.2505,0.0527,19.0,130.0,61.78,0,0.9306,1,0.0
231,7.7,1,mask,,-1.3326,-1.4008,,0.5885,,,,,96,0.8807,0.2211,0.0659,19.0,111.0,60.96,0,0.92,1,0.0
232,7.7333,1,mask,,-1.3233,-1.388,,0.3825,,,,,98,0.8909,0.2302,0.0617,19.0,111.0,61.01,0,0.9212,1,0.0
233,7.7667,1,mask,,-1.4196,-1.3798,,0.2486,,,,,92,0.9293,0.21,0.0516,18.0,128.0,60.66,0,0.9368,1,0.0
234,7.8,1,mask,,-1.1406,-1.3632,,0.4956,,,,,114,0.9048,0.2073,0.0446,19.0,131.0,57.8,0,0.93,1,0.0
235,7.8333,1,mask,,-1.1304,-1.3493,,0.4192,,,,,100,0.7874,0.1824,0.0437,19.0,132.0,57.81,0,0.8997,1,0.0
236,7.8667,1,mask,,-1.0377,-1.2762,,2.191,,,,,118,0.9291,0.3069,0.0522,19.0,134.0,57.68,0,0.9174,1,0.0
237,7.9,1,mask,,-1.3876,-1.2288,,1.4242,,,,,111,0.9569,0.2584,0.0493,18.0,131.0,59.65,0,0.9354,1,0.0
238,7.9333,1,mask,,-1.4078,-1.1979,,0.9257,,,,,115,0.9829,0.2739,0.0492,18.0,131.0,59.35,0,0.9401,1,0.0
239,7.9667,1,mask,,-1.4399,-1.2643,,-1.9919,,,,,116,0.9915,0.2835,0.0492,18.0,130.0,59.08,0,0.9407,1,0.0
240,8.0,1,mask,,-1.0975,-1.3075,,-1.2948,,,,,120,0.9449,0.1852,0.0534,19.0,136.0,59.19,0,0.9464,1,0.0
241,8.0333,1,mask,,-1.1029,-1.3355,,-0.8416,,,,,118,0.9365,0.1878,0.0533,18.0,135.0,59.46,0,0.9434,1,0.0
242,8.0667,1,mask,,-1.0918,-1.2541,,2.4424,,,,,119,0.9444,0.1896,0.0524,19.0,135.0,59.29,0,0.9454,1,0.0
243,8.1,1,mask,,-1.2027,-1.2012,,1.5875,,,,,118,0.9752,0.2502,0.0439,19.0,132.0,60.59,0,0.9425,1,0.0
244,8.1333,1,mask,,-1.2953,-1.1668,,1.0319,,,,,103,0.981,0.256,0.0411,18.0,131.0,60.69,0,0.9431,1,0.0
245,8.1667,1,mask,,-1.3278,-1.1794,,-0.377,,,,,98,0.9608,0.2238,0.0371,18.0,129.0,60.01,0,0.9435,1,0.0
246,8.2,1,mask,,-1.0509,-1.1875,,-0.2451,,,,,120,0.96,0.2544,0.0564,19.0,135.0,62.02,0,0.9371,1,0.0
247,8.2333,1,mask,,-1.1504,-1.1928,,-0.1593,,,,,102,0.8095,0.1994,0.0477,19.0,135.0,62.63,0,0.903,1,0.0
248,8.2667,1,mask,,-1.149,-1.178,,0.4453,,,,,100,0.8,0.1748,0.0525,19.0,133.0,62.18,0,0.905,1,0.0
249,8.3,1,mask,,-0.937,-1.1678,,0.3043,,,,,114,1.0,0.4708,0.041,19.0,134.0,63.01,0,0.9058,1,0.0
250,8.3333,1,mask,,-0.7931,-1.1269,,1.2277,,,,,114,0.9828,0.4309,0.0508,19.0,134.0,63.53,0,0.9087,1,0.0
251,8.3667,1,mask,,-0.7793,-1.0604,,1.9942,,,,,116,0.9831,0.4527,0.049,19.0,134.0,63.31,0,0.9044,1,0.0
252,8.4,1,mask,,-0.9519,-1.0172,,1.2962,,,,,111,0.9652,0.3917,0.0411,19.0,134.0,64.22,0,0.9112,1,0.0
253,8.4333,1,mask,,-0.9567,-0.9892,,0.8426,,,,,114,1.0,0.4314,0.0269,19.0,134.0,64.47,0,0.9137,1,0.0
254,8.4667,1,mask,,-0.9747,-0.9761,,0.3908,,,,,112,1.0,0.4286,0.0266,19.0,134.0,64.35,0,0.9143,1,0.0
255,8.5,1,mask,,-0.8965,-0.9677,,0.254,,,,,104,0.8889,0.1862,0.0438,19.0,134.0,64.32,0,0.9294,1,0.0
256,8.5333,1,mask,,-0.6717,-0.9622,,0.1651,,,,,106,0.9138,0.2033,0.0525,19.0,126.0,64.28,0,0.9335,1,0.0
257,8.5667,1,mask,,-0.8525,-0.9392,,0.6891,,,,,97,0.9151,0.1979,0.0514,19.0,134.0,63.93,0,0.9349,1,0.0
258,8.6,1,mask,,-0.7909,-0.9088,,0.9103,,,,,125,0.9398,0.2525,0.052,20.0,142.0,63.9,0,0.9314,1,0.0
259,8.6333,1,mask,,-0.735,-0.8676,,1.238,,,,,119,0.9835,0.3681,0.0421,19.0,138.0,64.55,0,0.9214,1,0.0
260,8.6667,1,mask,,-0.7191,-0.8212,,1.3917,,,,,113,0.9826,0.3784,0.0388,19.0,136.0,64.48,0,0.9191,1,0.0
261,8.7,1,mask,,-0.4635,-0.791,,0.9046,,,,,128,0.9412,0.298,0.0482,20.0,144.0,64.68,0,0.9228,1,0.0
262,8.7333,1,mask,,-0.45,-0.7658,,0.7557,,,,,130,0.963,0.3449,0.0481,20.0,143.0,65.24,0,0.9199,1,0.0
263,8.7667,1,mask,,-0.5384,-0.6862,,2.388,,,,,132,0.9706,0.3095,0.0449,20.0,144.0,65.41,0,0.9293,1,0.0
264,8.8,1,mask,,-0.5986,-0.6345,,1.5522,,,,,102,0.7786,0.1263,0.0447,21.0,141.0,62.78,0,0.9083,1,0.0
265,8.8333,1,mask,,-0.6623,-0.6009,,1.0089,,,,,108,0.777,0.1602,0.0448,19.0,145.0,64.74,0,0.9011,1,0.0
266,8.8667,1,mask,,-0.6653,-0.6001,,0.0241,,,,,110,0.8029,0.1593,0.0425,19.0,144.0,64.68,0,0.909,1,0.0
267,8.9,1,mask,,-0.3462,-0.5995,,0.0157,,,,,137,0.9856,0.3037,0.047,19.0,148.0,65.36,0,0.9349,1,0.0
268,8.9333,1,mask,,-0.314,-0.5992,,0.0102,,,,,132,0.9851,0.4056,0.0468,20.0,147.0,65.41,0,0.9144,1,0.0
269,8.9667,1,mask,,-0.2596,-0.5106,,2.6569,,,,,130,0.9701,0.3828,0.0468,20.0,147.0,65.61,0,0.9145,1,0.0
270,9.0,1,mask,,-0.0,-0.4418,,2.0647,,,,,102,0.7286,0.0,0.0623,19.0,124.0,65.53,0,0.9186,1,0.0
271,9.0333,1,mask,,-0.4299,-0.3971,,1.342,,,,,105,1.0,0.3804,0.0303,21.0,150.0,65.22,0,0.9239,1,0.0
272,9.0667,1,mask,,-0.4176,-0.368,,0.8723,,,,,103,0.9904,0.4261,0.03,21.0,150.0,65.33,0,0.9119,1,0.0
273,9.1,1,mask,,-0.19,-0.3301,,1.1378,,,,,114,0.9268,0.3395,0.0531,20.0,150.0,64.86,0,0.9101,1,0.0
274,9.1333,1,mask,,-0.2193,-0.2913,,1.1632,,,,,118,0.9516,0.3706,0.0526,20.0,150.0,64.74,0,0.9114,1,0.0
275,9.1667,1,mask,,-0.2312,-0.2703,,0.6309,,,,,117,0.9512,0.3689,0.0514,20.0,150.0,64.53,0,0.9116,1,0.0
276,9.2,1,mask,,-0.0,-0.2524,,0.5353,,,,,89,0.6496,0.0,0.0518,19.0,123.0,66.5,0,0.8949,1,0.0
277,9.2333,1,mask,,-0.1748,-0.2306,,0.6556,,,,,126,0.9403,0.3287,0.0486,20.0,150.0,66.33,0,0.9164,1,0.0
278,9.2667,1,mask,,-0.2092,-0.2231,,0.2242,,,,,123,0.9389,0.3259,0.0468,20.0,151.0,66.39,0,0.9165,1,0.0
279,9.3,1,mask,,-0.151,-0.2062,,0.507,,,,,120,0.8824,0.2584,0.0427,19.0,146.0,67.11,0,0.913,1,0.0
280,9.3333,1,mask,,-0.1313,-0.1869,,0.5801,,,,,121,0.8832,0.2654,0.0415,19.0,147.0,66.98,0,0.9119,1,0.0
281,9.3667,1,mask,,-0.1379,-0.1743,,0.377,,,,,135,0.9783,0.3958,0.0398,19.0,148.0,66.97,0,0.9143,1,0.0
282,9.4,1,mask,,-0.1704,-0.1661,,0.2451,,,,,135,0.9643,0.4071,0.0387,19.0,151.0,67.95,0,0.9079,1,0.0
283,9.4333,1,mask,,-0.124,-0.1563,,0.2961,,,,,143,0.9862,0.4441,0.0399,20.0,155.0,67.67,0,0.907,1,0.0
284,9.4667,1,mask,,-0.1042,-0.1475,,0.2619,,,,,142,0.9793,0.4328,0.04,20.0,155.0,67.59,0,0.9072,1,0.0
285,9.5,1,mask,,0.0,-0.1393,,0.2469,,,,,72,0.5217,0.0,0.0436,19.0,143.0,67.4,0,0.8565,1,0.0
286,9.5333,1,mask,,-0.0,-0.127,,0.3682,,,,,73,0.5252,0.0,0.041,19.0,144.0,67.38,0,0.8576,1,0.0
287,9.5667,1,mask,,-0.0,-0.0826,,1.3337,,,,,70,0.5185,0.0,0.0415,19.0,143.0,67.52,0,0.8556,1,0.0
288,9.6,1,mask,,-0.1752,-0.0537,,0.8669,,,,,139,0.9929,0.5842,0.0377,19.0,150.0,68.17,0,0.881,1,0.0
289,9.6333,1,mask,,-0.2141,-0.0349,,0.5635,,,,,123,0.9762,0.4987,0.0353,19.0,149.0,68.45,0,0.8931,1,0.0
290,9.6667,1,mask,,-0.2157,-0.084,,-1.473,,,,,127,0.9769,0.5021,0.0356,19.0,150.0,69.08,0,0.8927,1,0.0
291,9.7,1,mask,,-0.2661,-0.1295,,-1.3664,,,,,119,0.9917,0.4907,0.0144,20.0,157.0,68.39,0,0.8994,1,0.0
292,9.7333,1,mask,,-0.2594,-0.1597,,-0.9052,,,,,119,0.9917,0.4971,0.0144,20.0,157.0,68.09,0,0.8981,1,0.0
293,9.7667,1,mask,,-0.2332,-0.1854,,-0.7712,,,,,118,0.9916,0.513,0.0145,20.0,158.0,68.02,0,0.8949,1,0.0
294,9.8,1,mask,,-0.3466,-0.2113,,-0.7773,,,,,123,0.9762,0.4043,0.0353,20.0,157.0,69.82,0,0.912,1,0.0
295,9.8333,1,mask,,-0.423,-0.2305,,-0.5755,,,,,120,0.9677,0.3749,0.0355,20.0,157.0,69.95,0,0.9154,1,0.0
296,9.8667,1,mask,,-0.56,-0.2711,,-1.2193,,,,,118,0.9833,0.4275,0.0215,20.0,157.0,69.94,0,0.9095,1,0.0
297,9.9,1,mask,,-0.1772,-0.2976,,-0.7925,,,,,120,0.9677,0.5092,0.0399,19.0,145.0,69.73,0,0.8885,1,0.0
298,9.9333,1,mask,,-0.1912,-0.3147,,-0.5152,,,,,117,0.9669,0.5081,0.0382,19.0,145.0,69.66,0,0.8885,1,0.0
299,9.9667,1,mask,,-0.2154,-0.28,,1.0429,,,,,115,0.9664,0.519,0.0368,19.0,144.0,69.69,0,0.8861,1,0.0
300,10.0,1,mask,,-0.5542,-0.2574,,0.6779,,,,,119,1.0,0.5097,0.0282,21.0,161.0,68.95,0,0.8981,1,0.0
301,10.0333,1,mask,,-0.6438,-0.2427,,0.4406,,,,,119,0.9917,0.5025,0.0178,21.0,161.0,70.71,0,0.897,1,0.0
302,10.0667,1,mask,,-0.6521,-0.3517,,-3.271,,,,,118,0.9916,0.5054,0.0206,21.0,161.0,70.45,0,0.8964,1,0.0
303,10.1,1,mask,,-0.7583,-0.454,,-3.0669,,,,,114,0.9913,0.5051,0.0231,20.0,162.0,71.22,0,0.8964,1,0.0
304,10.1333,1,mask,,-0.734,-0.5233,,-2.081,,,,,115,0.9914,0.5074,0.0228,20.0,162.0,70.97,0,0.8959,1,0.0
305,10.1667,1,mask,,-0.6773,-0.5772,,-1.6166,,,,,115,0.9914,0.5223,0.0226,20.0,161.0,70.68,0,0.893,1,0.0
306,10.2,1,mask,,-0.5783,-0.6122,,-1.0508,,,,,123,1.0,0.5512,0.0192,21.0,161.0,70.05,0,0.8898,1,0.0
307,10.2333,1,mask,,-0.6497,-0.635,,-0.683,,,,,118,0.9752,0.5417,0.0204,21.0,162.0,70.71,0,0.8842,1,0.0
308,10.2667,1,mask,,-0.5791,-0.6402,,-0.1546,,,,,122,1.0,0.6201,0.0175,21.0,162.0,70.7,0,0.876,1,0.0
309,10.3,1,mask,,-0.5141,-0.6188,,0.6409,,,,,120,0.9917,0.5944,0.0168,21.0,163.0,70.68,0,0.8786,1,0.0
310,10.3333,1,mask,,-0.5166,-0.6046,,0.4251,,,,,119,0.9835,0.6014,0.0176,21.0,163.0,70.46,0,0.8748,1,0.0
311,10.3667,1,mask,,-0.4459,-0.5738,,0.9246,,,,,122,1.0,0.5816,0.0159,21.0,164.0,70.49,0,0.8837,1,0.0
312,10.4,1,mask,,-0.6696,-0.5538,,0.601,,,,,113,0.9576,0.4175,0.0198,21.0,159.0,68.26,0,0.9038,1,0.0
313,10.4333,1,mask,,-0.5332,-0.5408,,0.3906,,,,,129,1.0,0.5905,0.0305,20.0,153.0,69.52,0,0.8819,1,0.0
314,10.4667,1,mask,,-0.4952,-0.5323,,0.2539,,,,,131,1.0,0.6087,0.0277,20.0,152.0,69.79,0,0.8783,1,0.0
315,10.5,1,mask,,-0.568,-0.5326,,-0.01,,,,,134,1.0,0.6231,0.026,20.0,158.0,69.25,0,0.8754,1,0.0
316,10.5333,1,mask,,-0.5009,-0.5328,,-0.0065,,,,,145,1.0,0.6203,0.0268,21.0,165.0,69.29,0,0.8759,1,0.0
317,10.5667,1,mask,,-0.5106,-0.525,,0.2336,,,,,142,1.0,0.5045,0.0249,20.0,159.0,68.84,0,0.8991,1,0.0
318,10.6,1,mask,,-0.6051,-0.52,,0.1519,,,,,146,1.0,0.601,0.0319,21.0,163.0,69.27,0,0.8798,1,0.0
319,10.6333,1,mask,,-0.2737,-0.5167,,0.0987,,,,,124,1.0,0.555,0.034,20.0,151.0,69.94,0,0.889,1,0.0
320,10.6667,1,mask,,-0.2521,-0.5112,,0.166,,,,,130,1.0,0.5691,0.0334,20.0,152.0,70.05,0,0.8862,1,0.0
321,10.7,1,mask,,-0.5392,-0.511,,0.006,,,,,148,1.0,0.5756,0.0372,21.0,159.0,70.68,0,0.8849,1,0.0
322,10.7333,1,mask,,-0.485,-0.5019,,0.2724,,,,,143,1.0,0.5916,0.0368,21.0,158.0,70.65,0,0.8817,1,0.0
323,10.7667,1,mask,,-0.4139,-0.4711,,0.924,,,,,150,1.0,0.5998,0.0381,21.0,159.0,70.55,0,0.88,1,0.0
324,10.8,1,mask,,-0.409,-0.4511,,0.6006,,,,,154,1.0,0.59,0.0332,21.0,161.0,68.37,0,0.882,1,0.0
325,10.8333,1,mask,,-0.3761,-0.438,,0.3904,,,,,157,1.0,0.5947,0.0327,21.0,171.0,68.4,0,0.8811,1,0.0
326,10.8667,1,mask,,-0.4261,-0.4296,,0.2537,,,,,153,1.0,0.569,0.0334,21.0,162.0,68.35,0,0.8862,1,0.0
327,10.9,1,mask,,-0.5497,-0.4241,,0.1649,,,,,152,0.9935,0.5504,0.0431,21.0,167.0,70.14,0,0.888,1,0.0
328,10.9333,1,mask,,-0.5509,-0.4248,,-0.0207,,,,,152,0.9935,0.5543,0.0416,21.0,167.0,70.39,0,0.8872,1,0.0
329,10.9667,1,mask,,-0.5618,-0.4685,,-1.3116,,,,,155,1.0,0.5856,0.0393,21.0,168.0,70.47,0,0.8829,1,0.0
330,11.0,1,mask,,-0.2961,-0.4969,,-0.8526,,,,,151,1.0,0.5439,0.0416,21.0,161.0,70.38,0,0.8912,1,0.0
331,11.0333,1,mask,,-0.367,-0.5154,,-0.5542,,,,,143,1.0,0.5535,0.0384,21.0,161.0,71.43,0,0.8893,1,0.0
332,11.0667,1,mask,,-0.3797,-0.4679,,1.425,,,,,140,1.0,0.526,0.0387,21.0,161.0,71.01,0,0.8948,1,0.0
333,11.1,1,mask,,-0.4055,-0.437,,0.9263,,,,,146,1.0,0.5297,0.0422,22.0,171.0,71.28,0,0.8941,1,0.0
334,11.1333,1,mask,,-0.4729,-0.4169,,0.6021,,,,,143,1.0,0.5452,0.0392,22.0,168.0,71.75,0,0.891,1,0.0
335,11.1667,1,mask,,-0.2203,-0.4039,,0.3913,,,,,134,0.9116,0.3922,0.0447,21.0,171.0,72.26,0,0.895,1,0.0
336,11.2,1,mask,,-0.582,-0.4044,,-0.0164,,,,,134,0.8993,0.3954,0.0358,21.0,160.0,66.91,0,0.8907,1,0.0
337,11.2333,1,mask,,-0.3519,-0.4048,,-0.0106,,,,,152,0.9806,0.4532,0.0414,21.0,165.0,69.66,0,0.9036,1,0.0
338,11.2667,1,mask,,-0.3271,-0.3863,,0.5556,,,,,136,0.9784,0.4709,0.0396,21.0,162.0,68.3,0,0.8993,1,0.0
339,11.3,1,mask,,-0.4171,-0.3742,,0.3611,,,,,139,0.9026,0.3823,0.0351,20.0,164.0,68.09,0,0.8943,1,0.0
340,11.3333,1,mask,,-0.3269,-0.3664,,0.2347,,,,,98,0.6405,0.1389,0.0467,20.0,164.0,67.83,0,0.8644,1,0.0
341,11.3667,1,mask,,-0.4449,-0.3613,,0.1526,,,,,157,1.0,0.4731,0.0336,21.0,169.0,68.21,0,0.9054,1,0.0
342,11.4,1,mask,,-0.5377,-0.3809,,-0.5855,,,,,160,1.0,0.5046,0.0375,21.0,173.0,67.1,0,0.8991,1,0.0
343,11.4333,1,mask,,-0.5449,-0.4033,,-0.6729,,,,,163,0.9939,0.5243,0.037,22.0,174.0,69.46,0,0.8933,1,0.0
344,11.4667,1,mask,,-0.6335,-0.4503,,-1.411,,,,,140,1.0,0.435,0.0348,21.0,171.0,69.85,0,0.913,1,0.0
345,11.5,1,mask,,-0.5518,-0.4834,,-0.993,,,,,160,0.9816,0.405,0.0344,22.0,174.0,67.89,0,0.9135,1,0.0
346,11.5333,1,mask,,-0.5832,-0.5074,,-0.7183,,,,,162,0.9818,0.3851,0.0345,22.0,174.0,67.39,0,0.9175,1,0.0
347,11.5667,1,mask,,-0.547,-0.5229,,-0.4669,,,,,162,0.9818,0.423,0.0342,22.0,175.0,65.67,0,0.9099,1,0.0
348,11.6,1,mask,,-0.6848,-0.544,,-0.6332,,,,,162,1.0,0.49,0.0348,22.0,176.0,65.67,0,0.902,1,0.0
349,11.6333,1,mask,,-0.6173,-0.5578,,-0.4116,,,,,148,1.0,0.5523,0.0241,21.0,160.0,64.67,0,0.8895,1,0.0
350,11.6667,1,mask,,-0.5769,-0.5667,,-0.2675,,,,,147,1.0,0.5343,0.0226,21.0,157.0,63.91,0,0.8931,1,0.0
351,11.7,1,mask,,-0.855,-0.5844,,-0.5312,,,,,160,1.0,0.4216,0.0285,22.0,171.0,64.16,0,0.9157,1,0.0
352,11.7333,1,mask,,-0.8608,-0.6195,,-1.0545,,,,,161,1.0,0.41,0.029,22.0,171.0,62.93,0,0.918,1,0.0
353,11.7667,1,mask,,-0.9039,-0.7019,,-2.4723,,,,,162,1.0,0.4548,0.0291,22.0,172.0,65.26,0,0.909,1,0.0
354,11.8,1,mask,,-0.9789,-0.7575,,-1.6677,,,,,160,1.0,0.591,0.0298,22.0,168.0,68.81,0,0.8818,1,0.0
355,11.8333,1,mask,,-0.8586,-0.7937,,-1.084,,,,,163,1.0,0.601,0.0302,22.0,177.0,68.18,0,0.8798,1,0.0
356,11.8667,1,mask,,-0.8774,-0.823,,-0.8795,,,,,163,1.0,0.6124,0.0308,22.0,172.0,68.88,0,0.8775,1,0.0
357,11.9,1,mask,,-0.78,-0.842,,-0.5717,,,,,147,1.0,0.3848,0.0271,21.0,159.0,70.88,0,0.923,1,0.0
358,11.9333,1,mask,,-0.8439,-0.8478,,-0.1743,,,,,149,1.0,0.4265,0.028,21.0,162.0,71.15,0,0.9147,1,0.0
359,11.9667,1,mask,,-0.8353,-0.8465,,0.0418,,,,,149,1.0,0.44,0.0352,21.0,162.0,71.01,0,0.912,1,0.0
360,12.0,1,mask,,-1.0784,-0.8455,,0.0271,,,,,153,1.0,0.5764,0.0334,22.0,175.0,68.78,0,0.8847,1,0.0
361,12.0333,1,mask,,-1.0293,-0.845,,0.0176,,,,,156,1.0,0.5541,0.0323,22.0,175.0,69.8,0,0.8892,1,0.0
362,12.0667,1,mask,,-1.0519,-0.9095,,-1.936,,,,,152,1.0,0.5203,0.032,22.0,176.0,69.98,0,0.8959,1,0.0
363,12.1,1,mask,,-1.1829,-0.9593,,-1.4953,,,,,163,0.9819,0.4582,0.0378,22.0,179.0,70.04,0,0.9029,1,0.0
364,12.1333,1,mask,,-1.1664,-1.001,,-1.2499,,,,,163,0.9879,0.4679,0.0366,22.0,179.0,68.39,0,0.9028,1,0.0
365,12.1667,1,mask,,-1.1455,-1.0516,,-1.5172,,,,,162,0.9939,0.4953,0.0358,22.0,180.0,61.57,0,0.8991,1,0.0
366,12.2,1,mask,,-1.1457,-1.0845,,-0.9879,,,,,155,1.0,0.4836,0.0306,22.0,181.0,55.85,0,0.9033,1,0.0
367,12.2333,1,mask,,-1.1732,-1.1132,,-0.8597,,,,,154,1.0,0.4809,0.031,22.0,179.0,56.53,0,0.9038,1,0.0
368,12.2667,1,mask,,-1.1254,-1.1245,,-0.3412,,,,,151,0.9869,0.4616,0.0352,22.0,179.0,57.1,0,0.9038,1,0.0
369,12.3,1,mask,,-1.2175,-1.1319,,-0.2218,,,,,149,0.9675,0.4429,0.0369,23.0,178.0,56.61,0,0.9017,1,0.0
370,12.3333,1,mask,,-1.2171,-1.1464,,-0.4331,,,,,158,0.9814,0.526,0.0342,23.0,180.0,56.88,0,0.8892,1,0.0
371,12.3667,1,mask,,-1.1757,-1.1566,,-0.3084,,,,,164,1.0,0.6004,0.034,23.0,183.0,57.18,0,0.8799,1,0.0
372,12.4,1,mask,,-1.0975,-1.1633,,-0.2005,,,,,171,1.0,0.5111,0.0304,22.0,181.0,66.23,0,0.8978,1,0.0
373,12.4333,1,mask,,-1.1377,-1.1677,,-0.1303,,,,,170,1.0,0.4964,0.0324,22.0,180.0,45.61,0,0.9007,1,0.0
374,12.4667,1,mask,,-1.1119,-1.1572,,0.3146,,,,,169,0.9941,0.477,0.0316,22.0,179.0,48.64,0,0.9028,1,0.0
375,12.5,1,mask,,-0.9448,-1.1414,,0.475,,,,,168,0.9825,0.5014,0.0316,22.0,181.0,44.97,0,0.8945,1,0.0
376,12.5333,1,mask,,-0.9366,-1.126,,0.4603,,,,,171,0.9716,0.4433,0.0323,22.0,183.0,44.47,0,0.9028,1,0.0
377,12.5667,1,mask,,-0.8752,-1.0626,,1.9028,,,,,170,0.9714,0.4356,0.0301,22.0,182.0,45.22,0,0.9043,1,0.0
378,12.6,1,mask,,-0.9966,-1.0214,,1.2368,,,,,173,0.9943,0.5575,0.0261,23.0,185.0,41.28,0,0.8868,1,0.0
379,12.6333,1,mask,,-0.9328,-0.9917,,0.8897,,,,,171,1.0,0.5404,0.0268,22.0,185.0,41.7,0,0.8919,1,0.0
380,12.6667,1,mask,,-0.9873,-0.9724,,0.5783,,,,,170,1.0,0.4804,0.024,22.0,185.0,42.08,0,0.9039,1,0.0
381,12.7,1,mask,,-0.9981,-0.9776,,-0.1565,,,,,177,0.9725,0.4122,0.0301,23.0,190.0,40.64,0,0.9093,1,0.0
382,12.7333,0,,no_mask,,,,,,,,,0,0.0,,,,,,0,0.0,1,0.0
383,12.7667,0,,no_mask,,,,,,,,,0,0.0,,,,,,0,0.0,1,0.0
384,12.8,0,,no_mask,,,,,,,,,0,0.0,,,,,,0,0.0,1,0.0
385,12.8333,1,mask,,-0.995,-0.9843,,,,,,,167,0.9598,0.3417,0.0292,22.0,186.0,40.37,0,0.9196,1,0.0
386,12.8667,1,mask,,-1.111,-1.0083,,-0.722,,,,,177,0.9944,0.4688,0.0251,22.0,190.0,40.06,0,0.9046,1,0.0
387,12.9,1,mask,,-1.0398,-1.0194,,-0.3307,,,,,178,0.9834,0.441,0.0252,22.0,191.0,38.83,0,0.9068,1,0.0
388,12.9333,1,mask,,-1.0717,-1.0321,,-0.3824,,,,,177,0.9833,0.4489,0.0242,22.0,189.0,37.58,0,0.9052,1,0.0
389,12.9667,1,mask,,-0.9739,-1.0348,,-0.0811,,,,,179,0.9835,0.4616,0.0255,22.0,195.0,38.04,0,0.9027,1,0.0
390,13.0,1,mask,,-1.1029,-1.0477,,-0.3877,,,,,188,1.0,0.5076,0.0287,22.0,198.0,33.24,0,0.8985,1,0.0
391,13.0333,1,mask,,-1.1256,-1.0561,,-0.252,,,,,187,1.0,0.5127,0.0275,22.0,198.0,32.66,0,0.8975,1,0.0
392,13.0667,1,mask,,-1.0772,-1.0635,,-0.2216,,,,,176,1.0,0.5304,0.0274,22.0,196.0,32.3,0,0.8939,1,0.0
393,13.1,1,mask,,-1.0959,-1.0748,,-0.3396,,,,,184,0.9946,0.5122,0.0272,22.0,198.0,28.74,0,0.8959,1,0.0
394,13.1333,1,mask,,-1.1348,-1.0847,,-0.2945,,,,,190,1.0,0.5889,0.0232,22.0,203.0,30.0,0,0.8822,1,0.0
395,13.1667,1,mask,,-1.1333,-1.099,,-0.4303,,,,,190,1.0,0.5913,0.0234,22.0,203.0,30.96,0,0.8817,1,0.0
396,13.2,1,mask,,-1.182,-1.111,,-0.3597,,,,,179,1.0,0.6128,0.0255,22.0,196.0,26.23,0,0.8774,1,0.0
397,13.2333,1,mask,,-1.1137,-1.1188,,-0.2338,,,,,188,1.0,0.6313,0.0258,22.0,203.0,26.51,0,0.8737,1,0.0
398,13.2667,1,mask,,-1.0893,-1.1238,,-0.152,,,,,193,1.0,0.6396,0.0255,22.0,205.0,28.12,0,0.8721,1,0.0
399,13.3,1,mask,,-1.0844,-1.1203,,0.1067,,,,,190,1.0,0.6549,0.0221,22.0,201.0,29.17,0,0.869,1,0.0
400,13.3333,1,mask,,-0.9695,-1.1094,,0.3255,,,,,192,1.0,0.5889,0.0207,21.0,202.0,30.13,0,0.8822,1,0.0
401,13.3667,1,mask,,-0.9896,-1.1007,,0.263,,,,,193,0.9948,0.5858,0.0147,20.0,203.0,31.44,0,0.8813,1,0.0
402,13.4,1,mask,,-0.8842,-1.0618,,1.1665,,,,,123,0.644,0.2045,0.0173,20.0,200.0,31.02,0,0.8523,1,0.0
403,13.4333,1,mask,,-0.9388,-1.0295,,0.9686,,,,,165,0.8549,0.4628,0.0138,21.0,202.0,28.25,0,0.8639,1,0.0
404,13.4667,1,mask,,-0.8795,-0.9978,,0.952,,,,,180,0.9,0.4871,0.017,21.0,203.0,30.87,0,0.8726,1,0.0
405,13.5,1,mask,,-0.8498,-0.958,,1.192,,,,,184,0.9154,0.4864,0.017,21.0,203.0,32.7,0,0.8773,1,0.0
406,13.5333,1,mask,,-0.8287,-0.9305,,0.8249,,,,,194,0.9749,0.5527,0.0144,21.0,204.0,34.03,0,0.8819,1,0.0
407,13.5667,1,mask,,-0.8624,-0.9067,,0.7154,,,,,148,0.7437,0.2967,0.0186,20.0,204.0,34.97,0,0.8638,1,0.0
408,13.6,1,mask,,-1.0365,-0.8912,,0.465,,,,,195,0.9848,0.4926,0.0123,21.0,206.0,32.55,0,0.8969,1,0.0
409,13.6333,1,mask,,-1.0372,-0.8811,,0.3023,,,,,195,0.9898,0.4908,0.0111,21.0,205.0,33.88,0,0.8988,1,0.0
410,13.6667,1,mask,,-1.0401,-0.9355,,-1.6316,,,,,195,0.9898,0.4976,0.0117,21.0,205.0,33.94,0,0.8974,1,0.0
411,13.7,1,mask,,-0.9879,-0.9709,,-1.0606,,,,,197,0.9899,0.4868,0.0128,21.0,206.0,33.68,0,0.8996,1,0.0
412,13.7333,1,mask,,-1.0316,-0.9938,,-0.6894,,,,,197,0.985,0.4625,0.0106,21.0,206.0,33.58,0,0.903,1,0.0
413,13.7667,1,mask,,-1.0447,-1.009,,-0.4551,,,,,197,0.985,0.4862,0.0098,21.0,206.0,29.69,0,0.8983,1,0.0
414,13.8,1,mask,,-0.9404,-1.0169,,-0.2378,,,,,194,0.9652,0.3935,0.0101,21.0,205.0,30.0,0,0.9109,1,0.0
415,13.8333,1,mask,,-1.0488,-1.0221,,-0.1546,,,,,196,0.9899,0.4966,0.008,21.0,204.0,33.9,0,0.8976,1,0.0
416,13.8667,1,mask,,-1.0333,-1.026,,-0.1177,,,,,183,0.9242,0.4334,0.0094,21.0,204.0,33.93,0,0.8906,1,0.0
417,13.9,1,mask,,-1.1047,-1.0326,,-0.1965,,,,,196,0.9899,0.4953,0.0068,21.0,202.0,33.74,0,0.8979,1,0.0
418,13.9333,1,mask,,-1.0867,-1.0382,,-0.1707,,,,,196,1.0,0.5503,0.0057,21.0,203.0,33.79,0,0.8899,1,0.0
419,13.9667,1,mask,,-1.0787,-1.0524,,-0.4251,,,,,192,0.9948,0.5945,0.0047,20.0,203.0,34.36,0,0.8795,1,0.0
420,14.0,1,mask,,-1.0926,-1.0644,,-0.3599,,,,,140,0.7107,0.2898,0.0092,20.0,204.0,29.28,0,0.8552,1,0.0
421,14.0333,1,mask,,-1.1553,-1.0743,,-0.2957,,,,,195,1.0,0.6489,0.0053,21.0,203.0,34.0,0,0.8702,1,0.0
422,14.0667,1,mask,,-1.1883,-1.0807,,-0.1922,,,,,194,1.0,0.6981,0.0045,21.0,202.0,33.71,0,0.8604,1,0.0
423,14.1,1,mask,,-1.1574,-1.1068,,-0.7835,,,,,190,1.0,0.7026,0.0042,20.0,203.0,33.61,0,0.8595,1,0.0
424,14.1333,1,mask,,-1.2507,-1.1245,,-0.5317,,,,,191,1.0,0.7551,0.0027,20.0,204.0,32.66,0,0.849,1,0.0
425,14.1667,1,mask,,-1.2258,-1.1468,,-0.6697,,,,,192,1.0,0.7809,0.0022,20.0,205.0,29.96,0,0.8438,1,0.0
426,14.2,1,mask,,-1.1863,-1.1613,,-0.4353,,,,,193,1.0,0.7695,0.001,20.0,207.0,29.91,0,0.8461,1,0.0
427,14.2333,1,mask,,-1.1859,-1.1701,,-0.2618,,,,,196,1.0,0.7841,0.0021,21.0,207.0,32.76,0,0.8432,1,0.0
428,14.2667,1,mask,,-1.1771,-1.1757,,-0.1702,,,,,196,1.0,0.8205,0.001,21.0,207.0,31.1,0,0.8359,1,0.0
429,14.3,1,mask,,-1.2707,-1.1794,,-0.1106,,,,,199,1.0,0.7244,0.0019,21.0,207.0,31.11,0,0.8551,1,0.0
430,14.3333,1,mask,,-1.3266,-1.1818,,-0.0719,,,,,198,1.0,0.7986,0.0034,21.0,207.0,29.17,0,0.8403,1,0.0
431,14.3667,1,mask,,-1.3842,-1.2129,,-0.9331,,,,,199,1.0,0.7773,0.0057,21.0,208.0,31.22,0,0.8445,1,0.0
432,14.4,1,mask,,-1.3697,-1.2527,,-1.1931,,,,,194,1.0,0.7526,0.0071,20.0,208.0,27.07,0,0.8495,1,0.0
433,14.4333,1,mask,,-1.3472,-1.2858,,-0.9918,,,,,199,1.0,0.7509,0.0077,20.0,209.0,27.58,0,0.8498,1,0.0
434,14.4667,1,mask,,-1.3029,-1.3073,,-0.6447,,,,,201,1.0,0.7379,0.0067,20.0,210.0,27.82,0,0.8524,1,0.0
435,14.5,1,mask,,-1.236,-1.3212,,-0.419,,,,,200,1.0,0.7159,0.0005,20.0,210.0,31.37,0,0.8568,1,0.0
436,14.5333,1,mask,,-1.3904,-1.3303,,-0.2724,,,,,200,1.0,0.8081,0.0051,20.0,211.0,27.24,0,0.8384,1,0.0
437,14.5667,1,mask,,-1.3311,-1.3306,,-0.0082,,,,,179,0.8905,0.6362,0.0031,20.0,211.0,27.27,0,0.8399,1,0.0
438,14.6,1,mask,,-1.3656,-1.3308,,-0.0053,,,,,200,1.0,0.8076,0.0043,20.0,212.0,27.81,0,0.8385,1,0.0
439,14.6333,1,mask,,-1.3414,-1.3345,,-0.112,,,,,203,1.0,0.8203,0.0039,20.0,212.0,28.36,0,0.8359,1,0.0
440,14.6667,1,mask,,-1.3989,-1.3454,,-0.3264,,,,,198,1.0,0.8914,0.0002,20.0,213.0,30.04,0,0.8217,1,0.0
441,14.7,1,mask,,-0.922,-1.344,,0.0414,,,,,162,0.871,0.591,0.0049,21.0,171.0,35.59,0,0.8431,1,0.0
442,14.7333,1,mask,,-0.8789,-1.3431,,0.0269,,,,,160,0.8791,0.5884,0.0058,21.0,170.0,36.33,0,0.846,1,0.0
443,14.7667,1,mask,,-0.6229,-1.1957,,4.421,,,,,138,0.7582,0.3647,0.0085,21.0,157.0,29.85,0,0.8545,1,0.0
444,14.8,1,mask,,-0.9249,-1.0999,,2.8737,,,,,158,0.9133,0.5949,0.0007,20.0,169.0,37.41,0,0.855,1,0.0
445,14.8333,1,mask,,-0.8066,-1.0226,,2.3205,,,,,153,0.8947,0.5567,0.0021,20.0,164.0,40.0,0,0.8571,1,0.0
446,14.8667,1,mask,,-0.3879,-0.947,,2.2676,,,,,123,0.7365,0.2513,0.0135,20.0,146.0,39.78,0,0.8707,1,0.0
447,14.9,1,mask,,-0.9098,-0.8979,,1.4739,,,,,168,0.9545,0.6037,0.0016,20.0,179.0,33.59,0,0.8656,1,0.0
448,14.9333,1,mask,,-0.4321,-0.8659,,0.9581,,,,,131,0.7706,0.2577,0.0123,20.0,145.0,34.08,0,0.8796,1,0.0
449,14.9667,1,mask,,-0.4499,-0.7203,,4.3683,,,,,132,0.7586,0.2618,0.0121,20.0,146.0,33.88,0,0.8752,1,0.0
450,15.0,1,mask,,-1.4604,-0.6257,,2.8394,,,,,184,1.0,0.8762,0.002,21.0,194.0,34.44,0,0.8248,1,0.0
451,15.0333,1,mask,,-1.3677,-0.7251,,-2.9835,,,,,186,1.0,0.7233,0.0007,21.0,195.0,35.38,0,0.8553,1,0.0
452,15.0667,1,mask,,-1.3455,-0.9423,,-6.5145,,,,,186,1.0,0.7369,0.0014,21.0,195.0,34.81,0,0.8526,1,0.0
453,15.1,1,mask,,-1.3841,-1.0912,,-4.4675,,,,,185,1.0,0.7697,0.002,22.0,198.0,35.05,0,0.8461,1,0.0
454,15.1333,1,mask,,-1.3768,-1.1912,,-2.9994,,,,,202,1.0,0.7425,0.0,21.0,213.0,34.88,0,0.8515,1,0.0
455,15.1667,1,mask,,-1.386,-1.2562,,-1.9496,,,,,203,1.0,0.7233,0.0009,21.0,213.0,33.82,0,0.8553,1,0.0
456,15.2,1,mask,,-1.2784,-1.2984,,-1.2673,,,,,203,1.0,0.6644,0.0087,22.0,215.0,30.78,0,0.8671,1,0.0
457,15.2333,1,mask,,-1.2094,-1.3259,,-0.8237,,,,,204,1.0,0.6358,0.0094,22.0,216.0,31.07,0,0.8728,1,0.0
458,15.2667,1,mask,,-1.1734,-1.3093,,0.4979,,,,,205,1.0,0.6562,0.0099,22.0,217.0,29.8,0,0.8688,1,0.0
459,15.3,1,mask,,-1.1887,-1.2743,,1.0489,,,,,203,1.0,0.6611,0.0122,22.0,215.0,29.64,0,0.8678,1,0.0
460,15.3333,1,mask,,-1.4559,-1.2516,,0.6818,,,,,178,0.9468,0.8263,0.0054,21.0,213.0,30.56,0,0.8188,1,0.0
461,15.3667,1,mask,,-1.3039,-1.2368,,0.4431,,,,,176,0.9312,0.7721,0.009,21.0,215.0,30.52,0,0.8249,1,0.0
462,15.4,1,mask,,-1.171,-1.22,,0.5049,,,,,204,1.0,0.6066,0.01,21.0,215.0,29.32,0,0.8787,1,0.0
463,15.4333,1,mask,,-1.2098,-1.2164,,0.1072,,,,,209,1.0,0.6466,0.0074,22.0,216.0,29.42,0,0.8707,1,0.0
464,15.4667,1,mask,,-1.1396,-1.2141,,0.0697,,,,,210,1.0,0.61,0.0096,22.0,217.0,30.31,0,0.878,1,0.0
465,15.5,1,mask,,-1.3477,-1.2126,,0.0453,,,,,204,1.0,0.6842,0.0008,21.0,216.0,30.91,0,0.8632,1,0.0
466,15.5333,1,mask,,-0.6677,-1.198,,0.4369,,,,,116,0.7073,0.2607,0.0008,21.0,146.0,29.97,0,0.8601,1,0.0
467,15.5667,1,mask,,-0.924,-1.1775,,0.6135,,,,,146,0.869,0.4554,0.0026,21.0,160.0,31.42,0,0.8696,1,0.0
468,15.6,1,mask,,-1.2012,-1.1643,,0.3988,,,,,180,0.9045,0.5733,0.0032,21.0,215.0,28.88,0,0.8567,1,0.0
469,15.6333,1,mask,,-1.2328,-1.1772,,-0.3881,,,,,177,0.9833,0.6442,0.0066,21.0,215.0,29.46,0,0.8662,1,0.0
470,15.6667,1,mask,,-1.3279,-1.1856,,-0.2522,,,,,188,0.9947,0.6657,0.0043,21.0,214.0,29.34,0,0.8653,1,0.0
471,15.7,1,mask,,-1.2494,-1.2021,,-0.496,,,,,185,1.0,0.624,0.0025,21.0,214.0,29.91,0,0.8752,1,0.0
472,15.7333,1,mask,,-0.6465,-1.2129,,-0.3224,,,,,131,0.8397,0.3554,0.0004,21.0,147.0,28.86,0,0.8808,1,0.0
473,15.7667,1,mask,,-0.5304,-1.2199,,-0.2096,,,,,111,0.707,0.2367,0.0124,20.0,138.0,29.27,0,0.8648,1,0.0
474,15.8,1,mask,,-0.6571,-1.0229,,5.9091,,,,,183,0.9015,0.4081,0.0032,21.0,213.0,28.7,0,0.8888,1,0.0
475,15.8333,1,mask,,-0.7155,-0.8949,,3.8409,,,,,199,0.9755,0.4183,0.0012,21.0,214.0,28.91,0,0.909,1,0.0
476,15.8667,1,mask,,-0.4537,-0.8079,,2.6076,,,,,178,0.8683,0.36,0.0081,21.0,215.0,28.57,0,0.8885,1,0.0
477,15.9,1,mask,,-0.756,-0.7552,,1.5839,,,,,176,0.9565,0.4396,0.0057,21.0,194.0,28.81,0,0.899,1,0.0
478,15.9333,1,mask,,-0.6959,-0.7344,,0.6222,,,,,177,1.0,0.4397,0.0036,21.0,186.0,28.28,0,0.9121,1,0.0
479,15.9667,1,mask,,-0.7397,-0.7278,,0.1986,,,,,178,0.9889,0.4204,0.0074,21.0,190.0,28.77,0,0.9126,1,0.0
480,16.0,1,mask,,-0.4274,-0.7166,,0.3349,,,,,153,0.8693,0.2971,0.014,21.0,185.0,27.84,0,0.9014,1,0.0
481,16.0333,1,mask,,-0.404,-0.7094,,0.2177,,,,,142,0.8304,0.2576,0.0142,21.0,180.0,27.16,0,0.8976,1,0.0
482,16.0667,1,mask,,-0.3173,-0.6107,,2.9606,,,,,154,0.7778,0.2975,0.0091,21.0,191.0,27.63,0,0.8738,1,0.0
483,16.1,1,mask,,-0.1441,-0.5384,,2.1699,,,,,118,0.6178,0.1594,0.0019,21.0,174.0,27.21,0,0.8535,1,0.0
484,16.1333,1,mask,,-0.2393,-0.461,,2.3215,,,,,141,0.8294,0.1855,0.0092,21.0,175.0,26.27,0,0.9117,1,0.0
485,16.1667,1,mask,,0.0,-0.3834,,2.3277,,,,,115,0.599,0.0,0.0,21.0,139.0,26.77,0,0.8797,1,0.0
486,16.2,1,mask,,0.0,-0.2996,,2.5128,,,,,91,0.5141,0.0,0.0,21.0,170.0,26.23,0,0.8542,1,0.0
487,16.2333,0,,no_mask,,,,,,,,,0,0.0,,,,,,0,0.0,1,0.0
488,16.2667,0,,no_mask,,,,,,,,,0,0.0,,,,,,0,0.0,1,0.0
489,16.3,0,,no_mask,,,,,,,,,0,0.0,,,,,,0,0.0,1,0.0
490,16.3333,1,mask,,-0.1411,-0.2194,,,,,,,156,0.9811,0.4166,0.0072,22.0,172.0,26.72,0,0.911,1,0.0
491,16.3667,1,mask,,0.1623,-0.1389,,2.4156,,,,,171,0.9716,0.4569,0.0101,21.0,187.0,27.24,0,0.9001,1,0.0
492,16.4,1,mask,,0.283,-0.0335,,3.163,,,,,151,1.0,0.4391,0.0099,20.0,173.0,28.4,0,0.9122,1,0.0
493,16.4333,1,mask,,0.2243,0.0459,,2.3813,,,,,153,0.9808,0.3997,0.0091,20.0,176.0,27.73,0,0.9143,1,0.0
494,16.4667,1,mask,,-0.0547,0.0866,,1.2225,,,,,162,1.0,0.5142,0.0057,21.0,170.0,27.27,0,0.8972,1,0.0
495,16.5,1,mask,,-0.0837,0.1131,,0.7946,,,,,158,1.0,0.5151,0.0051,21.0,167.0,27.1,0,0.897,1,0.0
496,16.5333,1,mask,,0.1782,0.1359,,0.6833,,,,,145,0.9864,0.408,0.0076,20.0,168.0,28.19,0,0.9143,1,0.0
497,16.5667,1,mask,,-0.1292,0.0692,,-2.0009,,,,,158,1.0,0.5225,0.0021,21.0,165.0,28.06,0,0.8955,1,0.0
498,16.6,1,mask,,-0.1961,0.0157,,-1.6057,,,,,152,0.9682,0.4871,0.0071,21.0,165.0,30.93,0,0.893,1,0.0
499,16.6333,1,mask,,-0.2049,-0.035,,-1.5211,,,,,151,0.9742,0.5099,0.0069,21.0,162.0,31.57,0,0.8903,1,0.0
500,16.6667,1,mask,,-0.16,-0.0788,,-1.3125,,,,,156,1.0,0.5699,0.0072,21.0,163.0,31.88,0,0.886,1,0.0
501,16.7,1,mask,,-0.1652,-0.109,,-0.9071,,,,,155,1.0,0.5874,0.0073,21.0,162.0,33.03,0,0.8825,1,0.0
502,16.7333,1,mask,,-0.1665,-0.1291,,-0.6038,,,,,156,1.0,0.5786,0.0072,21.0,163.0,31.99,0,0.8843,1,0.0
503,16.7667,1,mask,,-0.0612,-0.1418,,-0.3783,,,,,152,1.0,0.5572,0.0,21.0,160.0,33.02,0,0.8886,1,0.0
504,16.8,1,mask,,-0.1071,-0.1482,,-0.1919,,,,,158,1.0,0.593,0.0,21.0,166.0,29.59,0,0.8814,1,0.0
505,16.8333,1,mask,,-0.0955,-0.1338,,0.4315,,,,,159,1.0,0.5788,0.0,21.0,166.0,29.82,0,0.8842,1,0.0
506,16.8667,1,mask,,-0.149,-0.1244,,0.2805,,,,,159,1.0,0.5801,0.0,21.0,166.0,30.57,0,0.884,1,0.0
507,16.9,1,mask,,-0.1244,-0.1183,,0.1823,,,,,162,1.0,0.5545,0.0074,21.0,171.0,29.68,0,0.8891,1,0.0
508,16.9333,1,mask,,-0.0577,-0.1144,,0.1185,,,,,158,1.0,0.5518,0.0021,21.0,170.0,29.41,0,0.8896,1,0.0
509,16.9667,1,mask,,0.0138,-0.1078,,0.1984,,,,,160,1.0,0.5433,0.0,21.0,173.0,29.64,0,0.8913,1,0.0
510,17.0,1,mask,,-0.0,-0.0903,,0.5257,,,,,84,0.5638,0.0,0.0,21.0,165.0,30.37,0,0.8691,1,0.0
511,17.0333,1,mask,,0.0,-0.0587,,0.9477,,,,,80,0.5405,0.0,0.0,21.0,164.0,31.28,0,0.8622,1,0.0
512,17.0667,0,,no_mask,,,,,,,,,0,0.0,,,,,,0,0.0,1,0.0
513,17.1,0,,no_mask,,,,,,,,,0,0.0,,,,,,0,0.0,1,0.0
514,17.1333,0,,no_mask,,,,,,,,,0,0.0,,,,,,0,0.0,1,0.0
515,17.1667,1,mask,,-0.052,-0.0472,,,,,,,165,1.0,0.5636,0.0083,22.0,174.0,31.71,0,0.8873,1,0.0
516,17.2,1,mask,,0.4452,0.0381,,2.56,,,,,160,1.0,0.4923,0.0047,21.0,177.0,30.46,0,0.9015,1,0.0
517,17.2333,1,mask,,0.4017,0.1654,,3.818,,,,,153,1.0,0.5531,0.0133,21.0,165.0,29.83,0,0.8894,1,0.0
518,17.2667,1,mask,,0.3936,0.2467,,2.4391,,,,,151,1.0,0.5993,0.0149,21.0,165.0,30.26,0,0.8801,1,0.0
519,17.3,1,mask,,0.3797,0.2981,,1.5428,,,,,150,1.0,0.577,0.0133,21.0,165.0,29.79,0,0.8846,1,0.0
520,17.3333,1,mask,,0.5249,0.3344,,1.0881,,,,,147,1.0,0.6211,0.017,21.0,160.0,31.33,0,0.8758,1,0.0
521,17.3667,1,mask,,0.4205,0.3579,,0.7072,,,,,146,1.0,0.5872,0.014,21.0,159.0,32.68,0,0.8826,1,0.0
522,17.4,1,mask,,0.6442,0.3798,,0.6569,,,,,138,0.9718,0.551,0.0173,21.0,157.0,32.73,0,0.8814,1,0.0
523,17.4333,1,mask,,0.5535,0.4306,,1.5234,,,,,144,1.0,0.5843,0.0109,22.0,156.0,32.9,0,0.8831,1,0.0
524,17.4667,1,mask,,0.5424,0.4697,,1.1739,,,,,140,1.0,0.5098,0.0139,21.0,158.0,32.25,0,0.898,1,0.0
525,17.5,1,mask,,0.5791,0.4991,,0.8799,,,,,143,1.0,0.5829,0.0201,22.0,155.0,32.25,0,0.8834,1,0.0
526,17.5333,1,mask,,0.5651,0.5222,,0.693,,,,,144,1.0,0.5946,0.0206,21.5,156.0,32.1,0,0.8811,1,0.0
527,17.5667,1,mask,,0.5554,0.5338,,0.3495,,,,,143,1.0,0.5789,0.0197,22.0,155.0,32.61,0,0.8842,1,0.0
528,17.6,1,mask,,1.2416,0.5448,,0.3282,,,,,120,0.8759,0.3998,0.0074,21.0,124.0,29.89,0,0.8828,1,0.0
529,17.6333,1,mask,,1.1945,0.5568,,0.3605,,,,,122,0.9104,0.4148,0.0069,21.0,123.0,30.28,0,0.8902,1,0.0
530,17.6667,1,mask,,1.5115,0.78,,6.6966,,,,,99,0.7279,0.2482,0.0011,21.0,116.0,30.32,0,0.8687,1,0.0
531,17.7,1,mask,,1.3783,0.9416,,4.8469,,,,,96,0.6906,0.2227,0.0031,20.5,117.0,30.58,0,0.8627,1,0.0
532,17.7333,1,mask,,1.3319,1.0782,,4.0981,,,,,96,0.6957,0.2359,0.0029,20.0,114.0,29.96,0,0.8615,1,0.0
533,17.7667,1,mask,,1.4359,1.1832,,3.1515,,,,,112,0.8116,0.3612,0.0044,21.0,117.0,29.9,0,0.8712,1,0.0
534,17.8,1,mask,,1.3186,1.2515,,2.0485,,,,,125,0.8562,0.3352,0.0121,21.0,127.0,32.8,0,0.8898,1,0.0
535,17.8333,1,mask,,0.9939,1.2796,,0.8438,,,,,127,0.9007,0.4149,0.0026,21.0,150.0,31.67,0,0.8872,1,0.0
536,17.8667,1,mask,,0.9999,1.2933,,0.4094,,,,,124,0.9394,0.4504,0.006,21.0,146.0,33.84,0,0.8917,1,0.0
537,17.9,1,mask,,0.9748,1.1906,,-3.0804,,,,,130,0.963,0.4413,0.001,21.0,147.0,33.42,0,0.9006,1,0.0
538,17.9333,1,mask,,0.8932,1.1218,,-2.0647,,,,,119,0.8947,0.3706,0.001,21.0,140.0,33.37,0,0.8943,1,0.0
539,17.9667,1,mask,,0.8613,1.0703,,-1.543,,,,,124,0.9118,0.3831,0.0009,22.0,139.0,31.59,0,0.8969,1,0.0
540,18.0,1,mask,,0.7153,1.0083,,-1.8597,,,,,119,0.952,0.3731,0.0057,21.0,141.0,28.75,0,0.911,1,0.0
541,18.0333,1,mask,,0.6944,0.9569,,-1.5437,,,,,127,1.0,0.4934,0.0073,21.0,142.0,31.2,0,0.9013,1,0.0
542,18.0667,1,mask,,0.8618,0.9234,,-1.0034,,,,,112,0.875,0.33,0.0025,21.0,143.0,31.09,0,0.8965,1,0.0
543,18.1,1,mask,,0.944,0.9017,,-0.6522,,,,,93,0.7154,0.1855,0.0086,21.0,145.0,32.16,0,0.8775,1,0.0
544,18.1333,1,mask,,0.7684,0.855,,-1.3994,,,,,121,0.9308,0.3674,0.0082,21.0,143.0,32.38,0,0.9058,1,0.0
545,18.1667,1,mask,,0.7796,0.8286,,-0.7923,,,,,121,0.9308,0.3833,0.0077,21.0,143.0,31.37,0,0.9026,1,0.0
546,18.2,1,mask,,0.6771,0.8115,,-0.515,,,,,136,1.0,0.4897,0.0107,22.0,142.0,30.72,0,0.9021,1,0.0
547,18.2333,1,mask,,0.7288,0.7964,,-0.452,,,,,135,0.9926,0.494,0.0087,22.0,141.0,32.86,0,0.899,1,0.0
548,18.2667,1,mask,,0.7283,0.7727,,-0.7097,,,,,135,0.9926,0.5163,0.0088,22.0,141.0,32.93,0,0.8945,1,0.0
549,18.3,1,mask,,0.702,0.7572,,-0.4666,,,,,136,1.0,0.4841,0.0079,22.0,141.0,33.14,0,0.9032,1,0.0
550,18.3333,1,mask,,0.7408,0.7471,,-0.3033,,,,,135,1.0,0.475,0.0073,22.0,140.0,33.7,0,0.905,1,0.0
551,18.3667,1,mask,,0.7898,0.7407,,-0.1918,,,,,134,1.0,0.4789,0.0079,22.0,141.0,32.91,0,0.9042,1,0.0
552,18.4,1,mask,,0.991,0.7407,,0.0009,,,,,130,1.0,0.5162,0.0129,22.0,139.0,28.58,0,0.8968,1,0.0
553,18.4333,1,mask,,1.0476,0.7579,,0.5154,,,,,133,1.0,0.5777,0.0121,21.0,144.0,29.57,0,0.8845,1,0.0
554,18.4667,1,mask,,1.0049,0.8395,,2.4479,,,,,131,1.0,0.5596,0.0128,22.0,140.0,29.43,0,0.8881,1,0.0
555,18.5,1,mask,,1.0491,0.8974,,1.7367,,,,,132,1.0,0.5223,0.013,22.0,140.0,28.93,0,0.8955,1,0.0
556,18.5333,1,mask,,1.1221,0.95,,1.5773,,,,,136,1.0,0.4708,0.0099,22.0,143.0,29.42,0,0.9058,1,0.0
557,18.5667,1,mask,,1.0759,0.9847,,1.0411,,,,,134,1.0,0.535,0.0138,22.0,141.0,28.93,0,0.893,1,0.0
558,18.6,1,mask,,1.1677,1.0166,,0.9577,,,,,134,1.0,0.5252,0.0104,21.0,146.0,29.11,0,0.895,1,0.0
559,18.6333,1,mask,,1.1493,1.0535,,1.108,,,,,131,1.0,0.5235,0.0083,21.0,143.0,27.95,0,0.8953,1,0.0
560,18.6667,1,mask,,1.2523,1.087,,1.0055,,,,,133,1.0,0.5051,0.0097,21.0,145.0,27.58,0,0.899,1,0.0
561,18.7,1,mask,,1.2702,1.1153,,0.8469,,,,,134,1.0,0.4832,0.0105,21.0,146.0,27.57,0,0.9034,1,0.0
562,18.7333,1,mask,,1.2828,1.1632,,1.4391,,,,,137,1.0,0.3803,0.008,22.0,143.0,27.65,0,0.9239,1,0.0
563,18.7667,0,,no_mask,,,,,,,,,0,0.0,,,,,,0,0.0,1,0.0
564,18.8,0,,no_mask,,,,,,,,,0,0.0,,,,,,0,0.0,1,0.0
565,18.8333,0,,no_mask,,,,,,,,,0,0.0,,,,,,0,0.0,1,0.0
566,18.8667,1,mask,,1.2328,1.1963,,,,,,,126,1.0,0.456,0.0012,21.0,139.0,28.77,0,0.9088,1,0.0
567,18.9,1,mask,,1.3409,1.228,,0.9504,,,,,128,0.9922,0.4207,0.0026,21.0,140.0,28.82,0,0.9135,1,0.0
568,18.9333,1,mask,,1.3683,1.2675,,1.1856,,,,,128,1.0,0.4137,0.0006,21.0,139.0,28.95,0,0.9173,1,0.0
569,18.9667,1,mask,,1.3546,1.2956,,0.8424,,,,,129,1.0,0.4591,0.0013,21.0,140.0,28.81,0,0.9082,1,0.0
570,19.0,1,mask,,1.1237,1.3115,,0.4758,,,,,117,0.9141,0.3947,0.0029,21.0,140.0,30.19,0,0.8953,1,0.0
571,19.0333,1,mask,,1.2965,1.3218,,0.3093,,,,,129,1.0,0.5156,0.0033,21.0,140.0,30.63,0,0.8969,1,0.0
572,19.0667,1,mask,,1.1964,1.3129,,-0.2655,,,,,123,0.9609,0.4562,0.0029,21.0,140.0,30.87,0,0.8971,1,0.0
573,19.1,1,mask,,1.4097,1.3072,,-0.1726,,,,,128,1.0,0.5556,0.0027,21.0,140.0,31.21,0,0.8889,1,0.0
574,19.1333,1,mask,,1.3668,1.3034,,-0.1122,,,,,129,1.0,0.5245,0.0023,21.0,140.0,32.02,0,0.8951,1,0.0
575,19.1667,1,mask,,1.2081,1.301,,-0.0729,,,,,129,1.0,0.5812,0.0067,21.0,140.0,31.36,0,0.8838,1,0.0
576,19.2,1,mask,,1.3732,1.324,,0.6903,,,,,127,1.0,0.589,0.0126,21.0,139.0,30.66,0,0.8822,1,0.0
577,19.2333,1,mask,,1.2977,1.339,,0.4487,,,,,128,1.0,0.5874,0.0093,21.0,141.0,29.97,0,0.8825,1,0.0
578,19.2667,1,mask,,1.0485,1.3245,,-0.4332,,,,,116,0.9062,0.4238,0.0121,21.0,141.0,30.43,0,0.8871,1,0.0
579,19.3,1,mask,,1.0734,1.2838,,-1.2227,,,,,117,0.9,0.3394,0.0101,21.0,141.0,29.2,0,0.9021,1,0.0
580,19.3333,1,mask,,0.9799,1.2102,,-2.2085,,,,,125,0.9766,0.4002,0.0128,21.0,140.0,29.65,0,0.9129,1,0.0
581,19.3667,1,mask,,1.1423,1.1623,,-1.4355,,,,,113,0.8828,0.2908,0.0069,21.0,140.0,30.4,0,0.9067,1,0.0
582,19.4,1,mask,,1.0616,1.1271,,-1.0578,,,,,124,0.9688,0.422,0.0126,21.0,140.0,31.39,0,0.9062,1,0.0
583,19.4333,1,mask,,1.1611,1.1083,,-0.5629,,,,,126,0.9767,0.4629,0.0073,21.0,140.0,32.51,0,0.9004,1,0.0
584,19.4667,1,mask,,1.1049,1.1071,,-0.0353,,,,,123,0.9685,0.3957,0.0102,21.0,138.0,32.68,0,0.9114,1,0.0
585,19.5,1,mask,,1.1347,1.1168,,0.2895,,,,,128,1.0,0.4687,0.004,21.5,138.0,32.91,0,0.9063,1,0.0
586,19.5333,1,mask,,1.0224,1.1126,,-0.1243,,,,,108,0.8571,0.3165,0.0137,21.0,137.0,33.16,0,0.8938,1,0.0
587,19.5667,1,mask,,1.1672,1.1203,,0.2317,,,,,126,0.9921,0.4727,0.0093,22.0,137.0,32.41,0,0.9031,1,0.0
588,19.6,1,mask,,1.0169,1.1149,,-0.1619,,,,,118,0.9672,0.5397,0.0145,21.0,135.0,31.37,0,0.8822,1,0.0
589,19.6333,1,mask,,1.1383,1.1219,,0.2072,,,,,128,1.0,0.4984,0.0097,22.0,136.0,31.01,0,0.9003,1,0.0
590,19.6667,1,mask,,1.2307,1.1276,,0.1729,,,,,126,1.0,0.6508,0.0078,21.0,138.0,31.54,0,0.8698,1,0.0
591,19.7,1,mask,,1.0518,1.1314,,0.1124,,,,,121,0.968,0.609,0.0124,21.0,138.0,31.66,0,0.8686,1,0.0
592,19.7333,1,mask,,1.0948,1.1186,,-0.384,,,,,121,1.0,0.7412,0.0112,21.0,137.0,31.15,0,0.8518,1,0.0
593,19.7667,1,mask,,1.0105,1.1102,,-0.2496,,,,,118,0.9752,0.689,0.0112,21.0,137.0,30.26,0,0.8548,1,0.0
594,19.8,1,mask,,1.0425,1.0898,,-0.6139,,,,,120,1.0,0.7188,0.0124,21.0,136.0,31.18,0,0.8562,1,0.0
595,19.8333,1,mask,,0.8148,1.0732,,-0.4962,,,,,114,0.9421,0.5636,0.0174,20.0,136.0,31.16,0,0.8699,1,0.0
596,19.8667,1,mask,,1.0608,1.0625,,-0.3225,,,,,120,1.0,0.6796,0.0101,21.0,136.0,30.98,0,0.8641,1,0.0
597,19.9,1,mask,,1.0155,1.046,,-0.4935,,,,,121,1.0,0.7248,0.0125,21.0,136.0,30.96,0,0.855,1,0.0
598,19.9333,1,mask,,1.0499,1.0448,,-0.0369,,,,,120,1.0,0.7373,0.0116,21.0,136.0,31.31,0,0.8525,1,0.0
599,19.9667,1,mask,,1.0657,1.0466,,0.0535,,,,,120,1.0,0.7273,0.0114,21.0,136.0,31.44,0,0.8545,1,0.0
600,20.0,1,mask,,0.7191,1.0477,,0.0348,,,,,115,0.9127,0.3904,0.0118,21.0,138.0,28.29,0,0.8957,1,0.0
601,20.0333,1,mask,,0.5983,1.0365,,-0.3387,,,,,119,0.9084,0.3992,0.0131,21.0,135.0,28.02,0,0.8927,1,0.0
602,20.0667,1,mask,,0.6115,0.9254,,-3.3323,,,,,120,0.9302,0.3905,0.0125,21.0,134.0,27.98,0,0.901,1,0.0
603,20.1,1,mask,,0.5996,0.8155,,-3.2954,,,,,121,0.938,0.4066,0.0128,21.0,134.0,28.35,0,0.9001,1,0.0
604,20.1333,1,mask,,0.5379,0.7399,,-2.2676,,,,,129,1.0,0.4816,0.0134,22.0,134.0,28.36,0,0.9037,1,0.0
605,20.1667,1,mask,,0.5278,0.6904,,-1.4868,,,,,129,1.0,0.4753,0.013,22.0,134.0,29.09,0,0.9049,1,0.0
606,20.2,1,mask,,0.5438,0.6391,,-1.5387,,,,,128,1.0,0.4721,0.0127,22.0,133.0,28.63,0,0.9056,1,0.0
607,20.2333,1,mask,,0.5517,0.6058,,-1.0001,,,,,128,1.0,0.4595,0.0121,22.0,133.0,28.61,0,0.9081,1,0.0
608,20.2667,1,mask,,0.6153,0.5841,,-0.6501,,,,,124,1.0,0.5071,0.012,21.0,134.0,28.62,0,0.8986,1,0.0
609,20.3,1,mask,,0.5848,0.5727,,-0.3402,,,,,130,1.0,0.4838,0.0111,22.0,134.0,28.25,0,0.9032,1,0.0
610,20.3333,1,mask,,0.6191,0.577,,0.1266,,,,,131,1.0,0.478,0.0111,22.0,135.0,28.26,0,0.9044,1,0.0
611,20.3667,1,mask,,0.7112,0.5904,,0.4025,,,,,128,1.0,0.5172,0.012,22.0,135.0,28.15,0,0.8966,1,0.0
612,20.4,1,mask,,0.1768,0.5991,,0.2616,,,,,97,0.7698,0.2315,0.0182,22.0,112.0,28.84,0,0.8846,1,0.0
613,20.4333,1,mask,,0.7767,0.6061,,0.21,,,,,125,1.0,0.5395,0.0056,22.0,134.0,28.74,0,0.8921,1,0.0
614,20.4667,1,mask,,0.717,0.6429,,1.1037,,,,,134,1.0,0.5542,0.012,23.0,133.0,29.38,0,0.8892,1,0.0
615,20.5,1,mask,,0.7574,0.6688,,0.7776,,,,,134,1.0,0.5846,0.0107,23.0,133.0,29.03,0,0.8831,1,0.0
616,20.5333,1,mask,,0.877,0.6998,,0.93,,,,,126,1.0,0.6117,0.0081,22.0,136.0,30.39,0,0.8777,1,0.0
617,20.5667,1,mask,,0.898,0.7267,,0.807,,,,,127,1.0,0.6815,0.0079,22.0,137.0,30.25,0,0.8637,1,0.0
618,20.6,1,mask,,0.1336,0.7374,,0.322,,,,,89,0.7008,0.2339,0.0177,21.0,111.0,30.2,0,0.8635,1,0.0
619,20.6333,1,mask,,0.0,0.7444,,0.2093,,,,,68,0.5312,0.0,0.0286,21.0,101.0,30.3,0,0.8594,1,0.0
620,20.6667,1,mask,,0.8932,0.7908,,1.3925,,,,,126,1.0,0.6986,0.0065,22.0,136.0,30.65,0,0.8603,1,0.0
621,20.7,1,mask,,1.1041,0.8267,,1.075,,,,,127,1.0,0.6184,0.0046,22.0,136.0,30.79,0,0.8763,1,0.0
622,20.7333,1,mask,,1.0996,0.85,,0.6988,,,,,127,1.0,0.637,0.0052,22.0,136.0,30.45,0,0.8726,1,0.0
623,20.7667,1,mask,,0.0899,0.8651,,0.4542,,,,,64,0.5,0.0565,0.0322,21.0,101.0,30.54,0,0.8387,1,0.0
624,20.8,1,mask,,1.075,0.9386,,2.204,,,,,127,1.0,0.5702,0.004,22.0,135.0,29.53,0,0.886,1,0.0
625,20.8333,1,mask,,0.9719,0.9863,,1.4326,,,,,137,1.0,0.5636,0.0103,23.0,136.0,29.62,0,0.8873,1,0.0
626,20.8667,1,mask,,1.0343,1.0031,,0.504,,,,,137,1.0,0.5937,0.0113,23.0,136.0,29.79,0,0.8813,1,0.0
627,20.9,1,mask,,1.0645,1.0141,,0.3276,,,,,137,1.0,0.5903,0.0106,23.0,136.0,29.6,0,0.8819,1,0.0
628,20.9333,1,mask,,1.06,1.0301,,0.4824,,,,,137,1.0,0.5963,0.0106,23.0,136.0,29.49,0,0.8807,1,0.0
629,20.9667,1,mask,,1.0446,1.0352,,0.1522,,,,,137,1.0,0.6031,0.0098,23.0,136.0,28.94,0,0.8794,1,0.0
630,21.0,1,mask,,1.3479,1.0439,,0.2603,,,,,125,1.0,0.5539,0.0016,22.0,135.0,28.83,0,0.8892,1,0.0
631,21.0333,1,mask,,1.2884,1.0511,,0.2169,,,,,125,1.0,0.5474,0.003,22.0,135.0,28.69,0,0.8905,1,0.0
632,21.0667,1,mask,,1.318,1.1342,,2.4912,,,,,126,1.0,0.5424,0.0025,22.0,135.0,28.69,0,0.8915,1,0.0
633,21.1,1,mask,,1.1092,1.1881,,1.6193,,,,,123,0.9919,0.4709,0.0092,22.0,131.0,28.53,0,0.9034,1,0.0
634,21.1333,1,mask,,1.1075,1.2232,,1.0525,,,,,122,0.9919,0.474,0.0055,22.0,131.0,28.56,0,0.9028,1,0.0
635,21.1667,1,mask,,1.1897,1.2115,,-0.3514,,,,,123,0.984,0.4743,0.0035,22.0,131.0,28.65,0,0.9003,1,0.0
636,21.2,1,mask,,1.3191,1.2039,,-0.2284,,,,,122,0.9919,0.5467,0.0024,22.0,130.0,29.16,0,0.8882,1,0.0
637,21.2333,1,mask,,1.2428,1.1989,,-0.1485,,,,,131,1.0,0.5774,0.0058,23.0,130.0,29.57,0,0.8845,1,0.0
638,21.2667,1,mask,,1.2125,1.2037,,0.1422,,,,,131,0.9924,0.5522,0.0047,23.0,130.0,29.58,0,0.8873,1,0.0
639,21.3,1,mask,,1.1432,1.2068,,0.0924,,,,,136,1.0,0.5067,0.008,23.0,135.0,29.57,0,0.8987,1,0.0
640,21.3333,1,mask,,0.6289,1.2088,,0.0601,,,,,110,0.8333,0.2885,0.0144,22.0,111.0,29.25,0,0.8923,1,0.0
641,21.3667,1,mask,,0.8958,1.1858,,-0.6883,,,,,129,0.9773,0.4453,0.0018,23.0,130.0,29.14,0,0.9041,1,0.0
642,21.4,1,mask,,0.6752,1.0843,,-3.0451,,,,,112,0.8485,0.2993,0.0142,22.0,111.0,28.77,0,0.8947,1,0.0
643,21.4333,1,mask,,1.0715,1.0183,,-1.9793,,,,,110,0.8871,0.376,0.0043,22.0,129.0,28.76,0,0.8909,1,0.0
644,21.4667,1,mask,,1.0542,0.9755,,-1.2866,,,,,98,0.7967,0.2544,0.003,21.0,129.0,29.22,0,0.8881,1,0.0
645,21.5,1,mask,,0.9658,0.9721,,-0.1017,,,,,90,0.7258,0.1856,0.0006,21.0,126.0,29.46,0,0.8806,1,0.0
646,21.5333,1,mask,,1.1321,1.0008,,0.8622,,,,,111,0.9024,0.3557,0.0091,22.0,129.0,29.36,0,0.8996,1,0.0
647,21.5667,1,mask,,1.1553,1.0256,,0.7425,,,,,114,0.9344,0.3701,0.0087,22.0,129.0,29.54,0,0.9063,1,0.0
648,21.6,1,mask,,1.0444,1.0356,,0.3005,,,,,130,0.9848,0.413,0.0036,23.0,130.0,27.64,0,0.9129,1,0.0
649,21.6333,1,mask,,1.0929,1.0556,,0.6019,,,,,125,0.947,0.3926,0.002,23.0,130.0,28.16,0,0.9056,1,0.0
650,21.6667,1,mask,,1.0927,1.0687,,0.3912,,,,,127,0.9621,0.4334,0.0071,23.0,132.0,28.36,0,0.902,1,0.0
651,21.7,1,mask,,1.0091,1.0771,,0.2521,,,,,130,1.0,0.4808,0.0,23.0,130.0,28.68,0,0.9038,1,0.0
652,21.7333,1,mask,,1.0675,1.0737,,-0.1005,,,,,123,1.0,0.4745,0.0066,22.0,130.0,28.82,0,0.9051,1,0.0
653,21.7667,1,mask,,1.1939,1.0804,,0.1991,,,,,98,0.7967,0.2706,0.0091,21.0,129.0,29.37,0,0.8849,1,0.0
654,21.8,1,mask,,1.0271,1.0759,,-0.135,,,,,94,0.7176,0.2018,0.003,21.0,111.0,29.11,0,0.8749,1,0.0
655,21.8333,1,mask,,1.2359,1.0729,,-0.0877,,,,,114,0.8702,0.3037,0.009,22.0,129.0,28.94,0,0.9003,1,0.0
656,21.8667,1,mask,,1.237,1.1153,,1.2698,,,,,111,0.8605,0.3089,0.0098,22.0,128.0,28.67,0,0.8964,1,0.0
657,21.9,1,mask,,0.8148,1.1428,,0.8254,,,,,97,0.7462,0.2007,0.0081,21.0,129.0,28.94,0,0.8837,1,0.0
658,21.9333,1,mask,,1.1338,1.1396,,-0.0946,,,,,115,0.8846,0.3209,0.0055,22.0,130.0,28.95,0,0.9012,1,0.0
659,21.9667,1,mask,,0.8739,1.1376,,-0.0615,,,,,94,0.7231,0.172,0.0045,21.0,129.0,29.93,0,0.8825,1,0.0
660,22.0,1,mask,,0.7511,1.0453,,-2.7681,,,,,99,0.75,0.1843,0.0163,22.0,129.0,28.49,0,0.8881,1,0.0
661,22.0333,1,mask,,0.5105,0.9646,,-2.4203,,,,,112,0.8485,0.3018,0.0149,22.5,111.0,27.38,0,0.8942,1,0.0
662,22.0667,1,mask,,0.6155,0.8899,,-2.2425,,,,,110,0.8333,0.2949,0.0144,22.5,111.0,27.21,0,0.891,1,0.0
663,22.1,1,mask,,0.6615,0.8099,,-2.3984,,,,,114,0.8571,0.3129,0.0101,23.0,130.0,27.15,0,0.8946,1,0.0
664,22.1333,1,mask,,0.8701,0.758,,-1.559,,,,,120,0.8955,0.3849,0.0079,22.0,132.0,26.24,0,0.8917,1,0.0
665,22.1667,1,mask,,0.7914,0.7242,,-1.0133,,,,,116,0.8657,0.3152,0.0073,22.0,131.0,28.97,0,0.8967,1,0.0
666,22.2,1,mask,,0.7639,0.7381,,0.4169,,,,,116,0.8722,0.3176,0.0074,22.0,131.0,28.86,0,0.8981,1,0.0
667,22.2333,1,mask,,0.8589,0.7568,,0.5602,,,,,121,0.9098,0.3572,0.0056,22.0,131.0,29.01,0,0.9015,1,0.0
668,22.2667,1,mask,,1.1336,0.7925,,1.0723,,,,,120,0.9677,0.4175,0.0132,22.0,131.0,28.78,0,0.9068,1,0.0
669,22.3,1,mask,,1.1459,0.8157,,0.697,,,,,89,0.712,0.1743,0.0074,21.0,131.0,29.06,0,0.8787,1,0.0
670,22.3333,1,mask,,1.1817,0.927,,3.3377,,,,,83,0.664,0.1679,0.0083,21.0,131.0,,0,0.8656,1,0.0
671,22.3667,1,mask,,1.2825,1.0036,,2.2986,,,,,105,0.84,0.2876,0.0123,22.0,131.0,26.46,0,0.8945,1,0.0
672,22.4,1,mask,,1.059,1.0534,,1.4941,,,,,122,0.9242,0.4009,0.0007,23.0,133.0,,0,0.8971,1,0.0
673,22.4333,1,mask,,1.1798,1.0976,,1.3267,,,,,125,0.947,0.5001,0.0035,23.0,132.0,,0,0.8841,1,0.0
674,22.4667,1,mask,,1.0811,1.1264,,0.8623,,,,,136,1.0,0.4442,0.0008,23.0,137.0,,0,0.9112,1,0.0
675,22.5,1,mask,,1.098,1.1164,,-0.2977,,,,,136,1.0,0.462,0.0011,23.0,137.0,29.6,0,0.9076,1,0.0
676,22.5333,1,mask,,1.0846,1.1053,,-0.3341,,,,,136,1.0,0.46,0.0005,23.0,137.0,,0,0.908,1,0.0
677,22.5667,1,mask,,1.1487,1.1028,,-0.0766,,,,,123,0.9685,0.3573,0.0016,22.0,136.0,,0,0.9191,1,0.0
678,22.6,1,mask,,1.2046,1.1011,,-0.0498,,,,,127,0.9922,0.397,0.0021,22.0,137.0,,0,0.9182,1,0.0
679,22.6333,1,mask,,1.2092,1.1178,,0.5001,,,,,121,0.9453,0.3359,0.0045,22.0,137.0,,0,0.9164,1,0.0
680,22.6667,1,mask,,1.1659,1.1346,,0.5051,,,,,121,0.9453,0.3183,0.0021,22.0,137.0,,0,0.9199,1,0.0
681,22.7,1,mask,,1.2788,1.1591,,0.7349,,,,,136,0.9714,0.3456,0.0015,23.0,138.0,30.63,0,0.9223,1,0.0
682,22.7333,1,mask,,1.1767,1.175,,0.4777,,,,,130,0.9286,0.3052,0.0018,23.0,136.0,31.26,0,0.9175,1,0.0
683,22.7667,1,mask,,1.2715,1.187,,0.3591,,,,,135,0.9712,0.3868,0.0042,23.0,137.0,31.32,0,0.914,1,0.0
684,22.8,1,mask,,0.9997,1.1834,,-0.108,,,,,137,0.9856,0.3458,0.0076,23.0,136.0,29.28,0,0.9265,1,0.0
685,22.8333,1,mask,,1.1467,1.1811,,-0.0702,,,,,126,0.9692,0.3064,0.0038,22.0,138.0,30.75,0,0.9295,1,0.0
686,22.8667,1,mask,,1.2818,1.1795,,-0.0456,,,,,131,1.0,0.4811,0.0077,22.0,138.0,31.15,0,0.9038,1,0.0
687,22.9,1,mask,,1.4173,1.2117,,0.9651,,,,,130,1.0,0.4896,0.0078,22.0,137.0,31.33,0,0.9021,1,0.0
688,22.9333,1,mask,,1.5305,1.2362,,0.736,,,,,126,0.9921,0.497,0.0081,21.0,137.0,30.0,0,0.8982,1,0.0
689,22.9667,1,mask,,1.7544,1.2996,,1.9007,,,,,120,0.9524,0.565,0.0197,21.0,134.0,29.9,0,0.8727,1,0.0
690,23.0,1,mask,,1.814,1.3804,,2.4247,,,,,118,0.944,0.5798,0.0207,21.0,134.0,29.74,0,0.8672,1,0.0
691,23.0333,1,mask,,1.7411,1.5066,,3.7867,,,,,121,0.9528,0.6037,0.0224,21.0,138.0,30.19,0,0.8651,1,0.0
692,23.0667,1,mask,,1.9,1.5934,,2.6018,,,,,125,0.9921,0.6775,0.0302,21.0,137.0,,0,0.8621,1,0.0
693,23.1,1,mask,,2.2321,1.6706,,2.3167,,,,,107,0.964,0.711,0.0356,20.0,133.0,29.49,0,0.847,1,0.0
694,23.1333,1,mask,,2.072,1.7509,,2.4087,,,,,119,0.9835,0.8509,0.028,21.0,138.0,,0,0.8249,1,0.0
695,23.1667,1,mask,,1.9136,1.8078,,1.7079,,,,,111,0.9911,0.8274,0.0246,21.0,139.0,,0,0.8318,1,0.0
696,23.2,1,mask,,2.1453,1.9003,,2.7743,,,,,102,1.0,1.0914,0.0059,20.0,139.0,,0,0.7817,1,0.0
697,23.2333,1,mask,,2.0729,1.9607,,1.8126,,,,,110,1.0,1.0047,0.0154,21.0,138.0,,0,0.7991,1,0.0
698,23.2667,0,,no_mask,,,,,,,,,0,0.0,,,,,,0,0.0,1,0.0
699,23.3,0,,no_mask,,,,,,,,,0,0.0,,,,,,0,0.0,1,0.0
700,23.3333,0,,no_mask,,,,,,,,,0,0.0,,,,,,0,0.0,1,0.0
701,23.3667,1,mask,,3.9693,2.3319,,,,,,,72,0.809,0.2767,0.0635,18.0,72.0,,0,0.8874,1,0.0
702,23.4,1,mask,,4.826,3.0549,,21.6905,,,,,73,0.8111,0.3223,0.0511,19.0,72.0,,0,0.8789,1,0.0
703,23.4333,1,mask,,2.8804,3.3749,,9.6013,,,,,93,0.9789,0.6717,0.019,20.0,132.0,,0,0.8593,1,0.0
704,23.4667,1,mask,,2.805,3.3924,,0.5243,,,,,95,1.0,0.8098,0.0103,20.0,133.0,,0,0.838,1,0.0
705,23.5,1,mask,,2.908,3.2229,,-5.0861,,,,,93,0.9894,0.7998,0.0198,20.0,131.0,,0,0.8369,1,0.0
706,23.5333,1,mask,,2.9717,3.1127,,-3.306,,,,,93,1.0,0.8787,0.0028,19.0,132.0,,0,0.8243,1,0.0
707,23.5667,1,mask,,4.2452,3.041,,-2.1489,,,,,75,0.7979,0.3027,0.0169,19.0,74.0,,0,0.8788,1,0.0
708,23.6,0,,no_mask,,,,,,,,,0,0.0,,,,,,0,0.0,1,0.0
709,23.6333,0,,no_mask,,,,,,,,,0,0.0,,,,,,0,0.0,1,0.0
710,23.6667,0,,no_mask,,,,,,,,,0,0.0,,,,,,0,0.0,1,0.0
711,23.7,0,,no_mask,,,,,,,,,0,0.0,,,,,,0,0.0,1,0.0
712,23.7333,0,,no_mask,,,,,,,,,0,0.0,,,,,,0,0.0,1,0.0
713,23.7667,0,,no_mask,,,,,,,,,0,0.0,,,,,,0,0.0,1,0.0
714,23.8,0,,no_mask,,,,,,,,,0,0.0,,,,,,0,0.0,1,0.0
715,23.8333,0,,no_mask,,,,,,,,,0,0.0,,,,,,0,0.0,1,0.0
716,23.8667,0,,no_mask,,,,,,,,,0,0.0,,,,,,0,0.0,1,0.0
717,23.9,0,,no_mask,,,,,,,,,0,0.0,,,,,,0,0.0,1,0.0
718,23.9333,0,,no_mask,,,,,,,,,0,0.0,,,,,,0,0.0,1,0.0
719,23.9667,0,,no_mask,,,,,,,,,0,0.0,,,,,,0,0.0,1,0.0
720,24.0,0,,no_mask,,,,,,,,,0,0.0,,,,,,0,0.0,1,0.0
721,24.0333,0,,no_mask,,,,,,,,,0,0.0,,,,,,0,0.0,1,0.0
722,24.0667,0,,no_mask,,,,,,,,,0,0.0,,,,,,0,0.0,1,0.0
723,24.1,0,,no_mask,,,,,,,,,0,0.0,,,,,,0,0.0,1,0.0
724,24.1333,0,,no_mask,,,,,,,,,0,0.0,,,,,,0,0.0,1,0.0
725,24.1667,0,,no_mask,,,,,,,,,0,0.0,,,,,,0,0.0,1,0.0
726,24.2,0,,no_mask,,,,,,,,,0,0.0,,,,,,0,0.0,1,0.0
727,24.2333,0,,no_mask,,,,,,,,,0,0.0,,,,,,0,0.0,1,0.0
728,24.2667,0,,no_mask,,,,,,,,,0,0.0,,,,,,0,0.0,1,0.0
729,24.3,0,,no_mask,,,,,,,,,0,0.0,,,,,,0,0.0,1,0.0
730,24.3333,0,,no_mask,,,,,,,,,0,0.0,,,,,,0,0.0,1,0.0
731,24.3667,0,,no_mask,,,,,,,,,0,0.0,,,,,,0,0.0,1,0.0
732,24.4,0,,no_mask,,,,,,,,,0,0.0,,,,,,0,0.0,1,0.0
733,24.4333,0,,no_mask,,,,,,,,,0,0.0,,,,,,0,0.0,1,0.0
734,24.4667,0,,no_mask,,,,,,,,,0,0.0,,,,,,0,0.0,1,0.0
735,24.5,0,,no_mask,,,,,,,,,0,0.0,,,,,,0,0.0,1,0.0
736,24.5333,0,,no_mask,,,,,,,,,0,0.0,,,,,,0,0.0,1,0.0
737,24.5667,0,,no_mask,,,,,,,,,0,0.0,,,,,,0,0.0,1,0.0
738,24.6,0,,no_mask,,,,,,,,,0,0.0,,,,,,0,0.0,1,0.0
739,24.6333,0,,no_mask,,,,,,,,,0,0.0,,,,,,0,0.0,1,0.0
740,24.6667,0,,no_mask,,,,,,,,,0,0.0,,,,,,0,0.0,1,0.0
741,24.7,0,,no_mask,,,,,,,,,0,0.0,,,,,,0,0.0,1,0.0
742,24.7333,0,,no_mask,,,,,,,,,0,0.0,,,,,,0,0.0,1,0.0
743,24.7667,0,,no_mask,,,,,,,,,0,0.0,,,,,,0,0.0,1,0.0
744,24.8,0,,no_mask,,,,,,,,,0,0.0,,,,,,0,0.0,1,0.0
745,24.8333,0,,no_mask,,,,,,,,,0,0.0,,,,,,0,0.0,1,0.0
746,24.8667,0,,no_mask,,,,,,,,,0,0.0,,,,,,0,0.0,1,0.0
747,24.9,0,,no_mask,,,,,,,,,0,0.0,,,,,,0,0.0,1,0.0
748,24.9333,0,,no_mask,,,,,,,,,0,0.0,,,,,,0,0.0,1,0.0
749,24.9667,0,,no_mask,,,,,,,,,0,0.0,,,,,,0,0.0,1,0.0
750,25.0,1,mask,,0.2378,2.0599,,,,,,,55,0.7143,0.11,0.059,21.0,79.0,31.79,0,0.859,1,0.0
751,25.0333,1,mask,,0.2629,1.4266,,-19.0003,,,,,56,0.7568,0.1153,0.0651,21.0,79.0,31.53,0,0.8773,1,0.0
752,25.0667,1,mask,,0.3906,1.0193,,-12.2184,,,,,56,0.7778,0.148,0.0671,21.0,74.0,31.47,0,0.8771,1,0.0
753,25.1,1,mask,,0.3862,0.7761,,-7.2946,,,,,56,0.7778,0.1482,0.0681,21.0,74.0,31.53,0,0.877,1,0.0
754,25.1333,1,mask,,0.3625,0.6313,,-4.3433,,,,,52,0.7222,0.1522,0.0672,21.0,73.0,31.54,0,0.8329,1,0.0
755,25.1667,1,mask,,0.2521,0.5372,,-2.8231,,,,,64,0.9014,0.2628,0.0735,21.0,78.0,31.41,0,0.9179,1,0.0
756,25.2,1,mask,,0.3938,0.4844,,-1.5859,,,,,34,0.5763,0.0824,0.0503,20.0,65.0,30.74,0,0.6831,1,0.0
757,25.2333,1,mask,,0.4029,0.45,,-1.0309,,,,,33,0.5593,0.0808,0.0509,20.0,65.0,30.74,0,0.6716,1,0.0
758,25.2667,1,mask,,0.0,0.4194,,-0.9192,,,,,30,0.4918,0.0,0.0,20.0,35.0,30.59,0,0.6475,1,0.0
759,25.3,1,mask,,0.3843,0.4071,,-0.368,,,,,35,0.5833,0.084,0.0497,20.0,65.0,30.79,0,0.6915,1,0.0
760,25.3333,1,mask,,0.3297,0.3991,,-0.2392,,,,,34,0.5763,0.0785,0.047,20.0,65.0,30.86,0,0.6839,1,0.0
761,25.3667,1,mask,,0.0,0.3748,,-0.7286,,,,,32,0.5333,0.0,0.0,20.0,36.0,30.91,0,0.6733,1,0.0
762,25.4,1,mask,,-0.0,0.2436,,-3.9359,,,,,35,0.5738,0.0,0.0,20.0,39.0,31.05,0,0.7055,1,0.0
763,25.4333,1,mask,,-0.0,0.1584,,-2.5583,,,,,38,0.5672,0.0,0.0816,20.0,72.0,30.61,0,0.7235,1,0.0
764,25.4667,1,mask,,0.234,0.1029,,-1.6629,,,,,71,0.9342,0.393,0.046,22.0,86.0,30.61,0,0.9017,1,0.0
765,25.5,1,mask,,0.3936,0.0669,,-1.0809,,,,,73,0.9359,0.3778,0.0418,22.0,87.0,30.72,0,0.9052,1,0.0
766,25.5333,1,mask,,0.6046,0.1254,,1.7545,,,,,70,0.8861,0.2755,0.0301,22.0,83.0,30.35,0,0.9107,1,0.0
767,25.5667,1,mask,,0.9267,0.2193,,2.8165,,,,,55,0.7051,0.1244,0.0339,22.0,73.0,30.54,0,0.8533,1,0.0
768,25.6,1,mask,,0.6516,0.3541,,4.0456,,,,,71,0.9467,0.2746,0.0378,22.0,87.0,31.49,0,0.9291,1,0.0
769,25.6333,1,mask,,0.7062,0.4582,,3.1234,,,,,72,0.9351,0.2739,0.0405,22.0,87.0,31.01,0,0.9257,1,0.0
770,25.6667,1,mask,,0.7968,0.545,,2.6033,,,,,72,0.9474,0.3161,0.0389,22.0,87.0,31.03,0,0.921,1,0.0
771,25.7,1,mask,,0.6845,0.6014,,1.6922,,,,,69,0.92,0.2719,0.032,22.0,86.0,31.11,0,0.9216,1,0.0
772,25.7333,1,mask,,0.7776,0.6381,,1.0999,,,,,55,0.7237,0.1419,0.0415,22.0,80.0,31.25,0,0.8554,1,0.0
773,25.7667,1,mask,,0.7472,0.6763,,1.1451,,,,,68,0.9067,0.2754,0.0381,22.0,85.0,31.22,0,0.9169,1,0.0
774,25.8,1,mask,,0.768,0.7084,,0.9635,,,,,56,0.7467,0.1331,0.0393,21.5,81.0,31.43,0,0.8707,1,0.0
775,25.8333,1,mask,,0.9835,0.7293,,0.6263,,,,,66,0.8571,0.1762,0.0379,22.0,87.0,31.52,0,0.9219,1,0.0
776,25.8667,1,mask,,0.9564,0.7462,,0.5076,,,,,65,0.8667,0.1762,0.0366,22.0,85.0,31.38,0,0.9248,1,0.0
777,25.9,1,mask,,0.8677,0.7887,,1.2755,,,,,63,0.7975,0.1673,0.0472,22.0,87.0,31.48,0,0.9058,1,0.0
778,25.9333,1,mask,,0.8312,0.8163,,0.8291,,,,,64,0.8101,0.151,0.0492,21.5,84.0,31.47,0,0.9128,1,0.0
779,25.9667,1,mask,,1.0282,0.8653,,1.4704,,,,,67,0.9178,0.185,0.0393,21.0,88.0,31.62,0,0.9384,1,0.0
780,26.0,1,mask,,1.2061,0.8972,,0.9558,,,,,67,0.9571,0.2956,0.0434,21.0,87.0,30.63,0,0.928,1,0.0
781,26.0333,1,mask,,0.8661,0.8869,,-0.3103,,,,,75,0.9259,0.236,0.0473,22.0,87.0,31.08,0,0.9306,1,0.0
782,26.0667,1,mask,,0.8858,0.8865,,-0.0115,,,,,73,0.9012,0.2293,0.047,22.0,86.0,30.81,0,0.9245,1,0.0
783,26.1,1,mask,,1.287,0.9361,,1.4877,,,,,67,0.859,0.2179,0.0476,22.0,83.0,30.48,0,0.9141,1,0.0
784,26.1333,1,mask,,1.1771,1.0204,,2.5311,,,,,67,0.8481,0.2189,0.0425,22.0,84.0,30.55,0,0.9106,1,0.0
785,26.1667,1,mask,,1.2133,1.0753,,1.6452,,,,,66,0.8354,0.1866,0.0489,22.0,84.0,30.7,0,0.9133,1,0.0
786,26.2,1,mask,,0.8791,1.1109,,1.0694,,,,,48,0.7619,0.1534,0.0838,21.0,71.0,30.67,0,0.8179,1,0.0
787,26.2333,1,mask,,0.9029,1.1341,,0.6951,,,,,42,0.7368,0.1647,0.0933,21.0,68.0,30.19,0,0.7681,1,0.0
788,26.2667,1,mask,,1.1517,1.1403,,0.1851,,,,,66,0.8684,0.1442,0.0531,22.0,80.0,30.37,0,0.9317,1,0.0
789,26.3,1,mask,,1.236,1.1443,,0.1203,,,,,53,0.8983,0.278,0.0871,21.0,69.0,30.41,0,0.8672,1,0.0
790,26.3333,1,mask,,1.3499,1.1469,,0.0782,,,,,51,0.8947,0.2709,0.0802,21.0,70.0,30.12,0,0.8542,1,0.0
791,26.3667,1,mask,,1.6572,1.1781,,0.9357,,,,,51,0.9273,0.4181,0.059,21.0,68.0,30.15,0,0.8346,1,0.0
792,26.4,1,mask,,0.952,1.1983,,0.6082,,,,,73,0.9605,0.367,0.0613,22.0,85.0,30.41,0,0.9148,1,0.0
793,26.4333,1,mask,,0.9741,1.2115,,0.3953,,,,,71,0.8765,0.261,0.0664,22.0,82.0,30.67,0,0.9108,1,0.0
794,26.4667,1,mask,,0.7519,1.1284,,-2.4925,,,,,75,0.9146,0.368,0.0687,22.0,88.0,30.93,0,0.9008,1,0.0
795,26.5,1,mask,,1.0506,1.0744,,-1.6202,,,,,66,0.7857,0.2589,0.0462,22.0,82.0,30.85,0,0.8839,1,0.0
796,26.5333,1,mask,,1.1167,1.0393,,-1.0531,,,,,55,0.873,0.2728,0.0876,21.0,68.0,30.95,0,0.874,1,0.0
797,26.5667,1,mask,,0.9675,1.0165,,-0.6845,,,,,77,0.9059,0.4039,0.0367,22.0,88.0,30.94,0,0.891,1,0.0
798,26.6,1,mask,,1.1464,1.0284,,0.3581,,,,,51,0.7727,0.2053,0.106,21.0,70.0,31.02,0,0.8308,1,0.0
799,26.6333,1,mask,,1.0466,1.0362,,0.2327,,,,,48,0.6957,0.1766,0.0996,21.0,70.0,31.23,0,0.7934,1,0.0
800,26.6667,1,mask,,-0.7099,1.0398,,0.1089,,,,,206,0.9321,0.7428,0.0095,23.0,215.0,31.09,0,0.8311,1,0.0
801,26.7,1,mask,,-0.3255,1.0145,,-0.7595,,,,,212,0.9725,0.687,0.0083,23.0,221.0,30.54,0,0.8543,1,0.0
802,26.7333,1,mask,,-0.3467,0.5455,,-14.0705,,,,,210,0.9633,0.6477,0.0083,23.0,219.0,30.36,0,0.8594,1,0.0
803,26.7667,1,mask,,-0.413,0.2332,,-9.3681,,,,,207,0.9452,0.586,0.0071,23.0,215.0,30.69,0,0.8664,1,0.0
804,26.8,1,mask,,-0.4504,0.0071,,-6.7853,,,,,206,0.945,0.5879,0.0115,23.0,215.0,30.47,0,0.8659,1,0.0
805,26.8333,1,mask,,-0.4411,-0.14,,-4.4104,,,,,198,0.9083,0.5304,0.011,23.0,215.0,30.73,0,0.8664,1,0.0
806,26.8667,1,mask,,-0.4419,-0.2453,,-3.1617,,,,,198,0.9083,0.5249,0.0111,23.0,215.0,30.71,0,0.8675,1,0.0
807,26.9,1,mask,,-0.4731,-0.3142,,-2.0642,,,,,205,0.9404,0.5341,0.0113,23.0,215.0,30.63,0,0.8753,1,0.0
808,26.9333,1,mask,,-0.5378,-0.3618,,-1.4302,,,,,204,0.9315,0.5865,0.0108,23.0,215.0,30.69,0,0.8622,1,0.0
809,26.9667,1,mask,,-0.5304,-0.4008,,-1.1686,,,,,206,0.945,0.6318,0.015,23.0,215.0,30.74,0,0.8571,1,0.0
810,27.0,1,mask,,-0.5048,-0.4372,,-1.0918,,,,,176,0.8073,0.3959,0.0105,23.0,213.0,30.84,0,0.863,1,0.0
811,27.0333,1,mask,,-0.4926,-0.4608,,-0.7096,,,,,180,0.8257,0.4518,0.0048,23.0,199.0,30.49,0,0.8573,1,0.0
812,27.0667,1,mask,,-0.3975,-0.4762,,-0.4613,,,,,195,0.8904,0.5275,0.0057,23.0,215.0,30.81,0,0.8616,1,0.0
813,27.1,1,mask,,-0.4074,-0.4819,,-0.1719,,,,,203,0.9227,0.492,0.0074,23.0,216.0,30.77,0,0.8784,1,0.0
814,27.1333,1,mask,,-0.3347,-0.4558,,0.7829,,,,,202,0.9224,0.486,0.0098,23.0,215.0,30.47,0,0.8795,1,0.0
815,27.1667,1,mask,,-0.4262,-0.4389,,0.5089,,,,,193,0.8853,0.5733,0.0063,23.0,214.0,30.69,0,0.8509,1,0.0
816,27.2,1,mask,,-0.1919,-0.4244,,0.4347,,,,,176,0.7964,0.3859,0.0086,23.0,218.0,31.01,0,0.8617,1,0.0
817,27.2333,1,mask,,-0.2768,-0.393,,0.9414,,,,,204,0.9273,0.6455,0.0058,23.0,217.0,30.82,0,0.8491,1,0.0
818,27.2667,1,mask,,-0.2735,-0.3523,,1.2203,,,,,204,0.9273,0.6475,0.0066,23.0,217.0,30.93,0,0.8487,1,0.0
819,27.3,1,mask,,-0.3365,-0.3259,,0.7932,,,,,207,0.9409,0.6699,0.0049,23.0,217.0,31.39,0,0.8483,1,0.0
820,27.3333,1,mask,,-0.3215,-0.3087,,0.5156,,,,,211,0.9591,0.7363,0.0042,23.0,221.0,31.23,0,0.8405,1,0.0
821,27.3667,1,mask,,-0.4156,-0.3132,,-0.1348,,,,,179,0.8174,0.5242,0.0025,23.0,214.0,31.38,0,0.8404,1,0.0
822,27.4,1,mask,,-0.3435,-0.3214,,-0.2452,,,,,212,0.9593,0.7301,0.0039,23.0,221.0,31.08,0,0.8418,1,0.0
823,27.4333,1,mask,,-0.4434,-0.3291,,-0.2328,,,,,154,0.7,0.3349,0.0006,23.0,213.0,30.63,0,0.843,1,0.0
824,27.4667,1,mask,,-0.4363,-0.3594,,-0.9077,,,,,157,0.7136,0.3524,0.001,23.0,214.0,30.81,0,0.8436,1,0.0
825,27.5,1,mask,,-0.4257,-0.3826,,-0.6965,,,,,156,0.7091,0.3562,0.0023,23.0,200.0,30.72,0,0.8415,1,0.0
826,27.5333,1,mask,,-0.3953,-0.3977,,-0.4527,,,,,164,0.7455,0.348,0.0017,23.0,215.0,30.92,0,0.854,1,0.0
827,27.5667,1,mask,,-0.3468,-0.4075,,-0.2943,,,,,166,0.7511,0.3273,0.0023,23.0,215.0,31.07,0,0.8599,1,0.0
828,27.6,1,mask,,-0.2095,-0.4032,,0.1276,,,,,176,0.8,0.3737,0.0053,23.0,221.0,31.63,0,0.8653,1,0.0
829,27.6333,1,mask,,-0.164,-0.3835,,0.593,,,,,182,0.8273,0.354,0.0025,23.0,220.0,31.9,0,0.8774,1,0.0
830,27.6667,1,mask,,-0.1531,-0.3226,,1.8271,,,,,184,0.8364,0.3582,0.0022,23.0,222.0,31.89,0,0.8793,1,0.0
831,27.7,1,mask,,-0.1481,-0.2671,,1.6655,,,,,204,0.9273,0.483,0.0014,23.0,221.0,31.98,0,0.8816,1,0.0
832,27.7333,1,mask,,-0.1419,-0.2272,,1.197,,,,,201,0.9136,0.4601,0.0014,23.0,222.0,31.46,0,0.8821,1,0.0
833,27.7667,1,mask,,-0.1642,-0.2012,,0.778,,,,,191,0.8682,0.4048,0.0022,23.0,221.0,31.42,0,0.8795,1,0.0
834,27.8,1,mask,,-0.0354,-0.1826,,0.5579,,,,,210,0.9589,0.5487,0.001,23.0,227.0,31.38,0,0.8779,1,0.0
835,27.8333,1,mask,,-0.0278,-0.1684,,0.4278,,,,,217,0.9819,0.5678,0.0014,24.0,229.0,31.63,0,0.881,1,0.0
836,27.8667,1,mask,,-0.0523,-0.1277,,1.2185,,,,,212,0.9636,0.5647,0.001,23.0,227.0,31.56,0,0.8762,1,0.0
837,27.9,1,mask,,-0.0623,-0.1013,,0.792,,,,,217,0.9864,0.5886,0.0054,23.0,227.0,31.41,0,0.8782,1,0.0
838,27.9333,1,mask,,-0.0076,-0.0783,,0.6924,,,,,216,0.9686,0.5116,0.0021,24.0,230.0,31.51,0,0.8883,1,0.0
839,27.9667,1,mask,,0.0226,-0.0606,,0.5296,,,,,217,0.9954,0.5561,0.0007,23.0,228.0,31.46,0,0.8874,1,0.0
840,28.0,1,mask,,0.0307,-0.0421,,0.5568,,,,,218,0.9954,0.6531,0.0002,23.0,227.0,31.05,0,0.868,1,0.0
841,28.0333,1,mask,,-0.0345,-0.03,,0.3619,,,,,184,0.8402,0.4758,0.0012,23.0,218.0,31.45,0,0.8569,1,0.0
842,28.0667,1,mask,,0.0449,-0.0116,,0.5524,,,,,218,0.9954,0.6406,0.0,23.0,227.0,31.37,0,0.8705,1,0.0
843,28.1,1,mask,,0.0486,0.0032,,0.4439,,,,,218,0.9954,0.6371,0.0001,23.0,227.0,31.33,0,0.8712,1,0.0
844,28.1333,1,mask,,0.0817,0.0178,,0.4372,,,,,218,0.9954,0.6274,0.0001,23.0,227.0,31.22,0,0.8731,1,0.0
845,28.1667,1,mask,,0.0807,0.0286,,0.3234,,,,,217,0.9954,0.6321,0.0,23.0,227.0,30.94,0,0.8722,1,0.0
846,28.2,1,mask,,0.1279,0.0468,,0.5473,,,,,218,0.9954,0.6642,0.002,23.0,227.0,31.17,0,0.8658,1,0.0
847,28.2333,1,mask,,0.0937,0.059,,0.3666,,,,,217,0.9909,0.6568,0.0004,24.0,226.0,30.7,0,0.8659,1,0.0
848,28.2667,1,mask,,0.0931,0.071,,0.3579,,,,,219,0.9955,0.6528,0.0,24.0,227.0,30.6,0,0.8681,1,0.0
849,28.3,1,mask,,0.0899,0.0787,,0.2327,,,,,217,0.9909,0.6321,0.0,24.0,225.0,30.52,0,0.8708,1,0.0
850,28.3333,1,mask,,0.0876,0.0838,,0.1512,,,,,218,0.9954,0.6364,0.0,24.0,226.0,30.87,0,0.8713,1,0.0
851,28.3667,1,mask,,0.127,0.087,,0.0983,,,,,218,0.9954,0.6681,0.0005,23.0,227.0,30.9,0,0.865,1,0.0
852,28.4,1,mask,,0.119,0.0892,,0.0639,,,,,217,0.9954,0.6696,0.0041,23.0,227.0,30.48,0,0.8647,1,0.0
853,28.4333,1,mask,,0.0761,0.0894,,0.0074,,,,,215,0.9908,0.6402,0.0024,23.0,225.0,30.56,0,0.8692,1,0.0
854,28.4667,1,mask,,0.0479,0.0888,,-0.0186,,,,,216,0.9954,0.6593,0.0018,23.0,226.0,30.08,0,0.8668,1,0.0
855,28.5,1,mask,,0.1043,0.0942,,0.1629,,,,,217,1.0,0.6918,0.0002,23.0,227.0,30.21,0,0.8616,1,0.0
856,28.5333,1,mask,,0.0793,0.089,,-0.1565,,,,,216,1.0,0.6328,0.0004,23.0,227.0,30.19,0,0.8734,1,0.0
857,28.5667,1,mask,,0.0302,0.0845,,-0.1358,,,,,217,1.0,0.6405,0.0009,23.0,228.0,30.09,0,0.8719,1,0.0
858,28.6,1,mask,,0.0445,0.0717,,-0.3844,,,,,216,1.0,0.6207,0.0003,23.0,227.0,30.34,0,0.8759,1,0.0
859,28.6333,1,mask,,0.0468,0.063,,-0.2613,,,,,216,0.9954,0.6263,0.0003,23.0,226.0,29.94,0,0.8734,1,0.0
860,28.6667,1,mask,,0.0763,0.0573,,-0.1699,,,,,216,0.9954,0.6498,0.0002,23.0,226.0,29.98,0,0.8687,1,0.0
861,28.7,1,mask,,0.0871,0.0536,,-0.1104,,,,,216,0.9954,0.6454,0.0005,23.0,226.0,29.95,0,0.8695,1,0.0
862,28.7333,1,mask,,0.0723,0.0602,,0.1959,,,,,216,1.0,0.6307,0.0001,23.0,226.0,29.95,0,0.8739,1,0.0
863,28.7667,1,mask,,0.1043,0.0658,,0.17,,,,,216,1.0,0.657,0.0039,23.0,226.0,29.41,0,0.8686,1,0.0
864,28.8,1,mask,,-0.2722,0.0695,,0.1105,,,,,143,0.6942,0.1779,0.0036,22.0,196.0,29.15,0,0.8727,1,0.0
865,28.8333,1,mask,,-0.2627,0.0705,,0.0291,,,,,197,0.9078,0.5392,0.0031,23.0,221.0,29.18,0,0.8645,1,0.0
866,28.8667,1,mask,,-0.2681,-0.0461,,-3.4986,,,,,190,0.8796,0.497,0.0024,23.0,207.0,29.28,0,0.8645,1,0.0
867,28.9,1,mask,,-0.1604,-0.1219,,-2.2741,,,,,215,0.9954,0.6484,0.0057,23.0,225.0,29.03,0,0.8689,1,0.0
868,28.9333,1,mask,,-0.0314,-0.1712,,-1.4781,,,,,216,1.0,0.6289,0.0012,23.0,226.0,29.24,0,0.8742,1,0.0
869,28.9667,1,mask,,-0.0943,-0.1674,,0.1135,,,,,207,0.9628,0.5156,0.0018,23.0,222.0,29.35,0,0.8857,1,0.0
870,29.0,1,mask,,0.0018,-0.1418,,0.7683,,,,,215,1.0,0.5877,0.0003,23.0,225.0,29.17,0,0.8825,1,0.0
871,29.0333,1,mask,,-0.0005,-0.1032,,1.1594,,,,,215,1.0,0.5675,0.0007,23.0,225.0,29.19,0,0.8865,1,0.0
872,29.0667,1,mask,,0.0041,-0.0672,,1.0784,,,,,215,0.9954,0.5913,0.0013,23.0,225.0,29.21,0,0.8804,1,0.0
873,29.1,1,mask,,0.0028,-0.043,,0.7253,,,,,215,0.9954,0.5837,0.0009,23.0,225.0,29.3,0,0.8819,1,0.0
874,29.1333,1,mask,,-0.1858,-0.0273,,0.4714,,,,,184,0.8519,0.3856,0.0051,23.0,201.0,29.25,0,0.8784,1,0.0
875,29.1667,1,mask,,-0.2087,-0.0179,,0.2821,,,,,192,0.8889,0.4263,0.0019,23.0,202.0,29.56,0,0.8814,1,0.0
876,29.2,1,mask,,-0.1924,-0.0767,,-1.7628,,,,,193,0.9104,0.4594,0.0004,22.0,202.0,29.31,0,0.8812,1,0.0
877,29.2333,1,mask,,-0.234,-0.1172,,-1.2146,,,,,191,0.9009,0.4376,0.0015,23.0,202.0,29.53,0,0.8828,1,0.0
878,29.2667,1,mask,,-0.2265,-0.1492,,-0.9612,,,,,193,0.9019,0.4833,0.0003,23.0,202.0,29.43,0,0.8739,1,0.0
879,29.3,1,mask,,-0.2196,-0.1739,,-0.7394,,,,,191,0.9009,0.4901,0.0008,23.0,202.0,29.18,0,0.8723,1,0.0
880,29.3333,1,mask,,-0.1797,-0.1899,,-0.4806,,,,,189,0.8957,0.484,0.0,23.0,202.0,29.12,0,0.8719,1,0.0
881,29.3667,1,mask,,0.0709,-0.2003,,-0.3124,,,,,211,0.9953,0.7487,0.0032,23.0,221.0,29.33,0,0.8488,1,0.0
882,29.4,1,mask,,0.0619,-0.1931,,0.2164,,,,,211,1.0,0.7625,0.0036,23.0,221.0,29.13,0,0.8475,1,0.0
883,29.4333,1,mask,,0.0209,-0.1182,,2.2474,,,,,208,0.9858,0.7482,0.0012,23.0,220.0,29.3,0,0.8461,1,0.0
884,29.4667,1,mask,,0.0266,-0.0675,,1.5202,,,,,207,0.9764,0.6694,0.0029,23.0,220.0,29.48,0,0.859,1,0.0
885,29.5,1,mask,,-0.145,-0.0346,,0.9881,,,,,197,0.9381,0.5397,0.0032,23.0,207.0,29.17,0,0.8735,1,0.0
886,29.5333,1,mask,,-0.0402,-0.0151,,0.5829,,,,,203,0.9621,0.6069,0.0017,23.0,212.0,29.13,0,0.8672,1,0.0
887,29.5667,1,mask,,-0.1302,-0.0239,,-0.2636,,,,,195,0.942,0.5457,0.0006,23.0,207.0,29.1,0,0.8735,1,0.0
888,29.6,1,mask,,-0.1317,-0.0611,,-1.1159,,,,,189,0.9356,0.4881,0.0041,23.0,204.0,29.24,0,0.8831,1,0.0
889,29.6333,1,mask,,-0.1562,-0.0858,,-0.7413,,,,,197,0.9471,0.5394,0.0027,22.0,206.0,29.28,0,0.8763,1,0.0
890,29.6667,1,mask,,-0.145,-0.1019,,-0.4818,,,,,194,0.9463,0.5258,0.0034,23.0,206.0,29.17,0,0.8787,1,0.0
891,29.7,1,mask,,-0.1296,-0.1123,,-0.3132,,,,,197,0.9471,0.5256,0.003,22.0,206.0,29.2,0,0.879,1,0.0
892,29.7333,1,mask,,-0.1445,-0.1236,,-0.3374,,,,,194,0.9463,0.5211,0.0042,23.0,206.0,29.1,0,0.8797,1,0.0
893,29.7667,1,mask,,-0.1496,-0.1311,,-0.2245,,,,,191,0.9455,0.5138,0.0045,23.0,206.0,29.29,0,0.8809,1,0.0
894,29.8,1,mask,,-0.1475,-0.1359,,-0.1459,,,,,191,0.9363,0.5276,0.0041,23.0,206.0,29.37,0,0.8754,1,0.0
895,29.8333,1,mask,,-0.1565,-0.14,,-0.1218,,,,,191,0.9409,0.5188,0.0041,23.0,206.0,29.47,0,0.8785,1,0.0
896,29.8667,1,mask,,-0.1564,-0.1433,,-0.1011,,,,,190,0.9406,0.5246,0.0042,23.0,206.0,29.5,0,0.8773,1,0.0
897,29.9,1,mask,,-0.1517,-0.1463,,-0.0876,,,,,190,0.9406,0.5252,0.0043,23.0,206.0,29.48,0,0.8771,1,0.0
898,29.9333,1,mask,,-0.2231,-0.1498,,-0.1059,,,,,190,0.9453,0.5324,0.0045,23.0,206.0,29.51,0,0.8771,1,0.0
899,29.9667,1,mask,,-0.2231,-0.1522,,-0.0709,,,,,190,0.9453,0.5324,0.0045,23.0,206.0,29.32,0,0.8771,1,0.0
900,30.0,1,mask,,-0.0418,-0.1536,,-0.044,,,,,189,0.9087,0.6352,0.0095,23.0,205.0,27.82,0,0.8456,1,0.0
901,30.0333,1,mask,,-0.0158,-0.1529,,0.0203,,,,,192,0.9275,0.6568,0.0122,23.0,205.0,27.8,0,0.8469,1,0.0
902,30.0667,1,mask,,0.0021,-0.1141,,1.1666,,,,,192,0.9275,0.6559,0.0117,23.0,205.0,27.61,0,0.8471,1,0.0
903,30.1,0,,no_mask,,,,,,,,,0,0.0,,,,,,0,0.0,1,0.0
904,30.1333,0,,no_mask,,,,,,,,,0,0.0,,,,,,0,0.0,1,0.0
905,30.1667,0,,no_mask,,,,,,,,,0,0.0,,,,,,0,0.0,1,0.0
906,30.2,1,mask,,0.1018,-0.056,,,,,,,225,0.9956,0.9341,0.0011,23.0,231.0,27.61,0,0.8119,1,0.0
907,30.2333,1,mask,,-0.0393,-0.0254,,0.9156,,,,,203,0.9355,0.7299,0.0076,23.0,211.0,27.59,0,0.8347,1,0.0
908,30.2667,1,mask,,0.343,0.0191,,1.3361,,,,,228,1.0,0.9365,0.0042,24.0,230.0,27.51,0,0.8127,1,0.0
909,30.3,1,mask,,0.3151,0.0854,,1.9884,,,,,228,1.0,0.9608,0.0026,24.0,230.0,27.9,0,0.8078,1,0.0
910,30.3333,1,mask,,0.2799,0.1535,,2.043,,,,,228,1.0,0.9535,0.0008,24.0,230.0,27.69,0,0.8093,1,0.0
911,30.3667,1,mask,,0.3149,0.21,,1.6946,,,,,228,1.0,0.989,0.0022,24.0,230.0,27.95,0,0.8022,1,0.0
912,30.4,1,mask,,0.2742,0.2467,,1.1015,,,,,227,1.0,1.0732,0.0011,24.0,230.0,28.17,0,0.7854,1,0.0
913,30.4333,1,mask,,0.3122,0.2696,,0.688,,,,,222,0.9737,0.9998,0.0013,24.0,230.0,28.0,0,0.7921,1,0.0
914,30.4667,1,mask,,0.1864,0.2732,,0.1085,,,,,228,1.0,1.0473,0.0005,24.0,230.0,27.89,0,0.7905,1,0.0
915,30.5,1,mask,,0.0665,0.2736,,0.01,,,,,209,0.9167,0.8066,0.0029,24.0,215.0,27.87,0,0.8137,1,0.0
916,30.5333,1,mask,,-0.0488,0.2431,,-0.915,,,,,201,0.8816,0.6506,0.0026,24.0,206.0,27.89,0,0.8344,1,0.0
917,30.5667,1,mask,,-0.0517,0.1813,,-1.8538,,,,,202,0.886,0.6518,0.0028,24.0,206.0,27.9,0,0.8354,1,0.0
918,30.6,1,mask,,-0.043,0.1028,,-2.3552,,,,,203,0.8904,0.6552,0.0029,24.0,206.0,27.84,0,0.8361,1,0.0
919,30.6333,1,mask,,0.226,0.0517,,-1.5309,,,,,219,0.9605,0.8606,0.0046,24.0,230.0,27.88,0,0.816,1,0.0
920,30.6667,1,mask,,0.3006,0.0186,,-0.9951,,,,,224,1.0,0.9175,0.0015,24.0,230.0,27.97,0,0.8165,1,0.0
921,30.7,1,mask,,0.0522,0.0303,,0.3532,,,,,206,0.9279,0.7261,0.0009,23.0,212.0,28.02,0,0.8332,1,0.0
922,30.7333,1,mask,,0.0535,0.0384,,0.2433,,,,,209,0.933,0.7166,0.0014,23.0,211.0,28.07,0,0.8366,1,0.0
923,30.7667,1,mask,,0.0783,0.0524,,0.4189,,,,,210,0.9375,0.7451,0.0073,24.0,212.0,28.2,0,0.8322,1,0.0
924,30.8,1,mask,,0.0667,0.0574,,0.1496,,,,,208,0.9327,0.7217,0.0053,24.0,211.0,28.13,0,0.8355,1,0.0
925,30.8333,1,mask,,0.068,0.0606,,0.0973,,,,,208,0.9204,0.7207,0.0054,24.0,211.0,28.28,0,0.832,1,0.0
926,30.8667,1,mask,,0.0657,0.0627,,0.0632,,,,,209,0.9207,0.7188,0.0051,24.0,211.0,28.24,0,0.8324,1,0.0
927,30.9,1,mask,,0.0579,0.0641,,0.0411,,,,,208,0.9163,0.7161,0.0062,24.0,211.0,28.12,0,0.8317,1,0.0
928,30.9333,1,mask,,0.105,0.065,,0.0267,,,,,209,0.9167,0.7261,0.0033,24.0,211.0,28.32,0,0.8298,1,0.0
929,30.9667,1,mask,,0.0596,0.0653,,0.0075,,,,,209,0.9207,0.7252,0.0016,24.0,211.0,28.4,0,0.8312,1,0.0
930,31.0,1,mask,,0.0733,0.0654,,0.0049,,,,,209,0.9207,0.7225,0.0069,24.0,211.0,28.28,0,0.8317,1,0.0
931,31.0333,1,mask,,0.0714,0.0675,,0.0625,,,,,209,0.9167,0.7251,0.003,24.0,211.0,28.27,0,0.83,1,0.0
932,31.0667,1,mask,,0.0526,0.0689,,0.0406,,,,,209,0.9167,0.6899,0.0015,24.0,211.0,28.29,0,0.837,1,0.0
933,31.1,1,mask,,0.0633,0.0669,,-0.0583,,,,,209,0.9167,0.7134,0.0015,23.0,211.0,27.95,0,0.8323,1,0.0
934,31.1333,1,mask,,0.064,0.0659,,-0.0309,,,,,209,0.9207,0.7133,0.0015,23.0,211.0,27.99,0,0.8336,1,0.0
935,31.1667,1,mask,,0.058,0.065,,-0.0271,,,,,209,0.9207,0.6976,0.0016,24.0,211.0,27.83,0,0.8367,1,0.0
936,31.2,1,mask,,0.1726,0.0644,,-0.0176,,,,,215,0.9471,0.7608,0.0061,24.0,217.0,27.56,0,0.832,1,0.0
937,31.2333,1,mask,,0.1714,0.0642,,-0.0044,,,,,215,0.9513,0.7634,0.0074,24.0,217.0,27.68,0,0.8327,1,0.0
938,31.2667,1,mask,,0.1844,0.1018,,1.1254,,,,,215,0.9513,0.7555,0.0073,24.0,217.0,27.67,0,0.8343,1,0.0
939,31.3,1,mask,,0.4183,0.1266,,0.7443,,,,,172,0.7611,0.4556,0.0014,23.0,217.0,27.59,0,0.8372,1,0.0
940,31.3333,1,mask,,0.1981,0.1468,,0.6076,,,,,214,0.9469,0.7154,0.0074,24.0,217.0,27.45,0,0.841,1,0.0
941,31.3667,1,mask,,0.1457,0.16,,0.3949,,,,,208,0.9455,0.6428,0.0091,23.5,210.0,27.66,0,0.8551,1,0.0
942,31.4,1,mask,,0.1899,0.1704,,0.3136,,,,,212,0.9593,0.6731,0.0094,24.0,216.0,27.71,0,0.8532,1,0.0
943,31.4333,1,mask,,0.1869,0.1772,,0.2038,,,,,210,0.9545,0.6507,0.0095,24.0,212.0,27.57,0,0.8562,1,0.0
944,31.4667,1,mask,,0.0605,0.1806,,0.1016,,,,,211,0.9462,0.6931,0.0022,24.0,212.0,27.9,0,0.8452,1,0.0
945,31.5,1,mask,,0.2151,0.1828,,0.066,,,,,212,0.9593,0.6484,0.0104,24.0,216.0,28.22,0,0.8581,1,0.0
946,31.5333,1,mask,,0.0842,0.1843,,0.0429,,,,,206,0.9075,0.661,0.0016,24.0,212.0,28.29,0,0.84,1,0.0
947,31.5667,1,mask,,0.2155,0.1852,,0.0279,,,,,217,0.9602,0.7544,0.0063,24.0,228.0,28.28,0,0.8372,1,0.0
948,31.6,1,mask,,0.2887,0.1957,,0.3145,,,,,224,1.0,0.7418,0.0079,24.0,228.0,28.09,0,0.8516,1,0.0
949,31.6333,1,mask,,0.2983,0.2026,,0.2085,,,,,224,1.0,0.7161,0.0088,24.0,228.0,27.97,0,0.8568,1,0.0
950,31.6667,1,mask,,0.2958,0.2327,,0.9036,,,,,225,1.0,0.7139,0.0084,24.0,229.0,27.92,0,0.8572,1,0.0
951,31.7,1,mask,,0.3121,0.2548,,0.6626,,,,,225,1.0,0.7162,0.0097,24.0,229.0,27.95,0,0.8568,1,0.0
952,31.7333,1,mask,,0.2914,0.2692,,0.4307,,,,,224,1.0,0.7312,0.01,24.0,229.0,27.99,0,0.8538,1,0.0
953,31.7667,1,mask,,0.2799,0.2785,,0.28,,,,,224,1.0,0.7417,0.0104,24.0,229.0,27.83,0,0.8517,1,0.0
954,31.8,1,mask,,0.2688,0.283,,0.135,,,,,223,1.0,0.7197,0.0106,24.0,229.0,27.96,0,0.8561,1,0.0
955,31.8333,1,mask,,0.2782,0.2819,,-0.0327,,,,,224,1.0,0.715,0.0102,24.0,229.0,27.88,0,0.857,1,0.0
956,31.8667,1,mask,,0.2907,0.2812,,-0.0213,,,,,224,1.0,0.6956,0.0101,24.0,229.0,27.93,0,0.8609,1,0.0
957,31.9,1,mask,,0.3031,0.2808,,-0.0138,,,,,225,1.0,0.6943,0.0101,24.0,229.0,28.03,0,0.8611,1,0.0
958,31.9333,1,mask,,0.2841,0.2819,,0.0347,,,,,224,1.0,0.6943,0.0107,24.0,229.0,28.06,0,0.8611,1,0.0
959,31.9667,1,mask,,0.29,0.2847,,0.0846,,,,,224,1.0,0.7049,0.0104,24.0,229.0,27.88,0,0.859,1,0.0
960,32.0,1,mask,,0.2907,0.2868,,0.0622,,,,,227,1.0,0.7015,0.0107,24.0,229.0,27.82,0,0.8597,1,0.0
961,32.0333,1,mask,,0.2781,0.2879,,0.0332,,,,,227,1.0,0.7012,0.0103,24.0,229.0,28.11,0,0.8598,1,0.0
962,32.0667,1,mask,,0.2757,0.2866,,-0.0404,,,,,228,1.0,0.7024,0.0102,24.0,229.0,28.2,0,0.8595,1,0.0
963,32.1,1,mask,,0.288,0.2871,,0.0154,,,,,228,1.0,0.6868,0.0112,24.0,229.0,28.16,0,0.8626,1,0.0
964,32.1333,1,mask,,0.2925,0.2874,,0.01,,,,,228,1.0,0.6763,0.0094,24.0,229.0,28.11,0,0.8647,1,0.0
965,32.1667,1,mask,,0.2909,0.2876,,0.0065,,,,,228,1.0,0.6916,0.0085,24.0,229.0,28.03,0,0.8617,1,0.0
966,32.2,1,mask,,0.2714,0.2878,,0.0042,,,,,228,1.0,0.6806,0.0068,24.0,229.0,28.11,0,0.8639,1,0.0
967,32.2333,1,mask,,0.2699,0.2879,,0.0027,,,,,227,1.0,0.6596,0.0104,24.0,229.0,28.08,0,0.8681,1,0.0
968,32.2667,1,mask,,0.198,0.2821,,-0.1725,,,,,220,0.9735,0.6312,0.0103,24.0,224.0,28.02,0,0.8658,1,0.0
969,32.3,1,mask,,0.2925,0.2784,,-0.1121,,,,,227,1.0,0.6854,0.0094,24.0,229.0,28.4,0,0.8629,1,0.0
970,32.3333,1,mask,,0.1455,0.2754,,-0.0892,,,,,214,0.9427,0.5969,0.0093,24.0,218.0,28.28,0,0.8634,1,0.0
971,32.3667,1,mask,,0.1588,0.2483,,-0.8127,,,,,217,0.9518,0.5923,0.0087,24.0,224.0,28.38,0,0.8671,1,0.0
972,32.4,1,mask,,0.3466,0.2307,,-0.5282,,,,,229,1.0,0.6736,0.0079,24.0,229.0,28.44,0,0.8653,1,0.0
973,32.4333,1,mask,,0.3287,0.2523,,0.6483,,,,,229,1.0,0.6641,0.0094,24.0,229.0,28.27,0,0.8672,1,0.0
974,32.4667,1,mask,,0.3242,0.2775,,0.755,,,,,229,1.0,0.6694,0.0096,24.0,229.0,28.25,0,0.8661,1,0.0
975,32.5,1,mask,,0.3411,0.2954,,0.5374,,,,,229,1.0,0.6656,0.0099,24.0,229.0,28.32,0,0.8669,1,0.0
976,32.5333,1,mask,,0.3424,0.3114,,0.4794,,,,,229,1.0,0.6784,0.0101,24.0,229.0,28.37,0,0.8643,1,0.0
977,32.5667,1,mask,,0.3284,0.3174,,0.1815,,,,,229,1.0,0.6915,0.0103,24.0,229.0,28.22,0,0.8617,1,0.0
978,32.6,1,mask,,0.3395,0.3251,,0.2316,,,,,229,1.0,0.6868,0.0102,24.0,229.0,28.23,0,0.8626,1,0.0
979,32.6333,1,mask,,0.3306,0.3302,,0.1505,,,,,229,1.0,0.681,0.0102,24.0,229.0,28.16,0,0.8638,1,0.0
980,32.6667,1,mask,,0.3646,0.3334,,0.0978,,,,,230,1.0,0.6975,0.0081,24.0,229.0,28.32,0,0.8605,1,0.0
981,32.7,1,mask,,0.3609,0.3355,,0.0636,,,,,230,1.0,0.6931,0.0077,24.0,229.0,28.4,0,0.8614,1,0.0
982,32.7333,1,mask,,0.365,0.3444,,0.2666,,,,,230,1.0,0.6996,0.0079,24.0,229.0,28.39,0,0.8601,1,0.0
983,32.7667,1,mask,,0.373,0.3515,,0.2119,,,,,230,1.0,0.6934,0.0075,24.0,229.0,28.39,0,0.8613,1,0.0
984,32.8,1,mask,,0.3901,0.3562,,0.1419,,,,,230,1.0,0.6576,0.0074,25.0,229.0,28.18,0,0.8685,1,0.0
985,32.8333,1,mask,,0.348,0.3593,,0.0922,,,,,227,0.987,0.6332,0.0092,24.0,229.0,28.22,0,0.8694,1,0.0
986,32.8667,1,mask,,0.3367,0.3613,,0.0599,,,,,227,0.987,0.6343,0.0097,24.0,229.0,28.25,0,0.8692,1,0.0
987,32.9,1,mask,,0.3325,0.3566,,-0.1399,,,,,226,0.9826,0.6287,0.0094,25.0,229.0,28.36,0,0.869,1,0.0
988,32.9333,1,mask,,0.3367,0.3497,,-0.2092,,,,,227,0.987,0.6407,0.0098,25.0,229.0,28.08,0,0.8679,1,0.0
989,32.9667,1,mask,,0.3258,0.3451,,-0.1362,,,,,226,0.9826,0.6343,0.0101,24.5,229.0,28.11,0,0.8679,1,0.0
990,33.0,1,mask,,0.3184,0.3407,,-0.1321,,,,,225,0.9868,0.6344,0.0108,24.0,229.0,28.09,0,0.8692,1,0.0
991,33.0333,1,mask,,0.3457,0.3379,,-0.0859,,,,,223,0.9696,0.6066,0.0098,24.0,229.0,28.22,0,0.8695,1,0.0
992,33.0667,1,mask,,0.3613,0.3374,,-0.0122,,,,,221,0.9609,0.5916,0.0115,24.0,229.0,28.23,0,0.8699,1,0.0
993,33.1,1,mask,,0.3466,0.3403,,0.0866,,,,,226,0.9826,0.6041,0.0114,25.0,229.0,28.33,0,0.874,1,0.0
994,33.1333,1,mask,,0.3484,0.3425,,0.0654,,,,,223,0.9696,0.5933,0.0114,24.0,229.0,28.33,0,0.8722,1,0.0
995,33.1667,1,mask,,0.3623,0.3446,,0.062,,,,,224,0.9739,0.5683,0.0112,25.0,229.0,28.39,0,0.8785,1,0.0
996,33.2,1,mask,,0.423,0.3504,,0.1757,,,,,223,0.9696,0.5685,0.0091,25.0,229.0,27.63,0,0.8772,1,0.0
997,33.2333,1,mask,,0.4309,0.3546,,0.1244,,,,,225,0.9783,0.5611,0.0091,25.0,229.0,27.55,0,0.8813,1,0.0
998,33.2667,1,mask,,0.4329,0.3785,,0.7187,,,,,225,0.9783,0.5574,0.009,25.0,229.0,27.44,0,0.882,1,0.0
999,33.3,1,mask,,0.4328,0.3969,,0.5499,,,,,225,0.9783,0.5575,0.009,25.0,229.0,27.53,0,0.882,1,0.0
1000,33.3333,1,mask,,0.3769,0.4088,,0.3574,,,,,229,1.0,0.6845,0.0133,24.0,231.0,27.56,0,0.8631,1,0.0
1001,33.3667,1,mask,,0.3448,0.4165,,0.2323,,,,,201,0.8701,0.4136,0.0073,24.0,215.0,27.6,0,0.8783,1,0.0
1002,33.4,1,mask,,0.4359,0.4222,,0.1704,,,,,231,1.0,0.5746,0.0098,24.0,230.0,27.64,0,0.8851,1,0.0
1003,33.4333,1,mask,,0.3629,0.4063,,-0.4761,,,,,216,0.9351,0.4886,0.0095,24.0,229.0,27.57,0,0.8828,1,0.0
1004,33.4667,1,mask,,0.3365,0.3912,,-0.4556,,,,,203,0.8788,0.4217,0.0075,24.0,214.0,27.51,0,0.8793,1,0.0
1005,33.5,1,mask,,0.3355,0.3749,,-0.4869,,,,,210,0.9091,0.4708,0.0098,24.0,214.0,27.2,0,0.8786,1,0.0
1006,33.5333,1,mask,,0.2879,0.3615,,-0.4035,,,,,210,0.9091,0.4703,0.0099,24.0,214.0,27.11,0,0.8787,1,0.0
1007,33.5667,1,mask,,0.2469,0.3524,,-0.2727,,,,,214,0.9264,0.5048,0.0107,24.0,214.0,27.13,0,0.877,1,0.0
1008,33.6,1,mask,,0.4958,0.3465,,-0.1772,,,,,209,0.9048,0.4491,0.0096,24.0,230.0,27.26,0,0.8816,1,0.0
1009,33.6333,1,mask,,0.4537,0.3426,,-0.1152,,,,,218,0.9437,0.4858,0.0089,24.0,230.0,27.21,0,0.886,1,0.0
1010,33.6667,1,mask,,0.4541,0.3815,,1.1662,,,,,218,0.9437,0.4857,0.0089,24.0,230.0,27.22,0,0.886,1,0.0
1011,33.7,1,mask,,0.3824,0.4068,,0.758,,,,,231,1.0,0.5617,0.0109,24.0,230.0,27.06,0,0.8877,1,0.0
1012,33.7333,1,mask,,0.4164,0.4232,,0.4927,,,,,206,0.8918,0.4514,0.0102,24.0,230.0,27.0,0,0.8772,1,0.0
1013,33.7667,1,mask,,0.4263,0.4243,,0.0322,,,,,220,0.9524,0.4837,0.0119,24.0,230.0,26.99,0,0.889,1,0.0
1014,33.8,1,mask,,0.4151,0.4215,,-0.083,,,,,231,1.0,0.5544,0.0114,24.0,230.0,27.0,0,0.8891,1,0.0
1015,33.8333,1,mask,,0.4091,0.4193,,-0.0669,,,,,231,1.0,0.5467,0.0116,24.0,230.0,27.04,0,0.8907,1,0.0
1016,33.8667,1,mask,,0.4566,0.4183,,-0.0305,,,,,220,0.9524,0.4903,0.0111,24.0,230.0,26.88,0,0.8876,1,0.0
1017,33.9,1,mask,,0.397,0.4172,,-0.0328,,,,,231,1.0,0.5616,0.0116,24.0,230.0,26.87,0,0.8877,1,0.0
1018,33.9333,1,mask,,0.4552,0.4165,,-0.0213,,,,,218,0.9437,0.4889,0.0109,24.0,230.0,26.94,0,0.8853,1,0.0
1019,33.9667,1,mask,,0.3918,0.4139,,-0.0774,,,,,231,1.0,0.5696,0.0115,24.0,230.0,26.83,0,0.8861,1,0.0
1020,34.0,1,mask,,0.4221,0.4168,,0.0867,,,,,221,0.9567,0.4852,0.0082,24.0,230.0,26.44,0,0.89,1,0.0
1021,34.0333,1,mask,,0.3925,0.4098,,-0.2078,,,,,231,1.0,0.531,0.0114,24.0,230.0,26.46,0,0.8938,1,0.0
1022,34.0667,1,mask,,0.3963,0.4051,,-0.1427,,,,,231,1.0,0.528,0.0129,24.0,230.0,26.35,0,0.8944,1,0.0
1023,34.1,1,mask,,0.4414,0.402,,-0.0927,,,,,201,0.8701,0.3635,0.0099,24.0,230.0,26.22,0,0.8883,1,0.0
1024,34.1333,1,mask,,0.3906,0.4,,-0.0603,,,,,231,1.0,0.5383,0.0127,24.0,230.0,26.29,0,0.8923,1,0.0
1025,34.1667,1,mask,,0.3799,0.3974,,-0.0784,,,,,227,0.9827,0.4519,0.0104,24.0,230.0,26.21,0,0.9044,1,0.0
1026,34.2,1,mask,,0.3712,0.395,,-0.0706,,,,,230,0.9957,0.4764,0.0104,24.0,230.0,26.22,0,0.9034,1,0.0
1027,34.2333,1,mask,,0.3529,0.3897,,-0.1584,,,,,227,0.9913,0.4969,0.0097,24.0,230.0,26.25,0,0.898,1,0.0
1028,34.2667,1,mask,,0.3529,0.3833,,-0.1942,,,,,227,0.9913,0.5022,0.0099,24.0,230.0,26.35,0,0.8969,1,0.0
1029,34.3,1,mask,,0.3485,0.3726,,-0.3185,,,,,227,0.9913,0.5013,0.0095,24.0,230.0,26.07,0,0.8971,1,0.0
1030,34.3333,1,mask,,0.3386,0.3657,,-0.2073,,,,,225,0.9868,0.502,0.0105,24.0,230.0,25.97,0,0.8957,1,0.0
1031,34.3667,1,mask,,0.361,0.3612,,-0.1347,,,,,226,0.9912,0.5087,0.0099,24.0,230.0,26.01,0,0.8956,1,0.0
1032,34.4,1,mask,,0.3672,0.3583,,-0.0876,,,,,228,1.0,0.532,0.013,24.0,230.0,26.91,0,0.8936,1,0.0
1033,34.4333,1,mask,,0.3205,0.3549,,-0.1031,,,,,226,0.9912,0.4967,0.0132,24.0,230.0,26.62,0,0.898,1,0.0
1034,34.4667,1,mask,,0.3411,0.3501,,-0.1443,,,,,226,0.9912,0.4991,0.0123,24.0,230.0,26.62,0,0.8975,1,0.0
1035,34.5,1,mask,,0.3485,0.3495,,-0.0167,,,,,229,1.0,0.4858,0.0114,24.0,230.0,26.69,0,0.9028,1,0.0
1036,34.5333,1,mask,,0.2922,0.3466,,-0.088,,,,,219,0.9522,0.4162,0.0124,24.0,227.0,26.65,0,0.9024,1,0.0
1037,34.5667,1,mask,,0.3329,0.3418,,-0.1435,,,,,220,0.9524,0.4135,0.0109,24.0,228.0,26.54,0,0.903,1,0.0
1038,34.6,1,mask,,0.4357,0.3416,,-0.007,,,,,194,0.8398,0.3093,0.0087,24.0,229.0,26.61,0,0.8901,1,0.0
1039,34.6333,1,mask,,0.4045,0.344,,0.0726,,,,,210,0.9091,0.3666,0.01,24.0,230.0,26.67,0,0.8994,1,0.0
1040,34.6667,1,mask,,0.438,0.3652,,0.6357,,,,,198,0.8571,0.3317,0.0092,24.0,230.0,26.7,0,0.8908,1,0.0
1041,34.7,1,mask,,0.4901,0.3899,,0.7408,,,,,175,0.7576,0.2355,0.008,24.0,230.0,26.67,0,0.8802,1,0.0
1042,34.7333,1,mask,,0.4192,0.4059,,0.4815,,,,,196,0.8485,0.3583,0.009,24.0,230.0,26.58,0,0.8829,1,0.0
1043,34.7667,1,mask,,0.309,0.4106,,0.1394,,,,,231,1.0,0.519,0.0105,24.0,230.0,26.66,0,0.8962,1,0.0
1044,34.8,1,mask,,0.3992,0.4136,,0.0906,,,,,220,0.9524,0.3814,0.0124,24.0,230.0,26.49,0,0.9094,1,0.0
1045,34.8333,1,mask,,0.4042,0.4103,,-0.0987,,,,,219,0.9481,0.3843,0.0115,24.0,230.0,26.77,0,0.9076,1,0.0
1046,34.8667,1,mask,,0.4071,0.4082,,-0.0642,,,,,219,0.9481,0.3828,0.0121,24.0,230.0,26.68,0,0.9078,1,0.0
1047,34.9,1,mask,,0.4113,0.4068,,-0.0417,,,,,217,0.9394,0.3777,0.012,24.0,230.0,26.65,0,0.9063,1,0.0
1048,34.9333,1,mask,,0.4157,0.4069,,0.0036,,,,,216,0.9351,0.3757,0.0117,24.0,230.0,26.66,0,0.9054,1,0.0
1049,34.9667,1,mask,,0.2807,0.407,,0.0024,,,,,213,0.9221,0.4018,0.0125,24.0,216.0,26.63,0,0.8963,1,0.0
1050,35.0,1,mask,,0.2921,0.407,,0.0015,,,,,217,0.9394,0.4,0.0133,24.0,222.0,25.86,0,0.9018,1,0.0
1051,35.0333,1,mask,,0.2996,0.3694,,-1.1284,,,,,216,0.9351,0.395,0.0134,24.0,215.0,26.35,0,0.9015,1,0.0
1052,35.0667,1,mask,,0.3022,0.345,,-0.7335,,,,,216,0.9351,0.3909,0.0135,24.0,215.0,26.32,0,0.9023,1,0.0
1053,35.1,1,mask,,0.308,0.3291,,-0.4768,,,,,216,0.9351,0.3922,0.014,24.0,215.0,26.34,0,0.9021,1,0.0
1054,35.1333,1,mask,,0.3021,0.3196,,-0.2832,,,,,216,0.9351,0.3953,0.0141,24.0,215.0,26.26,0,0.9015,1,0.0
1055,35.1667,1,mask,,0.3037,0.3135,,-0.1827,,,,,216,0.9351,0.3977,0.0143,24.0,215.0,26.19,0,0.901,1,0.0
1056,35.2,1,mask,,0.3524,0.3101,,-0.1033,,,,,216,0.9391,0.3608,0.0166,24.0,215.0,25.43,0,0.9096,1,0.0
1057,35.2333,1,mask,,0.3857,0.3094,,-0.0226,,,,,216,0.9351,0.338,0.0155,24.0,215.0,25.57,0,0.9129,1,0.0
1058,35.2667,1,mask,,0.3869,0.3244,,0.4524,,,,,216,0.9351,0.3361,0.0155,24.0,215.0,25.53,0,0.9133,1,0.0
1059,35.3,1,mask,,0.389,0.3459,,0.6433,,,,,216,0.9351,0.3335,0.0156,24.0,215.0,25.44,0,0.9138,1,0.0
1060,35.3333,1,mask,,0.3899,0.3602,,0.4312,,,,,214,0.9264,0.3314,0.0157,24.0,215.0,25.42,0,0.9117,1,0.0
1061,35.3667,1,mask,,0.403,0.3703,,0.3023,,,,,214,0.9264,0.3381,0.0155,24.0,215.0,25.36,0,0.9103,1,0.0
1062,35.4,1,mask,,0.338,0.3769,,0.1965,,,,,216,0.9391,0.3839,0.0135,24.0,226.0,25.44,0,0.905,1,0.0
1063,35.4333,1,mask,,0.3888,0.3811,,0.1277,,,,,215,0.9307,0.3357,0.0158,24.0,215.0,25.39,0,0.9121,1,0.0
1064,35.4667,1,mask,,0.4108,0.3842,,0.0924,,,,,227,0.987,0.4451,0.015,24.0,227.0,25.41,0,0.9071,1,0.0
1065,35.5,1,mask,,0.3888,0.3858,,0.0487,,,,,216,0.9351,0.3385,0.0158,24.0,215.0,25.41,0,0.9128,1,0.0
1066,35.5333,1,mask,,0.376,0.3869,,0.031,,,,,218,0.9478,0.3986,0.0136,24.0,227.0,25.35,0,0.9046,1,0.0
1067,35.5667,1,mask,,0.3537,0.3875,,0.0201,,,,,218,0.9478,0.3788,0.012,24.0,226.0,25.32,0,0.9086,1,0.0
1068,35.6,1,mask,,0.375,0.3835,,-0.1208,,,,,224,0.9739,0.3879,0.0142,24.0,228.0,25.11,0,0.9146,1,0.0
1069,35.6333,1,mask,,0.3615,0.3805,,-0.0896,,,,,216,0.9351,0.3499,0.0153,24.0,215.0,25.31,0,0.9105,1,0.0
1070,35.6667,1,mask,,0.3463,0.3739,,-0.1993,,,,,218,0.9478,0.3878,0.0122,24.0,227.0,25.17,0,0.9068,1,0.0
1071,35.7,1,mask,,0.4309,0.3696,,-0.1295,,,,,230,1.0,0.4555,0.0134,24.0,229.0,25.12,0,0.9089,1,0.0
1072,35.7333,1,mask,,0.3531,0.3668,,-0.0842,,,,,216,0.9351,0.3691,0.016,24.0,215.0,25.16,0,0.9067,1,0.0
1073,35.7667,1,mask,,0.3297,0.362,,-0.143,,,,,217,0.9435,0.386,0.0121,24.0,227.0,25.18,0,0.9058,1,0.0
1074,35.8,1,mask,,0.3279,0.3565,,-0.1643,,,,,218,0.9478,0.3843,0.0116,24.0,227.0,24.97,0,0.9075,1,0.0
1075,35.8333,1,mask,,0.3186,0.3471,,-0.2813,,,,,216,0.9391,0.3814,0.0119,24.0,216.0,24.96,0,0.9055,1,0.0
1076,35.8667,1,mask,,0.3287,0.3407,,-0.1934,,,,,215,0.9348,0.3614,0.0126,24.0,216.0,24.87,0,0.9082,1,0.0
1077,35.9,1,mask,,0.3994,0.3365,,-0.1257,,,,,227,0.987,0.3942,0.0168,24.0,229.0,25.0,0,0.9173,1,0.0
1078,35.9333,1,mask,,0.3825,0.3338,,-0.0817,,,,,226,0.9869,0.3998,0.0177,24.0,229.0,25.02,0,0.9161,1,0.0
1079,35.9667,1,mask,,0.3891,0.3508,,0.5121,,,,,226,0.9869,0.4001,0.0175,24.0,229.0,24.99,0,0.9161,1,0.0
1080,36.0,1,mask,,0.3955,0.3642,,0.402,,,,,226,0.9869,0.3927,0.0181,24.0,229.0,24.94,0,0.9175,1,0.0
1081,36.0333,1,mask,,0.4101,0.3752,,0.3284,,,,,226,0.9869,0.3665,0.0195,24.0,229.0,25.26,0,0.9228,1,0.0
1082,36.0667,1,mask,,0.4124,0.3823,,0.2134,,,,,226,0.9869,0.3663,0.0185,24.0,229.0,25.05,0,0.9228,1,0.0
1083,36.1,1,mask,,0.404,0.3899,,0.2275,,,,,226,0.9869,0.3707,0.018,24.0,229.0,25.13,0,0.9219,1,0.0
1084,36.1333,1,mask,,0.4122,0.3969,,0.2117,,,,,226,0.9869,0.3635,0.0178,24.0,229.0,24.89,0,0.9234,1,0.0
1085,36.1667,1,mask,,0.4137,0.4023,,0.1602,,,,,226,0.9869,0.3625,0.0186,24.0,229.0,24.89,0,0.9236,1,0.0
1086,36.2,1,mask,,0.4371,0.4058,,0.1066,,,,,224,0.9868,0.3523,0.0179,24.0,230.0,24.77,0,0.9256,1,0.0
1087,36.2333,1,mask,,0.373,0.4081,,0.0668,,,,,228,0.9913,0.4457,0.0145,24.0,228.0,24.89,0,0.9082,1,0.0
1088,36.2667,1,mask,,0.3797,0.4095,,0.0434,,,,,229,0.9957,0.4538,0.0138,24.0,229.0,24.88,0,0.9079,1,0.0
1089,36.3,1,mask,,0.4655,0.411,,0.0438,,,,,227,0.987,0.3526,0.0187,24.0,230.0,24.86,0,0.9256,1,0.0
1090,36.3333,1,mask,,0.4457,0.4201,,0.2743,,,,,227,0.987,0.3577,0.0196,24.0,230.0,25.16,0,0.9245,1,0.0
1091,36.3667,1,mask,,0.4333,0.4247,,0.1387,,,,,227,0.987,0.3594,0.0198,24.0,230.0,25.1,0,0.9242,1,0.0
1092,36.4,1,mask,,0.4216,0.4277,,0.0901,,,,,227,0.987,0.3759,0.0198,24.0,230.0,25.31,0,0.9209,1,0.0
1093,36.4333,1,mask,,0.417,0.4297,,0.0586,,,,,228,0.987,0.3707,0.0192,24.0,230.0,25.56,0,0.922,1,0.0
1094,36.4667,1,mask,,0.4185,0.4269,,-0.0848,,,,,228,0.987,0.3651,0.0196,24.0,230.0,25.5,0,0.9231,1,0.0
1095,36.5,1,mask,,0.4202,0.4246,,-0.0697,,,,,227,0.987,0.3647,0.0176,24.0,229.0,25.33,0,0.9232,1,0.0
1096,36.5333,1,mask,,0.4223,0.423,,-0.0453,,,,,228,0.987,0.3624,0.0194,24.0,230.0,25.38,0,0.9236,1,0.0
1097,36.5667,1,mask,,0.4241,0.4221,,-0.0294,,,,,228,0.987,0.3595,0.0193,24.0,230.0,25.34,0,0.9242,1,0.0
1098,36.6,1,mask,,0.4221,0.4221,,0.0001,,,,,228,0.987,0.3611,0.0194,24.0,230.0,25.22,0,0.9239,1,0.0
1099,36.6333,1,mask,,0.4251,0.4221,,0.0021,,,,,228,0.987,0.3625,0.0193,24.0,230.0,25.17,0,0.9236,1,0.0
1100,36.6667,1,mask,,0.4232,0.4225,,0.0115,,,,,228,0.987,0.3594,0.0194,24.0,230.0,25.23,0,0.9242,1,0.0
1101,36.7,1,mask,,0.4116,0.4228,,0.0075,,,,,225,0.974,0.3571,0.0184,24.0,230.0,25.24,0,0.9208,1,0.0
1102,36.7333,1,mask,,0.4155,0.4225,,-0.0073,,,,,226,0.9784,0.3632,0.0174,24.0,230.0,25.23,0,0.9209,1,0.0
1103,36.7667,1,mask,,0.4228,0.4226,,0.0032,,,,,228,0.987,0.3631,0.0186,24.0,230.0,25.47,0,0.9235,1,0.0
1104,36.8,1,mask,,0.4056,0.4201,,-0.0753,,,,,228,0.987,0.3635,0.0179,24.0,230.0,25.07,0,0.9234,1,0.0
1105,36.8333,1,mask,,0.4074,0.4171,,-0.0899,,,,,228,0.987,0.364,0.0179,24.0,230.0,25.6,0,0.9233,1,0.0
1106,36.8667,1,mask,,0.4101,0.4146,,-0.0743,,,,,227,0.987,0.3588,0.0176,24.0,229.0,25.62,0,0.9243,1,0.0
1107,36.9,1,mask,,0.4152,0.413,,-0.0483,,,,,228,0.987,0.3643,0.0185,24.0,230.0,25.5,0,0.9233,1,0.0
1108,36.9333,1,mask,,0.4181,0.412,,-0.0314,,,,,228,0.987,0.3643,0.0185,24.0,230.0,25.39,0,0.9232,1,0.0
1109,36.9667,1,mask,,0.4146,0.4129,,0.0275,,,,,228,0.987,0.362,0.0185,24.0,230.0,25.46,0,0.9237,1,0.0
1110,37.0,1,mask,,0.4188,0.4137,,0.0238,,,,,228,0.987,0.3617,0.0187,24.0,230.0,25.37,0,0.9238,1,0.0
1111,37.0333,1,mask,,0.4205,0.4153,,0.0464,,,,,228,0.987,0.3651,0.0179,24.0,230.0,25.42,0,0.9231,1,0.0
1112,37.0667,1,mask,,0.4205,0.4165,,0.0375,,,,,228,0.987,0.3651,0.0179,24.0,230.0,25.51,0,0.9231,1,0.0
1113,37.1,1,mask,,0.4231,0.4179,,0.0422,,,,,228,0.987,0.3627,0.0183,24.0,230.0,25.57,0,0.9236,1,0.0
1114,37.1333,1,mask,,0.4199,0.4188,,0.0274,,,,,228,0.987,0.3661,0.0182,24.0,230.0,25.85,0,0.9229,1,0.0
1115,37.1667,1,mask,,0.4161,0.4194,,0.0178,,,,,228,0.987,0.3746,0.0177,24.0,230.0,25.87,0,0.9212,1,0.0
1116,37.2,1,mask,,0.4029,0.4196,,0.005,,,,,228,0.987,0.3748,0.0183,24.0,230.0,25.74,0,0.9211,1,0.0
1117,37.2333,1,mask,,0.41,0.4184,,-0.0362,,,,,227,0.987,0.3662,0.0183,24.0,230.0,26.12,0,0.9228,1,0.0
1118,37.2667,1,mask,,0.4133,0.4166,,-0.0529,,,,,227,0.987,0.3626,0.0189,24.0,230.0,26.25,0,0.9236,1,0.0
1119,37.3,1,mask,,0.4161,0.4155,,-0.0344,,,,,227,0.987,0.3613,0.019,24.0,230.0,26.28,0,0.9238,1,0.0
1120,37.3333,1,mask,,0.4117,0.4142,,-0.0393,,,,,228,0.987,0.3573,0.0177,24.0,230.0,26.16,0,0.9246,1,0.0
1121,37.3667,1,mask,,0.411,0.4133,,-0.0255,,,,,227,0.987,0.3572,0.0187,24.0,230.0,26.16,0,0.9246,1,0.0
1122,37.4,1,mask,,0.4108,0.4128,,-0.0166,,,,,227,0.987,0.3637,0.0187,24.0,230.0,26.2,0,0.9234,1,0.0
1123,37.4333,1,mask,,0.4127,0.4124,,-0.0108,,,,,227,0.987,0.3655,0.0178,24.0,230.0,26.06,0,0.923,1,0.0
1124,37.4667,1,mask,,0.4178,0.4122,,-0.007,,,,,227,0.987,0.3638,0.0178,24.0,230.0,26.02,0,0.9233,1,0.0
1125,37.5,1,mask,,0.4097,0.4117,,-0.0126,,,,,227,0.987,0.3653,0.0177,24.0,230.0,26.09,0,0.923,1,0.0
1126,37.5333,1,mask,,0.4129,0.4121,,0.0099,,,,,227,0.987,0.3651,0.0176,24.0,230.0,26.17,0,0.9231,1,0.0
1127,37.5667,1,mask,,0.4151,0.4124,,0.0089,,,,,227,0.987,0.3618,0.018,24.0,230.0,26.23,0,0.9237,1,0.0
1128,37.6,1,mask,,0.3952,0.4126,,0.0058,,,,,226,0.9784,0.3575,0.0186,24.0,230.0,25.24,0,0.922,1,0.0
1129,37.6333,1,mask,,0.4085,0.4116,,-0.0295,,,,,223,0.9781,0.3545,0.0177,24.0,230.0,25.7,0,0.9225,1,0.0
1130,37.6667,1,mask,,0.4127,0.412,,0.0118,,,,,222,0.978,0.3537,0.0178,24.0,230.0,25.8,0,0.9226,1,0.0
1131,37.7,1,mask,,0.4105,0.4114,,-0.0157,,,,,225,0.974,0.343,0.0177,24.0,230.0,25.43,0,0.9236,1,0.0
1132,37.7333,1,mask,,0.4058,0.4104,,-0.031,,,,,223,0.9738,0.3486,0.0174,24.0,230.0,25.71,0,0.9224,1,0.0
1133,37.7667,1,mask,,0.4077,0.4097,,-0.0201,,,,,222,0.9737,0.3482,0.0173,24.0,230.0,25.74,0,0.9225,1,0.0
1134,37.8,1,mask,,0.3926,0.409,,-0.0212,,,,,219,0.9605,0.3408,0.0169,24.0,225.0,26.05,0,0.92,1,0.0
1135,37.8333,1,mask,,0.3927,0.4079,,-0.0335,,,,,218,0.9604,0.3398,0.0166,24.0,225.0,25.95,0,0.9202,1,0.0
1136,37.8667,1,mask,,0.3927,0.4026,,-0.1594,,,,,218,0.9604,0.3398,0.0166,24.0,225.0,26.11,0,0.9202,1,0.0
1137,37.9,1,mask,,0.3958,0.3991,,-0.1036,,,,,218,0.9604,0.3369,0.0166,24.0,225.0,26.01,0,0.9207,1,0.0
1138,37.9333,1,mask,,0.4067,0.3969,,-0.0674,,,,,218,0.9646,0.3458,0.0166,24.0,225.0,26.09,0,0.9202,1,0.0
1139,37.9667,1,mask,,0.4116,0.3965,,-0.0118,,,,,219,0.969,0.3478,0.0168,24.0,230.0,25.99,0,0.9211,1,0.0
1140,38.0,1,mask,,0.4105,0.4001,,0.107,,,,,223,0.9696,0.3666,0.0171,24.0,225.0,25.66,0,0.9175,1,0.0
1141,38.0333,1,mask,,0.4224,0.4037,,0.1095,,,,,218,0.9689,0.3657,0.0164,24.0,225.0,25.79,0,0.9175,1,0.0
1142,38.0667,1,mask,,0.4207,0.4065,,0.0831,,,,,217,0.9688,0.3648,0.0167,24.0,225.0,25.72,0,0.9177,1,0.0
1143,38.1,1,mask,,0.4129,0.4087,,0.0669,,,,,216,0.9643,0.3587,0.0167,24.0,225.0,25.66,0,0.9175,1,0.0
1144,38.1333,1,mask,,0.4142,0.4106,,0.057,,,,,216,0.9643,0.3587,0.0166,24.0,225.0,25.61,0,0.9175,1,0.0
1145,38.1667,1,mask,,0.4159,0.4125,,0.0553,,,,,216,0.9643,0.3608,0.0167,24.0,225.0,25.61,0,0.9171,1,0.0
1146,38.2,1,mask,,0.4159,0.4137,,0.0359,,,,,216,0.9643,0.3608,0.0167,24.0,225.0,25.78,0,0.9171,1,0.0
1147,38.2333,1,mask,,0.4171,0.4144,,0.0234,,,,,218,0.9689,0.3628,0.0165,24.0,225.0,25.78,0,0.9181,1,0.0
1148,38.2667,1,mask,,0.4173,0.415,,0.0152,,,,,217,0.9688,0.3636,0.0164,24.0,225.0,25.82,0,0.9179,1,0.0
1149,38.3,1,mask,,0.4115,0.4153,,0.0099,,,,,217,0.9644,0.3624,0.0163,24.0,225.0,25.86,0,0.9169,1,0.0
1150,38.3333,1,mask,,0.4148,0.4155,,0.0064,,,,,217,0.9644,0.3653,0.0165,24.0,225.0,25.83,0,0.9163,1,0.0
1151,38.3667,1,mask,,0.4095,0.4153,,-0.0071,,,,,217,0.9644,0.3627,0.0163,24.0,225.0,25.83,0,0.9168,1,0.0
1152,38.4,1,mask,,0.3968,0.4139,,-0.0394,,,,,222,0.961,0.367,0.0169,24.0,225.0,26.21,0,0.9149,1,0.0
1153,38.4333,1,mask,,0.4106,0.4128,,-0.0353,,,,,218,0.9604,0.3698,0.0164,24.0,225.0,26.31,0,0.9142,1,0.0
1154,38.4667,1,mask,,0.4117,0.412,,-0.0229,,,,,217,0.9602,0.366,0.0163,24.0,225.0,26.4,0,0.9148,1,0.0
1155,38.5,1,mask,,0.4131,0.4115,,-0.0149,,,,,217,0.9602,0.3639,0.0164,24.0,225.0,26.6,0,0.9153,1,0.0
1156,38.5333,1,mask,,0.4176,0.4116,,0.0016,,,,,217,0.9602,0.3632,0.0165,24.0,225.0,26.81,0,0.9154,1,0.0
1157,38.5667,1,mask,,0.4166,0.4121,,0.0166,,,,,217,0.9602,0.3622,0.0165,24.0,225.0,26.74,0,0.9156,1,0.0
1158,38.6,1,mask,,0.4181,0.4137,,0.0467,,,,,217,0.9602,0.356,0.0164,24.0,225.0,26.73,0,0.9168,1,0.0
1159,38.6333,1,mask,,0.4223,0.4151,,0.0418,,,,,217,0.9602,0.3563,0.0164,24.0,225.0,26.68,0,0.9168,1,0.0
1160,38.6667,1,mask,,0.4169,0.416,,0.0272,,,,,217,0.9602,0.3486,0.0165,24.0,225.0,26.83,0,0.9183,1,0.0
1161,38.7,1,mask,,0.42,0.4167,,0.0229,,,,,217,0.9602,0.3513,0.0163,24.0,225.0,26.71,0,0.9178,1,0.0
1162,38.7333,1,mask,,0.4368,0.4179,,0.0348,,,,,217,0.9602,0.3499,0.0158,24.0,225.0,26.8,0,0.9181,1,0.0
1163,38.7667,1,mask,,0.4336,0.4194,,0.0467,,,,,217,0.9602,0.3516,0.0157,24.0,225.0,26.6,0,0.9177,1,0.0
1164,38.8,1,mask,,0.4193,0.4197,,0.0063,,,,,222,0.9652,0.3526,0.0175,24.0,225.0,26.44,0,0.919,1,0.0
1165,38.8333,1,mask,,0.4298,0.4232,,0.1067,,,,,218,0.9646,0.3535,0.0164,24.0,225.0,26.5,0,0.9187,1,0.0
1166,38.8667,1,mask,,0.4342,0.4269,,0.109,,,,,218,0.9646,0.3508,0.0163,24.0,225.0,26.56,0,0.9192,1,0.0
1167,38.9,1,mask,,0.4387,0.4292,,0.0709,,,,,218,0.9646,0.3503,0.0164,24.0,225.0,26.67,0,0.9193,1,0.0
1168,38.9333,1,mask,,0.4373,0.4309,,0.0521,,,,,218,0.9646,0.3505,0.0164,24.0,225.0,26.61,0,0.9193,1,0.0
1169,38.9667,1,mask,,0.4359,0.4327,,0.0524,,,,,218,0.9646,0.3551,0.0164,24.0,225.0,26.64,0,0.9184,1,0.0
1170,39.0,1,mask,,0.4343,0.4338,,0.0341,,,,,218,0.9646,0.3499,0.0162,24.0,225.0,26.53,0,0.9194,1,0.0
1171,39.0333,1,mask,,0.4382,0.435,,0.0364,,,,,216,0.9643,0.3533,0.0162,24.0,225.0,26.49,0,0.9186,1,0.0
1172,39.0667,1,mask,,0.4434,0.4358,,0.0237,,,,,216,0.9643,0.3523,0.0162,24.0,225.0,26.6,0,0.9188,1,0.0
1173,39.1,1,mask,,0.442,0.4367,,0.025,,,,,216,0.9643,0.3532,0.0163,24.0,225.0,26.55,0,0.9187,1,0.0
1174,39.1333,1,mask,,0.4453,0.4385,,0.0555,,,,,216,0.9643,0.3498,0.0164,24.0,225.0,26.57,0,0.9193,1,0.0
1175,39.1667,1,mask,,0.4453,0.4402,,0.0512,,,,,216,0.9643,0.3512,0.0164,24.0,225.0,26.58,0,0.919,1,0.0
1176,39.2,1,mask,,0.427,0.4413,,0.0333,,,,,217,0.9602,0.3564,0.017,24.0,225.0,26.77,0,0.9168,1,0.0
1177,39.2333,1,mask,,0.4448,0.4425,,0.0361,,,,,212,0.9593,0.3504,0.0166,24.0,225.0,26.95,0,0.9177,1,0.0
1178,39.2667,1,mask,,0.4532,0.4435,,0.0287,,,,,209,0.95,0.3255,0.0169,24.0,225.0,26.83,0,0.9199,1,0.0
1179,39.3,1,mask,,0.481,0.4441,,0.0188,,,,,212,0.9636,0.3385,0.0164,24.0,225.0,26.9,0,0.9214,1,0.0
1180,39.3333,1,mask,,0.4781,0.4473,,0.0949,,,,,212,0.9636,0.3419,0.0165,24.0,225.0,26.82,0,0.9207,1,0.0
1181,39.3667,1,mask,,0.4652,0.4536,,0.1885,,,,,212,0.9636,0.3401,0.0161,24.0,225.0,26.78,0,0.9211,1,0.0
1182,39.4,1,mask,,0.455,0.4576,,0.1225,,,,,212,0.9636,0.3421,0.0167,24.0,225.0,26.87,0,0.9207,1,0.0
1183,39.4333,1,mask,,0.4475,0.4603,,0.0796,,,,,212,0.9636,0.3458,0.0163,24.0,225.0,26.94,0,0.9199,1,0.0
1184,39.4667,1,mask,,0.4484,0.4585,,-0.0553,,,,,212,0.9593,0.3425,0.0163,24.0,225.0,26.88,0,0.9193,1,0.0
1185,39.5,1,mask,,0.4561,0.4573,,-0.036,,,,,212,0.9593,0.3423,0.0164,24.0,225.0,26.87,0,0.9193,1,0.0
1186,39.5333,1,mask,,0.4495,0.4545,,-0.0813,,,,,212,0.9593,0.3481,0.0167,24.0,225.0,26.79,0,0.9182,1,0.0
1187,39.5667,1,mask,,0.4818,0.4528,,-0.0529,,,,,212,0.9593,0.3391,0.0167,24.0,225.0,26.68,0,0.92,1,0.0
1188,39.6,1,mask,,0.4034,0.4516,,-0.0344,,,,,212,0.955,0.3559,0.0168,24.0,225.0,26.73,0,0.9153,1,0.0
1189,39.6333,1,mask,,0.4233,0.4509,,-0.0223,,,,,207,0.9495,0.3432,0.0162,24.0,225.0,27.22,0,0.9162,1,0.0
1190,39.6667,1,mask,,0.4246,0.4417,,-0.2756,,,,,207,0.9495,0.3398,0.0165,24.0,225.0,27.11,0,0.9169,1,0.0
1191,39.7,1,mask,,0.4256,0.4357,,-0.1791,,,,,208,0.9541,0.3403,0.0165,24.0,225.0,27.11,0,0.9182,1,0.0
1192,39.7333,1,mask,,0.4288,0.4319,,-0.1164,,,,,207,0.9539,0.3341,0.0166,24.0,225.0,27.05,0,0.9194,1,0.0
1193,39.7667,1,mask,,0.42,0.4293,,-0.0757,,,,,206,0.9537,0.3333,0.0163,24.0,225.0,27.02,0,0.9195,1,0.0
1194,39.8,1,mask,,0.4422,0.428,,-0.0388,,,,,210,0.9545,0.3414,0.0168,24.0,225.0,27.3,0,0.9181,1,0.0
1195,39.8333,1,mask,,0.4436,0.4283,,0.0084,,,,,210,0.9545,0.3407,0.0168,24.0,225.0,27.4,0,0.9182,1,0.0
1196,39.8667,1,mask,,0.4461,0.4332,,0.1456,,,,,210,0.9545,0.3382,0.0167,24.0,225.0,27.27,0,0.9187,1,0.0
1197,39.9,1,mask,,0.4447,0.4368,,0.1093,,,,,210,0.9545,0.339,0.0167,24.0,225.0,27.3,0,0.9186,1,0.0
1198,39.9333,1,mask,,0.4462,0.4396,,0.0824,,,,,209,0.9543,0.339,0.0165,24.0,225.0,27.26,0,0.9185,1,0.0
1199,39.9667,1,mask,,0.4473,0.4418,,0.0682,,,,,210,0.9545,0.3342,0.0167,24.0,225.0,27.26,0,0.9195,1,0.0
1200,40.0,1,mask,,0.3243,0.4433,,0.0443,,,,,231,1.0,0.5716,0.0127,24.0,230.0,26.07,0,0.8857,1,0.0
1201,40.0333,1,mask,,0.3807,0.4438,,0.0142,,,,,210,0.9091,0.3678,0.0112,24.0,230.0,26.0,0,0.8992,1,0.0
1202,40.0667,1,mask,,0.3714,0.4217,,-0.6625,,,,,210,0.9091,0.373,0.0115,24.0,230.0,26.17,0,0.8981,1,0.0
1203,40.1,1,mask,,0.3681,0.4041,,-0.5283,,,,,211,0.9134,0.375,0.0119,24.0,230.0,26.27,0,0.899,1,0.0
1204,40.1333,1,mask,,0.3679,0.3915,,-0.3776,,,,,211,0.9134,0.3747,0.012,24.0,230.0,26.29,0,0.8991,1,0.0
1205,40.1667,1,mask,,0.364,0.3833,,-0.2455,,,,,211,0.9134,0.3761,0.0125,24.0,230.0,26.3,0,0.8988,1,0.0
1206,40.2,1,mask,,0.3673,0.3779,,-0.1624,,,,,211,0.9134,0.3783,0.0127,24.0,230.0,26.28,0,0.8984,1,0.0
1207,40.2333,1,mask,,0.3713,0.3744,,-0.1056,,,,,211,0.9134,0.3761,0.0126,24.0,230.0,26.26,0,0.8988,1,0.0
1208,40.2667,1,mask,,0.3708,0.3721,,-0.0686,,,,,211,0.9134,0.3802,0.0127,24.0,230.0,26.24,0,0.898,1,0.0
1209,40.3,1,mask,,0.3684,0.3708,,-0.0392,,,,,212,0.9177,0.3817,0.0128,24.0,230.0,26.07,0,0.899,1,0.0
1210,40.3333,1,mask,,0.3663,0.37,,-0.0255,,,,,213,0.9221,0.3849,0.014,24.0,230.0,26.15,0,0.8996,1,0.0
1211,40.3667,1,mask,,0.3545,0.3694,,-0.0165,,,,,213,0.9221,0.3858,0.0141,24.0,230.0,26.2,0,0.8995,1,0.0
1212,40.4,1,mask,,0.3633,0.3683,,-0.0323,,,,,209,0.9048,0.3925,0.0128,24.0,230.0,26.12,0,0.8929,1,0.0
1213,40.4333,1,mask,,0.3524,0.3666,,-0.0532,,,,,211,0.9134,0.3895,0.0126,24.0,230.0,25.9,0,0.8961,1,0.0
1214,40.4667,1,mask,,0.3528,0.3623,,-0.1267,,,,,210,0.9091,0.39,0.0135,24.0,230.0,26.07,0,0.8947,1,0.0
1215,40.5,1,mask,,0.3048,0.359,,-0.1005,,,,,228,0.987,0.4621,0.0136,24.0,230.0,25.98,0,0.9037,1,0.0
1216,40.5333,1,mask,,0.3007,0.3567,,-0.0695,,,,,228,0.987,0.4619,0.0135,24.0,230.0,26.09,0,0.9037,1,0.0
1217,40.5667,1,mask,,0.3349,0.3491,,-0.2282,,,,,212,0.9177,0.3969,0.0141,24.0,230.0,25.99,0,0.8959,1,0.0
1218,40.6,1,mask,,0.3436,0.3441,,-0.1483,,,,,212,0.9177,0.3943,0.0137,24.0,230.0,26.07,0,0.8965,1,0.0
1219,40.6333,1,mask,,0.291,0.3303,,-0.4129,,,,,227,0.9827,0.4608,0.0136,24.0,230.0,25.98,0,0.9026,1,0.0
1220,40.6667,1,mask,,0.2923,0.32,,-0.3118,,,,,230,0.9957,0.4485,0.0139,24.0,230.0,26.07,0,0.909,1,0.0
1221,40.7,1,mask,,0.2884,0.3103,,-0.2901,,,,,229,0.9913,0.4515,0.0137,24.0,230.0,25.95,0,0.9071,1,0.0
1222,40.7333,1,mask,,0.2858,0.3035,,-0.2025,,,,,229,0.9913,0.4517,0.0136,24.0,230.0,26.01,0,0.9071,1,0.0
1223,40.7667,1,mask,,0.281,0.2982,,-0.1592,,,,,228,0.987,0.4498,0.0134,24.0,230.0,26.02,0,0.9062,1,0.0
1224,40.8,1,mask,,0.3114,0.2948,,-0.1035,,,,,222,0.9652,0.4603,0.0105,24.0,228.0,25.82,0,0.8975,1,0.0
1225,40.8333,1,mask,,0.3105,0.2925,,-0.0673,,,,,225,0.9783,0.4604,0.0101,24.0,228.0,25.86,0,0.9014,1,0.0
1226,40.8667,1,mask,,0.3074,0.2977,,0.156,,,,,226,0.9826,0.4619,0.0097,24.0,228.0,25.93,0,0.9024,1,0.0
1227,40.9,1,mask,,0.3121,0.3022,,0.134,,,,,226,0.9826,0.4548,0.0097,24.0,228.0,26.05,0,0.9038,1,0.0
1228,40.9333,1,mask,,0.3079,0.3051,,0.0871,,,,,227,0.987,0.4532,0.0095,24.0,228.0,26.14,0,0.9054,1,0.0
1229,40.9667,1,mask,,0.3109,0.307,,0.0566,,,,,227,0.987,0.4511,0.0094,24.0,228.0,26.05,0,0.9059,1,0.0
1230,41.0,1,mask,,0.311,0.3084,,0.0407,,,,,225,0.9783,0.4439,0.0091,24.0,228.0,26.12,0,0.9047,1,0.0
1231,41.0333,1,mask,,0.3089,0.3092,,0.0265,,,,,226,0.9869,0.4439,0.0092,24.0,228.0,25.96,0,0.9073,1,0.0
1232,41.0667,1,mask,,0.3119,0.3098,,0.0172,,,,,227,0.9913,0.4448,0.0092,24.0,228.0,25.9,0,0.9084,1,0.0
1233,41.1,1,mask,,0.386,0.3102,,0.0129,,,,,201,0.8777,0.3144,0.0093,24.0,228.0,26.08,0,0.9004,1,0.0
1234,41.1333,1,mask,,0.4224,0.3108,,0.017,,,,,179,0.7817,0.2432,0.0082,24.0,228.0,26.19,0,0.8859,1,0.0
1235,41.1667,1,mask,,0.423,0.3371,,0.7898,,,,,179,0.7817,0.2476,0.0079,24.0,228.0,26.06,0,0.885,1,0.0
1236,41.2,1,mask,,0.3666,0.3542,,0.5134,,,,,194,0.8435,0.2835,0.0082,24.0,229.0,27.24,0,0.8964,1,0.0
1237,41.2333,1,mask,,0.3567,0.3654,,0.3337,,,,,202,0.8783,0.3105,0.0102,24.0,229.0,27.26,0,0.9014,1,0.0
1238,41.2667,1,mask,,0.3564,0.3658,,0.0128,,,,,199,0.8652,0.3023,0.0102,24.0,229.0,27.25,0,0.8991,1,0.0
1239,41.3,1,mask,,0.3014,0.3626,,-0.095,,,,,231,1.0,0.4343,0.0139,24.0,230.0,27.2,0,0.9131,1,0.0
1240,41.3333,1,mask,,0.2997,0.3605,,-0.0651,,,,,230,0.9957,0.4284,0.014,24.0,230.0,27.37,0,0.913,1,0.0
1241,41.3667,1,mask,,0.2895,0.3398,,-0.6198,,,,,230,0.9957,0.424,0.0139,24.0,230.0,27.43,0,0.9139,1,0.0
1242,41.4,1,mask,,0.2872,0.3258,,-0.4209,,,,,230,0.9957,0.4189,0.014,24.0,230.0,27.41,0,0.9149,1,0.0
1243,41.4333,1,mask,,0.2868,0.3131,,-0.3807,,,,,230,0.9957,0.4208,0.0139,24.0,230.0,27.4,0,0.9146,1,0.0
1244,41.4667,1,mask,,0.2792,0.304,,-0.2715,,,,,229,0.9913,0.419,0.0138,24.0,230.0,27.32,0,0.9136,1,0.0
1245,41.5,1,mask,,0.2747,0.298,,-0.1809,,,,,229,0.9913,0.421,0.014,24.0,230.0,27.3,0,0.9132,1,0.0
1246,41.5333,1,mask,,0.2853,0.2935,,-0.1338,,,,,231,1.0,0.4178,0.0144,24.0,230.0,27.25,0,0.9164,1,0.0
1247,41.5667,1,mask,,0.2824,0.2897,,-0.1166,,,,,231,1.0,0.4123,0.0142,24.0,230.0,27.19,0,0.9175,1,0.0
1248,41.6,1,mask,,0.2646,0.286,,-0.1096,,,,,226,0.9784,0.4324,0.0129,24.0,225.0,26.62,0,0.907,1,0.0
1249,41.6333,1,mask,,0.2548,0.282,,-0.1187,,,,,226,0.9784,0.42,0.0132,24.0,225.0,26.27,0,0.9095,1,0.0
1250,41.6667,1,mask,,0.2537,0.2759,,-0.1836,,,,,226,0.9784,0.4254,0.0133,24.0,225.0,26.33,0,0.9084,1,0.0
1251,41.7,1,mask,,0.2544,0.2685,,-0.2222,,,,,226,0.9784,0.4196,0.0131,24.0,225.0,26.37,0,0.9096,1,0.0
1252,41.7333,1,mask,,0.37,0.2637,,-0.1445,,,,,199,0.8615,0.3561,0.0124,24.0,227.0,26.39,0,0.8872,1,0.0
1253,41.7667,1,mask,,0.362,0.2606,,-0.0939,,,,,208,0.9004,0.3627,0.0122,24.0,227.0,26.45,0,0.8976,1,0.0
1254,41.8,1,mask,,0.3689,0.2961,,1.0652,,,,,209,0.9048,0.3496,0.0123,24.0,227.0,26.44,0,0.9015,1,0.0
1255,41.8333,1,mask,,0.3647,0.3201,,0.7209,,,,,211,0.9134,0.3509,0.0123,24.0,227.0,26.49,0,0.9038,1,0.0
1256,41.8667,1,mask,,0.3741,0.3372,,0.5123,,,,,211,0.9174,0.3409,0.0124,24.0,228.0,26.46,0,0.907,1,0.0
1257,41.9,1,mask,,0.368,0.348,,0.3237,,,,,213,0.9261,0.3514,0.0123,24.0,228.0,26.45,0,0.9076,1,0.0
1258,41.9333,1,mask,,0.3754,0.3553,,0.2197,,,,,209,0.9087,0.3391,0.0123,24.0,228.0,26.38,0,0.9048,1,0.0
1259,41.9667,1,mask,,0.3714,0.3609,,0.1693,,,,,209,0.9087,0.3313,0.0122,24.0,228.0,26.42,0,0.9063,1,0.0
1260,42.0,1,mask,,0.2952,0.3646,,0.1101,,,,,226,0.9869,0.4489,0.0103,24.0,228.0,26.9,0,0.9063,1,0.0
1261,42.0333,1,mask,,0.3018,0.3658,,0.0357,,,,,229,1.0,0.4465,0.0107,24.0,228.0,27.35,0,0.9107,1,0.0
1262,42.0667,1,mask,,0.3064,0.345,,-0.6235,,,,,229,1.0,0.4253,0.011,24.0,228.0,27.25,0,0.9149,1,0.0
1263,42.1,1,mask,,0.3021,0.33,,-0.4507,,,,,229,1.0,0.4278,0.0112,24.0,228.0,27.16,0,0.9144,1,0.0
1264,42.1333,1,mask,,0.3037,0.3202,,-0.2929,,,,,229,1.0,0.4263,0.011,24.0,228.0,26.96,0,0.9147,1,0.0
1265,42.1667,1,mask,,0.3004,0.3139,,-0.1904,,,,,229,1.0,0.4241,0.0108,24.0,228.0,26.87,0,0.9152,1,0.0
1266,42.2,1,mask,,0.3597,0.3103,,-0.1069,,,,,210,0.917,0.3376,0.0111,24.0,228.0,26.9,0,0.9076,1,0.0
1267,42.2333,1,mask,,0.3628,0.308,,-0.0695,,,,,210,0.917,0.336,0.0111,24.0,228.0,26.92,0,0.9079,1,0.0
1268,42.2667,1,mask,,0.3151,0.3105,,0.0742,,,,,230,1.0,0.4658,0.0142,24.0,229.0,26.71,0,0.9068,1,0.0
1269,42.3,1,mask,,0.2855,0.3121,,0.0482,,,,,227,0.9913,0.4536,0.0104,24.0,228.0,26.45,0,0.9067,1,0.0
1270,42.3333,1,mask,,0.307,0.3131,,0.0314,,,,,230,1.0,0.4606,0.0136,24.0,229.0,26.39,0,0.9079,1,0.0
1271,42.3667,1,mask,,0.2849,0.311,,-0.0647,,,,,226,0.9826,0.4375,0.0126,24.0,229.0,26.39,0,0.9073,1,0.0
1272,42.4,1,mask,,0.2665,0.3021,,-0.2672,,,,,226,0.9826,0.4575,0.012,24.0,225.0,26.61,0,0.9033,1,0.0
1273,42.4333,1,mask,,0.3168,0.2963,,-0.1737,,,,,210,0.913,0.3878,0.011,24.0,225.0,27.02,0,0.8964,1,0.0
1274,42.4667,1,mask,,0.2999,0.2975,,0.0377,,,,,222,0.9652,0.4228,0.0101,24.0,228.0,26.95,0,0.905,1,0.0
1275,42.5,1,mask,,0.2601,0.2931,,-0.1326,,,,,226,0.9826,0.4414,0.0122,24.0,225.0,27.0,0,0.9065,1,0.0
1276,42.5333,1,mask,,0.3095,0.2955,,0.0709,,,,,212,0.9217,0.3836,0.0115,24.0,225.0,27.01,0,0.8998,1,0.0
1277,42.5667,1,mask,,0.3137,0.3004,,0.1469,,,,,211,0.9174,0.3867,0.0109,24.0,225.0,26.96,0,0.8979,1,0.0
1278,42.6,1,mask,,0.3002,0.3003,,-0.0022,,,,,222,0.9652,0.4238,0.0095,24.0,228.0,26.95,0,0.9048,1,0.0
1279,42.6333,1,mask,,0.3174,0.3035,,0.0962,,,,,212,0.9177,0.3861,0.0108,24.0,230.0,26.98,0,0.8981,1,0.0
1280,42.6667,1,mask,,0.3199,0.3071,,0.1072,,,,,212,0.9177,0.386,0.0109,24.0,230.0,26.74,0,0.8981,1,0.0
1281,42.7,1,mask,,0.2975,0.3094,,0.0697,,,,,224,0.9739,0.4365,0.0097,24.0,228.0,27.01,0,0.9049,1,0.0
1282,42.7333,1,mask,,0.2949,0.3062,,-0.097,,,,,224,0.9739,0.4266,0.0096,24.0,228.0,26.87,0,0.9069,1,0.0
1283,42.7667,1,mask,,0.3024,0.3048,,-0.0397,,,,,223,0.9696,0.4226,0.0093,24.0,228.0,26.87,0,0.9063,1,0.0
1284,42.8,1,mask,,0.3026,0.304,,-0.0258,,,,,221,0.9651,0.4157,0.0088,24.0,228.0,26.72,0,0.9064,1,0.0
1285,42.8333,1,mask,,0.2807,0.3017,,-0.0685,,,,,226,0.9826,0.4266,0.0098,24.0,229.0,27.31,0,0.9095,1,0.0
1286,42.8667,1,mask,,0.2804,0.2993,,-0.071,,,,,227,0.987,0.4287,0.0098,24.0,229.0,27.05,0,0.9103,1,0.0
1287,42.9,1,mask,,0.2804,0.2928,,-0.196,,,,,226,0.9826,0.4321,0.0098,24.0,229.0,27.05,0,0.9084,1,0.0
1288,42.9333,1,mask,,0.2779,0.2885,,-0.1299,,,,,226,0.9826,0.4277,0.0097,24.0,229.0,27.23,0,0.9093,1,0.0
1289,42.9667,1,mask,,0.2856,0.2857,,-0.0844,,,,,228,0.9913,0.424,0.0104,24.0,229.0,27.45,0,0.9126,1,0.0
1290,43.0,1,mask,,0.286,0.2838,,-0.0549,,,,,228,0.9913,0.4236,0.0105,24.0,229.0,27.44,0,0.9127,1,0.0
1291,43.0333,1,mask,,0.2823,0.2833,,-0.0159,,,,,228,0.9913,0.4234,0.0103,24.0,229.0,27.44,0,0.9127,1,0.0
1292,43.0667,1,mask,,0.2879,0.2841,,0.0243,,,,,228,0.9913,0.4178,0.0105,24.0,229.0,27.53,0,0.9138,1,0.0
1293,43.1,1,mask,,0.2879,0.2848,,0.0203,,,,,229,0.9957,0.4121,0.0107,24.0,229.0,27.45,0,0.9163,1,0.0
1294,43.1333,1,mask,,0.2885,0.2859,,0.0329,,,,,228,0.9913,0.4147,0.0105,24.0,229.0,27.42,0,0.9145,1,0.0
1295,43.1667,1,mask,,0.2848,0.2866,,0.0214,,,,,227,0.987,0.4057,0.0104,24.0,229.0,27.49,0,0.9149,1,0.0
1296,43.2,1,mask,,0.3021,0.2871,,0.0142,,,,,223,0.9696,0.4183,0.0094,24.0,229.0,27.09,0,0.9072,1,0.0
1297,43.2333,1,mask,,0.2818,0.2874,,0.0092,,,,,224,0.9782,0.4276,0.0092,24.0,228.0,27.71,0,0.9079,1,0.0
1298,43.2667,1,mask,,0.2823,0.2865,,-0.0272,,,,,225,0.9783,0.417,0.0097,24.0,229.0,27.44,0,0.9101,1,0.0
1299,43.3,1,mask,,0.2639,0.285,,-0.0441,,,,,230,0.9957,0.4361,0.0132,24.0,230.0,27.55,0,0.9115,1,0.0
1300,43.3333,1,mask,,0.2803,0.2839,,-0.0333,,,,,227,0.987,0.4256,0.0103,24.0,229.0,27.39,0,0.911,1,0.0
1301,43.3667,1,mask,,0.2563,0.2826,,-0.0374,,,,,230,0.9957,0.4418,0.0136,24.0,230.0,27.32,0,0.9103,1,0.0
1302,43.4,1,mask,,0.2711,0.2786,,-0.1213,,,,,226,0.9826,0.4287,0.0106,24.0,229.0,27.42,0,0.909,1,0.0
1303,43.4333,1,mask,,0.2711,0.276,,-0.0789,,,,,225,0.9783,0.4268,0.0104,24.0,229.0,27.39,0,0.9081,1,0.0
1304,43.4667,1,mask,,0.2696,0.2743,,-0.0513,,,,,225,0.9783,0.423,0.0102,24.0,228.0,27.35,0,0.9089,1,0.0
1305,43.5,1,mask,,0.2781,0.2732,,-0.0333,,,,,225,0.9783,0.4103,0.0102,24.0,228.0,27.4,0,0.9114,1,0.0
1306,43.5333,1,mask,,0.2786,0.2724,,-0.0216,,,,,226,0.9826,0.425,0.0103,24.0,229.0,27.32,0,0.9098,1,0.0
1307,43.5667,1,mask,,0.2782,0.2744,,0.0599,,,,,226,0.9826,0.4072,0.011,24.0,228.0,27.56,0,0.9133,1,0.0
1308,43.6,1,mask,,0.2921,0.2758,,0.04,,,,,221,0.9651,0.4172,0.0093,24.0,228.0,27.78,0,0.9061,1,0.0
1309,43.6333,1,mask,,0.2468,0.2766,,0.026,,,,,229,0.9957,0.4333,0.0135,24.0,229.0,27.87,0,0.912,1,0.0
1310,43.6667,1,mask,,0.2588,0.2772,,0.0169,,,,,230,0.9957,0.4211,0.0145,24.0,230.0,27.91,0,0.9145,1,0.0
1311,43.7,1,mask,,0.2502,0.2707,,-0.1932,,,,,229,0.9913,0.4187,0.0143,24.0,230.0,27.91,0,0.9137,1,0.0
1312,43.7333,1,mask,,0.2518,0.2641,,-0.199,,,,,229,0.9913,0.4189,0.014,24.0,230.0,27.59,0,0.9136,1,0.0
1313,43.7667,1,mask,,0.2574,0.2598,,-0.1293,,,,,229,0.9913,0.4149,0.0145,24.0,230.0,28.05,0,0.9144,1,0.0
1314,43.8,1,mask,,0.2582,0.259,,-0.0255,,,,,229,0.9913,0.4174,0.0144,24.0,230.0,28.02,0,0.9139,1,0.0
1315,43.8333,1,mask,,0.2562,0.258,,-0.0289,,,,,228,0.9913,0.4192,0.0145,24.0,229.0,28.06,0,0.9135,1,0.0
1316,43.8667,1,mask,,0.2563,0.2574,,-0.0176,,,,,228,0.9913,0.4191,0.0146,24.0,229.0,28.01,0,0.9136,1,0.0
1317,43.9,1,mask,,0.2551,0.257,,-0.0114,,,,,228,0.9913,0.4172,0.0147,24.0,229.0,28.19,0,0.9139,1,0.0
1318,43.9333,1,mask,,0.2568,0.2568,,-0.0074,,,,,228,0.9913,0.4185,0.0147,24.0,229.0,28.28,0,0.9137,1,0.0
1319,43.9667,1,mask,,0.2567,0.2566,,-0.0048,,,,,228,0.9913,0.4192,0.0146,24.0,229.0,28.29,0,0.9136,1,0.0
1320,44.0,1,mask,,0.2788,0.2566,,0.0011,,,,,228,0.9913,0.4414,0.0129,24.0,229.0,27.65,0,0.9091,1,0.0
1321,44.0333,1,mask,,0.262,0.2567,,0.0018,,,,,227,0.987,0.4245,0.0134,24.0,229.0,28.15,0,0.9112,1,0.0
1322,44.0667,1,mask,,0.2675,0.2586,,0.0559,,,,,228,0.9913,0.4271,0.0135,24.0,229.0,28.2,0,0.912,1,0.0
1323,44.1,1,mask,,0.264,0.2605,,0.057,,,,,227,0.987,0.4213,0.0132,24.0,229.0,28.23,0,0.9118,1,0.0
1324,44.1333,1,mask,,0.2727,0.2629,,0.0736,,,,,228,0.987,0.4257,0.0133,24.0,230.0,28.28,0,0.911,1,0.0
1325,44.1667,1,mask,,0.273,0.2645,,0.0479,,,,,228,0.987,0.42,0.0132,24.0,230.0,28.37,0,0.9121,1,0.0
1326,44.2,1,mask,,0.2704,0.2666,,0.0621,,,,,229,0.9957,0.4501,0.0128,24.0,229.0,28.36,0,0.9087,1,0.0
1327,44.2333,1,mask,,0.2661,0.2679,,0.0404,,,,,229,0.9957,0.4338,0.0135,24.0,229.0,28.22,0,0.9119,1,0.0
1328,44.2667,1,mask,,0.2687,0.2688,,0.0262,,,,,228,0.9913,0.4261,0.0111,24.0,229.0,28.26,0,0.9122,1,0.0
1329,44.3,1,mask,,0.2621,0.2688,,-0.0016,,,,,228,0.9913,0.4418,0.0107,24.0,229.0,28.47,0,0.909,1,0.0
1330,44.3333,1,mask,,0.2738,0.2687,,-0.001,,,,,227,0.987,0.4266,0.0102,24.0,229.0,28.5,0,0.9108,1,0.0
1331,44.3667,1,mask,,0.2709,0.2687,,-0.0007,,,,,226,0.9826,0.4266,0.0098,24.0,229.0,28.6,0,0.9095,1,0.0
1332,44.4,1,mask,,0.2984,0.2695,,0.0231,,,,,222,0.9652,0.4201,0.0087,24.0,229.0,28.0,0,0.9055,1,0.0
1333,44.4333,1,mask,,0.283,0.271,,0.0452,,,,,225,0.9783,0.4216,0.0094,24.0,229.0,27.65,0,0.9092,1,0.0
1334,44.4667,1,mask,,0.2835,0.2752,,0.1264,,,,,223,0.9696,0.4043,0.009,24.0,229.0,27.75,0,0.91,1,0.0
1335,44.5,1,mask,,0.2834,0.2781,,0.0861,,,,,225,0.9783,0.4133,0.0093,24.0,229.0,27.73,0,0.9108,1,0.0
1336,44.5333,1,mask,,0.2927,0.28,,0.0566,,,,,223,0.9696,0.4102,0.0093,24.0,229.0,27.76,0,0.9088,1,0.0
1337,44.5667,1,mask,,0.2914,0.2812,,0.0368,,,,,223,0.9696,0.4076,0.0093,24.0,229.0,27.72,0,0.9093,1,0.0
1338,44.6,1,mask,,0.2892,0.284,,0.0838,,,,,223,0.9696,0.4081,0.0093,24.0,229.0,27.69,0,0.9093,1,0.0
1339,44.6333,1,mask,,0.2952,0.2866,,0.0775,,,,,222,0.9652,0.4048,0.0093,24.0,229.0,27.74,0,0.9086,1,0.0
1340,44.6667,1,mask,,0.3007,0.2887,,0.0641,,,,,223,0.9696,0.4103,0.009,24.0,229.0,27.72,0,0.9088,1,0.0
1341,44.7,1,mask,,0.3049,0.291,,0.0684,,,,,223,0.9696,0.411,0.0091,24.0,229.0,27.77,0,0.9087,1,0.0
1342,44.7333,1,mask,,0.3248,0.2944,,0.1022,,,,,221,0.9609,0.411,0.0088,24.0,229.0,27.64,0,0.9061,1,0.0
1343,44.7667,1,mask,,0.3162,0.2981,,0.1109,,,,,222,0.9652,0.4179,0.0086,24.0,229.0,27.6,0,0.906,1,0.0
1344,44.8,1,mask,,0.3107,0.3025,,0.133,,,,,220,0.9607,0.4144,0.0088,24.0,228.0,27.0,0,0.9053,1,0.0
1345,44.8333,1,mask,,0.3126,0.3061,,0.1064,,,,,220,0.9607,0.4184,0.009,24.0,228.0,26.85,0,0.9045,1,0.0
1346,44.8667,1,mask,,0.3091,0.3084,,0.0692,,,,,221,0.9651,0.4219,0.0091,24.0,228.0,26.96,0,0.9051,1,0.0
1347,44.9,1,mask,,0.316,0.3099,,0.045,,,,,220,0.9607,0.4183,0.0089,24.0,228.0,26.97,0,0.9045,1,0.0
1348,44.9333,1,mask,,0.2643,0.3102,,0.0093,,,,,229,0.9957,0.473,0.0117,24.0,229.0,26.93,0,0.9041,1,0.0
1349,44.9667,1,mask,,0.2682,0.3098,,-0.0107,,,,,229,0.9957,0.4653,0.0122,24.0,229.0,26.93,0,0.9056,1,0.0
1350,45.0,1,mask,,0.3173,0.3096,,-0.007,,,,,226,0.9869,0.3773,0.0104,24.0,225.0,27.54,0,0.9206,1,0.0
1351,45.0333,1,mask,,0.3309,0.3118,,0.0677,,,,,226,0.9912,0.3892,0.0098,24.0,225.0,27.73,0,0.9195,1,0.0
1352,45.0667,1,mask,,0.3056,0.3097,,-0.0651,,,,,225,0.9912,0.3839,0.0151,24.0,226.0,27.73,0,0.9206,1,0.0
1353,45.1,1,mask,,0.3337,0.3123,,0.08,,,,,226,0.9912,0.39,0.0099,24.0,225.0,27.78,0,0.9194,1,0.0
1354,45.1333,1,mask,,0.3379,0.3188,,0.1949,,,,,226,0.9912,0.3824,0.01,24.0,225.0,27.71,0,0.9209,1,0.0
1355,45.1667,1,mask,,0.336,0.324,,0.1559,,,,,226,0.9912,0.3848,0.0098,24.0,225.0,27.74,0,0.9204,1,0.0
1356,45.2,1,mask,,0.3372,0.3282,,0.126,,,,,220,0.9607,0.3431,0.0093,24.0,225.0,27.92,0,0.9196,1,0.0
1357,45.2333,1,mask,,0.3457,0.3314,,0.0945,,,,,220,0.9607,0.3357,0.0103,24.0,225.0,27.78,0,0.9211,1,0.0
1358,45.2667,1,mask,,0.3499,0.3337,,0.0684,,,,,220,0.9607,0.3363,0.0101,24.0,225.0,27.92,0,0.9209,1,0.0
1359,45.3,1,mask,,0.3458,0.3379,,0.1267,,,,,220,0.9607,0.3408,0.0094,24.0,225.0,27.99,0,0.9201,1,0.0
1360,45.3333,1,mask,,0.3453,0.3406,,0.0824,,,,,220,0.9607,0.3386,0.009,24.0,225.0,27.96,0,0.9205,1,0.0
1361,45.3667,1,mask,,0.3453,0.3424,,0.0535,,,,,220,0.9607,0.3386,0.009,24.0,225.0,27.88,0,0.9205,1,0.0
1362,45.4,1,mask,,0.3455,0.3435,,0.0328,,,,,220,0.9607,0.3388,0.0098,24.0,225.0,27.83,0,0.9204,1,0.0
1363,45.4333,1,mask,,0.3455,0.3442,,0.0213,,,,,220,0.9607,0.3388,0.0098,24.0,225.0,27.8,0,0.9204,1,0.0
1364,45.4667,1,mask,,0.3436,0.3446,,0.0113,,,,,220,0.9607,0.3366,0.0109,24.0,225.0,27.82,0,0.9209,1,0.0
1365,45.5,1,mask,,0.3421,0.3448,,0.0073,,,,,220,0.9607,0.3357,0.0102,24.0,225.0,27.87,0,0.9211,1,0.0
1366,45.5333,1,mask,,0.345,0.3449,,0.0017,,,,,220,0.9607,0.3343,0.0109,24.0,225.0,27.93,0,0.9213,1,0.0
1367,45.5667,1,mask,,0.3536,0.3449,,0.0011,,,,,220,0.9607,0.3298,0.009,24.0,225.0,28.03,0,0.9222,1,0.0
1368,45.6,1,mask,,0.3457,0.345,,0.0007,,,,,219,0.9563,0.3417,0.0099,24.0,225.0,27.9,0,0.9186,1,0.0
1369,45.6333,1,mask,,0.349,0.3452,,0.0083,,,,,219,0.9522,0.3305,0.0096,24.0,225.0,27.85,0,0.9196,1,0.0
1370,45.6667,1,mask,,0.3483,0.3463,,0.0324,,,,,220,0.9565,0.3327,0.0102,24.0,225.0,27.94,0,0.9204,1,0.0
1371,45.7,1,mask,,0.3446,0.347,,0.0211,,,,,220,0.9565,0.3338,0.0108,24.0,225.0,27.9,0,0.9202,1,0.0
1372,45.7333,1,mask,,0.3468,0.3469,,-0.0021,,,,,220,0.9565,0.3332,0.0108,24.0,225.0,27.95,0,0.9203,1,0.0
1373,45.7667,1,mask,,0.349,0.3474,,0.0144,,,,,220,0.9565,0.3331,0.0105,24.0,225.0,27.9,0,0.9203,1,0.0
1374,45.8,1,mask,,0.3434,0.3472,,-0.0064,,,,,220,0.9565,0.3372,0.0099,24.0,225.0,28.04,0,0.9195,1,0.0
1375,45.8333,1,mask,,0.3434,0.3463,,-0.0271,,,,,220,0.9565,0.3372,0.0099,24.0,225.0,28.03,0,0.9195,1,0.0
1376,45.8667,1,mask,,0.3434,0.3453,,-0.0303,,,,,220,0.9565,0.3372,0.0099,24.0,225.0,28.03,0,0.9195,1,0.0
1377,45.9,1,mask,,0.3434,0.3446,,-0.0197,,,,,220,0.9565,0.3372,0.0099,24.0,225.0,28.04,0,0.9195,1,0.0
1378,45.9333,1,mask,,0.3439,0.3442,,-0.0128,,,,,220,0.9565,0.3393,0.0103,24.0,225.0,27.98,0,0.9191,1,0.0
1379,45.9667,1,mask,,0.3434,0.3439,,-0.0083,,,,,220,0.9565,0.3372,0.0099,24.0,225.0,27.99,0,0.9195,1,0.0
1380,46.0,1,mask,,0.3417,0.3438,,-0.0054,,,,,219,0.9563,0.3506,0.0106,24.0,225.0,27.95,0,0.9168,1,0.0
1381,46.0333,1,mask,,0.3484,0.3436,,-0.0035,,,,,220,0.9565,0.3389,0.0082,24.0,225.0,28.03,0,0.9192,1,0.0
1382,46.0667,1,mask,,0.3519,0.3437,,0.0031,,,,,220,0.9565,0.3375,0.0088,24.0,225.0,28.1,0,0.9195,1,0.0
1383,46.1,1,mask,,0.3507,0.3454,,0.0493,,,,,220,0.9565,0.3392,0.0092,24.0,225.0,28.03,0,0.9191,1,0.0
1384,46.1333,1,mask,,0.3505,0.3472,,0.0532,,,,,220,0.9565,0.3368,0.0092,24.0,225.0,28.02,0,0.9196,1,0.0
1385,46.1667,1,mask,,0.3499,0.3483,,0.0346,,,,,220,0.9565,0.3318,0.0088,24.0,225.0,28.0,0,0.9206,1,0.0
1386,46.2,1,mask,,0.3533,0.3491,,0.025,,,,,220,0.9565,0.3323,0.0098,24.0,225.0,28.05,0,0.9205,1,0.0
1387,46.2333,1,mask,,0.3555,0.3497,,0.0163,,,,,219,0.9563,0.3309,0.0098,24.0,225.0,27.96,0,0.9207,1,0.0
1388,46.2667,1,mask,,0.3546,0.351,,0.0378,,,,,219,0.9563,0.3343,0.0101,24.0,225.0,28.03,0,0.92,1,0.0
1389,46.3,1,mask,,0.3572,0.3522,,0.0386,,,,,219,0.9563,0.3314,0.0105,24.0,225.0,28.01,0,0.9206,1,0.0
1390,46.3333,1,mask,,0.3614,0.3534,,0.0347,,,,,217,0.9476,0.3318,0.0098,24.0,225.0,27.75,0,0.9179,1,0.0
1391,46.3667,1,mask,,0.3593,0.3547,,0.0398,,,,,217,0.9476,0.337,0.0097,24.0,225.0,27.71,0,0.9169,1,0.0
1392,46.4,1,mask,,0.3598,0.3563,,0.0481,,,,,219,0.9605,0.3415,0.0101,24.0,226.0,27.93,0,0.9199,1,0.0
1393,46.4333,1,mask,,0.3692,0.3576,,0.0368,,,,,219,0.9563,0.3315,0.0109,24.0,226.0,27.88,0,0.9206,1,0.0
1394,46.4667,1,mask,,0.3652,0.3589,,0.0407,,,,,218,0.952,0.3306,0.0117,24.0,226.0,27.83,0,0.9195,1,0.0
1395,46.5,1,mask,,0.3672,0.3611,,0.0656,,,,,218,0.952,0.3282,0.0117,24.0,226.0,27.83,0,0.9199,1,0.0
1396,46.5333,1,mask,,0.3655,0.3626,,0.0461,,,,,226,0.9912,0.3843,0.0142,24.0,226.0,27.84,0,0.9205,1,0.0
1397,46.5667,1,mask,,0.3787,0.3642,,0.048,,,,,218,0.952,0.3286,0.0121,24.0,226.0,27.81,0,0.9199,1,0.0
1398,46.6,1,mask,,0.3682,0.3653,,0.0312,,,,,226,0.9912,0.378,0.0144,24.0,226.0,27.76,0,0.9218,1,0.0
1399,46.6333,1,mask,,0.3647,0.366,,0.0203,,,,,225,0.9868,0.3868,0.0143,24.0,226.0,27.79,0,0.9187,1,0.0
1400,46.6667,1,mask,,0.4056,0.3667,,0.0232,,,,,232,1.0,0.4563,0.0152,24.0,231.0,27.83,0,0.9087,1,0.0
1401,46.7,1,mask,,0.3325,0.3672,,0.0151,,,,,223,0.9654,0.3845,0.0156,24.0,225.0,27.84,0,0.9127,1,0.0
1402,46.7333,1,mask,,0.3404,0.3664,,-0.0261,,,,,223,0.9654,0.3839,0.0161,24.0,225.0,27.81,0,0.9128,1,0.0
1403,46.7667,1,mask,,0.3446,0.3587,,-0.2287,,,,,223,0.9654,0.3807,0.0161,24.0,225.0,28.0,0,0.9135,1,0.0
1404,46.8,1,mask,,0.3376,0.3523,,-0.1924,,,,,223,0.9696,0.3778,0.0165,24.0,225.0,28.04,0,0.9153,1,0.0
1405,46.8333,1,mask,,0.3499,0.3482,,-0.1251,,,,,223,0.9696,0.3683,0.0162,24.0,225.0,28.02,0,0.9172,1,0.0
1406,46.8667,1,mask,,0.3544,0.3469,,-0.0375,,,,,223,0.9696,0.3577,0.0164,24.0,225.0,28.15,0,0.9193,1,0.0
1407,46.9,1,mask,,0.352,0.348,,0.0316,,,,,223,0.9696,0.3575,0.0165,24.0,225.0,28.21,0,0.9194,1,0.0
1408,46.9333,1,mask,,0.3422,0.3486,,0.0206,,,,,219,0.9522,0.3569,0.0164,24.0,225.0,28.25,0,0.9143,1,0.0
1409,46.9667,1,mask,,0.3373,0.3491,,0.0134,,,,,218,0.9478,0.3544,0.0165,24.0,225.0,28.27,0,0.9135,1,0.0
1410,47.0,1,mask,,0.3191,0.3467,,-0.0723,,,,,216,0.9391,0.3484,0.0167,24.0,225.0,28.21,0,0.9121,1,0.0
1411,47.0333,1,mask,,0.3364,0.3434,,-0.0988,,,,,218,0.9478,0.3582,0.0166,24.0,225.0,28.09,0,0.9127,1,0.0
1412,47.0667,1,mask,,0.3344,0.3409,,-0.0737,,,,,217,0.9435,0.3581,0.0165,24.0,225.0,28.03,0,0.9114,1,0.0
1413,47.1,1,mask,,0.3269,0.3387,,-0.0683,,,,,214,0.9304,0.3538,0.0164,24.0,225.0,28.04,0,0.9084,1,0.0
1414,47.1333,1,mask,,0.3348,0.3372,,-0.0444,,,,,216,0.9391,0.3559,0.0162,24.0,225.0,28.1,0,0.9106,1,0.0
1415,47.1667,1,mask,,0.3301,0.3362,,-0.0289,,,,,214,0.9304,0.3526,0.0161,24.0,225.0,28.16,0,0.9086,1,0.0
1416,47.2,1,mask,,0.3578,0.3356,,-0.0188,,,,,223,0.9696,0.3508,0.0171,24.0,225.0,28.16,0,0.9207,1,0.0
1417,47.2333,1,mask,,0.3343,0.3351,,-0.0132,,,,,214,0.9304,0.3567,0.0162,24.0,225.0,27.85,0,0.9078,1,0.0
1418,47.2667,1,mask,,0.3348,0.335,,-0.0037,,,,,214,0.9304,0.3561,0.0163,24.0,225.0,27.92,0,0.9079,1,0.0
1419,47.3,1,mask,,0.3545,0.3349,,-0.0024,,,,,214,0.9304,0.3584,0.0161,24.0,225.0,27.85,0,0.9074,1,0.0
1420,47.3333,1,mask,,0.3351,0.335,,0.0015,,,,,214,0.9304,0.3525,0.0158,24.0,225.0,27.87,0,0.9086,1,0.0
1421,47.3667,1,mask,,0.3368,0.335,,0.001,,,,,214,0.9304,0.3512,0.0159,24.0,225.0,27.84,0,0.9089,1,0.0
1422,47.4,1,mask,,0.3477,0.3356,,0.0186,,,,,214,0.9304,0.3536,0.0161,24.0,225.0,28.02,0,0.9084,1,0.0
1423,47.4333,1,mask,,0.345,0.3389,,0.098,,,,,214,0.9304,0.3506,0.0161,24.0,225.0,27.97,0,0.909,1,0.0
1424,47.4667,1,mask,,0.3477,0.341,,0.0637,,,,,214,0.9304,0.3536,0.0161,24.0,225.0,27.94,0,0.9084,1,0.0
1425,47.5,1,mask,,0.3477,0.3434,,0.0699,,,,,214,0.9304,0.3536,0.0161,24.0,225.0,27.95,0,0.9084,1,0.0
1426,47.5333,1,mask,,0.3477,0.3449,,0.0454,,,,,214,0.9304,0.3536,0.0161,24.0,225.0,27.96,0,0.9084,1,0.0
1427,47.5667,1,mask,,0.3477,0.3459,,0.0295,,,,,214,0.9304,0.3536,0.0161,24.0,225.0,27.95,0,0.9084,1,0.0
1428,47.6,1,mask,,0.3172,0.3465,,0.0192,,,,,219,0.9522,0.3275,0.0131,24.0,220.0,28.41,0,0.9202,1,0.0
1429,47.6333,1,mask,,0.3272,0.3469,,0.0125,,,,,219,0.9522,0.305,0.0133,24.0,220.0,28.08,0,0.9247,1,0.0
1430,47.6667,1,mask,,0.3434,0.3457,,-0.0367,,,,,214,0.9386,0.3489,0.0162,24.0,225.0,28.25,0,0.9118,1,0.0
1431,47.7,1,mask,,0.3504,0.3449,,-0.0238,,,,,214,0.9386,0.3487,0.0161,24.0,225.0,28.18,0,0.9118,1,0.0
1432,47.7333,1,mask,,0.3297,0.3396,,-0.1598,,,,,220,0.9565,0.3101,0.013,24.0,220.0,28.18,0,0.9249,1,0.0
1433,47.7667,1,mask,,0.3362,0.3384,,-0.0354,,,,,220,0.9565,0.3104,0.0131,24.0,220.0,28.17,0,0.9249,1,0.0
1434,47.8,1,mask,,0.3587,0.3401,,0.0528,,,,,224,0.9697,0.3273,0.0145,24.0,230.0,28.2,0,0.9255,1,0.0
1435,47.8333,1,mask,,0.356,0.3437,,0.1071,,,,,223,0.9654,0.3186,0.0149,24.0,230.0,28.17,0,0.9259,1,0.0
1436,47.8667,1,mask,,0.3428,0.3434,,-0.0096,,,,,221,0.9567,0.3205,0.0158,24.0,230.0,28.16,0,0.9229,1,0.0
1437,47.9,1,mask,,0.3496,0.3456,,0.0648,,,,,221,0.9567,0.3141,0.0153,24.0,230.0,28.09,0,0.9242,1,0.0
1438,47.9333,1,mask,,0.3307,0.347,,0.0421,,,,,221,0.9693,0.3649,0.0164,24.0,225.0,28.08,0,0.9178,1,0.0
1439,47.9667,1,mask,,0.3473,0.3471,,0.0032,,,,,219,0.9648,0.3528,0.0157,24.0,225.0,28.15,0,0.9189,1,0.0
1440,48.0,1,mask,,0.3512,0.3471,,0.0021,,,,,225,0.9825,0.3595,0.0166,24.0,226.0,28.11,0,0.9229,1,0.0
1441,48.0333,1,mask,,0.3551,0.348,,0.0255,,,,,223,0.9654,0.3305,0.0162,25.0,230.0,27.78,0,0.9235,1,0.0
1442,48.0667,1,mask,,0.341,0.3477,,-0.0076,,,,,225,0.974,0.3401,0.0156,25.0,230.0,28.02,0,0.9242,1,0.0
1443,48.1,1,mask,,0.329,0.3476,,-0.0049,,,,,221,0.9693,0.3569,0.0164,24.0,226.0,27.9,0,0.9194,1,0.0
1444,48.1333,1,mask,,0.356,0.3489,,0.0386,,,,,223,0.9654,0.3309,0.0166,24.0,230.0,27.96,0,0.9234,1,0.0
1445,48.1667,1,mask,,0.3467,0.3481,,-0.0222,,,,,223,0.9654,0.3334,0.0175,25.0,230.0,27.96,0,0.9229,1,0.0
1446,48.2,1,mask,,0.3231,0.3456,,-0.0746,,,,,222,0.9737,0.3596,0.0165,24.0,226.0,27.89,0,0.9202,1,0.0
1447,48.2333,1,mask,,0.339,0.3433,,-0.0692,,,,,223,0.9781,0.3614,0.0166,24.0,226.0,27.87,0,0.9211,1,0.0
1448,48.2667,1,mask,,0.341,0.3425,,-0.0244,,,,,222,0.9694,0.359,0.0166,24.0,226.0,27.86,0,0.919,1,0.0
1449,48.3,1,mask,,0.3367,0.3413,,-0.0364,,,,,225,0.974,0.3496,0.0164,24.0,230.0,27.89,0,0.9223,1,0.0
1450,48.3333,1,mask,,0.3371,0.3398,,-0.0442,,,,,226,0.9784,0.354,0.0171,24.5,230.0,27.89,0,0.9227,1,0.0
1451,48.3667,1,mask,,0.3387,0.3394,,-0.0117,,,,,226,0.9784,0.3516,0.0171,24.5,230.0,27.94,0,0.9232,1,0.0
1452,48.4,1,mask,,0.3412,0.3392,,-0.0076,,,,,224,0.9782,0.3598,0.0166,24.0,226.0,28.09,0,0.9215,1,0.0
1453,48.4333,1,mask,,0.3344,0.3384,,-0.022,,,,,221,0.9651,0.3618,0.0165,24.0,226.0,27.54,0,0.9172,1,0.0
1454,48.4667,1,mask,,0.3391,0.3385,,0.0027,,,,,225,0.974,0.348,0.0165,24.0,230.0,27.57,0,0.9226,1,0.0
1455,48.5,1,mask,,0.3406,0.3387,,0.0063,,,,,224,0.9782,0.3584,0.0168,24.0,226.0,27.72,0,0.9218,1,0.0
1456,48.5333,1,mask,,0.3448,0.3394,,0.0191,,,,,224,0.9782,0.3594,0.0167,24.0,226.0,27.71,0,0.9216,1,0.0
1457,48.5667,1,mask,,0.3393,0.3394,,-0.001,,,,,222,0.9694,0.3574,0.0171,24.0,226.0,27.68,0,0.9194,1,0.0
1458,48.6,1,mask,,0.3224,0.3393,,-0.0006,,,,,220,0.9692,0.3323,0.0158,24.0,220.0,27.94,0,0.9243,1,0.0
1459,48.6333,1,mask,,0.3272,0.3393,,-0.0004,,,,,221,0.9651,0.3626,0.0171,24.0,226.0,27.94,0,0.917,1,0.0
1460,48.6667,1,mask,,0.3345,0.3376,,-0.051,,,,,222,0.9694,0.358,0.0173,24.0,226.0,27.99,0,0.9192,1,0.0
1461,48.7,1,mask,,0.3367,0.3365,,-0.0331,,,,,225,0.974,0.3506,0.0168,24.0,230.0,27.96,0,0.9221,1,0.0
1462,48.7333,1,mask,,0.3382,0.3358,,-0.0215,,,,,226,0.9784,0.3549,0.0169,24.0,230.0,27.79,0,0.9225,1,0.0
1463,48.7667,1,mask,,0.3393,0.3361,,0.01,,,,,222,0.9694,0.3574,0.0167,24.0,226.0,27.69,0,0.9193,1,0.0
1464,48.8,1,mask,,0.3372,0.3365,,0.0117,,,,,226,0.9826,0.3311,0.016,24.0,226.0,27.89,0,0.9286,1,0.0
1465,48.8333,1,mask,,0.3577,0.3371,,0.0177,,,,,224,0.9782,0.3526,0.0166,24.0,226.0,27.57,0,0.9229,1,0.0
1466,48.8667,1,mask,,0.3641,0.3379,,0.0226,,,,,225,0.9825,0.3557,0.0165,24.0,226.0,27.52,0,0.9236,1,0.0
1467,48.9,1,mask,,0.3644,0.3448,,0.2083,,,,,225,0.9825,0.3548,0.0165,24.0,226.0,27.54,0,0.9238,1,0.0
1468,48.9333,1,mask,,0.3644,0.3516,,0.2023,,,,,225,0.9825,0.353,0.0167,24.0,226.0,27.53,0,0.9242,1,0.0
1469,48.9667,1,mask,,0.3353,0.3559,,0.1315,,,,,224,0.9739,0.3256,0.0134,24.0,225.0,27.53,0,0.927,1,0.0
1470,49.0,1,mask,,0.367,0.3589,,0.0887,,,,,225,0.9825,0.3575,0.0169,24.0,226.0,27.37,0,0.9233,1,0.0
1471,49.0333,1,mask,,0.3607,0.3608,,0.0577,,,,,223,0.9738,0.367,0.0166,24.0,226.0,27.25,0,0.9187,1,0.0
1472,49.0667,1,mask,,0.3515,0.3608,,-0.0012,,,,,218,0.952,0.35,0.0164,24.0,225.0,27.26,0,0.9156,1,0.0
1473,49.1,1,mask,,0.3537,0.3583,,-0.0745,,,,,219,0.9563,0.3475,0.0165,24.0,225.0,27.25,0,0.9174,1,0.0
1474,49.1333,1,mask,,0.3587,0.3584,,0.0046,,,,,219,0.9563,0.3454,0.0167,24.0,225.0,27.22,0,0.9178,1,0.0
1475,49.1667,1,mask,,0.3586,0.3585,,0.0018,,,,,219,0.9563,0.349,0.0167,24.0,225.0,27.3,0,0.9171,1,0.0
1476,49.2,1,mask,,0.3214,0.3568,,-0.0507,,,,,218,0.9689,0.332,0.0169,24.0,220.0,27.72,0,0.9243,1,0.0
1477,49.2333,1,mask,,0.3243,0.3557,,-0.0329,,,,,213,0.9467,0.3366,0.0164,24.0,220.0,27.63,0,0.9167,1,0.0
1478,49.2667,1,mask,,0.3269,0.3456,,-0.3028,,,,,214,0.9469,0.3406,0.0168,24.0,225.0,27.53,0,0.916,1,0.0
1479,49.3,1,mask,,0.327,0.3391,,-0.1968,,,,,214,0.9469,0.3409,0.0168,24.0,225.0,27.6,0,0.9159,1,0.0
1480,49.3333,1,mask,,0.2982,0.3339,,-0.1554,,,,,210,0.9292,0.3173,0.0164,24.0,214.0,27.63,0,0.9153,1,0.0
1481,49.3667,1,mask,,0.328,0.3314,,-0.0736,,,,,214,0.9469,0.3399,0.0168,24.0,225.0,27.7,0,0.9161,1,0.0
1482,49.4,1,mask,,0.3109,0.3298,,-0.0478,,,,,206,0.9156,0.3251,0.0167,24.0,214.0,27.74,0,0.9097,1,0.0
1483,49.4333,1,mask,,0.3057,0.3232,,-0.1986,,,,,206,0.9196,0.3253,0.0167,24.0,214.0,27.87,0,0.9108,1,0.0
1484,49.4667,1,mask,,0.3057,0.3171,,-0.1842,,,,,206,0.9196,0.3253,0.0167,24.0,214.0,27.72,0,0.9108,1,0.0
1485,49.5,1,mask,,0.305,0.3131,,-0.1197,,,,,206,0.9196,0.3206,0.0166,24.0,214.0,27.53,0,0.9118,1,0.0
1486,49.5333,1,mask,,0.3048,0.3105,,-0.0778,,,,,207,0.9241,0.3247,0.0164,24.0,214.0,27.6,0,0.9123,1,0.0
1487,49.5667,1,mask,,0.3048,0.3086,,-0.0579,,,,,207,0.9241,0.3247,0.0164,24.0,214.0,27.78,0,0.9123,1,0.0
1488,49.6,1,mask,,0.321,0.3073,,-0.0377,,,,,212,0.9464,0.3191,0.0168,24.0,214.0,27.9,0,0.9201,1,0.0
1489,49.6333,1,mask,,0.313,0.3065,,-0.0245,,,,,210,0.9375,0.3181,0.0162,24.0,214.0,27.77,0,0.9176,1,0.0
1490,49.6667,1,mask,,0.3125,0.3086,,0.0626,,,,,210,0.9375,0.3204,0.0162,24.0,214.0,27.81,0,0.9172,1,0.0
1491,49.7,1,mask,,0.3148,0.3101,,0.0466,,,,,209,0.933,0.32,0.0163,24.0,214.0,27.77,0,0.9159,1,0.0
1492,49.7333,1,mask,,0.3173,0.3118,,0.049,,,,,208,0.9286,0.3196,0.0165,24.0,214.0,27.76,0,0.9146,1,0.0
1493,49.7667,1,mask,,0.3173,0.3128,,0.0319,,,,,208,0.9286,0.3196,0.0165,24.0,214.0,27.65,0,0.9146,1,0.0
1494,49.8,1,mask,,0.3159,0.3139,,0.0321,,,,,207,0.9241,0.3212,0.0165,24.0,214.0,27.69,0,0.913,1,0.0
1495,49.8333,1,mask,,0.3159,0.3146,,0.0209,,,,,207,0.9241,0.3212,0.0165,24.0,214.0,27.7,0,0.913,1,0.0
1496,49.8667,1,mask,,0.3197,0.3155,,0.0282,,,,,207,0.9241,0.3219,0.0166,24.0,214.0,27.75,0,0.9129,1,0.0
1497,49.9,1,mask,,0.3197,0.3161,,0.0183,,,,,207,0.9241,0.3219,0.0166,24.0,214.0,27.77,0,0.9129,1,0.0
1498,49.9333,1,mask,,0.3197,0.3174,,0.0379,,,,,207,0.9241,0.3219,0.0166,24.0,214.0,27.8,0,0.9129,1,0.0
1499,49.9667,1,mask,,0.3169,0.3182,,0.0246,,,,,206,0.9196,0.3211,0.0165,24.0,214.0,27.8,0,0.9117,1,0.0
1500,50.0,1,mask,,0.3611,0.3188,,0.016,,,,,222,0.961,0.3624,0.0163,24.0,224.0,27.95,0,0.9158,1,0.0
1501,50.0333,1,mask,,0.3532,0.3191,,0.0104,,,,,222,0.961,0.3569,0.0162,24.0,224.0,27.96,0,0.9169,1,0.0
1502,50.0667,1,mask,,0.3439,0.3278,,0.2601,,,,,220,0.9565,0.3595,0.0158,24.0,224.0,27.92,0,0.9151,1,0.0
1503,50.1,1,mask,,0.34,0.3334,,0.1691,,,,,220,0.9565,0.3612,0.0157,24.0,224.0,27.99,0,0.9147,1,0.0
1504,50.1333,1,mask,,0.3373,0.3371,,0.1099,,,,,220,0.9565,0.3621,0.0158,24.0,224.0,28.01,0,0.9145,1,0.0
1505,50.1667,1,mask,,0.3373,0.3381,,0.0306,,,,,220,0.9607,0.3621,0.0158,24.0,224.0,27.99,0,0.9158,1,0.0
1506,50.2,1,mask,,0.3392,0.3385,,0.0114,,,,,220,0.9565,0.3619,0.0159,24.0,224.0,27.98,0,0.9146,1,0.0
1507,50.2333,1,mask,,0.3345,0.3381,,-0.0122,,,,,217,0.9518,0.3614,0.0155,24.0,224.0,27.97,0,0.9132,1,0.0
1508,50.2667,1,mask,,0.3364,0.3378,,-0.0079,,,,,217,0.9518,0.3612,0.0154,24.0,224.0,27.99,0,0.9133,1,0.0
1509,50.3,1,mask,,0.3345,0.3373,,-0.0146,,,,,217,0.9518,0.3614,0.0155,24.0,224.0,28.09,0,0.9132,1,0.0
1510,50.3333,1,mask,,0.3346,0.3364,,-0.029,,,,,216,0.9474,0.3602,0.0155,24.0,224.0,28.09,0,0.9122,1,0.0
1511,50.3667,1,mask,,0.3346,0.3357,,-0.0188,,,,,216,0.9474,0.3602,0.0155,24.0,224.0,28.1,0,0.9122,1,0.0
1512,50.4,1,mask,,0.3431,0.3353,,-0.0122,,,,,221,0.9609,0.3607,0.016,24.0,224.0,27.94,0,0.9161,1,0.0
1513,50.4333,1,mask,,0.3327,0.3351,,-0.008,,,,,216,0.9432,0.3659,0.0154,24.0,224.0,27.92,0,0.9098,1,0.0
1514,50.4667,1,mask,,0.3348,0.3349,,-0.0052,,,,,217,0.9518,0.3611,0.0154,24.0,224.0,27.96,0,0.9133,1,0.0
1515,50.5,1,mask,,0.3348,0.3348,,-0.0012,,,,,217,0.9476,0.3611,0.0154,24.0,224.0,27.92,0,0.9121,1,0.0
1516,50.5333,1,mask,,0.3242,0.3348,,-0.0007,,,,,217,0.9559,0.3694,0.0156,24.0,224.0,27.79,0,0.9129,1,0.0
1517,50.5667,1,mask,,0.3116,0.3341,,-0.0225,,,,,216,0.9474,0.3659,0.0155,24.0,224.0,27.83,0,0.911,1,0.0
1518,50.6,1,mask,,0.3254,0.331,,-0.091,,,,,217,0.9518,0.3646,0.0156,24.0,224.0,27.83,0,0.9126,1,0.0
1519,50.6333,1,mask,,0.3254,0.3291,,-0.0591,,,,,217,0.9518,0.3646,0.0156,24.0,224.0,27.83,0,0.9126,1,0.0
1520,50.6667,1,mask,,0.3242,0.3274,,-0.0512,,,,,217,0.9518,0.3671,0.0156,24.0,224.0,27.92,0,0.9121,1,0.0
1521,50.7,1,mask,,0.3242,0.3262,,-0.0334,,,,,217,0.9518,0.3671,0.0156,24.0,224.0,27.89,0,0.9121,1,0.0
1522,50.7333,1,mask,,0.3242,0.3255,,-0.0217,,,,,217,0.9518,0.3671,0.0156,24.0,224.0,27.86,0,0.9121,1,0.0
1523,50.7667,1,mask,,0.3035,0.325,,-0.0141,,,,,217,0.9559,0.3661,0.0157,24.0,224.0,27.82,0,0.9136,1,0.0
1524,50.8,1,mask,,0.3527,0.3247,,-0.0092,,,,,221,0.9567,0.3513,0.0167,24.0,224.0,28.27,0,0.9168,1,0.0
1525,50.8333,1,mask,,0.3969,0.3245,,-0.006,,,,,221,0.9567,0.3349,0.0136,24.0,228.0,28.08,0,0.92,1,0.0
1526,50.8667,1,mask,,0.3928,0.3344,,0.2961,,,,,219,0.9481,0.3317,0.0135,24.0,228.0,28.08,0,0.9181,1,0.0
1527,50.9,1,mask,,0.3905,0.3541,,0.5894,,,,,219,0.9481,0.3319,0.0134,24.0,228.0,28.09,0,0.918,1,0.0
1528,50.9333,1,mask,,0.3884,0.3668,,0.3831,,,,,217,0.9394,0.3375,0.0134,24.0,228.0,28.11,0,0.9143,1,0.0
1529,50.9667,1,mask,,0.3895,0.3751,,0.249,,,,,217,0.9394,0.3364,0.0134,24.0,228.0,28.14,0,0.9145,1,0.0
1530,51.0,1,mask,,0.3925,0.3805,,0.1619,,,,,215,0.9307,0.3356,0.0136,24.0,228.0,28.21,0,0.9121,1,0.0
1531,51.0333,1,mask,,0.3853,0.3837,,0.0946,,,,,229,0.9913,0.4192,0.0134,24.0,228.0,28.27,0,0.9136,1,0.0
1532,51.0667,1,mask,,0.3962,0.3857,,0.0615,,,,,230,0.9957,0.4256,0.0136,24.0,229.0,28.34,0,0.9136,1,0.0
1533,51.1,1,mask,,0.3966,0.3881,,0.0709,,,,,230,0.9957,0.4251,0.0135,24.0,229.0,28.47,0,0.9137,1,0.0
1534,51.1333,1,mask,,0.3998,0.3909,,0.0854,,,,,230,0.9957,0.4228,0.0135,24.0,229.0,28.36,0,0.9141,1,0.0
1535,51.1667,1,mask,,0.4042,0.3929,,0.0597,,,,,230,0.9957,0.4223,0.0135,24.0,229.0,28.34,0,0.9142,1,0.0
1536,51.2,1,mask,,0.4014,0.3953,,0.0725,,,,,229,0.9913,0.3819,0.0131,24.0,229.0,28.47,0,0.921,1,0.0
1537,51.2333,1,mask,,0.3968,0.3969,,0.0472,,,,,229,0.9913,0.4285,0.0132,24.0,229.0,28.18,0,0.9117,1,0.0
1538,51.2667,1,mask,,0.396,0.3979,,0.0307,,,,,229,0.9913,0.4282,0.0132,24.0,229.0,28.16,0,0.9118,1,0.0
1539,51.3,1,mask,,0.396,0.3975,,-0.0116,,,,,229,0.9913,0.4282,0.0132,24.0,229.0,28.16,0,0.9118,1,0.0
1540,51.3333,1,mask,,0.392,0.397,,-0.016,,,,,230,0.9957,0.4286,0.013,24.0,229.0,28.12,0,0.913,1,0.0
1541,51.3667,1,mask,,0.3926,0.3967,,-0.0104,,,,,230,0.9957,0.4354,0.013,24.0,229.0,28.11,0,0.9116,1,0.0
1542,51.4,1,mask,,0.341,0.3952,,-0.0429,,,,,224,0.9697,0.3772,0.0153,24.0,225.0,28.12,0,0.9155,1,0.0
1543,51.4333,1,mask,,0.3368,0.3941,,-0.0335,,,,,223,0.9654,0.3733,0.0154,24.0,225.0,28.12,0,0.915,1,0.0
1544,51.4667,1,mask,,0.4029,0.3934,,-0.0218,,,,,230,0.9957,0.4275,0.0134,24.0,229.0,28.13,0,0.9132,1,0.0
1545,51.5,1,mask,,0.3446,0.3763,,-0.5123,,,,,223,0.9654,0.3721,0.0154,24.0,225.0,27.99,0,0.9152,1,0.0
1546,51.5333,1,mask,,0.339,0.364,,-0.3706,,,,,221,0.9609,0.3612,0.015,24.0,224.0,27.99,0,0.916,1,0.0
1547,51.5667,1,mask,,0.3918,0.3572,,-0.2033,,,,,228,0.987,0.4258,0.0135,24.0,228.0,27.95,0,0.9109,1,0.0
1548,51.6,1,mask,,0.3986,0.3693,,0.3638,,,,,220,0.9524,0.3354,0.0135,24.0,228.0,28.67,0,0.9186,1,0.0
1549,51.6333,1,mask,,0.4057,0.3772,,0.2365,,,,,228,0.987,0.4068,0.0138,24.0,228.0,28.49,0,0.9147,1,0.0
1550,51.6667,1,mask,,0.4029,0.3847,,0.2252,,,,,228,0.987,0.4159,0.0136,24.0,228.0,28.45,0,0.9129,1,0.0
1551,51.7,1,mask,,0.4093,0.3911,,0.1906,,,,,228,0.987,0.4049,0.0138,24.0,228.0,28.46,0,0.9151,1,0.0
1552,51.7333,1,mask,,0.4107,0.3962,,0.1542,,,,,228,0.987,0.4072,0.0137,24.0,228.0,28.48,0,0.9147,1,0.0
1553,51.7667,1,mask,,0.4008,0.3995,,0.1002,,,,,229,0.9913,0.4189,0.0135,24.0,228.0,28.53,0,0.9136,1,0.0
1554,51.8,1,mask,,0.3995,0.4007,,0.0348,,,,,229,0.9913,0.4194,0.0134,24.0,228.0,28.51,0,0.9135,1,0.0
1555,51.8333,1,mask,,0.3995,0.4007,,0.0013,,,,,229,0.9913,0.4194,0.0134,24.0,228.0,28.5,0,0.9135,1,0.0
1556,51.8667,1,mask,,0.3995,0.4003,,-0.0133,,,,,229,0.9913,0.4194,0.0134,24.0,228.0,28.47,0,0.9135,1,0.0
1557,51.9,1,mask,,0.4084,0.4,,-0.0086,,,,,229,0.9913,0.4028,0.0134,24.0,228.0,28.33,0,0.9169,1,0.0
1558,51.9333,1,mask,,0.4084,0.3998,,-0.0056,,,,,229,0.9913,0.4028,0.0134,24.0,228.0,28.42,0,0.9169,1,0.0
1559,51.9667,1,mask,,0.4124,0.4028,,0.0901,,,,,229,0.9913,0.3904,0.0134,24.0,228.0,28.49,0,0.9193,1,0.0
1560,52.0,1,mask,,0.38,0.4048,,0.0586,,,,,229,0.9913,0.3936,0.0132,24.0,228.0,28.64,0,0.9187,1,0.0
1561,52.0333,1,mask,,0.386,0.4061,,0.0381,,,,,229,0.9913,0.4167,0.0134,24.0,228.0,28.4,0,0.9141,1,0.0
1562,52.0667,1,mask,,0.3881,0.3998,,-0.189,,,,,229,0.9913,0.4167,0.0133,24.0,228.0,28.42,0,0.9141,1,0.0
1563,52.1,1,mask,,0.3453,0.395,,-0.1442,,,,,224,0.9697,0.3816,0.0156,24.0,225.0,28.44,0,0.9146,1,0.0
1564,52.1333,1,mask,,0.3963,0.3918,,-0.0937,,,,,229,0.9913,0.418,0.0134,24.0,228.0,28.44,0,0.9138,1,0.0
1565,52.1667,1,mask,,0.3412,0.3898,,-0.0609,,,,,223,0.9654,0.3749,0.0152,24.0,225.0,28.4,0,0.9146,1,0.0
1566,52.2,1,mask,,0.3959,0.3892,,-0.0182,,,,,229,0.9913,0.4161,0.0134,24.0,228.0,28.38,0,0.9142,1,0.0
1567,52.2333,1,mask,,0.3946,0.3911,,0.057,,,,,229,0.9913,0.4227,0.0134,24.0,228.0,28.39,0,0.9129,1,0.0
1568,52.2667,1,mask,,0.4,0.3928,,0.0506,,,,,228,0.987,0.4103,0.0137,24.0,228.0,28.44,0,0.914,1,0.0
1569,52.3,1,mask,,0.3952,0.3936,,0.0259,,,,,226,0.9784,0.4027,0.0136,24.0,228.0,28.46,0,0.913,1,0.0
1570,52.3333,1,mask,,0.3996,0.3944,,0.0238,,,,,228,0.987,0.4156,0.0135,24.0,228.0,28.47,0,0.913,1,0.0
1571,52.3667,1,mask,,0.3989,0.396,,0.0472,,,,,228,0.987,0.4114,0.0135,24.0,228.0,28.4,0,0.9138,1,0.0
1572,52.4,1,mask,,0.3396,0.397,,0.0307,,,,,222,0.961,0.3756,0.0149,24.0,224.0,28.54,0,0.9132,1,0.0
1573,52.4333,1,mask,,0.3466,0.3964,,-0.0187,,,,,222,0.961,0.367,0.0151,24.0,224.0,28.05,0,0.9149,1,0.0
1574,52.4667,1,mask,,0.4031,0.3973,,0.0265,,,,,229,0.9913,0.4192,0.0139,24.0,228.0,28.01,0,0.9136,1,0.0
1575,52.5,1,mask,,0.4031,0.3979,,0.0172,,,,,229,0.9913,0.4192,0.0139,24.0,228.0,27.97,0,0.9136,1,0.0
1576,52.5333,1,mask,,0.3931,0.3962,,-0.0497,,,,,229,0.9913,0.4194,0.0136,24.0,228.0,27.98,0,0.9135,1,0.0
1577,52.5667,1,mask,,0.3935,0.3953,,-0.0281,,,,,229,0.9913,0.4217,0.0135,24.0,228.0,27.82,0,0.9131,1,0.0
1578,52.6,1,mask,,0.395,0.3952,,-0.0023,,,,,229,0.9913,0.407,0.0136,24.0,228.0,27.83,0,0.916,1,0.0
1579,52.6333,1,mask,,0.3906,0.3946,,-0.0174,,,,,229,0.9913,0.4113,0.0135,24.0,228.0,27.77,0,0.9151,1,0.0
1580,52.6667,1,mask,,0.3895,0.3941,,-0.0155,,,,,229,0.9913,0.4282,0.0135,24.0,228.0,27.7,0,0.9118,1,0.0
1581,52.7,1,mask,,0.3828,0.3929,,-0.0372,,,,,229,0.9913,0.424,0.0132,24.0,228.0,27.86,0,0.9126,1,0.0
1582,52.7333,1,mask,,0.3825,0.3917,,-0.0356,,,,,229,0.9913,0.4241,0.0133,24.0,228.0,27.91,0,0.9126,1,0.0
1583,52.7667,1,mask,,0.3907,0.3909,,-0.0231,,,,,229,0.9913,0.4196,0.0135,24.0,228.0,27.93,0,0.9135,1,0.0
1584,52.8,1,mask,,0.3843,0.3886,,-0.0697,,,,,228,0.987,0.4076,0.0135,24.0,228.0,27.83,0,0.9146,1,0.0
1585,52.8333,1,mask,,0.3828,0.3866,,-0.0604,,,,,229,0.9913,0.418,0.0134,24.0,228.0,27.76,0,0.9138,1,0.0
1586,52.8667,1,mask,,0.3849,0.3858,,-0.0241,,,,,229,0.9913,0.418,0.0135,24.0,228.0,27.84,0,0.9138,1,0.0
1587,52.9,1,mask,,0.3849,0.3855,,-0.0092,,,,,229,0.9913,0.418,0.0135,24.0,228.0,27.92,0,0.9138,1,0.0
1588,52.9333,1,mask,,0.3901,0.3853,,-0.006,,,,,229,0.9913,0.4167,0.0134,24.0,228.0,27.92,0,0.9141,1,0.0
1589,52.9667,1,mask,,0.3878,0.3851,,-0.0039,,,,,229,0.9913,0.4173,0.0134,24.0,228.0,27.92,0,0.9139,1,0.0
1590,53.0,1,mask,,0.39,0.3861,,0.0281,,,,,229,0.9913,0.417,0.0134,24.0,228.0,27.94,0,0.914,1,0.0
1591,53.0333,1,mask,,0.39,0.3874,,0.0414,,,,,229,0.9913,0.417,0.0134,24.0,228.0,27.93,0,0.914,1,0.0
1592,53.0667,1,mask,,0.3853,0.3883,,0.0269,,,,,229,0.9913,0.4138,0.0134,24.0,228.0,27.96,0,0.9146,1,0.0
1593,53.1,1,mask,,0.3928,0.3889,,0.0175,,,,,229,0.9913,0.4148,0.0134,24.0,228.0,27.91,0,0.9144,1,0.0
1594,53.1333,1,mask,,0.3917,0.3893,,0.0114,,,,,229,0.9913,0.4138,0.0135,24.0,228.0,27.93,0,0.9146,1,0.0
1595,53.1667,1,mask,,0.3985,0.3901,,0.0248,,,,,229,0.9913,0.4165,0.0136,24.0,228.0,27.97,0,0.9141,1,0.0
1596,53.2,1,mask,,0.394,0.3911,,0.0279,,,,,229,0.9913,0.4157,0.0135,24.0,228.0,27.87,0,0.9143,1,0.0
1597,53.2333,1,mask,,0.3938,0.392,,0.0286,,,,,229,0.9913,0.4188,0.0135,24.0,228.0,27.55,0,0.9136,1,0.0
1598,53.2667,1,mask,,0.3916,0.3926,,0.0186,,,,,229,0.9913,0.4215,0.0134,24.0,228.0,27.44,0,0.9131,1,0.0
1599,53.3,1,mask,,0.3916,0.393,,0.0121,,,,,229,0.9913,0.4215,0.0134,24.0,228.0,27.51,0,0.9131,1,0.0
1600,53.3333,1,mask,,0.3895,0.3925,,-0.0153,,,,,226,1.0,0.5251,0.0189,23.0,231.0,27.53,0,0.895,1,0.0
1601,53.3667,1,mask,,0.2935,0.3922,,-0.0099,,,,,226,0.9826,0.4223,0.0099,24.0,225.0,27.63,0,0.9103,1,0.0
1602,53.4,1,mask,,0.3036,0.3912,,-0.0287,,,,,226,0.9826,0.4311,0.0096,24.0,225.0,27.52,0,0.9086,1,0.0
1603,53.4333,1,mask,,0.3292,0.3695,,-0.6518,,,,,228,0.9913,0.4531,0.0093,24.0,228.0,27.58,0,0.9068,1,0.0
1604,53.4667,1,mask,,0.3065,0.3475,,-0.6615,,,,,226,0.9826,0.4328,0.0094,24.0,225.0,27.56,0,0.9082,1,0.0
1605,53.5,1,mask,,0.3322,0.3331,,-0.43,,,,,229,0.9957,0.4574,0.0098,24.0,228.0,27.66,0,0.9072,1,0.0
1606,53.5333,1,mask,,0.3393,0.3317,,-0.0417,,,,,229,0.9957,0.4554,0.0103,24.0,228.0,27.62,0,0.9076,1,0.0
1607,53.5667,1,mask,,0.3395,0.3319,,0.0046,,,,,229,0.9957,0.4533,0.0112,24.0,228.0,27.58,0,0.908,1,0.0
1608,53.6,1,mask,,0.349,0.3345,,0.0773,,,,,229,0.9957,0.4612,0.0117,24.0,228.0,27.87,0,0.9065,1,0.0
1609,53.6333,1,mask,,0.3431,0.3362,,0.0532,,,,,229,0.9957,0.4714,0.0117,24.0,228.0,27.43,0,0.9044,1,0.0
1610,53.6667,1,mask,,0.3364,0.3374,,0.0346,,,,,229,0.9957,0.4675,0.0118,24.0,228.0,27.53,0,0.9052,1,0.0
1611,53.7,1,mask,,0.3364,0.3381,,0.0225,,,,,229,0.9957,0.4675,0.0118,24.0,228.0,27.52,0,0.9052,1,0.0
1612,53.7333,1,mask,,0.3426,0.3397,,0.0468,,,,,229,0.9957,0.4699,0.0118,24.0,228.0,27.5,0,0.9047,1,0.0
1613,53.7667,1,mask,,0.3454,0.3407,,0.0304,,,,,229,0.9957,0.4691,0.0117,24.0,228.0,27.55,0,0.9049,1,0.0
1614,53.8,1,mask,,0.3489,0.3414,,0.0198,,,,,229,0.9957,0.4643,0.0117,24.0,228.0,27.41,0,0.9058,1,0.0
1615,53.8333,1,mask,,0.3469,0.3428,,0.0426,,,,,229,0.9957,0.4676,0.0119,24.0,228.0,27.15,0,0.9052,1,0.0
1616,53.8667,1,mask,,0.3443,0.3437,,0.0277,,,,,229,0.9957,0.4686,0.012,24.0,228.0,27.19,0,0.905,1,0.0
1617,53.9,1,mask,,0.3328,0.3443,,0.018,,,,,226,0.9826,0.4442,0.0125,24.0,225.0,27.15,0,0.9059,1,0.0
1618,53.9333,1,mask,,0.3516,0.3452,,0.0273,,,,,229,0.9957,0.4656,0.0144,24.0,228.0,27.19,0,0.9056,1,0.0
1619,53.9667,1,mask,,0.3356,0.3449,,-0.0102,,,,,227,0.987,0.4526,0.0134,24.0,228.0,27.22,0,0.9056,1,0.0
1620,54.0,1,mask,,0.3067,0.3416,,-0.0978,,,,,226,0.9869,0.4469,0.0126,24.0,225.0,27.14,0,0.9067,1,0.0
1621,54.0333,1,mask,,0.2889,0.3386,,-0.0925,,,,,226,0.9826,0.4617,0.0133,24.0,225.0,27.08,0,0.9024,1,0.0
1622,54.0667,1,mask,,0.2932,0.3274,,-0.3343,,,,,226,0.9826,0.4657,0.0133,24.0,225.0,27.39,0,0.9017,1,0.0
1623,54.1,1,mask,,0.3153,0.3202,,-0.2173,,,,,229,0.9957,0.4849,0.0131,24.0,228.0,27.4,0,0.9017,1,0.0
1624,54.1333,1,mask,,0.3153,0.3155,,-0.1413,,,,,229,0.9957,0.4849,0.0138,24.0,228.0,27.37,0,0.9017,1,0.0
1625,54.1667,1,mask,,0.2966,0.3088,,-0.1981,,,,,226,0.9826,0.4645,0.0136,24.0,225.0,27.46,0,0.9019,1,0.0
1626,54.2,1,mask,,0.2939,0.3046,,-0.1288,,,,,226,0.9826,0.4652,0.0137,24.0,225.0,27.48,0,0.9017,1,0.0
1627,54.2333,1,mask,,0.2964,0.3018,,-0.0837,,,,,226,0.9826,0.464,0.0138,24.0,225.0,27.56,0,0.902,1,0.0
1628,54.2667,1,mask,,0.2986,0.3,,-0.0544,,,,,228,0.9913,0.478,0.0157,24.0,228.0,27.36,0,0.9018,1,0.0
1629,54.3,1,mask,,0.2986,0.2988,,-0.0354,,,,,226,0.9826,0.4622,0.0147,24.0,225.0,27.34,0,0.9023,1,0.0
1630,54.3333,1,mask,,0.2966,0.298,,-0.0233,,,,,226,0.9826,0.4623,0.0148,24.0,225.0,27.33,0,0.9023,1,0.0
1631,54.3667,1,mask,,0.2966,0.2975,,-0.0151,,,,,226,0.9826,0.4623,0.0148,24.0,225.0,27.35,0,0.9023,1,0.0
1632,54.4,1,mask,,0.3049,0.2979,,0.0116,,,,,226,0.9869,0.4465,0.0133,24.0,225.0,27.14,0,0.9068,1,0.0
1633,54.4333,0,,no_mask,,,,,,,,,0,0.0,,,,,,0,0.0,1,0.0
1634,54.4667,0,,no_mask,,,,,,,,,0,0.0,,,,,,0,0.0,1,0.0
1635,54.5,0,,no_mask,,,,,,,,,0,0.0,,,,,,0,0.0,1,0.0
1636,54.5333,0,,no_mask,,,,,,,,,0,0.0,,,,,,0,0.0,1,0.0
1637,54.5667,0,,no_mask,,,,,,,,,0,0.0,,,,,,0,0.0,1,0.0
1638,54.6,0,,no_mask,,,,,,,,,0,0.0,,,,,,0,0.0,1,0.0
1639,54.6333,0,,no_mask,,,,,,,,,0,0.0,,,,,,0,0.0,1,0.0
1640,54.6667,0,,no_mask,,,,,,,,,0,0.0,,,,,,0,0.0,1,0.0
1641,54.7,0,,no_mask,,,,,,,,,0,0.0,,,,,,0,0.0,1,0.0
1642,54.7333,0,,no_mask,,,,,,,,,0,0.0,,,,,,0,0.0,1,0.0
1643,54.7667,0,,no_mask,,,,,,,,,0,0.0,,,,,,0,0.0,1,0.0
1644,54.8,0,,no_mask,,,,,,,,,0,0.0,,,,,,0,0.0,1,0.0
1645,54.8333,0,,no_mask,,,,,,,,,0,0.0,,,,,,0,0.0,1,0.0
1646,54.8667,0,,no_mask,,,,,,,,,0,0.0,,,,,,0,0.0,1,0.0
1647,54.9,0,,no_mask,,,,,,,,,0,0.0,,,,,,0,0.0,1,0.0
1648,54.9333,0,,no_mask,,,,,,,,,0,0.0,,,,,,0,0.0,1,0.0
1649,54.9667,0,,no_mask,,,,,,,,,0,0.0,,,,,,0,0.0,1,0.0
1650,55.0,0,,no_mask,,,,,,,,,0,0.0,,,,,,0,0.0,1,0.0
1651,55.0333,0,,no_mask,,,,,,,,,0,0.0,,,,,,0,0.0,1,0.0
1652,55.0667,0,,no_mask,,,,,,,,,0,0.0,,,,,,0,0.0,1,0.0
1653,55.1,0,,no_mask,,,,,,,,,0,0.0,,,,,,0,0.0,1,0.0
1654,55.1333,0,,no_mask,,,,,,,,,0,0.0,,,,,,0,0.0,1,0.0
1655,55.1667,0,,no_mask,,,,,,,,,0,0.0,,,,,,0,0.0,1,0.0
1656,55.2,0,,no_mask,,,,,,,,,0,0.0,,,,,,0,0.0,1,0.0
1657,55.2333,0,,no_mask,,,,,,,,,0,0.0,,,,,,0,0.0,1,0.0
1658,55.2667,0,,no_mask,,,,,,,,,0,0.0,,,,,,0,0.0,1,0.0
1659,55.3,0,,no_mask,,,,,,,,,0,0.0,,,,,,0,0.0,1,0.0
1660,55.3333,0,,no_mask,,,,,,,,,0,0.0,,,,,,0,0.0,1,0.0
1661,55.3667,0,,no_mask,,,,,,,,,0,0.0,,,,,,0,0.0,1,0.0
1662,55.4,0,,no_mask,,,,,,,,,0,0.0,,,,,,0,0.0,1,0.0
1663,55.4333,0,,no_mask,,,,,,,,,0,0.0,,,,,,0,0.0,1,0.0
1664,55.4667,0,,no_mask,,,,,,,,,0,0.0,,,,,,0,0.0,1,0.0
1665,55.5,0,,no_mask,,,,,,,,,0,0.0,,,,,,0,0.0,1,0.0
1666,55.5333,0,,no_mask,,,,,,,,,0,0.0,,,,,,0,0.0,1,0.0
1667,55.5667,0,,no_mask,,,,,,,,,0,0.0,,,,,,0,0.0,1,0.0
1668,55.6,0,,no_mask,,,,,,,,,0,0.0,,,,,,0,0.0,1,0.0
1669,55.6333,0,,no_mask,,,,,,,,,0,0.0,,,,,,0,0.0,1,0.0
1670,55.6667,0,,no_mask,,,,,,,,,0,0.0,,,,,,0,0.0,1,0.0
1671,55.7,0,,no_mask,,,,,,,,,0,0.0,,,,,,0,0.0,1,0.0
1672,55.7333,0,,no_mask,,,,,,,,,0,0.0,,,,,,0,0.0,1,0.0
1673,55.7667,0,,no_mask,,,,,,,,,0,0.0,,,,,,0,0.0,1,0.0
1674,55.8,0,,no_mask,,,,,,,,,0,0.0,,,,,,0,0.0,1,0.0
1675,55.8333,0,,no_mask,,,,,,,,,0,0.0,,,,,,0,0.0,1,0.0
1676,55.8667,0,,no_mask,,,,,,,,,0,0.0,,,,,,0,0.0,1,0.0
1677,55.9,0,,no_mask,,,,,,,,,0,0.0,,,,,,0,0.0,1,0.0
1678,55.9333,0,,no_mask,,,,,,,,,0,0.0,,,,,,0,0.0,1,0.0
1679,55.9667,0,,no_mask,,,,,,,,,0,0.0,,,,,,0,0.0,1,0.0
1680,56.0,0,,no_mask,,,,,,,,,0,0.0,,,,,,0,0.0,1,0.0
1681,56.0333,0,,no_mask,,,,,,,,,0,0.0,,,,,,0,0.0,1,0.0
1682,56.0667,0,,no_mask,,,,,,,,,0,0.0,,,,,,0,0.0,1,0.0
1683,56.1,0,,no_mask,,,,,,,,,0,0.0,,,,,,0,0.0,1,0.0
1684,56.1333,0,,no_mask,,,,,,,,,0,0.0,,,,,,0,0.0,1,0.0
1685,56.1667,0,,no_mask,,,,,,,,,0,0.0,,,,,,0,0.0,1,0.0
1686,56.2,0,,no_mask,,,,,,,,,0,0.0,,,,,,0,0.0,1,0.0
1687,56.2333,0,,no_mask,,,,,,,,,0,0.0,,,,,,0,0.0,1,0.0
1688,56.2667,0,,no_mask,,,,,,,,,0,0.0,,,,,,0,0.0,1,0.0
1689,56.3,0,,no_mask,,,,,,,,,0,0.0,,,,,,0,0.0,1,0.0
1690,56.3333,0,,no_mask,,,,,,,,,0,0.0,,,,,,0,0.0,1,0.0
1691,56.3667,0,,no_mask,,,,,,,,,0,0.0,,,,,,0,0.0,1,0.0
1692,56.4,0,,no_mask,,,,,,,,,0,0.0,,,,,,0,0.0,1,0.0
1693,56.4333,0,,no_mask,,,,,,,,,0,0.0,,,,,,0,0.0,1,0.0
1694,56.4667,0,,no_mask,,,,,,,,,0,0.0,,,,,,0,0.0,1,0.0
1695,56.5,0,,no_mask,,,,,,,,,0,0.0,,,,,,0,0.0,1,0.0
1696,56.5333,0,,no_mask,,,,,,,,,0,0.0,,,,,,0,0.0,1,0.0
1697,56.5667,0,,no_mask,,,,,,,,,0,0.0,,,,,,0,0.0,1,0.0
1698,56.6,0,,no_mask,,,,,,,,,0,0.0,,,,,,0,0.0,1,0.0
1699,56.6333,0,,no_mask,,,,,,,,,0,0.0,,,,,,0,0.0,1,0.0
1700,56.6667,0,,no_mask,,,,,,,,,0,0.0,,,,,,0,0.0,1,0.0
1701,56.7,0,,no_mask,,,,,,,,,0,0.0,,,,,,0,0.0,1,0.0
1702,56.7333,0,,no_mask,,,,,,,,,0,0.0,,,,,,0,0.0,1,0.0
1703,56.7667,0,,no_mask,,,,,,,,,0,0.0,,,,,,0,0.0,1,0.0
1704,56.8,0,,no_mask,,,,,,,,,0,0.0,,,,,,0,0.0,1,0.0
1705,56.8333,0,,no_mask,,,,,,,,,0,0.0,,,,,,0,0.0,1,0.0
1706,56.8667,0,,no_mask,,,,,,,,,0,0.0,,,,,,0,0.0,1,0.0
1707,56.9,0,,no_mask,,,,,,,,,0,0.0,,,,,,0,0.0,1,0.0
1708,56.9333,0,,no_mask,,,,,,,,,0,0.0,,,,,,0,0.0,1,0.0
1709,56.9667,0,,no_mask,,,,,,,,,0,0.0,,,,,,0,0.0,1,0.0
1710,57.0,0,,no_mask,,,,,,,,,0,0.0,,,,,,0,0.0,1,0.0
1711,57.0333,0,,no_mask,,,,,,,,,0,0.0,,,,,,0,0.0,1,0.0
1712,57.0667,0,,no_mask,,,,,,,,,0,0.0,,,,,,0,0.0,1,0.0
1713,57.1,0,,no_mask,,,,,,,,,0,0.0,,,,,,0,0.0,1,0.0
1714,57.1333,0,,no_mask,,,,,,,,,0,0.0,,,,,,0,0.0,1,0.0
1715,57.1667,0,,no_mask,,,,,,,,,0,0.0,,,,,,0,0.0,1,0.0
1716,57.2,0,,no_mask,,,,,,,,,0,0.0,,,,,,0,0.0,1,0.0
1717,57.2333,0,,no_mask,,,,,,,,,0,0.0,,,,,,0,0.0,1,0.0
1718,57.2667,0,,no_mask,,,,,,,,,0,0.0,,,,,,0,0.0,1,0.0
1719,57.3,0,,no_mask,,,,,,,,,0,0.0,,,,,,0,0.0,1,0.0
1720,57.3333,0,,no_mask,,,,,,,,,0,0.0,,,,,,0,0.0,1,0.0
1721,57.3667,0,,no_mask,,,,,,,,,0,0.0,,,,,,0,0.0,1,0.0
1722,57.4,0,,no_mask,,,,,,,,,0,0.0,,,,,,0,0.0,1,0.0
1723,57.4333,0,,no_mask,,,,,,,,,0,0.0,,,,,,0,0.0,1,0.0
1724,57.4667,0,,no_mask,,,,,,,,,0,0.0,,,,,,0,0.0,1,0.0
1725,57.5,0,,no_mask,,,,,,,,,0,0.0,,,,,,0,0.0,1,0.0
1726,57.5333,0,,no_mask,,,,,,,,,0,0.0,,,,,,0,0.0,1,0.0
1727,57.5667,0,,no_mask,,,,,,,,,0,0.0,,,,,,0,0.0,1,0.0
1728,57.6,0,,no_mask,,,,,,,,,0,0.0,,,,,,0,0.0,1,0.0
1729,57.6333,0,,no_mask,,,,,,,,,0,0.0,,,,,,0,0.0,1,0.0
1730,57.6667,0,,no_mask,,,,,,,,,0,0.0,,,,,,0,0.0,1,0.0
1731,57.7,0,,no_mask,,,,,,,,,0,0.0,,,,,,0,0.0,1,0.0
1732,57.7333,0,,no_mask,,,,,,,,,0,0.0,,,,,,0,0.0,1,0.0
1733,57.7667,0,,no_mask,,,,,,,,,0,0.0,,,,,,0,0.0,1,0.0
1734,57.8,0,,no_mask,,,,,,,,,0,0.0,,,,,,0,0.0,1,0.0
1735,57.8333,0,,no_mask,,,,,,,,,0,0.0,,,,,,0,0.0,1,0.0
1736,57.8667,0,,no_mask,,,,,,,,,0,0.0,,,,,,0,0.0,1,0.0
1737,57.9,0,,no_mask,,,,,,,,,0,0.0,,,,,,0,0.0,1,0.0
1738,57.9333,0,,no_mask,,,,,,,,,0,0.0,,,,,,0,0.0,1,0.0
1739,57.9667,0,,no_mask,,,,,,,,,0,0.0,,,,,,0,0.0,1,0.0
1740,58.0,0,,no_mask,,,,,,,,,0,0.0,,,,,,0,0.0,1,0.0
1741,58.0333,0,,no_mask,,,,,,,,,0,0.0,,,,,,0,0.0,1,0.0
1742,58.0667,0,,no_mask,,,,,,,,,0,0.0,,,,,,0,0.0,1,0.0
1743,58.1,0,,no_mask,,,,,,,,,0,0.0,,,,,,0,0.0,1,0.0
1744,58.1333,0,,no_mask,,,,,,,,,0,0.0,,,,,,0,0.0,1,0.0
1745,58.1667,0,,no_mask,,,,,,,,,0,0.0,,,,,,0,0.0,1,0.0
1746,58.2,0,,no_mask,,,,,,,,,0,0.0,,,,,,0,0.0,1,0.0
1747,58.2333,0,,no_mask,,,,,,,,,0,0.0,,,,,,0,0.0,1,0.0
1748,58.2667,0,,no_mask,,,,,,,,,0,0.0,,,,,,0,0.0,1,0.0
1749,58.3,0,,no_mask,,,,,,,,,0,0.0,,,,,,0,0.0,1,0.0
1750,58.3333,0,,no_mask,,,,,,,,,0,0.0,,,,,,0,0.0,1,0.0
1751,58.3667,0,,no_mask,,,,,,,,,0,0.0,,,,,,0,0.0,1,0.0
1752,58.4,0,,no_mask,,,,,,,,,0,0.0,,,,,,0,0.0,1,0.0
