frame,t,ok,mode,reason,phi_deg,phi_smooth,phi_rel,dphi_dt,phi_l,phi_r,phi_grad,phi_naive,n_bands,inlier_ratio,rms_px,parallel,w_body_px,axis_len_px,w_box_px,polarity,conf,upscale,track_rel
0,0.0,0,,tracker_gate,,,,,,,,,0,0.0,,,,,,0,0.0,1,0.0
1,0.0333,0,,tracker_gate,,,,,,,,,0,0.0,,,,,,0,0.0,1,0.0
2,0.0667,0,,tracker_gate,,,,,,,,,0,0.0,,,,,,0,0.0,1,0.0
3,0.1,0,,tracker_gate,,,,,,,,,0,0.0,,,,,,0,0.0,1,0.0
4,0.1333,0,,tracker_gate,,,,,,,,,0,0.0,,,,,,0,0.0,1,0.0
5,0.1667,0,,tracker_gate,,,,,,,,,0,0.0,,,,,,0,0.0,1,0.0
6,0.2,0,,tracker_gate,,,,,,,,,0,0.0,,,,,,0,0.0,1,0.0
7,0.2333,0,,tracker_gate,,,,,,,,,0,0.0,,,,,,0,0.0,1,0.0
8,0.2667,0,,tracker_gate,,,,,,,,,0,0.0,,,,,,0,0.0,1,0.0
9,0.3,0,,tracker_gate,,,,,,,,,0,0.0,,,,,,0,0.0,1,0.0
10,0.3333,0,,tracker_gate,,,,,,,,,0,0.0,,,,,,0,0.0,1,0.0
11,0.3667,0,,tracker_gate,,,,,,,,,0,0.0,,,,,,0,0.0,1,0.0
12,0.4,0,,tracker_gate,,,,,,,,,0,0.0,,,,,,0,0.0,1,0.0
13,0.4333,0,,tracker_gate,,,,,,,,,0,0.0,,,,,,0,0.0,1,0.0
14,0.4667,0,,tracker_gate,,,,,,,,,0,0.0,,,,,,0,0.0,1,0.0
15,0.5,0,,tracker_gate,,,,,,,,,0,0.0,,,,,,0,0.0,1,0.0
16,0.5333,0,,tracker_gate,,,,,,,,,0,0.0,,,,,,0,0.0,1,0.0
17,0.5667,0,,tracker_gate,,,,,,,,,0,0.0,,,,,,0,0.0,1,0.0
18,0.6,0,,tracker_gate,,,,,,,,,0,0.0,,,,,,0,0.0,1,0.0
19,0.6333,0,,tracker_gate,,,,,,,,,0,0.0,,,,,,0,0.0,1,0.0
20,0.6667,0,,tracker_gate,,,,,,,,,0,0.0,,,,,,0,0.0,1,0.0
21,0.7,0,,tracker_gate,,,,,,,,,0,0.0,,,,,,0,0.0,1,0.0
22,0.7333,0,,tracker_gate,,,,,,,,,0,0.0,,,,,,0,0.0,1,0.0
23,0.7667,0,,tracker_gate,,,,,,,,,0,0.0,,,,,,0,0.0,1,0.0
24,0.8,0,,tracker_gate,,,,,,,,,0,0.0,,,,,,0,0.0,1,0.0
25,0.8333,0,,tracker_gate,,,,,,,,,0,0.0,,,,,,0,0.0,1,0.0
26,0.8667,0,,tracker_gate,,,,,,,,,0,0.0,,,,,,0,0.0,1,0.0
27,0.9,0,,tracker_gate,,,,,,,,,0,0.0,,,,,,0,0.0,1,0.0
28,0.9333,0,,tracker_gate,,,,,,,,,0,0.0,,,,,,0,0.0,1,0.0
29,0.9667,0,,tracker_gate,,,,,,,,,0,0.0,,,,,,0,0.0,1,0.0
30,1.0,0,,tracker_gate,,,,,,,,,0,0.0,,,,,,0,0.0,1,0.0
31,1.0333,0,,tracker_gate,,,,,,,,,0,0.0,,,,,,0,0.0,1,0.0
32,1.0667,0,,tracker_gate,,,,,,,,,0,0.0,,,,,,0,0.0,1,0.0
33,1.1,0,,tracker_gate,,,,,,,,,0,0.0,,,,,,0,0.0,1,0.0
34,1.1333,0,,tracker_gate,,,,,,,,,0,0.0,,,,,,0,0.0,1,0.0
35,1.1667,0,,tracker_gate,,,,,,,,,0,0.0,,,,,,0,0.0,1,0.0
36,1.2,0,,tracker_gate,,,,,,,,,0,0.0,,,,,,0,0.0,1,0.0
37,1.2333,0,,tracker_gate,,,,,,,,,0,0.0,,,,,,0,0.0,1,0.0
38,1.2667,0,,tracker_gate,,,,,,,,,0,0.0,,,,,,0,0.0,1,0.0
39,1.3,0,,tracker_gate,,,,,,,,,0,0.0,,,,,,0,0.0,1,0.0
40,1.3333,0,,tracker_gate,,,,,,,,,0,0.0,,,,,,0,0.0,1,0.0
41,1.3667,0,,tracker_gate,,,,,,,,,0,0.0,,,,,,0,0.0,1,0.0
42,1.4,0,,tracker_gate,,,,,,,,,0,0.0,,,,,,0,0.0,1,0.0
43,1.4333,0,,tracker_gate,,,,,,,,,0,0.0,,,,,,0,0.0,1,0.0
44,1.4667,0,,tracker_gate,,,,,,,,,0,0.0,,,,,,0,0.0,1,0.0
45,1.5,0,,tracker_gate,,,,,,,,,0,0.0,,,,,,0,0.0,1,0.0
46,1.5333,0,,tracker_gate,,,,,,,,,0,0.0,,,,,,0,0.0,1,0.0
47,1.5667,0,,tracker_gate,,,,,,,,,0,0.0,,,,,,0,0.0,1,0.0
48,1.6,0,,tracker_gate,,,,,,,,,0,0.0,,,,,,0,0.0,1,0.0
49,1.6333,0,,tracker_gate,,,,,,,,,0,0.0,,,,,,0,0.0,1,0.0
50,1.6667,0,,tracker_gate,,,,,,,,,0,0.0,,,,,,0,0.0,1,0.0
51,1.7,0,,tracker_gate,,,,,,,,,0,0.0,,,,,,0,0.0,1,0.0
52,1.7333,0,,tracker_gate,,,,,,,,,0,0.0,,,,,,0,0.0,1,0.0
53,1.7667,0,,tracker_gate,,,,,,,,,0,0.0,,,,,,0,0.0,1,0.0
54,1.8,0,,tracker_gate,,,,,,,,,0,0.0,,,,,,0,0.0,1,0.0
55,1.8333,0,,tracker_gate,,,,,,,,,0,0.0,,,,,,0,0.0,1,0.0
56,1.8667,0,,tracker_gate,,,,,,,,,0,0.0,,,,,,0,0.0,1,0.0
57,1.9,0,,tracker_gate,,,,,,,,,0,0.0,,,,,,0,0.0,1,0.0
58,1.9333,0,,tracker_gate,,,,,,,,,0,0.0,,,,,,0,0.0,1,0.0
59,1.9667,0,,tracker_gate,,,,,,,,,0,0.0,,,,,,0,0.0,1,0.0
60,2.0,0,,tracker_gate,,,,,,,,,0,0.0,,,,,,0,0.0,1,0.0
61,2.0333,0,,tracker_gate,,,,,,,,,0,0.0,,,,,,0,0.0,1,0.0
62,2.0667,0,,tracker_gate,,,,,,,,,0,0.0,,,,,,0,0.0,1,0.0
63,2.1,0,,tracker_gate,,,,,,,,,0,0.0,,,,,,0,0.0,1,0.0
64,2.1333,0,,tracker_gate,,,,,,,,,0,0.0,,,,,,0,0.0,1,0.0
65,2.1667,0,,tracker_gate,,,,,,,,,0,0.0,,,,,,0,0.0,1,0.0
66,2.2,0,,tracker_gate,,,,,,,,,0,0.0,,,,,,0,0.0,1,0.0
67,2.2333,0,,tracker_gate,,,,,,,,,0,0.0,,,,,,0,0.0,1,0.0
68,2.2667,0,,tracker_gate,,,,,,,,,0,0.0,,,,,,0,0.0,1,0.0
69,2.3,0,,tracker_gate,,,,,,,,,0,0.0,,,,,,0,0.0,1,0.0
70,2.3333,0,,tracker_gate,,,,,,,,,0,0.0,,,,,,0,0.0,1,0.0
71,2.3667,0,,tracker_gate,,,,,,,,,0,0.0,,,,,,0,0.0,1,0.0
72,2.4,0,,tracker_gate,,,,,,,,,0,0.0,,,,,,0,0.0,1,0.0
73,2.4333,0,,tracker_gate,,,,,,,,,0,0.0,,,,,,0,0.0,1,0.0
74,2.4667,0,,tracker_gate,,,,,,,,,0,0.0,,,,,,0,0.0,1,0.0
75,2.5,0,,tracker_gate,,,,,,,,,0,0.0,,,,,,0,0.0,1,0.0
76,2.5333,0,,tracker_gate,,,,,,,,,0,0.0,,,,,,0,0.0,1,0.0
77,2.5667,0,,tracker_gate,,,,,,,,,0,0.0,,,,,,0,0.0,1,0.0
78,2.6,0,,tracker_gate,,,,,,,,,0,0.0,,,,,,0,0.0,1,0.0
79,2.6333,0,,tracker_gate,,,,,,,,,0,0.0,,,,,,0,0.0,1,0.0
80,2.6667,0,,tracker_gate,,,,,,,,,0,0.0,,,,,,0,0.0,1,0.0
81,2.7,0,,tracker_gate,,,,,,,,,0,0.0,,,,,,0,0.0,1,0.0
82,2.7333,0,,tracker_gate,,,,,,,,,0,0.0,,,,,,0,0.0,1,0.0
83,2.7667,0,,tracker_gate,,,,,,,,,0,0.0,,,,,,0,0.0,1,0.0
84,2.8,0,,tracker_gate,,,,,,,,,0,0.0,,,,,,0,0.0,1,0.0
85,2.8333,0,,tracker_gate,,,,,,,,,0,0.0,,,,,,0,0.0,1,0.0
86,2.8667,0,,tracker_gate,,,,,,,,,0,0.0,,,,,,0,0.0,1,0.0
87,2.9,0,,tracker_gate,,,,,,,,,0,0.0,,,,,,0,0.0,1,0.0
88,2.9333,0,,tracker_gate,,,,,,,,,0,0.0,,,,,,0,0.0,1,0.0
89,2.9667,0,,tracker_gate,,,,,,,,,0,0.0,,,,,,0,0.0,1,0.0
90,3.0,0,,tracker_gate,,,,,,,,,0,0.0,,,,,,0,0.0,1,0.0
91,3.0333,0,,tracker_gate,,,,,,,,,0,0.0,,,,,,0,0.0,1,0.0
92,3.0667,0,,tracker_gate,,,,,,,,,0,0.0,,,,,,0,0.0,1,0.0
93,3.1,0,,tracker_gate,,,,,,,,,0,0.0,,,,,,0,0.0,1,0.0
94,3.1333,0,,tracker_gate,,,,,,,,,0,0.0,,,,,,0,0.0,1,0.0
95,3.1667,0,,tracker_gate,,,,,,,,,0,0.0,,,,,,0,0.0,1,0.0
96,3.2,0,,tracker_gate,,,,,,,,,0,0.0,,,,,,0,0.0,1,0.0
97,3.2333,0,,tracker_gate,,,,,,,,,0,0.0,,,,,,0,0.0,1,0.0
98,3.2667,0,,tracker_gate,,,,,,,,,0,0.0,,,,,,0,0.0,1,0.0
99,3.3,0,,tracker_gate,,,,,,,,,0,0.0,,,,,,0,0.0,1,0.0
100,3.3333,0,,tracker_gate,,,,,,,,,0,0.0,,,,,,0,0.0,1,0.0
101,3.3667,0,,tracker_gate,,,,,,,,,0,0.0,,,,,,0,0.0,1,0.0
102,3.4,0,,tracker_gate,,,,,,,,,0,0.0,,,,,,0,0.0,1,0.0
103,3.4333,0,,tracker_gate,,,,,,,,,0,0.0,,,,,,0,0.0,1,0.0
104,3.4667,0,,tracker_gate,,,,,,,,,0,0.0,,,,,,0,0.0,1,0.0
105,3.5,0,,tracker_gate,,,,,,,,,0,0.0,,,,,,0,0.0,1,0.0
106,3.5333,0,,tracker_gate,,,,,,,,,0,0.0,,,,,,0,0.0,1,0.0
107,3.5667,0,,tracker_gate,,,,,,,,,0,0.0,,,,,,0,0.0,1,0.0
108,3.6,0,,tracker_gate,,,,,,,,,0,0.0,,,,,,0,0.0,1,0.0
109,3.6333,0,,tracker_gate,,,,,,,,,0,0.0,,,,,,0,0.0,1,0.0
110,3.6667,0,,tracker_gate,,,,,,,,,0,0.0,,,,,,0,0.0,1,0.0
111,3.7,0,,tracker_gate,,,,,,,,,0,0.0,,,,,,0,0.0,1,0.0
112,3.7333,0,,tracker_gate,,,,,,,,,0,0.0,,,,,,0,0.0,1,0.0
113,3.7667,0,,tracker_gate,,,,,,,,,0,0.0,,,,,,0,0.0,1,0.0
114,3.8,0,,tracker_gate,,,,,,,,,0,0.0,,,,,,0,0.0,1,0.0
115,3.8333,0,,tracker_gate,,,,,,,,,0,0.0,,,,,,0,0.0,1,0.0
116,3.8667,0,,tracker_gate,,,,,,,,,0,0.0,,,,,,0,0.0,1,0.0
117,3.9,0,,tracker_gate,,,,,,,,,0,0.0,,,,,,0,0.0,1,0.0
118,3.9333,0,,tracker_gate,,,,,,,,,0,0.0,,,,,,0,0.0,1,0.0
119,3.9667,0,,tracker_gate,,,,,,,,,0,0.0,,,,,,0,0.0,1,0.0
120,4.0,0,,tracker_gate,,,,,,,,,0,0.0,,,,,,0,0.0,1,0.0
121,4.0333,0,,tracker_gate,,,,,,,,,0,0.0,,,,,,0,0.0,1,0.0
122,4.0667,0,,tracker_gate,,,,,,,,,0,0.0,,,,,,0,0.0,1,0.0
123,4.1,0,,tracker_gate,,,,,,,,,0,0.0,,,,,,0,0.0,1,0.0
124,4.1333,0,,tracker_gate,,,,,,,,,0,0.0,,,,,,0,0.0,1,0.0
125,4.1667,0,,tracker_gate,,,,,,,,,0,0.0,,,,,,0,0.0,1,0.0
126,4.2,0,,tracker_gate,,,,,,,,,0,0.0,,,,,,0,0.0,1,0.0
127,4.2333,0,,tracker_gate,,,,,,,,,0,0.0,,,,,,0,0.0,1,0.0
128,4.2667,0,,tracker_gate,,,,,,,,,0,0.0,,,,,,0,0.0,1,0.0
129,4.3,0,,tracker_gate,,,,,,,,,0,0.0,,,,,,0,0.0,1,0.0
130,4.3333,0,,tracker_gate,,,,,,,,,0,0.0,,,,,,0,0.0,1,0.0
131,4.3667,0,,tracker_gate,,,,,,,,,0,0.0,,,,,,0,0.0,1,0.0
132,4.4,0,,tracker_gate,,,,,,,,,0,0.0,,,,,,0,0.0,1,0.0
133,4.4333,0,,tracker_gate,,,,,,,,,0,0.0,,,,,,0,0.0,1,0.0
134,4.4667,0,,tracker_gate,,,,,,,,,0,0.0,,,,,,0,0.0,1,0.0
135,4.5,0,,tracker_gate,,,,,,,,,0,0.0,,,,,,0,0.0,1,0.0
136,4.5333,0,,tracker_gate,,,,,,,,,0,0.0,,,,,,0,0.0,1,0.0
137,4.5667,0,,tracker_gate,,,,,,,,,0,0.0,,,,,,0,0.0,1,0.0
138,4.6,0,,tracker_gate,,,,,,,,,0,0.0,,,,,,0,0.0,1,0.0
139,4.6333,0,,tracker_gate,,,,,,,,,0,0.0,,,,,,0,0.0,1,0.0
140,4.6667,0,,tracker_gate,,,,,,,,,0,0.0,,,,,,0,0.0,1,0.0
141,4.7,0,,tracker_gate,,,,,,,,,0,0.0,,,,,,0,0.0,1,0.0
142,4.7333,0,,tracker_gate,,,,,,,,,0,0.0,,,,,,0,0.0,1,0.0
143,4.7667,0,,tracker_gate,,,,,,,,,0,0.0,,,,,,0,0.0,1,0.0
144,4.8,0,,tracker_gate,,,,,,,,,0,0.0,,,,,,0,0.0,1,0.0
145,4.8333,0,,tracker_gate,,,,,,,,,0,0.0,,,,,,0,0.0,1,0.0
146,4.8667,0,,tracker_gate,,,,,,,,,0,0.0,,,,,,0,0.0,1,0.0
147,4.9,0,,tracker_gate,,,,,,,,,0,0.0,,,,,,0,0.0,1,0.0
148,4.9333,0,,tracker_gate,,,,,,,,,0,0.0,,,,,,0,0.0,1,0.0
149,4.9667,0,,tracker_gate,,,,,,,,,0,0.0,,,,,,0,0.0,1,0.0
150,5.0,0,,tracker_gate,,,,,,,,,0,0.0,,,,,,0,0.0,1,0.0
151,5.0333,0,,tracker_gate,,,,,,,,,0,0.0,,,,,,0,0.0,1,0.0
152,5.0667,0,,tracker_gate,,,,,,,,,0,0.0,,,,,,0,0.0,1,0.0
153,5.1,0,,tracker_gate,,,,,,,,,0,0.0,,,,,,0,0.0,1,0.0
154,5.1333,0,,tracker_gate,,,,,,,,,0,0.0,,,,,,0,0.0,1,0.0
155,5.1667,0,,tracker_gate,,,,,,,,,0,0.0,,,,,,0,0.0,1,0.0
156,5.2,0,,tracker_gate,,,,,,,,,0,0.0,,,,,,0,0.0,1,0.0
157,5.2333,0,,tracker_gate,,,,,,,,,0,0.0,,,,,,0,0.0,1,0.0
158,5.2667,0,,tracker_gate,,,,,,,,,0,0.0,,,,,,0,0.0,1,0.0
159,5.3,0,,tracker_gate,,,,,,,,,0,0.0,,,,,,0,0.0,1,0.0
160,5.3333,0,,tracker_gate,,,,,,,,,0,0.0,,,,,,0,0.0,1,0.0
161,5.3667,0,,tracker_gate,,,,,,,,,0,0.0,,,,,,0,0.0,1,0.0
162,5.4,0,,tracker_gate,,,,,,,,,0,0.0,,,,,,0,0.0,1,0.0
163,5.4333,0,,tracker_gate,,,,,,,,,0,0.0,,,,,,0,0.0,1,0.0
164,5.4667,0,,tracker_gate,,,,,,,,,0,0.0,,,,,,0,0.0,1,0.0
165,5.5,0,,tracker_gate,,,,,,,,,0,0.0,,,,,,0,0.0,1,0.0
166,5.5333,0,,tracker_gate,,,,,,,,,0,0.0,,,,,,0,0.0,1,0.0
167,5.5667,0,,tracker_gate,,,,,,,,,0,0.0,,,,,,0,0.0,1,0.0
168,5.6,0,,tracker_gate,,,,,,,,,0,0.0,,,,,,0,0.0,1,0.0
169,5.6333,0,,tracker_gate,,,,,,,,,0,0.0,,,,,,0,0.0,1,0.0
170,5.6667,0,,tracker_gate,,,,,,,,,0,0.0,,,,,,0,0.0,1,0.0
171,5.7,0,,tracker_gate,,,,,,,,,0,0.0,,,,,,0,0.0,1,0.0
172,5.7333,0,,tracker_gate,,,,,,,,,0,0.0,,,,,,0,0.0,1,0.0
173,5.7667,0,,tracker_gate,,,,,,,,,0,0.0,,,,,,0,0.0,1,0.0
174,5.8,0,,tracker_gate,,,,,,,,,0,0.0,,,,,,0,0.0,1,0.0
175,5.8333,0,,tracker_gate,,,,,,,,,0,0.0,,,,,,0,0.0,1,0.0
176,5.8667,0,,tracker_gate,,,,,,,,,0,0.0,,,,,,0,0.0,1,0.0
177,5.9,0,,tracker_gate,,,,,,,,,0,0.0,,,,,,0,0.0,1,0.0
178,5.9333,0,,tracker_gate,,,,,,,,,0,0.0,,,,,,0,0.0,1,0.0
179,5.9667,0,,tracker_gate,,,,,,,,,0,0.0,,,,,,0,0.0,1,0.0
180,6.0,0,,tracker_gate,,,,,,,,,0,0.0,,,,,,0,0.0,1,0.0
181,6.0333,0,,tracker_gate,,,,,,,,,0,0.0,,,,,,0,0.0,1,0.0
182,6.0667,0,,tracker_gate,,,,,,,,,0,0.0,,,,,,0,0.0,1,0.0
183,6.1,0,,tracker_gate,,,,,,,,,0,0.0,,,,,,0,0.0,1,0.0
184,6.1333,0,,tracker_gate,,,,,,,,,0,0.0,,,,,,0,0.0,1,0.0
185,6.1667,0,,tracker_gate,,,,,,,,,0,0.0,,,,,,0,0.0,1,0.0
186,6.2,0,,tracker_gate,,,,,,,,,0,0.0,,,,,,0,0.0,1,0.0
187,6.2333,0,,tracker_gate,,,,,,,,,0,0.0,,,,,,0,0.0,1,0.0
188,6.2667,0,,tracker_gate,,,,,,,,,0,0.0,,,,,,0,0.0,1,0.0
189,6.3,0,,tracker_gate,,,,,,,,,0,0.0,,,,,,0,0.0,1,0.0
190,6.3333,0,,tracker_gate,,,,,,,,,0,0.0,,,,,,0,0.0,1,0.0
191,6.3667,0,,tracker_gate,,,,,,,,,0,0.0,,,,,,0,0.0,1,0.0
192,6.4,0,,tracker_gate,,,,,,,,,0,0.0,,,,,,0,0.0,1,0.0
193,6.4333,0,,tracker_gate,,,,,,,,,0,0.0,,,,,,0,0.0,1,0.0
194,6.4667,0,,tracker_gate,,,,,,,,,0,0.0,,,,,,0,0.0,1,0.0
195,6.5,0,,tracker_gate,,,,,,,,,0,0.0,,,,,,0,0.0,1,0.0
196,6.5333,0,,tracker_gate,,,,,,,,,0,0.0,,,,,,0,0.0,1,0.0
197,6.5667,0,,tracker_gate,,,,,,,,,0,0.0,,,,,,0,0.0,1,0.0
198,6.6,0,,tracker_gate,,,,,,,,,0,0.0,,,,,,0,0.0,1,0.0
199,6.6333,0,,tracker_gate,,,,,,,,,0,0.0,,,,,,0,0.0,1,0.0
200,6.6667,0,,tracker_gate,,,,,,,,,0,0.0,,,,,,0,0.0,1,0.0
201,6.7,0,,tracker_gate,,,,,,,,,0,0.0,,,,,,0,0.0,1,0.0
202,6.7333,0,,tracker_gate,,,,,,,,,0,0.0,,,,,,0,0.0,1,0.0
203,6.7667,0,,tracker_gate,,,,,,,,,0,0.0,,,,,,0,0.0,1,0.0
204,6.8,0,,tracker_gate,,,,,,,,,0,0.0,,,,,,0,0.0,1,0.0
205,6.8333,0,,tracker_gate,,,,,,,,,0,0.0,,,,,,0,0.0,1,0.0
206,6.8667,0,,tracker_gate,,,,,,,,,0,0.0,,,,,,0,0.0,1,0.0
207,6.9,0,,tracker_gate,,,,,,,,,0,0.0,,,,,,0,0.0,1,0.0
208,6.9333,0,,tracker_gate,,,,,,,,,0,0.0,,,,,,0,0.0,1,0.0
209,6.9667,0,,tracker_gate,,,,,,,,,0,0.0,,,,,,0,0.0,1,0.0
210,7.0,0,,tracker_gate,,,,,,,,,0,0.0,,,,,,0,0.0,1,0.0
211,7.0333,0,,tracker_gate,,,,,,,,,0,0.0,,,,,,0,0.0,1,0.0
212,7.0667,0,,tracker_gate,,,,,,,,,0,0.0,,,,,,0,0.0,1,0.0
213,7.1,0,,tracker_gate,,,,,,,,,0,0.0,,,,,,0,0.0,1,0.0
214,7.1333,0,,tracker_gate,,,,,,,,,0,0.0,,,,,,0,0.0,1,0.0
215,7.1667,0,,tracker_gate,,,,,,,,,0,0.0,,,,,,0,0.0,1,0.0
216,7.2,0,,tracker_gate,,,,,,,,,0,0.0,,,,,,0,0.0,1,0.0
217,7.2333,0,,tracker_gate,,,,,,,,,0,0.0,,,,,,0,0.0,1,0.0
218,7.2667,0,,tracker_gate,,,,,,,,,0,0.0,,,,,,0,0.0,1,0.0
219,7.3,0,,tracker_gate,,,,,,,,,0,0.0,,,,,,0,0.0,1,0.0
220,7.3333,0,,tracker_gate,,,,,,,,,0,0.0,,,,,,0,0.0,1,0.0
221,7.3667,0,,tracker_gate,,,,,,,,,0,0.0,,,,,,0,0.0,1,0.0
222,7.4,0,,tracker_gate,,,,,,,,,0,0.0,,,,,,0,0.0,1,0.0
223,7.4333,0,,tracker_gate,,,,,,,,,0,0.0,,,,,,0,0.0,1,0.0
224,7.4667,0,,tracker_gate,,,,,,,,,0,0.0,,,,,,0,0.0,1,0.0
225,7.5,0,,tracker_gate,,,,,,,,,0,0.0,,,,,,0,0.0,1,0.0
226,7.5333,0,,tracker_gate,,,,,,,,,0,0.0,,,,,,0,0.0,1,0.0
227,7.5667,0,,tracker_gate,,,,,,,,,0,0.0,,,,,,0,0.0,1,0.0
228,7.6,0,,tracker_gate,,,,,,,,,0,0.0,,,,,,0,0.0,1,0.0
229,7.6333,0,,tracker_gate,,,,,,,,,0,0.0,,,,,,0,0.0,1,0.0
230,7.6667,0,,tracker_gate,,,,,,,,,0,0.0,,,,,,0,0.0,1,0.0
231,7.7,0,,tracker_gate,,,,,,,,,0,0.0,,,,,,0,0.0,1,0.0
232,7.7333,0,,tracker_gate,,,,,,,,,0,0.0,,,,,,0,0.0,1,0.0
233,7.7667,0,,tracker_gate,,,,,,,,,0,0.0,,,,,,0,0.0,1,0.0
234,7.8,0,,tracker_gate,,,,,,,,,0,0.0,,,,,,0,0.0,1,0.0
235,7.8333,0,,tracker_gate,,,,,,,,,0,0.0,,,,,,0,0.0,1,0.0
236,7.8667,0,,tracker_gate,,,,,,,,,0,0.0,,,,,,0,0.0,1,0.0
237,7.9,0,,tracker_gate,,,,,,,,,0,0.0,,,,,,0,0.0,1,0.0
238,7.9333,0,,tracker_gate,,,,,,,,,0,0.0,,,,,,0,0.0,1,0.0
239,7.9667,0,,tracker_gate,,,,,,,,,0,0.0,,,,,,0,0.0,1,0.0
240,8.0,0,,tracker_gate,,,,,,,,,0,0.0,,,,,,0,0.0,1,0.0
241,8.0333,0,,tracker_gate,,,,,,,,,0,0.0,,,,,,0,0.0,1,0.0
242,8.0667,0,,tracker_gate,,,,,,,,,0,0.0,,,,,,0,0.0,1,0.0
243,8.1,0,,tracker_gate,,,,,,,,,0,0.0,,,,,,0,0.0,1,0.0
244,8.1333,0,,tracker_gate,,,,,,,,,0,0.0,,,,,,0,0.0,1,0.0
245,8.1667,0,,tracker_gate,,,,,,,,,0,0.0,,,,,,0,0.0,1,0.0
246,8.2,0,,tracker_gate,,,,,,,,,0,0.0,,,,,,0,0.0,1,0.0
247,8.2333,0,,tracker_gate,,,,,,,,,0,0.0,,,,,,0,0.0,1,0.0
248,8.2667,0,,tracker_gate,,,,,,,,,0,0.0,,,,,,0,0.0,1,0.0
249,8.3,0,,tracker_gate,,,,,,,,,0,0.0,,,,,,0,0.0,1,0.0
250,8.3333,0,,tracker_gate,,,,,,,,,0,0.0,,,,,,0,0.0,1,0.0
251,8.3667,0,,tracker_gate,,,,,,,,,0,0.0,,,,,,0,0.0,1,0.0
252,8.4,0,,tracker_gate,,,,,,,,,0,0.0,,,,,,0,0.0,1,0.0
253,8.4333,0,,tracker_gate,,,,,,,,,0,0.0,,,,,,0,0.0,1,0.0
254,8.4667,0,,tracker_gate,,,,,,,,,0,0.0,,,,,,0,0.0,1,0.0
255,8.5,0,,tracker_gate,,,,,,,,,0,0.0,,,,,,0,0.0,1,0.0
256,8.5333,0,,tracker_gate,,,,,,,,,0,0.0,,,,,,0,0.0,1,0.0
257,8.5667,0,,tracker_gate,,,,,,,,,0,0.0,,,,,,0,0.0,1,0.0
258,8.6,0,,tracker_gate,,,,,,,,,0,0.0,,,,,,0,0.0,1,0.0
259,8.6333,0,,tracker_gate,,,,,,,,,0,0.0,,,,,,0,0.0,1,0.0
260,8.6667,0,,tracker_gate,,,,,,,,,0,0.0,,,,,,0,0.0,1,0.0
261,8.7,0,,tracker_gate,,,,,,,,,0,0.0,,,,,,0,0.0,1,0.0
262,8.7333,0,,tracker_gate,,,,,,,,,0,0.0,,,,,,0,0.0,1,0.0
263,8.7667,0,,tracker_gate,,,,,,,,,0,0.0,,,,,,0,0.0,1,0.0
264,8.8,0,,tracker_gate,,,,,,,,,0,0.0,,,,,,0,0.0,1,0.0
265,8.8333,0,,tracker_gate,,,,,,,,,0,0.0,,,,,,0,0.0,1,0.0
266,8.8667,0,,tracker_gate,,,,,,,,,0,0.0,,,,,,0,0.0,1,0.0
267,8.9,0,,tracker_gate,,,,,,,,,0,0.0,,,,,,0,0.0,1,0.0
268,8.9333,0,,tracker_gate,,,,,,,,,0,0.0,,,,,,0,0.0,1,0.0
269,8.9667,0,,tracker_gate,,,,,,,,,0,0.0,,,,,,0,0.0,1,0.0
270,9.0,0,,tracker_gate,,,,,,,,,0,0.0,,,,,,0,0.0,1,0.0
271,9.0333,0,,tracker_gate,,,,,,,,,0,0.0,,,,,,0,0.0,1,0.0
272,9.0667,0,,tracker_gate,,,,,,,,,0,0.0,,,,,,0,0.0,1,0.0
273,9.1,0,,tracker_gate,,,,,,,,,0,0.0,,,,,,0,0.0,1,0.0
274,9.1333,0,,tracker_gate,,,,,,,,,0,0.0,,,,,,0,0.0,1,0.0
275,9.1667,0,,tracker_gate,,,,,,,,,0,0.0,,,,,,0,0.0,1,0.0
276,9.2,0,,tracker_gate,,,,,,,,,0,0.0,,,,,,0,0.0,1,0.0
277,9.2333,0,,tracker_gate,,,,,,,,,0,0.0,,,,,,0,0.0,1,0.0
278,9.2667,0,,tracker_gate,,,,,,,,,0,0.0,,,,,,0,0.0,1,0.0
279,9.3,0,,tracker_gate,,,,,,,,,0,0.0,,,,,,0,0.0,1,0.0
280,9.3333,0,,tracker_gate,,,,,,,,,0,0.0,,,,,,0,0.0,1,0.0
281,9.3667,0,,tracker_gate,,,,,,,,,0,0.0,,,,,,0,0.0,1,0.0
282,9.4,0,,tracker_gate,,,,,,,,,0,0.0,,,,,,0,0.0,1,0.0
283,9.4333,0,,tracker_gate,,,,,,,,,0,0.0,,,,,,0,0.0,1,0.0
284,9.4667,0,,tracker_gate,,,,,,,,,0,0.0,,,,,,0,0.0,1,0.0
285,9.5,0,,tracker_gate,,,,,,,,,0,0.0,,,,,,0,0.0,1,0.0
286,9.5333,0,,tracker_gate,,,,,,,,,0,0.0,,,,,,0,0.0,1,0.0
287,9.5667,0,,tracker_gate,,,,,,,,,0,0.0,,,,,,0,0.0,1,0.0
288,9.6,0,,tracker_gate,,,,,,,,,0,0.0,,,,,,0,0.0,1,0.0
289,9.6333,0,,tracker_gate,,,,,,,,,0,0.0,,,,,,0,0.0,1,0.0
290,9.6667,0,,tracker_gate,,,,,,,,,0,0.0,,,,,,0,0.0,1,0.0
291,9.7,0,,tracker_gate,,,,,,,,,0,0.0,,,,,,0,0.0,1,0.0
292,9.7333,0,,tracker_gate,,,,,,,,,0,0.0,,,,,,0,0.0,1,0.0
293,9.7667,0,,tracker_gate,,,,,,,,,0,0.0,,,,,,0,0.0,1,0.0
294,9.8,0,,tracker_gate,,,,,,,,,0,0.0,,,,,,0,0.0,1,0.0
295,9.8333,0,,tracker_gate,,,,,,,,,0,0.0,,,,,,0,0.0,1,0.0
296,9.8667,0,,tracker_gate,,,,,,,,,0,0.0,,,,,,0,0.0,1,0.0
297,9.9,0,,tracker_gate,,,,,,,,,0,0.0,,,,,,0,0.0,1,0.0
298,9.9333,0,,tracker_gate,,,,,,,,,0,0.0,,,,,,0,0.0,1,0.0
299,9.9667,0,,tracker_gate,,,,,,,,,0,0.0,,,,,,0,0.0,1,0.0
300,10.0,0,,tracker_gate,,,,,,,,,0,0.0,,,,,,0,0.0,1,0.0
301,10.0333,0,,tracker_gate,,,,,,,,,0,0.0,,,,,,0,0.0,1,0.0
302,10.0667,0,,tracker_gate,,,,,,,,,0,0.0,,,,,,0,0.0,1,0.0
303,10.1,0,,tracker_gate,,,,,,,,,0,0.0,,,,,,0,0.0,1,0.0
304,10.1333,0,,tracker_gate,,,,,,,,,0,0.0,,,,,,0,0.0,1,0.0
305,10.1667,0,,tracker_gate,,,,,,,,,0,0.0,,,,,,0,0.0,1,0.0
306,10.2,0,,tracker_gate,,,,,,,,,0,0.0,,,,,,0,0.0,1,0.0
307,10.2333,0,,tracker_gate,,,,,,,,,0,0.0,,,,,,0,0.0,1,0.0
308,10.2667,0,,tracker_gate,,,,,,,,,0,0.0,,,,,,0,0.0,1,0.0
309,10.3,0,,tracker_gate,,,,,,,,,0,0.0,,,,,,0,0.0,1,0.0
310,10.3333,0,,tracker_gate,,,,,,,,,0,0.0,,,,,,0,0.0,1,0.0
311,10.3667,0,,tracker_gate,,,,,,,,,0,0.0,,,,,,0,0.0,1,0.0
312,10.4,0,,tracker_gate,,,,,,,,,0,0.0,,,,,,0,0.0,1,0.0
313,10.4333,0,,tracker_gate,,,,,,,,,0,0.0,,,,,,0,0.0,1,0.0
314,10.4667,0,,tracker_gate,,,,,,,,,0,0.0,,,,,,0,0.0,1,0.0
315,10.5,0,,tracker_gate,,,,,,,,,0,0.0,,,,,,0,0.0,1,0.0
316,10.5333,0,,tracker_gate,,,,,,,,,0,0.0,,,,,,0,0.0,1,0.0
317,10.5667,0,,tracker_gate,,,,,,,,,0,0.0,,,,,,0,0.0,1,0.0
318,10.6,0,,tracker_gate,,,,,,,,,0,0.0,,,,,,0,0.0,1,0.0
319,10.6333,0,,tracker_gate,,,,,,,,,0,0.0,,,,,,0,0.0,1,0.0
320,10.6667,0,,tracker_gate,,,,,,,,,0,0.0,,,,,,0,0.0,1,0.0
321,10.7,0,,tracker_gate,,,,,,,,,0,0.0,,,,,,0,0.0,1,0.0
322,10.7333,0,,tracker_gate,,,,,,,,,0,0.0,,,,,,0,0.0,1,0.0
323,10.7667,0,,tracker_gate,,,,,,,,,0,0.0,,,,,,0,0.0,1,0.0
324,10.8,0,,tracker_gate,,,,,,,,,0,0.0,,,,,,0,0.0,1,0.0
325,10.8333,0,,tracker_gate,,,,,,,,,0,0.0,,,,,,0,0.0,1,0.0
326,10.8667,0,,tracker_gate,,,,,,,,,0,0.0,,,,,,0,0.0,1,0.0
327,10.9,0,,tracker_gate,,,,,,,,,0,0.0,,,,,,0,0.0,1,0.0
328,10.9333,0,,tracker_gate,,,,,,,,,0,0.0,,,,,,0,0.0,1,0.0
329,10.9667,0,,tracker_gate,,,,,,,,,0,0.0,,,,,,0,0.0,1,0.0
330,11.0,0,,tracker_gate,,,,,,,,,0,0.0,,,,,,0,0.0,1,0.0
331,11.0333,0,,tracker_gate,,,,,,,,,0,0.0,,,,,,0,0.0,1,0.0
332,11.0667,0,,tracker_gate,,,,,,,,,0,0.0,,,,,,0,0.0,1,0.0
333,11.1,0,,tracker_gate,,,,,,,,,0,0.0,,,,,,0,0.0,1,0.0
334,11.1333,0,,tracker_gate,,,,,,,,,0,0.0,,,,,,0,0.0,1,0.0
335,11.1667,0,,tracker_gate,,,,,,,,,0,0.0,,,,,,0,0.0,1,0.0
336,11.2,0,,tracker_gate,,,,,,,,,0,0.0,,,,,,0,0.0,1,0.0
337,11.2333,0,,tracker_gate,,,,,,,,,0,0.0,,,,,,0,0.0,1,0.0
338,11.2667,0,,acquire_failed,,,,,,,,,0,0.0,,,,,,0,0.0,4,1.0
339,11.3,0,,acquire_failed,,,,,,,,,0,0.0,,,,,,0,0.0,4,1.0
340,11.3333,0,,acquire_failed,,,,,,,,,0,0.0,,,,,,0,0.0,4,1.0
341,11.3667,0,,acquire_failed,,,,,,,,,0,0.0,,,,,,0,0.0,4,1.0
342,11.4,0,,acquire_failed,,,,,,,,,0,0.0,,,,,,0,0.0,4,1.0
343,11.4333,0,acquire,body_too_narrow,10.0012,,,,9.6219,10.3796,4.5343,13.0756,4,1.0,0.6439,0.0136,5.6801,34.2708,20.5716,1,0.52,4,1.0
344,11.4667,1,acquire,,12.2857,12.2857,12.7023,,15.2875,9.2138,6.7035,13.0756,4,1.0,0.4814,0.1111,6.2084,34.7969,20.6721,-1,0.4823,4,1.0
345,11.5,0,,acquire_failed,,,,,,,,,0,0.0,,,,,,0,0.0,4,1.0
346,11.5333,1,acquire,,13.4227,12.4846,12.9013,,12.7912,10.8632,5.5747,13.3602,8,1.0,0.5652,0.0351,6.2474,41.3803,20.9073,1,0.5308,4,1.0
347,11.5667,0,acquire,body_too_narrow,10.7327,,,,10.6819,10.7834,5.2668,13.0998,8,1.0,0.5875,0.0018,5.8172,40.9666,21.029,1,0.6656,4,1.0
348,11.6,0,hold,hold,10.7327,,,,10.6819,10.7834,,,9,1.0,0.5952,0.0314,6.4683,41.4018,,1,0.0,4,1.0
349,11.6333,0,hold,hold,11.4982,,,,12.3629,10.6334,,,10,1.0,0.6925,0.0372,6.2555,41.5251,,1,0.0,4,1.0
350,11.6667,1,track,,11.4375,12.4656,12.8822,,10.6104,10.8678,6.003,13.5359,11,1.0,0.7599,0.0047,6.483,41.8307,21.533,1,0.6443,4,1.0
351,11.7,0,hold,hold,10.7391,,,,10.6104,10.8678,,,10,0.9091,0.3941,0.0427,6.4891,41.8895,,1,0.0,4,1.0
352,11.7333,0,hold,hold,11.8233,,,,12.9936,10.6529,,,11,1.0,0.5615,0.0269,6.4339,41.9854,,1,0.0,4,1.0
353,11.7667,0,track,body_too_narrow,11.6672,,,,10.922,11.1741,4.9176,13.2986,11,1.0,0.7016,0.0046,5.9221,41.865,21.7096,1,0.6545,4,1.0
354,11.8,0,hold,hold,11.048,,,,10.922,11.1741,,,9,0.9,0.3735,0.0426,6.3913,41.8546,,1,0.0,4,1.0
355,11.8333,0,hold,hold,14.4612,,,,15.606,13.3165,,,8,0.7273,0.1614,0.0561,6.5867,42.0051,,1,0.0,4,1.0
356,11.8667,0,hold,hold,12.6594,,,,14.1887,11.1301,,,9,0.6923,0.2108,0.0872,6.753,42.5194,,1,0.0,4,1.0
357,11.9,0,hold,hold,11.8481,,,,14.2389,9.4573,,,15,1.0,0.5361,0.0956,6.2941,43.1649,,1,0.0,4,1.0
358,11.9333,0,hold,hold,14.1847,,,,16.7579,11.6116,,,13,0.8125,0.3565,0.0925,6.1316,43.1901,,1,0.0,4,1.0
359,11.9667,0,hold,hold,14.189,,,,16.679,11.6991,,,10,0.625,0.1473,0.0827,6.4212,43.1579,,1,0.0,4,1.0
360,12.0,0,hold,hold,13.2837,,,,15.5254,11.042,,,11,0.6875,0.2015,0.0641,6.6495,43.4189,,1,0.0,4,1.0
361,12.0333,0,hold,hold,12.8808,,,,14.6255,11.1361,,,12,0.75,0.2764,0.0646,6.4628,43.717,,1,0.0,4,1.0
362,12.0667,0,hold,hold,13.1386,,,,14.8933,11.3839,,,14,0.875,0.4689,0.044,6.4917,47.3545,,1,0.0,4,1.0
363,12.1,0,hold,hold,11.6538,,,,12.8641,10.4436,,,15,0.9375,0.5397,0.0478,6.3914,44.8988,,1,0.0,4,1.0
364,12.1333,0,hold,hold,12.9823,,,,14.2817,11.683,,,16,1.0,0.7135,0.0264,6.3033,48.1475,,1,0.0,4,1.0
365,12.1667,0,hold,hold,11.827,,,,12.551,11.1031,,,16,1.0,0.7037,0.0464,6.2979,48.6241,,1,0.0,4,1.0
366,12.2,0,hold,hold,12.1513,,,,13.4206,10.8821,,,13,0.8125,0.2744,0.0258,6.8576,42.8101,,1,0.0,4,1.0
367,12.2333,0,hold,hold,15.1199,,,,15.8079,14.4318,,,14,0.875,0.6142,0.0458,6.7223,43.1753,,1,0.0,4,1.0
368,12.2667,0,hold,hold,13.3929,,,,14.6332,12.1526,,,10,0.625,0.2832,0.0486,6.7681,36.5724,,1,0.0,4,1.0
369,12.3,0,hold,hold,15.4983,,,,16.7921,14.2045,,,13,0.8125,0.4887,0.0361,6.7467,43.3458,,1,0.0,4,1.0
370,12.3333,0,hold,hold,12.9071,,,,13.8897,11.9245,,,14,0.875,0.5217,0.0342,6.7745,43.3665,,1,0.0,4,1.0
371,12.3667,0,hold,hold,13.0258,,,,13.9555,12.096,,,14,0.875,0.5211,0.0334,6.7752,43.6143,,1,0.0,4,1.0
372,12.4,0,hold,hold,12.9761,,,,13.885,12.0672,,,16,1.0,0.7482,0.0414,6.8297,50.118,,1,0.0,4,1.0
373,12.4333,0,hold,hold,12.4874,,,,13.6166,11.3583,,,14,0.875,0.5026,0.0502,6.8647,44.1997,,1,0.0,4,1.0
374,12.4667,0,hold,hold,13.785,,,,15.14,12.4301,,,16,1.0,0.8942,0.0143,6.9283,51.1848,,1,0.0,4,1.0
375,12.5,1,track,,11.3369,12.0705,12.4872,,11.5537,11.1198,4.6652,13.9649,16,1.0,0.8297,0.0079,6.969,51.3775,25.0041,1,0.6125,4,1.0
376,12.5333,1,track,,11.2329,11.7956,12.2122,-8.2489,11.5353,10.9299,4.2268,13.9649,16,1.0,0.9021,0.011,7.0545,51.8686,25.1418,1,0.581,4,1.0
377,12.5667,1,track,,11.073,11.5986,12.0153,-5.9077,11.3249,10.8206,3.3836,13.679,16,1.0,0.9323,0.0091,7.0368,52.3496,25.2611,1,0.5875,4,1.0
378,12.6,0,hold,hold,11.0727,,,,11.3249,10.8206,,,15,0.9375,0.774,0.0214,6.914,49.6262,,1,0.0,4,1.0
379,12.6333,0,hold,hold,12.2286,,,,12.8149,11.6423,,,15,0.9375,0.8,0.0272,6.8126,50.248,,1,0.0,4,1.0
380,12.6667,0,hold,hold,12.7942,,,,13.5348,12.0535,,,13,0.8125,0.5219,0.0321,6.9422,46.8584,,1,0.0,4,1.0
381,12.7,0,hold,hold,14.1827,,,,15.0457,13.3196,,,16,1.0,0.8875,0.0322,6.9672,53.7656,,1,0.0,4,1.0
382,12.7333,0,hold,hold,12.3625,,,,13.2428,11.4821,,,12,0.75,0.2965,0.0511,6.9488,43.7065,,1,0.0,4,1.0
383,12.7667,0,hold,hold,15.7231,,,,17.0791,14.367,,,12,0.75,0.3026,0.0792,6.9222,43.9396,,1,0.0,4,1.0
384,12.8,0,hold,hold,14.6861,,,,16.8093,12.563,,,15,0.9375,0.4942,0.0531,7.0726,51.1375,,1,0.0,4,1.0
385,12.8333,0,hold,hold,13.369,,,,14.8085,11.9294,,,12,0.75,0.2819,0.0453,6.9425,44.1145,,1,0.0,4,1.0
386,12.8667,0,hold,hold,15.7499,,,,16.9525,14.5473,,,16,1.0,0.7528,0.0219,7.0388,54.5645,,1,0.0,4,1.0
387,12.9,0,hold,hold,11.9841,,,,12.5841,11.384,,,16,1.0,0.7266,0.0205,7.1214,54.6079,,1,0.0,4,1.0
388,12.9333,0,hold,hold,12.1968,,,,12.7573,11.6363,,,16,1.0,0.6055,0.04,7.2654,54.4747,,1,0.0,4,1.0
389,12.9667,0,hold,hold,12.776,,,,13.8669,11.6851,,,16,1.0,0.6216,0.0424,7.3222,54.2509,,1,0.0,4,1.0
390,13.0,0,hold,hold,12.9264,,,,14.0791,11.7738,,,16,1.0,0.6185,0.0511,7.2786,54.309,,1,0.0,4,1.0
391,13.0333,0,hold,hold,13.1878,,,,14.5743,11.8012,,,13,0.8125,0.3901,0.0652,7.4808,54.1585,,1,0.0,4,1.0
392,13.0667,0,hold,hold,12.0838,,,,13.869,10.2986,,,16,1.0,0.6338,0.0779,7.2511,54.6039,,1,0.0,4,1.0
393,13.1,0,hold,hold,13.9357,,,,16.0372,11.8342,,,16,1.0,0.6907,0.0334,7.1112,54.4467,,1,0.0,4,1.0
394,13.1333,0,hold,hold,12.647,,,,13.5578,11.7362,,,16,1.0,0.666,0.0691,7.1046,54.8238,,1,0.0,4,1.0
395,13.1667,0,hold,hold,13.5844,,,,15.4548,11.7139,,,14,0.875,0.4849,0.0654,7.3704,55.1844,,1,0.0,4,1.0
396,13.2,1,track,,12.42,11.8861,12.3028,,13.2038,12.6147,6.9458,14.5438,16,1.0,0.7258,0.0108,7.3009,55.166,26.6038,1,0.6114,4,1.0
397,13.2333,0,hold,hold,12.9092,,,,13.2038,12.6147,,,16,1.0,0.8561,0.02,7.1415,55.6752,,1,0.0,4,1.0
398,13.2667,0,hold,hold,12.4057,,,,12.9523,11.8591,,,16,1.0,0.6803,0.0607,7.237,56.8674,,1,0.0,4,1.0
399,13.3,0,hold,hold,13.4046,,,,15.0498,11.7595,,,9,0.5625,0.1055,0.0425,7.4756,53.6167,,1,0.0,4,1.0
400,13.3333,0,hold,hold,13.5372,,,,14.6868,12.3875,,,16,1.0,0.6057,0.048,7.2589,57.7438,,1,0.0,4,1.0
401,13.3667,0,hold,hold,13.0538,,,,14.3588,11.7489,,,16,1.0,0.5922,0.0482,7.2626,57.8695,,1,0.0,4,1.0
402,13.4,0,hold,hold,13.1443,,,,14.4528,11.8358,,,13,0.8125,0.4123,0.04,7.4539,54.3065,,1,0.0,4,1.0
403,13.4333,0,hold,hold,13.1797,,,,14.2665,12.0929,,,13,0.8125,0.4038,0.0704,7.6423,58.4177,,1,0.0,4,1.0
404,13.4667,0,hold,hold,11.7325,,,,13.6637,9.8012,,,16,1.0,0.6958,0.0389,7.6025,58.8951,,1,0.0,4,1.0
405,13.5,0,hold,hold,12.8946,,,,13.9542,11.8351,,,16,1.0,0.6233,0.0482,7.3634,59.1516,,1,0.0,4,1.0
406,13.5333,0,hold,hold,13.0382,,,,14.3494,11.7271,,,15,0.9375,0.5749,0.0692,7.7254,55.7522,,1,0.0,4,1.0
407,13.5667,0,hold,hold,14.0056,,,,15.8719,12.1394,,,15,0.9375,0.6714,0.0396,7.7189,56.0116,,1,0.0,4,1.0
408,13.6,0,hold,hold,13.2709,,,,14.3454,12.1965,,,15,0.9375,0.5989,0.0664,7.448,56.6108,,1,0.0,4,1.0
409,13.6333,0,hold,hold,14.1835,,,,15.9706,12.3963,,,14,0.9333,0.6315,0.0669,7.7469,57.0773,,1,0.0,4,1.0
410,13.6667,0,hold,hold,14.0419,,,,15.8439,12.2399,,,14,0.9333,0.623,0.041,7.8131,57.3119,,1,0.0,4,1.0
411,13.7,0,hold,hold,13.4019,,,,14.5145,12.2892,,,14,0.9333,0.6458,0.0762,7.6413,57.683,,1,0.0,4,1.0
412,13.7333,0,hold,hold,14.4868,,,,16.5321,12.4415,,,14,0.9333,0.6311,0.0382,7.9483,58.2607,,1,0.0,4,1.0
413,13.7667,0,hold,hold,13.5831,,,,14.6179,12.5482,,,13,0.9286,0.6098,0.0227,8.2029,58.636,,1,0.0,4,1.0
414,13.8,0,hold,hold,13.0338,,,,13.6523,12.4154,,,13,0.9286,0.6113,0.0726,8.5409,59.3738,,1,0.0,4,1.0
415,13.8333,0,hold,hold,14.1224,,,,16.0775,12.1673,,,15,0.9375,0.6683,0.0368,8.2675,59.5917,,1,0.0,4,1.0
416,13.8667,0,hold,hold,13.2683,,,,14.2669,12.2697,,,14,0.9333,0.765,0.0362,8.4464,63.7846,,1,0.0,4,1.0
417,13.9,0,hold,hold,12.6858,,,,13.6739,11.6976,,,12,0.8571,0.5398,0.0399,8.5425,59.8506,,1,0.0,4,1.0
418,13.9333,0,hold,hold,13.2758,,,,14.3589,12.1928,,,12,0.8571,0.5942,0.033,8.6109,60.0856,,1,0.0,4,1.0
419,13.9667,0,hold,hold,13.1887,,,,14.0851,12.2923,,,12,0.9231,0.6126,0.0258,8.5656,60.3368,,1,0.0,4,1.0
420,14.0,0,hold,hold,13.1672,,,,13.8676,12.4668,,,12,0.9231,0.5327,0.0774,8.5893,60.6316,,1,0.0,4,1.0
421,14.0333,0,hold,hold,14.2302,,,,16.3124,12.148,,,12,0.9231,0.5614,0.0513,8.5034,61.1074,,1,0.0,4,1.0
422,14.0667,0,hold,hold,13.6654,,,,15.0517,12.2792,,,12,0.8571,0.6578,0.0611,8.6333,61.157,,1,0.0,4,1.0
423,14.1,0,hold,hold,14.1509,,,,15.7952,12.5066,,,12,0.9231,0.6441,0.0385,8.808,61.5006,,1,0.0,4,1.0
424,14.1333,0,hold,hold,13.1983,,,,14.2428,12.1538,,,12,0.8571,0.6529,0.0679,8.8861,62.2558,,1,0.0,4,1.0
425,14.1667,0,hold,hold,13.8996,,,,15.731,12.0683,,,7,0.5385,0.1586,0.0648,9.2541,62.3647,,1,0.0,4,1.0
426,14.2,0,hold,hold,11.697,,,,13.4753,9.9187,,,12,0.9231,0.5735,0.075,8.9567,62.9659,,1,0.0,4,1.0
427,14.2333,0,hold,hold,14.2336,,,,16.2506,12.2167,,,12,0.8571,0.6637,0.0804,8.8892,63.2696,,1,0.0,4,1.0
428,14.2667,0,hold,hold,14.4373,,,,16.5973,12.2773,,,12,0.8571,0.6408,0.0185,9.0742,67.7813,,1,0.0,4,1.0
429,14.3,0,hold,hold,10.6335,,,,11.1463,10.1207,,,15,1.0,0.9561,0.0131,8.6548,68.1755,,1,0.0,4,1.0
430,14.3333,0,hold,hold,12.2423,,,,12.6006,11.8841,,,13,0.8667,0.6488,0.0416,8.8834,64.3008,,1,0.0,4,1.0
431,14.3667,0,hold,hold,13.6112,,,,14.7372,12.4851,,,13,0.8667,0.8802,0.0528,8.9213,60.0313,,1,0.0,4,1.0
432,14.4,0,hold,hold,14.7416,,,,16.1556,13.3276,,,13,0.9286,0.63,0.025,8.9508,64.5936,,1,0.0,4,1.0
433,14.4333,0,hold,hold,13.2819,,,,13.9611,12.6027,,,15,0.9375,0.7002,0.0242,8.7749,64.8606,,1,0.0,4,1.0
434,14.4667,0,hold,hold,13.2828,,,,13.9402,12.6254,,,13,0.9286,0.6739,0.0461,9.377,65.7287,,1,0.0,4,1.0
435,14.5,1,track,,11.5916,11.783,12.1997,,11.6298,11.5534,9.1436,13.2011,12,1.0,0.774,0.0014,9.1211,70.309,32.487,1,0.6991,4,1.0
436,14.5333,0,hold,hold,11.5916,,,,11.6298,11.5534,,,13,0.9286,0.734,0.0595,9.2487,66.9059,,1,0.0,4,1.0
437,14.5667,0,hold,hold,13.9527,,,,15.5579,12.3474,,,16,1.0,0.9889,0.048,9.1227,72.005,,1,0.0,4,1.0
438,14.6,0,hold,hold,13.5006,,,,14.8002,12.201,,,12,0.8571,0.761,0.0276,8.8189,67.7024,,1,0.0,4,1.0
439,14.6333,1,track,,13.2838,12.0122,12.4288,,13.5254,13.0418,6.9584,12.7453,15,0.9375,0.8869,0.0089,8.7966,68.0713,34.1728,1,0.5618,4,1.0
440,14.6667,0,hold,hold,13.2836,,,,13.5254,13.0418,,,13,0.9286,0.6377,0.0379,9.1524,68.3959,,1,0.0,4,1.0
441,14.7,0,hold,hold,13.5175,,,,14.5434,12.4917,,,12,0.8571,0.4116,0.0346,9.1793,72.8404,,1,0.0,4,1.0
442,14.7333,0,hold,hold,11.575,,,,12.5272,10.6227,,,14,1.0,1.0051,0.0214,9.2919,73.1606,,1,0.0,4,1.0
443,14.7667,0,hold,hold,12.9127,,,,13.4956,12.3298,,,13,0.9286,0.7187,0.035,9.4209,68.8959,,1,0.0,4,1.0
444,14.8,1,track,,11.6912,11.8998,12.3165,,11.0669,11.6197,9.8192,13.6005,9,0.75,0.3524,0.01,9.5838,68.5471,35.8366,1,0.6055,4,1.0
445,14.8333,0,hold,hold,11.3433,,,,11.0669,11.6197,,,12,0.8571,0.3659,0.0347,9.3675,74.1348,,1,0.0,4,1.0
446,14.8667,0,hold,hold,11.1706,,,,12.1261,10.2151,,,13,0.9286,0.7716,0.0264,9.043,70.3055,,1,0.0,4,1.0
447,14.9,0,hold,hold,13.0107,,,,13.7279,12.2935,,,11,0.8462,0.5766,0.0191,9.4937,70.8588,,1,0.0,4,1.0
448,14.9333,0,hold,hold,12.2316,,,,12.7536,11.7095,,,13,0.9286,0.6458,0.0399,9.4879,71.6913,,1,0.0,4,1.0
449,14.9667,0,hold,hold,13.3592,,,,14.4422,12.2762,,,13,0.9286,0.7564,0.0163,8.7077,72.218,,1,0.0,4,1.0
450,15.0,0,hold,hold,13.8269,,,,14.2661,13.3877,,,10,0.8333,0.3062,0.0281,9.1294,76.83,,1,0.0,4,1.0
451,15.0333,0,hold,hold,10.7206,,,,11.4967,9.9445,,,11,0.8462,0.2804,0.0432,9.304,77.2878,,1,0.0,4,1.0
452,15.0667,1,track,,11.5282,11.7698,12.1864,,11.8482,11.2076,8.2791,13.4012,12,0.8571,0.4046,0.0116,9.0643,77.9475,35.9228,1,0.5804,4,1.0
453,15.1,0,hold,hold,11.5279,,,,11.8482,11.2076,,,12,0.8571,0.3762,0.0257,9.2051,78.3562,,1,0.0,4,1.0
454,15.1333,0,hold,hold,10.8053,,,,11.5167,10.094,,,14,1.0,0.7245,0.0307,8.9615,79.2743,,1,0.0,4,1.0
455,15.1667,0,hold,hold,12.5645,,,,13.4025,11.7265,,,12,0.8571,0.6955,0.0234,9.0468,68.7285,,1,0.0,4,1.0
456,15.2,1,track,,10.8401,11.5648,11.9815,,10.6943,10.9859,3.5361,13.4178,9,0.8182,0.3195,0.0053,9.4614,73.8172,35.6998,1,0.6034,4,1.0
457,15.2333,0,hold,hold,10.8401,,,,10.6943,10.9859,,,10,0.8333,0.4064,0.0123,9.0634,79.1133,,1,0.0,4,1.0
458,15.2667,0,hold,hold,11.1306,,,,11.4692,10.792,,,12,0.8571,0.4541,0.0128,9.0808,79.6785,,1,0.0,4,1.0
459,15.3,0,hold,hold,11.3323,,,,11.6859,10.9786,,,10,0.8333,0.3501,0.0297,9.2831,79.8091,,1,0.0,4,1.0
460,15.3333,0,hold,hold,10.4376,,,,11.2605,9.6147,,,10,0.7143,0.4125,0.0212,9.0424,80.027,,1,0.0,4,1.0
461,15.3667,0,hold,hold,9.636,,,,10.2251,9.0469,,,10,0.7143,0.4634,0.0137,9.4081,75.1164,,1,0.0,4,1.0
462,15.4,0,hold,hold,10.9445,,,,10.5661,11.3229,,,10,0.7692,0.5367,0.0207,9.3384,81.1553,,1,0.0,4,1.0
463,15.4333,1,track,,10.9664,11.3554,11.772,,11.188,10.7444,6.5169,12.9288,13,1.0,0.8251,0.008,8.8836,81.87,35.0902,1,0.6123,4,1.0
464,15.4667,1,track,,11.3902,11.2934,11.71,-1.8594,11.7988,11.4276,6.6789,12.8896,10,0.7143,0.4033,0.0068,9.2078,76.7618,35.2478,1,0.5319,4,1.0
465,15.5,0,hold,hold,11.6132,,,,11.7988,11.4276,,,10,0.7143,0.315,0.0201,9.5709,77.0969,,1,0.0,4,1.0
466,15.5333,0,hold,hold,11.2128,,,,11.7663,10.6592,,,7,0.5,0.1455,0.0432,9.9422,83.3763,,1,0.0,4,1.0
467,15.5667,1,track,,11.8432,11.3273,11.7439,,12.2633,12.0709,5.7649,12.9816,9,0.6429,0.2938,0.0035,9.0955,72.1611,35.6522,1,0.5213,4,1.0
468,15.6,0,hold,hold,12.1671,,,,12.2633,12.0709,,,7,0.5385,0.2459,0.0101,8.9584,72.4591,,1,0.0,4,1.0
469,15.6333,0,hold,hold,11.2092,,,,11.488,10.9304,,,9,0.6429,0.3777,0.0197,9.2096,78.3578,,1,0.0,4,1.0
470,15.6667,0,hold,hold,10.9816,,,,11.5264,10.4368,,,11,0.9167,0.4298,0.0388,10.1404,84.5134,,1,0.0,4,1.0
471,15.7,0,hold,hold,11.2962,,,,12.3639,10.2284,,,10,0.8333,0.3808,0.021,9.604,79.4923,,1,0.0,4,1.0
472,15.7333,0,hold,hold,11.1182,,,,11.6962,10.5403,,,9,0.6923,0.2291,0.0241,9.7198,79.9427,,1,0.0,4,1.0
473,15.7667,0,hold,hold,10.9003,,,,11.5655,10.235,,,11,0.8462,0.4135,0.0186,9.9243,80.3502,,1,0.0,4,1.0
474,15.8,0,hold,hold,10.9409,,,,11.4556,10.4261,,,11,0.8462,0.4342,0.0359,10.2291,86.1942,,1,0.0,4,1.0
475,15.8333,0,hold,hold,10.9462,,,,11.9367,9.9557,,,10,0.8333,0.4246,0.0191,9.7913,80.5816,,1,0.0,4,1.0
476,15.8667,0,hold,hold,10.9096,,,,11.4378,10.3813,,,11,0.9167,0.4739,0.0237,10.1102,80.8244,,1,0.0,4,1.0
477,15.9,0,hold,hold,10.8658,,,,11.5213,10.2102,,,10,0.8333,0.392,0.0208,9.7091,81.0337,,1,0.0,4,1.0
478,15.9333,0,hold,hold,10.698,,,,11.2741,10.1219,,,11,0.8462,0.4412,0.0486,10.2446,87.1801,,1,0.0,4,1.0
479,15.9667,0,hold,hold,10.533,,,,11.8791,9.1868,,,11,0.9167,0.4284,0.0233,9.8039,81.7689,,1,0.0,4,1.0
480,16.0,0,hold,hold,10.5931,,,,11.2381,9.9481,,,10,0.7692,0.3676,0.0197,9.7333,81.7747,,1,0.0,4,1.0
481,16.0333,0,hold,hold,10.6153,,,,11.1608,10.0699,,,11,0.8462,0.2481,0.026,9.5632,81.852,,1,0.0,4,1.0
482,16.0667,0,hold,hold,10.4265,,,,11.1458,9.7072,,,11,0.7857,0.3305,0.0233,9.5099,82.3626,,1,0.0,4,1.0
483,16.1,0,hold,hold,10.4353,,,,11.0798,9.7908,,,11,0.7857,0.3517,0.0325,9.5534,82.7976,,1,0.0,4,1.0
484,16.1333,0,hold,hold,10.4928,,,,11.3918,9.5938,,,13,0.9286,0.6801,0.0171,9.644,89.2811,,1,0.0,4,1.0
485,16.1667,0,hold,hold,10.1814,,,,10.6568,9.706,,,13,0.9286,0.8014,0.0184,9.6604,83.872,,1,0.0,4,1.0
486,16.2,0,hold,hold,10.8408,,,,11.3493,10.3322,,,10,0.7143,0.3655,0.0186,9.5284,83.6594,,1,0.0,4,1.0
487,16.2333,0,hold,hold,10.0519,,,,10.5698,9.534,,,12,0.8571,0.6366,0.0176,9.5552,90.2523,,1,0.0,4,1.0
488,16.2667,0,hold,hold,10.0217,,,,10.5107,9.5327,,,11,0.7857,0.5397,0.0184,9.4193,85.0333,,1,0.0,4,1.0
489,16.3,0,hold,hold,10.4412,,,,10.9506,9.9319,,,11,0.7857,0.4812,0.0148,9.8085,91.1635,,1,0.0,4,1.0
490,16.3333,0,hold,hold,9.6439,,,,10.0547,9.233,,,12,0.8571,0.7596,0.0154,9.6938,91.2085,,1,0.0,4,1.0
491,16.3667,0,hold,hold,8.8397,,,,8.41,9.2695,,,9,0.6429,0.425,0.0435,9.9883,79.6956,,1,0.0,4,1.0
492,16.4,0,hold,hold,9.1007,,,,10.3157,7.8857,,,12,0.9231,0.6853,0.0134,10.0309,92.1233,,1,0.0,4,1.0
493,16.4333,0,hold,hold,8.4423,,,,8.0674,8.8171,,,11,0.7857,0.499,0.0234,9.9506,92.6102,,1,0.0,4,1.0
494,16.4667,0,hold,hold,9.0971,,,,9.751,8.4433,,,9,0.6923,0.3428,0.0308,10.116,93.5494,,1,0.0,4,1.0
495,16.5,1,track,,9.3745,10.6438,11.0604,,9.6802,9.0683,6.5561,10.9541,13,1.0,0.7969,0.011,9.7615,93.8788,37.6903,1,0.6107,4,1.0
496,16.5333,0,hold,hold,9.3743,,,,9.6802,9.0683,,,14,1.0,1.1149,0.0143,10.2266,94.7539,,1,0.0,4,1.0
497,16.5667,0,hold,hold,9.5928,,,,9.9914,9.1943,,,11,0.7857,0.4044,0.0196,10.1648,88.6415,,1,0.0,4,1.0
498,16.6,0,hold,hold,9.6963,,,,10.2428,9.1497,,,14,1.0,0.9714,0.0447,10.3499,95.2219,,1,0.0,4,1.0
499,16.6333,0,hold,hold,10.0259,,,,11.2667,8.7852,,,11,0.9167,0.5228,0.0555,10.3605,89.2894,,1,0.0,4,1.0
500,16.6667,0,hold,hold,10.2041,,,,11.7446,8.6637,,,11,0.9167,0.5157,0.046,9.8575,83.2844,,1,0.0,4,1.0
501,16.7,0,hold,hold,10.0703,,,,11.3489,8.7917,,,12,0.9231,0.6034,0.0556,10.1912,90.1052,,1,0.0,4,1.0
502,16.7333,0,hold,hold,10.3921,,,,11.9322,8.8519,,,11,0.8462,0.5987,0.0425,9.9237,83.8354,,1,0.0,4,1.0
503,16.7667,0,hold,hold,10.1909,,,,11.3696,9.0122,,,11,0.8462,0.5915,0.0403,9.94,84.0952,,1,0.0,4,1.0
504,16.8,0,hold,hold,10.2132,,,,11.3309,9.0955,,,13,0.9286,0.8955,0.0521,10.0975,90.4124,,1,0.0,4,1.0
505,16.8333,0,hold,hold,9.6316,,,,11.0828,8.1805,,,11,0.7857,0.4976,0.0597,10.1175,90.7903,,1,0.0,4,1.0
506,16.8667,0,hold,hold,9.663,,,,11.325,8.001,,,11,0.7857,0.4845,0.0603,10.1032,90.7878,,1,0.0,4,1.0
507,16.9,0,hold,hold,9.6537,,,,11.3328,7.9746,,,14,1.0,0.871,0.0352,10.2007,97.4165,,1,0.0,4,1.0
508,16.9333,0,hold,hold,9.1562,,,,10.1384,8.1741,,,13,0.9286,0.7501,0.0421,10.4782,97.8456,,1,0.0,4,1.0
509,16.9667,0,hold,hold,9.3283,,,,10.5034,8.1532,,,14,1.0,0.8469,0.0372,10.1838,97.9361,,1,0.0,4,1.0
510,17.0,0,hold,hold,9.1969,,,,10.2355,8.1583,,,14,1.0,0.838,0.0298,10.2747,98.0616,,1,0.0,4,1.0
511,17.0333,1,track,,7.4116,9.5126,9.9292,,6.8602,7.4652,4.891,9.6509,9,0.6429,0.2176,0.0107,10.7895,91.6407,37.166,1,0.5209,4,1.0
512,17.0667,0,hold,hold,7.1627,,,,6.8602,7.4652,,,13,1.0,0.6148,0.0413,9.7908,98.6677,,1,0.0,4,1.0
513,17.1,0,hold,hold,9.0803,,,,10.2351,7.9254,,,10,0.7692,0.4708,0.0194,9.653,92.0901,,1,0.0,4,1.0
514,17.1333,0,hold,hold,9.349,,,,9.8899,8.8082,,,13,1.0,0.8509,0.0232,9.9145,99.1657,,1,0.0,4,1.0
515,17.1667,0,hold,hold,8.3068,,,,8.9579,7.6558,,,13,1.0,0.7456,0.0285,9.2548,99.442,,1,0.0,4,1.0
516,17.2,0,hold,hold,8.5502,,,,9.3486,7.7517,,,13,1.0,0.5894,0.0412,10.2529,99.5823,,1,0.0,4,1.0
517,17.2333,0,hold,hold,8.5266,,,,9.6812,7.372,,,13,1.0,0.7839,0.0408,9.4006,100.0921,,1,0.0,4,1.0
518,17.2667,0,hold,hold,8.4198,,,,9.5634,7.2761,,,13,1.0,0.739,0.0405,9.4421,100.323,,1,0.0,4,1.0
519,17.3,0,hold,hold,8.3172,,,,9.4531,7.1813,,,12,0.9231,0.4044,0.035,9.723,94.1414,,1,0.0,4,1.0
520,17.3333,0,hold,hold,8.4244,,,,9.4046,7.4442,,,13,1.0,0.5149,0.0344,9.4507,101.6478,,1,0.0,4,1.0
521,17.3667,0,hold,hold,8.3804,,,,9.3437,7.4172,,,13,0.9286,0.5556,0.0359,10.0347,102.3054,,1,0.0,4,1.0
522,17.4,0,hold,hold,8.4613,,,,9.4686,7.4541,,,9,0.6923,0.2812,0.0227,9.5543,88.6718,,1,0.0,4,1.0
523,17.4333,0,hold,hold,8.5228,,,,9.1594,7.8861,,,10,0.7692,0.303,0.0344,9.5253,88.9822,,1,0.0,4,1.0
524,17.4667,0,hold,hold,8.5184,,,,9.4813,7.5555,,,10,0.7692,0.3442,0.0357,9.8474,103.3014,,1,0.0,4,1.0
525,17.5,0,hold,hold,8.4365,,,,9.4366,7.4364,,,11,0.9167,0.4703,0.0271,9.5485,96.7215,,1,0.0,4,1.0
526,17.5333,0,hold,hold,7.9662,,,,8.7288,7.2035,,,12,0.9231,0.5,0.0321,9.9316,104.2112,,1,0.0,4,1.0
527,17.5667,0,hold,hold,8.0469,,,,8.9488,7.1451,,,11,0.8462,0.3867,0.0341,9.6747,104.7779,,1,0.0,4,1.0
528,17.6,0,hold,hold,8.2959,,,,9.2516,7.3401,,,10,0.8333,0.4763,0.0257,9.6708,97.7293,,1,0.0,4,1.0
529,17.6333,0,hold,hold,7.412,,,,8.1362,6.6879,,,11,0.8462,0.545,0.0303,9.9347,97.9202,,1,0.0,4,1.0
530,17.6667,0,hold,hold,7.5855,,,,8.4393,6.7317,,,12,0.8571,0.7063,0.038,9.5698,98.5707,,1,0.0,4,1.0
531,17.7,0,hold,hold,7.7965,,,,8.8653,6.7277,,,11,0.8462,0.5138,0.0385,9.9935,98.8531,,1,0.0,4,1.0
532,17.7333,0,hold,hold,7.5301,,,,8.6153,6.4449,,,11,0.8462,0.4237,0.0336,9.7712,99.3275,,1,0.0,4,1.0
533,17.7667,0,hold,hold,7.3876,,,,8.3335,6.4418,,,10,0.7692,0.3125,0.0338,9.7804,92.3223,,1,0.0,4,1.0
534,17.8,0,hold,hold,7.6637,,,,8.6144,6.7129,,,11,0.9167,0.4741,0.0423,9.8117,99.7461,,1,0.0,4,1.0
535,17.8333,0,hold,hold,7.009,,,,8.2033,5.8147,,,14,1.0,0.7831,0.0403,9.425,99.9612,,1,0.0,4,1.0
536,17.8667,0,hold,hold,7.0624,,,,8.1987,5.9262,,,12,1.0,0.5817,0.0322,10.1586,100.4886,,1,0.0,4,1.0
537,17.9,0,hold,hold,6.7542,,,,7.6644,5.8439,,,11,0.9167,0.4069,0.0323,10.0149,100.4562,,1,0.0,4,1.0
538,17.9333,0,hold,hold,6.7846,,,,7.6955,5.8736,,,14,1.0,0.6066,0.0429,9.7921,100.8833,,1,0.0,4,1.0
539,17.9667,0,hold,hold,7.0262,,,,8.236,5.8164,,,14,1.0,0.6081,0.0429,9.7989,100.8824,,1,0.0,4,1.0
540,18.0,0,hold,hold,7.0224,,,,8.2328,5.8119,,,14,1.0,0.9989,0.0363,9.5294,101.2161,,1,0.0,4,1.0
541,18.0333,0,hold,hold,6.6192,,,,7.6438,5.5946,,,15,1.0,0.9016,0.0182,10.2239,108.4278,,1,0.0,4,1.0
542,18.0667,0,hold,hold,5.7876,,,,6.3026,5.2727,,,14,1.0,0.7789,0.039,9.6518,101.9884,,1,0.0,4,1.0
543,18.1,0,hold,hold,6.4936,,,,7.5978,5.3895,,,14,1.0,0.8298,0.034,9.4878,102.0695,,1,0.0,4,1.0
544,18.1333,0,hold,hold,6.0536,,,,7.0161,5.0912,,,14,1.0,0.6614,0.0432,9.8301,102.6272,,1,0.0,4,1.0
545,18.1667,0,hold,hold,6.335,,,,7.5561,5.1139,,,14,1.0,0.6359,0.0427,9.7061,102.6233,,1,0.0,4,1.0
546,18.2,0,hold,hold,6.3151,,,,7.5227,5.1075,,,15,1.0,0.6147,0.0487,10.0477,103.039,,1,0.0,4,1.0
547,18.2333,0,hold,hold,5.8595,,,,7.2405,4.4785,,,14,0.875,0.5913,0.0413,8.7503,110.6625,,1,0.0,4,1.0
548,18.2667,0,hold,hold,5.6472,,,,6.8192,4.4752,,,13,0.8667,0.6451,0.0272,8.4787,103.8176,,1,0.0,4,1.0
549,18.3,0,hold,hold,6.317,,,,7.0858,5.5482,,,12,0.75,0.4995,0.0315,9.2576,111.5625,,1,0.0,4,1.0
550,18.3333,0,hold,hold,5.0744,,,,5.9688,4.1799,,,13,0.8667,0.6101,0.0344,9.3344,112.3325,,1,0.0,4,1.0
551,18.3667,0,hold,hold,5.2368,,,,6.2133,4.2604,,,12,0.8571,0.5367,0.0396,9.2531,105.0999,,1,0.0,4,1.0
552,18.4,1,acquire,,5.051,7.951,8.3676,,5.9062,4.1935,2.5148,3.1623,15,1.0,0.8706,0.0301,9.3745,112.8131,35.6448,1,0.5358,4,1.0
553,18.4333,1,acquire,,5.0903,6.9429,7.3595,-30.2436,6.013,4.165,3.5104,6.3402,14,0.9333,0.7167,0.0325,9.599,113.3219,35.9306,1,0.5882,4,1.0
554,18.4667,1,acquire,,4.8515,6.2807,6.6974,-19.8648,5.7977,3.9027,3.0659,-1.4879,12,0.8,0.4339,0.0333,9.579,113.7827,36.1247,1,0.5475,4,1.0
555,18.5,1,acquire,,4.6922,5.8154,6.232,-13.9595,5.7302,3.6512,2.5508,5.0605,14,0.9333,0.7451,0.0365,9.3601,114.5088,36.2545,1,0.546,4,1.0
556,18.5333,1,acquire,,4.7996,5.478,5.8947,-10.1211,5.8284,3.7677,3.0841,5.0605,15,1.0,0.832,0.0362,10.2891,115.0284,36.3623,1,0.597,4,1.0
557,18.5667,1,acquire,,6.9611,5.2588,5.6754,-6.5787,8.1094,6.183,2.9089,5.1282,7,1.0,1.3431,0.0342,10.9827,92.6832,36.422,-1,0.3855,4,1.0
558,18.6,1,acquire,,4.3913,5.0981,5.5147,-4.8209,5.5654,3.4464,3.3167,2.4761,15,1.0,1.058,0.0372,9.3135,115.464,36.456,1,0.602,4,1.0
559,18.6333,1,acquire,,4.5452,4.956,5.3726,-4.2614,5.2443,3.8447,2.6102,4.7235,13,0.8667,0.5336,0.0246,9.0273,115.739,36.5824,1,0.558,4,1.0
560,18.6667,1,acquire,,4.6599,4.8524,5.269,-3.109,5.7689,3.5474,1.6924,4.7235,13,0.9286,0.6947,0.039,9.5116,108.4836,36.5446,1,0.4967,4,1.0
561,18.7,1,acquire,,4.483,4.7449,5.1615,-3.2256,5.6394,3.3229,2.4883,4.5548,13,0.9286,0.6894,0.0407,9.4666,108.7076,36.5184,1,0.5624,4,1.0
562,18.7333,1,acquire,,4.4679,4.6532,5.0698,-2.7496,5.2659,3.3176,2.6635,4.5644,13,0.9286,0.7014,0.0342,9.2835,108.8307,36.3008,1,0.5731,4,1.0
563,18.7667,1,acquire,,5.3135,4.6154,5.032,-1.1343,5.528,4.6087,2.8286,4.5644,11,1.0,1.5305,0.0162,9.9097,109.5959,36.1358,-1,0.4833,4,1.0
564,18.8,1,acquire,,3.9758,4.5691,4.9857,-1.3902,4.9758,2.9733,3.1433,3.9576,14,0.9333,0.705,0.0351,9.1311,109.2629,36.0038,1,0.64,4,1.0
565,18.8333,1,acquire,,3.9977,4.5337,4.9503,-1.0621,5.0132,2.7088,2.9692,8.1301,14,0.9333,0.7878,0.0404,9.2922,109.5165,35.6458,1,0.6131,4,1.0
566,18.8667,1,acquire,,3.9703,4.3461,4.7627,-5.6272,5.5012,2.4338,3.0085,8.1301,13,0.8667,0.5144,0.0538,9.3755,109.7634,35.1283,1,0.6261,4,1.0
567,18.9,1,acquire,,3.8564,4.2165,4.6331,-3.8884,4.8924,2.8823,3.0597,3.3549,12,0.8,0.3734,0.0352,9.2067,118.1425,34.6814,1,0.6235,4,1.0
568,18.9333,1,acquire,,3.9559,4.1303,4.5469,-2.5843,5.3295,2.3982,1.8445,7.4716,12,0.8571,0.3475,0.0514,9.284,110.6386,34.5259,1,0.5719,4,1.0
569,18.9667,1,acquire,,3.9258,4.0693,4.4859,-1.8315,5.3052,2.3616,2.2033,10.2512,12,0.8571,0.3607,0.0516,9.2733,111.1358,34.4436,1,0.5957,4,1.0
570,19.0,1,acquire,,3.5359,4.0191,4.4357,-1.5063,4.8675,1.9998,2.82,2.5405,13,0.8667,0.329,0.0502,9.1426,111.0865,34.4045,1,0.6734,4,1.0
571,19.0333,1,acquire,,5.301,3.9864,4.403,-0.9791,5.3981,4.8815,3.3028,2.6988,10,1.0,1.1173,0.0091,10.8872,103.9446,34.8078,-1,0.6238,4,1.0
572,19.0667,1,acquire,,4.7787,3.9757,4.3924,-0.3205,4.6139,3.8929,2.9954,2.8913,12,1.0,1.1685,0.0127,10.2035,104.3628,35.2599,-1,0.6073,4,1.0
573,19.1,1,acquire,,5.1801,4.2568,4.6734,8.4311,4.3101,4.803,3.2721,2.7734,13,1.0,1.1628,0.0087,11.5289,104.552,35.6471,-1,0.6249,4,1.0
574,19.1333,1,acquire,,5.1245,4.5605,4.9771,9.1106,4.3934,4.6749,2.5523,2.8913,11,1.0,1.2537,0.0049,11.6068,105.0449,35.9917,-1,0.5887,4,1.0
575,19.1667,1,acquire,,4.8099,4.7579,5.1745,5.9219,5.5614,2.8939,1.4238,2.7263,9,1.0,1.301,0.0468,10.8763,105.622,36.2568,-1,0.4238,4,1.0
576,19.2,1,acquire,,4.2741,4.7761,5.1927,0.5468,3.8439,3.4662,1.7766,4.6001,13,1.0,1.3062,0.0066,10.667,105.7942,36.5046,-1,0.5744,4,1.0
577,19.2333,1,acquire,,4.1282,4.7879,5.2046,0.3554,3.7497,3.3006,2.324,4.6534,12,1.0,1.2758,0.0079,11.0649,106.1504,36.4459,-1,0.6179,4,1.0
578,19.2667,1,acquire,,4.0462,4.6081,5.0247,-5.395,3.6702,3.2292,1.8059,4.514,12,1.0,1.3143,0.0077,11.3175,106.3902,36.297,-1,0.5833,4,1.0
579,19.3,1,acquire,,3.5767,4.4401,4.8568,-5.0387,3.5934,2.9625,1.6707,4.0856,13,1.0,1.1391,0.011,12.0529,106.7079,36.1514,-1,0.614,4,1.0
580,19.3333,1,acquire,,3.9724,4.3023,4.7189,-4.1363,3.5691,3.2304,1.8928,5.1173,13,1.0,1.2456,0.0059,11.0354,107.5083,35.9702,-1,0.6167,4,1.0
581,19.3667,1,acquire,,3.9586,4.1868,4.6034,-3.4636,3.5816,3.1961,2.2264,3.4336,13,1.0,1.2424,0.0068,11.048,107.5065,35.7435,-1,0.6353,4,1.0
582,19.4,1,acquire,,3.7205,4.1069,4.5235,-2.3967,3.5842,2.7961,2.7573,3.4682,13,1.0,1.301,0.0138,11.9636,107.6018,35.4662,-1,0.6327,4,1.0
583,19.4333,1,acquire,,3.7752,3.9908,4.4074,-3.4836,3.311,3.582,2.7239,4.2679,13,1.0,0.9121,0.0047,11.7385,108.3601,35.0126,-1,0.7482,4,1.0
584,19.4667,0,hold,hold,3.4465,,,,3.311,3.582,,,14,1.0,1.1009,0.0021,11.6572,108.7675,,-1,0.0,4,1.0
585,19.5,0,hold,hold,3.4457,,,,3.3867,3.5047,,,12,0.8571,0.7042,0.0486,11.3575,92.0531,,-1,0.0,4,1.0
586,19.5333,0,hold,hold,1.6274,,,,3.0196,0.2352,,,12,0.8571,0.4574,0.0468,10.2216,92.2897,,-1,0.0,4,1.0
587,19.5667,0,hold,hold,1.5888,,,,2.9292,0.2485,,,12,0.8571,0.4502,0.0446,10.6292,92.5436,,-1,0.0,4,1.0
588,19.6,1,track,,2.386,3.4291,3.8458,,2.3177,2.2788,2.3362,1.5482,14,1.0,0.8594,0.0007,10.876,109.8452,33.1656,-1,0.8492,4,1.0
589,19.6333,1,track,,2.2076,3.0328,3.4494,-11.8893,2.3345,1.9472,2.2817,2.4195,14,1.0,0.894,0.0068,10.5379,110.0817,33.2791,-1,0.8038,4,1.0
590,19.6667,0,hold,hold,2.1409,,,,2.3345,1.9472,,,12,0.8571,0.549,0.031,10.5963,93.5409,,-1,0.0,4,1.0
591,19.7,0,hold,hold,1.4927,,,,2.3794,0.606,,,14,1.0,0.6466,0.0269,10.0099,110.5573,,-1,0.0,4,1.0
592,19.7333,0,hold,hold,1.459,,,,2.2287,0.6892,,,12,0.8571,0.5023,0.0381,10.5281,93.7781,,-1,0.0,4,1.0
593,19.7667,0,hold,hold,1.2106,,,,2.3008,0.1205,,,12,0.8571,0.5268,0.0399,10.5423,94.527,,-1,0.0,4,1.0
594,19.8,0,hold,hold,1.1642,,,,2.3066,0.0218,,,14,1.0,0.775,0.0176,10.6407,111.7755,,-1,0.0,4,1.0
595,19.8333,0,hold,hold,1.277,,,,1.7797,0.7742,,,10,0.7143,0.25,0.0145,11.0285,112.1563,,-1,0.0,4,1.0
596,19.8667,0,hold,hold,1.3007,,,,1.7157,0.8857,,,13,0.9286,0.5554,0.0247,10.9273,112.6455,,-1,0.0,4,1.0
597,19.9,0,hold,hold,0.9544,,,,1.661,0.2478,,,14,1.0,0.698,0.0199,11.2301,112.7637,,-1,0.0,4,1.0
598,19.9333,0,hold,hold,0.92,,,,1.4892,0.3509,,,13,0.9286,0.5785,0.0269,11.1011,113.5083,,-1,0.0,4,1.0
599,19.9667,0,hold,hold,0.7684,,,,1.5396,-0.0028,,,12,0.8571,0.5285,0.0343,11.0009,96.2545,,-1,0.0,4,1.0
600,20.0,0,hold,hold,0.5557,,,,1.5379,-0.4264,,,10,0.6667,0.2189,0.0268,10.048,96.2514,,-1,0.0,4,1.0
601,20.0333,0,hold,hold,0.3112,,,,1.0799,-0.4574,,,11,0.7333,0.319,0.0311,10.4913,114.3754,,-1,0.0,4,1.0
602,20.0667,0,hold,hold,-0.0646,,,,0.826,-0.9551,,,11,0.7333,0.4569,0.0448,10.5014,97.2512,,-1,0.0,4,1.0
603,20.1,0,hold,hold,-0.2986,,,,0.9833,-1.5805,,,13,0.8667,0.4689,0.0287,10.6284,115.2501,,-1,0.0,4,1.0
604,20.1333,0,hold,hold,-0.2476,,,,0.5734,-1.0686,,,12,0.8,0.3599,0.0339,10.4581,98.0004,,-1,0.0,4,1.0
605,20.1667,0,hold,hold,-0.0314,,,,0.9397,-1.0025,,,12,0.8,0.4703,0.0476,10.1277,98.253,,-1,0.0,4,1.0
606,20.2,0,hold,hold,-0.4368,,,,0.9256,-1.7992,,,13,0.8667,0.503,0.0244,10.4279,116.7507,,-1,0.0,4,1.0
607,20.2333,0,hold,hold,-0.3787,,,,0.3204,-1.0779,,,13,0.8667,0.5238,0.0276,10.4479,117.0008,,-1,0.0,4,1.0
608,20.2667,0,hold,hold,-0.4259,,,,0.3656,-1.2175,,,12,0.8,0.3268,0.0407,10.4366,99.5061,,-1,0.0,4,1.0
609,20.3,0,hold,hold,-0.6358,,,,0.5292,-1.8009,,,14,0.9333,0.6402,0.0169,10.9441,118.1267,,-1,0.0,4,1.0
610,20.3333,0,hold,hold,-0.8205,,,,-0.3352,-1.3057,,,10,0.7143,0.292,0.0392,10.7462,100.2667,,-1,0.0,4,1.0
611,20.3667,0,hold,hold,-0.9013,,,,0.2224,-2.025,,,11,0.7857,0.3553,0.0413,10.8789,100.3873,,-1,0.0,4,1.0
612,20.4,0,hold,hold,-1.0343,,,,0.147,-2.2157,,,12,0.8571,0.5631,0.04,11.3324,100.7666,,-1,0.0,4,1.0
613,20.4333,0,hold,hold,-1.2437,,,,-0.0971,-2.3904,,,8,0.5333,0.1819,0.0198,11.4639,82.5073,,-1,0.0,4,1.0
614,20.4667,0,hold,hold,-0.8364,,,,-0.2701,-1.4026,,,8,0.5714,0.1816,0.0217,11.3683,82.7566,,-1,0.0,4,1.0
615,20.5,0,hold,hold,-0.7233,,,,-0.1027,-1.3439,,,12,0.8,0.5517,0.0266,11.5133,120.0294,,-1,0.0,4,1.0
616,20.5333,0,hold,hold,-1.2397,,,,-0.4776,-2.0018,,,11,0.7857,0.455,0.0422,11.4627,101.7835,,-1,0.0,4,1.0
617,20.5667,0,hold,hold,-1.4603,,,,-0.2528,-2.6678,,,11,0.7857,0.5231,0.0429,11.4799,102.0345,,-1,0.0,4,1.0
618,20.6,0,hold,hold,-1.489,,,,-0.2615,-2.7164,,,11,0.7857,0.4161,0.0358,11.8707,102.2947,,-1,0.0,4,1.0
619,20.6333,0,hold,hold,-1.6982,,,,-0.6747,-2.7217,,,12,0.8571,0.6227,0.0444,11.4418,102.7892,,-1,0.0,4,1.0
620,20.6667,0,hold,hold,-1.7243,,,,-0.4531,-2.9956,,,11,0.7857,0.4538,0.0446,11.7835,103.1627,,-1,0.0,4,1.0
621,20.7,0,hold,hold,-1.7184,,,,-0.443,-2.9939,,,11,0.7857,0.3258,0.0409,12.0355,103.552,,-1,0.0,4,1.0
622,20.7333,0,hold,hold,-1.8444,,,,-0.6753,-3.0135,,,10,0.7143,0.2489,0.0306,11.7262,104.045,,-1,0.0,4,1.0
623,20.7667,0,hold,hold,-1.535,,,,-0.6586,-2.4114,,,11,0.7333,0.3313,0.0404,11.9781,104.5525,,-1,0.0,4,1.0
624,20.8,0,hold,hold,-1.8325,,,,-0.6768,-2.9883,,,9,0.6429,0.2065,0.0338,11.3655,104.5557,,-1,0.0,4,1.0
625,20.8333,0,hold,hold,-1.8079,,,,-0.8421,-2.7738,,,10,0.7143,0.1969,0.0397,11.7341,105.3251,,-1,0.0,4,1.0
626,20.8667,0,hold,hold,-2.172,,,,-1.0372,-3.3069,,,8,0.5714,0.1373,0.0412,11.7928,105.5758,,-1,0.0,4,1.0
627,20.9,0,hold,hold,-2.2504,,,,-1.0711,-3.4297,,,11,0.7857,0.3417,0.043,11.8127,105.9675,,-1,0.0,4,1.0
628,20.9333,0,hold,hold,-2.4142,,,,-1.1838,-3.6446,,,11,0.7857,0.3406,0.044,11.8845,106.0918,,-1,0.0,4,1.0
629,20.9667,0,hold,hold,-2.4097,,,,-1.151,-3.6684,,,10,0.7143,0.2312,0.0374,11.5508,106.3207,,-1,0.0,4,1.0
630,21.0,1,acquire,,-2.9081,0.9535,1.3701,,-2.4631,-2.2476,0.0009,-1.6776,14,1.0,1.5126,0.0038,9.3722,135.5496,38.9708,1,0.5325,4,1.0
631,21.0333,1,acquire,,-3.4239,-0.4883,-0.0717,-43.2547,-4.2448,-2.6016,0.0272,-1.6776,15,1.0,1.3901,0.0288,9.4005,136.118,39.1159,1,0.4183,4,1.0
632,21.0667,1,acquire,,-2.0771,-1.3352,-0.9186,-25.4074,-1.5736,-2.5729,0.2541,-1.8856,12,0.9231,0.7452,0.0175,11.5402,117.0769,39.3629,-1,0.5685,4,1.0
633,21.1,1,acquire,,-1.5621,-1.7403,-1.3237,-12.152,-0.5074,-3.4243,-0.4334,-1.9092,10,0.8333,0.4463,0.051,12.6289,117.1685,39.5572,-1,0.6078,4,1.0
634,21.1333,1,acquire,,-1.5471,-1.8582,-1.4415,-3.5361,-0.4749,-2.6182,0.18,-1.9092,10,0.8333,0.4549,0.0374,12.5605,117.6679,39.6449,-1,0.5664,4,1.0
635,21.1667,1,acquire,,-0.8649,-1.7545,-1.3379,3.1087,0.5888,-2.9126,0.1898,-1.8934,12,1.0,1.3079,0.0612,12.9768,118.0134,39.6803,-1,0.5617,4,1.0
636,21.2,1,acquire,,-1.7565,-1.6872,-1.2706,2.0207,-1.0156,-3.0416,0.7359,-1.6366,9,0.75,0.4323,0.0354,12.3264,98.6714,39.6317,-1,0.4635,4,1.0
637,21.2333,1,acquire,,-3.1001,-1.6434,-1.2268,1.3134,-3.9799,-2.2188,0.5479,-1.6433,15,1.0,1.3206,0.0308,9.4765,138.2022,39.8137,1,0.4299,4,1.0
638,21.2667,1,acquire,,-1.2014,-1.6097,-1.1931,1.0114,-1.1775,-2.5217,0.5629,-1.6299,12,1.0,1.1393,0.0235,11.9926,118.7761,40.2641,-1,0.5457,4,1.0
639,21.3,1,acquire,,-3.7604,-1.6611,-1.2444,-1.5417,-4.1357,-3.4529,-0.7443,-2.7702,16,1.0,1.1715,0.012,9.5636,149.1962,40.644,1,0.53,4,1.0
640,21.3333,1,acquire,,-3.6048,-2.1647,-1.7481,-15.1099,-4.2009,-3.1084,-0.6303,-2.7702,15,1.0,1.2647,0.0191,9.6092,139.6513,42.0837,1,0.4713,4,1.0
641,21.3667,1,acquire,,-2.4566,-2.4921,-2.0755,-9.8215,-1.1442,-2.9164,-0.5598,-2.997,15,0.9375,0.9283,0.031,10.0132,139.7534,43.0826,1,0.5341,4,1.0
642,21.4,1,acquire,,-2.5791,-2.5225,-2.1059,-0.9129,-1.6518,-3.0091,-0.351,-3.4166,15,1.0,0.8348,0.0237,11.3163,140.0168,43.8027,1,0.564,4,1.0
643,21.4333,1,acquire,,-3.2402,-2.7737,-2.3571,-7.5355,-3.1886,-3.3905,-0.689,-3.145,15,1.0,0.8867,0.0035,10.4062,140.2242,44.8077,1,0.66,4,1.0
644,21.4667,0,hold,hold,-3.2896,,,,-3.1886,-3.3905,,,14,1.0,0.8929,0.0345,10.8082,140.8308,,1,0.0,3,1.0
645,21.5,0,hold,hold,-2.4058,,,,-1.4205,-3.391,,,14,1.0,0.9403,0.0373,10.7758,141.1473,,1,0.0,3,1.0
646,21.5333,0,hold,hold,-2.2045,,,,-1.137,-3.2721,,,13,1.0,0.9758,0.0176,11.6095,142.1505,,1,0.0,3,1.0
647,21.5667,0,hold,hold,-2.6786,,,,-2.1757,-3.1815,,,5,0.4167,0.0364,0.0635,10.2581,71.4055,,1,0.0,3,1.0
648,21.6,1,track,,-2.9862,-2.8481,-2.4315,,-3.2741,-3.7659,-0.5485,-3.0529,14,1.0,0.8042,0.0086,11.8138,132.8471,48.8039,1,0.6496,3,1.0
649,21.6333,0,hold,hold,-3.52,,,,-3.2741,-3.7659,,,14,1.0,1.0081,0.0132,12.1325,143.3145,,1,0.0,3,1.0
650,21.6667,0,hold,hold,-2.6314,,,,-2.2526,-3.0101,,,9,0.9,1.098,0.0213,12.3121,143.9698,,1,0.0,3,1.0
651,21.7,0,hold,hold,-2.4063,,,,-1.7971,-3.0155,,,11,1.0,1.6852,0.0085,11.323,154.7737,,1,0.0,3,1.0
652,21.7333,0,hold,hold,-3.3847,,,,-3.6268,-3.1426,,,11,1.0,1.9392,0.01,15.1745,155.2762,,1,0.0,3,1.0
653,21.7667,0,hold,hold,-3.5015,,,,-3.7878,-3.2152,,,11,1.0,2.0343,0.0097,14.9931,155.4077,,1,0.0,3,1.0
654,21.8,0,hold,hold,-3.1912,,,,-3.4671,-2.9152,,,9,0.8182,1.0263,0.0157,12.9312,155.9051,,1,0.0,3,1.0
655,21.8333,0,hold,hold,-3.7542,,,,-4.203,-3.3053,,,11,1.0,1.5376,0.0088,13.1628,156.4965,,1,0.0,3,1.0
656,21.8667,0,hold,hold,-3.3786,,,,-3.6296,-3.1277,,,12,1.0,1.6069,0.0019,14.6469,157.0389,,1,0.0,2,1.0
657,21.9,0,hold,hold,-3.2094,,,,-3.1538,-3.265,,,9,0.6923,0.735,0.0141,13.0354,115.7198,,1,0.0,2,1.0
658,21.9333,0,hold,hold,-3.5597,,,,-3.9621,-3.1572,,,13,0.8667,0.8296,0.0176,12.944,158.1312,,1,0.0,2,1.0
659,21.9667,0,hold,hold,-3.715,,,,-4.2167,-3.2132,,,9,0.6923,0.3531,0.0221,13.2212,116.2594,,1,0.0,2,1.0
660,22.0,0,hold,hold,-3.8276,,,,-4.4572,-3.198,,,10,1.0,1.4927,0.0312,16.7232,95.7175,,1,0.0,2,1.0
661,22.0333,0,hold,hold,-3.7828,,,,-4.6724,-2.8932,,,15,0.9375,1.2019,0.0055,16.9122,160.0318,,1,0.0,2,1.0
662,22.0667,1,track,,-3.197,-2.9702,-2.5536,,-3.1196,-3.2744,-1.6551,-3.287,15,0.9375,0.9165,0.0027,16.8914,160.4998,79.4741,1,0.6928,2,1.0
663,22.1,0,hold,hold,-3.197,,,,-3.1196,-3.2744,,,14,0.875,1.005,0.0047,16.9377,161.4872,,1,0.0,2,1.0
664,22.1333,0,hold,hold,-3.1193,,,,-3.2528,-2.9857,,,8,0.5,0.1368,0.0048,17.6541,107.8269,,1,0.0,2,1.0
665,22.1667,0,hold,hold,-2.0509,,,,-2.1881,-1.9137,,,14,1.0,1.3014,0.0091,17.9514,161.8438,,1,0.0,2,1.0
666,22.2,0,hold,hold,-2.7371,,,,-2.477,-2.9971,,,13,0.8667,1.3685,0.0097,18.1973,162.3611,,1,0.0,2,1.0
667,22.2333,0,hold,hold,-2.6511,,,,-2.3726,-2.9296,,,15,0.9375,1.4269,0.022,18.2055,162.3597,,1,0.0,2,1.0
668,22.2667,0,hold,hold,-2.4527,,,,-1.8246,-3.0809,,,15,1.0,1.6435,0.0098,17.8421,162.8935,,1,0.0,2,1.0
669,22.3,0,hold,hold,-3.3574,,,,-3.6377,-3.0771,,,16,1.0,1.9942,0.0121,20.2526,162.9272,,1,0.0,2,1.0
670,22.3333,0,hold,hold,-2.6723,,,,-2.3261,-3.0185,,,13,0.8125,1.2977,0.0319,27.5478,141.858,,1,0.0,2,1.0
671,22.3667,0,hold,hold,-4.8004,,,,-5.7089,-3.8919,,,16,1.0,3.4608,0.0115,27.5933,164.0691,,1,0.0,2,1.0
672,22.4,0,hold,hold,-2.8033,,,,-2.4738,-3.1328,,,16,1.0,2.9085,0.0064,28.5953,164.4418,,1,0.0,2,1.0
673,22.4333,0,hold,hold,-2.5729,,,,-2.3889,-2.7568,,,14,1.0,2.4844,0.0151,19.896,165.152,,1,0.0,2,1.0
674,22.4667,0,hold,hold,-2.4579,,,,-2.0273,-2.8885,,,8,0.5,0.0709,0.0098,13.5618,143.6817,,1,0.0,2,1.0
675,22.5,0,hold,hold,-2.8821,,,,-2.6022,-3.162,,,7,0.4375,0.0771,0.0006,13.1914,155.9649,,1,0.0,2,1.0
676,22.5333,0,hold,hold,-3.0339,,,,-3.0524,-3.0153,,,5,1.0,1.1821,0.0345,17.6196,112.1857,,1,0.0,2,1.0
677,22.5667,0,hold,hold,-3.2965,,,,-4.2813,-2.3116,,,8,0.5,0.1145,0.0106,13.7939,135.9164,,1,0.0,2,1.0
678,22.6,0,hold,hold,-2.8352,,,,-2.5314,-3.139,,,8,0.5714,0.1547,0.0174,13.9653,148.1592,,1,0.0,2,1.0
679,22.6333,0,hold,hold,-2.4998,,,,-2.0009,-2.9988,,,10,1.0,0.8079,0.0152,14.6651,103.7728,,1,0.0,2,1.0
680,22.6667,0,hold,hold,-4.1554,,,,-4.5874,-3.7235,,,14,1.0,1.1222,0.0113,17.3571,151.2537,,1,0.0,2,1.0
681,22.7,0,hold,hold,-3.3187,,,,-3.6427,-2.9946,,,12,0.75,0.3962,0.0194,18.5457,175.9114,,1,0.0,2,1.0
682,22.7333,0,hold,hold,-2.103,,,,-1.5484,-2.6577,,,16,1.0,1.1644,0.0099,18.0501,177.8944,,1,0.0,2,1.0
683,22.7667,0,hold,hold,-2.517,,,,-2.2335,-2.8005,,,16,1.0,1.1302,0.0057,18.212,179.9032,,1,0.0,2,1.0
684,22.8,0,hold,hold,-2.1561,,,,-1.9919,-2.3202,,,8,0.5,0.1335,0.0373,18.4327,144.6275,,1,0.0,2,1.0
685,22.8333,0,hold,hold,-2.3262,,,,-1.2599,-3.3924,,,14,1.0,1.0874,0.0146,15.6026,158.2631,,1,0.0,2,1.0
686,22.8667,1,track,,-2.7585,-2.8961,-2.4795,,-2.7101,-2.8068,-0.1397,-7.9339,12,0.8571,0.6732,0.0017,15.1788,183.9632,78.1676,1,0.6233,2,1.0
687,22.9,1,track,,-2.8223,-2.8591,-2.4425,1.11,-2.8844,-2.7601,-0.0802,-8.0713,11,0.7857,0.7256,0.0022,14.6909,160.4446,77.4528,1,0.5636,2,1.0
688,22.9333,0,hold,hold,-2.8223,,,,-2.8844,-2.7601,,,13,0.9286,1.2026,0.0082,16.36,161.9742,,1,0.0,2,1.0
689,22.9667,0,hold,hold,-3.0148,,,,-3.2494,-2.7803,,,13,0.9286,1.1399,0.0052,16.1047,162.7156,,1,0.0,2,1.0
690,23.0,1,track,,-2.9258,-2.8462,-2.4296,,-3.0106,-2.5692,-0.0024,-9.5969,9,0.6429,0.3376,0.0077,14.5039,163.2128,77.1246,1,0.4928,2,1.0
691,23.0333,1,track,,-2.8418,-2.8446,-2.428,0.0467,-3.2871,-2.7391,-0.2636,-8.0133,12,0.8,0.643,0.0096,14.3654,164.2019,77.2395,1,0.5499,2,1.0
692,23.0667,0,hold,hold,-3.0131,,,,-3.2871,-2.7391,,,15,1.0,1.5987,0.0148,15.4909,189.9002,,1,0.0,2,1.0
693,23.1,0,hold,hold,-2.4713,,,,-2.0471,-2.8956,,,7,0.4375,0.0408,0.0284,13.463,165.4784,,1,0.0,2,1.0
694,23.1333,1,track,,-0.81,-2.8436,-2.427,,-0.4743,-1.0642,-0.7627,-9.7084,6,1.0,0.714,0.0103,17.2474,63.7564,77.5722,1,0.7572,2,1.0
695,23.1667,0,hold,hold,-0.7692,,,,-0.4743,-1.0642,,,16,1.0,1.1455,0.0174,18.5119,191.3338,,1,0.0,2,1.0
696,23.2,0,hold,hold,-1.6953,,,,-1.1964,-2.1943,,,16,1.0,1.2557,0.017,17.718,192.3432,,1,0.0,2,1.0
697,23.2333,0,hold,hold,-1.7836,,,,-1.297,-2.2701,,,16,1.0,1.4838,0.0017,17.3697,191.8979,,1,0.0,2,1.0
698,23.2667,0,hold,hold,-2.2202,,,,-2.1723,-2.2681,,,16,1.0,1.1931,0.0075,18.0383,192.8649,,1,0.0,2,1.0
699,23.3,0,hold,hold,-1.9436,,,,-1.7296,-2.1576,,,16,1.0,1.1138,0.0234,18.3734,192.809,,1,0.0,2,1.0
700,23.3333,0,hold,hold,-1.2863,,,,-0.6151,-1.9575,,,15,1.0,1.3505,0.0397,19.9342,193.2812,,1,0.0,2,1.0
701,23.3667,0,hold,hold,-0.8044,,,,0.3323,-1.941,,,13,0.9286,1.6865,0.0305,17.9593,180.5489,,1,0.0,2,1.0
702,23.4,0,hold,hold,-1.1221,,,,-0.2475,-1.9967,,,15,1.0,1.5983,0.0011,17.7723,194.3455,,1,0.0,2,1.0
703,23.4333,0,hold,hold,-1.9512,,,,-1.9839,-1.9186,,,15,1.0,1.5774,0.0031,18.8946,194.3659,,1,0.0,2,1.0
704,23.4667,0,hold,hold,-2.1194,,,,-2.2089,-2.03,,,14,0.9333,1.2761,0.0042,18.4747,195.1349,,1,0.0,2,1.0
705,23.5,0,hold,hold,-2.1306,,,,-2.2504,-2.0108,,,15,1.0,1.5639,0.0069,18.5173,195.8673,,1,0.0,2,1.0
706,23.5333,0,hold,hold,-2.1418,,,,-2.3403,-1.9432,,,15,1.0,1.1031,0.0001,17.453,196.3635,,1,0.0,2,1.0
707,23.5667,0,hold,hold,-1.9479,,,,-1.9464,-1.9494,,,15,1.0,1.1399,0.0012,17.8299,196.8661,,1,0.0,2,1.0
708,23.6,0,hold,hold,-1.968,,,,-2.0014,-1.9345,,,8,0.5333,0.2098,0.0317,19.8585,158.0921,,1,0.0,2,1.0
709,23.6333,0,hold,hold,-1.9489,,,,-1.0406,-2.8572,,,7,0.7,0.4885,0.0232,20.3866,171.3064,,1,0.0,2,1.0
710,23.6667,0,hold,hold,-1.47,,,,-0.8072,-2.1328,,,10,0.6667,0.5955,0.0266,20.0331,198.7603,,1,0.0,2,1.0
711,23.7,0,hold,hold,-0.2276,,,,0.5348,-0.9901,,,13,0.8125,0.6099,0.0357,20.4694,199.25,,1,0.0,2,1.0
712,23.7333,0,hold,hold,0.1298,,,,1.1524,-0.8927,,,12,0.75,0.5711,0.0241,20.3156,199.7502,,1,0.0,2,1.0
713,23.7667,0,hold,hold,-0.1362,,,,0.5543,-0.8267,,,12,0.75,0.609,0.0227,20.3623,200.7505,,1,0.0,2,1.0
714,23.8,0,hold,hold,-0.1548,,,,0.4964,-0.806,,,14,0.875,0.8351,0.0317,21.9735,201.25,,1,0.0,2,1.0
715,23.8333,0,hold,hold,0.2751,,,,1.1843,-0.6341,,,16,1.0,1.6497,0.0403,21.7595,202.2551,,1,0.0,2,1.0
716,23.8667,0,hold,hold,-0.4083,,,,0.7452,-1.5617,,,14,0.875,1.1914,0.0421,22.4043,202.5007,,1,0.0,2,1.0
717,23.9,0,hold,hold,-0.0899,,,,1.117,-1.2968,,,13,0.8125,1.2716,0.0486,24.9225,203.2507,,1,0.0,2,1.0
718,23.9333,0,hold,hold,-0.053,,,,1.3392,-1.4452,,,14,0.875,1.5064,0.0304,25.0204,203.7535,,1,0.0,2,1.0
719,23.9667,0,hold,hold,-0.1815,,,,0.6882,-1.0512,,,16,1.0,2.0451,0.0298,19.6803,204.7664,,1,0.0,2,1.0
720,24.0,0,hold,hold,-0.7247,,,,0.1285,-1.5779,,,15,0.9375,1.2396,0.0174,23.1765,205.2693,,1,0.0,2,1.0
721,24.0333,0,hold,hold,-0.8947,,,,-0.3974,-1.392,,,8,0.5,0.2408,0.0172,20.6886,206.2528,,1,0.0,2,1.0
722,24.0667,0,hold,hold,-0.6181,,,,-0.1258,-1.1103,,,16,1.0,2.0447,0.0263,21.6083,207.2691,,1,0.0,2,1.0
723,24.1,0,hold,hold,-0.4485,,,,0.3039,-1.2009,,,16,1.0,1.5377,0.0299,22.0173,207.7601,,1,0.0,2,1.0
724,24.1333,0,hold,hold,-0.5253,,,,0.3304,-1.381,,,10,0.625,0.6284,0.0365,20.9791,208.7502,,1,0.0,2,1.0
725,24.1667,0,hold,hold,0.1172,,,,1.1616,-0.9272,,,9,0.5625,0.2491,0.0184,20.7632,195.8011,,1,0.0,2,1.0
726,24.2,0,hold,hold,-1.786,,,,-1.259,-2.3131,,,12,0.8,1.015,0.023,20.6411,168.0234,,1,0.0,2,1.0
727,24.2333,0,hold,hold,-0.7949,,,,-0.1374,-1.4523,,,16,1.0,1.7924,0.0131,20.5615,210.2697,,1,0.0,2,1.0
728,24.2667,0,hold,hold,-0.86,,,,-0.4851,-1.235,,,12,0.75,0.8119,0.0313,20.9253,211.75,,1,0.0,2,1.0
729,24.3,0,hold,hold,0.0414,,,,0.9375,-0.8547,,,13,0.8125,0.5278,0.0283,20.3015,211.7536,,1,0.0,2,1.0
730,24.3333,0,hold,hold,0.2544,,,,1.0662,-0.5574,,,14,0.875,0.591,0.0432,20.5903,212.2546,,1,0.0,2,1.0
731,24.3667,0,hold,hold,0.1754,,,,1.4139,-1.063,,,14,0.875,1.0073,0.0077,20.4536,212.7616,,1,0.0,2,1.0
732,24.4,0,hold,hold,-0.3996,,,,-0.1786,-0.6207,,,14,0.875,0.5341,0.0362,20.8676,213.2548,,1,0.0,2,1.0
733,24.4333,0,hold,hold,0.0094,,,,1.0458,-1.027,,,12,0.75,0.5906,0.0293,21.3806,214.2542,,1,0.0,2,1.0
734,24.4667,0,hold,hold,0.2603,,,,1.0994,-0.5788,,,11,0.7333,0.5413,0.0534,21.5213,201.0055,,1,0.0,2,1.0
735,24.5,1,acquire,,-0.5147,-2.0285,-1.6119,,-1.028,0.1908,-0.1446,-5.0464,12,1.0,0.8103,0.0213,31.6815,201.2581,89.4202,-1,0.7073,2,1.0
736,24.5333,1,acquire,,-0.6105,-1.5154,-1.0988,15.3921,-1.0427,-0.1782,-0.1531,-5.1698,11,1.0,0.8994,0.0151,31.8322,202.2615,89.5135,-1,0.7253,2,1.0
737,24.5667,1,acquire,,-0.5932,-1.1927,-0.776,9.6833,-1.0417,0.1245,-0.182,0.0,11,1.0,0.9209,0.0204,31.8388,202.7609,89.6371,-1,0.6919,2,1.0
738,24.6,1,acquire,,-0.2465,-0.9691,-0.5525,6.7063,-1.5859,0.4771,-0.419,0.0,11,0.8462,1.0407,0.036,30.0525,203.0019,89.7406,-1,0.5796,2,1.0
739,24.6333,1,acquire,,0.3327,-0.8101,-0.3935,4.7712,0.2665,-0.1688,-0.3652,0.0,10,0.8333,0.968,0.0076,25.2788,131.0022,90.2894,1,0.6521,2,1.0
740,24.6667,0,hold,hold,0.0489,,,,0.2665,-0.1688,,,7,0.5,0.0716,0.0111,25.2316,160.7501,,1,0.0,2,1.0
741,24.7,0,hold,hold,0.0891,,,,0.4076,-0.2294,,,14,1.0,1.0671,0.0065,26.4736,191.0001,,1,0.0,2,1.0
742,24.7333,0,hold,hold,-0.0799,,,,0.1072,-0.267,,,14,1.0,1.0974,0.0018,26.9738,191.5004,,1,0.0,2,1.0
743,24.7667,0,hold,hold,-0.1283,,,,-0.0771,-0.1796,,,12,0.8571,0.7455,0.0134,26.4144,192.2527,,1,0.0,2,1.0
744,24.8,0,hold,hold,0.3259,,,,0.7089,-0.0572,,,12,0.8571,0.579,0.0261,27.1062,192.7613,,1,0.0,2,1.0
745,24.8333,0,hold,hold,0.6213,,,,1.3678,-0.1251,,,11,0.7857,0.3561,0.0136,26.6221,163.0032,,1,0.0,2,1.0
746,24.8667,0,hold,hold,0.1552,,,,0.5455,-0.2351,,,12,0.8571,0.5825,0.0233,27.0846,193.5013,,1,0.0,2,1.0
747,24.9,0,hold,hold,0.3642,,,,1.0307,-0.3023,,,12,0.8571,0.6878,0.0192,27.3772,163.5068,,1,0.0,2,1.0
748,24.9333,0,hold,hold,0.495,,,,1.0445,-0.0545,,,11,0.7857,0.4509,0.0214,27.3786,194.0058,,1,0.0,2,1.0
749,24.9667,0,hold,hold,0.4831,,,,1.0952,-0.1289,,,12,0.8571,0.5067,0.0136,27.5606,194.5047,,1,0.0,2,1.0
750,25.0,1,track,,0.0326,-0.5151,-0.0985,,-0.0008,-0.154,0.0943,0.0,9,0.6923,0.31,0.0027,27.5535,165.0,92.463,1,0.7472,2,1.0
751,25.0333,1,track,,-0.1778,-0.3602,0.0564,4.6467,-0.0374,-0.3218,0.1068,0.0,9,0.6429,0.2359,0.005,28.0109,195.0009,92.1797,1,0.7029,2,1.0
752,25.0667,0,hold,hold,-0.1796,,,,-0.0374,-0.3218,,,6,0.4286,0.0568,0.0045,28.0985,195.0007,,1,0.0,2,1.0
753,25.1,0,hold,hold,-0.1585,,,,-0.0284,-0.2885,,,6,0.4286,0.0708,0.0077,28.3984,195.2503,,1,0.0,2,1.0
754,25.1333,0,hold,hold,-0.0844,,,,0.136,-0.3048,,,6,0.4286,0.0776,0.0067,28.3718,196.2504,,1,0.0,2,1.0
755,25.1667,0,hold,hold,-0.0935,,,,0.0986,-0.2856,,,7,0.5,0.0735,0.0046,28.1598,196.7516,,1,0.0,2,1.0
756,25.2,0,hold,hold,-0.2223,,,,-0.0893,-0.3553,,,6,0.4286,0.0798,0.0042,28.8541,167.0,,1,0.0,2,1.0
757,25.2333,1,track,,-0.0409,-0.2485,0.1681,,0.0508,-0.191,0.1463,0.0,12,0.8571,0.3305,0.0042,28.3731,197.5001,92.0318,1,0.8267,2,1.0
758,25.2667,1,track,,0.0753,-0.1555,0.2611,2.7896,0.2312,-0.0805,-0.0025,0.0,11,0.7857,0.3854,0.0054,28.3535,198.0002,91.9324,1,0.7775,2,1.0
759,25.3,0,hold,hold,0.0753,,,,0.2312,-0.0805,,,7,0.5,0.1171,0.0126,29.0208,167.75,,1,0.0,2,1.0
760,25.3333,0,hold,hold,0.0575,,,,0.4174,-0.3023,,,6,0.4615,0.0421,0.0119,29.0816,168.0001,,1,0.0,2,1.0
761,25.3667,1,track,,0.0211,-0.0937,0.3229,,0.2985,-0.2437,0.1169,0.0,10,0.7692,0.2521,0.0095,28.1274,168.0,91.4353,1,0.7642,2,1.0
762,25.4,0,hold,hold,0.0274,,,,0.2985,-0.2437,,,13,0.9286,1.1566,0.0047,27.9795,199.266,,1,0.0,2,1.0
763,25.4333,0,hold,hold,0.0325,,,,0.1677,-0.1026,,,8,0.5714,0.259,0.0136,28.411,153.7502,,1,0.0,2,1.0
764,25.4667,0,hold,hold,0.1142,,,,0.5025,-0.2741,,,8,0.5714,0.283,0.014,28.4455,154.0,,1,0.0,2,1.0
765,25.5,0,hold,hold,0.018,,,,0.4182,-0.3822,,,13,1.0,1.4346,0.0051,28.1294,185.5004,,1,0.0,2,1.0
766,25.5333,0,hold,hold,0.0609,,,,0.2065,-0.0847,,,14,1.0,1.4034,0.0092,28.0941,201.5006,,1,0.0,2,1.0
767,25.5667,1,track,,-0.7577,-0.3261,0.0905,,-0.8373,-0.3898,-0.1935,0.0,12,0.8571,0.9537,0.0078,27.8716,201.7676,92.9997,1,0.6753,2,1.0
768,25.6,0,hold,hold,-0.6136,,,,-0.8373,-0.3898,,,14,1.0,1.8478,0.0114,26.8553,202.2503,,1,0.0,2,1.0
769,25.6333,0,hold,hold,-0.1631,,,,0.1622,-0.4884,,,14,1.0,1.8209,0.0013,27.8485,202.7509,,1,0.0,2,1.0
770,25.6667,0,hold,hold,-0.2486,,,,-0.2107,-0.2865,,,14,1.0,1.3987,0.0154,27.6089,202.7523,,1,0.0,2,1.0
771,25.7,1,track,,0.0783,-0.3309,0.0858,,-0.6167,-0.2372,-0.34,0.0,10,0.7143,0.4908,0.0066,28.3534,203.2502,92.6833,1,0.6902,2,1.0
772,25.7333,1,track,,-0.1311,-0.2243,0.1923,3.1968,-0.1605,-0.1905,-0.9374,0.0,9,0.6429,0.3384,0.0005,28.6435,156.7504,93.0578,1,0.6788,2,1.0
773,25.7667,1,track,,-0.2528,-0.1917,0.2249,0.9783,-0.3566,-0.1945,0.2411,0.0,12,0.8571,0.9264,0.0028,28.3579,188.7518,93.4478,1,0.7156,2,1.0
774,25.8,0,hold,hold,-0.2755,,,,-0.3566,-0.1945,,,14,1.0,1.5388,0.0234,27.0251,204.7583,,1,0.0,2,1.0
775,25.8333,0,hold,hold,0.3565,,,,-0.3135,1.0264,,,6,0.4286,0.1519,0.0229,27.139,142.0064,,1,0.0,2,1.0
776,25.8667,0,hold,hold,0.5969,,,,-0.058,1.2519,,,14,1.0,1.6719,0.0163,26.9785,205.7521,,1,0.0,2,1.0
777,25.9,0,hold,hold,0.1875,,,,0.6533,-0.2784,,,14,1.0,1.2742,0.0039,27.6484,205.7542,,1,0.0,2,1.0
778,25.9333,0,hold,hold,-0.2389,,,,-0.1269,-0.3508,,,14,1.0,1.6217,0.0043,26.9271,206.0017,,1,0.0,2,1.0
779,25.9667,0,hold,hold,-0.2538,,,,-0.3781,-0.1295,,,13,0.9286,1.0349,0.0057,25.9388,206.005,,1,0.0,2,1.0
780,26.0,0,hold,hold,-0.4195,,,,-0.5841,-0.2549,,,14,1.0,1.9557,0.0061,24.0405,206.5019,,1,0.0,2,1.0
781,26.0333,1,track,,0.1844,-0.06,0.3566,,0.0946,0.2877,0.042,0.0,11,0.7857,0.7945,0.0034,26.8858,190.501,90.8758,1,0.718,2,1.0
782,26.0667,0,hold,hold,0.1911,,,,0.0946,0.2877,,,13,0.9286,1.2443,0.0013,26.543,190.5158,,1,0.0,2,1.0
783,26.1,0,hold,hold,-0.1604,,,,-0.1236,-0.1973,,,14,1.0,2.0511,0.0087,27.778,206.5017,,1,0.0,2,1.0
784,26.1333,0,hold,hold,-0.4443,,,,-0.6942,-0.1943,,,14,1.0,2.0778,0.0044,27.206,207.0,,1,0.0,2,1.0
785,26.1667,0,hold,hold,-0.0626,,,,0.0627,-0.188,,,14,1.0,1.5551,0.0056,28.1049,207.5041,,1,0.0,2,1.0
786,26.2,0,hold,hold,-0.2461,,,,-0.4076,-0.0847,,,11,0.7857,0.9787,0.0278,24.918,207.5873,,1,0.0,2,1.0
787,26.2333,0,hold,hold,1.5723,,,,2.368,0.7765,,,14,1.0,2.3572,0.0083,25.1416,208.0144,,1,0.0,2,1.0
788,26.2667,0,hold,hold,0.4414,,,,0.679,0.2038,,,14,1.0,1.9018,0.0007,24.4379,208.0095,,1,0.0,2,1.0
789,26.3,0,hold,hold,0.2163,,,,0.1962,0.2364,,,14,1.0,1.8604,0.0026,23.6989,208.2633,,1,0.0,2,1.0
790,26.3333,0,hold,hold,0.2493,,,,0.3247,0.174,,,13,0.9286,1.8493,0.0048,22.7202,208.7501,,1,0.0,2,1.0
791,26.3667,0,hold,hold,-0.3434,,,,-0.4818,-0.2051,,,13,0.9286,1.2686,0.0131,20.9763,209.2516,,1,0.0,2,1.0
792,26.4,0,hold,hold,-0.196,,,,-0.5703,0.1784,,,14,1.0,1.4485,0.0023,22.1254,209.7502,,1,0.0,2,1.0
793,26.4333,1,track,,-0.1648,-0.0967,0.3199,,0.0439,-0.3636,-1.1507,0.0,11,0.7857,0.8124,0.0071,21.9612,193.5008,86.3265,1,0.6354,2,1.0
794,26.4667,1,track,,-0.3155,-0.1469,0.2697,-1.5063,-0.2827,-0.3725,-1.1201,0.0,12,0.8571,0.9504,0.0016,22.3018,194.2529,86.6261,1,0.6988,2,1.0
795,26.5,0,hold,hold,-0.3276,,,,-0.2827,-0.3725,,,14,1.0,1.2593,0.0192,22.7715,210.5086,,1,0.0,2,1.0
796,26.5333,0,hold,hold,0.1922,,,,0.7434,-0.359,,,13,0.9286,1.2616,0.0029,22.0969,210.5228,,1,0.0,2,1.0
797,26.5667,0,hold,hold,0.8427,,,,0.9257,0.7597,,,13,0.9286,1.2515,0.0354,21.3225,211.0233,,1,0.0,2,1.0
798,26.6,0,hold,hold,0.5211,,,,1.5362,-0.494,,,11,0.7857,0.7996,0.0217,22.3739,195.0021,,1,0.0,2,1.0
799,26.6333,0,hold,hold,0.2279,,,,0.8498,-0.3939,,,14,1.0,1.2701,0.0054,22.6464,211.2647,,1,0.0,2,1.0
800,26.6667,0,hold,hold,0.4701,,,,0.6235,0.3168,,,13,0.9286,1.2132,0.0002,22.2313,211.764,,1,0.0,2,1.0
801,26.7,0,hold,hold,0.658,,,,0.6647,0.6513,,,14,1.0,1.2176,0.0008,22.2865,211.7608,,1,0.0,2,1.0
802,26.7333,0,hold,hold,0.5791,,,,0.5572,0.601,,,14,1.0,1.2254,0.0001,22.3705,212.2597,,1,0.0,2,1.0
803,26.7667,1,track,,0.162,-0.0388,0.3778,,0.1242,-0.2651,-1.2588,0.0,13,0.9286,0.9983,0.0068,22.9817,212.5008,84.4236,1,0.6568,2,1.0
804,26.8,0,hold,hold,-0.0704,,,,0.1242,-0.2651,,,14,0.9333,1.217,0.0084,23.0741,213.0057,,1,0.0,2,1.0
805,26.8333,0,hold,hold,0.1881,,,,0.43,-0.0538,,,13,0.9286,0.9582,0.0159,22.8801,214.0144,,1,0.0,2,1.0
806,26.8667,0,hold,hold,0.2456,,,,0.6999,-0.2086,,,14,1.0,1.8071,0.0161,22.6576,214.5039,,1,0.0,2,1.0
807,26.9,0,hold,hold,0.1854,,,,0.6461,-0.2752,,,15,1.0,1.7757,0.0024,23.3941,231.25,,1,0.0,2,1.0
808,26.9333,0,hold,hold,-0.3612,,,,-0.2915,-0.431,,,14,1.0,1.5825,0.0096,22.7179,215.2504,,1,0.0,2,1.0
809,26.9667,0,hold,hold,-0.0862,,,,-0.3606,0.1881,,,14,1.0,1.4263,0.0123,22.5636,215.2505,,1,0.0,2,1.0
810,27.0,0,hold,hold,0.2378,,,,-0.1135,0.5892,,,14,1.0,1.4568,0.0026,22.4537,215.251,,1,0.0,2,1.0
811,27.0333,0,hold,hold,-0.0506,,,,0.0238,-0.1249,,,14,1.0,1.2457,0.0067,22.1691,215.7524,,1,0.0,2,1.0
812,27.0667,0,hold,hold,-0.0376,,,,0.1532,-0.2285,,,14,1.0,1.1544,0.0023,21.5779,215.7512,,1,0.0,2,1.0
813,27.1,0,hold,hold,-0.2013,,,,-0.1361,-0.2665,,,14,1.0,1.1933,0.006,21.3963,215.2526,,1,0.0,2,1.0
814,27.1333,0,hold,hold,-0.1026,,,,0.0705,-0.2756,,,14,1.0,1.0717,0.0173,20.0431,215.7645,,1,0.0,2,1.0
815,27.1667,0,hold,hold,0.2225,,,,0.7173,-0.2722,,,14,1.0,1.1584,0.0177,19.9899,215.7635,,1,0.0,2,1.0
816,27.2,0,hold,hold,0.2305,,,,0.7381,-0.277,,,10,0.7143,0.4697,0.0219,19.0659,199.5128,,1,0.0,2,1.0
817,27.2333,0,hold,hold,-0.5534,,,,0.0731,-1.1798,,,11,0.7857,0.5409,0.02,20.1665,199.5061,,1,0.0,2,1.0
818,27.2667,0,hold,hold,-0.4484,,,,0.1246,-1.0215,,,15,1.0,1.9634,0.018,19.0048,232.7507,,1,0.0,2,1.0
819,27.3,0,hold,hold,-0.1385,,,,0.378,-0.6549,,,6,0.4286,0.1446,0.0061,19.1944,150.2506,,1,0.0,2,1.0
820,27.3333,1,track,,0.7177,0.226,0.6426,,0.2707,-0.3935,-1.197,0.0,13,0.9286,0.9891,0.0116,19.4959,200.2657,75.4074,1,0.5954,2,1.0
821,27.3667,1,track,,0.3938,0.3414,0.758,3.4624,0.1342,0.1556,-0.8713,-0.8714,12,0.8571,0.8681,0.0004,19.2763,184.2544,76.4619,1,0.6893,2,1.0
822,27.4,1,track,,-1.2452,0.3597,0.7764,0.5496,-1.1221,-0.8756,-1.627,0.0,11,0.8462,0.7447,0.0043,20.1348,201.0475,77.2946,1,0.7381,2,1.0
823,27.4333,0,hold,hold,-0.9988,,,,-1.1221,-0.8756,,,11,0.8462,0.7985,0.0172,19.1825,167.7503,,1,0.0,2,1.0
824,27.4667,0,hold,hold,-0.4508,,,,0.0406,-0.9422,,,9,0.6923,0.4734,0.0139,18.3192,134.2599,,1,0.0,2,1.0
825,27.5,0,hold,hold,-0.6636,,,,-0.265,-1.0621,,,12,0.9231,0.9417,0.014,17.3822,185.0013,,1,0.0,2,1.0
826,27.5333,0,hold,hold,-0.0678,,,,0.3329,-0.4684,,,12,0.9231,0.8256,0.0142,16.6502,185.2518,,1,0.0,2,1.0
827,27.5667,0,hold,hold,-0.0879,,,,0.318,-0.4938,,,13,1.0,1.444,0.0134,16.0966,202.5146,,1,0.0,2,1.0
828,27.6,0,hold,hold,-0.5123,,,,-0.1276,-0.8971,,,13,1.0,1.211,0.0021,16.292,202.5032,,1,0.0,2,1.0
829,27.6333,0,hold,hold,0.0114,,,,-0.0483,0.0711,,,13,1.0,1.2062,0.0107,14.891,203.0034,,1,0.0,3,1.0
830,27.6667,0,hold,hold,-0.2022,,,,-0.5086,0.1041,,,4,0.5,0.0559,0.0412,13.6024,169.0064,,1,0.0,3,1.0
831,27.7,0,hold,hold,-0.4971,,,,-1.6775,0.6833,,,4,0.5714,0.3503,0.03,16.1194,186.085,,1,0.0,3,1.0
832,27.7333,0,hold,hold,-1.6208,,,,-2.4807,-0.7609,,,12,0.9231,1.4581,0.0649,17.3986,203.2897,,1,0.0,3,1.0
833,27.7667,0,hold,hold,-2.8079,,,,-4.6611,-0.9546,,,10,0.9091,1.1059,0.0855,18.8233,185.9199,,1,0.0,3,1.0
834,27.8,0,hold,hold,-3.3501,,,,-5.7909,-0.9092,,,10,1.0,1.6641,0.0779,15.9313,219.7985,,1,0.0,3,1.0
835,27.8333,0,hold,hold,-3.17,,,,-5.3926,-0.9475,,,8,0.8,0.7397,0.0568,15.5055,168.5819,,1,0.0,3,1.0
836,27.8667,0,hold,hold,-1.7842,,,,-3.4102,-0.1582,,,9,0.8182,0.9586,0.0449,15.4288,185.2722,,1,0.0,3,1.0
837,27.9,0,hold,hold,-2.3797,,,,-3.6624,-1.097,,,11,1.0,1.4743,0.0225,16.6101,235.6029,,1,0.0,3,1.0
838,27.9333,0,hold,hold,-1.6752,,,,-2.319,-1.0313,,,13,1.0,2.3264,0.0572,12.9619,235.2093,,1,0.0,3,1.0
839,27.9667,0,hold,hold,-1.2838,,,,-2.9225,0.3548,,,14,1.0,1.8609,0.0457,11.9042,235.2468,,1,0.0,3,1.0
840,28.0,0,hold,hold,-1.4944,,,,-2.8028,-0.186,,,13,0.9286,1.1811,0.0358,12.6296,201.078,,1,0.0,4,1.0
841,28.0333,1,track,,-0.8001,-0.0462,0.3704,,-0.5901,-1.0254,-1.1671,-0.9085,11,0.7857,0.3985,0.0076,12.679,216.7711,43.0732,1,0.7426,4,1.0
842,28.0667,0,hold,hold,-0.8077,,,,-0.5901,-1.0254,,,14,0.9333,1.1163,0.0049,12.6444,215.5362,,1,0.0,4,1.0
843,28.1,0,hold,hold,-0.8936,,,,-0.7537,-1.0334,,,11,0.9167,1.0165,0.0179,13.242,181.7721,,1,0.0,4,1.0
844,28.1333,0,hold,hold,-1.5594,,,,-2.0705,-1.0483,,,13,1.0,1.7998,0.0173,13.1644,198.2971,,1,0.0,4,1.0
845,28.1667,0,hold,hold,-1.5549,,,,-2.0492,-1.0605,,,12,0.9231,1.3651,0.0082,12.7866,182.0051,,1,0.0,4,1.0
846,28.2,0,hold,hold,-0.8597,,,,-0.6248,-1.0945,,,4,0.3333,0.0415,0.0149,11.5362,182.5091,,1,0.0,4,1.0
847,28.2333,0,hold,hold,-0.5734,,,,-0.1467,-1.0001,,,7,0.5833,0.2303,0.0287,12.7837,149.6269,,1,0.0,4,1.0
848,28.2667,0,hold,hold,-0.3168,,,,0.5044,-1.1381,,,11,1.0,1.524,0.0216,11.8038,199.6308,,1,0.0,4,1.0
849,28.3,0,hold,hold,-0.4412,,,,0.178,-1.0604,,,12,0.9231,0.8912,0.0243,12.6971,216.6302,,1,0.0,4,1.0
850,28.3333,0,hold,hold,-0.3741,,,,0.3219,-1.0701,,,7,0.5833,0.3353,0.0182,11.9589,183.5,,1,0.0,4,1.0
851,28.3667,0,hold,hold,-0.4704,,,,0.0496,-0.9904,,,6,0.4615,0.111,0.0242,12.8927,184.0019,,1,0.0,4,1.0
852,28.4,0,hold,hold,-0.2828,,,,0.41,-0.9756,,,7,0.5385,0.1434,0.018,13.1438,184.2586,,1,0.0,4,1.0
853,28.4333,0,hold,hold,-0.5437,,,,-0.0279,-1.0596,,,8,0.6667,0.1795,0.0276,13.5062,202.5038,,1,0.0,4,1.0
854,28.4667,0,hold,hold,-0.3492,,,,0.4423,-1.1406,,,12,0.9231,1.3862,0.0113,16.1129,204.0011,,1,0.0,3,1.0
855,28.5,0,hold,hold,-0.0034,,,,0.3212,-0.3281,,,12,1.0,2.246,0.0069,16.6234,205.5097,,1,0.0,3,1.0
856,28.5333,0,hold,hold,-0.6939,,,,-0.4966,-0.8913,,,12,1.0,1.3227,0.0055,16.1683,206.5482,,1,0.0,3,1.0
857,28.5667,0,hold,hold,-1.374,,,,-1.2159,-1.5321,,,9,0.6923,0.2885,0.0217,14.327,190.1531,,1,0.0,3,1.0
858,28.6,0,hold,hold,-2.299,,,,-2.9184,-1.6796,,,13,1.0,1.6256,0.0088,16.6038,208.0335,,1,0.0,3,1.0
859,28.6333,0,hold,hold,-1.3655,,,,-1.6175,-1.1135,,,8,0.5714,0.3224,0.028,18.7055,191.0011,,1,0.0,3,1.0
860,28.6667,0,hold,hold,-0.3472,,,,0.4552,-1.1495,,,12,1.0,1.4419,0.0134,18.1031,191.3864,,1,0.0,3,1.0
861,28.7,0,hold,hold,-1.5406,,,,-1.9234,-1.1579,,,13,1.0,2.2895,0.0066,17.8435,209.5034,,1,0.0,3,1.0
862,28.7333,0,hold,hold,0.15,,,,0.3392,-0.0392,,,13,1.0,1.5347,0.0,15.7952,210.1988,,1,0.0,3,1.0
863,28.7667,0,hold,hold,-1.2491,,,,-1.2497,-1.2484,,,12,1.0,1.4364,0.0031,17.1145,193.0227,,1,0.0,3,1.0
864,28.8,0,hold,hold,-1.2084,,,,-1.1189,-1.2979,,,12,1.0,1.4275,0.0023,17.0107,193.6667,,1,0.0,3,1.0
865,28.8333,0,hold,hold,-0.1941,,,,-0.1292,-0.259,,,11,1.0,2.4224,0.0135,16.9763,175.8353,,1,0.0,3,1.0
866,28.8667,0,hold,hold,-0.8705,,,,-1.2568,-0.4841,,,5,0.4167,0.1054,0.0019,13.7131,158.0065,,1,0.0,4,1.0
867,28.9,0,hold,hold,0.29,,,,0.2365,0.3435,,,13,1.0,1.9203,0.0193,16.4218,210.2781,,1,0.0,4,1.0
868,28.9333,0,hold,hold,-1.6769,,,,-2.2289,-1.1249,,,13,1.0,2.1974,0.0294,15.7245,210.043,,1,0.0,4,1.0
869,28.9667,0,hold,hold,-2.0384,,,,-2.8789,-1.1979,,,13,1.0,1.9568,0.006,17.1431,210.051,,1,0.0,4,1.0
870,29.0,0,hold,hold,-1.3977,,,,-1.5692,-1.2263,,,12,1.0,2.2763,0.0122,17.1229,192.5063,,1,0.0,4,1.0
871,29.0333,0,hold,hold,-0.6382,,,,-0.9872,-0.2892,,,12,1.0,2.3262,0.0015,17.1854,192.2712,,1,0.0,4,1.0
872,29.0667,0,hold,hold,-1.4005,,,,-1.3574,-1.4436,,,13,1.0,2.1974,0.0374,15.7596,209.5566,,1,0.0,4,1.0
873,29.1,0,hold,hold,-2.3007,,,,-3.3703,-1.2311,,,12,1.0,2.0767,0.0168,16.2801,209.5545,,1,0.0,4,1.0
874,29.1333,0,hold,hold,-1.6804,,,,-2.1601,-1.2008,,,11,0.9167,1.6363,0.0386,14.4037,191.2602,,1,0.0,4,1.0
875,29.1667,0,hold,hold,-0.6857,,,,-1.7904,0.4189,,,12,0.9231,1.5261,0.0108,13.9348,208.0267,,1,0.0,4,1.0
876,29.2,0,hold,hold,-1.0058,,,,-0.6974,-1.3141,,,10,1.0,1.3122,0.0127,13.9321,189.7643,,1,0.0,4,1.0
877,29.2333,0,hold,hold,-0.979,,,,-0.616,-1.3419,,,10,1.0,1.5405,0.006,14.4385,172.5216,,1,0.0,4,1.0
878,29.2667,0,hold,hold,-1.3334,,,,-1.5051,-1.1617,,,6,0.6667,0.4247,0.0517,15.115,120.5137,,1,0.0,4,1.0
879,29.3,0,hold,hold,0.7104,,,,-0.7703,2.191,,,6,0.5455,0.1177,0.02,18.2091,137.5115,,1,0.0,4,1.0
880,29.3333,0,hold,hold,0.7398,,,,0.1665,1.3131,,,7,0.6364,0.4417,0.0121,14.9461,172.2548,,1,0.0,4,1.0
881,29.3667,1,track,,-0.4723,-0.1953,0.2213,,-0.4599,-0.9123,-0.3899,0.0,8,0.8889,0.6431,0.0079,14.5167,155.2553,42.1016,1,0.7512,4,1.0
882,29.4,0,hold,hold,-0.6861,,,,-0.4599,-0.9123,,,10,1.0,1.8782,0.0241,14.7182,156.1293,,1,0.0,4,1.0
883,29.4333,0,hold,hold,0.4255,,,,-0.2659,1.1169,,,12,1.0,2.3684,0.0185,14.1751,190.637,,1,0.0,4,1.0
884,29.4667,0,hold,hold,-0.786,,,,-1.3155,-0.2565,,,12,1.0,2.2921,0.0068,14.0521,190.511,,1,0.0,4,1.0
885,29.5,1,track,,-0.4166,-0.2825,0.1341,,-0.3578,-0.4817,-0.1715,0.0,7,0.6364,0.4559,0.0022,14.0825,155.6291,38.6981,1,0.6515,4,1.0
886,29.5333,0,hold,hold,-0.4197,,,,-0.3578,-0.4817,,,10,1.0,1.4417,0.0102,13.6859,172.5032,,1,0.0,4,1.0
887,29.5667,0,hold,hold,-0.8077,,,,-0.515,-1.1004,,,10,1.0,1.9184,0.0344,13.2231,172.5136,,1,0.0,4,1.0
888,29.6,0,hold,hold,-0.7201,,,,-1.7044,0.2642,,,12,1.0,2.3042,0.0056,13.1429,189.5262,,1,0.0,4,1.0
889,29.6333,0,hold,hold,-1.4875,,,,-1.6485,-1.3264,,,6,0.5455,0.1684,0.0148,14.2793,137.2527,,1,0.0,4,1.0
890,29.6667,0,hold,hold,-0.3029,,,,-0.7263,0.1204,,,10,0.9091,1.3252,0.0079,13.4469,154.25,,1,0.0,4,1.0
891,29.7,0,,tracker_gate,,,,,,,,,0,0.0,,,,,,0,0.0,1,0.0
892,29.7333,0,,tracker_gate,,,,,,,,,0,0.0,,,,,,0,0.0,1,0.0
893,29.7667,0,hold,hold,-0.2772,,,,-0.0506,-0.5037,,,11,1.0,1.516,0.0032,11.4283,172.2563,,1,0.0,4,0.2734
894,29.8,0,hold,hold,-0.9512,,,,-0.8604,-1.042,,,11,1.0,1.359,0.0047,13.6401,174.131,,1,0.0,4,0.3836
895,29.8333,0,hold,hold,-0.9009,,,,-0.766,-1.0357,,,11,1.0,1.1571,0.0022,15.0707,176.3442,,1,0.0,3,0.5222
896,29.8667,0,hold,hold,-1.0632,,,,-1.1264,-1.0001,,,8,0.6667,0.3915,0.0197,17.0409,196.4208,,1,0.0,3,0.5132
897,29.9,0,hold,hold,-1.6342,,,,-2.1992,-1.0691,,,11,1.0,1.5821,0.0054,16.9113,180.3653,,1,0.0,3,1.0
898,29.9333,0,hold,hold,-0.8231,,,,-0.6687,-0.9775,,,12,1.0,1.5909,0.0038,17.5256,215.3979,,1,0.0,3,1.0
899,29.9667,0,hold,hold,-1.5197,,,,-1.4099,-1.6295,,,5,0.4545,0.2332,0.0099,16.4517,124.0007,,1,0.0,3,1.0
900,30.0,0,hold,hold,0.1853,,,,-0.0972,0.4678,,,11,1.0,1.9606,0.0101,16.3438,175.0091,,1,0.0,4,1.0
901,30.0333,0,hold,hold,-0.6513,,,,-0.3612,-0.9414,,,10,1.0,2.5117,0.0244,16.3279,155.5003,,1,0.0,4,1.0
902,30.0667,1,track,,-0.7098,-0.4321,-0.0155,,-0.3375,-0.944,0.152,0.0,6,0.6,0.226,0.0106,16.3327,154.0118,42.758,1,0.5602,4,1.0
903,30.1,0,hold,hold,-0.6407,,,,-0.3375,-0.944,,,9,0.9,0.6955,0.0145,12.7533,153.0235,,1,0.0,4,1.0
904,30.1333,0,hold,hold,-1.0048,,,,-1.4196,-0.59,,,10,1.0,1.1282,0.0177,14.068,152.2527,,1,0.0,4,1.0
905,30.1667,1,track,,-0.7551,-0.5372,-0.1206,,-0.6573,-0.9357,0.4498,0.0,10,0.9091,0.8722,0.0049,14.7155,168.6396,41.1884,1,0.6934,4,1.0
906,30.2,0,hold,hold,-0.7965,,,,-0.6573,-0.9357,,,10,0.9091,0.7794,0.0229,13.3639,168.1364,,1,0.0,4,1.0
907,30.2333,0,hold,hold,-0.3362,,,,-0.9928,0.3203,,,10,0.9091,1.0068,0.0035,13.3273,167.7667,,1,0.0,4,1.0
908,30.2667,1,track,,-0.0932,-0.4976,-0.081,,-0.2571,0.0707,-0.2031,0.0,9,0.9,0.8515,0.0057,13.3032,151.0002,39.4398,1,0.7501,4,1.0
909,30.3,0,hold,hold,-0.0932,,,,-0.2571,0.0707,,,11,1.0,1.4741,0.0106,10.7305,167.501,,1,0.0,4,1.0
910,30.3333,0,hold,hold,-0.4574,,,,-0.7618,-0.153,,,9,0.9,0.787,0.0283,12.8902,151.2526,,1,0.0,4,1.0
911,30.3667,0,hold,hold,-0.4078,,,,-1.2179,0.4024,,,9,0.9,0.5307,0.0291,13.0239,151.6288,,1,0.0,4,1.0
912,30.4,0,hold,hold,-0.3915,,,,-1.2259,0.4429,,,11,1.0,1.5289,0.0037,11.3554,168.3767,,1,0.0,4,1.0
913,30.4333,1,track,,0.8045,-0.0419,0.3747,,1.097,0.5119,-0.7346,-2.4599,8,0.7273,0.4481,0.0102,10.8656,151.3899,38.1883,1,0.5824,4,1.0
914,30.4667,1,track,,0.7252,0.2405,0.6571,8.4706,0.9446,0.5057,-0.9408,-2.3234,8,0.7273,0.4405,0.0077,10.468,150.7621,38.183,1,0.5911,4,1.0
915,30.5,0,hold,hold,0.7252,,,,0.9446,0.5057,,,10,0.9091,1.2806,0.0004,12.1795,167.2516,,1,0.0,4,1.0
916,30.5333,0,hold,hold,-0.8279,,,,-0.839,-0.8168,,,10,1.0,1.4147,0.0027,11.5116,150.2706,,1,0.0,4,1.0
917,30.5667,1,track,,0.6023,0.4101,0.8267,,0.0679,0.5479,-0.8537,-2.1973,9,1.0,0.9792,0.0084,10.9874,133.2574,38.6598,1,0.678,4,1.0
918,30.6,0,hold,hold,0.3079,,,,0.0679,0.5479,,,5,0.5,0.1141,0.0022,10.5924,99.8897,,1,0.0,4,1.0
919,30.6333,0,hold,hold,0.9845,,,,1.0484,0.9207,,,11,1.0,1.3943,0.0231,10.9221,182.9085,,1,0.0,4,1.0
920,30.6667,0,hold,hold,1.1272,,,,1.7879,0.4665,,,10,0.9091,0.8198,0.0201,10.9203,149.6679,,1,0.0,4,1.0
921,30.7,0,hold,hold,1.37,,,,1.9462,0.7938,,,7,0.5833,0.2197,0.054,12.4168,132.8892,,1,0.0,4,1.0
922,30.7333,0,hold,hold,0.7408,,,,2.2863,-0.8048,,,5,0.4545,0.0869,0.0223,12.5724,116.377,,1,0.0,4,1.0
923,30.7667,0,hold,hold,0.3327,,,,0.9704,-0.305,,,10,0.9091,0.792,0.0199,12.5113,182.7641,,1,0.0,4,1.0
924,30.8,0,hold,hold,-1.2133,,,,-1.7817,-0.6449,,,11,0.7857,0.563,0.0203,14.2554,199.1258,,1,0.0,4,1.0
925,30.8333,0,hold,hold,-0.1605,,,,0.4222,-0.7431,,,11,0.9167,0.8667,0.0213,10.8199,166.1529,,1,0.0,4,1.0
926,30.8667,0,hold,hold,1.0454,,,,1.6567,0.4342,,,10,1.0,0.608,0.0338,11.1174,166.2681,,1,0.0,4,1.0
927,30.9,0,hold,hold,0.3815,,,,1.3507,-0.5878,,,12,1.0,1.3111,0.0083,12.1688,183.2538,,1,0.0,4,1.0
928,30.9333,0,hold,hold,-0.5661,,,,-0.8052,-0.327,,,6,0.4615,0.1439,0.0294,11.6822,150.2553,,1,0.0,4,1.0
929,30.9667,0,hold,hold,-0.437,,,,-1.2786,0.4046,,,5,0.5,0.2901,0.0063,12.7369,167.0255,,1,0.0,4,1.0
930,31.0,0,hold,hold,-0.9987,,,,-1.1786,-0.8188,,,8,0.7273,0.4643,0.0203,12.4754,184.0422,,1,0.0,4,1.0
931,31.0333,0,hold,hold,-1.2934,,,,-1.8746,-0.7121,,,4,0.4,0.1648,0.0064,12.5011,167.5209,,1,0.0,4,1.0
932,31.0667,1,track,,0.5311,0.4524,0.8691,,0.3875,0.6746,0.2162,-0.9414,6,0.6,0.162,0.005,10.9782,134.0058,36.2652,1,0.6422,4,1.0
933,31.1,0,hold,hold,0.5311,,,,0.3875,0.6746,,,8,0.8,0.4997,0.0166,11.9562,167.5199,,1,0.0,4,1.0
934,31.1333,0,hold,hold,-1.0399,,,,-1.5162,-0.5636,,,9,0.8182,0.7709,0.0145,12.0535,151.001,,1,0.0,4,1.0
935,31.1667,0,hold,hold,0.2118,,,,-0.2044,0.628,,,7,0.7,0.3153,0.0124,12.4686,117.7538,,1,0.0,4,1.0
936,31.2,0,hold,hold,-0.8457,,,,-1.1999,-0.4915,,,9,0.8182,0.5795,0.0123,12.2548,151.5015,,1,0.0,4,1.0
937,31.2333,0,hold,hold,0.2542,,,,-0.0992,0.6076,,,8,0.8,0.471,0.0154,12.6759,134.7662,,1,0.0,4,1.0
938,31.2667,0,hold,hold,1.0189,,,,1.461,0.5768,,,4,0.4,0.0348,0.0155,12.4016,135.0184,,1,0.0,4,1.0
939,31.3,1,track,,0.9352,0.6214,1.038,,1.2217,0.6486,0.3695,-1.8912,7,0.7,0.4284,0.01,12.4614,135.268,35.4681,1,0.6211,4,1.0
940,31.3333,1,track,,0.6932,0.6889,1.1055,2.0244,0.499,0.9508,0.5281,-1.752,8,0.8,0.5866,0.0079,12.5667,135.2599,35.325,1,0.7058,4,1.0
941,31.3667,1,track,,0.5564,0.6904,1.107,0.0455,0.4457,0.6671,0.1865,-2.3014,8,0.8889,0.6713,0.0039,12.5106,135.7564,35.2444,1,0.7526,4,1.0
942,31.4,0,hold,hold,0.5564,,,,0.4457,0.6671,,,7,0.7,0.2851,0.0207,12.4241,119.0004,,1,0.0,4,1.0
943,31.4333,1,track,,0.591,0.6735,1.0901,,0.5057,0.6763,-0.0381,-2.707,9,0.8182,0.7178,0.003,12.5431,149.508,35.9247,1,0.7094,4,1.0
944,31.4667,0,hold,hold,0.591,,,,0.5057,0.6763,,,11,1.0,1.5596,0.0151,12.4382,161.1279,,1,0.0,4,1.0
945,31.5,0,hold,hold,0.1093,,,,0.5422,-0.3236,,,11,0.9167,0.7546,0.0234,12.9645,156.3801,,1,0.0,4,1.0
946,31.5333,0,hold,hold,0.4775,,,,1.1469,-0.1918,,,8,0.6154,0.1774,0.0434,12.6846,153.6441,,1,0.0,4,1.0
947,31.5667,0,hold,hold,0.9021,,,,2.1462,-0.3421,,,8,0.6667,0.1792,0.0442,12.8677,152.5188,,1,0.0,4,1.0
948,31.6,0,hold,hold,0.8988,,,,2.1654,-0.3678,,,13,1.0,1.2024,0.0049,12.0191,186.5059,,1,0.0,4,1.0
949,31.6333,0,hold,hold,-0.3602,,,,-0.2201,-0.5003,,,10,1.0,0.9517,0.0186,13.9083,143.7605,,1,0.0,4,1.0
950,31.6667,1,track,,0.0046,0.4394,0.856,,-0.7409,-0.2986,-0.562,-2.8421,11,1.0,0.9968,0.0077,12.8281,163.625,38.1995,1,0.7478,4,1.0
951,31.7,1,track,,-0.8118,0.1443,0.5609,-8.8512,-0.9206,-0.2389,-0.189,-2.6943,11,0.9167,0.9865,0.0119,13.2439,183.3934,38.4868,1,0.6734,4,1.0
952,31.7333,0,hold,hold,-0.5798,,,,-0.9206,-0.2389,,,6,0.5,0.1284,0.0145,15.1756,152.001,,1,0.0,4,1.0
953,31.7667,0,hold,hold,0.1901,,,,0.6064,-0.2261,,,6,0.5,0.0897,0.0108,15.2559,153.0002,,1,0.0,4,1.0
954,31.8,0,hold,hold,0.1144,,,,0.4238,-0.195,,,6,0.5,0.1788,0.0099,15.1201,153.0014,,1,0.0,4,1.0
955,31.8333,0,hold,hold,0.1332,,,,0.416,-0.1497,,,4,0.3333,0.0377,0.0145,15.1544,152.0013,,1,0.0,4,1.0
956,31.8667,1,track,,-0.3471,-0.0277,0.3889,,-0.2988,-0.3521,0.6384,-2.5658,7,0.5833,0.0828,0.0009,15.3133,164.503,40.683,1,0.6426,4,1.0
957,31.9,1,track,,0.2769,-0.0303,0.3863,-0.0781,0.246,-0.0584,1.0543,-2.688,12,0.9231,0.9707,0.0053,15.1021,175.377,41.048,1,0.7104,4,1.0
958,31.9333,0,hold,hold,0.0938,,,,0.246,-0.0584,,,12,1.0,1.1023,0.0106,14.359,169.0015,,1,0.0,4,1.0
959,31.9667,0,hold,hold,0.308,,,,0.6113,0.0047,,,14,1.0,1.4543,0.0023,14.453,193.3763,,1,0.0,4,1.0
960,32.0,0,hold,hold,-0.1343,,,,-0.069,-0.1997,,,13,1.0,1.4458,0.0134,13.4091,174.5007,,1,0.0,4,1.0
961,32.0333,0,hold,hold,-0.3641,,,,-0.7482,0.0201,,,12,0.9231,1.2476,0.0093,15.0979,157.7717,,1,0.0,4,1.0
962,32.0667,0,hold,hold,0.4784,,,,0.7438,0.2129,,,13,0.9286,1.1428,0.0002,14.4764,185.2562,,1,0.0,4,1.0
963,32.1,0,hold,hold,0.1311,,,,0.1255,0.1367,,,11,0.7857,0.7771,0.0145,12.7082,170.266,,1,0.0,4,1.0
964,32.1333,0,hold,hold,0.4373,,,,0.8519,0.0227,,,13,1.0,1.6015,0.0037,14.2986,170.0069,,1,0.0,4,1.0
965,32.1667,0,hold,hold,0.7773,,,,0.6703,0.8843,,,14,1.0,1.6493,0.0037,13.6332,184.006,,1,0.0,4,1.0
966,32.2,0,hold,hold,0.5007,,,,0.6079,0.3934,,,14,1.0,1.5728,0.0021,13.1011,183.6274,,1,0.0,4,1.0
967,32.2333,0,hold,hold,0.3345,,,,0.2747,0.3943,,,14,1.0,1.4276,0.0058,13.0973,183.626,,1,0.0,4,1.0
968,32.2667,0,hold,hold,0.2152,,,,0.0483,0.3822,,,14,1.0,1.5322,0.0051,13.9516,183.5075,,1,0.0,4,1.0
969,32.3,1,track,,0.8005,0.2605,0.6771,,0.9065,0.398,1.9666,-2.5418,12,0.8571,0.9421,0.0089,13.225,168.5164,38.753,1,0.6304,4,1.0
970,32.3333,0,hold,hold,0.6523,,,,0.9065,0.398,,,12,1.0,1.334,0.0171,13.5989,153.7786,,1,0.0,4,1.0
971,32.3667,0,hold,hold,1.1244,,,,1.6152,0.6336,,,6,0.5,0.0857,0.042,13.0274,111.2585,,1,0.0,4,1.0
972,32.4,1,track,,1.0984,0.5016,0.9182,,1.4082,0.7885,2.044,-2.2693,8,0.6667,0.2019,0.0108,12.6017,152.528,37.7414,1,0.6255,4,1.0
973,32.4333,1,track,,0.8102,0.6096,1.0262,3.2397,0.9746,0.6457,2.0935,-2.5418,11,0.9167,0.6833,0.0057,11.0794,152.0152,37.4592,1,0.7184,4,1.0
974,32.4667,1,track,,0.7993,0.6798,1.0964,2.1058,1.2655,0.6498,2.0533,-2.5478,11,0.9167,0.6011,0.0107,10.7624,151.2647,37.2753,1,0.7027,4,1.0
975,32.5,0,hold,hold,0.9576,,,,1.2655,0.6498,,,11,0.9167,0.7009,0.0123,11.5781,151.0042,,1,0.0,4,1.0
976,32.5333,0,hold,hold,0.4584,,,,0.8114,0.1054,,,11,0.9167,0.8177,0.0285,12.0874,149.8884,,1,0.0,4,1.0
977,32.5667,1,track,,0.6197,0.7216,1.1382,,0.9963,0.9724,1.6106,-2.6754,11,0.9167,0.9383,0.0004,11.4646,148.5087,37.2425,1,0.7287,4,1.0
978,32.6,0,hold,hold,0.9843,,,,0.9963,0.9724,,,13,1.0,1.4078,0.0016,11.8252,159.0232,,1,0.0,4,1.0
979,32.6333,0,hold,hold,1.0608,,,,1.1062,1.0154,,,11,0.9167,1.1788,0.0099,11.9613,156.0022,,1,0.0,4,1.0
980,32.6667,1,track,,0.1086,0.5965,1.0131,,0.549,0.8053,0.6941,-2.9357,9,0.75,0.4712,0.0045,13.2963,152.5003,37.1951,1,0.7062,4,1.0
981,32.7,1,track,,0.1619,0.4444,0.861,-4.563,0.0298,0.2941,0.6792,-3.076,10,0.7692,0.288,0.0046,12.7772,149.0006,37.1152,1,0.7605,4,1.0
982,32.7333,1,track,,0.338,0.3455,0.7621,-2.966,0.1978,0.4781,0.773,-3.0689,11,0.8462,0.6079,0.0049,11.9254,158.7528,37.0086,1,0.7536,4,1.0
983,32.7667,0,hold,hold,0.338,,,,0.1978,0.4781,,,13,1.0,1.3101,0.0053,10.9429,155.7603,,1,0.0,4,1.0
984,32.8,1,track,,0.3143,0.3079,0.7246,,0.2693,-0.0179,2.3391,-3.8141,7,0.6364,0.2419,0.005,13.3638,106.0016,36.9299,1,0.5507,4,1.0
985,32.8333,0,hold,hold,0.1257,,,,0.2693,-0.0179,,,9,0.8182,0.5313,0.0121,13.2358,117.5066,,1,0.0,4,1.0
986,32.8667,0,hold,hold,0.7586,,,,0.411,1.1063,,,11,1.0,1.3378,0.0213,12.7573,117.5236,,1,0.0,4,1.0
987,32.9,0,hold,hold,0.597,,,,1.2082,-0.0141,,,9,0.8182,0.7117,0.0426,11.7497,106.0251,,1,0.0,4,1.0
988,32.9333,0,hold,hold,1.2698,,,,2.4888,0.0508,,,7,0.7,0.4469,0.0397,9.746,106.5365,,1,0.0,4,1.0
989,32.9667,0,hold,hold,1.1083,,,,2.2437,-0.027,,,10,1.0,0.8774,0.0421,11.9545,106.8101,,1,0.0,4,1.0
990,33.0,0,,tracker_gate,,,,,,,,,0,0.0,,,,,,0,0.0,1,0.0
991,33.0333,0,hold,hold,1.2333,,,,2.4374,0.0291,,,5,0.5,0.1038,0.0012,15.5325,86.2502,,1,0.0,4,1.0
992,33.0667,0,hold,hold,0.122,,,,0.1563,0.0878,,,11,0.7333,0.4755,0.0187,15.4798,176.7713,,1,0.0,4,1.0
993,33.1,0,hold,hold,0.7539,,,,1.2882,0.2197,,,6,0.4286,0.0485,0.0328,15.5216,167.0047,,1,0.0,4,1.0
994,33.1333,0,,tracker_gate,,,,,,,,,0,0.0,,,,,,0,0.0,1,0.0
995,33.1667,0,,tracker_gate,,,,,,,,,0,0.0,,,,,,0,0.0,1,0.0
996,33.2,0,,tracker_gate,,,,,,,,,0,0.0,,,,,,0,0.0,1,0.0
997,33.2333,0,hold,hold,0.4282,,,,1.3676,-0.5111,,,7,0.4667,0.1106,0.0095,15.0807,144.2658,,1,0.0,4,1.0
998,33.2667,1,track,,0.6913,0.4421,0.8587,,0.6682,0.2987,1.6338,-4.3284,9,0.6923,0.5563,0.0065,15.3523,182.8883,39.9067,1,0.6238,4,1.0
999,33.3,0,hold,hold,0.4835,,,,0.6682,0.2987,,,13,0.9286,1.4299,0.0225,13.8624,182.2146,,1,0.0,4,1.0
1000,33.3333,0,hold,hold,1.1686,,,,1.812,0.5252,,,4,0.3636,0.0724,0.0109,13.8938,77.3783,,1,0.0,4,1.0
1001,33.3667,1,track,,0.5455,0.5038,0.9204,,0.1438,0.7134,1.7283,-3.5061,13,0.9286,0.905,0.0099,12.3335,165.7575,37.9875,1,0.6685,4,1.0
1002,33.4,0,hold,hold,0.4286,,,,0.1438,0.7134,,,12,0.9231,0.8593,0.017,11.0706,151.0001,,1,0.0,4,1.0
1003,33.4333,1,track,,0.266,0.4695,0.8861,,-0.0517,0.6098,1.9045,-3.5526,13,0.9286,0.8108,0.0115,10.8828,161.5017,37.0958,1,0.6438,4,1.0
1004,33.4667,1,track,,0.582,0.4961,0.9127,0.7984,0.552,0.7077,2.1474,-3.2083,13,0.8667,0.8131,0.0027,10.3199,171.8839,36.7734,1,0.6691,4,1.0
1005,33.5,1,track,,0.5472,0.5137,0.9303,0.5278,0.4121,0.6824,1.5567,-3.3067,12,0.8571,0.842,0.0047,9.4433,158.2572,36.7204,1,0.6835,4,1.0
1006,33.5333,1,track,,0.5982,0.5315,0.9482,0.5347,0.472,0.7174,0.4928,-3.6578,12,0.8,0.497,0.0043,10.1833,169.3842,36.7146,1,0.7723,4,1.0
1007,33.5667,0,hold,hold,0.5947,,,,0.472,0.7174,,,11,0.7333,0.3288,0.0342,12.0057,144.625,,1,0.0,4,1.0
1008,33.6,0,hold,hold,-0.0473,,,,-1.0257,0.9311,,,10,0.6667,0.3937,0.0348,11.517,144.1251,,1,0.0,4,1.0
1009,33.6333,0,hold,hold,-0.0164,,,,-1.0121,0.9794,,,10,0.6667,0.3345,0.0359,11.6165,144.0,,1,0.0,4,1.0
1010,33.6667,0,hold,hold,-0.0309,,,,-1.0597,0.998,,,8,0.5333,0.1678,0.0126,11.399,120.0127,,1,0.0,4,1.0
1011,33.7,0,hold,hold,0.8322,,,,0.4705,1.1939,,,11,0.7333,0.4036,0.0291,11.3777,144.0035,,1,0.0,4,1.0
1012,33.7333,0,hold,hold,0.1819,,,,-0.6512,1.015,,,11,0.7333,0.432,0.0185,10.8426,144.0126,,1,0.0,4,1.0
1013,33.7667,0,hold,hold,0.581,,,,0.0508,1.1112,,,12,0.8,0.6564,0.0256,11.6768,144.0124,,1,0.0,4,1.0
1014,33.8,0,hold,hold,0.4547,,,,-0.2791,1.1885,,,12,0.8,0.606,0.0278,11.4895,144.0144,,1,0.0,4,1.0
1015,33.8333,1,track,,1.2699,0.7899,1.2066,,1.3274,1.1769,0.5435,-5.1104,12,0.8,0.8709,0.0026,10.8121,144.0354,36.7507,1,0.6789,4,1.0
1016,33.8667,1,track,,1.22,0.9492,1.3658,4.7775,1.2416,1.1623,0.6131,-5.0694,12,0.8,0.671,0.0014,11.5502,144.0327,36.9312,1,0.7279,4,1.0
1017,33.9,1,track,,1.103,1.044,1.4606,2.8438,0.9164,1.24,0.7664,-5.0291,11,0.7333,0.3889,0.0056,12.136,144.0267,37.114,1,0.7293,4,1.0
1018,33.9333,1,track,,0.748,1.0851,1.5017,1.234,1.0231,1.2934,0.6033,-4.6859,12,0.75,0.5468,0.0047,12.1976,179.8903,37.3107,1,0.7308,4,1.0
1019,33.9667,1,track,,0.8399,1.0914,1.508,0.1876,1.1134,1.3192,2.7706,-4.6859,13,0.8125,0.6252,0.0036,12.9859,179.6443,37.4787,1,0.6405,4,1.0
1020,34.0,0,hold,hold,1.2163,,,,1.1134,1.3192,,,12,0.8,0.5696,0.0132,12.2009,143.3228,,1,0.0,4,1.0
1021,34.0333,1,track,,1.5443,1.0494,1.466,,1.7103,1.3782,0.7049,-4.6106,12,0.8,0.7565,0.0058,12.231,143.177,37.9432,1,0.6706,4,1.0
1022,34.0667,0,hold,hold,1.5443,,,,1.7103,1.3782,,,16,1.0,1.6378,0.0063,12.5709,178.6357,,1,0.0,4,1.0
1023,34.1,0,hold,hold,0.728,,,,0.5488,0.9072,,,16,1.0,1.8453,0.0053,12.5785,178.6335,,1,0.0,4,1.0
1024,34.1333,0,hold,hold,0.4551,,,,0.6084,0.3019,,,16,1.0,1.4655,0.0098,12.5487,178.3794,,1,0.0,4,1.0
1025,34.1667,0,hold,hold,0.3021,,,,0.0217,0.5826,,,16,1.0,2.0039,0.007,12.3852,178.1264,,1,0.0,4,1.0
1026,34.2,0,hold,hold,0.1191,,,,-0.0828,0.3209,,,16,1.0,1.5169,0.0218,12.7181,177.8785,,1,0.0,4,1.0
1027,34.2333,0,hold,hold,-0.0359,,,,-0.6614,0.5896,,,13,0.8125,1.0199,0.0155,13.5817,177.6285,,1,0.0,4,1.0
1028,34.2667,1,track,,0.048,0.6989,1.1155,,0.1489,0.0058,0.9626,-4.7245,12,0.75,0.7092,0.0025,12.856,177.6251,38.752,1,0.6663,4,1.0
1029,34.3,0,hold,hold,0.0774,,,,0.1489,0.0058,,,13,0.8125,0.6053,0.0253,14.2833,165.6392,,1,0.0,4,1.0
1030,34.3333,0,hold,hold,0.6077,,,,-0.1173,1.3327,,,16,1.0,1.5699,0.0026,12.8054,177.3755,,1,0.0,4,1.0
1031,34.3667,0,hold,hold,0.18,,,,0.1063,0.2537,,,11,0.6875,0.6094,0.0142,13.687,177.627,,1,0.0,4,1.0
1032,34.4,0,hold,hold,0.6399,,,,0.2345,1.0454,,,16,1.0,1.6642,0.0085,12.4323,177.8766,,1,0.0,4,1.0
1033,34.4333,0,hold,hold,0.3046,,,,0.0608,0.5484,,,14,0.875,0.7965,0.0255,12.7479,166.5133,,1,0.0,4,1.0
1034,34.4667,0,hold,hold,0.5527,,,,-0.1775,1.283,,,15,1.0,1.4025,0.0149,13.5566,178.6302,,1,0.0,4,1.0
1035,34.5,0,hold,hold,0.8303,,,,0.4048,1.2557,,,16,1.0,1.3176,0.001,13.119,178.8775,,1,0.0,4,1.0
1036,34.5333,0,hold,hold,0.3032,,,,0.3312,0.2752,,,16,1.0,1.4478,0.0132,14.2744,179.1305,,1,0.0,4,1.0
1037,34.5667,0,hold,hold,0.3258,,,,0.7034,-0.0517,,,15,0.9375,1.0553,0.0118,15.1122,179.1287,,1,0.0,4,1.0
1038,34.6,0,hold,hold,0.3669,,,,0.7049,0.0288,,,15,0.9375,1.2913,0.0129,15.5192,179.1412,,1,0.0,4,1.0
1039,34.6333,0,hold,hold,1.2353,,,,0.8666,1.6041,,,16,1.0,1.6171,0.0139,14.7765,178.8812,,1,0.0,4,1.0
1040,34.6667,0,hold,hold,0.5055,,,,0.9036,0.1073,,,12,0.8,0.8606,0.0147,15.4936,166.7684,,1,0.0,4,1.0
1041,34.7,0,hold,hold,1.0415,,,,0.6194,1.4637,,,14,0.875,1.0409,0.025,15.1653,178.375,,1,0.0,4,0.5278
1042,34.7333,0,hold,hold,0.0294,,,,0.7465,-0.6877,,,16,1.0,1.8886,0.0184,14.8542,176.8773,,1,0.0,4,0.7248
1043,34.7667,0,hold,hold,0.2437,,,,0.771,-0.2836,,,8,0.5333,0.2327,0.0231,12.9816,159.8762,,1,0.0,4,1.0
1044,34.8,0,hold,hold,-0.2026,,,,0.4591,-0.8643,,,15,0.9375,1.0021,0.0247,14.0565,166.6269,,1,0.0,4,1.0
1045,34.8333,0,hold,hold,0.3834,,,,1.0914,-0.3245,,,14,0.9333,1.3611,0.0082,12.8895,163.626,,1,0.0,4,0.2192
1046,34.8667,0,hold,hold,-0.3787,,,,-0.1441,-0.6133,,,14,0.9333,1.4037,0.0019,12.8486,163.6297,,1,0.0,4,0.2442
1047,34.9,0,hold,hold,-0.549,,,,-0.4933,-0.6047,,,15,1.0,1.9455,0.01,13.9472,165.3775,,1,0.0,4,0.269
1048,34.9333,0,hold,hold,0.3047,,,,0.5911,0.0183,,,15,1.0,2.3574,0.0033,14.8447,167.3781,,1,0.0,4,0.2878
1049,34.9667,0,hold,hold,-0.3483,,,,-0.2534,-0.4432,,,12,0.8,0.896,0.0318,14.0382,135.0264,,1,0.0,4,0.2878
1050,35.0,1,track,,0.0571,0.4743,0.8909,,-0.2234,0.2236,0.6784,-2.6026,11,0.7857,0.9129,0.0078,12.752,146.7501,38.9112,1,0.6386,4,1.0
1051,35.0333,0,hold,hold,0.0001,,,,-0.2234,0.2236,,,12,0.9231,1.2663,0.0049,12.5367,157.503,,1,0.0,4,1.0
1052,35.0667,0,hold,hold,-0.1477,,,,-0.2881,-0.0073,,,11,0.6875,0.4676,0.0229,12.4303,134.0219,,1,0.0,4,1.0
1053,35.1,0,hold,hold,1.0368,,,,0.3806,1.6929,,,13,0.8125,1.4634,0.018,12.1728,166.1255,,1,0.0,4,1.0
1054,35.1333,1,track,,0.511,0.4077,0.8243,,0.0649,0.7231,0.8197,-2.1693,11,0.6875,0.5965,0.0115,12.1732,154.0061,37.5,1,0.6346,4,1.0
1055,35.1667,0,hold,hold,0.394,,,,0.0649,0.7231,,,9,0.5625,0.3615,0.0196,12.1728,153.0081,,1,0.0,4,1.0
1056,35.2,0,hold,hold,0.886,,,,0.324,1.4479,,,14,1.0,1.7388,0.018,12.1626,163.3753,,1,0.0,4,1.0
1057,35.2333,0,hold,hold,0.1858,,,,-0.3296,0.7012,,,13,0.8125,0.797,0.0267,12.7596,152.1276,,1,0.0,4,1.0
1058,35.2667,0,hold,hold,0.274,,,,-0.4912,1.0392,,,12,0.8,0.8435,0.0128,12.5632,151.8756,,1,0.0,4,1.0
1059,35.3,1,track,,-0.0365,0.2522,0.6689,,-0.4628,-0.0239,0.4578,-2.1693,9,0.6,0.3413,0.0077,12.4638,152.125,37.1204,1,0.6307,4,1.0
1060,35.3333,0,hold,hold,-0.2434,,,,-0.4628,-0.0239,,,12,0.8,1.0016,0.0291,12.5205,163.1254,,1,0.0,4,1.0
1061,35.3667,1,track,,-0.0686,0.1456,0.5622,,-0.3697,-0.0597,0.4281,-1.7489,10,0.6667,0.4832,0.0054,12.2425,153.0001,37.2818,1,0.6674,4,1.0
1062,35.4,1,track,,0.3685,0.0818,0.4985,-1.9117,0.1586,0.7185,0.5052,-1.7489,13,0.8125,0.4061,0.0098,12.2384,142.753,37.4253,1,0.758,4,1.0
1063,35.4333,0,hold,hold,0.4386,,,,0.1586,0.7185,,,11,0.6875,0.3904,0.0357,13.1584,154.0026,,1,0.0,4,1.0
1064,35.4667,0,hold,hold,0.0447,,,,-0.9781,1.0674,,,10,0.6667,0.4109,0.0201,12.5711,165.8961,,1,0.0,4,1.0
1065,35.5,1,track,,0.4014,0.1822,0.5988,,0.1715,0.6846,0.9796,-2.153,14,0.875,0.949,0.009,12.6736,166.8791,38.9786,1,0.6779,4,1.0
1066,35.5333,1,track,,0.8212,0.2589,0.6755,2.3018,0.5043,0.7464,0.7992,,12,0.8571,0.8387,0.0042,12.8622,167.8922,39.5379,1,0.753,4,1.0
1067,35.5667,0,hold,hold,0.6254,,,,0.5043,0.7464,,,10,0.9091,1.0458,0.0095,14.0044,168.6345,,1,0.0,4,1.0
1068,35.6,0,hold,hold,0.5031,,,,0.2313,0.7748,,,11,1.0,1.4005,0.0191,13.4968,169.8755,,1,0.0,4,1.0
1069,35.6333,0,hold,hold,0.3487,,,,-0.1997,0.8971,,,8,0.8,0.9814,0.016,12.7441,171.3831,,1,0.0,4,1.0
1070,35.6667,0,hold,hold,0.4307,,,,-0.0263,0.8877,,,6,0.5,0.11,0.0053,13.242,149.1274,,1,0.0,4,1.0
1071,35.7,0,hold,hold,0.3292,,,,0.1773,0.4811,,,9,0.6923,0.4119,0.0219,13.571,161.2544,,1,0.0,4,1.0
1072,35.7333,0,hold,hold,0.594,,,,-0.0324,1.2203,,,13,1.0,1.976,0.0069,14.6748,173.3777,,1,0.0,4,1.0
1073,35.7667,0,hold,hold,0.8311,,,,0.6338,1.0284,,,13,0.9286,1.1332,0.0065,14.9918,173.9048,,1,0.0,4,1.0
1074,35.8,0,hold,hold,0.8029,,,,0.6167,0.9892,,,13,1.0,1.0431,0.0101,15.0002,174.1486,,1,0.0,4,1.0
1075,35.8333,0,hold,hold,0.9432,,,,0.653,1.2335,,,9,0.6923,0.5885,0.0191,13.4781,162.5008,,1,0.0,4,1.0
1076,35.8667,0,hold,hold,0.2218,,,,-0.3262,0.7697,,,13,1.0,1.0355,0.0064,15.0991,174.1493,,1,0.0,4,1.0
1077,35.9,0,hold,hold,0.7065,,,,0.5222,0.8909,,,12,0.9231,1.0614,0.0043,14.7631,174.1478,,1,0.0,4,1.0
1078,35.9333,1,track,,0.3577,0.2935,0.7101,,0.1941,0.5663,1.1649,,8,0.5714,0.1724,0.0065,13.1982,162.0032,41.6405,1,0.6138,4,1.0
1079,35.9667,0,hold,hold,0.3802,,,,0.1941,0.5663,,,6,0.6,0.2993,0.0181,11.9467,161.7515,,1,0.0,4,1.0
1080,36.0,0,hold,hold,0.5807,,,,0.0635,1.0979,,,7,0.7,0.2421,0.0144,12.0125,161.5047,,1,0.0,4,1.0
1081,36.0333,0,hold,hold,0.6536,,,,0.24,1.0672,,,4,0.4444,0.1137,0.012,12.0114,149.7504,,1,0.0,4,1.0
1082,36.0667,0,,tracker_gate,,,,,,,,,0,0.0,,,,,,0,0.0,1,0.0
1083,36.1,0,hold,hold,-0.0839,,,,-0.4286,0.2607,,,7,0.7,0.2428,0.0165,12.0657,149.5045,,1,0.0,4,1.0
1084,36.1333,0,hold,hold,0.5475,,,,0.0762,1.0187,,,5,0.4167,0.129,0.0163,12.0941,126.0055,,1,0.0,4,1.0
1085,36.1667,0,hold,hold,0.5401,,,,0.0745,1.0057,,,11,0.8462,1.3972,0.0017,13.674,159.5152,,1,0.0,4,1.0
1086,36.2,0,hold,hold,1.0378,,,,0.9903,1.0853,,,11,1.0,1.1055,0.0147,12.055,169.6251,,1,0.0,4,1.0
1087,36.2333,0,hold,hold,0.0034,,,,0.4244,-0.4176,,,10,0.7692,0.3731,0.146,12.5565,157.5025,,1,0.0,4,1.0
1088,36.2667,0,hold,hold,0.268,,,,-3.9081,4.4441,,,13,0.8667,1.77,0.0602,13.3229,156.2932,,1,0.0,4,1.0
1089,36.3,0,hold,hold,2.4126,,,,0.6906,4.1347,,,15,1.0,2.2585,0.0009,13.1863,154.8947,,1,0.0,4,1.0
1090,36.3333,0,hold,hold,0.9127,,,,0.8861,0.9393,,,13,1.0,2.1949,0.021,12.8484,154.1379,,1,0.0,4,1.0
1091,36.3667,0,hold,hold,0.2246,,,,-0.3768,0.8261,,,12,0.9231,1.6557,0.0096,12.2417,153.5002,,1,0.0,4,1.0
1092,36.4,0,hold,hold,-0.4967,,,,-0.7727,-0.2207,,,5,0.5,0.0467,0.0244,12.1034,142.5158,,1,0.0,4,1.0
1093,36.4333,0,hold,hold,-0.8767,,,,-0.1781,-1.5754,,,8,0.5714,0.1062,0.0181,12.1079,164.3938,,1,0.0,4,1.0
1094,36.4667,1,track,,0.6961,0.4344,0.851,,0.5216,0.9705,-0.2344,-3.1798,9,0.8182,0.6977,0.0078,12.1103,153.5113,38.8627,1,0.6623,4,1.0
1095,36.5,0,hold,hold,0.746,,,,0.5216,0.9705,,,4,0.4,0.0137,0.0308,12.0882,143.0006,,1,0.0,4,1.0
1096,36.5333,0,hold,hold,0.1718,,,,1.053,-0.7093,,,5,0.3846,0.0316,0.0029,11.9611,143.1251,,1,0.0,4,1.0
1097,36.5667,1,track,,-0.506,0.3156,0.7323,,-0.3792,-0.4113,-0.3872,,7,0.6364,0.2902,0.0006,12.0978,165.8815,39.7011,1,0.6976,4,1.0
1098,36.6,1,track,,-0.3157,0.0947,0.5113,-6.6289,-0.4355,-0.5688,-0.1159,-4.3987,11,0.8462,0.6879,0.0023,12.1582,166.6275,40.0742,1,0.772,4,1.0
1099,36.6333,1,track,,-0.1873,-0.0489,0.3677,-4.3088,0.0681,-0.5841,-0.0219,-5.1232,11,0.7857,0.5813,0.0114,12.1996,167.1259,40.6579,1,0.7019,4,1.0
1100,36.6667,0,hold,hold,-0.258,,,,0.0681,-0.5841,,,15,1.0,1.3289,0.0062,12.2215,167.8752,,1,0.0,4,1.0
1101,36.7,0,hold,hold,-0.0353,,,,0.1409,-0.2115,,,7,0.5385,0.0733,0.1565,12.1106,157.251,,1,0.0,4,1.0
1102,36.7333,0,hold,hold,0.2461,,,,-4.228,4.7203,,,15,1.0,2.9797,0.0176,14.3751,168.766,,1,0.0,4,1.0
1103,36.7667,0,hold,hold,-0.7877,,,,-1.2911,-0.2843,,,6,0.4,0.113,0.0295,12.0469,157.8759,,1,0.0,4,1.0
1104,36.8,0,hold,hold,0.1895,,,,1.0355,-0.6566,,,8,0.5714,0.1729,0.0549,12.1275,169.3779,,1,0.0,4,1.0
1105,36.8333,0,hold,hold,-0.0066,,,,-1.5787,1.5656,,,5,0.3571,0.0194,0.0001,12.1242,169.3797,,1,0.0,4,1.0
1106,36.8667,0,hold,hold,-0.4223,,,,-0.4189,-0.4257,,,9,0.6,0.1878,0.1106,12.1688,124.375,,1,0.0,4,1.0
1107,36.9,1,track,,-0.0007,-0.032,0.3846,,0.0852,-0.4273,-0.0946,,10,0.625,0.3138,0.0089,12.168,169.125,42.1374,1,0.6772,4,1.0
1108,36.9333,0,hold,hold,-0.1711,,,,0.0852,-0.4273,,,5,0.3846,0.0342,0.013,12.0944,157.5037,,1,0.0,4,1.0
1109,36.9667,0,hold,hold,-0.3892,,,,-0.016,-0.7624,,,6,0.4615,0.1104,0.0088,12.0748,157.0029,,1,0.0,4,1.0
1110,37.0,0,hold,hold,-0.4202,,,,-0.1667,-0.6736,,,8,0.5333,0.1838,0.0068,11.9746,167.631,,1,0.0,4,1.0
1111,37.0333,0,hold,hold,-0.375,,,,-0.1806,-0.5694,,,14,1.0,1.5387,0.0135,12.1271,167.1287,,1,0.0,4,1.0
1112,37.0667,0,hold,hold,0.6346,,,,0.249,1.0203,,,5,0.4545,0.0381,0.0067,11.3162,155.6297,,1,0.0,4,1.0
1113,37.1,0,hold,hold,-0.4646,,,,-0.2732,-0.6561,,,11,0.7333,0.2333,0.062,12.1628,165.8769,,1,0.0,4,1.0
1114,37.1333,1,track,,-0.3481,-0.1427,0.2739,,0.0529,-0.3684,-0.1981,-6.1001,8,0.6154,0.1054,0.0074,12.08,165.128,41.1676,1,0.6878,4,1.0
1115,37.1667,0,hold,hold,-0.1578,,,,0.0529,-0.3684,,,16,1.0,1.3904,0.0241,12.8979,165.0003,,1,0.0,4,1.0
1116,37.2,0,hold,hold,0.414,,,,-0.2777,1.1058,,,12,1.0,1.4229,0.0095,12.1148,165.0,,1,0.0,4,1.0
1117,37.2333,0,hold,hold,-0.4507,,,,-0.18,-0.7215,,,12,0.8571,0.6749,0.0141,12.502,164.8771,,1,0.0,4,1.0
1118,37.2667,0,hold,hold,-0.3233,,,,0.0817,-0.7283,,,13,1.0,1.0687,0.0042,13.0609,164.8758,,1,0.0,4,1.0
1119,37.3,0,hold,hold,0.3609,,,,0.4804,0.2413,,,11,1.0,1.3848,0.015,12.1203,165.0,,1,0.0,4,1.0
1120,37.3333,0,hold,hold,-0.0322,,,,0.3971,-0.4614,,,12,1.0,1.2244,0.0178,12.148,165.0006,,1,0.0,4,1.0
1121,37.3667,0,hold,hold,-0.2246,,,,0.2846,-0.7338,,,16,1.0,1.127,0.0131,13.7948,165.1302,,1,0.0,4,1.0
1122,37.4,1,track,,-0.3611,-0.2191,0.1975,,-0.2642,-0.4482,0.1313,,9,0.6923,0.2625,0.0032,12.0932,154.0031,40.6919,1,0.723,4,1.0
1123,37.4333,1,track,,-0.3165,-0.261,0.1556,-1.2565,-0.2005,-0.5573,0.2581,,7,0.5833,0.231,0.0062,12.003,154.2524,40.7283,1,0.6122,4,1.0
1124,37.4667,1,track,,-0.2141,-0.2804,0.1362,-0.5823,-0.0273,-0.5586,0.284,,9,0.75,0.3235,0.0093,12.168,165.1262,40.8614,1,0.7067,4,1.0
1125,37.5,1,track,,-0.3092,-0.2918,0.1249,-0.3401,-0.1922,-0.4589,0.0823,,7,0.5833,0.1171,0.0047,12.0321,165.1274,40.9742,1,0.6532,4,1.0
1126,37.5333,0,hold,hold,-0.3256,,,,-0.1922,-0.4589,,,15,1.0,1.1758,0.0187,12.1498,165.1267,,1,0.0,4,1.0
1127,37.5667,1,track,,-0.2824,-0.2932,0.1234,,-0.3772,-0.2989,0.0137,,8,0.5714,0.2584,0.0014,11.9197,165.127,41.0294,1,0.6656,4,1.0
1128,37.6,1,track,,-0.0732,-0.2775,0.1392,0.4717,-0.3844,-0.2995,0.4992,,10,0.7692,0.39,0.0015,12.8091,153.8751,40.8449,1,0.7594,4,1.0
1129,37.6333,0,hold,hold,-0.3419,,,,-0.3844,-0.2995,,,13,1.0,1.2428,0.0086,12.0805,164.625,,1,0.0,4,1.0
1130,37.6667,0,hold,hold,-0.0582,,,,0.1868,-0.3031,,,12,0.9231,1.0496,0.0001,12.3598,164.3777,,1,0.0,4,1.0
1131,37.7,0,hold,hold,0.5097,,,,0.5078,0.5116,,,14,1.0,1.7206,0.0068,13.1843,163.8794,,1,0.0,4,1.0
1132,37.7333,1,track,,-0.1533,-0.22,0.1966,,-0.3849,-0.045,0.1216,,10,0.7692,0.8605,0.0059,11.9902,163.6256,39.7934,1,0.673,4,1.0
1133,37.7667,0,hold,hold,-0.215,,,,-0.3849,-0.045,,,15,1.0,1.5577,0.0154,12.0692,162.8773,,1,0.0,4,1.0
1134,37.8,0,hold,hold,-0.2334,,,,-0.6734,0.2066,,,10,0.7143,0.5594,0.0308,12.8902,162.6251,,1,0.0,4,1.0
1135,37.8333,0,,tracker_gate,,,,,,,,,0,0.0,,,,,,0,0.0,1,0.0
1136,37.8667,0,,tracker_gate,,,,,,,,,0,0.0,,,,,,0,0.0,1,0.0
1137,37.9,0,hold,hold,-0.3804,,,,-1.2612,0.5005,,,12,0.8,0.5299,0.1149,12.473,169.3759,,1,0.0,4,0.2228
1138,37.9333,0,hold,hold,-1.0613,,,,-4.3486,2.226,,,14,0.9333,1.0645,0.0419,12.2135,169.6255,,1,0.0,4,1.0
1139,37.9667,0,,tracker_gate,,,,,,,,,0,0.0,,,,,,0,0.0,1,0.0
1140,38.0,0,,tracker_gate,,,,,,,,,0,0.0,,,,,,0,0.0,1,0.0
1141,38.0333,0,,tracker_gate,,,,,,,,,0,0.0,,,,,,0,0.0,1,0.0
1142,38.0667,0,hold,hold,0.2781,,,,-0.9206,1.4769,,,11,0.7333,0.4024,0.0605,12.324,181.6253,,1,0.0,4,0.3376
1143,38.1,0,,tracker_gate,,,,,,,,,0,0.0,,,,,,0,0.0,1,0.0
1144,38.1333,1,track,,0.652,0.0852,0.5018,,0.0733,0.6559,0.8248,,13,0.8125,0.7636,0.0102,12.6593,183.0119,39.7557,1,0.6935,4,0.2092
1145,38.1667,0,,tracker_gate,,,,,,,,,0,0.0,,,,,,0,0.0,1,0.0
1146,38.2,0,,tracker_gate,,,,,,,,,0,0.0,,,,,,0,0.0,1,0.0
1147,38.2333,1,track,,1.6246,0.4538,0.8704,,1.1171,1.4866,1.6619,,11,0.8462,0.6835,0.0065,14.1856,171.0688,41.2102,1,0.7578,4,0.226
1148,38.2667,1,track,,1.2734,0.7407,1.1573,8.6061,0.9663,1.4418,1.5781,,7,0.6364,0.428,0.0083,12.6681,160.5397,42.6289,1,0.6138,4,0.2468
1149,38.3,1,track,,1.2405,0.9271,1.3438,5.594,0.9409,1.4492,1.4797,,6,0.6,0.3212,0.0089,12.4154,162.288,43.464,1,0.5966,4,0.3848
1150,38.3333,0,hold,hold,1.1951,,,,0.9409,1.4492,,,11,1.0,3.0372,0.0075,13.5805,194.7122,,1,0.0,4,0.389
1151,38.3667,0,hold,hold,2.1818,,,,1.9668,2.3967,,,8,0.8889,1.454,0.0056,12.5584,188.4631,,1,0.0,4,0.7536
1152,38.4,1,track,,1.0956,1.0368,1.4534,,0.9333,1.1541,1.4253,,9,0.9,0.6418,0.0039,12.3054,159.7792,44.5342,1,0.782,4,0.7272
1153,38.4333,1,track,,1.1282,1.0688,1.4854,0.9593,0.6467,1.1093,1.4759,-1.1966,7,0.7,0.5855,0.0081,11.6868,163.4067,44.7429,1,0.6215,4,0.9656
1154,38.4667,1,track,,1.0984,1.0792,1.4958,0.3111,0.9231,1.1073,1.6534,0.0,7,0.7,0.6039,0.0032,11.9151,165.9055,44.9083,1,0.635,4,0.8584
1155,38.5,0,hold,hold,1.0152,,,,0.9231,1.1073,,,13,1.0,2.8619,0.0113,13.0772,279.5468,,1,0.0,4,0.6884
1156,38.5333,0,hold,hold,2.3537,,,,2.6781,2.0292,,,4,0.4,0.0339,0.0304,14.3788,262.6347,,1,0.0,4,0.7198
1157,38.5667,0,hold,hold,1.8291,,,,2.6999,0.9584,,,5,0.4545,0.0798,0.0322,16.6245,264.3974,,1,0.0,4,0.917
1158,38.6,0,hold,hold,1.9342,,,,2.855,1.0135,,,9,1.0,2.1909,0.0586,16.6688,189.8738,,1,0.0,4,0.8926
1159,38.6333,0,hold,hold,3.8955,,,,5.567,2.2239,,,12,0.9231,1.4787,0.0299,16.9909,266.6847,,1,0.0,4,0.5848
1160,38.6667,0,hold,hold,1.8995,,,,2.755,1.0439,,,5,0.5556,0.2563,0.0117,12.5417,152.8109,,1,0.0,4,0.4682
1161,38.7,0,hold,hold,1.5964,,,,1.9308,1.262,,,5,0.4545,0.1039,0.0184,12.5061,210.2791,,1,0.0,4,0.367
1162,38.7333,0,,tracker_gate,,,,,,,,,0,0.0,,,,,,0,0.0,1,0.0
1163,38.7667,0,,tracker_gate,,,,,,,,,0,0.0,,,,,,0,0.0,1,0.0
1164,38.8,0,,tracker_gate,,,,,,,,,0,0.0,,,,,,0,0.0,1,0.0
1165,38.8333,0,,tracker_gate,,,,,,,,,0,0.0,,,,,,0,0.0,1,0.0
1166,38.8667,0,hold,hold,2.1932,,,,2.7204,1.6659,,,13,1.0,1.3208,0.0014,14.1079,288.0673,,1,0.0,4,0.35
1167,38.9,0,hold,hold,2.2444,,,,2.2043,2.2845,,,12,0.9231,1.4423,0.012,14.0859,267.6068,,1,0.0,4,0.296
1168,38.9333,0,hold,hold,2.3849,,,,2.0413,2.7285,,,7,0.6364,0.2728,0.0458,15.0905,247.9767,,1,0.0,4,0.3224
1169,38.9667,1,track,,1.5232,1.2346,1.6512,,1.3858,1.17,0.8974,0.0,11,0.7857,0.9902,0.0038,12.2431,209.0739,42.8811,1,0.6507,4,0.3036
1170,39.0,0,hold,hold,1.2779,,,,1.3858,1.17,,,14,1.0,1.9982,0.0016,14.2582,284.9926,,1,0.0,4,0.342
1171,39.0333,0,hold,hold,1.2024,,,,1.248,1.1568,,,13,1.0,2.0417,0.0179,14.4735,284.4958,,1,0.0,4,1.0
1172,39.0667,0,hold,hold,1.076,,,,1.5889,0.5631,,,4,0.3636,0.0271,0.0206,15.7941,227.9802,,1,0.0,4,1.0
1173,39.1,0,hold,hold,1.8147,,,,2.4039,1.2255,,,10,0.7692,1.0241,0.0162,16.7322,285.3186,,1,0.0,4,0.831
1174,39.1333,0,hold,hold,1.9164,,,,2.381,1.4518,,,13,1.0,2.1124,0.0206,18.1641,228.8512,,1,0.0,4,0.9062
1175,39.1667,0,hold,hold,1.5434,,,,2.1329,0.9539,,,5,0.4167,0.0882,0.0167,18.473,228.9815,,1,0.0,4,0.4726
1176,39.2,0,hold,hold,1.7478,,,,2.2265,1.2691,,,13,0.9286,1.6473,0.0267,16.469,267.7256,,1,0.0,4,0.4994
1177,39.2333,0,hold,hold,2.1488,,,,2.913,1.3846,,,6,0.5,0.2034,0.0219,17.2765,267.863,,1,0.0,4,0.5498
1178,39.2667,0,hold,hold,1.6734,,,,2.2994,1.0474,,,10,0.9091,0.9842,0.0237,17.2482,268.0279,,1,0.0,4,0.3888
1179,39.3,0,hold,hold,1.7217,,,,2.4008,1.0426,,,11,0.9167,1.3999,0.0147,20.0235,229.2181,,1,0.0,4,0.9966
1180,39.3333,0,hold,hold,1.3609,,,,1.7818,0.94,,,12,1.0,1.598,0.0066,19.435,285.3881,,1,0.0,4,0.9644
1181,39.3667,0,hold,hold,0.4586,,,,0.2708,0.6464,,,13,1.0,1.8115,0.0089,18.5851,284.3981,,1,0.0,4,0.864
1182,39.4,0,hold,hold,0.8086,,,,0.5535,1.0637,,,13,1.0,2.134,0.0036,16.575,283.6774,,1,0.0,4,0.7512
1183,39.4333,0,hold,hold,0.9583,,,,1.0626,0.8539,,,11,0.9167,1.3024,0.0017,18.6542,263.7846,,1,0.0,4,0.322
1184,39.4667,0,hold,hold,0.9285,,,,0.8792,0.9778,,,12,0.9231,1.4442,0.0051,19.178,263.2831,,1,0.0,4,0.2168
1185,39.5,0,hold,hold,0.7632,,,,0.9099,0.6165,,,13,1.0,1.6446,0.0219,18.5213,262.7731,,1,0.0,4,0.2108
1186,39.5333,0,hold,hold,0.4159,,,,1.0437,-0.2118,,,14,1.0,1.8147,0.0292,17.1244,262.5649,,1,0.0,4,0.326
1187,39.5667,0,hold,hold,1.2473,,,,2.0837,0.4109,,,14,1.0,1.6638,0.0128,16.6342,262.5388,,1,0.0,4,0.3162
1188,39.6,0,hold,hold,0.8382,,,,1.2051,0.4712,,,14,1.0,1.8776,0.0144,19.1607,262.1297,,1,0.0,4,0.354
1189,39.6333,0,hold,hold,0.4628,,,,0.8751,0.0504,,,15,1.0,2.0587,0.0021,18.3343,261.3824,,1,0.0,4,0.7314
1190,39.6667,0,hold,hold,0.2831,,,,0.3444,0.2218,,,14,1.0,2.0977,0.0088,17.6835,260.8954,,1,0.0,4,1.0
1191,39.7,0,hold,hold,0.5722,,,,0.8244,0.3199,,,6,0.4286,0.0894,0.0032,11.8796,204.5001,,1,0.0,4,1.0
1192,39.7333,1,track,,0.9887,1.1485,1.5651,,0.8078,1.1696,0.2411,0.0,12,1.0,0.9773,0.0063,14.985,241.536,41.5554,1,0.7478,4,1.0
1193,39.7667,0,hold,hold,0.9887,,,,0.8078,1.1696,,,13,1.0,1.5739,0.005,13.463,240.7742,,1,0.0,4,1.0
1194,39.8,0,hold,hold,0.6231,,,,0.4796,0.7667,,,14,1.0,1.4603,0.023,14.1889,259.0147,,1,0.0,4,1.0
1195,39.8333,0,hold,hold,0.4379,,,,1.0962,-0.2204,,,14,1.0,1.1524,0.0221,14.2409,258.8874,,1,0.0,4,1.0
1196,39.8667,0,hold,hold,0.3899,,,,1.0222,-0.2423,,,13,1.0,1.1322,0.0091,12.7934,258.8835,,1,0.0,4,1.0
1197,39.9,0,hold,hold,0.2923,,,,0.552,0.0327,,,13,0.9286,1.3279,0.0092,14.7513,258.6461,,1,0.0,4,1.0
1198,39.9333,0,hold,hold,0.8543,,,,0.5913,1.1172,,,13,0.9286,1.2987,0.0101,15.5424,258.6535,,1,0.0,4,1.0
1199,39.9667,0,hold,hold,0.8505,,,,0.5611,1.1399,,,12,0.8571,1.003,0.0138,17.163,221.7826,,1,0.0,4,1.0
1200,40.0,0,hold,hold,0.485,,,,0.09,0.8801,,,12,0.9231,1.5118,0.0442,14.3992,240.2999,,1,0.0,4,1.0
1201,40.0333,0,hold,hold,-1.2553,,,,-2.5195,0.0089,,,7,0.5833,0.0855,0.0772,14.0935,203.0039,,1,0.0,4,1.0
1202,40.0667,0,hold,hold,-0.352,,,,-2.5629,1.859,,,7,0.5833,0.1276,0.0768,14.0935,202.6293,,1,0.0,4,1.0
1203,40.1,0,hold,hold,-0.3366,,,,-2.5353,1.8621,,,6,0.5,0.0413,0.0743,14.1408,202.2534,,1,0.0,4,1.0
1204,40.1333,0,hold,hold,-0.3306,,,,-2.4591,1.7979,,,9,0.75,0.2093,0.0627,14.3037,202.0023,,1,0.0,4,1.0
1205,40.1667,0,hold,hold,-0.276,,,,-2.0715,1.5195,,,6,0.4615,0.104,0.0742,14.1945,201.6289,,1,0.0,4,1.0
1206,40.2,0,hold,hold,-0.3363,,,,-2.4608,1.7883,,,7,0.5385,0.1403,0.0747,13.8541,201.6277,,1,0.0,4,1.0
1207,40.2333,0,hold,hold,-0.2979,,,,-2.4377,1.8418,,,7,0.5385,0.1063,0.0699,14.2591,201.3774,,1,0.0,4,1.0
1208,40.2667,0,hold,hold,-0.1603,,,,-2.1633,1.8426,,,7,0.5385,0.1059,0.0699,14.2591,201.3774,,1,0.0,4,1.0
1209,40.3,0,hold,hold,-0.162,,,,-2.1633,1.8393,,,10,0.7692,0.8915,0.0449,13.4392,201.4053,,1,0.0,4,1.0
1210,40.3333,0,hold,hold,-1.3363,,,,-2.6219,-0.0507,,,12,0.9231,1.3499,0.002,12.2003,274.6253,,1,0.0,4,1.0
1211,40.3667,0,hold,hold,-0.0428,,,,0.0145,-0.1,,,13,1.0,1.138,0.004,13.2327,256.2501,,1,0.0,4,1.0
1212,40.4,0,hold,hold,-0.3069,,,,-0.4214,-0.1925,,,13,1.0,1.158,0.0042,11.0946,256.5011,,1,0.0,4,1.0
1213,40.4333,0,hold,hold,-0.3416,,,,-0.4633,-0.22,,,12,1.0,1.2086,0.0026,12.1508,256.7504,,1,0.0,4,1.0
1214,40.4667,0,hold,hold,-0.1954,,,,-0.1205,-0.2704,,,12,1.0,1.0728,0.0071,13.1733,257.0058,,1,0.0,4,1.0
1215,40.5,1,track,,-0.2291,0.6664,1.083,,-0.3354,-0.1848,0.2449,0.0,7,0.6364,0.2568,0.0026,13.968,238.8769,39.1953,1,0.6665,4,1.0
1216,40.5333,0,hold,hold,-0.2601,,,,-0.3354,-0.1848,,,5,0.3846,0.0502,0.004,14.009,202.2521,,1,0.0,4,1.0
1217,40.5667,0,hold,hold,-0.2454,,,,-0.36,-0.1308,,,12,1.0,1.0834,0.0061,12.196,257.377,,1,0.0,4,1.0
1218,40.6,0,hold,hold,-0.5589,,,,-0.7351,-0.3828,,,5,0.4167,0.0258,0.0005,13.6002,239.2545,,1,0.0,4,1.0
1219,40.6333,0,hold,hold,-0.3505,,,,-0.3367,-0.3642,,,12,1.0,1.3542,0.0019,11.7234,257.6279,,1,0.0,4,1.0
1220,40.6667,0,hold,hold,-0.3201,,,,-0.3732,-0.267,,,12,1.0,1.4844,0.0023,11.3433,257.8765,,1,0.0,4,1.0
1221,40.7,0,hold,hold,-0.3107,,,,-0.2455,-0.3758,,,12,1.0,1.6227,0.0085,12.0195,257.875,,1,0.0,4,1.0
1222,40.7333,0,hold,hold,-0.1819,,,,0.0603,-0.424,,,12,1.0,1.4193,0.0084,12.6611,258.1255,,1,0.0,4,1.0
1223,40.7667,0,hold,hold,-0.189,,,,0.0521,-0.4301,,,14,1.0,1.6414,0.0128,13.1923,276.6257,,1,0.0,4,1.0
1224,40.8,1,track,,-0.2534,0.3444,0.7611,,-0.3573,-0.3133,0.3794,0.0,8,0.5714,0.2064,0.0008,13.8682,258.1275,39.6255,1,0.6555,4,1.0
1225,40.8333,0,hold,hold,-0.3353,,,,-0.3573,-0.3133,,,6,0.4615,0.0923,0.0005,13.3437,258.1297,,1,0.0,4,1.0
1226,40.8667,0,hold,hold,-0.3426,,,,-0.3283,-0.3569,,,11,0.8462,1.0072,0.0136,13.3023,258.1279,,1,0.0,4,1.0
1227,40.9,0,hold,hold,-0.7204,,,,-0.3322,-1.1087,,,10,0.7692,0.3895,0.0123,13.3422,258.3792,,1,0.0,4,1.0
1228,40.9333,1,track,,-0.3681,0.1151,0.5317,,-0.362,-0.6583,0.1882,0.0,9,0.6923,0.2866,0.0052,13.3102,258.1303,40.0379,1,0.7025,4,1.0
1229,40.9667,1,track,,-0.442,-0.0669,0.3497,-5.4617,0.0125,-0.6233,0.1608,0.0,12,0.9231,0.8453,0.0111,12.5794,258.1327,40.0903,1,0.7068,4,1.0
1230,41.0,1,track,,-0.3774,-0.1756,0.241,-3.2604,-0.3629,-0.5925,0.2457,0.0,11,0.8462,0.5109,0.004,13.1567,258.1306,40.0951,1,0.7628,4,1.0
1231,41.0333,0,hold,hold,-0.4777,,,,-0.3629,-0.5925,,,13,1.0,1.0288,0.0019,12.9186,258.1288,,1,0.0,4,1.0
1232,41.0667,1,track,,-0.5981,-0.2575,0.1591,,-0.29,-0.6949,0.3543,0.0,10,0.7692,0.259,0.0071,13.3881,258.1391,40.0663,1,0.721,4,1.0
1233,41.1,1,track,,-0.2669,-0.3108,0.1058,-1.5978,0.0097,-0.4524,0.2437,0.0,13,1.0,0.9808,0.0081,13.1349,258.1278,39.995,1,0.7521,4,1.0
1234,41.1333,0,hold,hold,-0.2213,,,,0.0097,-0.4524,,,9,0.6923,0.3205,0.0183,13.1349,258.1366,,1,0.0,4,1.0
1235,41.1667,1,track,,-0.548,-0.3938,0.0228,,-0.3582,-0.6592,0.1406,0.0,11,0.8462,0.3309,0.0053,13.0503,258.1368,39.693,1,0.7806,4,1.0
1236,41.2,0,hold,hold,-0.5087,,,,-0.3582,-0.6592,,,8,0.6154,0.3349,0.0212,13.3251,221.2586,,1,0.0,4,1.0
1237,41.2333,0,hold,hold,-0.2444,,,,-0.8512,0.3624,,,13,1.0,1.4337,0.0114,12.3528,258.1312,,1,0.0,4,1.0
1238,41.2667,0,hold,hold,-0.4772,,,,-0.8028,-0.1517,,,13,1.0,1.154,0.0024,13.2414,258.1308,,1,0.0,4,1.0
1239,41.3,0,hold,hold,-0.2657,,,,-0.3346,-0.1968,,,13,1.0,1.2983,0.0057,12.3649,258.1327,,1,0.0,4,1.0
1240,41.3333,0,hold,hold,-0.3717,,,,-0.5363,-0.2071,,,13,1.0,1.3554,0.0116,13.1626,239.7592,,1,0.0,4,1.0
1241,41.3667,1,track,,-0.4694,-0.4203,-0.0037,,-0.0372,-0.3094,0.1625,0.0,11,0.9167,0.9067,0.0048,13.0905,239.758,39.4062,1,0.7308,4,1.0
1242,41.4,0,hold,hold,-0.1733,,,,-0.0372,-0.3094,,,6,0.4286,0.0453,0.011,13.5572,221.0151,,1,0.0,4,1.0
1243,41.4333,1,track,,-0.6523,-0.4695,-0.0529,,-0.8598,-0.4294,0.0337,0.0,8,0.5714,0.1831,0.0075,13.6417,221.0143,39.7352,1,0.6137,4,1.0
1244,41.4667,0,hold,hold,-0.6446,,,,-0.8598,-0.4294,,,8,0.5333,0.0755,0.0122,13.5375,257.6434,,1,0.0,4,1.0
1245,41.5,1,track,,-0.2764,-0.4695,-0.0528,,-0.1511,-0.314,0.0124,0.0,11,0.7857,0.5926,0.0028,13.6175,239.2528,40.1769,1,0.7452,4,1.0
1246,41.5333,1,track,,-0.0924,-0.4019,0.0147,2.0272,-0.1507,-0.2819,-0.022,0.0,12,0.9231,0.9732,0.0023,13.4726,239.5003,40.3937,1,0.776,4,1.0
1247,41.5667,0,hold,hold,-0.2163,,,,-0.1507,-0.2819,,,13,0.9286,1.1719,0.0083,13.7709,257.7523,,1,0.0,4,1.0
1248,41.6,0,hold,hold,-0.122,,,,0.1157,-0.3597,,,13,1.0,1.166,0.0059,13.6421,257.7526,,1,0.0,4,1.0
1249,41.6333,0,hold,hold,-0.0789,,,,0.0889,-0.2466,,,14,1.0,1.2833,0.0206,13.8686,276.1257,,1,0.0,4,1.0
1250,41.6667,0,hold,hold,0.0334,,,,0.6237,-0.5568,,,14,1.0,1.5593,0.0156,13.8803,276.1264,,1,0.0,4,1.0
1251,41.7,0,hold,hold,0.1131,,,,0.5605,-0.3343,,,9,0.6429,0.387,0.0151,13.3177,257.8854,,1,0.0,4,1.0
1252,41.7333,1,track,,-0.5308,-0.447,-0.0304,,-0.0827,-0.517,-0.0495,0.0,10,0.7143,0.4537,0.0076,13.3773,257.6361,40.8974,1,0.6862,4,1.0
1253,41.7667,0,hold,hold,-0.2998,,,,-0.0827,-0.517,,,9,0.6429,0.3959,0.0172,13.3225,257.6364,,1,0.0,4,1.0
1254,41.8,1,track,,-0.4994,-0.4708,-0.0542,,-0.1016,-0.5527,-0.0092,0.0,11,0.7857,0.5939,0.0079,13.4117,257.6348,40.8945,1,0.7001,4,1.0
1255,41.8333,0,hold,hold,-0.3271,,,,-0.1016,-0.5527,,,8,0.5714,0.2481,0.0185,13.3314,257.6408,,1,0.0,4,1.0
1256,41.8667,0,hold,hold,-0.6453,,,,-0.116,-1.1747,,,13,1.0,1.2482,0.0025,13.9231,257.7507,,1,0.0,4,1.0
1257,41.9,0,hold,hold,-0.324,,,,-0.2521,-0.3959,,,12,1.0,1.2258,0.0203,13.9106,257.7531,,1,0.0,4,1.0
1258,41.9333,0,hold,hold,0.1332,,,,0.7158,-0.4493,,,11,0.9167,1.1007,0.0217,13.4743,258.004,,1,0.0,4,1.0
1259,41.9667,0,hold,hold,0.1961,,,,0.8178,-0.4256,,,12,1.0,1.2035,0.0289,13.1978,258.0087,,1,0.0,4,1.0
1260,42.0,0,hold,hold,0.3803,,,,1.2072,-0.4465,,,13,1.0,1.1688,0.0154,13.4959,258.5085,,1,0.0,4,1.0
1261,42.0333,0,hold,hold,0.0009,,,,0.4421,-0.4403,,,10,0.8333,0.7054,0.045,12.7925,258.5336,,1,0.0,4,1.0
1262,42.0667,0,hold,hold,0.8812,,,,2.1701,-0.4078,,,10,0.8333,0.7103,0.0395,13.0837,258.5291,,1,0.0,4,1.0
1263,42.1,0,hold,hold,0.9642,,,,2.0964,-0.1679,,,10,0.8333,0.7009,0.0384,13.5651,258.7797,,1,0.0,4,1.0
1264,42.1333,0,hold,hold,0.5281,,,,1.6283,-0.5721,,,9,0.75,0.862,0.0344,12.979,258.788,,1,0.0,4,1.0
1265,42.1667,0,hold,hold,1.0707,,,,2.0555,0.086,,,9,0.8182,1.033,0.0339,12.9021,258.7889,,1,0.0,4,1.0
1266,42.2,0,hold,hold,1.0753,,,,2.0448,0.1058,,,13,1.0,2.2046,0.0024,12.7687,259.0012,,1,0.0,4,1.0
1267,42.2333,0,hold,hold,-0.5182,,,,-0.4505,-0.5859,,,12,1.0,1.0835,0.0315,13.9039,277.383,,1,0.0,4,1.0
1268,42.2667,0,hold,hold,0.4419,,,,1.3448,-0.4611,,,6,0.5455,0.2131,0.0463,12.6132,222.018,,1,0.0,4,1.0
1269,42.3,0,hold,hold,0.7719,,,,2.0973,-0.5535,,,6,0.5455,0.1694,0.047,12.7093,221.7721,,1,0.0,4,1.0
1270,42.3333,0,hold,hold,0.7948,,,,2.1419,-0.5524,,,10,0.8333,0.4008,0.0427,13.9571,258.5352,,1,0.0,4,1.0
1271,42.3667,0,hold,hold,0.6656,,,,1.8878,-0.5566,,,14,1.0,2.1566,0.0173,12.8372,276.6256,,1,0.0,4,1.0
1272,42.4,0,hold,hold,-0.0858,,,,0.409,-0.5806,,,7,0.6364,0.1333,0.0422,12.5351,221.1423,,1,0.0,4,1.0
1273,42.4333,0,hold,hold,0.7166,,,,1.926,-0.4928,,,6,0.5455,0.1239,0.0473,12.4514,221.0218,,1,0.0,4,1.0
1274,42.4667,0,hold,hold,0.8103,,,,2.1658,-0.5452,,,6,0.5455,0.1434,0.0465,12.6029,221.0208,,1,0.0,4,1.0
1275,42.5,0,hold,hold,0.7856,,,,2.1158,-0.5447,,,7,0.6364,0.1562,0.0449,12.4192,220.7706,,1,0.0,4,1.0
1276,42.5333,0,hold,hold,0.7821,,,,2.0673,-0.5031,,,8,0.6667,0.5222,0.0389,12.8853,275.6463,,1,0.0,4,1.0
1277,42.5667,0,hold,hold,0.6347,,,,1.7483,-0.4789,,,10,0.8333,0.8247,0.0224,15.055,275.394,,1,0.0,4,1.0
1278,42.6,0,hold,hold,0.7635,,,,1.4041,0.1229,,,11,0.9167,1.3978,0.0158,16.0105,275.3828,,1,0.0,4,1.0
1279,42.6333,0,hold,hold,0.544,,,,0.9978,0.0902,,,7,0.6364,0.464,0.0391,12.7193,275.14,,1,0.0,4,1.0
1280,42.6667,0,hold,hold,0.5984,,,,1.7187,-0.5219,,,5,0.4545,0.0917,0.044,12.7346,220.1433,,1,0.0,4,1.0
1281,42.7,0,hold,hold,0.7445,,,,2.0049,-0.5159,,,11,0.9167,0.5665,0.0266,12.9748,274.8923,,1,0.0,4,1.0
1282,42.7333,0,hold,hold,0.6057,,,,1.3683,-0.157,,,10,0.9091,0.5467,0.0241,14.5289,274.8844,,1,0.0,4,1.0
1283,42.7667,0,hold,hold,0.7011,,,,1.3905,0.0117,,,10,0.9091,0.6962,0.0236,15.7176,275.1364,,1,0.0,4,1.0
1284,42.8,0,hold,hold,0.7484,,,,1.4237,0.0731,,,11,1.0,1.0376,0.0105,16.0227,275.3755,,1,0.0,4,1.0
1285,42.8333,0,hold,hold,0.3372,,,,0.637,0.0375,,,8,0.7273,0.3683,0.0758,13.984,238.8692,,1,0.0,4,1.0
1286,42.8667,0,hold,hold,1.5077,,,,3.6775,-0.662,,,8,0.7273,0.3892,0.0315,12.6993,128.6649,,1,0.0,4,1.0
1287,42.9,0,hold,hold,1.031,,,,1.9321,0.1299,,,10,1.0,0.5699,0.0187,12.696,165.397,,1,0.0,4,1.0
1288,42.9333,0,hold,hold,0.7991,,,,1.3355,0.2628,,,10,0.9091,0.4691,0.0369,13.7398,275.6399,,1,0.0,4,1.0
1289,42.9667,0,hold,hold,0.5719,,,,1.6275,-0.4837,,,11,1.0,1.4365,0.0346,15.8672,275.6691,,1,0.0,4,1.0
1290,43.0,0,hold,hold,1.0241,,,,2.0139,0.0343,,,9,0.8182,0.9381,0.0269,14.4329,275.6502,,1,0.0,4,1.0
1291,43.0333,0,hold,hold,0.7741,,,,1.5447,0.0035,,,11,1.0,1.3321,0.0223,14.4852,275.6509,,1,0.0,4,1.0
1292,43.0667,0,hold,hold,0.785,,,,1.4227,0.1473,,,11,1.0,1.5542,0.0183,14.4852,275.6395,,1,0.0,4,1.0
1293,43.1,0,hold,hold,0.5886,,,,1.1114,0.0657,,,9,0.8182,0.9372,0.0187,14.4045,275.636,,1,0.0,4,1.0
1294,43.1333,0,hold,hold,0.5111,,,,1.0461,-0.024,,,9,0.8182,0.9089,0.0182,14.4045,275.6353,,1,0.0,4,1.0
1295,43.1667,1,acquire,,2.1559,0.4485,0.8651,,2.8579,0.8657,0.0848,0.0,9,0.6923,1.2164,0.0348,17.4047,220.9064,41.8569,-1,0.3289,4,1.0
1296,43.2,1,acquire,,-0.9998,0.4939,0.9105,1.3603,-1.1566,-0.6211,0.057,0.0,7,0.6364,1.3216,0.0093,10.6999,257.4142,41.7054,1,0.4082,4,1.0
1297,43.2333,1,acquire,,1.9566,1.0058,1.4224,15.3587,2.6201,0.5063,0.0731,0.0,11,0.7857,2.0919,0.0369,17.4081,220.8788,41.4711,-1,0.3554,4,1.0
1298,43.2667,1,acquire,,-0.6833,0.8766,1.2932,-3.8761,-1.3299,-0.442,-0.0834,0.0,9,0.8182,2.6827,0.0155,10.7027,276.1446,41.2547,1,0.5027,4,1.0
1299,43.3,0,acquire,low_conf,2.4491,,,,4.0561,0.4093,-0.0551,0.0,8,0.5714,0.7683,0.0638,18.4197,202.6851,41.0863,-1,0.2919,4,1.0
1300,43.3333,1,acquire,,2.1138,0.7926,1.2093,,2.8704,0.5241,-0.2882,0.0,10,0.7143,1.1406,0.041,16.4504,221.1505,40.9459,-1,0.341,4,1.0
1301,43.3667,1,acquire,,2.0018,1.2079,1.6246,12.459,2.8771,0.4318,-0.3609,0.0,10,0.7143,1.1522,0.0427,16.5147,221.135,40.8355,-1,0.3417,4,1.0
1302,43.4,1,acquire,,2.0014,1.4857,1.9024,8.3337,2.8745,0.4326,-0.4286,0.0,10,0.7143,1.1556,0.0427,16.5209,221.1349,40.6999,-1,0.3367,4,1.0
1303,43.4333,1,acquire,,-0.9727,1.6663,2.0829,5.4169,-1.2023,-0.6529,-0.5039,0.0,7,0.6364,1.3717,0.0096,10.9632,257.6621,40.5826,1,0.4375,4,1.0
1304,43.4667,1,acquire,,-0.916,1.7836,2.2002,3.5189,-1.514,-0.6616,-0.3597,0.0,8,0.7273,1.892,0.0149,10.8184,257.4079,40.5491,1,0.4434,4,1.0
1305,43.5,1,acquire,,-0.4611,0.998,1.4146,-23.569,-0.956,0.0339,-0.4612,0.0,9,0.9,2.5122,0.0173,10.9832,276.1339,40.5366,1,0.5771,4,1.0
1306,43.5333,1,acquire,,-0.959,0.3281,0.7447,-20.0961,-1.5603,-0.6672,-0.3185,0.0,7,0.7778,1.1434,0.0156,10.9399,257.4111,40.3966,1,0.5052,4,1.0
1307,43.5667,1,acquire,,-0.8424,-0.1073,0.3093,-13.0624,-1.3334,-0.6618,-0.3987,0.0,7,0.7778,0.9212,0.0117,10.9825,257.4028,40.2569,1,0.5795,4,1.0
1308,43.6,1,track,,-0.8727,-0.3752,0.0414,-8.0364,-1.294,-0.7642,-0.4054,0.0,8,0.8,0.9276,0.0092,11.3984,257.2798,40.1516,1,0.6203,4,1.0
1309,43.6333,1,track,,-1.0282,-0.5493,-0.1327,-5.2236,-1.2889,-0.6687,-0.3242,0.0,7,0.7,0.5518,0.0108,10.9798,238.9135,40.1308,1,0.5861,4,1.0
1310,43.6667,1,track,,-0.8194,-0.6625,-0.2459,-3.3954,-1.1802,-0.7704,-0.3822,0.0,8,0.8,0.9137,0.0072,10.8414,257.0263,40.1056,1,0.6377,4,1.0
1311,43.7,1,track,,-0.8762,-0.7361,-0.3195,-2.207,-1.293,-0.6689,-0.3783,0.0,8,0.8,0.9659,0.0109,11.3503,256.78,40.1206,1,0.6016,4,1.0
1312,43.7333,1,track,,-0.8062,-0.7839,-0.3673,-1.4345,-1.1505,-0.6683,-0.3194,0.0,8,0.8,0.8685,0.0084,10.7873,256.5254,40.1331,1,0.6341,4,1.0
1313,43.7667,1,track,,-0.81,-0.7963,-0.3797,-0.373,-1.1582,-0.6688,-0.2201,0.0,8,0.8,0.8547,0.0085,10.8442,256.2756,40.1611,1,0.6287,4,1.0
1314,43.8,1,track,,-0.825,-0.8044,-0.3878,-0.2425,-1.1855,-0.6762,-0.2272,0.0,8,0.8889,0.8272,0.0089,10.8595,256.0265,40.1862,1,0.68,4,1.0
1315,43.8333,0,hold,hold,-0.9309,,,,-1.1855,-0.6762,,,8,0.8889,1.008,0.0055,10.8387,255.5201,,1,0.0,4,1.0
1316,43.8667,0,hold,hold,-0.8352,,,,-0.9922,-0.6782,,,8,0.8889,1.0136,0.004,10.8371,255.5202,,1,0.0,4,1.0
1317,43.9,0,hold,hold,-0.8815,,,,-0.995,-0.7679,,,8,0.8889,1.028,0.0054,10.8383,255.7697,,1,0.0,4,1.0
1318,43.9333,1,track,,-0.5747,-0.7678,-0.3512,,-0.7115,-0.6778,-0.1196,0.0,8,0.8889,0.9697,0.0006,12.3667,255.5129,39.7458,1,0.7176,4,1.0
1319,43.9667,0,hold,hold,-0.6946,,,,-0.7115,-0.6778,,,9,0.9,1.0306,0.0042,10.8859,255.5184,,1,0.0,4,1.0
1320,44.0,1,track,,-0.7874,-0.7374,-0.3208,,-1.378,-0.7258,-0.369,0.0,9,0.9,0.9375,0.0114,10.7948,255.5241,39.3318,1,0.6798,4,1.0
1321,44.0333,0,hold,hold,-1.0519,,,,-1.378,-0.7258,,,9,0.9,1.0977,0.0049,10.8086,255.5359,,1,0.0,4,1.0
1322,44.0667,1,track,,-0.7448,-0.74,-0.3234,,-1.0217,-0.6887,-0.3794,0.0,8,0.8889,0.9969,0.0058,10.8217,255.5216,39.0087,1,0.6864,4,1.0
1323,44.1,0,hold,hold,-0.8552,,,,-1.0217,-0.6887,,,8,0.8889,1.0022,0.0062,10.8526,255.5222,,1,0.0,4,1.0
1324,44.1333,0,hold,hold,-0.8644,,,,-1.0413,-0.6876,,,8,0.8889,1.1531,0.013,10.8873,255.5354,,1,0.0,4,1.0
1325,44.1667,0,hold,hold,-1.0626,,,,-1.4359,-0.6892,,,8,0.8889,1.1616,0.0122,10.8459,255.5336,,1,0.0,4,1.0
1326,44.2,0,hold,hold,-1.0409,,,,-1.3906,-0.6911,,,8,0.8889,1.1271,0.0136,10.8453,255.5364,,1,0.0,4,1.0
1327,44.2333,0,hold,hold,-1.0787,,,,-1.4673,-0.6901,,,8,0.8889,1.1959,0.0,10.8663,255.5291,,1,0.0,4,1.0
1328,44.2667,1,track,,-0.4379,-0.6343,-0.2176,,-0.6319,-0.2438,-0.302,0.0,6,0.6667,0.3767,0.0068,11.9701,255.5075,38.9475,1,0.6444,4,1.0
1329,44.3,1,track,,-0.4404,-0.566,-0.1493,2.0488,-0.6325,-0.2483,-0.2402,0.0,6,0.6667,0.3731,0.0067,11.973,255.5075,38.9797,1,0.6411,4,1.0
1330,44.3333,0,hold,hold,-0.4404,,,,-0.6325,-0.2483,,,7,0.875,1.267,0.0161,10.8311,255.5342,,1,0.0,4,1.0
1331,44.3667,0,hold,hold,-1.0488,,,,-1.511,-0.5866,,,7,0.875,1.3555,0.0216,10.7949,255.5469,,1,0.0,4,1.0
1332,44.4,0,hold,hold,-1.2118,,,,-1.8291,-0.5945,,,10,1.0,2.2591,0.0142,10.7419,273.7602,,1,0.0,4,1.0
1333,44.4333,0,hold,hold,-0.4936,,,,-0.8996,-0.0875,,,9,0.9,1.7662,0.0099,10.6939,255.5309,,1,0.0,4,1.0
1334,44.4667,0,hold,hold,-1.0861,,,,-1.37,-0.8021,,,8,0.8,1.0795,0.01,11.8143,255.5293,,1,0.0,4,1.0
1335,44.5,0,hold,hold,-0.977,,,,-1.2633,-0.6907,,,9,0.9,1.5546,0.0077,10.732,255.5264,,1,0.0,4,1.0
1336,44.5333,1,track,,-0.5591,-0.5636,-0.1469,,-0.5992,-0.9373,-0.1764,0.0,7,0.7,0.8645,0.0059,10.7231,237.2613,38.4257,1,0.5862,4,1.0
1337,44.5667,0,hold,hold,-0.7682,,,,-0.5992,-0.9373,,,7,0.7,0.4822,0.0132,10.7621,237.2907,,1,0.0,4,1.0
1338,44.6,1,track,,-0.5596,-0.5621,-0.1455,,-0.4318,-0.8909,-0.1849,0.0,6,0.6,0.6052,0.008,11.7834,237.2613,38.4092,1,0.5456,4,1.0
1339,44.6333,1,track,,-0.5695,-0.5612,-0.1446,0.0262,-0.7601,-0.6467,-0.2151,0.0,7,0.7,0.5272,0.002,12.8179,255.5126,38.3736,1,0.6688,4,1.0
1340,44.6667,0,hold,hold,-0.7034,,,,-0.7601,-0.6467,,,8,0.8,1.066,0.009,11.7426,255.5266,,1,0.0,4,1.0
1341,44.7,0,hold,hold,-0.9369,,,,-1.1956,-0.6781,,,9,0.9,1.7028,0.0116,10.6171,255.783,,1,0.0,4,1.0
1342,44.7333,0,hold,hold,-1.1167,,,,-1.448,-0.7854,,,9,0.9,1.5923,0.0115,10.6614,256.0331,,1,0.0,4,1.0
1343,44.7667,0,hold,hold,-1.1125,,,,-1.4412,-0.7839,,,8,0.8,1.1936,0.0134,11.6889,255.7856,,1,0.0,4,1.0
1344,44.8,0,hold,hold,-1.0681,,,,-1.4528,-0.6834,,,8,0.8889,1.2063,0.0131,11.656,256.0352,,1,0.0,4,1.0
1345,44.8333,0,hold,hold,-1.064,,,,-1.4402,-0.6878,,,8,0.8889,1.2063,0.0131,11.656,256.0352,,1,0.0,4,1.0
1346,44.8667,0,hold,hold,-1.064,,,,-1.4402,-0.6878,,,8,0.8889,1.2078,0.0131,11.656,255.7852,,1,0.0,4,1.0
1347,44.9,0,hold,hold,-1.0642,,,,-1.4383,-0.6902,,,8,0.8889,1.2064,0.013,11.6552,255.7852,,1,0.0,4,1.0
1348,44.9333,0,hold,hold,-1.0646,,,,-1.4369,-0.6922,,,9,0.9,1.6677,0.0108,10.576,255.7821,,1,0.0,4,1.0
1349,44.9667,0,hold,hold,-1.1048,,,,-1.4151,-0.7944,,,9,0.9,1.6858,0.0108,10.5562,255.532,,1,0.0,4,1.0
1350,45.0,0,hold,hold,-1.1049,,,,-1.4151,-0.7946,,,12,1.0,2.4147,0.0172,10.4103,273.8933,,1,0.0,4,1.0
1351,45.0333,0,hold,hold,-0.6615,,,,-1.1537,-0.1693,,,10,1.0,2.4867,0.0415,10.7098,273.6473,,1,0.0,4,1.0
1352,45.0667,0,hold,hold,-1.2889,,,,-2.4771,-0.1008,,,12,1.0,1.9912,0.0159,10.6585,273.3945,,1,0.0,4,1.0
1353,45.1,0,hold,hold,-0.6839,,,,-1.1382,-0.2296,,,10,0.9091,1.7407,0.0312,10.6563,254.9212,,1,0.0,4,1.0
1354,45.1333,0,hold,hold,-1.3286,,,,-2.221,-0.4362,,,12,1.0,2.1242,0.015,10.5999,272.891,,1,0.0,4,1.0
1355,45.1667,0,hold,hold,-0.6196,,,,-1.0496,-0.1895,,,12,1.0,2.1759,0.0143,10.59,272.6395,,1,0.0,4,1.0
1356,45.2,0,hold,hold,-0.5912,,,,-1.0009,-0.1814,,,10,0.9091,1.7368,0.0313,10.5983,254.1711,,1,0.0,4,1.0
1357,45.2333,0,hold,hold,-1.3298,,,,-2.2248,-0.4348,,,11,1.0,2.1894,0.0363,10.8134,272.1447,,1,0.0,4,1.0
1358,45.2667,0,hold,hold,-1.1865,,,,-2.2246,-0.1484,,,12,1.0,2.3159,0.0124,10.5911,272.1355,,1,0.0,4,1.0
1359,45.3,0,hold,hold,-0.5027,,,,-0.8566,-0.1488,,,12,1.0,2.173,0.0148,10.578,271.8902,,1,0.0,4,1.0
1360,45.3333,0,hold,hold,-0.6059,,,,-1.0296,-0.1822,,,12,1.0,2.1687,0.0148,10.5607,271.8902,,1,0.0,4,1.0
1361,45.3667,0,hold,hold,-0.6068,,,,-1.0295,-0.1841,,,12,1.0,2.1646,0.0147,10.5477,271.8903,,1,0.0,4,1.0
1362,45.4,0,hold,hold,-0.6076,,,,-1.029,-0.1863,,,12,1.0,2.1614,0.0146,10.5779,271.8903,,1,0.0,4,1.0
1363,45.4333,0,hold,hold,-0.6073,,,,-1.025,-0.1895,,,12,1.0,2.1584,0.0146,10.5704,271.8904,,1,0.0,4,1.0
1364,45.4667,0,hold,hold,-0.6108,,,,-1.0303,-0.1912,,,12,1.0,2.1507,0.0145,10.5384,271.8904,,1,0.0,4,1.0
1365,45.5,0,hold,hold,-0.6095,,,,-1.0239,-0.1951,,,12,1.0,2.1538,0.0143,10.5515,271.8903,,1,0.0,4,1.0
1366,45.5333,0,hold,hold,-0.6074,,,,-1.0169,-0.198,,,12,1.0,2.1465,0.0142,10.5391,271.8903,,1,0.0,4,1.0
1367,45.5667,0,hold,hold,-0.6087,,,,-1.0166,-0.2007,,,12,1.0,2.1408,0.0142,10.5397,271.8903,,1,0.0,4,1.0
1368,45.6,0,hold,hold,-0.6087,,,,-1.0159,-0.2016,,,12,1.0,2.1444,0.0142,10.5465,271.8904,,1,0.0,4,1.0
1369,45.6333,0,hold,hold,-0.6095,,,,-1.0161,-0.2029,,,12,1.0,2.1422,0.0142,10.5258,271.8904,,1,0.0,4,1.0
1370,45.6667,0,hold,hold,-0.6094,,,,-1.0165,-0.2022,,,12,1.0,2.1388,0.0142,10.5082,271.8903,,1,0.0,4,1.0
1371,45.7,0,hold,hold,-0.6086,,,,-1.0152,-0.202,,,12,1.0,2.2867,0.0109,10.5482,272.3854,,1,0.0,4,1.0
1372,45.7333,0,hold,hold,-0.5016,,,,-0.8146,-0.1886,,,12,1.0,2.2999,0.0109,10.5271,272.1352,,1,0.0,4,1.0
1373,45.7667,0,hold,hold,-0.4949,,,,-0.8073,-0.1825,,,12,1.0,2.3018,0.0109,10.5411,272.1352,,1,0.0,4,1.0
1374,45.8,0,hold,hold,-0.4955,,,,-0.8073,-0.1836,,,12,1.0,2.3181,0.011,10.5148,272.3848,,1,0.0,4,1.0
1375,45.8333,0,hold,hold,-0.4867,,,,-0.8015,-0.1719,,,12,1.0,2.1246,0.0142,10.4991,272.3904,,1,0.0,4,1.0
1376,45.8667,0,hold,hold,-0.609,,,,-1.0152,-0.2029,,,13,1.0,2.0973,0.0128,10.1836,272.393,,1,0.0,4,1.0
1377,45.9,0,hold,hold,-0.6593,,,,-1.0264,-0.2921,,,13,1.0,2.0974,0.0129,10.1641,272.3931,,1,0.0,4,1.0
1378,45.9333,0,hold,hold,-0.6598,,,,-1.0281,-0.2915,,,13,1.0,2.0991,0.0129,10.1766,272.3931,,1,0.0,4,1.0
1379,45.9667,0,hold,hold,-0.6599,,,,-1.0291,-0.2907,,,13,1.0,2.1008,0.013,10.1777,272.3932,,1,0.0,4,1.0
1380,46.0,1,acquire,,-1.1401,-0.7638,-0.3472,,-2.1374,-0.5517,-0.0807,1.5235,11,0.8462,1.6989,0.0277,10.1502,254.1753,36.8876,1,0.4439,4,1.0
1381,46.0333,1,acquire,,-0.6781,-0.8147,-0.3981,-1.5256,-1.7536,-0.1733,-0.0657,0.6746,11,1.0,2.2067,0.0276,10.8307,272.3941,36.9056,1,0.5592,4,1.0
1382,46.0667,1,acquire,,-0.6825,-0.7684,-0.3518,1.3876,-1.7658,-0.1736,-0.0656,0.6746,11,1.0,2.2154,0.0278,10.8269,272.3943,36.9054,1,0.5589,4,1.0
1383,46.1,1,acquire,,-0.6798,-0.7379,-0.3213,0.9161,-1.7587,-0.1739,-0.0501,0.6746,11,1.0,2.2138,0.0277,10.8113,272.3942,36.9062,1,0.558,4,1.0
1384,46.1333,1,acquire,,-0.6801,-0.7177,-0.3011,0.6065,-1.7577,-0.1748,-0.0458,0.6746,11,1.0,2.2118,0.0276,10.8076,272.3942,36.9143,1,0.5577,4,1.0
1385,46.1667,1,acquire,,-0.6863,-0.7045,-0.2879,0.3943,-1.7559,-0.188,-0.0902,0.6746,11,1.0,2.3193,0.0274,10.8127,272.3945,36.9214,1,0.5603,4,1.0
1386,46.2,1,acquire,,-0.6763,-0.696,-0.2794,0.2563,-1.7276,-0.1851,-0.1255,1.5255,11,0.9167,2.3517,0.0269,10.8142,273.394,36.9175,1,0.517,4,1.0
1387,46.2333,1,acquire,,-0.6788,-0.6903,-0.2737,0.1696,-1.7276,-0.1882,-0.1498,1.5194,11,1.0,2.3422,0.0269,10.8172,274.1442,36.9111,1,0.5647,4,1.0
1388,46.2667,1,acquire,,-0.6362,-0.6863,-0.2697,0.1215,-1.8957,-0.1892,0.1138,1.5174,11,0.9167,2.2112,0.0298,10.8074,274.8919,36.9027,1,0.5037,4,1.0
1389,46.3,1,acquire,,-0.6363,-0.6828,-0.2662,0.1043,-2.0232,-0.1956,0.0453,1.5174,11,1.0,2.1847,0.0319,10.8153,275.892,36.8041,1,0.5546,4,1.0
1390,46.3333,1,acquire,,-0.6364,-0.6666,-0.25,0.487,-2.014,-0.1961,-0.0464,0.6746,11,1.0,2.1823,0.0317,10.7993,276.6421,36.7187,1,0.5607,4,1.0
1391,46.3667,1,acquire,,-0.6315,-0.656,-0.2394,0.3179,-2.0025,-0.1935,0.0348,0.6746,11,0.9167,2.1855,0.0316,10.7918,277.1418,36.6431,1,0.5093,4,1.0
1392,46.4,1,acquire,,-0.6326,-0.6491,-0.2324,0.2075,-2.0023,-0.1956,0.1094,1.4435,11,0.9167,2.186,0.0315,10.794,277.5169,36.5869,1,0.5042,4,1.0
1393,46.4333,1,acquire,,-0.6312,-0.6433,-0.2267,0.1725,-1.999,-0.1952,0.0979,1.4397,11,0.9167,2.1839,0.0315,10.7919,277.6418,36.6067,1,0.5051,4,1.0
1394,46.4667,1,acquire,,-0.6167,-0.6392,-0.2226,0.1235,-1.9516,-0.1948,0.125,1.4416,11,0.9167,2.1795,0.0307,10.7891,277.8911,36.6419,1,0.5043,4,1.0
1395,46.5,1,acquire,,-0.6153,-0.6364,-0.2198,0.0841,-1.95,-0.1949,0.1342,1.3675,11,0.9167,2.1793,0.0306,10.7898,277.641,36.8293,1,0.5037,4,1.0
1396,46.5333,1,acquire,,-0.6145,-0.6295,-0.2129,0.2066,-1.9502,-0.1944,-0.3512,1.3675,11,1.0,2.1832,0.0307,10.7897,277.641,37.0682,1,0.5824,4,1.0
1397,46.5667,1,acquire,,-0.6117,-0.6245,-0.2079,0.1494,-1.9436,-0.1948,-0.265,1.3675,11,1.0,2.186,0.0305,10.7905,277.6408,37.2574,1,0.5769,4,1.0
1398,46.6,1,acquire,,-0.6142,-0.621,-0.2044,0.1052,-1.9425,-0.1943,-0.2824,1.2221,11,1.0,2.1894,0.0305,10.7934,277.641,37.3942,1,0.5779,4,1.0
1399,46.6333,1,acquire,,-0.6146,-0.6187,-0.2021,0.0684,-1.9436,-0.1938,-0.2904,1.2221,11,1.0,2.1854,0.0306,10.7935,277.516,37.5153,1,0.5784,4,1.0
1400,46.6667,1,acquire,,-0.6167,-0.6173,-0.2006,0.0445,-1.9511,-0.1953,-0.3398,0.6746,11,1.0,2.1852,0.0307,10.7983,277.5161,37.5929,1,0.5815,4,1.0
1401,46.7,1,acquire,,-0.6153,-0.6163,-0.1997,0.028,-1.9482,-0.195,-0.3279,0.6746,11,1.0,2.1833,0.0306,10.7968,277.516,37.6283,1,0.5808,4,1.0
1402,46.7333,1,acquire,,-0.6165,-0.616,-0.1994,0.0102,-1.9528,-0.193,-0.2737,0.6746,11,1.0,2.1894,0.0307,10.7933,277.5161,37.614,1,0.5771,4,1.0
1403,46.7667,1,acquire,,-0.6141,-0.6158,-0.1991,0.0066,-1.9506,-0.191,-0.3728,0.6746,11,1.0,2.187,0.0307,10.7992,277.5159,37.5845,1,0.5839,4,1.0
1404,46.8,1,acquire,,-0.61,-0.6156,-0.199,0.0043,-1.7896,-0.1833,-0.2978,1.2189,11,1.0,2.2038,0.028,10.795,277.6407,37.5486,1,0.5792,4,1.0
1405,46.8333,1,acquire,,-0.6089,-0.6151,-0.1985,0.0161,-1.788,-0.1826,-0.3024,0.6746,11,1.0,2.2002,0.028,10.7917,277.6407,37.4905,1,0.5796,4,1.0
1406,46.8667,1,acquire,,-0.6081,-0.6133,-0.1967,0.0535,-1.7904,-0.1804,-0.3163,0.6746,11,1.0,2.2042,0.0281,10.7931,277.6406,37.4035,1,0.5806,4,1.0
1407,46.9,1,acquire,,-0.6023,-0.6117,-0.1951,0.0466,-1.7813,-0.1795,-0.3111,0.6752,11,1.0,2.2174,0.028,10.7921,277.8904,37.3317,1,0.5806,4,1.0
1408,46.9333,1,acquire,,-0.6032,-0.6104,-0.1938,0.0387,-1.7824,-0.1802,-0.1869,0.6746,11,1.0,2.2191,0.028,10.7866,277.8904,37.3178,1,0.5722,4,1.0
1409,46.9667,1,acquire,,-0.6029,-0.6079,-0.1913,0.0758,-1.7831,-0.18,-0.1911,0.6746,11,1.0,2.2182,0.028,10.7923,277.8904,37.329,1,0.5725,4,1.0
1410,47.0,1,acquire,,-0.3406,-0.6062,-0.1895,0.0529,-0.4981,-0.183,-0.1441,0.674,11,1.0,2.4904,0.0055,12.6447,278.1299,37.3274,1,0.7025,4,1.0
1411,47.0333,1,acquire,,-0.313,-0.6048,-0.1882,0.0401,-0.5018,-0.1241,-0.2243,0.0,10,1.0,2.572,0.0066,12.8078,278.1291,37.3804,1,0.7029,4,1.0
1412,47.0667,1,acquire,,-0.3145,-0.5123,-0.0957,2.7748,-0.5026,-0.1264,-0.2649,0.0,10,1.0,2.5725,0.0066,12.8119,278.1292,37.4969,1,0.7057,4,1.0
1413,47.1,1,acquire,,-0.314,-0.4431,-0.0265,2.0772,-0.5019,-0.126,-0.2657,0.0,10,1.0,2.5707,0.0066,12.7994,278.3792,37.5903,1,0.7058,4,1.0
1414,47.1333,1,acquire,,-0.3391,-0.3981,0.0185,1.3502,-0.4943,-0.1838,-0.2926,0.0,11,1.0,2.4948,0.0054,12.5446,278.3799,37.6391,1,0.713,4,1.0
1415,47.1667,1,acquire,,-0.3407,-0.3688,0.0478,0.8776,-0.4951,-0.1862,-0.2862,0.0,11,1.0,2.4905,0.0054,12.5485,278.3799,37.6765,1,0.7127,4,1.0
1416,47.2,1,acquire,,-0.3411,-0.3584,0.0582,0.3124,-0.4956,-0.1866,-0.322,0.0,11,1.0,2.4864,0.0054,12.5642,278.6299,37.7439,1,0.715,4,1.0
1417,47.2333,1,acquire,,-0.3412,-0.3522,0.0644,0.1864,-0.4938,-0.1885,-0.2596,0.0,11,1.0,2.4824,0.0053,12.5673,278.6299,37.7928,1,0.7113,4,1.0
1418,47.2667,1,acquire,,-0.3446,-0.3483,0.0683,0.1164,-0.4982,-0.191,-0.256,0.0,11,1.0,2.4842,0.0054,12.5771,278.63,37.836,1,0.7106,4,1.0
1419,47.3,1,acquire,,-0.345,-0.3458,0.0708,0.0749,-0.4978,-0.1921,-0.2791,0.0,11,1.0,2.4791,0.0053,12.5878,278.63,37.8547,1,0.7123,4,1.0
1420,47.3333,1,acquire,,-0.3478,-0.3454,0.0712,0.0129,-0.505,-0.1906,-0.2994,0.0,11,1.0,2.4684,0.0055,12.5609,278.8801,37.834,1,0.7125,4,1.0
1421,47.3667,1,acquire,,-0.3474,-0.3452,0.0714,0.0045,-0.5044,-0.1904,-0.291,0.0,11,1.0,2.4615,0.0055,12.5659,278.8801,37.8054,1,0.712,4,1.0
1422,47.4,1,acquire,,-0.3476,-0.346,0.0706,-0.0225,-0.5018,-0.1933,-0.2744,0.0,11,1.0,2.4684,0.0054,12.5642,279.1301,37.7885,1,0.7115,4,1.0
1423,47.4333,1,acquire,,-0.3694,-0.3465,0.0701,-0.0164,-0.5546,-0.1843,-0.2897,0.0,11,1.0,2.5508,0.0065,11.3149,279.3808,37.832,1,0.7043,4,1.0
1424,47.4667,1,acquire,,-0.3465,-0.3469,0.0697,-0.0107,-0.4938,-0.1993,-0.2972,-0.4341,11,1.0,2.4649,0.0051,12.5958,278.1301,37.8689,1,0.7146,4,1.0
1425,47.5,1,acquire,,-0.6202,-0.3471,0.0695,-0.0069,-1.9954,-0.2002,-0.2758,0.0,11,1.0,2.1838,0.0313,10.8442,276.6412,37.8996,1,0.577,4,1.0
1426,47.5333,1,acquire,,-0.6699,-0.3549,0.0617,-0.2341,-2.1096,-0.2248,-0.1791,0.0,10,1.0,2.3198,0.0329,11.8356,274.8938,37.9512,1,0.5673,4,1.0
1427,47.5667,1,acquire,,-0.464,-0.3931,0.0235,-1.145,-0.1525,-1.5093,-0.1729,0.0,13,0.8125,1.4953,0.0237,19.6715,273.759,38.0061,-1,0.4792,4,1.0
1428,47.6,1,acquire,,-0.1443,-0.4179,-0.0013,-0.7442,-0.0981,-0.4725,-0.2555,-0.4341,15,0.9375,2.0336,0.0065,21.2935,272.8759,38.0564,-1,0.667,4,1.0
1429,47.6333,1,acquire,,-0.1095,-0.434,-0.0174,-0.4837,-0.0995,-0.4025,-0.1129,0.0,15,0.9375,1.9953,0.0053,19.9792,272.1255,38.0923,-1,0.682,4,1.0
1430,47.6667,1,acquire,,-0.1121,-0.3326,0.084,3.0425,-0.1066,-0.4016,-0.2076,0.0,15,0.9375,1.9963,0.0052,19.9736,271.3755,38.0767,-1,0.6767,4,1.0
1431,47.7,1,acquire,,-0.3657,-0.2667,0.1499,1.9776,-0.1081,-1.1997,-0.1623,0.0,14,0.875,1.5138,0.0191,20.6681,271.1305,38.056,-1,0.5479,4,1.0
1432,47.7333,1,acquire,,-0.6419,-0.2238,0.1928,1.2855,-2.0846,-0.1943,-0.1198,-0.4341,11,1.0,2.3991,0.033,11.3338,271.142,38.0358,1,0.5652,4,1.0
1433,47.7667,1,acquire,,-0.6408,-0.2735,0.1431,-1.4895,-2.0819,-0.1941,-0.0197,-0.4341,11,1.0,2.3962,0.033,11.331,271.142,38.0173,1,0.5586,4,1.0
1434,47.8,1,acquire,,-0.6486,-0.4021,0.0146,-3.8569,-2.1053,-0.1941,-0.0911,-0.4341,11,1.0,2.2733,0.0334,10.7866,271.1424,37.9879,1,0.5628,4,1.0
1435,47.8333,1,acquire,,0.0379,-0.4856,-0.069,-2.507,-0.2998,-0.3226,-0.2953,-0.4341,15,0.9375,2.0683,0.0004,20.0022,271.3751,37.9309,-1,0.6906,4,1.0
1436,47.8667,1,acquire,,-0.6431,-0.5403,-0.1237,-1.6407,-2.0989,-0.1856,-0.2734,0.0,11,1.0,2.2638,0.0334,10.7842,272.3922,37.6845,1,0.5754,4,1.0
1437,47.9,1,acquire,,-0.489,-0.5755,-0.1589,-1.0553,-0.1673,-1.4773,-0.2586,0.0,13,0.8125,1.4545,0.0229,21.3281,273.76,37.4816,-1,0.4951,4,1.0
1438,47.9333,1,acquire,,-0.1206,-0.5452,-0.1286,0.9084,-0.061,-0.4488,-0.2496,0.0,15,0.9375,1.946,0.0068,19.613,275.3756,37.3264,-1,0.6644,4,1.0
1439,47.9667,1,acquire,,-0.125,-0.3981,0.0185,4.4122,-0.0687,-0.4489,-0.2679,0.0,15,0.9375,1.9487,0.0066,19.8512,276.6257,37.2001,-1,0.6643,4,1.0
1440,48.0,1,acquire,,-0.245,-0.3445,0.0721,1.608,-0.063,-0.4826,-0.3001,0.0,14,0.9333,1.9408,0.0073,19.1489,277.5025,37.1155,-1,0.6635,4,1.0
1441,48.0333,1,acquire,,-0.4761,-0.3097,0.1069,1.0452,-0.2275,-1.3865,-0.215,0.0,12,0.8,1.4335,0.0202,19.2274,277.8846,37.0089,-1,0.5061,4,1.0
1442,48.0667,1,acquire,,-0.48,-0.287,0.1296,0.6794,-0.2234,-1.398,-0.2141,0.0,12,0.8,1.4268,0.0205,19.3301,278.3848,36.9369,-1,0.5052,4,1.0
1443,48.1,1,acquire,,-0.3795,-0.3194,0.0972,-0.9708,-0.4778,-0.2812,-0.2983,0.0,12,1.0,2.4556,0.0034,11.2727,278.6311,36.84,1,0.7231,4,1.0
1444,48.1333,1,acquire,,-0.3846,-0.3422,0.0744,-0.6841,-0.485,-0.2841,-0.2736,0.0,12,1.0,2.4566,0.0035,11.2503,278.8813,36.7256,1,0.7207,4,1.0
1445,48.1667,1,acquire,,-0.3925,-0.3598,0.0568,-0.5279,-0.5028,-0.2822,-0.2722,0.0,12,1.0,2.4656,0.0039,11.2072,278.6315,36.5873,1,0.7179,4,1.0
1446,48.2,1,acquire,,-0.3921,-0.3711,0.0455,-0.3393,-0.5029,-0.2813,-0.2509,0.0,12,1.0,2.4726,0.0039,11.2068,278.6315,36.4632,1,0.7164,4,1.0
1447,48.2333,1,acquire,,0.1506,-0.3758,0.0408,-0.1411,-0.0328,0.413,-0.0045,0.0,7,0.5385,0.4291,0.0078,13.1982,278.626,36.2098,1,0.5789,4,1.0
1448,48.2667,1,acquire,,-0.6602,-0.3815,0.0351,-0.1712,-1.9383,-0.2834,0.251,0.0,12,0.9231,2.2013,0.0289,10.0665,278.6435,35.9649,1,0.4965,4,1.0
1449,48.3,1,acquire,,-0.6535,-0.3854,0.0313,-0.1151,-1.9126,-0.2917,0.0759,0.0,12,0.9231,2.1746,0.0283,10.0009,278.3931,35.7832,1,0.5086,4,1.0
1450,48.3333,1,acquire,,-0.6554,-0.4792,-0.0626,-2.8154,-1.9139,-0.2944,0.2818,0.0,12,0.9231,2.1752,0.0283,10.0013,278.3932,35.6651,1,0.4948,4,1.0
1451,48.3667,1,acquire,,-0.6573,-0.5409,-0.1243,-1.8501,-1.9146,-0.2977,0.2888,0.0,12,0.9231,2.1765,0.0282,10.0065,278.3933,35.5987,1,0.4942,4,1.0
1452,48.4,1,acquire,,-0.6143,-0.581,-0.1643,-1.2026,-2.0382,-0.1665,0.3328,0.0,11,1.0,2.2421,0.0327,10.8379,278.141,35.5759,1,0.5369,4,1.0
1453,48.4333,1,acquire,,-0.6137,-0.6063,-0.1897,-0.7615,-2.0377,-0.1657,0.1213,0.0,11,1.0,2.2426,0.0327,10.8434,278.141,35.5924,1,0.551,4,1.0
1454,48.4667,1,acquire,,-0.1175,-0.6091,-0.1925,-0.0838,0.498,-0.6518,-0.0912,0.0,14,0.875,1.8536,0.0201,17.6226,278.1256,35.621,-1,0.5534,4,1.0
1455,48.5,1,acquire,,-0.6622,-0.611,-0.1943,-0.0545,-1.4443,-0.3787,-0.2712,0.0,13,0.9286,2.0883,0.0186,9.3124,278.1436,35.6625,1,0.568,4,1.0
1456,48.5333,1,acquire,,-0.6374,-0.6121,-0.1955,-0.0354,-2.0808,-0.1806,-0.2864,0.0,11,1.0,2.263,0.0332,10.8411,278.3922,35.8197,1,0.5766,4,1.0
1457,48.5667,1,acquire,,-0.6391,-0.621,-0.2044,-0.2657,-2.0778,-0.1857,-0.2836,0.0,11,1.0,2.2629,0.033,10.8526,278.3923,35.9258,1,0.5763,4,1.0
1458,48.6,1,acquire,,-0.134,-0.6268,-0.2101,-0.1727,0.0052,-0.2732,-0.2957,0.0,15,0.9375,1.7467,0.0049,18.5447,278.3758,35.9885,-1,0.6741,4,1.0
1459,48.6333,1,acquire,,-0.1267,-0.6305,-0.2139,-0.1123,0.0062,-0.2596,-0.2947,0.0,15,0.9375,1.7502,0.0046,18.5589,278.3757,36.0498,-1,0.6751,4,1.0
1460,48.6667,1,acquire,,-0.1285,-0.4567,-0.0401,5.2132,0.0075,-0.2644,-0.3016,0.0,15,0.9375,1.7403,0.0047,18.5744,278.3757,36.0856,-1,0.6741,4,1.0
1461,48.7,1,acquire,,-0.1246,-0.3418,0.0748,3.4469,0.0069,-0.2561,-0.3175,0.0,15,0.9375,1.7449,0.0046,18.6627,278.1257,36.0869,-1,0.6737,4,1.0
1462,48.7333,1,acquire,,-0.1174,-0.2665,0.1501,2.2592,0.0071,-0.2418,-0.3381,0.0,15,0.9375,1.7484,0.0043,18.6918,278.1256,36.0834,-1,0.6734,4,1.0
1463,48.7667,1,acquire,,-0.1162,-0.2168,0.1998,1.4903,0.007,-0.2394,-0.3091,0.0,15,0.9375,1.7504,0.0043,18.6628,278.1256,36.0834,-1,0.6755,4,1.0
1464,48.8,1,acquire,,-0.1259,-0.1846,0.2321,0.9687,0.0071,-0.2589,-0.3052,0.0,15,0.9375,1.7457,0.0046,18.5844,278.1257,36.0642,-1,0.6743,4,1.0
1465,48.8333,1,acquire,,-0.1191,-0.1616,0.255,0.6878,0.0071,-0.2452,-0.3142,0.0,15,0.9375,1.7665,0.0044,18.2903,278.3756,36.0497,-1,0.6747,4,1.0
1466,48.8667,1,acquire,,-0.109,-0.1461,0.2705,0.4649,0.0061,-0.224,-0.3145,0.0,15,0.9375,1.7827,0.004,18.283,278.3755,36.0301,-1,0.6765,4,1.0
1467,48.9,1,acquire,,-0.1328,-0.1367,0.28,0.2844,0.0056,-0.2713,-0.315,0.0,15,0.9375,1.7675,0.0048,18.2029,278.3757,36.0466,-1,0.6729,4,1.0
1468,48.9333,1,acquire,,-0.1004,-0.1305,0.2861,0.1848,0.0046,-0.2053,-0.3364,0.0,15,0.9375,1.8006,0.0037,18.0923,278.6254,36.0665,-1,0.6766,4,1.0
1469,48.9667,1,acquire,,-0.1269,-0.1265,0.2901,0.1201,0.0042,-0.258,-0.3653,0.0,15,0.9375,1.7828,0.0046,18.059,278.6257,36.0787,-1,0.6708,4,1.0
1470,49.0,1,acquire,,-0.6248,-0.1266,0.29,-0.0044,-2.0094,-0.2102,-0.3521,0.0,11,1.0,2.2483,0.0314,10.8964,278.3916,36.0909,1,0.5818,4,1.0
1471,49.0333,1,acquire,,-0.6296,-0.1288,0.2878,-0.065,-2.0163,-0.2132,-0.3506,0.0,11,1.0,2.2534,0.0315,10.8966,278.6418,36.0997,1,0.5814,4,1.0
1472,49.0667,1,acquire,,-0.6289,-0.3024,0.1142,-5.2081,-2.0143,-0.2132,-0.3508,0.0,11,1.0,2.2528,0.0315,10.9007,278.6418,36.0958,1,0.5815,4,1.0
1473,49.1,1,acquire,,-0.6287,-0.4166,0.0,-3.4264,-2.0139,-0.2132,-0.3475,0.0,11,1.0,2.25,0.0314,10.9014,278.6418,36.0848,1,0.5813,4,1.0
1474,49.1333,1,acquire,,-0.6277,-0.4909,-0.0742,-2.2271,-2.0108,-0.2133,-0.3478,0.0,11,1.0,2.2487,0.0314,10.8977,278.6417,36.0621,1,0.5813,4,1.0
1475,49.1667,1,acquire,,-0.6276,-0.5391,-0.1225,-1.4476,-2.0107,-0.2131,-0.3409,0.0,11,1.0,2.2497,0.0314,10.9005,278.6417,36.0401,1,0.5809,4,1.0
1476,49.2,1,acquire,,-0.6275,-0.5701,-0.1535,-0.9301,-2.0105,-0.2131,-0.3624,0.0,11,1.0,2.2497,0.0314,10.894,278.6417,35.9601,1,0.5823,4,1.0
1477,49.2333,1,acquire,,-0.3609,-0.5902,-0.1736,-0.6032,-0.5064,-0.2154,-0.3634,0.0,11,1.0,2.5049,0.0051,11.5259,278.8805,35.8868,1,0.7181,4,1.0
1478,49.2667,1,acquire,,-0.3609,-0.6033,-0.1866,-0.3911,-0.5063,-0.2156,-0.3626,0.0,11,1.0,2.5048,0.0051,11.5475,278.8805,35.8273,1,0.7182,4,1.0
1479,49.3,1,acquire,,-0.3609,-0.5184,-0.1018,2.5444,-0.5068,-0.215,-0.3772,0.0,11,1.0,2.5019,0.0051,11.5467,278.8805,35.7672,1,0.7171,4,1.0
1480,49.3333,1,acquire,,-0.0141,-0.4633,-0.0467,1.654,0.0022,-0.0303,0.2063,0.0,15,0.9375,1.959,0.0006,21.2421,278.625,35.6514,-1,0.697,4,1.0
1481,49.3667,1,acquire,,0.028,-0.4275,-0.0108,1.0757,0.0022,0.0538,0.2037,0.0,15,0.9375,1.9216,0.0009,19.2198,278.625,35.5407,-1,0.6979,4,1.0
1482,49.4,1,acquire,,0.227,-0.2828,0.1338,4.3404,-0.0238,0.1408,-0.3348,0.0,16,1.0,2.5751,0.0029,18.6047,278.6272,35.4493,-1,0.6946,4,1.0
1483,49.4333,1,acquire,,-0.0264,-0.1887,0.2279,2.8213,0.375,-0.0957,-0.3804,0.0,14,0.9333,1.9364,0.0082,18.5945,278.375,35.3618,-1,0.638,4,1.0
1484,49.4667,1,acquire,,-0.6652,-0.1276,0.289,1.8338,-1.5365,-0.3278,-0.3895,0.0,12,1.0,2.136,0.0211,10.0236,278.1437,35.2647,1,0.5997,4,1.0
1485,49.5,1,acquire,,-0.0646,-0.0922,0.3244,1.0627,0.0839,-0.2645,-0.3605,0.0,13,0.9286,1.6933,0.0061,21.2648,278.1252,35.1901,-1,0.6526,4,1.0
1486,49.5333,1,acquire,,-0.1065,-0.0825,0.3341,0.2897,0.0833,-0.3492,-0.3462,0.0,13,0.9286,1.6756,0.0075,21.2715,277.8755,35.1177,-1,0.6472,4,1.0
1487,49.5667,1,acquire,,0.4222,-0.0762,0.3404,0.1883,0.3242,0.5826,-0.4997,0.0,12,0.8571,1.25,0.0045,21.6172,240.6315,35.06,-1,0.6226,4,1.0
1488,49.6,1,acquire,,0.4167,-0.0722,0.3444,0.1224,0.3239,0.571,-0.3653,0.0,12,0.8571,1.2577,0.0043,21.664,240.5064,35.0075,-1,0.6319,4,1.0
1489,49.6333,1,acquire,,0.4168,0.0989,0.5155,5.133,0.3245,0.571,-0.3745,0.0,12,0.8571,1.2543,0.0043,21.6618,240.5064,34.9784,-1,0.6319,4,1.0
1490,49.6667,1,acquire,,-0.105,0.2101,0.6268,3.3364,0.0626,-0.3327,-0.3649,0.0,13,0.9286,1.6719,0.0069,21.2669,277.3755,35.0234,-1,0.6499,4,1.0
1491,49.7,1,acquire,,0.4592,0.2825,0.6991,2.1695,0.0627,0.4895,-0.3502,0.0,14,0.875,1.5491,0.0074,21.6695,259.0083,35.0777,-1,0.58,4,1.0
1492,49.7333,1,acquire,,0.079,0.3294,0.7461,1.4093,0.349,-0.191,-0.3451,0.0,15,0.9375,1.8881,0.0094,21.2605,277.1253,35.1564,-1,0.6281,4,1.0
1493,49.7667,1,acquire,,0.0711,0.2418,0.6584,-2.6293,0.343,-0.2008,-0.3514,0.0,15,0.9375,1.8925,0.0095,21.2593,276.8752,35.2224,-1,0.6278,4,1.0
1494,49.8,1,acquire,,-0.6945,0.182,0.5987,-1.7924,-2.0105,-0.3233,-0.3424,0.0,12,1.0,2.1825,0.0295,10.0208,276.8953,35.2725,1,0.5765,4,1.0
1495,49.8333,1,acquire,,0.3999,0.146,0.5626,-1.0817,0.3242,0.6644,-0.329,0.0,13,0.8667,1.2054,0.0059,22.0759,238.8808,35.3638,-1,0.6393,4,1.0
1496,49.8667,1,acquire,,0.4173,0.1226,0.5392,-0.7031,0.325,0.6811,-0.3614,0.0,13,0.8667,1.2422,0.0062,22.0724,237.6313,35.4314,-1,0.6281,4,1.0
1497,49.9,1,acquire,,0.4574,0.2196,0.6362,2.912,0.3323,0.7688,-0.3308,0.0,12,0.8571,1.2377,0.0076,22.1225,236.5075,35.4812,-1,0.6142,4,1.0
1498,49.9333,1,acquire,,-0.6231,0.2827,0.6993,1.8928,-2.1979,-0.1092,-0.2729,0.0,10,1.0,2.2664,0.0365,10.8763,271.8911,35.5191,1,0.5767,4,1.0
1499,49.9667,1,acquire,,-0.6234,0.3237,0.7403,1.2303,-2.1998,-0.1116,-0.2707,0.0,10,1.0,2.2655,0.0365,10.9306,270.891,35.544,1,0.5765,4,1.0
1500,50.0,1,acquire,,-0.5348,0.0232,0.4398,-9.015,-0.0293,-1.1828,-0.3367,0.0,14,0.9333,1.6823,0.0201,18.5129,252.011,35.5584,-1,0.5739,4,1.0
1501,50.0333,1,acquire,,-0.3295,-0.1721,0.2445,-5.8597,0.0293,-0.7679,-0.2376,0.0,14,0.9333,1.6307,0.0139,18.2409,252.2542,34.9196,-1,0.6199,4,1.0
1502,50.0667,1,acquire,,-0.3101,-0.2991,0.1176,-3.8088,-0.0534,-0.4381,-0.2272,0.0,15,0.9375,1.5513,0.0067,17.6741,270.879,34.3981,-1,0.6678,4,1.0
1503,50.1,1,acquire,,-0.2874,-0.3097,0.1069,-0.3198,-0.0677,-0.3839,-0.1996,0.0,15,0.9375,1.5634,0.0055,17.6733,271.6284,33.9855,-1,0.6749,4,1.0
1504,50.1333,1,acquire,,-0.3184,-0.3127,0.1039,-0.0909,-0.2717,-0.4399,-0.185,0.0,15,0.9375,1.3843,0.0029,18.6419,272.1292,33.6716,-1,0.7073,4,1.0
1505,50.1667,1,acquire,,-0.5713,-0.3147,0.1019,-0.0591,-0.8167,-0.326,-0.1743,0.0,12,0.9231,1.7068,0.0086,10.9593,272.8886,33.4466,1,0.6273,4,1.0
1506,50.2,1,acquire,,-0.7173,-0.316,0.1006,-0.0384,-1.4731,-0.4677,-0.1743,0.0,13,1.0,2.001,0.0176,10.8913,273.3964,33.2886,1,0.6041,4,1.0
1507,50.2333,1,acquire,,-0.7182,-0.4054,0.0112,-2.6811,-1.4723,-0.4695,-0.1743,0.0,13,1.0,1.9995,0.0175,10.8913,273.6465,33.1938,1,0.6043,4,1.0
1508,50.2667,1,acquire,,-0.7193,-0.5145,-0.0979,-3.2752,-1.4734,-0.4705,-0.178,0.0,13,1.0,1.9975,0.0175,10.892,273.7716,33.1477,1,0.6045,4,1.0
1509,50.3,1,acquire,,-0.7586,-0.5858,-0.1692,-2.1385,-1.7842,-0.4711,-0.1722,0.0,13,1.0,2.0525,0.0229,10.8929,273.899,33.134,1,0.5676,4,1.0
1510,50.3333,1,acquire,,-0.7586,-0.6325,-0.2159,-1.4014,-1.7841,-0.4711,-0.1843,0.0,13,1.0,2.0526,0.0229,10.8929,273.899,33.1059,1,0.5684,4,1.0
1511,50.3667,1,acquire,,-0.7211,-0.6635,-0.2469,-0.9293,-1.4742,-0.473,-0.1812,0.0,13,1.0,1.9951,0.0175,10.8947,274.1467,33.0919,1,0.6048,4,1.0
1512,50.4,1,acquire,,-0.7232,-0.6844,-0.2678,-0.6264,-1.4777,-0.4732,-0.1722,0.0,13,1.0,1.9967,0.0175,10.8808,274.1468,33.0797,1,0.6037,4,1.0
1513,50.4333,1,acquire,,-0.7456,-0.7058,-0.2892,-0.6425,-1.882,-0.4733,-0.1664,0.0,13,1.0,2.0285,0.0246,10.8808,274.1482,33.0563,1,0.5614,4,1.0
1514,50.4667,1,acquire,,-0.2593,-0.7119,-0.2953,-0.1822,-0.0013,-0.5173,-0.173,0.0,14,0.9333,1.594,0.009,18.7773,273.3778,32.9724,-1,0.6509,4,1.0
1515,50.5,1,acquire,,-0.3845,-0.7151,-0.2985,-0.0962,0.0492,-0.818,-0.1647,0.0,13,0.9286,1.6229,0.0151,18.4478,272.6311,32.9074,-1,0.6011,4,1.0
1516,50.5333,1,acquire,,-0.4018,-0.6054,-0.1888,3.2899,0.1595,-0.8541,-0.1529,0.0,14,0.9333,1.6604,0.0177,18.1712,271.3817,32.8679,-1,0.5858,4,1.0
1517,50.5667,1,acquire,,-0.3671,-0.5281,-0.1115,2.3201,0.1594,-0.7822,-0.1385,0.0,14,0.9333,1.5133,0.0164,18.1919,270.6306,32.8619,-1,0.595,4,1.0
1518,50.6,1,acquire,,-0.546,-0.4778,-0.0612,1.5081,0.1126,-1.5859,-0.1953,0.0,14,0.9333,1.5916,0.0297,18.449,270.0123,32.8656,-1,0.5396,4,1.0
1519,50.6333,1,acquire,,-0.5198,-0.4512,-0.0346,0.7986,-0.0276,-0.8138,-0.2004,0.0,14,0.9333,1.7611,0.0137,18.4745,270.1361,32.9119,-1,0.6059,4,1.0
1520,50.6667,1,acquire,,-0.4291,-0.4435,-0.0268,0.2323,-0.1095,-0.6541,-0.2053,0.0,15,0.9375,1.6495,0.0095,19.0005,270.8826,32.9611,-1,0.6409,4,1.0
1521,50.7,1,acquire,,-0.2232,-0.4384,-0.0218,0.151,0.0048,-0.4512,-0.2078,0.0,15,0.9375,1.5892,0.008,18.5157,271.3771,33.0039,-1,0.6645,4,1.0
1522,50.7333,1,acquire,,-0.7895,-0.4669,-0.0503,-0.8543,-1.1129,-0.466,-0.2061,0.0,13,1.0,2.1955,0.0113,10.815,272.4009,33.0396,1,0.6405,4,1.0
1523,50.7667,1,acquire,,-0.7884,-0.4854,-0.0688,-0.5553,-1.1112,-0.4656,-0.1824,0.0,13,1.0,2.1884,0.0113,10.8693,272.9008,33.0714,1,0.6392,4,1.0
1524,50.8,1,acquire,,-0.2187,-0.4657,-0.0491,0.5915,-0.1116,-0.2132,-0.1654,0.0,14,0.875,1.395,0.0018,18.1923,273.377,33.0992,-1,0.6834,4,1.0
1525,50.8333,1,acquire,,-0.7646,-0.5703,-0.1537,-3.1382,-1.9462,-0.4671,-0.0684,0.0,13,1.0,2.0868,0.0258,10.8896,273.6494,33.1331,1,0.5536,4,1.0
1526,50.8667,1,acquire,,-0.7495,-0.6383,-0.2217,-2.0398,-1.5491,-0.4703,0.0309,0.0,13,1.0,2.0721,0.0188,10.8907,273.8984,33.1648,1,0.5803,4,1.0
1527,50.9,1,acquire,,-0.3359,-0.6772,-0.2606,-1.1672,-0.0476,-0.497,0.0628,0.0,15,0.9375,1.4881,0.0078,18.7575,274.1297,33.1976,-1,0.6417,4,1.0
1528,50.9333,1,acquire,,-0.3359,-0.5577,-0.1411,3.5838,-0.0475,-0.497,0.0667,0.0,15,0.9375,1.4884,0.0078,18.7575,274.1297,33.2309,-1,0.6413,4,1.0
1529,50.9667,1,acquire,,-0.4073,-0.5051,-0.0885,1.5797,-0.0471,-1.0878,-0.1483,0.0,15,0.9375,1.4578,0.0182,18.4299,274.3819,33.2578,-1,0.5915,4,1.0
1530,51.0,1,acquire,,-0.4542,-0.4709,-0.0542,1.0268,-0.0471,-1.0878,-0.1496,0.0,15,0.9375,1.474,0.0182,18.4299,274.3836,33.2892,-1,0.5858,4,1.0
1531,51.0333,1,acquire,,-0.3111,-0.4236,-0.007,1.4172,0.1107,-0.4585,-0.1011,0.0,15,0.9375,1.5485,0.0099,17.1629,274.379,33.3175,-1,0.6392,4,1.0
1532,51.0667,1,acquire,,-0.3112,-0.3929,0.0237,0.9215,0.1107,-0.4587,0.0704,0.0,15,0.9375,1.549,0.0099,17.1629,274.379,33.3301,-1,0.6277,4,1.0
1533,51.1,1,acquire,,-0.4373,-0.3979,0.0187,-0.1511,-0.0476,-1.3434,0.0497,0.0,15,0.9375,1.42,0.0226,18.7604,274.133,33.3201,-1,0.5548,4,1.0
1534,51.1333,1,acquire,,-0.4354,-0.4111,0.0055,-0.3937,-0.054,-1.3435,0.0419,0.0,15,0.9375,1.4247,0.0225,18.7582,274.1329,33.3022,-1,0.5553,4,1.0
1535,51.1667,1,acquire,,-0.4355,-0.4196,-0.003,-0.2559,-0.1137,-1.587,0.0504,0.0,14,0.875,1.3658,0.0257,17.9405,273.8829,33.2987,-1,0.5205,4,1.0
1536,51.2,1,acquire,,-0.3928,-0.4251,-0.0085,-0.1663,-0.1136,-1.4093,0.0547,0.0,14,0.875,1.3811,0.0226,17.9337,273.7564,33.3306,-1,0.5292,4,1.0
1537,51.2333,1,acquire,,-0.7401,-0.4288,-0.0121,-0.1082,-1.8769,-0.4667,-0.1468,0.0,13,1.0,2.0502,0.0246,10.8913,273.6478,33.3685,1,0.5604,4,1.0
1538,51.2667,1,acquire,,-0.4304,-0.4311,-0.0145,-0.0702,-0.1766,-0.9542,-0.2044,0.0,14,0.875,0.9057,0.0136,17.6667,273.3827,33.4038,-1,0.6797,4,1.0
1539,51.3,1,acquire,,-0.4414,-0.4326,-0.016,-0.0458,-0.2309,-1.0407,-0.1988,0.0,13,0.8125,0.9354,0.0141,17.2009,273.1331,33.4266,-1,0.6354,4,1.0
1540,51.3333,1,acquire,,-0.3489,-0.4319,-0.0152,0.0229,-0.1053,-0.4805,-0.1384,0.0,14,0.875,1.5044,0.0065,17.918,273.1301,33.4487,-1,0.6256,4,1.0
1541,51.3667,1,acquire,,-0.345,-0.4314,-0.0147,0.0149,-0.1023,-0.4751,-0.1666,0.0,14,0.875,1.5009,0.0065,17.9167,273.13,33.5195,-1,0.628,4,1.0
1542,51.4,1,acquire,,-0.3476,-0.4025,0.0141,0.8659,-0.1024,-0.4804,-0.1261,0.0,14,0.875,1.5149,0.0066,17.9267,273.13,33.6099,-1,0.6246,4,1.0
1543,51.4333,1,acquire,,-0.4113,-0.3837,0.0329,0.5629,-0.0083,-0.6833,-0.1706,0.0,14,0.9333,1.3204,0.0118,18.1801,273.132,33.6849,-1,0.6532,4,1.0
1544,51.4667,1,acquire,,-0.3315,-0.3711,0.0455,0.3796,-0.0642,-0.4767,-0.1752,0.0,15,0.9375,1.4155,0.0072,18.696,272.8796,33.7428,-1,0.6739,4,1.0
1545,51.5,1,acquire,,-0.3101,-0.3619,0.0547,0.274,-0.0461,-0.447,-0.1724,0.0,15,0.9375,1.5692,0.007,17.6722,272.879,33.7894,-1,0.6624,4,1.0
1546,51.5333,1,acquire,,-0.3101,-0.3513,0.0653,0.3192,-0.0461,-0.4471,-0.1612,0.0,15,0.9375,1.5668,0.007,17.6725,272.879,33.8332,-1,0.6616,4,1.0
1547,51.5667,1,acquire,,-0.3097,-0.3369,0.0797,0.4322,-0.0459,-0.4466,-0.1663,0.0,15,0.9375,1.5675,0.007,17.673,272.879,33.8617,-1,0.662,4,1.0
1548,51.6,1,acquire,,-0.3243,-0.3275,0.0891,0.2809,-0.0637,-0.4632,-0.1747,0.0,15,0.9375,1.4009,0.007,18.6955,273.1294,33.8846,-1,0.6782,4,1.0
1549,51.6333,1,acquire,,-0.301,-0.3214,0.0952,0.1833,-0.0519,-0.4233,-0.1761,0.0,15,0.9375,1.5614,0.0065,17.6618,272.1288,33.851,-1,0.6664,4,1.0
1550,51.6667,1,acquire,,-0.2999,-0.3173,0.0993,0.1236,-0.0675,-0.4091,-0.1897,0.0,15,0.9375,1.5595,0.006,17.6303,271.3787,33.8285,-1,0.6707,4,1.0
1551,51.7,1,acquire,,-0.3099,-0.3146,0.102,0.0803,-0.1753,-0.4169,-0.182,0.0,15,0.9375,1.5647,0.0042,17.5657,270.129,33.8135,-1,0.6804,4,1.0
1552,51.7333,1,acquire,,-0.4104,-0.313,0.1036,0.0493,-0.2157,-0.889,-0.143,0.0,14,0.9333,1.6996,0.0118,17.971,251.6315,33.8025,-1,0.6217,4,1.0
1553,51.7667,1,acquire,,-0.5836,-0.3119,0.1047,0.0321,-0.2187,-1.233,-0.2184,0.0,14,0.9333,1.8842,0.0177,18.161,250.888,33.7891,-1,0.5779,4,1.0
1554,51.8,1,acquire,,-0.8454,-0.3464,0.0702,-1.0339,-1.7912,-0.4658,-0.2187,0.0,13,1.0,2.5781,0.0231,12.7649,268.4042,33.7743,1,0.5636,4,1.0
1555,51.8333,1,acquire,,-0.3294,-0.3688,0.0478,-0.672,0.1122,-1.3075,-0.207,0.0,14,0.9333,2.1669,0.0248,18.1382,250.2541,33.7621,-1,0.5548,4,1.0
1556,51.8667,1,acquire,,-0.8437,-0.444,-0.0274,-2.2561,-1.7889,-0.4661,-0.2152,0.0,13,1.0,2.583,0.0231,12.7941,267.904,33.7524,1,0.5637,4,1.0
1557,51.9,1,acquire,,-0.8433,-0.5837,-0.1671,-4.1929,-1.7897,-0.4639,-0.2255,0.0,13,1.0,2.5832,0.0231,12.7926,268.154,33.7649,1,0.5641,4,1.0
1558,51.9333,1,acquire,,-0.6048,-0.6746,-0.258,-2.7254,-0.2127,-1.2575,-0.2424,0.0,14,0.875,1.7726,0.0182,18.2572,250.0139,33.8645,-1,0.5424,4,1.0
1559,51.9667,1,acquire,,-0.2047,-0.6502,-0.2335,0.7329,0.0558,-0.6908,-0.2315,0.0,15,0.9375,2.1037,0.013,17.8127,267.8767,33.948,-1,0.6321,4,1.0
1560,52.0,1,acquire,,-0.1916,-0.6343,-0.2177,0.4764,0.2865,-0.6698,-0.2319,0.0,15,0.9375,2.1219,0.0167,17.8559,268.3765,34.0127,-1,0.6083,4,1.0
1561,52.0333,1,acquire,,-0.1821,-0.4839,-0.0673,4.5106,0.0542,-0.6464,-0.2284,0.0,15,0.9375,2.1224,0.0122,17.855,268.3764,34.0803,-1,0.6358,4,1.0
1562,52.0667,1,acquire,,-0.6017,-0.3862,0.0304,2.9319,-0.2843,-1.2619,-0.2313,0.0,14,0.875,1.7896,0.0171,18.3874,250.3888,34.2052,-1,0.5492,4,1.0
1563,52.1,1,acquire,,-0.6078,-0.3227,0.0939,1.9057,-0.2842,-1.2613,-0.2315,0.0,14,0.875,1.7835,0.0171,18.3431,250.3891,34.3097,-1,0.5489,4,1.0
1564,52.1333,1,acquire,,-0.5633,-0.4069,0.0097,-2.5265,-0.2718,-1.1954,-0.2397,0.0,14,0.9333,1.7863,0.0161,18.3594,250.6371,34.3758,-1,0.5906,4,1.0
1565,52.1667,1,acquire,,-0.6958,-0.4751,-0.0585,-2.0455,-1.2467,-0.1447,-0.2161,0.0,10,1.0,2.5129,0.0192,13.1382,268.8948,34.4033,1,0.5978,4,1.0
1566,52.2,1,acquire,,-0.639,-0.5215,-0.1049,-1.3935,-0.2738,-1.2986,-0.24,0.0,12,0.8,1.2465,0.0179,19.6804,250.8906,34.4032,-1,0.5427,4,1.0
1567,52.2333,1,acquire,,-0.6404,-0.5626,-0.146,-1.2333,-0.2738,-1.3014,-0.2404,0.0,12,0.8,1.2411,0.0179,19.6794,250.8907,34.3917,-1,0.5433,4,1.0
1568,52.2667,1,acquire,,-0.6795,-0.5899,-0.1732,-0.8162,-0.286,-1.3689,-0.2466,0.0,12,0.8,1.2461,0.0189,19.8577,250.8926,34.3727,-1,0.5342,4,1.0
1569,52.3,1,acquire,,-0.2546,-0.6075,-0.1909,-0.5305,0.1083,-1.1397,-0.2476,0.0,14,0.9333,2.0377,0.0218,18.3601,250.8775,34.3592,-1,0.5763,4,1.0
1570,52.3333,1,acquire,,-0.2556,-0.6185,-0.2019,-0.3303,0.1082,-1.1403,-0.2548,0.0,14,0.9333,2.0382,0.0218,18.3528,250.8775,34.3515,-1,0.5767,4,1.0
1571,52.3667,1,acquire,,-0.257,-0.492,-0.0754,3.796,0.1082,-1.1406,-0.2568,0.0,14,0.9333,2.0369,0.0218,18.3503,250.8775,34.3595,-1,0.5767,4,1.0
1572,52.4,1,acquire,,-0.5612,-0.4098,0.0069,2.4674,-1.4016,-0.284,-0.2945,0.0,12,0.9231,1.8643,0.0195,10.9665,268.8879,34.3707,1,0.5675,4,1.0
1573,52.4333,1,acquire,,-0.5612,-0.3563,0.0603,1.6038,-1.4016,-0.284,-0.2935,0.0,12,0.9231,1.8643,0.0195,10.9665,268.8879,34.3519,1,0.5675,4,1.0
1574,52.4667,1,acquire,,-0.5612,-0.428,-0.0114,-2.1515,-1.4016,-0.284,-0.2932,0.0,12,0.9231,1.8642,0.0195,10.9665,268.8879,34.299,1,0.5675,4,1.0
1575,52.5,1,acquire,,-0.5612,-0.4746,-0.058,-1.3986,-1.4016,-0.284,-0.2932,0.0,12,0.9231,1.8642,0.0195,10.9665,268.8879,34.2459,1,0.5675,4,1.0
1576,52.5333,1,acquire,,-0.5613,-0.505,-0.0883,-0.9093,-1.4016,-0.284,-0.2932,0.0,12,0.9231,1.8642,0.0195,10.9665,268.8879,34.2007,1,0.5675,4,1.0
1577,52.5667,1,acquire,,-0.5612,-0.5247,-0.108,-0.5911,-1.4016,-0.284,-0.2932,0.0,12,0.9231,1.8642,0.0195,10.9665,268.8879,34.1565,1,0.5675,4,1.0
1578,52.6,1,acquire,,-0.9218,-0.5375,-0.1208,-0.3842,-1.3686,-0.4748,-0.2932,0.0,12,0.8571,1.4861,0.0156,10.5588,250.9075,34.104,1,0.5335,4,1.0
1579,52.6333,1,acquire,,-0.8287,-0.5458,-0.1292,-0.2498,-1.1898,-0.4675,-0.2932,0.0,13,1.0,2.5614,0.0126,13.0077,268.9031,34.0587,1,0.6355,4,1.0
1580,52.6667,1,acquire,,-0.8287,-0.6448,-0.2282,-2.9705,-1.1898,-0.4675,-0.2939,0.0,13,1.0,2.5614,0.0126,13.0077,268.9031,34.033,1,0.6355,4,1.0
1581,52.7,1,acquire,,-0.8282,-0.7092,-0.2925,-1.9308,-1.1883,-0.468,-0.2722,0.0,13,1.0,2.5674,0.0126,13.0077,268.9031,34.04,1,0.6343,4,1.0
1582,52.7333,1,acquire,,-0.9215,-0.751,-0.3344,-1.2551,-1.3676,-0.4753,-0.287,0.0,12,0.8571,1.4857,0.0156,10.5558,250.9075,34.0927,1,0.5333,4,1.0
1583,52.7667,1,acquire,,-0.561,-0.7782,-0.3616,-0.8157,-1.401,-0.2845,-0.2928,0.0,12,0.9231,1.8634,0.0195,10.9676,268.8879,34.1647,1,0.5676,4,1.0
1584,52.8,1,acquire,,-0.5617,-0.7957,-0.3791,-0.5252,-1.4017,-0.2852,-0.2859,0.0,12,0.9231,1.8638,0.0195,10.9673,268.8879,34.2402,1,0.5671,4,1.0
1585,52.8333,1,acquire,,-0.2374,-0.7138,-0.2972,2.4573,0.1056,-1.0967,-0.2432,0.0,14,0.9333,2.0514,0.021,18.3865,250.6272,34.333,-1,0.5814,4,1.0
1586,52.8667,1,acquire,,-0.7014,-0.6605,-0.2439,1.5973,-1.8502,-0.1482,-0.1994,0.0,10,1.0,2.5148,0.0297,13.1575,268.6451,34.4806,1,0.5665,4,1.0
1587,52.9,1,acquire,,-0.7003,-0.6259,-0.2093,1.0382,-1.8442,-0.1481,-0.2002,0.0,10,1.0,2.5139,0.0296,13.222,268.6451,34.6177,1,0.5667,4,1.0
1588,52.9333,1,acquire,,-0.698,-0.6512,-0.2346,-0.7571,-1.8407,-0.1455,-0.2268,0.0,10,1.0,2.5172,0.0296,13.2156,268.895,34.7367,1,0.5686,4,1.0
1589,52.9667,1,acquire,,-0.7949,-0.6684,-0.2518,-0.516,-1.7273,-0.4579,-0.1917,0.0,13,1.0,2.2955,0.0222,9.0497,268.9009,34.8754,1,0.5713,4,1.0
1590,53.0,1,acquire,,-0.7946,-0.6799,-0.2633,-0.3471,-1.7268,-0.4578,-0.1917,0.0,13,1.0,2.2955,0.0222,9.0497,268.9009,34.9792,1,0.5713,4,1.0
1591,53.0333,1,acquire,,-0.6983,-0.6871,-0.2705,-0.2139,-1.841,-0.1459,-0.2263,0.0,10,1.0,2.517,0.0296,13.2162,268.895,35.0436,1,0.5685,4,1.0
1592,53.0667,1,acquire,,-0.698,-0.691,-0.2744,-0.1181,-1.8408,-0.1454,-0.2284,0.0,10,1.0,2.5172,0.0296,13.2145,268.895,35.0398,1,0.5687,4,1.0
1593,53.1,1,acquire,,-0.6981,-0.6936,-0.2769,-0.0767,-1.8409,-0.1457,-0.2315,0.0,10,1.0,2.5172,0.0296,13.2166,268.895,35.0183,1,0.5689,4,1.0
1594,53.1333,1,acquire,,-0.6982,-0.6952,-0.2786,-0.0485,-1.8408,-0.1458,-0.2293,0.0,10,1.0,2.5171,0.0296,13.2173,268.895,34.9882,1,0.5687,4,1.0
1595,53.1667,1,acquire,,-0.7946,-0.6962,-0.2796,-0.0315,-1.7268,-0.4577,-0.2038,0.0,13,1.0,2.2956,0.0222,9.0497,268.9009,34.9504,1,0.5721,4,1.0
1596,53.2,1,acquire,,-0.7949,-0.6969,-0.2803,-0.0205,-1.7272,-0.4578,-0.1978,0.0,13,1.0,2.2955,0.0222,9.0497,268.9009,34.9218,1,0.5717,4,1.0
1597,53.2333,1,acquire,,-0.7949,-0.7311,-0.3145,-1.0257,-1.7272,-0.4578,-0.1917,0.0,13,1.0,2.2953,0.0222,9.0497,268.9009,34.9618,1,0.5713,4,1.0
1598,53.2667,1,acquire,,-0.795,-0.7534,-0.3368,-0.6696,-1.7277,-0.4579,-0.1979,0.0,13,1.0,2.2936,0.0222,9.0497,268.9009,34.9924,1,0.5716,4,1.0
1599,53.3,1,acquire,,-0.795,-0.7679,-0.3513,-0.4353,-1.7275,-0.4579,-0.2002,0.0,13,1.0,2.2953,0.0222,9.0497,268.9009,35.0214,1,0.5718,4,1.0
1600,53.3333,1,acquire,,-0.7952,-0.7774,-0.3608,-0.2839,-1.728,-0.458,-0.2206,0.0,13,1.0,2.2939,0.0222,9.0497,268.9009,35.0453,1,0.5731,4,1.0
1601,53.3667,1,acquire,,-0.7952,-0.7836,-0.367,-0.1851,-1.728,-0.458,-0.2188,0.0,13,1.0,2.2939,0.0222,9.0497,268.9009,35.0748,1,0.573,4,1.0
1602,53.4,1,acquire,,-0.7953,-0.7876,-0.371,-0.1219,-1.7283,-0.458,-0.2145,0.0,13,1.0,2.2937,0.0222,9.0497,268.9009,35.1187,1,0.5727,4,1.0
1603,53.4333,1,acquire,,-0.7952,-0.7903,-0.3737,-0.0793,-1.7281,-0.458,-0.2047,0.0,13,1.0,2.293,0.0222,9.0497,268.9009,35.1574,1,0.572,4,1.0
1604,53.4667,1,acquire,,-0.1238,-0.792,-0.3754,-0.0515,0.3128,-0.5604,-0.207,0.0,15,0.9375,2.0859,0.0152,17.8641,268.8756,35.1914,-1,0.6145,4,1.0
1605,53.5,1,acquire,,-0.1211,-0.7931,-0.3765,-0.0332,0.323,-0.5653,-0.2024,0.0,15,0.9375,2.0919,0.0155,17.8483,269.1256,35.2411,-1,0.613,4,1.0
1606,53.5333,1,acquire,,-0.1144,-0.5588,-0.1422,7.0277,0.3214,-0.5502,-0.209,0.0,15,0.9375,2.0968,0.0152,17.956,269.1255,35.277,-1,0.6139,4,1.0
1607,53.5667,1,acquire,,-0.1156,-0.4056,0.011,4.5959,0.3194,-0.5505,-0.2334,0.0,15,0.9375,2.098,0.0152,17.9552,269.1255,35.298,-1,0.6125,4,1.0
1608,53.6,1,acquire,,-0.7357,-0.3061,0.1105,2.9873,-1.5104,-0.2207,-0.2373,0.0,11,1.0,2.4763,0.0225,13.0267,269.3972,35.2971,1,0.576,4,1.0
1609,53.6333,1,acquire,,-0.7356,-0.2413,0.1753,1.9418,-1.8453,-0.2208,-0.24,0.0,11,1.0,2.4753,0.0284,13.0265,269.3972,35.2756,1,0.567,4,1.0
1610,53.6667,1,acquire,,-0.7353,-0.4142,0.0024,-5.1866,-2.0121,-0.2199,-0.1738,0.0,11,1.0,2.4771,0.0313,13.0316,269.3972,35.2549,1,0.5626,4,1.0
1611,53.7,1,acquire,,-0.7347,-0.5266,-0.11,-3.3713,-2.0135,-0.2177,-0.1629,0.0,11,1.0,2.4779,0.0314,13.0271,269.3971,35.2559,1,0.5619,4,1.0
1612,53.7333,1,acquire,,-0.1484,-0.5997,-0.183,-2.1913,0.3167,-0.6135,-0.2436,0.0,15,0.9375,2.1621,0.0162,17.9541,269.3759,35.2555,-1,0.6075,4,1.0
1613,53.7667,1,acquire,,-0.1556,-0.6469,-0.2303,-1.4179,0.3167,-0.6279,-0.2447,0.0,15,0.9375,2.1574,0.0165,17.8746,269.376,35.2411,-1,0.6063,4,1.0
1614,53.8,1,acquire,,-0.1404,-0.475,-0.0583,5.1587,0.3056,-0.5863,-0.1976,0.0,15,0.9375,2.1076,0.0156,17.8903,269.3758,35.176,-1,0.6142,4,1.0
1615,53.8333,1,acquire,,-0.7823,-0.3632,0.0534,3.3532,-1.4598,-0.3543,-0.2561,0.0,12,1.0,2.3903,0.0193,11.0366,269.4001,35.1235,1,0.5943,4,1.0
1616,53.8667,1,acquire,,-0.7836,-0.2905,0.1261,2.1796,-1.4613,-0.3554,-0.248,0.0,12,1.0,2.3907,0.0193,11.0366,269.4002,35.0795,1,0.5936,4,1.0
1617,53.9,1,acquire,,-0.7836,-0.4627,-0.046,-5.1639,-1.4613,-0.3553,-0.2473,0.0,12,1.0,2.3908,0.0193,11.0366,269.4002,35.0269,1,0.5936,4,1.0
1618,53.9333,1,acquire,,-0.7844,-0.575,-0.1584,-3.3697,-1.4633,-0.3554,-0.2645,0.0,12,1.0,2.3901,0.0193,11.0366,269.4002,35.0308,1,0.5945,4,1.0
1619,53.9667,1,acquire,,-0.7844,-0.648,-0.2314,-2.1908,-1.4633,-0.3554,-0.2614,0.0,12,1.0,2.3902,0.0193,11.0366,269.4002,35.0346,1,0.5943,4,1.0
1620,54.0,1,acquire,,-0.144,-0.6955,-0.2789,-1.424,0.3039,-0.5918,-0.2942,0.0,15,0.9375,2.1093,0.0156,17.8892,269.3759,35.0474,-1,0.6075,4,1.0
1621,54.0333,1,acquire,,-0.1441,-0.7263,-0.3097,-0.9251,0.3039,-0.5921,-0.2955,0.0,15,0.9375,2.1094,0.0156,17.8891,269.3759,35.0436,-1,0.6074,4,1.0
1622,54.0667,1,acquire,,-0.144,-0.5225,-0.1059,6.1134,0.3039,-0.5919,-0.2955,0.0,15,0.9375,2.1091,0.0156,17.89,269.3759,35.0158,-1,0.6075,4,1.0
1623,54.1,1,acquire,,-0.7853,-0.3901,0.0265,3.9737,-1.4656,-0.355,-0.2434,0.0,12,1.0,2.3902,0.0194,11.0364,269.4003,34.9981,1,0.5927,4,1.0
1624,54.1333,1,acquire,,-0.7852,-0.304,0.1126,2.5829,-1.4656,-0.355,-0.241,0.0,12,1.0,2.3903,0.0194,11.0364,269.4003,34.9923,1,0.5925,4,1.0
1625,54.1667,1,acquire,,-0.7852,-0.4724,-0.0558,-5.0527,-1.4656,-0.3549,-0.241,0.0,12,1.0,2.3903,0.0194,11.0364,269.4003,35.0027,1,0.5925,4,1.0
1626,54.2,1,acquire,,-0.7852,-0.5819,-0.1653,-3.2843,-1.4656,-0.3549,-0.241,0.0,12,1.0,2.3903,0.0194,11.0364,269.4003,35.0128,1,0.5925,4,1.0
1627,54.2333,1,acquire,,-0.7852,-0.653,-0.2364,-2.1348,-1.4656,-0.3549,-0.2434,0.0,12,1.0,2.3904,0.0194,11.0364,269.4003,35.0253,1,0.5927,4,1.0
1628,54.2667,1,acquire,,-0.7851,-0.6993,-0.2827,-1.3875,-1.4656,-0.3548,-0.2441,0.0,12,1.0,2.3903,0.0194,11.0364,269.4003,35.0392,1,0.5927,4,1.0
1629,54.3,1,acquire,,-0.1438,-0.7294,-0.3127,-0.9018,0.304,-0.5915,-0.2803,0.0,15,0.9375,2.1089,0.0156,17.8877,269.3758,35.077,-1,0.6085,4,1.0
1630,54.3333,1,acquire,,-0.1437,-0.7489,-0.3323,-0.5859,0.304,-0.5915,-0.2999,0.0,15,0.9375,2.1091,0.0156,17.8878,269.3758,35.1465,-1,0.6072,4,1.0
1631,54.3667,1,acquire,,-0.7411,-0.7462,-0.3295,0.0816,-1.856,-0.2209,-0.2789,0.0,11,1.0,2.4797,0.0286,13.0316,269.3975,35.2013,1,0.5692,4,1.0
1632,54.4,1,acquire,,-0.7406,-0.7442,-0.3276,0.0582,-1.8571,-0.2189,-0.2483,0.0,11,1.0,2.48,0.0286,13.0316,269.3975,35.2491,1,0.5672,4,1.0
1633,54.4333,1,acquire,,-0.7418,-0.743,-0.3263,0.0379,-1.8573,-0.2212,-0.3221,0.0,11,1.0,2.4797,0.0286,13.0316,269.3976,35.3135,1,0.572,4,1.0
1634,54.4667,1,acquire,,-0.7408,-0.7422,-0.3256,0.023,-1.8553,-0.2219,-0.2734,0.0,11,1.0,2.4819,0.0285,13.0334,269.3975,35.3611,1,0.5688,4,1.0
1635,54.5,1,acquire,,-0.741,-0.7418,-0.3251,0.0128,-1.8553,-0.2223,-0.2861,0.0,11,1.0,2.4817,0.0285,13.0334,269.3975,35.3975,1,0.5697,4,1.0
1636,54.5333,1,acquire,,-0.6676,-0.7414,-0.3248,0.0105,-1.117,-0.2181,-0.2713,0.0,11,1.0,2.3912,0.0157,13.1018,269.3933,35.4214,1,0.6255,4,1.0
1637,54.5667,1,acquire,,-0.6679,-0.7412,-0.3246,0.0068,-1.1175,-0.2181,-0.265,0.0,11,1.0,2.3914,0.0157,13.0899,269.3933,35.4223,1,0.625,4,1.0
1638,54.6,1,acquire,,-0.7404,-0.7409,-0.3243,0.008,-2.0263,-0.22,-0.2619,0.0,11,1.0,2.4836,0.0315,13.0344,269.3975,35.3753,1,0.5681,4,1.0
1639,54.6333,1,acquire,,-0.7387,-0.7401,-0.3235,0.0234,-2.025,-0.2147,-0.2424,0.0,11,1.0,2.4824,0.0316,13.0303,269.6474,35.3138,1,0.5669,4,1.0
1640,54.6667,1,acquire,,-0.7396,-0.7396,-0.323,0.0152,-2.0248,-0.2165,-0.2386,0.0,11,1.0,2.4831,0.0316,13.0377,269.6475,35.256,1,0.5666,4,1.0
1641,54.7,1,acquire,,-0.7394,-0.7395,-0.3229,0.0025,-1.8559,-0.2167,-0.2345,0.0,11,1.0,2.4828,0.0286,13.0374,269.6475,35.1832,1,0.5663,4,1.0
1642,54.7333,1,acquire,,-0.1437,-0.7395,-0.3229,0.0017,0.3054,-0.5928,-0.2399,0.0,15,0.9375,2.113,0.0157,17.8882,269.6258,35.123,-1,0.6109,4,1.0
1643,54.7667,1,acquire,,-0.7974,-0.7395,-0.3228,0.0011,-1.7422,-0.4497,-0.3198,0.0,13,1.0,2.3101,0.0226,9.0691,269.4011,35.0878,1,0.5771,4,1.0
1644,54.8,1,acquire,,-0.7979,-0.7395,-0.3229,-0.0016,-1.7418,-0.4509,-0.2874,0.0,13,1.0,2.3111,0.0225,9.0709,269.4011,35.0636,1,0.5751,4,1.0
1645,54.8333,1,acquire,,-0.7978,-0.7598,-0.3432,-0.6083,-1.7415,-0.4509,-0.286,0.0,13,1.0,2.3109,0.0225,9.0599,269.4011,34.9563,1,0.575,4,1.0
1646,54.8667,1,acquire,,-0.798,-0.7731,-0.3565,-0.3989,-1.7419,-0.4509,-0.2858,0.0,13,1.0,2.3111,0.0225,9.0687,269.4011,34.8642,1,0.575,4,1.0
1647,54.9,1,acquire,,-0.8005,-0.7818,-0.3652,-0.2609,-1.7435,-0.4548,-0.2856,0.0,13,1.0,2.3095,0.0225,9.0625,269.1513,34.7929,1,0.575,4,1.0
1648,54.9333,1,acquire,,-0.8005,-0.7874,-0.3708,-0.1699,-1.7437,-0.4548,-0.287,0.0,13,1.0,2.3095,0.0225,9.066,269.1513,34.7397,1,0.5751,4,1.0
1649,54.9667,1,acquire,,-0.8005,-0.792,-0.3754,-0.1367,-1.7437,-0.4548,-0.287,0.0,13,1.0,2.3095,0.0225,9.066,269.1513,34.7014,1,0.5751,4,1.0
1650,55.0,1,acquire,,-0.7135,-0.795,-0.3783,-0.0888,-1.5805,-0.388,0.2773,0.0,13,1.0,2.0974,0.0208,10.4549,269.1459,34.6782,1,0.5538,4,1.0
1651,55.0333,1,acquire,,-0.6973,-0.7969,-0.3803,-0.0577,-1.5442,-0.3789,0.2772,0.0,14,1.0,2.024,0.0203,10.6586,269.3949,34.7819,1,0.5579,4,1.0
1652,55.0667,1,acquire,,-0.6973,-0.7677,-0.3511,0.8757,-1.5456,-0.3785,0.2769,0.0,14,1.0,2.0265,0.0204,10.6456,269.1449,34.8684,1,0.5577,4,1.0
1653,55.1,1,acquire,,-0.6974,-0.7431,-0.3265,0.7381,-1.5457,-0.3785,0.2771,0.0,14,1.0,2.0264,0.0204,10.6466,269.1449,34.9403,1,0.5577,4,1.0
1654,55.1333,1,acquire,,-0.6951,-0.7271,-0.3105,0.4803,-1.5441,-0.375,0.2905,0.0,14,1.0,2.0296,0.0204,10.6348,269.3948,34.9943,1,0.5567,4,1.0
1655,55.1667,1,acquire,,-0.5786,-0.7167,-0.3,0.3128,-2.1261,-0.0583,0.3036,0.0,10,1.0,2.1406,0.0361,11.8583,269.3887,35.0389,1,0.5412,4,1.0
1656,55.2,1,acquire,,-0.5783,-0.7091,-0.2925,0.226,-2.1261,-0.0578,0.3035,0.0,10,1.0,2.1404,0.0361,11.8585,269.3887,35.078,1,0.5412,4,1.0
1657,55.2333,1,acquire,,-0.5783,-0.6634,-0.2468,1.3706,-2.1261,-0.0577,0.3035,0.0,10,1.0,2.1405,0.0361,11.8584,269.3887,35.109,1,0.5412,4,1.0
1658,55.2667,1,acquire,,-0.5765,-0.6336,-0.217,0.8936,-2.1261,-0.0541,0.3035,0.0,10,1.0,2.1402,0.0362,11.8584,269.3886,35.1331,1,0.5413,4,1.0
1659,55.3,1,acquire,,-0.5784,-0.6143,-0.1977,0.5809,-2.1268,-0.0574,0.3007,0.0,10,1.0,2.1404,0.0361,11.8586,269.3887,35.132,1,0.5414,4,1.0
1660,55.3333,1,acquire,,-0.5784,-0.6017,-0.1851,0.3776,-2.1268,-0.0574,0.3002,0.0,10,1.0,2.1404,0.0361,11.8584,269.3887,35.1074,1,0.5414,4,1.0
1661,55.3667,1,acquire,,-0.5783,-0.5935,-0.1769,0.2451,-2.1268,-0.0573,0.3087,0.0,10,1.0,2.1404,0.0361,11.8584,269.3887,35.0714,1,0.5409,4,1.0
1662,55.4,1,acquire,,-0.6954,-0.5882,-0.1716,0.1593,-1.5449,-0.3748,0.2906,0.0,14,1.0,2.0292,0.0204,10.6322,269.3948,35.0241,1,0.5566,4,1.0
1663,55.4333,1,acquire,,-0.6954,-0.5848,-0.1681,0.1035,-1.5449,-0.3749,0.2906,0.0,14,1.0,2.0293,0.0204,10.6322,269.3948,34.9691,1,0.5566,4,1.0
1664,55.4667,1,acquire,,-0.6954,-0.6235,-0.2069,-1.1612,-1.5449,-0.3749,0.2906,0.0,14,1.0,2.0292,0.0204,10.6322,269.3948,34.9093,1,0.5566,4,1.0
1665,55.5,1,acquire,,-0.6954,-0.6486,-0.232,-0.755,-1.5449,-0.3749,0.2906,0.0,14,1.0,2.0292,0.0204,10.6322,269.3948,34.86,1,0.5566,4,1.0
1666,55.5333,1,acquire,,-0.6959,-0.665,-0.2484,-0.491,-1.5455,-0.3754,0.2903,0.0,14,1.0,2.029,0.0204,10.6322,269.3949,34.8171,1,0.5566,4,1.0
1667,55.5667,1,acquire,,-0.6943,-0.6756,-0.259,-0.3192,-1.5449,-0.3726,0.288,0.0,14,1.0,2.0297,0.0205,10.6424,269.3948,34.7931,1,0.5566,4,1.0
1668,55.6,1,acquire,,-0.6958,-0.6826,-0.2659,-0.2075,-1.5448,-0.3759,0.2912,0.0,14,1.0,2.0296,0.0204,10.6427,269.3949,34.765,1,0.5567,4,1.0
1669,55.6333,1,acquire,,-0.696,-0.6872,-0.2706,-0.139,-1.5454,-0.3757,0.2939,0.0,14,1.0,2.0295,0.0204,10.6455,269.3949,34.7398,1,0.5564,4,1.0
1670,55.6667,1,acquire,,-0.6948,-0.6902,-0.2736,-0.0903,-1.5454,-0.3734,0.2983,0.0,14,1.0,2.0324,0.0205,10.6347,269.3948,34.7236,1,0.5559,4,1.0
1671,55.7,1,acquire,,-0.6949,-0.6918,-0.2752,-0.0491,-1.546,-0.3731,0.2862,0.0,14,1.0,2.0324,0.0205,10.6284,269.3948,34.7211,1,0.5566,4,1.0
1672,55.7333,1,acquire,,-0.6945,-0.6929,-0.2763,-0.0319,-1.5456,-0.3729,0.2889,0.0,14,1.0,2.0329,0.0205,10.6243,269.3948,34.7259,1,0.5565,4,1.0
1673,55.7667,1,acquire,,-0.6946,-0.6936,-0.277,-0.0203,-1.5462,-0.3726,0.2878,0.0,14,1.0,2.0329,0.0205,10.628,269.3948,34.7293,1,0.5565,4,1.0
1674,55.8,1,acquire,,-0.6926,-0.6939,-0.2773,-0.0104,-1.5449,-0.3696,0.2878,0.0,14,1.0,2.0359,0.0205,10.6214,269.3947,34.7409,1,0.5564,4,1.0
1675,55.8333,1,acquire,,-0.6912,-0.6941,-0.2775,-0.0064,-1.5438,-0.369,0.2992,0.0,14,1.0,2.0361,0.0205,10.6117,269.3946,34.7716,1,0.5558,4,1.0
1676,55.8667,1,acquire,,-0.6911,-0.6936,-0.277,0.0161,-1.5442,-0.3682,0.3034,0.0,14,1.0,2.0328,0.0205,10.5935,269.3946,34.8106,1,0.5554,4,1.0
1677,55.9,1,acquire,,-0.6902,-0.6928,-0.2761,0.0254,-1.5444,-0.367,0.3055,0.0,14,1.0,2.0308,0.0206,10.5797,269.3945,34.8353,1,0.5552,4,1.0
1678,55.9333,1,acquire,,-0.6893,-0.6922,-0.2756,0.0176,-1.5437,-0.3671,0.3017,0.0,14,1.0,2.0307,0.0205,10.5717,269.3945,34.8574,1,0.5555,4,1.0
1679,55.9667,1,acquire,,-0.6879,-0.6915,-0.2749,0.0211,-1.5428,-0.3659,0.3075,0.0,14,1.0,2.0299,0.0205,10.5653,269.3944,34.8639,1,0.5552,4,1.0
1680,56.0,1,acquire,,-0.6872,-0.6907,-0.2741,0.0229,-1.5428,-0.3643,0.3013,0.0,14,1.0,2.0261,0.0206,10.5409,269.3944,34.8476,1,0.5555,4,1.0
1681,56.0333,1,acquire,,-0.6858,-0.6897,-0.2731,0.0298,-1.5418,-0.3624,0.2935,0.0,14,1.0,2.0224,0.0206,10.5202,269.3943,34.8328,1,0.556,4,1.0
1682,56.0667,1,acquire,,-0.6592,-0.6888,-0.2722,0.0269,-1.4586,-0.3595,0.2926,0.0,14,1.0,2.1362,0.0192,11.0573,269.3928,34.8234,1,0.5666,4,1.0
1683,56.1,1,acquire,,-0.6597,-0.6878,-0.2711,0.0318,-1.4586,-0.3606,-0.3114,0.0,14,1.0,2.1349,0.0192,11.0571,269.3929,34.8156,1,0.607,4,1.0
1684,56.1333,1,acquire,,-0.6613,-0.6785,-0.2619,0.2781,-1.4581,-0.3641,-0.3484,0.0,14,1.0,2.1352,0.0191,11.0581,269.3929,34.8093,1,0.6098,4,1.0
1685,56.1667,1,acquire,,-0.6633,-0.6725,-0.2558,0.1808,-1.4578,-0.3683,0.2895,0.0,14,1.0,2.1354,0.019,11.0613,269.3931,34.8243,1,0.5676,4,1.0
1686,56.2,1,acquire,,-0.6661,-0.6685,-0.2519,0.1175,-1.4581,-0.3736,-0.3577,0.0,14,1.0,2.135,0.0189,11.0615,269.3932,34.8465,1,0.6111,4,1.0
1687,56.2333,1,acquire,,-0.6863,-0.6667,-0.2501,0.0554,-0.9886,-0.384,-0.3633,0.0,13,1.0,2.2086,0.0106,10.689,269.6443,34.9301,1,0.6625,4,1.0
1688,56.2667,1,acquire,,-0.722,-0.6665,-0.2499,0.0064,-1.5811,-0.4093,-0.3475,0.0,13,1.0,2.0901,0.0205,10.3874,269.3964,35.0493,1,0.5972,4,1.0
1689,56.3,1,acquire,,-0.7244,-0.6734,-0.2568,-0.2084,-1.5802,-0.4146,0.2747,0.0,13,1.0,2.0907,0.0204,10.3735,269.3965,35.1622,1,0.5562,4,1.0
1690,56.3333,1,acquire,,-0.1662,-0.6779,-0.2613,-0.1355,0.3071,-0.6394,-0.3543,0.0,15,0.9375,1.8824,0.0165,18.9347,269.3761,35.2674,-1,0.5995,4,1.0
1691,56.3667,1,acquire,,-0.1667,-0.6809,-0.2643,-0.0881,0.0919,-0.6407,0.3039,0.0,15,0.9375,1.8787,0.0128,18.9484,269.6261,35.4829,-1,0.604,4,1.0
1692,56.4,1,acquire,,-0.6516,-0.6706,-0.254,0.3074,-2.1596,-0.1732,0.3018,0.0,11,1.0,2.2312,0.0347,10.7112,269.6424,35.6575,1,0.5364,4,1.0
1693,56.4333,1,acquire,,-0.6524,-0.664,-0.2474,0.1998,-2.1619,-0.1732,0.306,0.0,11,1.0,2.2311,0.0347,10.7102,269.6425,35.7688,1,0.5361,4,1.0
1694,56.4667,1,acquire,,-0.6553,-0.6596,-0.243,0.1299,-2.1646,-0.1754,-0.3734,0.0,11,1.0,2.2279,0.0347,10.7152,269.8927,35.8106,1,0.5812,4,1.0
1695,56.5,1,acquire,,-0.6557,-0.6571,-0.2405,0.0763,-2.1661,-0.1752,-0.324,0.0,11,1.0,2.2279,0.0348,10.7203,269.8927,35.7833,1,0.5779,4,1.0
1696,56.5333,1,acquire,,-0.6557,-0.6565,-0.2399,0.0186,-2.1665,-0.1748,0.3068,0.0,11,1.0,2.2278,0.0348,10.7196,269.8927,35.7122,1,0.5358,4,1.0
1697,56.5667,1,acquire,,-0.6592,-0.6562,-0.2396,0.0082,-2.1729,-0.1788,-0.3276,0.0,11,1.0,2.225,0.0348,10.7204,269.6428,35.6322,1,0.5779,4,1.0
1698,56.6,1,acquire,,-0.6642,-0.656,-0.2394,0.0052,-2.1802,-0.1851,0.3006,0.0,11,1.0,2.2309,0.0348,10.721,269.3931,35.5423,1,0.5357,4,1.0
1699,56.6333,1,acquire,,-0.1717,-0.6559,-0.2393,0.0034,0.0906,-0.6497,0.2948,0.0,15,0.9375,1.8814,0.0129,18.9513,269.3762,35.4344,-1,0.6034,4,1.0
1700,56.6667,1,acquire,,-0.1301,-0.6558,-0.2392,0.0022,0.3548,-0.6151,0.3007,0.0,14,0.9333,2.067,0.0169,17.9609,269.6257,35.2394,-1,0.5784,4,1.0
1701,56.7,1,acquire,,-0.1637,-0.4864,-0.0698,5.0838,0.2915,-0.6188,0.2997,0.0,15,0.9375,2.0018,0.0159,18.0049,269.3761,35.0791,-1,0.5851,4,1.0
1702,56.7333,1,acquire,,-0.1639,-0.3735,0.0431,3.3859,0.291,-0.6188,0.2997,0.0,15,0.9375,2.0021,0.0159,18.0071,269.3761,34.9513,-1,0.5851,4,1.0
1703,56.7667,1,acquire,,-0.1825,-0.3002,0.1165,2.2008,0.2921,-0.657,0.2928,0.0,15,0.9375,1.8872,0.0166,18.7757,269.3764,34.8557,-1,0.58,4,1.0
1704,56.8,1,acquire,,-0.546,-0.2525,0.1641,1.4305,-0.2789,-1.1472,0.2928,0.0,14,0.875,1.3917,0.0152,19.5192,251.3864,34.7806,-1,0.548,4,1.0
1705,56.8333,1,acquire,,-0.1546,-0.2215,0.1951,0.9298,0.2796,-0.5888,0.2929,0.0,15,0.9375,1.9445,0.0152,18.0298,269.376,34.7256,-1,0.5907,4,1.0
1706,56.8667,1,acquire,,-0.155,-0.2013,0.2153,0.6044,0.2797,-0.5896,0.2921,0.0,15,0.9375,1.9449,0.0152,18.0284,269.376,34.6929,-1,0.5906,4,1.0
1707,56.9,1,acquire,,-0.1534,-0.1851,0.2315,0.487,0.2792,-0.5861,0.2976,0.0,15,0.9375,1.9491,0.0151,18.04,269.126,34.6905,-1,0.5908,4,1.0
1708,56.9333,1,acquire,,-0.5113,-0.1746,0.2421,0.3165,-0.2832,-1.0757,0.288,0.0,14,0.875,1.5994,0.0138,18.3992,251.135,34.7738,-1,0.5408,4,1.0
1709,56.9667,1,acquire,,-0.1351,-0.1676,0.249,0.2093,0.29,-0.5602,-0.3375,0.0,15,0.9375,1.955,0.0148,18.0538,269.1257,34.8681,-1,0.609,4,1.0
1710,57.0,1,acquire,,-0.1871,-0.1632,0.2535,0.1325,0.2887,-0.6628,-0.3467,0.0,15,0.9375,1.891,0.0166,18.9051,269.3764,34.9479,-1,0.6008,4,1.0
1711,57.0333,1,acquire,,-0.1596,-0.1619,0.2547,0.0369,0.2887,-0.608,-0.3542,0.0,15,0.9375,1.8333,0.0157,18.8781,269.376,35.0226,-1,0.6045,4,1.0
1712,57.0667,1,acquire,,-0.1609,-0.1616,0.2551,0.0111,0.2878,-0.6095,-0.3589,0.0,15,0.9375,1.8324,0.0157,18.934,269.6261,35.0514,-1,0.6042,4,1.0
1713,57.1,1,acquire,,-0.6664,-0.1613,0.2553,0.0072,-2.0292,-0.0952,-0.2797,0.0,10,1.0,2.3865,0.0338,11.6871,269.3932,35.0647,1,0.5742,4,1.0
1714,57.1333,1,acquire,,-0.6657,-0.1703,0.2463,-0.2702,-2.0318,-0.0923,-0.2954,0.0,10,1.0,2.3868,0.0339,11.6889,269.3932,35.0852,1,0.5753,4,1.0
1715,57.1667,1,acquire,,-0.7215,-0.3437,0.0729,-5.2018,-2.0265,-0.1775,0.2871,0.0,11,1.0,2.4525,0.0323,10.5096,269.6464,35.1908,1,0.5328,4,1.0
1716,57.2,1,acquire,,-0.1761,-0.4564,-0.0398,-3.3812,0.0906,-0.6599,0.3034,0.0,15,0.9375,1.8992,0.0131,19.1855,269.6263,35.3122,-1,0.6014,4,1.0
1717,57.2333,1,acquire,,-0.1758,-0.5297,-0.1131,-2.1978,0.0907,-0.6593,0.2958,0.0,15,0.9375,1.8962,0.0131,19.1863,269.6263,35.398,-1,0.602,4,1.0
1718,57.2667,1,acquire,,-0.1763,-0.406,0.0106,3.711,0.0905,-0.6601,0.2831,0.0,15,0.9375,1.8967,0.0131,19.1855,269.6263,35.4663,-1,0.6028,4,1.0
1719,57.3,1,acquire,,-0.1763,-0.3256,0.091,2.4122,0.0906,-0.6601,0.2834,0.0,15,0.9375,1.8966,0.0131,19.1855,269.6263,35.5063,-1,0.6027,4,1.0
1720,57.3333,1,acquire,,-0.176,-0.2733,0.1433,1.569,0.0907,-0.6597,0.2832,0.0,15,0.9375,1.8964,0.0131,19.1879,269.6263,35.4479,-1,0.6028,4,1.0
1721,57.3667,1,acquire,,-0.176,-0.2392,0.1774,1.0213,0.0907,-0.6597,0.2832,0.0,15,0.9375,1.8964,0.0131,19.1879,269.6263,35.3766,-1,0.6028,4,1.0
1722,57.4,1,acquire,,-0.1778,-0.2172,0.1994,0.6613,0.0905,-0.663,0.2832,0.0,15,0.9375,1.9018,0.0132,19.1881,269.6263,35.3113,-1,0.6024,4,1.0
1723,57.4333,1,acquire,,-0.393,-0.2029,0.2138,0.4298,0.0914,-0.8773,0.2916,0.0,14,0.9333,1.8899,0.0169,19.9702,251.6309,35.2438,-1,0.5616,4,1.0
1724,57.4667,1,acquire,,-0.1421,-0.1935,0.2232,0.2819,0.0654,-0.5711,-0.3497,0.0,15,0.9375,1.9504,0.0111,18.1667,270.0008,35.0152,-1,0.632,4,1.0
1725,57.5,1,acquire,,-0.0416,-0.1874,0.2293,0.1834,0.0884,-0.3884,-0.3492,0.0,15,0.9375,1.8604,0.0083,18.1082,270.8751,34.8268,-1,0.6428,4,1.0
1726,57.5333,1,acquire,,-0.3041,-0.184,0.2326,0.1009,-0.072,-0.408,-0.3457,0.0,15,0.9375,1.5256,0.0059,18.1507,271.8788,34.683,-1,0.6758,4,1.0
1727,57.5667,1,acquire,,-0.2912,-0.2215,0.1951,-1.1258,0.0878,-0.3972,0.2583,0.0,15,0.9375,1.5245,0.0085,18.1259,272.6285,34.5554,-1,0.6257,4,1.0
1728,57.6,1,acquire,,-0.3642,-0.2459,0.1707,-0.7318,0.0885,-0.544,0.2556,0.0,15,0.9375,1.5816,0.011,18.1259,273.1305,34.4457,-1,0.605,4,1.0
1729,57.6333,1,acquire,,-0.3698,-0.2663,0.1504,-0.6107,-0.0707,-0.5412,0.2511,0.0,15,0.9375,1.577,0.0082,18.1259,273.6307,34.3679,-1,0.6226,4,1.0
1730,57.6667,1,acquire,,-0.3214,-0.2856,0.131,-0.5792,-0.0717,-0.4424,0.2449,0.0,15,0.9375,1.3442,0.0065,18.6403,273.8793,34.3191,-1,0.6631,4,1.0
1731,57.7,1,acquire,,-0.321,-0.2981,0.1185,-0.3765,-0.0706,-0.4426,-0.3938,0.0,15,0.9375,1.3439,0.0065,18.6271,274.1293,34.3028,-1,0.6959,4,1.0
1732,57.7333,1,acquire,,-0.206,-0.3063,0.1103,-0.2447,-0.0121,-0.4,-0.3819,0.0,15,0.9375,1.5747,0.0068,18.174,273.6268,34.4695,-1,0.6612,4,1.0
1733,57.7667,1,acquire,,-0.248,-0.3114,0.1052,-0.1545,-0.0739,-0.2944,0.2537,0.0,15,0.9375,1.6368,0.0038,19.956,272.6276,34.62,-1,0.6578,4,1.0
1734,57.8,1,acquire,,-0.2961,-0.3061,0.1106,0.1609,-0.0752,-0.3895,-0.3887,0.0,15,0.9375,1.5243,0.0055,18.1865,271.6286,34.7445,-1,0.6748,4,1.0
1735,57.8333,1,acquire,,-0.29,-0.3005,0.1162,0.1684,0.0836,-0.3912,-0.3498,0.0,15,0.9375,1.5387,0.0083,18.2028,270.8785,34.8237,-1,0.6595,4,1.0
1736,57.8667,1,acquire,,-0.1517,-0.2821,0.1345,0.5509,-0.0723,-0.1022,0.2475,0.0,15,0.9375,1.7702,0.0005,18.6872,270.8759,34.7778,-1,0.6854,4,1.0
1737,57.9,1,acquire,,-0.2843,-0.2829,0.1338,-0.0231,-0.0708,-0.3699,0.2471,0.0,15,0.9375,1.9072,0.0052,18.6864,271.3783,34.7255,-1,0.6472,4,1.0
1738,57.9333,1,acquire,,-0.3105,-0.2854,0.1312,-0.0753,-0.072,-0.4223,-0.4146,0.0,15,0.9375,1.5361,0.0061,18.0031,271.879,34.6802,-1,0.6701,4,1.0
1739,57.9667,1,acquire,,-0.311,-0.287,0.1296,-0.0489,-0.0716,-0.4237,0.2656,0.0,15,0.9375,1.5333,0.0061,18.0033,272.379,34.6525,-1,0.6384,4,1.0
1740,58.0,1,acquire,,-0.3074,-0.2941,0.1225,-0.2144,-0.0718,-0.4165,-0.3864,0.0,15,0.9375,1.5305,0.006,18.0072,272.6289,34.6173,-1,0.6724,4,1.0
1741,58.0333,1,acquire,,-0.2983,-0.2988,0.1178,-0.1394,0.0885,-0.414,-0.3741,0.0,15,0.9375,1.5292,0.0088,18.0066,273.1287,34.5899,-1,0.6554,4,1.0
1742,58.0667,1,acquire,,-0.3698,-0.3029,0.1137,-0.1228,0.0869,-0.5559,-0.3828,0.0,15,0.9375,1.5879,0.0112,18.0169,273.3807,34.5795,-1,0.6443,4,1.0
1743,58.1,1,acquire,,-0.3698,-0.3057,0.1109,-0.0852,0.0869,-0.5559,-0.3817,0.0,15,0.9375,1.5878,0.0112,18.0169,273.3807,34.5962,-1,0.6444,4,1.0
1744,58.1333,1,acquire,,-0.2834,-0.3063,0.1103,-0.0178,-0.0098,-0.557,-0.3839,0.0,15,0.9375,1.6486,0.0096,18.0166,273.6283,34.6248,-1,0.6489,4,1.0
1745,58.1667,1,acquire,,-0.2834,-0.3035,0.1131,0.0838,-0.0098,-0.5569,-0.3865,0.0,15,0.9375,1.6486,0.0095,18.0166,273.6283,34.6456,-1,0.6487,4,1.0
1746,58.2,1,acquire,,-0.2835,-0.2965,0.1201,0.2098,-0.0102,-0.5569,0.2313,0.0,15,0.9375,1.649,0.0095,18.0162,273.6284,34.6625,-1,0.6213,4,1.0
1747,58.2333,1,acquire,,-0.2833,-0.2919,0.1247,0.1382,-0.0102,-0.5565,0.2208,0.0,15,0.9375,1.6482,0.0095,18.0162,273.6283,34.6822,-1,0.6221,4,1.0
1748,58.2667,1,acquire,,-0.2748,-0.2889,0.1277,0.09,-0.0118,-0.5378,-0.3792,0.0,15,0.9375,1.6514,0.0092,18.0893,273.1281,34.8552,-1,0.6509,4,1.0
1749,58.3,1,acquire,,-0.2922,-0.287,0.1296,0.0585,0.0869,-0.3999,0.259,0.0,15,0.9375,1.5424,0.0085,18.0893,272.3785,35.0064,-1,0.6254,4,1.0
1750,58.3333,1,acquire,,-0.2931,-0.2858,0.1308,0.036,0.0868,-0.4014,0.2926,0.0,15,0.9375,1.5448,0.0085,18.0408,271.6286,35.1258,-1,0.623,4,1.0
1751,58.3667,1,acquire,,0.1882,-0.2849,0.1317,0.0255,0.83,-0.4536,0.3004,0.0,15,0.9375,1.9771,0.0224,19.138,271.1265,35.2594,-1,0.5678,4,1.0
1752,58.4,1,acquire,,-0.1866,-0.2814,0.1352,0.106,0.2995,-0.6727,0.2993,0.0,15,0.9375,1.8934,0.017,19.099,270.3764,35.3668,-1,0.5768,4,1.0
1753,58.4333,1,acquire,,-0.7131,-0.2852,0.1314,-0.1137,-1.4675,-0.1654,-0.4157,0.0,11,1.0,2.6033,0.0227,11.3893,270.1459,35.445,1,0.5881,4,1.0
1754,58.4667,1,acquire,,0.1059,-0.2507,0.1659,1.0351,0.3731,-0.4472,0.3075,0.0,15,0.9375,2.0984,0.0143,17.9878,269.8755,35.4958,-1,0.6123,4,1.0
1755,58.5,1,acquire,,-0.1637,-0.2202,0.1964,0.9131,0.3069,-0.6343,0.3049,0.0,15,0.9375,2.0313,0.0164,17.9796,269.8761,35.5512,-1,0.5814,4,1.0
1756,58.5333,1,acquire,,-0.1652,-0.201,0.2156,0.578,0.3009,-0.6313,0.3119,0.0,15,0.9375,2.0192,0.0163,17.9796,270.1261,35.4797,-1,0.5818,4,1.0
1757,58.5667,1,acquire,,-0.1871,-0.1884,0.2282,0.3757,0.0876,-0.6761,0.29,0.0,15,0.9375,1.8925,0.0133,19.0993,270.8764,35.4121,-1,0.6002,4,1.0
1758,58.6,1,acquire,,-0.256,-0.1803,0.2363,0.2442,-0.0145,-0.4975,0.2936,0.0,15,0.9375,1.5193,0.0084,18.7398,271.6277,35.345,-1,0.626,4,1.0
1759,58.6333,1,acquire,,0.0141,-0.175,0.2416,0.1587,0.3427,-0.407,0.2697,0.0,15,0.9375,1.677,0.0131,18.7365,271.625,35.3997,-1,0.6165,4,1.0
1760,58.6667,1,acquire,,0.2574,-0.1716,0.245,0.1032,0.8304,-0.4087,0.2723,0.0,15,0.9375,1.8578,0.0216,18.7359,271.3777,35.4529,-1,0.5791,4,1.0
1761,58.7,1,acquire,,0.2574,-0.1066,0.31,1.9494,0.8304,-0.4087,0.3018,0.0,15,0.9375,1.8577,0.0216,18.7359,271.3777,35.4904,-1,0.5772,4,1.0
1762,58.7333,1,acquire,,-0.6757,-0.0644,0.3523,1.2671,-2.2078,-0.1791,0.3025,0.0,11,1.0,2.2334,0.0354,10.8532,270.8938,35.524,1,0.5348,4,1.0
1763,58.7666,1,acquire,,-0.6143,-0.0369,0.3797,0.8236,-2.1927,-0.0834,0.2813,0.0,10,1.0,2.1521,0.0368,11.8615,270.6406,35.6003,1,0.5403,4,1.0
1764,58.8,1,acquire,,-0.6143,-0.239,0.1776,-6.0626,-2.1927,-0.0835,0.2813,0.0,10,1.0,2.152,0.0368,11.8615,270.6406,35.6613,1,0.5403,4,1.0
1765,58.8333,1,acquire,,-0.6571,-0.3704,0.0463,-3.941,-2.18,-0.1655,-0.3542,0.0,11,1.0,2.3782,0.0352,11.3917,270.3928,35.7054,1,0.5798,4,1.0
1766,58.8666,1,acquire,,-0.6528,-0.4692,-0.0526,-2.966,-2.1824,-0.1567,0.3012,0.0,11,1.0,2.3837,0.0354,11.4046,270.1425,35.732,1,0.5364,4,1.0
1767,58.9,1,acquire,,0.1653,-0.52,-0.1034,-1.5235,0.8298,-0.4993,0.2993,0.0,15,0.9375,1.9844,0.0232,19.0809,270.1261,35.7872,-1,0.5614,4,1.0
1768,58.9333,1,acquire,,0.1653,-0.553,-0.1364,-0.9903,0.8298,-0.4993,0.2993,0.0,15,0.9375,1.9844,0.0232,19.0809,270.1261,35.8166,-1,0.5614,4,1.0
1769,58.9666,1,acquire,,0.1644,-0.3019,0.1147,7.5327,0.8303,-0.5016,-0.3869,0.0,15,0.9375,1.9846,0.0232,19.0809,270.3761,35.8477,-1,0.5332,4,1.0
1770,59.0,1,acquire,,0.1648,-0.1386,0.278,4.9004,0.8304,-0.5009,-0.4059,0.0,15,0.9375,1.9842,0.0232,19.0809,270.3761,35.8904,-1,0.532,4,1.0
1771,59.0333,1,acquire,,0.1628,-0.0324,0.3842,3.1853,0.8304,-0.5048,-0.4058,0.0,15,0.9375,1.9923,0.0233,19.0809,270.3761,35.9922,-1,0.5317,4,1.0
1772,59.0666,1,acquire,,0.2327,0.0366,0.4532,2.0704,0.8356,-0.7634,-0.4058,0.0,15,0.9375,1.8691,0.0279,19.6173,270.3772,36.0721,-1,0.5227,4,1.0
1773,59.1,1,acquire,,0.2327,0.0815,0.4981,1.3458,0.8356,-0.7634,-0.4058,0.0,15,0.9375,1.8691,0.0279,19.6173,270.3772,36.1295,-1,0.5227,4,1.0
1774,59.1333,1,acquire,,0.2327,0.1344,0.551,1.5879,0.8356,-0.7634,-0.4058,0.0,15,0.9375,1.8691,0.0279,19.6173,270.3772,36.168,-1,0.5227,4,1.0
1775,59.1666,1,acquire,,0.2327,0.1688,0.5854,1.0322,0.8356,-0.7634,-0.4058,0.0,15,0.9375,1.8691,0.0279,19.6173,270.3772,36.1716,-1,0.5227,4,1.0
1776,59.2,1,acquire,,0.2318,0.1912,0.6078,0.6709,0.8363,-0.7677,-0.4059,0.0,15,0.9375,1.8693,0.028,19.6173,270.6272,36.1476,-1,0.5228,4,1.0
1777,59.2333,1,acquire,,0.2318,0.2057,0.6223,0.4361,0.8363,-0.7677,-0.4059,0.0,15,0.9375,1.8693,0.028,19.6173,270.6272,36.1225,-1,0.5228,4,1.0
1778,59.2666,1,acquire,,0.2317,0.2148,0.6315,0.2737,0.8362,-0.7677,-0.406,0.0,15,0.9375,1.8694,0.028,19.6173,270.6272,36.1016,-1,0.5228,4,1.0
1779,59.3,1,acquire,,0.2316,0.2208,0.6374,0.1779,0.8369,-0.7685,-0.4077,0.0,15,0.9375,1.8696,0.028,19.6173,270.6272,36.0822,-1,0.5227,4,1.0
1780,59.3333,1,acquire,,0.1628,0.2246,0.6412,0.1154,0.8313,-0.5056,-0.4056,0.0,15,0.9375,1.9924,0.0233,19.0809,270.3761,36.0256,-1,0.5315,4,1.0
1781,59.3666,1,acquire,,0.1629,0.2271,0.6437,0.0733,0.8313,-0.5055,-0.3792,0.0,15,0.9375,1.9922,0.0233,19.0809,270.3761,35.9465,-1,0.5333,4,1.0
1782,59.4,1,acquire,,0.1644,0.2051,0.6217,-0.6577,0.8325,-0.5037,-0.3096,0.0,15,0.9375,1.9809,0.0233,19.1116,270.6261,35.8608,-1,0.5379,4,1.0
1783,59.4333,1,acquire,,0.1648,0.1909,0.6075,-0.4275,0.8329,-0.5034,-0.3095,0.0,15,0.9375,1.9806,0.0233,19.1116,270.6261,35.7882,-1,0.5379,4,1.0
1784,59.4666,1,acquire,,0.1673,0.1816,0.5982,-0.2779,0.8333,-0.4987,0.3035,0.0,15,0.9375,1.9858,0.0232,19.0947,270.6262,35.7047,-1,0.5609,4,1.0
1785,59.5,1,acquire,,-0.6144,0.1756,0.5922,-0.1806,-2.1968,-0.0793,0.3017,0.0,10,1.0,2.1577,0.037,11.8631,270.6406,35.6431,1,0.5389,4,1.0
1786,59.5333,1,acquire,,-0.6142,0.1717,0.5883,-0.1174,-2.1929,-0.0796,0.3079,0.0,10,1.0,2.1535,0.0369,11.8647,271.1406,35.5411,1,0.5385,4,1.0
1787,59.5666,1,acquire,,-0.43,-0.0389,0.3777,-6.3176,0.0964,-0.6845,0.308,0.0,15,0.9375,1.4947,0.0136,19.2235,271.6326,35.4857,-1,0.5818,4,1.0
1788,59.6,1,acquire,,-0.613,-0.2398,0.1768,-6.0281,-2.182,-0.0845,0.2934,0.0,10,1.0,2.1373,0.0366,11.8602,271.8906,35.6471,1,0.5396,4,1.0
1789,59.6333,1,acquire,,0.1612,-0.3704,0.0462,-3.9183,0.8405,-0.5182,0.2873,0.0,15,0.9375,2.0096,0.0237,19.8503,271.8761,35.7719,-1,0.5586,4,1.0
1790,59.6666,1,acquire,,0.1583,-0.3913,0.0253,-0.6252,0.8395,-0.5229,0.2848,0.0,15,0.9375,2.0075,0.0238,19.842,271.376,35.8645,-1,0.5582,4,1.0
1791,59.7,1,acquire,,0.1538,-0.2005,0.2161,5.7232,0.8321,-0.5246,0.2852,0.0,15,0.9375,1.9938,0.0237,19.6534,271.376,35.8914,-1,0.5585,4,1.0
1792,59.7333,1,acquire,,-0.0881,-0.0765,0.3401,3.7201,0.3467,-0.5229,0.2941,0.0,15,0.9375,1.7759,0.0152,19.6509,271.8753,35.7975,-1,0.5949,4,1.0
1793,59.7666,1,acquire,,-0.0862,0.0041,0.4207,2.418,0.3469,-0.5192,0.2935,0.0,15,0.9375,1.7831,0.0151,19.6609,272.1253,35.6984,-1,0.5955,4,1.0
1794,59.8,1,acquire,,0.0096,0.006,0.4226,0.0582,0.3468,-0.4088,0.2861,0.0,15,0.9375,1.6954,0.0132,18.7729,272.625,35.6118,-1,0.6144,4,1.0
1795,59.8333,1,acquire,,-0.3287,-0.0262,0.3904,-0.968,-0.0064,-0.651,0.2769,0.0,15,0.9375,1.5726,0.0113,19.1007,272.6295,35.6728,-1,0.6046,4,1.0
1796,59.8666,1,acquire,,-0.2936,-0.0479,0.3687,-0.6494,-0.0067,-0.5806,0.2774,0.0,15,0.9375,1.525,0.01,19.093,272.3786,35.726,-1,0.6146,4,1.0
1797,59.9,1,acquire,,-0.2891,-0.1323,0.2843,-2.5331,-0.0082,-0.57,0.2797,0.0,15,0.9375,1.5255,0.0098,19.0324,271.6285,35.7671,-1,0.6161,4,1.0
1798,59.9333,1,acquire,,-0.3541,-0.1888,0.2278,-1.694,-0.0087,-0.6995,0.2853,0.0,15,0.9375,1.5698,0.0121,19.8709,271.3802,35.8067,-1,0.5973,4,1.0
1799,59.9666,1,acquire,,-0.3547,-0.2378,0.1789,-1.4692,-0.0087,-0.7007,0.2869,0.0,15,0.9375,1.5701,0.0121,19.8557,271.1302,35.844,-1,0.597,4,1.0
1800,60.0,1,acquire,,-0.6117,-0.2785,0.1381,-1.2219,0.1208,-1.3333,0.3755,0.0,14,0.9333,1.5693,0.0254,20.3199,252.7644,35.8721,-1,0.4972,4,1.0
1801,60.0333,1,acquire,,-0.615,-0.3052,0.1115,-0.8003,0.1208,-1.3399,0.3751,0.0,14,0.9333,1.5747,0.0255,20.3199,252.7646,35.9151,-1,0.497,4,1.0
1802,60.0666,1,acquire,,-0.4567,-0.3582,0.0584,-1.5912,-0.1539,-1.3458,0.3536,0.0,15,0.9375,1.5827,0.0208,19.7289,271.3836,35.9436,-1,0.5312,4,1.0
1803,60.1,1,acquire,,-0.4568,-0.3927,0.0239,-1.0347,-0.1552,-1.3441,0.3429,0.0,15,0.9375,1.582,0.0208,19.7382,271.3836,35.9599,-1,0.5323,4,1.0
1804,60.1333,1,acquire,,-0.0643,-0.4151,0.0015,-0.6726,0.3692,-0.3459,0.0682,0.0,15,0.9375,1.8767,0.0125,19.5503,271.6252,35.9629,-1,0.6284,4,1.0
1805,60.1666,1,acquire,,0.003,-0.4297,-0.0131,-0.4368,0.3691,-0.3529,0.0674,0.0,15,0.9375,1.7881,0.0126,18.9278,271.875,35.9588,-1,0.6322,4,1.0
1806,60.2,1,acquire,,0.0026,-0.3018,0.1148,3.8368,0.3678,-0.3527,0.0405,0.0,15,0.9375,1.7923,0.0126,18.91,271.875,35.9529,-1,0.6342,4,1.0
1807,60.2333,1,acquire,,-0.0013,-0.1966,0.22,3.1556,0.3702,-0.5175,0.0343,0.0,15,0.9375,1.7909,0.0155,18.9837,272.375,35.9461,-1,0.6161,4,1.0
1808,60.2666,1,acquire,,-0.2535,-0.1282,0.2884,2.0511,0.008,-0.515,0.325,0.0,15,0.9375,1.85,0.0091,20.8822,272.1277,35.9392,-1,0.6197,4,1.0
1809,60.3,1,acquire,,-0.2535,-0.0838,0.3328,1.3332,0.008,-0.515,0.325,0.0,15,0.9375,1.85,0.0091,20.8822,272.1277,35.9326,-1,0.6197,4,1.0
1810,60.3333,1,acquire,,-0.2535,-0.1432,0.2734,-1.7818,0.0081,-0.515,0.325,0.0,15,0.9375,1.8499,0.0091,20.8822,272.1277,35.9037,-1,0.6196,4,1.0
1811,60.3666,1,acquire,,-0.2512,-0.1818,0.2348,-1.1582,0.0081,-0.5105,0.325,0.0,15,0.9375,1.844,0.0091,20.8822,272.1276,35.8735,-1,0.6203,4,1.0
1812,60.4,1,acquire,,-0.251,-0.2069,0.2097,-0.7528,0.0086,-0.5106,0.3104,0.0,15,0.9375,1.8438,0.0091,20.8822,272.1276,35.8333,-1,0.6212,4,1.0
1813,60.4333,1,acquire,,-0.2509,-0.2224,0.1942,-0.4656,0.0086,-0.5104,0.3088,0.0,15,0.9375,1.8439,0.0091,20.8822,272.1276,35.7792,-1,0.6214,4,1.0
1814,60.4666,1,acquire,,-0.3738,-0.2325,0.1841,-0.3026,0.0086,-1.3361,0.3144,0.0,15,0.9375,1.6445,0.0235,19.712,272.1308,35.7245,-1,0.5227,4,1.0
1815,60.5,1,acquire,,-0.3738,-0.239,0.1776,-0.1967,0.0086,-1.3361,0.3144,0.0,15,0.9375,1.6445,0.0235,19.712,272.1308,35.6737,-1,0.5227,4,1.0
1816,60.5333,1,acquire,,-0.3732,-0.286,0.1306,-1.4084,0.0106,-1.3367,0.3225,0.0,15,0.9375,1.6441,0.0235,19.7407,272.3808,35.6434,-1,0.5219,4,1.0
1817,60.5666,1,acquire,,-0.268,-0.3165,0.1001,-0.9155,0.0106,-0.3998,0.322,0.0,15,0.9375,1.6306,0.0072,18.9454,272.378,35.6234,-1,0.6312,4,1.0
1818,60.6,1,acquire,,-0.3732,-0.3363,0.0803,-0.5951,0.0106,-1.3368,0.3222,0.0,15,0.9375,1.6441,0.0235,19.7407,272.3808,35.6316,-1,0.5219,4,1.0
1819,60.6333,1,acquire,,-0.3458,-0.3492,0.0674,-0.3865,0.0118,-1.2661,0.3137,0.0,15,0.9375,1.678,0.0223,19.7131,272.63,35.6488,-1,0.5319,4,1.0
1820,60.6666,1,acquire,,-0.3459,-0.3481,0.0685,0.0345,0.0118,-1.2663,0.3129,0.0,15,0.9375,1.6779,0.0223,19.7131,272.63,35.6656,-1,0.5319,4,1.0
1821,60.7,1,acquire,,-0.3459,-0.3473,0.0693,0.0227,0.0118,-1.2661,0.3158,0.0,15,0.9375,1.678,0.0223,19.7131,272.63,35.6943,-1,0.5317,4,1.0
1822,60.7333,1,acquire,,-0.3422,-0.3468,0.0698,0.0148,0.0118,-1.2566,0.3516,0.0,15,0.9375,1.6832,0.0221,19.7131,272.6299,35.7185,-1,0.5306,4,1.0
1823,60.7666,1,acquire,,-0.342,-0.3465,0.0701,0.0104,0.0118,-1.2561,0.3514,0.0,15,0.9375,1.6835,0.0221,19.7131,272.6299,35.7348,-1,0.5307,4,1.0
1824,60.8,1,acquire,,-0.3419,-0.345,0.0716,0.0445,0.0123,-1.2563,0.3497,0.0,15,0.9375,1.6831,0.0221,19.7131,272.6299,35.7441,-1,0.5308,4,1.0
1825,60.8333,1,acquire,,-0.3419,-0.344,0.0727,0.0312,0.0123,-1.2563,0.3497,0.0,15,0.9375,1.6831,0.0221,19.7131,272.6299,35.7474,-1,0.5308,4,1.0
1826,60.8666,1,acquire,,-0.3419,-0.3432,0.0734,0.0218,0.0123,-1.2563,0.3497,0.0,15,0.9375,1.6831,0.0221,19.7131,272.6299,35.7426,-1,0.5308,4,1.0
1827,60.9,1,acquire,,-0.3419,-0.3428,0.0739,0.0142,0.0123,-1.2563,0.3497,0.0,15,0.9375,1.6831,0.0221,19.7131,272.6299,35.7379,-1,0.5308,4,1.0
1828,60.9333,1,acquire,,-0.3439,-0.3425,0.0742,0.0092,0.0105,-1.2607,0.3498,0.0,15,0.9375,1.6755,0.0222,19.7131,272.3799,35.7303,-1,0.5303,4,1.0
1829,60.9666,1,acquire,,-0.3439,-0.3423,0.0744,0.006,0.0105,-1.2607,0.3498,0.0,15,0.9375,1.6755,0.0222,19.7131,272.3799,35.7205,-1,0.5303,4,1.0
1830,61.0,1,acquire,,-0.3439,-0.3428,0.0738,-0.0171,0.0105,-1.2607,0.3498,0.0,15,0.9375,1.6755,0.0222,19.7131,272.3799,35.7126,-1,0.5303,4,1.0
1831,61.0333,1,acquire,,-0.3439,-0.3432,0.0734,-0.0111,0.0105,-1.2607,0.3498,0.0,15,0.9375,1.6755,0.0222,19.7131,272.3799,35.7032,-1,0.5303,4,1.0
1832,61.0666,1,acquire,,-0.3439,-0.3434,0.0732,-0.0074,0.0105,-1.2607,0.3498,0.0,15,0.9375,1.6755,0.0222,19.7131,272.3799,35.6928,-1,0.5303,4,1.0
1833,61.1,1,acquire,,-0.344,-0.3436,0.073,-0.0049,0.0105,-1.261,0.3497,0.0,15,0.9375,1.6756,0.0222,19.7131,272.3799,35.6816,-1,0.5303,4,1.0
1834,61.1333,1,acquire,,-0.3415,-0.3437,0.0729,-0.0031,0.0129,-1.2561,0.3596,0.0,15,0.9375,1.6827,0.0222,19.7131,272.6298,35.6668,-1,0.5301,4,1.0
1835,61.1666,1,acquire,,-0.3416,-0.3438,0.0728,-0.0018,0.0127,-1.2561,0.3596,0.0,15,0.9375,1.6829,0.0221,19.7131,272.6298,35.6492,-1,0.5301,4,1.0
1836,61.2,1,acquire,,-0.3724,-0.3438,0.0728,-0.0014,0.0123,-1.337,0.3684,0.0,15,0.9375,1.6431,0.0236,19.7407,272.3808,35.6361,-1,0.5187,4,1.0
1837,61.2333,1,acquire,,-0.3723,-0.3439,0.0727,-0.0017,0.0125,-1.3369,0.3569,0.0,15,0.9375,1.6427,0.0236,19.7407,272.3807,35.6532,-1,0.5194,4,1.0
1838,61.2666,1,acquire,,-0.3721,-0.3538,0.0629,-0.2967,0.0128,-1.3369,0.3472,0.0,15,0.9375,1.6424,0.0236,19.7407,272.3807,35.6619,-1,0.5201,4,1.0
1839,61.3,1,acquire,,-0.3718,-0.3602,0.0564,-0.1929,0.0135,-1.3369,0.3459,0.0,15,0.9375,1.642,0.0236,19.7407,272.3807,35.6728,-1,0.5201,4,1.0
1840,61.3333,1,acquire,,-0.3713,-0.3644,0.0522,-0.1254,0.0139,-1.3363,0.3267,0.0,15,0.9375,1.6413,0.0236,19.7407,272.3807,35.6787,-1,0.5214,4,1.0
1841,61.3666,1,acquire,,-0.3712,-0.367,0.0497,-0.0777,0.0139,-1.336,0.326,0.0,15,0.9375,1.6416,0.0236,19.7407,272.3807,35.68,-1,0.5215,4,1.0
1842,61.4,1,acquire,,-0.4531,-0.3686,0.048,-0.0505,-0.1488,-1.3383,0.3374,0.0,15,0.9375,1.576,0.0208,19.7392,272.1335,35.6842,-1,0.5328,4,1.0
1843,61.4333,1,acquire,,-0.4533,-0.3697,0.0469,-0.0328,-0.1489,-1.3383,0.3393,0.0,15,0.9375,1.5758,0.0208,19.7392,272.1335,35.6742,-1,0.5327,4,1.0
1844,61.4666,1,acquire,,-0.4533,-0.3989,0.0177,-0.8753,-0.1488,-1.3383,0.337,0.0,15,0.9375,1.5758,0.0208,19.7392,272.1335,35.6594,-1,0.5328,4,1.0
1845,61.5,1,acquire,,-0.4527,-0.4179,-0.0013,-0.569,-0.1468,-1.3387,0.339,0.0,15,0.9375,1.5747,0.0208,19.7453,272.3835,35.6376,-1,0.5324,4,1.0
1846,61.5333,1,acquire,,-0.3424,-0.4302,-0.0136,-0.3698,-0.1468,-0.3912,0.1269,0.0,15,0.9375,1.546,0.0043,18.8246,272.3799,35.614,-1,0.6573,4,1.0
1847,61.5666,1,acquire,,-0.3423,-0.4381,-0.0215,-0.2363,-0.1468,-0.3911,0.1269,0.0,15,0.9375,1.546,0.0043,18.8246,272.3799,35.5959,-1,0.6574,4,1.0
1848,61.6,1,acquire,,-0.3421,-0.4046,0.012,1.0049,-0.1466,-0.3908,0.1265,0.0,15,0.9375,1.5461,0.0043,18.8245,272.3799,35.5827,-1,0.6574,4,1.0
1849,61.6333,1,acquire,,-0.3425,-0.3828,0.0338,0.6532,-0.1466,-0.3917,0.1264,0.0,15,0.9375,1.5463,0.0043,18.8245,272.3799,35.5803,-1,0.6573,4,1.0
1850,61.6666,1,acquire,,-0.3416,-0.3686,0.048,0.4255,-0.1469,-0.3891,0.1299,0.0,15,0.9375,1.5484,0.0042,18.783,272.1298,35.5832,-1,0.6574,4,1.0
1851,61.7,1,acquire,,-0.3417,-0.3593,0.0573,0.2788,-0.1469,-0.3893,0.1299,0.0,15,0.9375,1.5485,0.0042,18.783,272.1298,35.587,-1,0.6574,4,1.0
1852,61.7333,1,acquire,,-0.3417,-0.3532,0.0634,0.185,-0.1469,-0.3893,0.1302,0.0,15,0.9375,1.5485,0.0042,18.783,272.1298,35.5877,-1,0.6574,4,1.0
1853,61.7666,1,acquire,,-0.3426,-0.3492,0.0675,0.1202,-0.1466,-0.3918,0.1266,0.0,15,0.9375,1.5464,0.0043,18.8245,272.3799,35.5857,-1,0.6573,4,1.0
1854,61.8,1,acquire,,-0.3009,-0.3466,0.0701,0.0783,-0.0639,-0.3906,0.3555,0.0,15,0.9375,1.686,0.0057,18.8424,272.1288,35.5649,-1,0.6359,4,1.0
1855,61.8333,1,acquire,,-0.3011,-0.3449,0.0718,0.0509,-0.0639,-0.3909,0.3486,0.0,15,0.9375,1.686,0.0057,18.8424,272.1288,35.5387,-1,0.6363,4,1.0
1856,61.8666,1,acquire,,-0.2996,-0.3295,0.0871,0.4598,-0.0641,-0.535,0.3485,0.0,15,0.9375,1.6806,0.0082,18.8424,272.1287,35.5088,-1,0.6207,4,1.0
1857,61.9,1,acquire,,-0.2982,-0.3195,0.0971,0.3005,-0.0644,-0.5319,0.3504,0.0,15,0.9375,1.6807,0.0082,18.795,271.8787,35.4763,-1,0.621,4,1.0
1858,61.9333,1,acquire,,-0.298,-0.3125,0.1041,0.2094,-0.0644,-0.5316,0.3551,0.0,15,0.9375,1.6806,0.0082,18.795,271.8787,35.4258,-1,0.6208,4,1.0
1859,61.9666,1,acquire,,-0.3678,-0.308,0.1086,0.1361,-0.0643,-0.6713,0.3555,0.0,15,0.9375,1.7181,0.0106,19.2269,271.6306,35.3744,-1,0.6008,4,1.0
1860,62.0,1,acquire,,-0.3675,-0.305,0.1116,0.0885,-0.0636,-0.6715,0.3536,0.0,15,0.9375,1.7176,0.0106,19.2269,271.6306,35.3496,-1,0.6009,4,1.0
1861,62.0333,1,acquire,,-0.3675,-0.3269,0.0897,-0.6553,-0.0636,-0.6713,0.3574,0.0,15,0.9375,1.7177,0.0106,19.2269,271.6306,35.3402,-1,0.6007,4,1.0
1862,62.0666,1,acquire,,-0.3671,-0.3411,0.0755,-0.426,-0.0631,-0.6711,0.3744,0.0,15,0.9375,1.7174,0.0106,19.2269,271.6306,35.3562,-1,0.5995,4,1.0
1863,62.1,1,acquire,,-0.3673,-0.3503,0.0663,-0.2769,-0.0631,-0.6715,0.3699,0.0,15,0.9375,1.7173,0.0106,19.2269,271.6306,35.3659,-1,0.5998,4,1.0
1864,62.1333,1,acquire,,-0.3673,-0.3563,0.0604,-0.1783,-0.0633,-0.6713,0.3705,0.0,15,0.9375,1.7172,0.0106,19.2269,271.6306,35.3825,-1,0.5998,4,1.0
1865,62.1666,1,acquire,,-0.3672,-0.3601,0.0565,-0.1159,-0.0633,-0.6711,0.3536,0.0,15,0.9375,1.7171,0.0106,19.2269,271.6306,35.4765,-1,0.6009,4,1.0
1866,62.2,1,acquire,,-0.3697,-0.3626,0.054,-0.0753,-0.0633,-0.6761,0.3536,0.0,15,0.9375,1.7234,0.0107,19.2269,271.6307,35.5528,-1,0.6002,4,1.0
1867,62.2333,1,acquire,,-0.0457,-0.3643,0.0524,-0.0489,-0.1484,-0.361,0.0927,0.0,15,0.9375,1.8517,0.0037,17.5583,271.8751,35.5926,-1,0.6829,4,1.0
1868,62.2666,1,acquire,,-0.414,-0.3653,0.0513,-0.0318,-0.1463,-0.6817,0.3467,0.0,15,0.9375,1.5971,0.0093,19.2415,271.8821,35.6178,-1,0.6062,4,1.0
1869,62.3,1,acquire,,-0.4546,-0.3669,0.0498,-0.0462,-0.1464,-1.3443,0.3467,0.0,15,0.9375,1.5782,0.0209,19.7364,271.8836,35.6407,-1,0.5312,4,1.0
1870,62.3333,1,acquire,,-0.4549,-0.3834,0.0332,-0.4953,-0.1464,-1.3449,0.3468,0.0,15,0.9375,1.5787,0.0209,19.7364,271.8836,35.6522,-1,0.5311,4,1.0
1871,62.3666,1,acquire,,-0.3387,-0.3941,0.0225,-0.3219,0.0152,-1.2567,0.1375,-0.4584,15,0.9375,1.6831,0.0222,19.6979,271.8798,35.6775,-1,0.5448,4,1.0
1872,62.4,1,acquire,,-0.3391,-0.4011,0.0155,-0.2093,0.0154,-1.2576,0.1329,-0.4584,15,0.9375,1.6834,0.0222,19.6979,271.8798,35.6946,-1,0.5449,4,1.0
1873,62.4333,1,acquire,,-0.4565,-0.4198,-0.0032,-0.562,-0.1475,-1.3478,0.321,0.0,15,0.9375,1.5788,0.021,19.7364,271.6336,35.7249,-1,0.5325,4,1.0
1874,62.4666,1,acquire,,-0.4539,-0.4318,-0.0151,-0.3584,-0.1475,-1.3441,0.3128,0.0,15,0.9375,1.5746,0.0209,19.7364,271.6335,35.7758,-1,0.5336,4,1.0
1875,62.5,1,acquire,,-0.4541,-0.4395,-0.0229,-0.233,-0.1475,-1.3444,0.3129,0.0,15,0.9375,1.5746,0.0209,19.7364,271.6335,35.8136,-1,0.5336,4,1.0
1876,62.5333,1,acquire,,-0.454,-0.4446,-0.028,-0.152,-0.1475,-1.3443,0.3129,0.0,15,0.9375,1.5746,0.0209,19.7364,271.6335,35.8399,-1,0.5336,4,1.0
1877,62.5666,1,acquire,,-0.4543,-0.4479,-0.0313,-0.0993,-0.1494,-1.3433,0.3129,0.0,15,0.9375,1.5748,0.0208,19.7382,271.3835,35.857,-1,0.5339,4,1.0
1878,62.6,1,acquire,,-0.4543,-0.4501,-0.0334,-0.0646,-0.1494,-1.3433,0.3129,0.0,15,0.9375,1.5748,0.0208,19.7382,271.3835,35.8568,-1,0.5339,4,1.0
1879,62.6333,1,acquire,,-0.4543,-0.4515,-0.0349,-0.0441,-0.1494,-1.3433,0.3129,0.0,15,0.9375,1.5748,0.0208,19.7382,271.3835,35.8463,-1,0.5339,4,1.0
1880,62.6666,1,acquire,,-0.4543,-0.4525,-0.0359,-0.0287,-0.1494,-1.3433,0.3129,-0.4584,15,0.9375,1.5748,0.0208,19.7382,271.3835,35.8415,-1,0.5339,4,1.0
1881,62.7,1,acquire,,-0.454,-0.4531,-0.0365,-0.0186,-0.1476,-1.3445,0.3239,-0.4584,15,0.9375,1.5747,0.0209,19.7364,271.6335,35.8356,-1,0.5328,4,1.0
1882,62.7333,1,acquire,,-0.4541,-0.4535,-0.0369,-0.0121,-0.1476,-1.3448,0.3244,-0.4584,15,0.9375,1.5748,0.0209,19.7364,271.6335,35.803,-1,0.5328,4,1.0
1883,62.7666,1,acquire,,-0.3365,-0.4537,-0.0371,-0.0062,0.0139,-1.2511,0.1361,-0.6259,15,0.9375,1.6872,0.0221,19.6979,271.6297,35.7822,-1,0.5458,4,1.0
1884,62.8,1,acquire,,-0.3374,-0.4538,-0.0372,-0.0029,0.0138,-1.2524,0.1338,-0.4547,15,0.9375,1.6878,0.0221,19.707,271.8797,35.7655,-1,0.5457,4,1.0
1885,62.8333,1,acquire,,-0.338,-0.4133,0.0033,1.2159,0.0129,-1.2534,0.1425,-0.4547,15,0.9375,1.6868,0.0221,19.707,271.6297,35.7823,-1,0.5451,4,1.0
1886,62.8666,1,acquire,,-0.3382,-0.3869,0.0297,0.7903,0.0134,-1.2544,0.1366,-0.4547,15,0.9375,1.6873,0.0221,19.707,271.6297,35.7802,-1,0.5453,4,1.0
1887,62.9,1,acquire,,-0.3383,-0.3698,0.0468,0.5137,0.0133,-1.2544,0.1377,-0.4547,15,0.9375,1.6874,0.0221,19.707,271.6297,35.7722,-1,0.5452,4,1.0
1888,62.9333,1,acquire,,-0.4806,-0.3587,0.0579,0.3319,-0.1473,-0.8137,0.3255,-0.4584,15,0.9375,1.9549,0.0116,20.8659,271.6346,35.7759,-1,0.5888,4,1.0
1889,62.9666,1,acquire,,-0.4806,-0.3516,0.065,0.2148,-0.1473,-0.8137,0.3261,-0.4584,15,0.9375,1.9549,0.0116,20.8659,271.6346,35.8057,-1,0.5888,4,1.0
1890,63.0,1,acquire,,-0.4806,-0.3967,0.0199,-1.3542,-0.1473,-0.8137,0.3261,-0.4584,15,0.9375,1.9549,0.0116,20.8659,271.6346,35.8595,-1,0.5888,4,1.0
1891,63.0333,1,acquire,,-0.4841,-0.4261,-0.0094,-0.8802,-0.1477,-0.8205,0.3276,-0.4584,15,0.9375,1.9725,0.0117,20.8745,271.3847,35.9087,-1,0.5878,4,1.0
1892,63.0666,1,acquire,,-0.3387,-0.4451,-0.0285,-0.5722,-0.1495,-0.5279,0.3328,-0.5773,15,0.9375,1.795,0.0066,20.8853,271.3797,35.9432,-1,0.6292,4,1.0
1893,63.1,1,acquire,,-0.3387,-0.4575,-0.0409,-0.3719,-0.1495,-0.5279,0.3328,-0.5773,15,0.9375,1.795,0.0066,20.8853,271.3797,35.9384,-1,0.6292,4,1.0
1894,63.1333,1,acquire,,-0.4589,-0.458,-0.0414,-0.0147,-0.1497,-1.3571,0.3377,-0.5773,15,0.9375,1.5845,0.0211,19.7151,271.1337,35.9215,-1,0.5304,4,1.0
1895,63.1666,1,acquire,,-0.4828,-0.4583,-0.0417,-0.0096,-0.148,-0.8177,0.3293,-0.4584,15,0.9375,1.9695,0.0117,20.8739,271.1346,35.8791,-1,0.5881,4,1.0
1896,63.2,1,acquire,,-0.4828,-0.4586,-0.0419,-0.0062,-0.148,-0.8177,0.3293,-0.4584,15,0.9375,1.9695,0.0117,20.8739,271.1346,35.8402,-1,0.5881,4,1.0
1897,63.2333,1,acquire,,-0.4828,-0.4671,-0.0504,-0.2549,-0.148,-0.8177,0.3293,-0.4584,15,0.9375,1.9695,0.0117,20.8739,271.1346,35.7957,-1,0.5881,4,1.0
1898,63.2666,1,acquire,,-0.4859,-0.4726,-0.056,-0.1657,-0.148,-0.8238,0.3293,-0.4584,15,0.9375,1.9692,0.0118,20.8739,271.1347,35.7445,-1,0.5872,4,1.0
1899,63.3,1,acquire,,-0.4851,-0.4762,-0.0595,-0.1078,-0.1477,-0.8225,0.3276,-0.4584,15,0.9375,1.9677,0.0118,20.8745,271.3847,35.7019,-1,0.5875,4,1.0
1900,63.3333,1,acquire,,-0.4851,-0.4793,-0.0627,-0.0937,-0.1477,-0.8225,0.3276,-0.4584,15,0.9375,1.9677,0.0118,20.8745,271.3847,35.6706,-1,0.5875,4,1.0
1901,63.3666,1,acquire,,-0.4851,-0.4813,-0.0647,-0.0609,-0.1477,-0.8225,0.3311,-0.4584,15,0.9375,1.9677,0.0118,20.8745,271.3847,35.6424,-1,0.5873,4,1.0
1902,63.4,1,acquire,,-0.4851,-0.4826,-0.066,-0.0396,-0.1477,-0.8225,0.3276,-0.4584,15,0.9375,1.9677,0.0118,20.8745,271.3847,35.6265,-1,0.5875,4,1.0
1903,63.4333,1,acquire,,-0.3461,-0.4835,-0.0669,-0.0257,-0.1493,-0.3952,0.1385,-0.4547,15,0.9375,1.554,0.0043,18.7577,271.38,35.6174,-1,0.6561,4,1.0
1904,63.4666,1,acquire,,-0.3461,-0.4841,-0.0674,-0.0166,-0.1492,-0.3952,0.1385,-0.4547,15,0.9375,1.554,0.0043,18.7577,271.38,35.6135,-1,0.6561,4,1.0
1905,63.5,1,acquire,,-0.3451,-0.4358,-0.0191,1.4485,-0.1475,-0.3953,0.3187,-0.4547,15,0.9375,1.5539,0.0043,18.7577,271.6299,35.6132,-1,0.644,4,1.0
1906,63.5333,1,acquire,,-0.4558,-0.4044,0.0122,0.9415,-0.1475,-1.35,0.3187,-0.4547,15,0.9375,1.5742,0.021,19.6979,271.6336,35.6253,-1,0.5325,4,1.0
1907,63.5666,1,acquire,,-0.3451,-0.384,0.0326,0.6123,-0.1475,-0.3953,0.321,-0.4547,15,0.9375,1.5539,0.0043,18.7577,271.6299,35.6239,-1,0.6438,4,1.0
1908,63.6,1,acquire,,-0.4568,-0.3707,0.0459,0.398,-0.1494,-1.3507,0.3291,-0.4547,15,0.9375,1.5741,0.021,19.6993,271.3836,35.6305,-1,0.5318,4,1.0
1909,63.6333,1,acquire,,-0.4568,-0.4005,0.0161,-0.8935,-0.1494,-1.3507,0.3291,-0.4547,15,0.9375,1.5741,0.021,19.6993,271.3836,35.6435,-1,0.5318,4,1.0
1910,63.6666,1,acquire,,-0.4851,-0.4202,-0.0036,-0.5911,-0.1479,-0.8222,0.3282,-0.4584,15,0.9375,1.9684,0.0118,20.8739,271.1347,35.6579,-1,0.5875,4,1.0
1911,63.7,1,acquire,,-0.4851,-0.433,-0.0164,-0.3844,-0.1479,-0.8222,0.3282,-0.4584,15,0.9375,1.9684,0.0118,20.8739,271.1347,35.6664,-1,0.5875,4,1.0
1912,63.7333,1,acquire,,-0.4849,-0.4512,-0.0345,-0.5444,-0.1478,-0.8219,0.3384,-0.5778,15,0.9375,1.9569,0.0118,20.8933,271.1347,35.6729,-1,0.5869,4,1.0
1913,63.7666,1,acquire,,-0.4859,-0.463,-0.0464,-0.3563,-0.1484,-0.8233,0.3377,-0.4584,15,0.9375,1.9578,0.0118,20.9032,270.8847,35.6712,-1,0.5867,4,1.0
1914,63.8,1,acquire,,-0.4581,-0.4708,-0.0541,-0.2316,-0.1507,-1.3542,0.1433,-0.4547,15,0.9375,1.5783,0.021,19.6851,270.8837,35.666,-1,0.5439,4,1.0
1915,63.8333,1,acquire,,-0.4582,-0.4757,-0.0591,-0.1481,-0.1508,-1.3541,0.1433,-0.4547,15,0.9375,1.5782,0.021,19.6851,270.8837,35.6615,-1,0.5439,4,1.0
1916,63.8666,1,acquire,,-0.4564,-0.4696,-0.0529,0.1841,-0.1492,-1.3508,0.3464,-0.4547,15,0.9375,1.577,0.021,19.6868,271.1336,35.6577,-1,0.5307,4,1.0
1917,63.9,1,acquire,,-0.4138,-0.4656,-0.0489,0.1198,-0.0626,-1.352,0.3451,-0.4511,15,0.9375,1.7038,0.0225,19.6868,271.3821,35.6251,-1,0.524,4,1.0
1918,63.9333,1,acquire,,-0.373,-0.4624,-0.0457,0.0958,-0.0626,-0.6835,0.3456,-0.4511,15,0.9375,1.7224,0.0108,19.2188,271.3808,35.6055,-1,0.5996,4,1.0
1919,63.9666,1,acquire,,-0.373,-0.4454,-0.0288,0.5098,-0.0626,-0.6834,0.3455,-0.4511,15,0.9375,1.7224,0.0108,19.2188,271.3808,35.5808,-1,0.5997,4,1.0
1920,64.0,1,acquire,,-0.4486,-0.4343,-0.0177,0.3314,-0.1516,-0.7455,0.3319,-0.4547,15,0.9375,1.9673,0.0104,19.8938,271.3833,35.5523,-1,0.5985,4,1.0
1921,64.0333,1,acquire,,-0.4466,-0.4271,-0.0105,0.2154,-0.1517,-0.7415,0.3152,-0.4547,15,0.9375,1.9624,0.0103,19.8949,271.3832,35.5245,-1,0.6002,4,1.0
1922,64.0666,1,acquire,,-0.4841,-0.434,-0.0173,-0.2041,0.1059,-0.8022,0.3256,-0.4547,15,0.9375,1.9449,0.0158,20.6716,271.1347,35.4384,-1,0.5622,4,1.0
1923,64.1,1,acquire,,-0.4841,-0.4391,-0.0225,-0.1539,0.1059,-0.802,0.3781,-0.4547,15,0.9375,1.9449,0.0158,20.6697,271.1347,35.3716,-1,0.5588,4,1.0
1924,64.1333,1,acquire,,-0.4846,-0.4548,-0.0382,-0.4722,0.1056,-0.803,0.3694,-0.4511,15,0.9375,1.9478,0.0159,20.6576,271.1347,35.3221,-1,0.5592,4,1.0
1925,64.1666,1,acquire,,-0.4845,-0.4651,-0.0484,-0.3072,0.1057,-0.8029,0.3623,-0.4511,15,0.9375,1.9478,0.0159,20.6581,271.1347,35.2841,-1,0.5597,4,1.0
1926,64.2,1,acquire,,-0.4845,-0.4719,-0.0552,-0.2041,0.1057,-0.8029,0.3623,-0.4511,15,0.9375,1.9478,0.0159,20.6577,271.1347,35.2558,-1,0.5597,4,1.0
1927,64.2333,1,acquire,,-0.486,-0.4763,-0.0597,-0.133,0.1057,-0.8059,0.3623,-0.4511,15,0.9375,1.9528,0.0159,20.6587,271.1348,35.2285,-1,0.5593,4,1.0
1928,64.2666,1,acquire,,-0.4937,-0.4792,-0.0626,-0.0867,-0.0533,-0.806,0.3645,-0.4511,15,0.9375,1.9503,0.0131,20.4075,271.1351,35.205,-1,0.576,4,1.0
1929,64.3,1,acquire,,-0.4937,-0.4816,-0.065,-0.072,-0.0533,-0.8061,0.3653,-0.4511,15,0.9375,1.9504,0.0131,20.4086,271.1351,35.1744,-1,0.5759,4,1.0
1930,64.3333,1,acquire,,-0.4937,-0.4858,-0.0692,-0.1267,-0.0533,-0.8062,0.3682,-0.4511,15,0.9375,1.9504,0.0131,20.4114,271.1351,35.1345,-1,0.5757,4,1.0
1931,64.3666,1,acquire,,-0.4948,-0.4886,-0.0719,-0.0825,-0.0537,-0.8066,0.3794,-0.4511,15,0.9375,1.9516,0.0131,20.4168,270.8851,35.1199,-1,0.5749,4,1.0
1932,64.4,1,acquire,,-0.4948,-0.4904,-0.0737,-0.0541,-0.0537,-0.8066,0.382,-0.4511,15,0.9375,1.9516,0.0131,20.4166,270.8851,35.1161,-1,0.5747,4,1.0
1933,64.4333,1,acquire,,-0.4948,-0.4919,-0.0753,-0.0464,-0.0537,-0.8066,0.3795,-0.4511,15,0.9375,1.9516,0.0131,20.417,270.8851,35.1204,-1,0.5748,4,1.0
1934,64.4666,1,acquire,,-0.4948,-0.4929,-0.0763,-0.0306,-0.0537,-0.8066,0.3764,-0.4511,15,0.9375,1.9516,0.0131,20.417,270.8851,35.137,-1,0.575,4,1.0
1935,64.5,1,acquire,,-0.4947,-0.4936,-0.077,-0.0199,-0.0536,-0.8065,0.3735,-0.4511,15,0.9375,1.9516,0.0131,20.4143,270.8851,35.1496,-1,0.5753,4,1.0
1936,64.5333,1,acquire,,-0.4947,-0.494,-0.0774,-0.0125,-0.0536,-0.8063,0.3734,-0.4511,15,0.9375,1.9515,0.0131,20.4129,270.8851,35.1647,-1,0.5753,4,1.0
1937,64.5666,1,acquire,,-0.4962,-0.4943,-0.0777,-0.0086,-0.0543,-0.8082,0.3789,-0.4511,15,0.9375,1.9677,0.0132,20.4181,270.6352,35.1877,-1,0.5747,4,1.0
1938,64.6,1,acquire,,-0.4965,-0.4945,-0.0779,-0.0056,-0.0543,-0.8087,0.3789,-0.4511,15,0.9375,1.9679,0.0132,20.4184,270.6352,35.2032,-1,0.5746,4,1.0
1939,64.6333,1,acquire,,-0.4966,-0.4951,-0.0785,-0.0184,-0.0545,-0.8086,0.3789,-0.4511,15,0.9375,1.9681,0.0132,20.4184,270.6352,35.1956,-1,0.5746,4,1.0
1940,64.6666,1,acquire,,-0.6125,-0.4956,-0.079,-0.0145,-0.0527,-1.0406,0.1169,-0.4511,15,0.9375,1.734,0.0172,19.0763,270.6405,35.179,-1,0.5589,4,1.0
1941,64.7,1,acquire,,-0.6238,-0.4959,-0.0793,-0.0105,-0.0547,-1.3195,0.1116,-0.4511,14,0.875,1.5573,0.0221,19.7109,252.515,35.1356,-1,0.4935,4,1.0
1942,64.7333,1,acquire,,-0.6244,-0.5367,-0.1201,-1.2239,-0.0547,-1.3207,0.1136,0.0,14,0.875,1.5582,0.0221,19.7109,252.515,35.045,-1,0.4932,4,1.0
1943,64.7666,1,acquire,,-0.6237,-0.5672,-0.1506,-0.9134,-0.0547,-1.3192,0.1086,0.0,14,0.875,1.5599,0.0221,19.709,252.515,34.9701,-1,0.4938,4,1.0
1944,64.8,1,acquire,,-0.6134,-0.587,-0.1703,-0.5937,-0.0529,-1.0423,0.1247,0.0,15,0.9375,1.7355,0.0173,19.0763,270.6405,34.9001,-1,0.5581,4,1.0
1945,64.8333,1,acquire,,-0.6134,-0.5998,-0.1832,-0.3859,-0.0529,-1.0423,0.1247,0.0,15,0.9375,1.7356,0.0173,19.0763,270.6405,34.8486,-1,0.5581,4,1.0
1946,64.8666,1,acquire,,-0.5859,-0.6046,-0.188,-0.143,-0.0524,-0.9885,0.1255,0.0,15,0.9375,1.6856,0.0163,19.0865,270.8892,34.8128,-1,0.5657,4,1.0
1947,64.9,1,acquire,,-0.5834,-0.6077,-0.1911,-0.0927,-0.0544,-1.2391,0.1068,0.0,14,0.875,1.5183,0.0207,19.7156,252.7631,34.7932,-1,0.5053,4,1.0
1948,64.9333,1,acquire,,-0.1673,-0.6001,-0.1834,0.229,0.297,-0.6316,0.1068,0.0,15,0.9375,1.9198,0.0162,18.9897,270.8762,34.7831,-1,0.5957,4,1.0
1949,64.9666,1,acquire,,-0.1673,-0.5942,-0.1776,0.1748,0.297,-0.6316,0.1068,0.0,15,0.9375,1.9198,0.0162,18.9897,270.8762,34.7768,-1,0.5957,4,1.0
1950,65.0,1,acquire,,-0.2616,-0.4778,-0.0612,3.4928,0.1026,-1.1506,0.2899,0.6746,14,0.9333,1.8149,0.0219,19.8744,252.5026,34.7761,-1,0.5395,4,1.0
1951,65.0333,1,acquire,,-0.506,-0.4021,0.0145,2.2703,-0.0536,-1.0942,0.3016,0.6752,14,0.9333,1.6572,0.0182,18.4236,252.5098,34.4499,-1,0.5456,4,1.0
1952,65.0666,1,acquire,,-0.3282,-0.3529,0.0637,1.4757,0.1026,-1.2857,0.3089,0.6752,14,0.9333,2.0586,0.0242,18.4153,252.2541,34.1871,-1,0.5205,4,1.0
1953,65.1,1,acquire,,-0.2438,-0.321,0.0957,0.9592,0.1013,-1.117,0.3107,0.6752,14,0.9333,1.933,0.0213,18.4003,252.0023,33.9869,-1,0.5431,4,1.0
1954,65.1333,1,acquire,,-0.5882,-0.3235,0.0931,-0.0758,-1.0097,-0.1667,0.3218,0.6752,11,1.0,2.1419,0.0147,10.8045,270.1392,33.8416,1,0.5974,4,1.0
1955,65.1666,1,acquire,,-0.128,-0.3251,0.0915,-0.0493,0.101,-1.1005,0.3218,0.6752,14,0.9333,1.8082,0.021,18.369,252.0006,33.7427,-1,0.5519,4,1.0
1956,65.2,1,acquire,,-0.128,-0.2967,0.12,0.8539,0.101,-1.1004,0.3234,0.6752,14,0.9333,1.8082,0.021,18.369,252.0006,33.6815,-1,0.5518,4,1.0
1957,65.2333,1,acquire,,-0.1279,-0.2376,0.179,1.7708,0.101,-1.1003,0.3234,0.6752,14,0.9333,1.8083,0.021,18.369,252.0006,33.6495,-1,0.5518,4,1.0
1958,65.2666,1,acquire,,-0.1279,-0.1993,0.2174,1.1515,0.101,-1.1003,0.3237,0.6752,14,0.9333,1.8083,0.021,18.369,252.0006,33.6359,-1,0.5518,4,1.0
1959,65.3,1,acquire,,-0.1277,-0.1743,0.2423,0.7491,0.1009,-1.1001,0.3215,0.6752,14,0.9333,1.8084,0.021,18.369,251.8756,33.6382,-1,0.552,4,1.0
1960,65.3333,1,acquire,,-0.2019,-0.1581,0.2586,0.4869,0.1013,-1.0332,0.3196,0.6752,14,0.9333,1.9335,0.0198,18.4003,252.0016,33.6444,-1,0.5544,4,1.0
1961,65.3666,1,acquire,,-0.2019,-0.1475,0.2691,0.3165,0.1013,-1.0332,0.3196,0.6752,14,0.9333,1.9335,0.0198,18.4003,252.0016,33.6548,-1,0.5544,4,1.0
1962,65.4,1,acquire,,-0.2019,-0.1665,0.2501,-0.5714,0.1013,-1.0332,0.3196,0.6752,14,0.9333,1.9335,0.0198,18.4003,252.0016,33.67,-1,0.5544,4,1.0
1963,65.4333,1,acquire,,-0.2019,-0.1789,0.2377,-0.3714,0.1013,-1.0332,0.3196,0.6752,14,0.9333,1.9335,0.0198,18.4003,252.0016,33.694,-1,0.5544,4,1.0
1964,65.4666,1,acquire,,-0.3405,-0.187,0.2296,-0.2414,0.1578,-1.7194,0.3104,0.6752,13,0.8667,2.0557,0.0328,21.3751,252.0045,33.7203,-1,0.4825,4,1.0
1965,65.5,1,acquire,,-0.3405,-0.1922,0.2244,-0.1569,0.1578,-1.7194,0.3104,0.6752,13,0.8667,2.0557,0.0328,21.3751,252.0045,33.7471,-1,0.4825,4,1.0
1966,65.5333,1,acquire,,-0.2577,-0.2151,0.2015,-0.6875,0.1026,-1.1341,0.3104,0.6752,14,0.9333,2.0368,0.0216,18.4307,252.0025,33.7864,-1,0.5402,4,1.0
1967,65.5666,1,acquire,,-0.2577,-0.23,0.1866,-0.447,0.1027,-1.134,0.3092,0.6752,14,0.9333,2.0368,0.0216,18.4307,252.0025,33.8478,-1,0.5402,4,1.0
1968,65.6,1,acquire,,-0.3283,-0.2644,0.1522,-1.0314,0.1027,-1.287,0.3093,0.6752,14,0.9333,2.0591,0.0243,18.4307,252.0041,33.9029,-1,0.5205,4,1.0
1969,65.6333,1,acquire,,-0.3283,-0.2867,0.1299,-0.6704,0.1026,-1.287,0.3021,0.6752,14,0.9333,2.0591,0.0243,18.4307,252.0041,33.945,-1,0.5209,4,1.0
1970,65.6666,1,acquire,,-0.2661,-0.2795,0.1371,0.2172,0.1027,-1.1627,0.3023,0.6752,14,0.9333,2.0925,0.0221,21.7462,252.0027,33.9755,-1,0.537,4,1.0
1971,65.7,1,acquire,,-0.2661,-0.2748,0.1418,0.1411,0.1027,-1.1627,0.3023,0.6752,14,0.9333,2.0924,0.0221,21.7462,252.0027,34.0061,-1,0.537,4,1.0
1972,65.7333,1,acquire,,-0.2439,-0.2717,0.1449,0.0917,0.1012,-1.117,0.3121,0.6752,14,0.9333,1.933,0.0213,18.4001,252.0023,34.017,-1,0.543,4,1.0
1973,65.7666,1,acquire,,-0.2437,-0.2698,0.1469,0.0597,0.1014,-1.1168,0.3121,0.6752,14,0.9333,1.933,0.0213,18.4001,252.0023,34.0219,-1,0.543,4,1.0
1974,65.8,1,acquire,,-0.2435,-0.2607,0.1559,0.2718,0.1017,-1.1167,0.315,0.6752,14,0.9333,1.9328,0.0213,18.4001,252.0023,34.0027,-1,0.5428,4,1.0
1975,65.8333,1,acquire,,-0.2438,-0.2548,0.1618,0.1776,0.1017,-1.1172,0.3903,0.6752,14,0.9333,1.9324,0.0213,18.3875,252.0023,33.9844,-1,0.5377,4,1.0
1976,65.8666,1,acquire,,-0.2443,-0.2509,0.1657,0.1154,0.1017,-1.1183,0.3847,0.6752,14,0.9333,1.933,0.0213,18.3881,252.0023,33.9679,-1,0.5379,4,1.0
1977,65.9,1,acquire,,-0.2486,-0.2484,0.1682,0.075,0.1017,-1.1269,0.3872,0.6752,14,0.9333,1.9363,0.0214,18.3868,252.0024,33.957,-1,0.5365,4,1.0
1978,65.9333,1,acquire,,-0.2492,-0.247,0.1696,0.0434,0.1017,-1.1282,0.3879,0.6752,14,0.9333,1.9372,0.0215,18.392,252.0024,33.9611,-1,0.5363,4,1.0
1979,65.9666,1,acquire,,-0.3283,-0.2476,0.1691,-0.0171,0.103,-1.2863,0.3875,0.6752,14,0.9333,2.0591,0.0243,18.4062,252.2541,33.9677,-1,0.5152,4,1.0
1980,66.0,1,acquire,,-0.3287,-0.2481,0.1685,-0.0178,0.103,-1.287,0.3858,0.6752,14,0.9333,2.0596,0.0243,18.408,252.2542,33.9795,-1,0.5153,4,1.0
1981,66.0333,1,acquire,,-0.3287,-0.2762,0.1404,-0.8419,0.103,-1.2871,0.3107,0.6752,14,0.9333,2.0596,0.0243,18.4027,252.2542,33.9921,-1,0.5203,4,1.0
1982,66.0666,1,acquire,,-0.329,-0.2946,0.122,-0.5509,0.103,-1.2876,0.0702,0.6752,14,0.9333,2.0603,0.0243,18.4098,252.2542,34.0083,-1,0.5364,4,1.0
1983,66.1,1,acquire,,-0.329,-0.3065,0.1101,-0.3588,0.1029,-1.2876,0.0702,0.6752,14,0.9333,2.0604,0.0243,18.4098,252.2542,34.0271,-1,0.5364,4,1.0
1984,66.1333,1,acquire,,-0.3291,-0.3144,0.1022,-0.2356,0.1027,-1.2876,0.0702,0.6752,14,0.9333,2.0604,0.0243,18.4098,252.2542,34.0413,-1,0.5363,4,1.0
1985,66.1666,1,acquire,,-0.3291,-0.3195,0.0971,-0.1536,0.1027,-1.2876,0.0701,0.6752,14,0.9333,2.0604,0.0243,18.4098,252.2542,34.0217,-1,0.5363,4,1.0
1986,66.2,1,acquire,,-0.3292,-0.3229,0.0938,-0.1005,0.1025,-1.2876,0.07,0.6752,14,0.9333,2.0606,0.0243,18.4098,252.2542,34.0013,-1,0.5364,4,1.0
1987,66.2333,1,acquire,,-0.2434,-0.325,0.0916,-0.0653,-0.2299,-0.7184,0.0658,0.6752,15,0.9375,2.0138,0.0085,17.7122,270.6274,33.9677,-1,0.6414,4,1.0
1988,66.2666,1,acquire,,-0.2434,-0.3264,0.0902,-0.0425,-0.23,-0.7184,0.0657,0.6752,15,0.9375,2.0138,0.0085,17.7122,270.6274,33.9276,-1,0.6414,4,1.0
1989,66.3,1,acquire,,-0.2422,-0.2974,0.1192,0.872,-0.2286,-0.7169,0.0645,0.6752,15,0.9375,2.0137,0.0085,17.72,270.8774,33.8831,-1,0.6416,4,1.0
1990,66.3333,1,acquire,,-0.2707,-0.2785,0.1381,0.5668,-0.2263,-1.3866,0.3104,0.6746,14,0.9333,1.8791,0.0203,20.265,270.878,33.8458,-1,0.5476,4,1.0
1991,66.3666,1,acquire,,-0.2706,-0.2662,0.1504,0.3684,-0.2262,-1.3864,0.3121,0.6746,14,0.9333,1.8788,0.0203,20.265,270.878,33.8218,-1,0.5475,4,1.0
1992,66.4,1,acquire,,-0.2318,-0.2582,0.1584,0.2395,-0.2249,-0.6989,0.3095,0.6746,15,0.9375,1.8596,0.0083,19.1922,271.1272,33.8088,-1,0.6275,4,1.0
1993,66.4333,1,acquire,,-0.2317,-0.2526,0.164,0.1685,-0.2249,-0.6988,0.3074,0.674,15,0.9375,1.8596,0.0083,19.1922,271.1272,33.8015,-1,0.6276,4,1.0
1994,66.4666,1,acquire,,-0.2314,-0.2453,0.1713,0.2183,-0.2236,-0.6993,0.3088,0.674,15,0.9375,1.8591,0.0083,19.1922,271.1272,33.8018,-1,0.6274,4,1.0
1995,66.5,1,acquire,,-0.2309,-0.2406,0.1761,0.1428,-0.2236,-0.6983,0.3663,0.674,15,0.9375,1.8584,0.0083,19.1922,271.1272,33.811,-1,0.6237,4,1.0
1996,66.5333,1,acquire,,-0.2309,-0.2374,0.1793,0.0965,-0.2234,-0.6986,0.3614,0.674,15,0.9375,1.8581,0.0083,19.1922,271.1272,33.8336,-1,0.6239,4,1.0
1997,66.5666,1,acquire,,-0.1721,-0.2351,0.1815,0.0674,-0.2256,-0.5749,0.3604,0.674,14,0.9333,2.0484,0.0061,21.67,270.8762,33.8696,-1,0.6394,4,1.0
1998,66.6,1,acquire,,-0.1804,-0.2336,0.183,0.0439,-0.2251,-0.5964,0.3487,0.674,15,0.9375,2.0525,0.0065,21.3004,270.8763,33.899,-1,0.6395,4,1.0
1999,66.6333,1,acquire,,-0.1804,-0.215,0.2016,0.5588,-0.225,-0.5964,0.3484,0.674,15,0.9375,2.0524,0.0065,21.3004,270.8763,33.9122,-1,0.6395,4,1.0
2000,66.6666,1,acquire,,-0.1804,-0.2029,0.2137,0.3633,-0.225,-0.5965,0.3487,0.674,15,0.9375,2.0524,0.0065,21.3004,270.8763,33.9149,-1,0.6395,4,1.0
2001,66.7,1,acquire,,-0.1804,-0.195,0.2216,0.2361,-0.225,-0.5965,0.3558,0.674,15,0.9375,2.0524,0.0065,21.3004,270.8763,33.9158,-1,0.639,4,1.0
2002,66.7333,1,acquire,,-0.1805,-0.1899,0.2267,0.1535,-0.2251,-0.5965,0.3559,0.674,15,0.9375,2.0525,0.0065,21.3004,270.8763,33.9154,-1,0.639,4,1.0
2003,66.7666,1,acquire,,-0.1804,-0.1866,0.23,0.0997,-0.2251,-0.5965,0.3558,0.674,15,0.9375,2.0524,0.0065,21.3004,270.8763,33.9174,-1,0.639,4,1.0
2004,66.8,1,acquire,,-0.1805,-0.1844,0.2322,0.0645,-0.2251,-0.5965,0.3561,0.674,15,0.9375,2.0524,0.0065,21.3004,270.8763,33.9215,-1,0.639,4,1.0
2005,66.8333,1,acquire,,-0.1804,-0.183,0.2336,0.0419,-0.2251,-0.5965,0.3558,0.674,15,0.9375,2.0524,0.0065,21.3004,270.8763,33.9242,-1,0.639,4,1.0
2006,66.8666,1,acquire,,-0.1804,-0.1821,0.2345,0.0273,-0.2251,-0.5964,0.356,0.674,15,0.9375,2.0525,0.0065,21.3004,270.8763,33.9257,-1,0.639,4,1.0
2007,66.9,1,acquire,,-0.1802,-0.1815,0.2351,0.0178,-0.2249,-0.5961,0.3559,0.674,15,0.9375,2.0522,0.0065,21.2806,270.8763,33.9362,-1,0.639,4,1.0
2008,66.9333,1,acquire,,-0.1801,-0.1811,0.2355,0.0121,-0.2248,-0.596,0.3571,0.674,15,0.9375,2.0521,0.0065,21.2847,270.8763,33.9574,-1,0.639,4,1.0
2009,66.9666,1,acquire,,-0.1818,-0.1809,0.2357,0.0079,-0.2248,-0.5993,0.3569,0.674,15,0.9375,2.054,0.0065,21.2681,270.8764,33.9901,-1,0.6385,4,1.0
2010,67.0,1,acquire,,-0.1825,-0.1807,0.2359,0.0051,-0.2264,-0.5993,0.3541,0.674,15,0.9375,2.0547,0.0065,21.2835,270.8764,34.0253,-1,0.6388,4,1.0
2011,67.0333,1,acquire,,-0.1824,-0.1811,0.2355,-0.0112,-0.2264,-0.5992,0.303,0.674,15,0.9375,2.055,0.0065,21.2795,270.8764,34.0287,-1,0.6423,4,1.0
2012,67.0666,1,acquire,,-0.1828,-0.1816,0.2351,-0.0143,-0.2269,-0.5994,0.3033,0.674,15,0.9375,2.0553,0.0065,21.2777,270.8764,34.0094,-1,0.6422,4,1.0
2013,67.1,1,acquire,,-0.1827,-0.1819,0.2347,-0.0098,-0.2269,-0.5993,0.3033,0.674,15,0.9375,2.0555,0.0065,21.2679,270.8764,33.9853,-1,0.6423,4,1.0
2014,67.1333,1,acquire,,-0.1825,-0.1821,0.2345,-0.0067,-0.2261,-0.5996,0.2998,0.674,15,0.9375,2.0549,0.0065,21.2839,270.8764,33.9649,-1,0.6424,4,1.0
2015,67.1666,1,acquire,,-0.1768,-0.1823,0.2344,-0.0043,-0.2253,-0.5885,0.3012,0.674,15,0.9375,2.0457,0.0063,21.2492,271.1263,33.9482,-1,0.6438,4,1.0
2016,67.2,1,acquire,,-0.177,-0.1823,0.2343,-0.0028,-0.2253,-0.5888,0.3014,0.674,15,0.9375,2.0455,0.0063,21.2602,271.1263,33.9418,-1,0.6437,4,1.0
2017,67.2333,1,acquire,,-0.1764,-0.1805,0.2362,0.0565,-0.2253,-0.5876,0.2988,0.674,15,0.9375,2.0446,0.0063,21.2512,271.3763,33.9341,-1,0.6441,4,1.0
2018,67.2666,1,acquire,,-0.1767,-0.1792,0.2374,0.0381,-0.2253,-0.5881,0.2967,0.674,15,0.9375,2.0454,0.0063,21.2528,271.3763,33.9418,-1,0.6441,4,1.0
2019,67.3,1,acquire,,-0.1766,-0.1783,0.2383,0.0261,-0.2252,-0.5878,0.2999,0.674,15,0.9375,2.0451,0.0063,21.2532,271.3763,33.9455,-1,0.644,4,1.0
2020,67.3333,1,acquire,,-0.1762,-0.1777,0.2389,0.0184,-0.2252,-0.5872,0.2932,0.674,15,0.9375,2.0458,0.0063,21.2431,271.3763,33.949,-1,0.6445,4,1.0
2021,67.3666,1,acquire,,-0.1761,-0.1773,0.2394,0.0132,-0.2252,-0.587,0.2933,0.674,15,0.9375,2.0453,0.0063,21.2533,271.3763,33.952,-1,0.6445,4,1.0
2022,67.4,1,acquire,,-0.176,-0.1769,0.2397,0.0109,-0.2252,-0.5868,0.2965,0.674,15,0.9375,2.0453,0.0063,21.2593,271.3763,33.9546,-1,0.6443,4,1.0
2023,67.4333,1,acquire,,-0.176,-0.1766,0.24,0.0081,-0.2252,-0.5868,0.2965,0.674,15,0.9375,2.0453,0.0063,21.2593,271.3763,33.9534,-1,0.6443,4,1.0
2024,67.4666,1,acquire,,-0.176,-0.1764,0.2402,0.0062,-0.2252,-0.5868,0.2965,0.674,15,0.9375,2.0453,0.0063,21.2593,271.3763,33.9424,-1,0.6443,4,1.0
2025,67.5,1,acquire,,-0.1761,-0.1763,0.2403,0.004,-0.2252,-0.5868,0.2965,0.674,15,0.9375,2.0453,0.0063,21.2593,271.3763,33.9304,-1,0.6443,4,1.0
2026,67.5333,1,acquire,,-0.176,-0.1762,0.2404,0.0026,-0.2252,-0.5868,0.2965,0.674,15,0.9375,2.0453,0.0063,21.2593,271.3763,33.9143,-1,0.6443,4,1.0
2027,67.5666,1,acquire,,-0.1765,-0.1762,0.2405,0.0017,-0.2253,-0.5879,0.2995,0.674,15,0.9375,2.0461,0.0063,21.27,271.1263,33.8954,-1,0.644,4,1.0
2028,67.6,1,acquire,,-0.1136,-0.1761,0.2405,0.0011,-0.2261,-0.4571,0.2995,0.674,14,0.9333,1.9329,0.004,21.6532,271.1255,33.8679,-1,0.6602,4,1.0
2029,67.6333,1,acquire,,-0.1136,-0.1761,0.2405,0.0007,-0.2261,-0.4571,0.3538,0.674,14,0.9333,1.9329,0.004,21.6532,271.1255,33.8338,-1,0.6566,4,1.0
2030,67.6666,1,acquire,,-0.1144,-0.1545,0.2621,0.6479,-0.2269,-0.4584,0.3554,0.674,14,0.9333,1.9331,0.004,21.6698,270.8755,33.8014,-1,0.6564,4,1.0
2031,67.7,1,acquire,,-0.1727,-0.1405,0.2762,0.4212,-0.2275,-0.5744,0.3579,0.674,14,0.9333,2.0516,0.0061,21.6674,270.8762,33.7777,-1,0.6397,4,1.0
2032,67.7333,1,acquire,,-0.1727,-0.1313,0.2853,0.2737,-0.2275,-0.5745,0.3624,0.674,14,0.9333,2.0518,0.0061,21.6653,270.8762,33.7612,-1,0.6394,4,1.0
2033,67.7666,1,acquire,,-0.2764,-0.1458,0.2708,-0.4339,-0.1765,-0.8274,0.3095,0.674,14,0.875,1.9989,0.0114,20.2297,270.8782,33.7376,-1,0.5705,4,1.0
2034,67.8,1,acquire,,-0.2753,-0.1552,0.2614,-0.2828,-0.1753,-0.8257,0.303,0.674,14,0.875,1.9987,0.0114,20.2177,271.1281,33.7147,-1,0.5711,4,1.0
2035,67.8333,1,acquire,,-0.275,-0.1971,0.2195,-1.2572,-0.1752,-0.8252,0.3031,0.674,14,0.875,1.9992,0.0113,20.2044,271.1281,33.7155,-1,0.5711,4,1.0
2036,67.8666,1,acquire,,-0.2112,-0.2244,0.1923,-0.8172,-0.2283,-0.6544,0.1075,0.674,15,0.9375,2.0102,0.0074,17.7124,271.1268,33.7024,-1,0.6475,4,1.0
2037,67.9,1,acquire,,-0.21,-0.2421,0.1745,-0.5312,-0.2266,-0.653,0.0468,0.674,15,0.9375,2.0082,0.0074,17.7037,271.6268,33.7041,-1,0.6516,4,1.0
2038,67.9333,1,acquire,,-0.2096,-0.2313,0.1853,0.3237,-0.2255,-0.6531,0.0335,0.674,15,0.9375,2.0082,0.0075,17.7044,271.6268,33.7075,-1,0.6524,4,1.0
2039,67.9666,1,acquire,,-0.2139,-0.2243,0.1923,0.2104,-0.2258,-0.6615,0.0657,0.674,15,0.9375,2.001,0.0076,17.7022,271.6269,33.712,-1,0.6491,4,1.0
2040,68.0,1,acquire,,-0.2131,-0.2197,0.1969,0.1367,-0.2245,-0.6606,0.0584,0.674,15,0.9375,2.0007,0.0076,17.7129,271.8769,33.7234,-1,0.6496,4,1.0
2041,68.0333,1,acquire,,-0.2319,-0.2174,0.1992,0.0696,-0.2237,-1.255,0.0327,0.674,15,0.9375,1.8854,0.018,19.1061,272.1272,33.7334,-1,0.5851,4,1.0
2042,68.0666,1,acquire,,-0.232,-0.2162,0.2004,0.0366,-0.2241,-1.2547,0.0208,0.674,15,0.9375,1.8859,0.018,19.1061,272.1272,33.7386,-1,0.586,4,1.0
2043,68.1,1,acquire,,-0.2318,-0.2216,0.195,-0.1642,-0.2238,-1.2548,0.0202,0.674,15,0.9375,1.8858,0.018,19.1061,272.1272,33.7264,-1,0.586,4,1.0
2044,68.1333,1,acquire,,-0.2315,-0.2252,0.1914,-0.1067,-0.2232,-1.2547,0.0202,0.674,15,0.9375,1.8856,0.018,19.1061,272.1272,33.7164,-1,0.586,4,1.0
2045,68.1666,1,acquire,,-0.2081,-0.2275,0.1891,-0.0694,-0.2238,-0.6513,0.0269,0.6735,15,0.9375,2.0073,0.0075,17.7111,271.8768,33.7087,-1,0.653,4,1.0
2046,68.2,1,acquire,,-0.2087,-0.2289,0.1877,-0.0413,-0.2248,-0.6515,0.0262,0.6735,15,0.9375,2.0076,0.0074,17.7133,271.8768,33.7062,-1,0.6531,4,1.0
2047,68.2333,1,acquire,,-0.2087,-0.2218,0.1948,0.2118,-0.2248,-0.6515,0.0262,0.6735,15,0.9375,2.0075,0.0074,17.7133,271.8768,33.7147,-1,0.6531,4,1.0
2048,68.2666,1,acquire,,-0.2087,-0.2172,0.1994,0.1377,-0.2248,-0.6515,0.0189,0.6735,15,0.9375,2.0075,0.0074,17.7133,271.8768,33.7352,-1,0.6536,4,1.0
2049,68.3,1,acquire,,-0.5948,-0.2143,0.2024,0.0895,-1.017,-0.1724,0.0188,0.6735,11,1.0,2.1195,0.0147,10.7863,271.8896,33.7552,1,0.6169,4,1.0
2050,68.3333,1,acquire,,-0.5948,-0.2123,0.2043,0.0581,-1.0171,-0.1724,0.0189,0.6735,11,1.0,2.1195,0.0147,10.7863,271.8896,33.7709,1,0.6169,4,1.0
2051,68.3666,1,acquire,,-0.5948,-0.3462,0.0704,-4.0156,-1.0171,-0.1724,0.0189,0.6735,11,1.0,2.1195,0.0147,10.7863,271.8896,33.7826,1,0.6169,4,1.0
2052,68.4,1,acquire,,-0.5948,-0.4332,-0.0166,-2.6101,-1.0171,-0.1724,0.0189,0.6735,11,1.0,2.1195,0.0147,10.7863,271.8896,33.7844,1,0.6169,4,1.0
2053,68.4333,1,acquire,,-0.5914,-0.4897,-0.0731,-1.6966,-1.013,-0.1698,0.0184,0.6735,11,1.0,2.1132,0.0147,10.7869,271.6395,33.7781,1,0.6174,4,1.0
2054,68.4666,1,acquire,,-0.5914,-0.5265,-0.1099,-1.1028,-1.013,-0.1698,0.0184,0.6735,11,1.0,2.1133,0.0147,10.7869,271.6395,33.7621,1,0.6174,4,1.0
2055,68.5,1,acquire,,-0.2083,-0.5492,-0.1326,-0.6819,-0.2263,-0.6498,0.0293,0.6735,15,0.9375,2.0086,0.0074,17.7044,271.6268,33.7454,-1,0.6532,4,1.0
2056,68.5333,1,acquire,,-0.1996,-0.564,-0.1474,-0.4431,-0.2278,-0.6314,0.036,0.6735,15,0.9375,1.9753,0.007,17.704,271.3766,33.6067,-1,0.6555,4,1.0
2057,68.5666,1,acquire,,-0.2228,-0.4446,-0.0279,3.5829,-0.2278,-0.6784,0.0856,0.6735,15,0.9375,1.8547,0.0079,19.0768,270.877,33.4791,-1,0.6456,4,1.0
2058,68.6,1,acquire,,-0.322,-0.3669,0.0497,2.3289,-0.1726,-1.4051,0.3018,0.674,14,0.875,1.7348,0.0215,18.5874,270.6293,33.3772,-1,0.5045,4,1.0
2059,68.6333,1,acquire,,-0.1288,-0.3114,0.1052,1.6656,0.1008,-1.0729,0.3203,0.6746,14,0.9333,1.9167,0.0205,18.1944,252.0006,33.2985,-1,0.555,4,1.0
2060,68.6666,1,acquire,,-0.1704,-0.2723,0.1443,1.1739,0.1006,-0.7889,-0.068,0.6746,14,0.9333,1.8001,0.0155,18.828,252.0011,33.2136,-1,0.6091,4,1.0
2061,68.7,1,acquire,,-0.1903,-0.2436,0.173,0.8607,0.1013,-0.8119,0.3357,0.6746,14,0.9333,1.7757,0.0159,18.8226,251.8764,33.157,-1,0.5783,4,1.0
2062,68.7333,1,acquire,,-0.2892,-0.2249,0.1917,0.5595,0.162,-0.8414,0.3334,0.6746,13,0.8667,1.7372,0.0175,18.6954,251.8782,33.1371,-1,0.525,4,1.0
2063,68.7666,1,acquire,,-0.2892,-0.2128,0.2038,0.3637,0.162,-0.8414,0.3335,0.6746,13,0.8667,1.7372,0.0175,18.6954,251.8782,33.1495,-1,0.525,4,1.0
2064,68.8,1,acquire,,-0.0013,-0.2049,0.2117,0.2364,0.403,-0.8376,0.335,0.6746,14,0.875,1.9243,0.0217,18.3515,269.625,33.1704,-1,0.5228,4,1.0
2065,68.8333,1,acquire,,-0.1784,-0.1998,0.2168,0.1536,0.1595,-1.4408,0.333,0.6746,13,0.8667,1.9629,0.0279,19.0903,251.6262,33.1896,-1,0.4918,4,1.0
2066,68.8666,1,acquire,,-0.1784,-0.1923,0.2243,0.2247,0.1595,-1.4408,0.3288,0.6746,13,0.8667,1.9629,0.0279,19.0903,251.6262,33.209,-1,0.4921,4,1.0
2067,68.9,1,acquire,,-0.1752,-0.1875,0.2292,0.1462,0.158,-1.4395,0.3296,0.6746,13,0.8667,1.9736,0.0279,19.0903,251.3762,33.2405,-1,0.4923,4,1.0
2068,68.9333,1,acquire,,-0.2913,-0.1843,0.2323,0.095,0.158,-0.8417,0.3301,0.6746,13,0.8667,1.7366,0.0174,18.6954,251.3782,33.2643,-1,0.5255,4,1.0
2069,68.9666,1,acquire,,-0.2922,-0.1822,0.2344,0.0616,0.1582,-0.8442,0.3258,0.6746,13,0.8667,1.7323,0.0175,18.7451,251.6283,33.297,-1,0.5254,4,1.0
2070,69.0,1,acquire,,-0.2922,-0.2204,0.1962,-1.1447,0.1582,-0.8442,0.3299,0.6746,13,0.8667,1.7323,0.0175,18.7451,251.6283,33.3165,-1,0.5251,4,1.0
2071,69.0333,1,acquire,,-0.1515,-0.2452,0.1714,-0.7441,0.0983,-1.101,0.0915,0.674,14,0.9333,1.8931,0.0209,18.1819,251.1259,33.3245,-1,0.5659,4,1.0
2072,69.0666,1,acquire,,-0.1516,-0.2613,0.1553,-0.4836,0.0983,-1.1012,0.0939,0.674,14,0.9333,1.893,0.0209,18.1818,251.1259,33.3296,-1,0.5657,4,1.0
2073,69.1,1,acquire,,-0.1617,-0.2265,0.1902,1.0455,0.1579,-0.994,0.3252,0.6746,12,0.8571,1.865,0.0201,20.2621,251.126,33.3291,-1,0.5125,4,1.0
2074,69.1333,1,acquire,,-0.2917,-0.2038,0.2128,0.6796,0.158,-0.8428,-0.0603,0.6746,13,0.8667,1.7358,0.0175,18.6931,251.3783,33.3275,-1,0.5513,4,1.0
2075,69.1666,1,acquire,,-0.2913,-0.1891,0.2275,0.4417,0.1579,-0.8418,-0.0599,0.6746,13,0.8667,1.7365,0.0174,18.6953,251.3782,33.3385,-1,0.5514,4,1.0
2076,69.2,1,acquire,,-0.2922,-0.2249,0.1917,-1.0737,0.1581,-0.8441,-0.0651,0.6746,13,0.8667,1.7323,0.0175,18.7444,251.6283,33.363,-1,0.5514,4,1.0
2077,69.2333,1,acquire,,-0.2954,-0.2483,0.1683,-0.702,0.1581,-1.3074,0.3299,0.6746,13,0.8667,1.7414,0.0256,18.7451,251.6283,33.3984,-1,0.4842,4,1.0
2078,69.2666,1,acquire,,-0.2954,-0.2637,0.153,-0.4615,0.1581,-1.3074,0.3299,0.6746,13,0.8667,1.7414,0.0256,18.7451,251.6283,33.4452,-1,0.4842,4,1.0
2079,69.3,1,acquire,,-0.1896,-0.2737,0.143,-0.3,0.0997,-0.9805,0.1024,0.674,14,0.9333,1.9184,0.0189,18.2082,251.8764,33.4974,-1,0.5757,4,1.0
2080,69.3333,1,acquire,,-0.1895,-0.2802,0.1365,-0.195,0.0997,-0.9804,0.089,0.674,14,0.9333,1.9185,0.0189,18.2082,251.8764,33.5365,-1,0.5766,4,1.0
2081,69.3666,1,acquire,,-0.1895,-0.2485,0.1682,0.9511,0.0997,-0.9804,0.089,0.674,14,0.9333,1.9185,0.0189,18.2082,251.8764,33.5642,-1,0.5766,4,1.0
2082,69.4,1,acquire,,-0.1895,-0.2278,0.1888,0.6189,0.0997,-0.9804,0.0891,0.674,14,0.9333,1.9185,0.0189,18.2082,251.8764,33.5727,-1,0.5766,4,1.0
2083,69.4333,0,,tracker_gate,,,,,,,,,0,0.0,,,,,,0,0.0,1,0.0
2084,69.4666,0,,tracker_gate,,,,,,,,,0,0.0,,,,,,0,0.0,1,0.0
2085,69.5,0,,tracker_gate,,,,,,,,,0,0.0,,,,,,0,0.0,1,0.0
2086,69.5333,0,,tracker_gate,,,,,,,,,0,0.0,,,,,,0,0.0,1,0.0
2087,69.5666,0,,tracker_gate,,,,,,,,,0,0.0,,,,,,0,0.0,1,0.0
2088,69.6,0,,tracker_gate,,,,,,,,,0,0.0,,,,,,0,0.0,1,0.0
2089,69.6333,0,,tracker_gate,,,,,,,,,0,0.0,,,,,,0,0.0,1,0.0
2090,69.6666,0,,tracker_gate,,,,,,,,,0,0.0,,,,,,0,0.0,1,0.0
2091,69.7,0,,tracker_gate,,,,,,,,,0,0.0,,,,,,0,0.0,1,0.0
2092,69.7333,0,,tracker_gate,,,,,,,,,0,0.0,,,,,,0,0.0,1,0.0
2093,69.7666,0,,tracker_gate,,,,,,,,,0,0.0,,,,,,0,0.0,1,0.0
2094,69.8,0,,tracker_gate,,,,,,,,,0,0.0,,,,,,0,0.0,1,0.0
2095,69.8333,0,,tracker_gate,,,,,,,,,0,0.0,,,,,,0,0.0,1,0.0
2096,69.8666,0,,tracker_gate,,,,,,,,,0,0.0,,,,,,0,0.0,1,0.0
2097,69.9,0,,tracker_gate,,,,,,,,,0,0.0,,,,,,0,0.0,1,0.0
2098,69.9333,0,,tracker_gate,,,,,,,,,0,0.0,,,,,,0,0.0,1,0.0
2099,69.9666,0,,tracker_gate,,,,,,,,,0,0.0,,,,,,0,0.0,1,0.0
2100,70.0,0,,tracker_gate,,,,,,,,,0,0.0,,,,,,0,0.0,1,0.0
2101,70.0333,0,,tracker_gate,,,,,,,,,0,0.0,,,,,,0,0.0,1,0.0
2102,70.0666,0,,tracker_gate,,,,,,,,,0,0.0,,,,,,0,0.0,1,0.0
2103,70.1,0,,tracker_gate,,,,,,,,,0,0.0,,,,,,0,0.0,1,0.0
2104,70.1333,0,,tracker_gate,,,,,,,,,0,0.0,,,,,,0,0.0,1,0.0
2105,70.1666,0,,tracker_gate,,,,,,,,,0,0.0,,,,,,0,0.0,1,0.0
2106,70.2,0,,tracker_gate,,,,,,,,,0,0.0,,,,,,0,0.0,1,0.0
2107,70.2333,0,,tracker_gate,,,,,,,,,0,0.0,,,,,,0,0.0,1,0.0
2108,70.2666,0,,tracker_gate,,,,,,,,,0,0.0,,,,,,0,0.0,1,0.0
2109,70.3,0,,tracker_gate,,,,,,,,,0,0.0,,,,,,0,0.0,1,0.0
2110,70.3333,0,,tracker_gate,,,,,,,,,0,0.0,,,,,,0,0.0,1,0.0
2111,70.3666,0,,tracker_gate,,,,,,,,,0,0.0,,,,,,0,0.0,1,0.0
2112,70.4,0,,tracker_gate,,,,,,,,,0,0.0,,,,,,0,0.0,1,0.0
2113,70.4333,0,,tracker_gate,,,,,,,,,0,0.0,,,,,,0,0.0,1,0.0
2114,70.4666,0,,tracker_gate,,,,,,,,,0,0.0,,,,,,0,0.0,1,0.0
2115,70.5,0,,tracker_gate,,,,,,,,,0,0.0,,,,,,0,0.0,1,0.0
2116,70.5333,0,,tracker_gate,,,,,,,,,0,0.0,,,,,,0,0.0,1,0.0
2117,70.5666,0,,tracker_gate,,,,,,,,,0,0.0,,,,,,0,0.0,1,0.0
2118,70.6,0,,tracker_gate,,,,,,,,,0,0.0,,,,,,0,0.0,1,0.0
2119,70.6333,0,,tracker_gate,,,,,,,,,0,0.0,,,,,,0,0.0,1,0.0
2120,70.6666,0,,tracker_gate,,,,,,,,,0,0.0,,,,,,0,0.0,1,0.0
2121,70.7,0,,tracker_gate,,,,,,,,,0,0.0,,,,,,0,0.0,1,0.0
2122,70.7333,0,,tracker_gate,,,,,,,,,0,0.0,,,,,,0,0.0,1,0.0
2123,70.7666,0,,tracker_gate,,,,,,,,,0,0.0,,,,,,0,0.0,1,0.0
2124,70.8,0,,tracker_gate,,,,,,,,,0,0.0,,,,,,0,0.0,1,0.0
2125,70.8333,0,,tracker_gate,,,,,,,,,0,0.0,,,,,,0,0.0,1,0.0
2126,70.8666,0,,tracker_gate,,,,,,,,,0,0.0,,,,,,0,0.0,1,0.0
2127,70.9,0,,tracker_gate,,,,,,,,,0,0.0,,,,,,0,0.0,1,0.0
2128,70.9333,0,,tracker_gate,,,,,,,,,0,0.0,,,,,,0,0.0,1,0.0
2129,70.9666,0,,tracker_gate,,,,,,,,,0,0.0,,,,,,0,0.0,1,0.0
2130,71.0,0,,tracker_gate,,,,,,,,,0,0.0,,,,,,0,0.0,1,0.0
2131,71.0333,0,,tracker_gate,,,,,,,,,0,0.0,,,,,,0,0.0,1,0.0
2132,71.0666,0,,tracker_gate,,,,,,,,,0,0.0,,,,,,0,0.0,1,0.0
2133,71.1,0,,tracker_gate,,,,,,,,,0,0.0,,,,,,0,0.0,1,0.0
2134,71.1333,0,,tracker_gate,,,,,,,,,0,0.0,,,,,,0,0.0,1,0.0
2135,71.1666,0,,tracker_gate,,,,,,,,,0,0.0,,,,,,0,0.0,1,0.0
2136,71.2,0,,tracker_gate,,,,,,,,,0,0.0,,,,,,0,0.0,1,0.0
2137,71.2333,0,,tracker_gate,,,,,,,,,0,0.0,,,,,,0,0.0,1,0.0
2138,71.2666,0,,tracker_gate,,,,,,,,,0,0.0,,,,,,0,0.0,1,0.0
2139,71.3,0,,tracker_gate,,,,,,,,,0,0.0,,,,,,0,0.0,1,0.0
2140,71.3333,0,,tracker_gate,,,,,,,,,0,0.0,,,,,,0,0.0,1,0.0
2141,71.3666,0,,tracker_gate,,,,,,,,,0,0.0,,,,,,0,0.0,1,0.0
2142,71.4,0,,tracker_gate,,,,,,,,,0,0.0,,,,,,0,0.0,1,0.0
2143,71.4333,0,,tracker_gate,,,,,,,,,0,0.0,,,,,,0,0.0,1,0.0
2144,71.4666,0,,tracker_gate,,,,,,,,,0,0.0,,,,,,0,0.0,1,0.0
2145,71.5,0,,tracker_gate,,,,,,,,,0,0.0,,,,,,0,0.0,1,0.0
2146,71.5333,0,,tracker_gate,,,,,,,,,0,0.0,,,,,,0,0.0,1,0.0
2147,71.5666,0,,tracker_gate,,,,,,,,,0,0.0,,,,,,0,0.0,1,0.0
2148,71.6,0,,tracker_gate,,,,,,,,,0,0.0,,,,,,0,0.0,1,0.0
2149,71.6333,0,,tracker_gate,,,,,,,,,0,0.0,,,,,,0,0.0,1,0.0
2150,71.6666,0,,tracker_gate,,,,,,,,,0,0.0,,,,,,0,0.0,1,0.0
2151,71.7,0,,tracker_gate,,,,,,,,,0,0.0,,,,,,0,0.0,1,0.0
2152,71.7333,0,,tracker_gate,,,,,,,,,0,0.0,,,,,,0,0.0,1,0.0
2153,71.7666,0,,tracker_gate,,,,,,,,,0,0.0,,,,,,0,0.0,1,0.0
2154,71.8,0,,tracker_gate,,,,,,,,,0,0.0,,,,,,0,0.0,1,0.0
2155,71.8333,0,,tracker_gate,,,,,,,,,0,0.0,,,,,,0,0.0,1,0.0
2156,71.8666,0,,tracker_gate,,,,,,,,,0,0.0,,,,,,0,0.0,1,0.0
2157,71.9,0,,tracker_gate,,,,,,,,,0,0.0,,,,,,0,0.0,1,0.0
2158,71.9333,0,,tracker_gate,,,,,,,,,0,0.0,,,,,,0,0.0,1,0.0
2159,71.9666,0,,tracker_gate,,,,,,,,,0,0.0,,,,,,0,0.0,1,0.0
2160,72.0,0,,tracker_gate,,,,,,,,,0,0.0,,,,,,0,0.0,1,0.0
2161,72.0333,0,,tracker_gate,,,,,,,,,0,0.0,,,,,,0,0.0,1,0.0
2162,72.0666,0,,tracker_gate,,,,,,,,,0,0.0,,,,,,0,0.0,1,0.0
2163,72.1,0,,tracker_gate,,,,,,,,,0,0.0,,,,,,0,0.0,1,0.0
2164,72.1333,0,,tracker_gate,,,,,,,,,0,0.0,,,,,,0,0.0,1,0.0
2165,72.1666,0,,tracker_gate,,,,,,,,,0,0.0,,,,,,0,0.0,1,0.0
2166,72.2,0,,tracker_gate,,,,,,,,,0,0.0,,,,,,0,0.0,1,0.0
2167,72.2333,0,,tracker_gate,,,,,,,,,0,0.0,,,,,,0,0.0,1,0.0
2168,72.2666,0,,tracker_gate,,,,,,,,,0,0.0,,,,,,0,0.0,1,0.0
2169,72.3,0,,tracker_gate,,,,,,,,,0,0.0,,,,,,0,0.0,1,0.0
2170,72.3333,0,,tracker_gate,,,,,,,,,0,0.0,,,,,,0,0.0,1,0.0
2171,72.3666,0,,tracker_gate,,,,,,,,,0,0.0,,,,,,0,0.0,1,0.0
2172,72.4,0,,tracker_gate,,,,,,,,,0,0.0,,,,,,0,0.0,1,0.0
2173,72.4333,0,,tracker_gate,,,,,,,,,0,0.0,,,,,,0,0.0,1,0.0
2174,72.4666,0,,tracker_gate,,,,,,,,,0,0.0,,,,,,0,0.0,1,0.0
2175,72.5,0,,tracker_gate,,,,,,,,,0,0.0,,,,,,0,0.0,1,0.0
2176,72.5333,0,,tracker_gate,,,,,,,,,0,0.0,,,,,,0,0.0,1,0.0
2177,72.5666,0,,tracker_gate,,,,,,,,,0,0.0,,,,,,0,0.0,1,0.0
2178,72.6,0,,tracker_gate,,,,,,,,,0,0.0,,,,,,0,0.0,1,0.0
2179,72.6333,0,,tracker_gate,,,,,,,,,0,0.0,,,,,,0,0.0,1,0.0
2180,72.6666,0,,tracker_gate,,,,,,,,,0,0.0,,,,,,0,0.0,1,0.0
2181,72.7,0,,tracker_gate,,,,,,,,,0,0.0,,,,,,0,0.0,1,0.0
2182,72.7333,0,,tracker_gate,,,,,,,,,0,0.0,,,,,,0,0.0,1,0.0
2183,72.7666,0,,tracker_gate,,,,,,,,,0,0.0,,,,,,0,0.0,1,0.0
2184,72.8,0,,tracker_gate,,,,,,,,,0,0.0,,,,,,0,0.0,1,0.0
2185,72.8333,0,,tracker_gate,,,,,,,,,0,0.0,,,,,,0,0.0,1,0.0
2186,72.8666,0,,tracker_gate,,,,,,,,,0,0.0,,,,,,0,0.0,1,0.0
2187,72.9,0,,tracker_gate,,,,,,,,,0,0.0,,,,,,0,0.0,1,0.0
2188,72.9333,0,,tracker_gate,,,,,,,,,0,0.0,,,,,,0,0.0,1,0.0
2189,72.9666,0,,tracker_gate,,,,,,,,,0,0.0,,,,,,0,0.0,1,0.0
2190,73.0,0,,tracker_gate,,,,,,,,,0,0.0,,,,,,0,0.0,1,0.0
2191,73.0333,0,,tracker_gate,,,,,,,,,0,0.0,,,,,,0,0.0,1,0.0
2192,73.0666,0,,tracker_gate,,,,,,,,,0,0.0,,,,,,0,0.0,1,0.0
2193,73.1,0,,tracker_gate,,,,,,,,,0,0.0,,,,,,0,0.0,1,0.0
2194,73.1333,0,,tracker_gate,,,,,,,,,0,0.0,,,,,,0,0.0,1,0.0
2195,73.1666,0,,tracker_gate,,,,,,,,,0,0.0,,,,,,0,0.0,1,0.0
2196,73.2,0,,tracker_gate,,,,,,,,,0,0.0,,,,,,0,0.0,1,0.0
2197,73.2333,0,,tracker_gate,,,,,,,,,0,0.0,,,,,,0,0.0,1,0.0
2198,73.2666,0,,tracker_gate,,,,,,,,,0,0.0,,,,,,0,0.0,1,0.0
2199,73.3,0,,tracker_gate,,,,,,,,,0,0.0,,,,,,0,0.0,1,0.0
2200,73.3333,0,,tracker_gate,,,,,,,,,0,0.0,,,,,,0,0.0,1,0.0
2201,73.3666,0,,tracker_gate,,,,,,,,,0,0.0,,,,,,0,0.0,1,0.0
2202,73.4,0,,tracker_gate,,,,,,,,,0,0.0,,,,,,0,0.0,1,0.0
