frame,t,ok,phi_deg,phi_vs_top,phi_vs_top_signed,phi_rel,beta_deg,tilt_total,aspect,axis_len_px,w_body_px,w_box_px,conf,n_bands,dphi_dt,cam_dtheta,cam_roll,cam_dx,cam_dy,cam_ncc,reason
0,0.0,False,,,,,,,,,,,0.0,0,,0.0,0.0,-0.0797,0.1136,0.2809,no_mask
1,0.0333,False,,,,,,,,,,,0.0,0,,0.0,0.0,-0.0792,0.1152,0.2809,no_mask
2,0.0667,False,,,,,,,,,,,0.0,0,,0.0,0.0,-0.0795,0.1176,0.2809,no_mask
3,0.1,False,,,,,,,,,,,0.0,0,,0.0,0.0,-0.0845,0.1212,0.2809,no_mask
4,0.1333,False,,,,,,,,,,,0.0,0,,0.0,0.0,-0.0856,0.1237,0.2809,no_mask
5,0.1667,False,,,,,,,,,,,0.0,0,,0.0,0.0,-0.0806,0.1225,0.2809,no_mask
6,0.2,False,,,,,,,,,,,0.0,0,,0.0,0.0,-0.0688,0.1208,0.2809,no_mask
7,0.2333,False,,,,,,,,,,,0.0,0,,0.0,0.0,-0.0645,0.1182,0.2809,no_mask
8,0.2667,False,,,,,,,,,,,0.0,0,,0.0,0.0,-0.0615,0.1172,0.2809,no_mask
9,0.3,False,,,,,,,,,,,0.0,0,,0.0,0.0,-0.0638,0.121,0.281,no_mask
10,0.3333,False,,,,,,,,,,,0.0,0,,0.0,0.0,-0.0626,0.1217,0.281,no_mask
11,0.3667,False,,,,,,,,,,,0.0,0,,0.0,0.0,-0.06,0.1247,0.281,no_mask
12,0.4,False,,,,,,,,,,,0.0,0,,0.0,0.0,-0.0604,0.123,0.2809,no_mask
13,0.4333,False,,,,,,,,,,,0.0,0,,0.0,0.0,-0.0586,0.1259,0.2809,no_mask
14,0.4667,False,,,,,,,,,,,0.0,0,,0.0,0.0,-0.0537,0.1325,0.2809,no_mask
15,0.5,False,,,,,,,,,,,0.0,0,,0.0,0.0,-0.0462,0.1352,0.2809,no_mask
16,0.5333,False,,,,,,,,,,,0.0,0,,0.0,0.0,-0.0492,0.1314,0.2811,no_mask
17,0.5667,False,,,,,,,,,,,0.0,0,,0.0,0.0,-0.0486,0.1306,0.2813,no_mask
18,0.6,False,,,,,,,,,,,0.0,0,,0.0,0.0,-0.0822,0.1421,0.2813,no_mask
19,0.6333,False,,,,,,,,,,,0.0,0,,0.0,0.0,-0.1367,0.0861,0.2812,no_mask
20,0.6667,False,,,,,,,,,,,0.0,0,,0.0,0.0,-0.1533,0.0803,0.2829,no_mask
21,0.7,False,,,,,,,,,,,0.0,0,,0.0,0.0,-0.1545,0.1843,0.2827,no_mask
22,0.7333,False,,,,,,,,,,,0.0,0,,0.0,0.0,-0.1562,0.181,0.283,no_mask
23,0.7667,False,,,,,,,,,,,0.0,0,,0.0,0.0,-0.1553,0.1817,0.283,no_mask
24,0.8,False,,,,,,,,,,,0.0,0,,0.0,0.0,-0.1112,0.0197,0.2886,no_mask
25,0.8333,False,,,,,,,,,,,0.0,0,,0.0,0.0,-0.1469,0.1105,0.2885,no_mask
26,0.8667,False,,,,,,,,,,,0.0,0,,0.0,0.0,-0.144,0.1144,0.2885,no_mask
27,0.9,False,,,,,,,,,,,0.0,0,,0.0,0.0,-0.0396,0.0779,0.2885,no_mask
28,0.9333,False,,,,,,,,,,,0.0,0,,0.0,0.0,-0.0319,0.0815,0.29,no_mask
29,0.9667,False,,,,,,,,,,,0.0,0,,0.0,0.0,-0.0303,0.0899,0.2898,no_mask
30,1.0,False,,,,,,,,,,,0.0,0,,0.0,0.0,-0.0481,0.1082,0.29,no_mask
31,1.0333,False,,,,,,,,,,,0.0,0,,0.0,0.0,-0.0473,0.0875,0.29,no_mask
32,1.0667,False,,,,,,,,,,,0.0,0,,0.0,0.0,-0.0359,0.1121,0.2955,no_mask
33,1.1,False,,,,,,,,,,,0.0,0,,0.0,0.0,-0.0871,0.1272,0.2945,no_mask
34,1.1333,False,,,,,,,,,,,0.0,0,,0.0,0.0,-0.0994,0.0798,0.2953,no_mask
35,1.1667,False,,,,,,,,,,,0.0,0,,0.0,0.0,-0.0962,0.0772,0.2954,no_mask
36,1.2,False,,,,,,,,,,,0.0,0,,0.0,0.0,0.0364,0.009,0.3006,no_mask
37,1.2333,False,,,,,,,,,,,0.0,0,,0.0,0.0,0.0131,0.0148,0.3006,no_mask
38,1.2667,False,,,,,,,,,,,0.0,0,,0.0,0.0,0.0237,0.0371,0.304,no_mask
39,1.3,False,,,,,,,,,,,0.0,0,,0.0,0.0,-0.0886,0.1814,0.304,no_mask
40,1.3333,False,,,,,,,,,,,0.0,0,,0.0,0.0,-0.0794,0.1706,0.3086,no_mask
41,1.3667,False,,,,,,,,,,,0.0,0,,0.0,0.0,-0.0871,0.1675,0.3083,no_mask
42,1.4,False,,,,,,,,,,,0.0,0,,0.0,0.0,-0.021,0.0927,0.3082,no_mask
43,1.4333,False,,,,,,,,,,,0.0,0,,0.0,0.0,-0.1153,0.1702,0.3082,no_mask
44,1.4667,False,,,,,,,,,,,0.0,0,,0.0,0.0,-0.1222,0.1988,0.3106,no_mask
45,1.5,False,,,,,,,,,,,0.0,0,,0.0,0.0,-0.1017,0.063,0.3106,no_mask
46,1.5333,False,,,,,,,,,,,0.0,0,,0.0,0.0,-0.1092,0.0778,0.3109,no_mask
47,1.5667,False,,,,,,,,,,,0.0,0,,0.0,0.0,-0.1087,0.0803,0.3109,no_mask
48,1.6,False,,,,,,,,,,,0.0,0,,0.0,0.0,-0.0655,0.0841,0.315,no_mask
49,1.6333,False,,,,,,,,,,,0.0,0,,0.0,0.0,-0.0712,0.1424,0.3149,no_mask
50,1.6667,False,,,,,,,,,,,0.0,0,,0.0,0.0,-0.071,0.1415,0.3149,no_mask
51,1.7,False,,,,,,,,,,,0.0,0,,0.0,0.0,-0.0529,0.1286,0.3149,no_mask
52,1.7333,False,,,,,,,,,,,0.0,0,,0.0,0.0,-0.057,0.1295,0.315,no_mask
53,1.7667,False,,,,,,,,,,,0.0,0,,0.0,0.0,-0.0658,0.1284,0.3149,no_mask
54,1.8,False,,,,,,,,,,,0.0,0,,0.0,0.0,-0.0413,0.1851,0.3148,no_mask
55,1.8333,False,,,,,,,,,,,0.0,0,,0.0,0.0,-0.039,0.1414,0.3149,no_mask
56,1.8667,False,,,,,,,,,,,0.0,0,,0.0,0.0,-0.0375,0.1435,0.3147,no_mask
57,1.9,False,,,,,,,,,,,0.0,0,,0.0,0.0,-0.0289,0.1264,0.3149,no_mask
58,1.9333,False,,,,,,,,,,,0.0,0,,0.0,0.0,-0.0289,0.1037,0.3151,no_mask
59,1.9667,False,,,,,,,,,,,0.0,0,,0.0,0.0,-0.0314,0.1071,0.3151,no_mask
60,2.0,False,,,,,,,,,,,0.0,0,,0.0,0.0,-0.0759,0.0983,0.3194,no_mask
61,2.0333,False,,,,,,,,,,,0.0,0,,0.0,0.0,-0.0456,0.1054,0.3194,no_mask
62,2.0667,False,,,,,,,,,,,0.0,0,,0.0,0.0,-0.0461,0.0993,0.3214,no_mask
63,2.1,False,,,,,,,,,,,0.0,0,,0.0,0.0,-0.0458,0.0459,0.3214,no_mask
64,2.1333,False,,,,,,,,,,,0.0,0,,0.0,0.0,-0.0936,0.0701,0.3248,no_mask
65,2.1667,False,,,,,,,,,,,0.0,0,,0.0,0.0,-0.0945,0.068,0.3251,no_mask
66,2.2,False,,,,,,,,,,,0.0,0,,0.0,0.0,-0.1111,0.1322,0.3251,no_mask
67,2.2333,False,,,,,,,,,,,0.0,0,,0.0,0.0,-0.1028,0.0614,0.3251,no_mask
68,2.2667,False,,,,,,,,,,,0.0,0,,0.0,0.0,-0.0846,0.0401,0.326,no_mask
69,2.3,False,,,,,,,,,,,0.0,0,,0.0,0.0,-0.0608,0.0759,0.3259,no_mask
70,2.3333,False,,,,,,,,,,,0.0,0,,0.0,0.0,-0.0535,0.0719,0.326,no_mask
71,2.3667,False,,,,,,,,,,,0.0,0,,0.0,0.0,-0.0533,0.0724,0.326,no_mask
72,2.4,False,,,,,,,,,,,0.0,0,,0.0,0.0,-0.0858,0.1239,0.3282,no_mask
73,2.4333,False,,,,,,,,,,,0.0,0,,0.0,0.0,-0.081,0.1194,0.3282,no_mask
74,2.4667,False,,,,,,,,,,,0.0,0,,0.0,0.0,-0.0861,0.1195,0.3283,no_mask
75,2.5,False,,,,,,,,,,,0.0,0,,0.0,0.0,-0.0938,0.1177,0.3283,no_mask
76,2.5333,False,,,,,,,,,,,0.0,0,,0.0,0.0,-0.1037,0.1214,0.3283,no_mask
77,2.5667,False,,,,,,,,,,,0.0,0,,0.0,0.0,-0.1078,0.1209,0.3282,no_mask
78,2.6,False,,,,,,,,,,,0.0,0,,0.0,0.0,-0.1083,0.1122,0.3282,no_mask
79,2.6333,False,,,,,,,,,,,0.0,0,,0.0,0.0,-0.1124,0.1104,0.3282,no_mask
80,2.6667,False,,,,,,,,,,,0.0,0,,0.0,0.0,-0.1193,0.1022,0.3282,no_mask
81,2.7,False,,,,,,,,,,,0.0,0,,0.0,0.0,-0.1112,0.1088,0.3282,no_mask
82,2.7333,False,,,,,,,,,,,0.0,0,,0.0,0.0,-0.107,0.1147,0.3282,no_mask
83,2.7667,False,,,,,,,,,,,0.0,0,,0.0,0.0,-0.1024,0.1204,0.3282,no_mask
84,2.8,False,,,,,,,,,,,0.0,0,,0.0,0.0,-0.0909,0.136,0.3282,no_mask
85,2.8333,False,,,,,,,,,,,0.0,0,,0.0,0.0,-0.0877,0.1444,0.3282,no_mask
86,2.8667,False,,,,,,,,,,,0.0,0,,0.0,0.0,-0.0863,0.1467,0.3282,no_mask
87,2.9,False,,,,,,,,,,,0.0,0,,0.0,0.0,-0.0836,0.1443,0.3282,no_mask
88,2.9333,False,,,,,,,,,,,0.0,0,,0.0,0.0,-0.0872,0.1561,0.3281,no_mask
89,2.9667,False,,,,,,,,,,,0.0,0,,0.0,0.0,-0.0874,0.1458,0.3281,no_mask
90,3.0,False,,,,,,,,,,,0.0,0,,0.0,0.0,-0.082,0.1365,0.3281,no_mask
91,3.0333,False,,,,,,,,,,,0.0,0,,0.0,0.0,-0.0845,0.1194,0.3281,no_mask
92,3.0667,False,,,,,,,,,,,0.0,0,,0.0,0.0,-0.0983,0.1114,0.328,no_mask
93,3.1,False,,,,,,,,,,,0.0,0,,0.0,0.0,-0.1053,0.1088,0.328,no_mask
94,3.1333,False,,,,,,,,,,,0.0,0,,0.0,0.0,-0.1066,0.1047,0.328,no_mask
95,3.1667,False,,,,,,,,,,,0.0,0,,0.0,0.0,-0.1065,0.1031,0.328,no_mask
96,3.2,False,,,,,,,,,,,0.0,0,,0.0,0.0,-0.1183,0.1003,0.3277,no_mask
97,3.2333,False,,,,,,,,,,,0.0,0,,0.0,0.0,-0.1154,0.0972,0.3277,no_mask
98,3.2667,False,,,,,,,,,,,0.0,0,,0.0,0.0,-0.1052,0.0983,0.3276,no_mask
99,3.3,False,,,,,,,,,,,0.0,0,,0.0,0.0,-0.0998,0.0956,0.3276,no_mask
100,3.3333,False,,,,,,,,,,,0.0,0,,0.0,0.0,-0.101,0.0947,0.3276,no_mask
101,3.3667,False,,,,,,,,,,,0.0,0,,0.0,0.0,-0.1084,0.0973,0.3276,no_mask
102,3.4,False,,,,,,,,,,,0.0,0,,0.0,0.0,-0.0712,0.0983,0.3276,no_mask
103,3.4333,False,,,,,,,,,,,0.0,0,,0.0,0.0,-0.0706,0.101,0.3276,no_mask
104,3.4667,False,,,,,,,,,,,0.0,0,,0.0,0.0,-0.0646,0.0856,0.3278,no_mask
105,3.5,False,,,,,,,,,,,0.0,0,,0.0,0.0,-0.055,0.073,0.3279,no_mask
106,3.5333,False,,,,,,,,,,,0.0,0,,0.0,0.0,-0.0555,0.0696,0.3279,no_mask
107,3.5667,False,,,,,,,,,,,0.0,0,,0.0,0.0,-0.0589,0.0647,0.3279,no_mask
108,3.6,False,,,,,,,,,,,0.0,0,,0.0,0.0,-0.0578,0.0688,0.3279,no_mask
109,3.6333,False,,,,,,,,,,,0.0,0,,0.0,0.0,-0.0573,0.0492,0.3279,no_mask
110,3.6667,False,,,,,,,,,,,0.0,0,,0.0,0.0,-0.0592,0.0415,0.3279,no_mask
111,3.7,False,,,,,,,,,,,0.0,0,,0.0,0.0,-0.0578,0.052,0.3279,no_mask
112,3.7333,False,,,,,,,,,,,0.0,0,,0.0,0.0,-0.0666,0.0759,0.3284,no_mask
113,3.7667,False,,,,,,,,,,,0.0,0,,0.0,0.0,-0.0672,0.0798,0.3284,no_mask
114,3.8,False,,,,,,,,,,,0.0,0,,0.0,0.0,-0.0725,0.0996,0.3284,no_mask
115,3.8333,False,,,,,,,,,,,0.0,0,,0.0,0.0,-0.0728,0.1073,0.3284,no_mask
116,3.8667,False,,,,,,,,,,,0.0,0,,0.0,0.0,-0.0783,0.1025,0.3284,no_mask
117,3.9,False,,,,,,,,,,,0.0,0,,0.0,0.0,-0.0658,0.1007,0.3284,no_mask
118,3.9333,False,,,,,,,,,,,0.0,0,,0.0,0.0,-0.0624,0.0969,0.3284,no_mask
119,3.9667,False,,,,,,,,,,,0.0,0,,0.0,0.0,-0.0608,0.1052,0.3284,no_mask
120,4.0,False,,,,,,,,,,,0.0,0,,0.0,0.0,-0.0596,0.105,0.3283,no_mask
121,4.0333,False,,,,,,,,,,,0.0,0,,0.0,0.0,-0.0546,0.1032,0.3283,no_mask
122,4.0667,False,,,,,,,,,,,0.0,0,,0.0,0.0,-0.0536,0.1007,0.3283,no_mask
123,4.1,False,,,,,,,,,,,0.0,0,,0.0,0.0,-0.0572,0.0946,0.3283,no_mask
124,4.1333,False,,,,,,,,,,,0.0,0,,0.0,0.0,-0.0616,0.0856,0.3283,no_mask
125,4.1667,False,,,,,,,,,,,0.0,0,,0.0,0.0,-0.0619,0.0841,0.3283,no_mask
126,4.2,False,,,,,,,,,,,0.0,0,,0.0,0.0,-0.0535,0.0893,0.3283,no_mask
127,4.2333,False,,,,,,,,,,,0.0,0,,0.0,0.0,-0.0614,0.0844,0.3283,no_mask
128,4.2667,False,,,,,,,,,,,0.0,0,,0.0,0.0,-0.0686,0.0849,0.3283,no_mask
129,4.3,False,,,,,,,,,,,0.0,0,,0.0,0.0,-0.069,0.0844,0.3283,no_mask
130,4.3333,False,,,,,,,,,,,0.0,0,,0.0,0.0,-0.0735,0.0866,0.3283,no_mask
131,4.3667,False,,,,,,,,,,,0.0,0,,0.0,0.0,-0.0681,0.0795,0.3283,no_mask
132,4.4,False,,,,,,,,,,,0.0,0,,0.0,0.0,-0.0492,0.0668,0.3283,no_mask
133,4.4333,False,,,,,,,,,,,0.0,0,,0.0,0.0,-0.0529,0.078,0.3283,no_mask
134,4.4667,False,,,,,,,,,,,0.0,0,,0.0,0.0,-0.0538,0.0934,0.3283,no_mask
135,4.5,False,,,,,,,,,,,0.0,0,,0.0,0.0,-0.0545,0.1014,0.3283,no_mask
136,4.5333,False,,,,,,,,,,,0.0,0,,0.0,0.0,-0.0533,0.1163,0.3283,no_mask
137,4.5667,False,,,,,,,,,,,0.0,0,,0.0,0.0,-0.0491,0.1195,0.3283,no_mask
138,4.6,False,,,,,,,,,,,0.0,0,,0.0,0.0,-0.0496,0.1204,0.3283,no_mask
139,4.6333,False,,,,,,,,,,,0.0,0,,0.0,0.0,-0.0517,0.1202,0.3283,no_mask
140,4.6667,False,,,,,,,,,,,0.0,0,,0.0,0.0,-0.0543,0.1235,0.3283,no_mask
141,4.7,False,,,,,,,,,,,0.0,0,,0.0,0.0,-0.0604,0.1276,0.3283,no_mask
142,4.7333,False,,,,,,,,,,,0.0,0,,0.0,0.0,-0.064,0.1399,0.3283,no_mask
143,4.7667,False,,,,,,,,,,,0.0,0,,0.0,0.0,-0.0667,0.1478,0.3283,no_mask
144,4.8,False,,,,,,,,,,,0.0,0,,0.0,0.0,-0.0733,0.1586,0.328,no_mask
145,4.8333,False,,,,,,,,,,,0.0,0,,0.0,0.0,-0.0899,0.1815,0.3281,no_mask
146,4.8667,False,,,,,,,,,,,0.0,0,,0.0,0.0,-0.0884,0.1824,0.328,no_mask
147,4.9,False,,,,,,,,,,,0.0,0,,0.0,0.0,-0.0995,0.1827,0.3281,no_mask
148,4.9333,False,,,,,,,,,,,0.0,0,,0.0,0.0,-0.0887,0.1738,0.328,no_mask
149,4.9667,False,,,,,,,,,,,0.0,0,,0.0,0.0,-0.0887,0.1738,0.328,no_mask
150,5.0,False,,,,,,,,,,,0.0,0,,0.0,0.0,-0.03,0.0945,0.3306,no_mask
151,5.0333,False,,,,,,,,,,,0.0,0,,0.0,0.0,-0.0316,0.0984,0.3307,no_mask
152,5.0667,False,,,,,,,,,,,0.0,0,,0.0,0.0,-0.0259,0.1067,0.3307,no_mask
153,5.1,False,,,,,,,,,,,0.0,0,,0.0,0.0,-0.0247,0.1035,0.3307,no_mask
154,5.1333,False,,,,,,,,,,,0.0,0,,0.0,0.0,-0.0253,0.1046,0.3307,no_mask
155,5.1667,False,,,,,,,,,,,0.0,0,,0.0,0.0,-0.0222,0.1074,0.3307,no_mask
156,5.2,False,,,,,,,,,,,0.0,0,,0.0,0.0,-0.0148,0.098,0.3307,no_mask
157,5.2333,False,,,,,,,,,,,0.0,0,,0.0,0.0,-0.0078,0.1063,0.3307,no_mask
158,5.2667,False,,,,,,,,,,,0.0,0,,0.0,0.0,0.0007,0.1146,0.3307,no_mask
159,5.3,False,,,,,,,,,,,0.0,0,,0.0,0.0,0.0151,0.1417,0.3307,no_mask
160,5.3333,False,,,,,,,,,,,0.0,0,,0.0,0.0,0.01,0.129,0.3307,no_mask
161,5.3667,False,,,,,,,,,,,0.0,0,,0.0,0.0,0.0171,0.1374,0.3307,no_mask
162,5.4,False,,,,,,,,,,,0.0,0,,0.0,0.0,0.0138,0.1114,0.3306,no_mask
163,5.4333,False,,,,,,,,,,,0.0,0,,0.0,0.0,0.0076,0.1108,0.3306,no_mask
164,5.4667,False,,,,,,,,,,,0.0,0,,0.0,0.0,0.0082,0.1194,0.3306,no_mask
165,5.5,False,,,,,,,,,,,0.0,0,,0.0,0.0,0.0007,0.1216,0.3306,no_mask
166,5.5333,False,,,,,,,,,,,0.0,0,,0.0,0.0,-0.0051,0.1225,0.3306,no_mask
167,5.5667,False,,,,,,,,,,,0.0,0,,0.0,0.0,-0.0038,0.1218,0.3306,no_mask
168,5.6,False,,,,,,,,,,,0.0,0,,0.0,0.0,-0.0228,0.1575,0.3306,no_mask
169,5.6333,False,,,,,,,,,,,0.0,0,,0.0,0.0,-0.0183,0.1623,0.3306,no_mask
170,5.6667,False,,,,,,,,,,,0.0,0,,0.0,0.0,-0.0127,0.1654,0.3306,no_mask
171,5.7,False,,,,,,,,,,,0.0,0,,0.0,0.0,0.0056,0.1559,0.3306,no_mask
172,5.7333,False,,,,,,,,,,,0.0,0,,0.0,0.0,0.0156,0.1555,0.3306,no_mask
173,5.7667,False,,,,,,,,,,,0.0,0,,0.0,0.0,0.0153,0.1548,0.3306,no_mask
174,5.8,False,,,,,,,,,,,0.0,0,,0.0,0.0,0.0004,0.1474,0.3306,no_mask
175,5.8333,False,,,,,,,,,,,0.0,0,,0.0,0.0,0.0092,0.1451,0.3307,no_mask
176,5.8667,False,,,,,,,,,,,0.0,0,,0.0,0.0,0.0224,0.1493,0.3307,no_mask
177,5.9,False,,,,,,,,,,,0.0,0,,0.0,0.0,0.0223,0.155,0.3307,no_mask
178,5.9333,False,,,,,,,,,,,0.0,0,,0.0,0.0,0.0362,0.1461,0.3306,no_mask
179,5.9667,False,,,,,,,,,,,0.0,0,,0.0,0.0,0.0323,0.1381,0.3306,no_mask
180,6.0,False,,,,,,,,,,,0.0,0,,0.0,0.0,0.0357,0.1289,0.3306,no_mask
181,6.0333,False,,,,,,,,,,,0.0,0,,0.0,0.0,0.0316,0.1384,0.3306,no_mask
182,6.0667,False,,,,,,,,,,,0.0,0,,0.0,0.0,0.037,0.1484,0.3306,no_mask
183,6.1,False,,,,,,,,,,,0.0,0,,0.0,0.0,0.0338,0.1437,0.3306,no_mask
184,6.1333,False,,,,,,,,,,,0.0,0,,0.0,0.0,0.031,0.1394,0.3306,no_mask
185,6.1667,False,,,,,,,,,,,0.0,0,,0.0,0.0,0.0279,0.1385,0.3306,no_mask
186,6.2,False,,,,,,,,,,,0.0,0,,0.0,0.0,0.0419,0.1379,0.3306,no_mask
187,6.2333,False,,,,,,,,,,,0.0,0,,0.0,0.0,0.0388,0.1421,0.3306,no_mask
188,6.2667,False,,,,,,,,,,,0.0,0,,0.0,0.0,0.0297,0.1467,0.3306,no_mask
189,6.3,False,,,,,,,,,,,0.0,0,,0.0,0.0,-0.0133,0.1819,0.3306,no_mask
190,6.3333,False,,,,,,,,,,,0.0,0,,0.0,0.0,0.0007,0.1877,0.3306,no_mask
191,6.3667,False,,,,,,,,,,,0.0,0,,0.0,0.0,-0.0047,0.1895,0.3306,no_mask
192,6.4,False,,,,,,,,,,,0.0,0,,0.0,0.0,0.0327,0.1623,0.3306,no_mask
193,6.4333,False,,,,,,,,,,,0.0,0,,0.0,0.0,0.0508,0.1615,0.3306,no_mask
194,6.4667,False,,,,,,,,,,,0.0,0,,0.0,0.0,0.0485,0.1514,0.3305,no_mask
195,6.5,False,,,,,,,,,,,0.0,0,,0.0,0.0,0.0339,0.1957,0.3305,no_mask
196,6.5333,False,,,,,,,,,,,0.0,0,,0.0,0.0,0.0332,0.1954,0.3305,no_mask
197,6.5667,False,,,,,,,,,,,0.0,0,,0.0,0.0,0.0348,0.1956,0.3305,no_mask
198,6.6,False,,,,,,,,,,,0.0,0,,0.0,0.0,-0.0159,0.1498,0.3305,no_mask
199,6.6333,False,,,,,,,,,,,0.0,0,,0.0,0.0,-0.0214,0.1477,0.3305,no_mask
200,6.6667,False,,,,,,,,,,,0.0,0,,0.0,0.0,-0.018,0.1377,0.3305,no_mask
201,6.7,False,,,,,,,,,,,0.0,0,,0.0,0.0,-0.0246,0.1452,0.3305,no_mask
202,6.7333,False,,,,,,,,,,,0.0,0,,0.0,0.0,-0.0219,0.1421,0.3304,no_mask
203,6.7667,False,,,,,,,,,,,0.0,0,,0.0,0.0,-0.0314,0.1494,0.3305,no_mask
204,6.8,False,,,,,,,,,,,0.0,0,,0.0,0.0,-0.0036,0.1545,0.3304,no_mask
205,6.8333,False,,,,,,,,,,,0.0,0,,0.0,0.0,0.0188,0.1548,0.3305,no_mask
206,6.8667,False,,,,,,,,,,,0.0,0,,0.0,0.0,0.0117,0.159,0.3304,no_mask
207,6.9,False,,,,,,,,,,,0.0,0,,0.0,0.0,-0.0208,0.1721,0.3305,no_mask
208,6.9333,False,,,,,,,,,,,0.0,0,,0.0,0.0,-0.0219,0.175,0.3305,no_mask
209,6.9667,False,,,,,,,,,,,0.0,0,,0.0,0.0,-0.0196,0.1715,0.3304,no_mask
210,7.0,False,,,,,,,,,,,0.0,0,,0.0,0.0,-0.0135,0.1715,0.3304,no_mask
211,7.0333,False,,,,,,,,,,,0.0,0,,0.0,0.0,-0.0112,0.1521,0.3304,no_mask
212,7.0667,False,,,,,,,,,,,0.0,0,,0.0,0.0,-0.016,0.1533,0.3304,no_mask
213,7.1,False,,,,,,,,,,,0.0,0,,0.0,0.0,0.0017,0.1279,0.3304,no_mask
214,7.1333,False,,,,,,,,,,,0.0,0,,0.0,0.0,0.0012,0.1241,0.3303,no_mask
215,7.1667,False,,,,,,,,,,,0.0,0,,0.0,0.0,0.0006,0.1295,0.3304,no_mask
216,7.2,False,,,,,,,,,,,0.0,0,,0.0,0.0,0.0169,0.1634,0.3304,no_mask
217,7.2333,False,,,,,,,,,,,0.0,0,,0.0,0.0,0.0053,0.1795,0.3304,no_mask
218,7.2667,False,,,,,,,,,,,0.0,0,,0.0,0.0,-0.0057,0.1752,0.3308,no_mask
219,7.3,False,,,,,,,,,,,0.0,0,,0.0,0.0,0.0034,0.1598,0.3309,no_mask
220,7.3333,False,,,,,,,,,,,0.0,0,,0.0,0.0,0.0093,0.1627,0.3309,no_mask
221,7.3667,False,,,,,,,,,,,0.0,0,,0.0,0.0,0.0118,0.1599,0.3309,no_mask
222,7.4,False,,,,,,,,,,,0.0,0,,0.0,0.0,0.0214,0.1304,0.3317,no_mask
223,7.4333,False,,,,,,,,,,,0.0,0,,0.0,0.0,-0.01,0.1268,0.3317,no_mask
224,7.4667,False,,,,,,,,,,,0.0,0,,0.0,0.0,-0.0072,0.1316,0.3317,no_mask
225,7.5,False,,,,,,,,,,,0.0,0,,0.0,0.0,-0.0262,0.1468,0.3317,no_mask
226,7.5333,False,,,,,,,,,,,0.0,0,,0.0,0.0,-0.0233,0.1431,0.3317,no_mask
227,7.5667,False,,,,,,,,,,,0.0,0,,0.0,0.0,-0.0324,0.139,0.3317,no_mask
228,7.6,False,,,,,,,,,,,0.0,0,,0.0,0.0,-0.0455,0.1424,0.3271,fit_failed
229,7.6333,False,,,,,,,,,,,0.0,0,,0.0,0.0,-0.059,0.1762,0.3271,fit_failed
230,7.6667,False,,,,,,,,,,,0.0,0,,0.0,0.0,-0.0591,0.1775,0.327,fit_failed
231,7.7,False,,,,,,,,,,,0.0,0,,0.0,0.0,-0.0303,0.1655,0.327,fit_failed
232,7.7333,False,,,,,,,,,,,0.0,0,,0.0,0.0,-0.034,0.1704,0.327,fit_failed
233,7.7667,False,,,,,,,,,,,0.0,0,,0.0,0.0,-0.0461,0.1978,0.3273,fit_failed
234,7.8,True,-8.1301,81.8699,98.1301,,,,0.8333,5.0,6.0,9.97,0.6091,6,,0.0,0.0,-0.0618,0.1634,0.3272,
235,7.8333,True,-4.8991,85.1009,94.8991,,,,0.8333,5.0,6.0,10.06,0.6031,6,16.9628,0.0,0.0,-0.05,0.1784,0.327,
236,7.8667,True,-4.8991,85.1009,94.8991,,,,0.8333,5.0,6.0,9.95,0.6031,6,27.9886,0.0,0.0,-0.0511,0.1867,0.3271,
237,7.9,True,-4.0856,85.9144,94.0856,,,,0.8333,5.0,6.0,10.21,0.6118,6,18.1926,0.0,0.0,-0.0492,0.1847,0.327,
238,7.9333,True,-4.8991,85.1009,94.8991,,,,0.8333,5.0,6.0,10.15,0.6031,6,11.8252,0.0,0.0,-0.042,0.1892,0.3261,
239,7.9667,True,-4.0856,85.9144,94.0856,,,,0.8333,5.0,6.0,10.06,0.6118,6,7.6864,0.0,0.0,-0.0396,0.1812,0.3259,
240,8.0,True,3.0665,86.9335,86.9335,,,,1.0,6.0,6.0,10.63,0.6021,7,13.5376,0.0,0.0,-0.0472,0.1589,0.3259,
241,8.0333,False,,,,,,,,,,,0.0,0,,0.0,0.0,-0.0443,0.1578,0.3264,fit_failed
242,8.0667,False,,,,,,,,,,,0.0,0,,0.0,0.0,-0.0473,0.1674,0.3262,fit_failed
243,8.1,True,-4.0856,85.9144,94.0856,,,,0.7143,5.0,7.0,10.16,0.6118,6,,0.0,0.0,0.0118,0.2121,0.3255,
244,8.1333,True,-4.0856,85.9144,94.0856,,,,0.7143,5.0,7.0,9.15,0.6118,6,5.7197,0.0,0.0,0.0167,0.2251,0.3261,
245,8.1667,False,,,,,,,,,,,0.0,0,,0.0,0.0,-0.0593,0.2857,0.326,fit_failed
246,8.2,True,-0.0,90.0,90.0,,,,0.7143,5.0,7.0,8.1,0.5971,6,,0.0,0.0,-0.0647,0.2367,0.3254,
247,8.2333,True,0.0,90.0,90.0,,,,0.8571,6.0,7.0,8.54,0.565,6,23.866,0.0,0.0,-0.0155,0.2121,0.3246,
248,8.2667,True,-5.1022,84.8978,95.1022,,,,1.0,7.0,7.0,8.59,0.6275,8,15.5129,0.0,0.0,-0.0091,0.1829,0.3247,
249,8.3,True,-2.6671,87.3329,92.6671,,,,0.8571,6.0,7.0,8.39,0.594,6,17.5305,0.0,0.0,-0.0389,0.2158,0.3245,
250,8.3333,False,,,,,,,,,,,0.0,0,,0.0,0.0,-0.0411,0.1927,0.325,fit_failed
251,8.3667,False,,,,,,,,,,,0.0,0,,0.0,0.0,-0.0271,0.1016,0.3246,fit_failed
252,8.4,True,-0.0,90.0,90.0,,,,1.0,8.0,8.0,9.37,0.54,6,,0.0,0.0,-0.112,0.1028,0.3245,
253,8.4333,True,-0.0,90.0,90.0,,,,1.0,8.0,8.0,10.11,0.66,9,26.3099,0.0,0.0,-0.0679,0.1503,0.3249,
254,8.4667,True,-0.0,90.0,90.0,,,,1.0,8.0,8.0,10.13,0.66,9,17.1014,0.0,0.0,-0.043,0.1279,0.3237,
255,8.5,True,0.0,90.0,90.0,,,,1.125,9.0,8.0,10.16,0.62,8,11.1159,0.0,0.0,-0.096,0.0624,0.3231,
256,8.5333,True,3.1403,86.8597,86.8597,,,,1.0588,9.0,8.5,10.18,0.5675,6,7.2254,0.0,0.0,-0.0556,0.1065,0.3224,
257,8.5667,True,2.8624,87.1376,87.1376,,,,0.8889,8.0,9.0,10.17,0.6175,9,4.6965,0.0,0.0,-0.0626,0.1047,0.3224,
258,8.6,True,0.0,90.0,90.0,,,,1.0,9.0,9.0,10.01,0.6055,9,3.0527,0.0,0.0,-0.0178,0.0916,0.322,
259,8.6333,True,1.3887,88.6113,88.6113,,,,1.0,9.0,9.0,10.15,0.6197,10,16.5658,0.0,0.0,-0.0141,0.145,0.322,
260,8.6667,True,4.7636,85.2364,85.2364,,,,0.8,8.0,10.0,9.91,0.6052,9,26.2415,0.0,0.0,-0.0206,0.1279,0.3219,
261,8.7,True,3.8388,86.1612,86.1612,,,,1.0526,10.0,9.5,9.83,0.6123,10,17.057,0.0,0.0,-0.023,0.1166,0.3213,
262,8.7333,True,3.915,86.085,86.085,,,,1.1111,10.0,9.0,9.7,0.6015,9,21.3388,0.0,0.0,-0.0232,0.1141,0.3207,
263,8.7667,True,3.8754,86.1246,86.1246,,,,0.9,9.0,10.0,9.71,0.6314,9,14.255,0.0,0.0,-0.0117,0.1183,0.3186,
264,8.8,True,4.3323,85.6677,85.6677,,,,1.2222,11.0,9.0,10.14,0.5972,9,9.6812,0.0,0.0,0.0267,0.1018,0.3186,
265,8.8333,True,1.8224,88.1776,88.1776,,,,1.1111,10.0,9.0,10.41,0.6278,11,5.8773,0.0,0.0,0.0532,0.172,0.3183,
266,8.8667,True,4.6774,85.3226,85.3226,,,,1.0,10.0,10.0,10.5,0.6424,11,4.2357,0.0,0.0,-0.0021,0.1908,0.3175,
267,8.9,True,4.5864,85.4136,85.4136,,,,1.3,13.0,10.0,10.54,0.6622,14,7.1353,0.0,0.0,-0.0026,0.211,0.3166,
268,8.9333,True,4.6774,85.3226,85.3226,,,,1.0,10.0,10.0,10.37,0.6424,11,7.3062,0.0,0.0,0.0266,0.1952,0.3158,
269,8.9667,True,3.2405,86.7595,86.7595,,,,0.8182,9.0,11.0,10.24,0.6045,9,4.749,0.0,0.0,0.0284,0.2509,0.3156,
270,9.0,True,9.2989,80.7011,80.7011,,,,1.3684,13.0,9.5,9.67,0.6485,14,4.0422,0.0,0.0,-0.0525,0.1968,0.314,
271,9.0333,True,9.544,80.456,80.456,,,,1.4444,13.0,9.0,9.76,0.6324,14,2.6274,0.0,0.0,-0.0716,0.1754,0.3104,
272,9.0667,True,9.0534,80.9466,80.9466,,,,1.3684,13.0,9.5,9.85,0.6288,14,47.6561,0.0,0.0,-0.0557,0.0103,0.3097,
273,9.1,True,3.8953,86.1047,86.1047,,,,1.1,11.0,10.0,10.45,0.6416,11,30.9764,0.0,0.0,-0.0013,0.145,0.3101,
274,9.1333,True,3.8953,86.1047,86.1047,,,,1.1,11.0,10.0,10.56,0.6416,11,20.1347,0.0,0.0,0.005,0.1173,0.31,
275,9.1667,True,5.5784,84.4216,84.4216,,,,1.3333,12.0,9.0,10.45,0.6093,8,-23.4004,0.0,0.0,0.0344,0.1739,0.3079,
276,9.2,True,5.8975,84.1025,84.1025,,,,1.4444,13.0,9.0,11.23,0.6447,14,-15.2102,0.0,0.0,0.0135,0.1934,0.3086,
277,9.2333,True,6.839,83.161,83.161,,,,1.1579,11.0,9.5,9.9,0.6071,10,-9.8867,0.0,0.0,0.1192,0.2177,0.3082,
278,9.2667,True,7.8717,82.1283,82.1283,,,,1.1111,10.0,9.0,9.7,0.6107,10,-3.0753,0.0,0.0,0.1069,0.2715,0.3086,
279,9.3,True,5.9032,84.0968,84.0968,,,,1.0526,10.0,9.5,10.23,0.6418,10,-1.9395,0.0,0.0,0.0074,0.1264,0.3056,
280,9.3333,True,6.1918,83.8082,83.8082,,,,1.1111,10.0,9.0,10.42,0.6376,9,1.7699,0.0,0.0,0.0017,0.116,0.3057,
281,9.3667,True,6.0441,83.9559,83.9559,,,,0.9,9.0,10.0,10.3,0.6039,9,1.1504,0.0,0.0,0.0183,0.0963,0.3057,
282,9.4,True,3.8102,86.1898,86.1898,,,,1.4444,13.0,9.0,10.99,0.5661,8,-0.8035,0.0,0.0,0.0254,0.1159,0.3053,
283,9.4333,True,7.8214,82.1786,82.1786,,,,1.2,12.0,10.0,12.23,0.6331,13,-0.5223,0.0,0.0,0.0923,0.0138,0.3038,
284,9.4667,True,8.6483,81.3517,81.3517,,,,1.1,11.0,10.0,11.39,0.6195,12,1.2118,0.0,0.0,0.1268,0.0694,0.3037,
285,9.5,True,6.5713,83.4287,83.4287,,,,1.7778,16.0,9.0,10.79,0.6846,17,4.7719,0.0,0.0,0.1008,0.1846,0.3034,
286,9.5333,True,6.2939,83.7061,83.7061,,,,1.6667,15.0,9.0,12.04,0.6792,16,3.1017,0.0,0.0,0.0163,0.2157,0.3017,
287,9.5667,True,6.5851,83.4149,83.4149,,,,1.6667,15.0,9.0,11.85,0.673,16,2.1616,0.0,0.0,0.0979,0.2929,0.2963,
288,9.6,True,6.1641,83.8359,83.8359,,,,1.875,15.0,8.0,11.5,0.6475,14,1.2596,0.0,0.0,0.0657,0.2456,0.2958,
289,9.6333,True,8.5478,81.4522,81.4522,,,,1.4444,13.0,9.0,12.16,0.6024,13,0.8187,0.0,0.0,0.0742,0.0978,0.2961,
290,9.6667,True,6.0221,83.9779,83.9779,,,,1.4444,13.0,9.0,12.05,0.6197,14,-2.3799,0.0,0.0,0.0618,0.0373,0.2961,
291,9.7,True,7.8619,82.1381,82.1381,,,,1.5556,14.0,9.0,12.22,0.6319,14,1.5106,0.0,0.0,0.0991,0.0406,0.2932,
292,9.7333,True,7.366,82.634,82.634,,,,1.5556,14.0,9.0,12.13,0.6287,14,9.1813,0.0,0.0,0.0456,0.1175,0.2922,
293,9.7667,True,7.366,82.634,82.634,,,,1.5556,14.0,9.0,12.1,0.6287,14,5.9678,0.0,0.0,0.1051,0.123,0.2926,
294,9.8,True,9.9262,80.0738,80.0738,,,,1.5556,14.0,9.0,12.69,0.6503,15,3.8791,0.0,0.0,-0.0625,0.0327,0.2908,
295,9.8333,True,9.1168,80.8832,80.8832,,,,1.8889,17.0,9.0,12.42,0.6637,18,7.7275,0.0,0.0,-0.0392,0.0245,0.2891,
296,9.8667,True,9.5112,80.4888,80.4888,,,,2.0,18.0,9.0,12.47,0.6685,19,18.1998,0.0,0.0,-0.0204,0.0737,0.2879,
297,9.9,True,8.4483,81.5517,81.5517,,,,1.5789,15.0,9.5,12.35,0.6457,16,11.8298,0.0,0.0,-0.0742,0.1301,0.2859,
298,9.9333,True,8.4483,81.5517,81.5517,,,,1.5789,15.0,9.5,12.29,0.6457,16,7.6894,0.0,0.0,-0.0584,0.0233,0.2855,
299,9.9667,True,7.8153,82.1847,82.1847,,,,1.7778,16.0,9.0,12.29,0.6774,17,-2.0206,0.0,0.0,-0.0327,0.0677,0.2842,
300,10.0,True,10.7798,79.2202,79.2202,,,,2.3333,21.0,9.0,14.39,0.6764,20,-1.3134,0.0,0.0,-0.1264,0.1491,0.2745,
301,10.0333,True,11.0083,78.9917,78.9917,,,,1.7,17.0,10.0,14.43,0.6687,18,-0.8537,0.0,0.0,-0.1212,0.2032,0.2693,
302,10.0667,True,10.4583,79.5417,79.5417,,,,1.9,19.0,10.0,14.11,0.6938,20,20.5497,0.0,0.0,-0.112,0.1578,0.2677,
303,10.1,True,11.3154,78.6846,78.6846,,,,2.2,22.0,10.0,14.45,0.6956,23,16.7334,0.0,0.0,-0.1098,0.1502,0.2667,
304,10.1333,True,11.46,78.54,78.54,,,,2.2,22.0,10.0,14.42,0.6641,21,13.2754,0.0,0.0,-0.0946,0.1333,0.2659,
305,10.1667,True,11.4786,78.5214,78.5214,,,,2.2,22.0,10.0,14.48,0.6999,23,11.8535,0.0,0.0,-0.0298,0.1078,0.2635,
306,10.2,True,12.3794,77.6206,77.6206,,,,2.5,25.0,10.0,14.34,0.7189,26,9.2232,0.0,0.0,-0.0876,0.0832,0.2637,
307,10.2333,True,12.8699,77.1301,77.1301,,,,2.0909,23.0,11.0,14.24,0.7029,24,6.1904,0.0,0.0,-0.0828,0.1461,0.2633,
308,10.2667,True,12.6922,77.3078,77.3078,,,,2.0909,23.0,11.0,14.25,0.7005,24,13.4821,0.0,0.0,-0.093,0.1496,0.2621,
309,10.3,True,11.9019,78.0981,78.0981,,,,2.5,25.0,10.0,15.81,0.7048,25,8.7634,0.0,0.0,-0.1366,0.1825,0.2574,
310,10.3333,True,13.7396,76.2604,76.2604,,,,2.6,26.0,10.0,15.98,0.7135,27,8.9811,0.0,0.0,-0.1387,0.1967,0.2575,
311,10.3667,True,13.7396,76.2604,76.2604,,,,2.6,26.0,10.0,16.04,0.7117,27,7.7035,0.0,0.0,-0.0447,0.2182,0.2553,
312,10.4,True,14.7301,75.2699,75.2699,,,,2.2727,25.0,11.0,16.22,0.6957,26,14.1385,0.0,0.0,-0.0362,0.1787,0.2541,
313,10.4333,True,14.1843,75.8157,75.8157,,,,2.3636,26.0,11.0,15.89,0.7188,27,9.19,0.0,0.0,0.0227,0.1062,0.2523,
314,10.4667,True,13.859,76.141,76.141,,,,2.4545,27.0,11.0,15.75,0.7178,28,7.2277,0.0,0.0,-0.0266,0.0995,0.2504,
315,10.5,True,14.8597,75.1403,75.1403,,,,2.4545,27.0,11.0,16.0,0.7128,28,8.1134,0.0,0.0,-0.0563,0.1059,0.2506,
316,10.5333,True,14.738,75.262,75.262,,,,2.5455,28.0,11.0,15.98,0.7282,29,11.0043,0.0,0.0,-0.0055,0.1763,0.2503,
317,10.5667,True,14.3746,75.6254,75.6254,,,,2.6364,29.0,11.0,16.03,0.7284,30,3.4209,0.0,0.0,-0.0263,0.1997,0.245,
318,10.6,True,14.135,75.865,75.865,,,,2.5833,31.0,12.0,17.06,0.7476,32,2.2236,0.0,0.0,-0.0747,0.2254,0.2444,
319,10.6333,True,13.4726,76.5274,76.5274,,,,3.0,33.0,11.0,17.34,0.7614,34,1.4453,0.0,0.0,-0.0839,0.2743,0.244,
320,10.6667,True,13.4767,76.5233,76.5233,,,,2.75,33.0,12.0,17.34,0.757,34,-1.5764,0.0,0.0,-0.0008,0.325,0.2435,
321,10.7,True,13.1326,76.8674,76.8674,,,,3.0,33.0,11.0,17.85,0.7709,33,-7.9373,0.0,0.0,-0.0287,0.3138,0.2412,
322,10.7333,True,13.1685,76.8315,76.8315,,,,2.9091,32.0,11.0,17.85,0.7636,32,-5.2027,0.0,0.0,0.0296,0.2344,0.2406,
323,10.7667,True,13.0868,76.9132,76.9132,,,,2.7826,32.0,11.5,17.93,0.7595,32,-6.5739,0.0,0.0,0.0406,0.2272,0.2395,
324,10.8,True,13.5974,76.4026,76.4026,,,,3.0,33.0,11.0,17.35,0.7608,33,-4.273,0.0,0.0,0.0599,0.191,0.2386,
325,10.8333,True,14.2849,75.7151,75.7151,,,,3.0909,34.0,11.0,17.89,0.7704,34,-2.7775,0.0,0.0,0.0618,0.103,0.232,
326,10.8667,True,13.9532,76.0468,76.0468,,,,3.0909,34.0,11.0,17.87,0.758,34,2.6981,0.0,0.0,0.0089,0.1605,0.2321,
327,10.9,True,12.882,77.118,77.118,,,,2.9167,35.0,12.0,17.92,0.7813,36,1.7538,0.0,0.0,0.0183,0.2453,0.2321,
328,10.9333,True,12.882,77.118,77.118,,,,2.9167,35.0,12.0,17.91,0.7683,35,1.14,0.0,0.0,0.0365,0.2094,0.2313,
329,10.9667,True,12.9817,77.0183,77.0183,,,,2.8333,34.0,12.0,17.93,0.7709,35,-5.7241,0.0,0.0,0.0832,0.1824,0.2291,
330,11.0,True,13.1879,76.8121,76.8121,,,,3.0833,37.0,12.0,18.91,0.7524,38,-3.7207,0.0,0.0,0.109,0.1471,0.2295,
331,11.0333,True,13.2794,76.7206,76.7206,,,,3.0833,37.0,12.0,19.24,0.7457,36,-2.4184,0.0,0.0,0.0376,0.1741,0.2283,
332,11.0667,True,13.3245,76.6755,76.6755,,,,3.0,36.0,12.0,19.24,0.7587,37,0.5931,0.0,0.0,0.0173,0.1832,0.2273,
333,11.1,True,13.4015,76.5985,76.5985,,,,3.3636,37.0,11.0,19.55,0.725,31,1.3464,0.0,0.0,-0.0634,0.1762,0.2225,
334,11.1333,True,13.4017,76.5983,76.5983,,,,3.0833,37.0,12.0,19.75,0.7736,38,1.3487,0.0,0.0,-0.0947,0.2892,0.2218,
335,11.1667,True,13.375,76.625,76.625,,,,3.0833,37.0,12.0,19.75,0.7772,38,1.4064,0.0,0.0,-0.1528,0.2852,0.2207,
336,11.2,True,13.2455,76.7545,76.7545,,,,3.3636,37.0,11.0,19.92,0.7609,35,0.9141,0.0,0.0,-0.0341,0.2102,0.2201,
337,11.2333,True,13.7206,76.2794,76.2794,,,,3.3636,37.0,11.0,20.05,0.7662,35,0.8722,0.0,0.0,-0.0621,0.2662,0.2186,
338,11.2667,True,13.8863,76.1137,76.1137,,,,3.2727,36.0,11.0,20.12,0.754,33,0.5693,0.0,0.0,-0.0298,0.2694,0.218,
339,11.3,True,14.2621,75.7379,75.7379,,,,3.3636,37.0,11.0,20.31,0.7759,33,3.7185,0.0,0.0,-0.0378,0.286,0.2176,
340,11.3333,True,13.9372,76.0628,76.0628,,,,3.4545,38.0,11.0,20.27,0.7677,32,4.1573,0.0,0.0,-0.0352,0.2966,0.2165,
341,11.3667,True,13.7727,76.2273,76.2273,,,,3.4545,38.0,11.0,20.23,0.7533,31,2.7022,0.0,0.0,-0.0384,0.3006,0.2111,
342,11.4,True,13.7932,76.2068,76.2068,,,,3.25,39.0,12.0,20.46,0.8246,40,1.7565,0.0,0.0,-0.0046,0.3087,0.2106,
343,11.4333,True,13.7601,76.2399,76.2399,,,,3.0833,37.0,12.0,20.64,0.7898,38,0.1636,0.0,0.0,0.0156,0.2954,0.2106,
344,11.4667,True,13.3895,76.6105,76.6105,,,,3.25,39.0,12.0,20.55,0.802,40,-0.1084,0.0,0.0,0.0072,0.2776,0.2115,
345,11.5,True,13.2255,76.7745,76.7745,,,,3.3333,40.0,12.0,21.06,0.8186,41,-0.2034,0.0,0.0,-0.015,0.325,0.2086,
346,11.5333,True,13.6841,76.3159,76.3159,,,,3.25,39.0,12.0,21.01,0.8107,40,-0.9295,0.0,0.0,-0.0051,0.3202,0.2086,
347,11.5667,True,13.5648,76.4352,76.4352,,,,3.25,39.0,12.0,21.04,0.8125,40,-1.8568,0.0,0.0,-0.0144,0.3261,0.2086,
348,11.6,True,14.7667,75.2333,75.2333,,,,3.3333,40.0,12.0,21.63,0.8138,41,-1.2069,0.0,0.0,0.0757,0.2489,0.2085,
349,11.6333,True,14.024,75.976,75.976,,,,3.5,42.0,12.0,21.59,0.82,43,0.4682,0.0,0.0,0.0359,0.2171,0.2066,
350,11.6667,True,14.9295,75.0705,75.0705,,,,3.4167,41.0,12.0,21.74,0.7988,42,3.8732,0.0,0.0,0.0755,0.1782,0.2052,
351,11.7,True,14.5662,75.4338,75.4338,,,,3.3333,40.0,12.0,21.51,0.809,41,8.21,0.0,0.0,0.0268,0.1904,0.2052,
352,11.7333,True,14.2698,75.7302,75.7302,,,,3.3333,40.0,12.0,21.47,0.795,40,5.3365,0.0,0.0,0.0229,0.2581,0.2054,
353,11.7667,True,14.3257,75.6743,75.6743,,,,3.3333,40.0,12.0,21.43,0.7935,40,0.9441,0.0,0.0,0.0228,0.2586,0.2054,
354,11.8,True,14.5406,75.4594,75.4594,,,,3.5833,43.0,12.0,22.19,0.8261,44,2.8694,0.0,0.0,0.0933,0.2665,0.206,
355,11.8333,True,14.4043,75.5957,75.5957,,,,3.5833,43.0,12.0,22.37,0.8123,44,0.4341,0.0,0.0,0.0786,0.2481,0.2046,
356,11.8667,True,14.3323,75.6677,75.6677,,,,3.5833,43.0,12.0,22.39,0.8195,44,-0.4737,0.0,0.0,0.0751,0.2595,0.2045,
357,11.9,True,14.6583,75.3417,75.3417,,,,3.1538,41.0,13.0,22.32,0.8019,42,0.448,0.0,0.0,0.0692,0.2569,0.2032,
358,11.9333,True,13.9914,76.0086,76.0086,,,,3.2308,42.0,13.0,22.28,0.81,43,0.2912,0.0,0.0,0.0673,0.2273,0.2028,
359,11.9667,True,13.7509,76.2491,76.2491,,,,3.2308,42.0,13.0,22.22,0.8044,43,-0.5666,0.0,0.0,0.0673,0.2134,0.2028,
360,12.0,True,13.8443,76.1557,76.1557,,,,3.3846,44.0,13.0,22.77,0.8322,45,-3.947,0.0,0.0,0.0022,0.2665,0.2025,
361,12.0333,True,13.686,76.314,76.314,,,,3.5385,46.0,13.0,23.1,0.8157,43,-4.1111,0.0,0.0,0.0787,0.2494,0.2017,
362,12.0667,True,13.7328,76.2672,76.2672,,,,3.6154,47.0,13.0,23.18,0.8529,47,-3.6527,0.0,0.0,0.0898,0.2082,0.2001,
363,12.1,True,14.184,75.816,75.816,,,,3.6154,47.0,13.0,23.3,0.8593,48,-2.3743,0.0,0.0,0.062,0.2077,0.1996,
364,12.1333,True,14.1545,75.8455,75.8455,,,,3.6923,48.0,13.0,23.28,0.8648,49,-0.5628,0.0,0.0,0.0397,0.2233,0.1982,
365,12.1667,True,14.105,75.895,75.895,,,,3.6923,48.0,13.0,23.27,0.8679,49,2.3721,0.0,0.0,0.0394,0.2791,0.1975,
366,12.2,True,14.3924,75.6076,75.6076,,,,3.7692,49.0,13.0,24.02,0.8541,50,2.0614,0.0,0.0,0.0553,0.1722,0.1967,
367,12.2333,True,14.2568,75.7432,75.7432,,,,3.7692,49.0,13.0,24.03,0.8599,50,1.6494,0.0,0.0,0.0713,0.2078,0.1975,
368,12.2667,True,14.293,75.707,75.707,,,,3.7692,49.0,13.0,24.09,0.8513,50,1.8367,0.0,0.0,0.0543,0.1764,0.1946,
369,12.3,True,14.3937,75.6063,75.6063,,,,3.7692,49.0,13.0,24.24,0.8517,50,1.5737,0.0,0.0,0.0741,0.1872,0.1946,
370,12.3333,True,14.5485,75.4515,75.4515,,,,3.6154,47.0,13.0,24.39,0.8335,47,2.0669,0.0,0.0,0.0959,0.2149,0.1939,
371,12.3667,True,14.4336,75.5664,75.5664,,,,3.6154,47.0,13.0,24.41,0.838,48,1.357,0.0,0.0,0.0841,0.1908,0.1926,
372,12.4,True,14.1076,75.8924,75.8924,,,,3.9231,51.0,13.0,24.62,0.8777,52,0.8821,0.0,0.0,0.0838,0.2004,0.191,
373,12.4333,True,14.0616,75.9384,75.9384,,,,3.9231,51.0,13.0,24.91,0.8798,52,0.5733,0.0,0.0,0.1227,0.1374,0.191,
374,12.4667,True,13.884,76.116,76.116,,,,4.0,52.0,13.0,25.0,0.8822,53,-2.6313,0.0,0.0,0.1411,0.1448,0.1894,
375,12.5,True,13.9949,76.0051,76.0051,,,,4.0,52.0,13.0,25.1,0.8865,53,-2.1935,0.0,0.0,0.1819,0.15,0.1894,
376,12.5333,True,13.6561,76.3439,76.3439,,,,3.9231,51.0,13.0,25.19,0.8608,50,-2.1255,0.0,0.0,0.1534,0.2212,0.1885,
377,12.5667,True,13.4338,76.5662,76.5662,,,,4.0,52.0,13.0,25.27,0.8775,52,-2.5467,0.0,0.0,0.171,0.2205,0.1878,
378,12.6,True,13.4526,76.5474,76.5474,,,,4.0769,53.0,13.0,25.83,0.8917,54,-4.0483,0.0,0.0,0.1756,0.2229,0.1878,
379,12.6333,True,13.8424,76.1576,76.1576,,,,4.0769,53.0,13.0,25.85,0.8842,54,-2.6314,0.0,0.0,0.1958,0.2092,0.1871,
380,12.6667,True,13.5537,76.4463,76.4463,,,,4.0769,53.0,13.0,25.79,0.8848,54,-2.7847,0.0,0.0,0.1692,0.2193,0.1854,
381,12.7,True,13.7528,76.2472,76.2472,,,,4.0769,53.0,13.0,25.84,0.8836,53,-1.8101,0.0,0.0,0.1607,0.1962,0.1849,
382,12.7333,True,14.1231,75.8769,75.8769,,,,4.0769,53.0,13.0,25.97,0.8916,54,0.9134,0.0,0.0,0.1714,0.2047,0.1845,
383,12.7667,True,13.9862,76.0138,76.0138,,,,4.0,52.0,13.0,25.95,0.8814,53,1.5341,0.0,0.0,0.1695,0.2104,0.1845,
384,12.8,True,14.0791,75.9209,75.9209,,,,4.1538,54.0,13.0,26.13,0.8981,54,2.5079,0.0,0.0,0.1743,0.2004,0.1838,
385,12.8333,True,14.0519,75.9481,75.9481,,,,4.1538,54.0,13.0,25.84,0.8951,54,2.3195,0.0,0.0,0.1754,0.1901,0.1837,
386,12.8667,True,14.115,75.885,75.885,,,,4.2308,55.0,13.0,25.85,0.8906,53,1.7939,0.0,0.0,0.1143,0.1935,0.1843,
387,12.9,True,14.1701,75.8299,75.8299,,,,4.2308,55.0,13.0,26.04,0.8742,51,1.1661,0.0,0.0,0.1158,0.172,0.1843,
388,12.9333,True,14.1632,75.8368,75.8368,,,,4.2308,55.0,13.0,26.12,0.8672,50,1.1339,0.0,0.0,0.131,0.1616,0.184,
389,12.9667,True,14.1927,75.8073,75.8073,,,,4.2308,55.0,13.0,26.07,0.8676,50,1.2434,0.0,0.0,0.1194,0.1583,0.1831,
390,13.0,True,14.4247,75.5753,75.5753,,,,4.2308,55.0,13.0,26.56,0.8423,47,0.8814,0.0,0.0,0.1605,0.1517,0.1832,
391,13.0333,True,14.3278,75.6722,75.6722,,,,4.3077,56.0,13.0,26.74,0.8463,47,0.8099,0.0,0.0,0.151,0.1426,0.1826,
392,13.0667,True,14.2842,75.7158,75.7158,,,,3.9286,55.0,14.0,26.73,0.8963,54,1.4872,0.0,0.0,0.1323,0.1198,0.1821,
393,13.1,True,14.0447,75.9553,75.9553,,,,4.0,56.0,14.0,26.46,0.8869,54,0.9667,0.0,0.0,0.0902,0.1311,0.182,
394,13.1333,True,14.0613,75.9387,75.9387,,,,4.0,56.0,14.0,26.45,0.8904,54,0.6283,0.0,0.0,0.1163,0.1204,0.1815,
395,13.1667,True,14.0981,75.9019,75.9019,,,,3.9286,55.0,14.0,26.45,0.8833,53,-1.5456,0.0,0.0,0.1167,0.12,0.1815,
396,13.2,True,14.1996,75.8004,75.8004,,,,4.0,56.0,14.0,26.6,0.8558,49,-1.0047,0.0,0.0,0.0849,0.1472,0.1809,
397,13.2333,True,14.6494,75.3506,75.3506,,,,3.2308,42.0,13.0,27.01,0.8147,43,-0.653,0.0,0.0,0.0971,0.1209,0.1811,
398,13.2667,True,14.8537,75.1463,75.1463,,,,4.0,56.0,14.0,27.23,0.8417,48,0.6414,0.0,0.0,0.1005,0.1755,0.1803,
399,13.3,True,14.7248,75.2752,75.2752,,,,4.3846,57.0,13.0,26.92,0.8217,45,5.1395,0.0,0.0,0.1555,0.2018,0.1789,
400,13.3333,True,13.9314,76.0686,76.0686,,,,4.6154,60.0,13.0,26.96,0.8263,48,3.3407,0.0,0.0,0.126,0.2098,0.1788,
401,13.3667,True,14.4994,75.5006,75.5006,,,,4.2143,59.0,14.0,26.95,0.8463,48,2.1714,0.0,0.0,0.1251,0.1717,0.1783,
402,13.4,True,13.8963,76.1037,76.1037,,,,4.3571,61.0,14.0,26.85,0.8453,49,-0.1639,0.0,0.0,0.1124,0.1372,0.1783,
403,13.4333,True,13.8583,76.1417,76.1417,,,,4.3571,61.0,14.0,27.27,0.8498,50,-6.0702,0.0,0.0,0.1302,0.0981,0.1775,
404,13.4667,True,13.8164,76.1836,76.1836,,,,4.3571,61.0,14.0,27.27,0.8446,49,-4.3139,0.0,0.0,0.1514,0.0899,0.1775,
405,13.5,True,13.6907,76.3093,76.3093,,,,4.4286,62.0,14.0,27.91,0.8434,50,-3.2032,0.0,0.0,0.1663,0.1876,0.1768,
406,13.5333,True,13.7648,76.2352,76.2352,,,,4.3571,61.0,14.0,27.93,0.8434,49,-2.5221,0.0,0.0,0.1256,0.1763,0.1754,
407,13.5667,True,13.8258,76.1742,76.1742,,,,4.3571,61.0,14.0,27.89,0.8502,49,-1.6394,0.0,0.0,0.1294,0.1805,0.1753,
408,13.6,True,13.4525,76.5475,76.5475,,,,4.4286,62.0,14.0,28.59,0.8218,45,-1.6075,0.0,0.0,0.1088,0.2281,0.1728,
409,13.6333,True,13.4831,76.5169,76.5169,,,,4.4286,62.0,14.0,28.29,0.8197,46,-1.8227,0.0,0.0,0.0213,0.2617,0.1724,
410,13.6667,True,13.5193,76.4807,76.4807,,,,4.4286,62.0,14.0,28.39,0.8181,46,-2.9849,0.0,0.0,0.0242,0.3028,0.1715,
411,13.7,True,13.739,76.261,76.261,,,,4.1333,62.0,15.0,30.16,0.8358,47,-1.9402,0.0,0.0,0.0559,0.2691,0.1711,
412,13.7333,True,13.6739,76.3261,76.3261,,,,4.1333,62.0,15.0,30.21,0.8313,47,-1.2611,0.0,0.0,-0.003,0.2896,0.1651,
413,13.7667,True,13.6429,76.3571,76.3571,,,,4.1333,62.0,15.0,30.09,0.8428,48,0.478,0.0,0.0,-0.0191,0.1966,0.164,
414,13.8,True,13.9449,76.0551,76.0551,,,,4.5,63.0,14.0,30.24,0.811,43,0.6365,0.0,0.0,-0.0281,0.2174,0.1627,
415,13.8333,True,13.5871,76.4129,76.4129,,,,4.5,63.0,14.0,30.01,0.7873,40,0.4137,0.0,0.0,-0.041,0.1958,0.1613,
416,13.8667,True,13.6831,76.3169,76.3169,,,,4.5,63.0,14.0,30.17,0.8047,42,0.2689,0.0,0.0,-0.0156,0.1938,0.1602,
417,13.9,True,14.1928,75.8072,75.8072,,,,4.2667,64.0,15.0,31.43,0.86,49,0.271,0.0,0.0,-0.0652,0.1781,0.1597,
418,13.9333,True,14.1437,75.8563,75.8563,,,,4.3333,65.0,15.0,31.44,0.8661,50,2.9256,0.0,0.0,-0.0695,0.162,0.1591,
419,13.9667,True,14.1522,75.8478,75.8478,,,,4.3333,65.0,15.0,31.43,0.8643,50,3.9885,0.0,0.0,-0.0727,0.1846,0.157,
420,14.0,True,14.166,75.834,75.834,,,,4.6429,65.0,14.0,31.85,0.8183,44,2.6827,0.0,0.0,-0.0785,0.1964,0.1535,
421,14.0333,True,13.6872,76.3128,76.3128,,,,4.6429,65.0,14.0,32.14,0.8116,42,1.7438,0.0,0.0,-0.0134,0.1707,0.1525,
422,14.0667,True,14.3924,75.6076,75.6076,,,,4.2667,64.0,15.0,32.11,0.849,48,1.1335,0.0,0.0,-0.0195,0.1555,0.1517,
423,14.1,True,13.3079,76.6921,76.6921,,,,4.7857,67.0,14.0,32.4,0.8118,43,0.7367,0.0,0.0,-0.0127,0.1694,0.1512,
424,14.1333,True,13.1064,76.8936,76.8936,,,,4.7857,67.0,14.0,32.39,0.7968,41,-4.4043,0.0,0.0,0.001,0.1751,0.1502,
425,14.1667,True,13.3514,76.6486,76.6486,,,,4.7857,67.0,14.0,32.47,0.8221,45,-6.3888,0.0,0.0,-0.0206,0.219,0.1498,
426,14.2,True,14.3254,75.6746,75.6746,,,,2.9286,41.0,14.0,32.41,0.8054,42,-4.1527,0.0,0.0,-0.0554,0.1907,0.1513,
427,14.2333,True,14.0623,75.9377,75.9377,,,,2.9286,41.0,14.0,31.62,0.7898,41,-2.6993,0.0,0.0,-0.0562,0.1777,0.1513,
428,14.2667,True,13.9648,76.0352,76.0352,,,,2.9286,41.0,14.0,31.63,0.7899,41,4.6863,0.0,0.0,-0.043,0.1965,0.1492,
429,14.3,True,14.3404,75.6596,75.6596,,,,2.8667,43.0,15.0,31.89,0.82,43,4.0699,0.0,0.0,-0.0513,0.1939,0.1493,
430,14.3333,True,14.2792,75.7208,75.7208,,,,2.8667,43.0,15.0,31.83,0.8257,44,4.923,0.0,0.0,-0.0544,0.1817,0.1489,
431,14.3667,True,14.2678,75.7322,75.7322,,,,2.8667,43.0,15.0,31.88,0.8249,44,3.0805,0.0,0.0,-0.0385,0.2104,0.1488,
432,14.4,True,13.7938,76.2062,76.2062,,,,4.7333,71.0,15.0,32.22,0.8386,48,2.0023,0.0,0.0,-0.0573,0.2042,0.1489,
433,14.4333,True,14.0947,75.9053,75.9053,,,,4.8,72.0,15.0,32.83,0.8588,51,1.3015,0.0,0.0,-0.0347,0.2168,0.1478,
434,14.4667,True,13.9533,76.0467,76.0467,,,,4.8,72.0,15.0,32.8,0.8542,50,-0.9714,0.0,0.0,-0.0288,0.149,0.1469,
435,14.5,True,14.2245,75.7755,75.7755,,,,3.2667,49.0,15.0,34.82,0.8443,50,-0.6314,0.0,0.0,-0.0288,0.1864,0.1464,
436,14.5333,True,14.0144,75.9856,75.9856,,,,3.2667,49.0,15.0,33.82,0.8385,49,-1.2537,0.0,0.0,-0.0403,0.2152,0.1457,
437,14.5667,True,14.1352,75.8648,75.8648,,,,3.2,48.0,15.0,34.57,0.8422,49,0.0284,0.0,0.0,-0.0845,0.246,0.1457,
438,14.6,True,14.975,75.025,75.025,,,,2.7333,41.0,15.0,34.01,0.7747,41,0.4438,0.0,0.0,-0.0633,0.1514,0.1454,
439,14.6333,True,14.5265,75.4735,75.4735,,,,4.5333,68.0,15.0,34.21,0.7927,43,1.2253,0.0,0.0,-0.1061,0.1811,0.1448,
440,14.6667,True,14.0419,75.9581,75.9581,,,,4.9333,74.0,15.0,34.96,0.8333,48,-0.1404,0.0,0.0,-0.1361,0.2431,0.1443,
441,14.7,True,15.3966,74.6034,74.6034,,,,2.7333,41.0,15.0,35.74,0.7901,42,4.0173,0.0,0.0,-0.1564,0.2071,0.1455,
442,14.7333,True,15.3879,74.6121,74.6121,,,,2.8,42.0,15.0,35.68,0.7962,43,7.3199,0.0,0.0,-0.1493,0.1851,0.1474,
443,14.7667,True,15.0994,74.9006,74.9006,,,,2.8,42.0,15.0,35.74,0.785,42,6.0638,0.0,0.0,-0.1253,0.1808,0.1467,
444,14.8,True,14.0262,75.9738,75.9738,,,,3.2667,49.0,15.0,35.96,0.8337,49,3.9415,0.0,0.0,-0.1334,0.1562,0.1468,
445,14.8333,True,13.7699,76.2301,76.2301,,,,5.0667,76.0,15.0,35.84,0.8364,50,2.562,0.0,0.0,-0.1706,0.1829,0.1458,
446,14.8667,True,13.0893,76.9107,76.9107,,,,3.2667,49.0,15.0,35.84,0.825,48,-9.603,0.0,0.0,-0.1546,0.181,0.1452,
447,14.9,True,14.3072,75.6928,75.6928,,,,4.6667,70.0,15.0,35.69,0.7824,41,-6.242,0.0,0.0,-0.1463,0.1862,0.1413,
448,14.9333,True,14.2898,75.7102,75.7102,,,,4.6667,70.0,15.0,35.75,0.7835,41,-4.0573,0.0,0.0,-0.1579,0.1967,0.1417,
449,14.9667,True,14.2898,75.7102,75.7102,,,,4.6667,70.0,15.0,35.75,0.7835,41,0.1308,0.0,0.0,-0.1621,0.149,0.1413,
450,15.0,True,14.1225,75.8775,75.8775,,,,4.625,74.0,16.0,35.66,0.8608,55,0.085,0.0,0.0,-0.1653,0.2135,0.1342,
451,15.0333,True,13.5922,76.4078,76.4078,,,,5.0,80.0,16.0,35.56,0.9087,62,0.0553,0.0,0.0,-0.1303,0.1934,0.1337,
452,15.0667,True,13.5056,76.4944,76.4944,,,,5.0,80.0,16.0,35.55,0.9043,61,-1.7205,0.0,0.0,-0.1374,0.2636,0.1331,
453,15.1,True,13.1395,76.8605,76.8605,,,,5.0625,81.0,16.0,35.62,0.898,65,-6.6864,0.0,0.0,-0.0897,0.3264,0.1335,
454,15.1333,True,12.9831,77.0169,77.0169,,,,5.0625,81.0,16.0,35.68,0.8892,64,-5.2556,0.0,0.0,-0.0641,0.3798,0.1329,
455,15.1667,True,13.0142,76.9858,76.9858,,,,5.0625,81.0,16.0,35.69,0.8857,65,-7.2607,0.0,0.0,-0.0435,0.3155,0.1328,
456,15.2,True,13.4084,76.5916,76.5916,,,,5.1613,80.0,15.5,36.3,0.8919,62,-4.7195,0.0,0.0,-0.1085,0.3316,0.1328,
457,15.2333,True,13.0998,76.9002,76.9002,,,,5.0625,81.0,16.0,36.09,0.8945,62,-3.4845,0.0,0.0,-0.112,0.2832,0.1322,
458,15.2667,True,12.2238,77.7762,77.7762,,,,3.4667,52.0,15.0,36.08,0.8222,49,-3.1632,0.0,0.0,-0.0917,0.2697,0.1321,
459,15.3,True,13.136,76.864,76.864,,,,5.5333,83.0,15.0,34.6,0.8935,58,-1.1578,0.0,0.0,-0.1207,0.2795,0.1339,
460,15.3333,True,13.0979,76.9021,76.9021,,,,5.5333,83.0,15.0,34.59,0.8937,58,-0.7526,0.0,0.0,-0.1089,0.2289,0.1312,
461,15.3667,True,13.1743,76.8257,76.8257,,,,5.4667,82.0,15.0,34.64,0.8948,58,-0.4892,0.0,0.0,-0.0434,0.2408,0.1292,
462,15.4,True,12.6253,77.3747,77.3747,,,,5.25,84.0,16.0,36.06,0.9037,64,-0.3372,0.0,0.0,-0.0061,0.1845,0.1273,
463,15.4333,True,12.7757,77.2243,77.2243,,,,5.0588,86.0,17.0,35.72,0.9097,86,-0.2191,0.0,0.0,0.0011,0.2458,0.1259,
464,15.4667,True,12.5793,77.4207,77.4207,,,,5.375,86.0,16.0,35.72,0.8994,69,-3.5255,0.0,0.0,0.0002,0.1699,0.1256,
465,15.5,True,12.5758,77.4242,77.4242,,,,5.375,86.0,16.0,36.16,0.9099,68,-3.8711,0.0,0.0,-0.0102,0.246,0.1256,
466,15.5333,True,12.5683,77.4317,77.4317,,,,5.3125,85.0,16.0,35.82,0.9063,64,-2.999,0.0,0.0,0.0247,0.1881,0.1235,
467,15.5667,True,12.3568,77.6432,77.6432,,,,5.3125,85.0,16.0,35.81,0.9029,63,-1.987,0.0,0.0,0.0363,0.1511,0.1235,
468,15.6,True,12.2776,77.7224,77.7224,,,,5.375,86.0,16.0,36.13,0.9059,63,-1.3697,0.0,0.0,-0.0177,0.2264,0.123,
469,15.6333,True,12.7184,77.2816,77.2816,,,,4.5294,77.0,17.0,36.35,0.9001,77,-0.8903,0.0,0.0,-0.077,0.1987,0.1253,
470,15.6667,True,12.4757,77.5243,77.5243,,,,5.1176,87.0,17.0,36.35,0.9127,86,-1.5507,0.0,0.0,-0.0571,0.2273,0.1257,
471,15.7,True,12.3883,77.6117,77.6117,,,,5.1765,88.0,17.0,36.29,0.9159,88,-1.9265,0.0,0.0,-0.0648,0.235,0.1251,
472,15.7333,True,12.3661,77.6339,77.6339,,,,5.1176,87.0,17.0,36.32,0.9176,87,-1.2522,0.0,0.0,-0.0654,0.2443,0.1248,
473,15.7667,True,12.5567,77.4433,77.4433,,,,5.1176,87.0,17.0,36.35,0.9077,84,0.1046,0.0,0.0,-0.072,0.2035,0.1268,
474,15.8,True,12.338,77.662,77.662,,,,5.2941,90.0,17.0,36.82,0.9098,88,-0.8506,0.0,0.0,-0.116,0.1501,0.1291,
475,15.8333,True,12.3977,77.6023,77.6023,,,,5.2941,90.0,17.0,36.9,0.9155,91,-0.5529,0.0,0.0,-0.1243,0.1045,0.1286,
476,15.8667,True,12.2448,77.7552,77.7552,,,,5.625,90.0,16.0,37.0,0.9051,66,-0.592,0.0,0.0,-0.1132,0.1002,0.1286,
477,15.9,True,11.9241,78.0759,78.0759,,,,5.6875,91.0,16.0,36.74,0.9106,65,-0.68,0.0,0.0,-0.115,0.0994,0.1286,
478,15.9333,True,12.2659,77.7341,77.7341,,,,5.2941,90.0,17.0,36.75,0.9092,89,-1.1989,0.0,0.0,-0.1187,0.1415,0.1277,
479,15.9667,True,12.115,77.885,77.885,,,,5.3529,91.0,17.0,36.78,0.9096,91,-1.0004,0.0,0.0,-0.1236,0.145,0.1277,
480,16.0,True,12.2734,77.7266,77.7266,,,,4.8235,82.0,17.0,36.89,0.9051,83,-0.6502,0.0,0.0,-0.1321,0.149,0.1277,
481,16.0333,True,10.9893,79.0107,79.0107,,,,3.875,62.0,16.0,36.91,0.908,60,-1.786,0.0,0.0,-0.1395,0.1638,0.1272,
482,16.0667,True,12.4178,77.5822,77.5822,,,,4.7059,80.0,17.0,36.93,0.9,79,0.4235,0.0,0.0,-0.1034,0.1484,0.1276,
483,16.1,True,11.0038,78.9962,78.9962,,,,5.875,94.0,16.0,36.83,0.908,61,-1.3091,0.0,0.0,-0.1046,0.1464,0.1269,
484,16.1333,True,11.0395,78.9605,78.9605,,,,5.875,94.0,16.0,36.71,0.8915,58,-12.1442,0.0,0.0,-0.1074,0.15,0.1269,
485,16.1667,True,12.1958,77.8042,77.8042,,,,4.7647,81.0,17.0,36.8,0.9036,75,-7.8937,0.0,0.0,-0.1387,0.1597,0.1266,
486,16.2,True,10.5007,79.4993,79.4993,,,,3.6875,59.0,16.0,36.94,0.8767,56,-5.1309,0.0,0.0,-0.1767,0.1815,0.1239,
487,16.2333,True,10.7454,79.2546,79.2546,,,,3.75,60.0,16.0,37.03,0.8927,56,-3.7096,0.0,0.0,-0.1925,0.2146,0.1237,
488,16.2667,True,11.8108,78.1892,78.1892,,,,5.5882,95.0,17.0,37.12,0.9023,79,-2.0367,0.0,0.0,-0.1864,0.2105,0.1233,
489,16.3,True,11.8587,78.1413,78.1413,,,,5.0909,84.0,16.5,37.47,0.8929,80,6.7758,0.0,0.0,-0.1917,0.1542,0.1255,
490,16.3333,True,11.8557,78.1443,78.1443,,,,5.1875,83.0,16.0,37.34,0.8868,75,4.4043,0.0,0.0,-0.1762,0.2179,0.1202,
491,16.3667,True,11.9571,78.0429,78.0429,,,,5.125,82.0,16.0,37.51,0.8797,73,3.3341,0.0,0.0,-0.1625,0.1794,0.1203,
492,16.4,True,11.4363,78.5637,78.5637,,,,4.8824,83.0,17.0,37.17,0.8971,73,2.1672,0.0,0.0,-0.1239,0.1587,0.12,
493,16.4333,True,11.4886,78.5114,78.5114,,,,5.0588,86.0,17.0,37.7,0.9022,73,1.4087,0.0,0.0,-0.093,0.1673,0.1189,
494,16.4667,True,11.1982,78.8018,78.8018,,,,5.6471,96.0,17.0,37.89,0.9034,80,-2.939,0.0,0.0,-0.0574,0.2117,0.1194,
495,16.5,True,11.3242,78.6758,78.6758,,,,4.8333,87.0,18.0,38.4,0.9094,86,-2.4598,0.0,0.0,-0.0702,0.2246,0.1198,
496,16.5333,True,11.147,78.853,78.853,,,,5.4444,98.0,18.0,38.68,0.913,96,-2.7759,0.0,0.0,-0.0663,0.2665,0.1178,
497,16.5667,True,11.1733,78.8267,78.8267,,,,5.7647,98.0,17.0,38.67,0.9001,78,-3.1279,0.0,0.0,-0.0267,0.2446,0.1203,
498,16.6,True,10.764,79.236,79.236,,,,5.8824,100.0,17.0,38.07,0.9163,83,-2.2939,0.0,0.0,-0.1456,0.2455,0.1216,
499,16.6333,True,10.7524,79.2476,79.2476,,,,5.8235,99.0,17.0,38.13,0.9066,78,-1.7673,0.0,0.0,-0.1232,0.2454,0.1241,
500,16.6667,True,10.692,79.308,79.308,,,,5.8824,100.0,17.0,38.17,0.9092,78,-5.1705,0.0,0.0,-0.1315,0.1968,0.1237,
501,16.7,True,10.1275,79.8725,79.8725,,,,5.9412,101.0,17.0,37.75,0.9034,73,-3.4822,0.0,0.0,-0.1322,0.1792,0.1246,
502,16.7333,True,10.1251,79.8749,79.8749,,,,6.1212,101.0,16.5,37.85,0.9013,74,-2.8975,0.0,0.0,-0.1379,0.183,0.1246,
503,16.7667,True,10.1667,79.8333,79.8333,,,,5.9412,101.0,17.0,37.91,0.8982,77,-7.3994,0.0,0.0,-0.1148,0.1845,0.1242,
504,16.8,True,9.9168,80.0832,80.0832,,,,6.0588,103.0,17.0,37.59,0.9115,86,-5.2208,0.0,0.0,-0.1477,0.2149,0.1243,
505,16.8333,True,9.9064,80.0936,80.0936,,,,6.0588,103.0,17.0,37.54,0.9151,85,-3.4193,0.0,0.0,-0.1411,0.2189,0.1249,
506,16.8667,True,9.915,80.085,80.085,,,,6.0588,103.0,17.0,37.56,0.9152,85,-4.4095,0.0,0.0,-0.129,0.2115,0.1247,
507,16.9,True,10.0811,79.9189,79.9189,,,,6.0588,103.0,17.0,37.17,0.9088,73,-2.8661,0.0,0.0,-0.0701,0.2088,0.1247,
508,16.9333,True,9.7922,80.2078,80.2078,,,,6.0588,103.0,17.0,37.08,0.9125,88,-1.8823,0.0,0.0,-0.0617,0.2214,0.1256,
509,16.9667,True,9.769,80.231,80.231,,,,6.0588,103.0,17.0,37.25,0.9107,88,-1.313,0.0,0.0,-0.0222,0.2513,0.1224,
510,17.0,True,9.8075,80.1925,80.1925,,,,6.1765,105.0,17.0,37.27,0.9042,82,-1.8923,0.0,0.0,-0.0446,0.2395,0.1226,
511,17.0333,True,9.756,80.244,80.244,,,,6.2353,106.0,17.0,37.8,0.9,75,-1.3907,0.0,0.0,-0.0752,0.1795,0.1225,
512,17.0667,True,9.7209,80.2791,80.2791,,,,6.1765,105.0,17.0,37.76,0.9122,86,-1.1474,0.0,0.0,-0.1154,0.1724,0.1253,
513,17.1,True,9.5629,80.4371,80.4371,,,,6.4242,106.0,16.5,37.32,0.8956,80,-0.8827,0.0,0.0,-0.1398,0.1905,0.1252,
514,17.1333,True,9.7722,80.2278,80.2278,,,,6.625,106.0,16.0,37.38,0.8938,74,-0.5738,0.0,0.0,-0.1235,0.1853,0.1249,
515,17.1667,True,9.8314,80.1686,80.1686,,,,6.625,106.0,16.0,37.36,0.8921,68,-0.373,0.0,0.0,-0.1123,0.1895,0.1246,
516,17.2,True,9.2517,80.7483,80.7483,,,,6.75,108.0,16.0,37.52,0.894,75,-0.6102,0.0,0.0,-0.1407,0.1714,0.1245,
517,17.2333,True,9.2393,80.7607,80.7607,,,,6.75,108.0,16.0,37.63,0.8908,77,-2.056,0.0,0.0,-0.1649,0.2243,0.125,
518,17.2667,True,9.3288,80.6712,80.6712,,,,6.75,108.0,16.0,37.69,0.8882,77,-3.7948,0.0,0.0,-0.1655,0.2097,0.1276,
519,17.3,True,9.1396,80.8604,80.8604,,,,6.3529,108.0,17.0,38.16,0.9027,72,-3.2763,0.0,0.0,-0.1852,0.1903,0.1269,
520,17.3333,True,9.1851,80.8149,80.8149,,,,6.3529,108.0,17.0,38.07,0.9044,71,-2.2593,0.0,0.0,-0.1882,0.1882,0.1269,
521,17.3667,True,9.1597,80.8403,80.8403,,,,6.3529,108.0,17.0,38.1,0.9038,72,-2.0378,0.0,0.0,-0.1608,0.2055,0.1297,
522,17.4,True,8.523,81.477,81.477,,,,6.5294,111.0,17.0,37.56,0.8996,75,-1.5908,0.0,0.0,-0.1157,0.2274,0.1292,
523,17.4333,True,8.7296,81.2704,81.2704,,,,6.5882,112.0,17.0,37.84,0.91,70,-1.2451,0.0,0.0,-0.1064,0.2127,0.129,
524,17.4667,True,8.8071,81.1929,81.1929,,,,6.5882,112.0,17.0,37.76,0.9114,72,-4.3008,0.0,0.0,-0.1041,0.221,0.1287,
525,17.5,True,8.6621,81.3379,81.3379,,,,6.5882,112.0,17.0,38.03,0.9073,70,-3.6091,0.0,0.0,-0.0769,0.1577,0.1283,
526,17.5333,True,8.5452,81.4548,81.4548,,,,6.5882,112.0,17.0,38.18,0.9258,74,-3.0548,0.0,0.0,-0.0698,0.1645,0.131,
527,17.5667,True,8.5049,81.4951,81.4951,,,,6.5882,112.0,17.0,38.16,0.9293,75,-1.9856,0.0,0.0,-0.0679,0.154,0.1309,
528,17.6,True,8.0941,81.9059,81.9059,,,,6.5882,112.0,17.0,37.4,0.9031,80,-2.5184,0.0,0.0,-0.0394,0.1639,0.1309,
529,17.6333,True,8.1427,81.8573,81.8573,,,,6.5882,112.0,17.0,37.65,0.9055,71,-2.0602,0.0,0.0,-0.0561,0.0933,0.1316,
530,17.6667,True,7.9308,82.0692,82.0692,,,,6.5882,112.0,17.0,37.68,0.9057,72,-5.1424,0.0,0.0,-0.069,0.1255,0.1314,
531,17.7,True,7.8637,82.1363,82.1363,,,,6.2222,112.0,18.0,37.46,0.9129,82,-3.8524,0.0,0.0,-0.0999,0.1424,0.1313,
532,17.7333,True,8.0084,81.9916,81.9916,,,,6.2222,112.0,18.0,37.12,0.9109,80,-3.4037,0.0,0.0,-0.1038,0.108,0.131,
533,17.7667,True,8.1044,81.8956,81.8956,,,,6.1111,110.0,18.0,37.14,0.8996,73,-2.2124,0.0,0.0,-0.0737,0.1059,0.132,
534,17.8,True,7.344,82.656,82.656,,,,6.7059,114.0,17.0,36.44,0.9055,79,-2.253,0.0,0.0,-0.1084,0.1406,0.1318,
535,17.8333,True,7.4243,82.5757,82.5757,,,,6.7059,114.0,17.0,36.36,0.9011,72,-2.1696,0.0,0.0,-0.0522,0.1617,0.1322,
536,17.8667,True,7.6411,82.3589,82.3589,,,,6.7059,114.0,17.0,36.26,0.899,73,-3.7473,0.0,0.0,-0.0409,0.1629,0.1322,
537,17.9,True,7.0298,82.9702,82.9702,,,,4.7059,80.0,17.0,35.84,0.9189,75,-4.7114,0.0,0.0,-0.0641,0.1416,0.1331,
538,17.9333,True,7.5203,82.4797,82.4797,,,,3.7647,64.0,17.0,35.81,0.8947,62,-3.0624,0.0,0.0,-0.0671,0.1289,0.1338,
539,17.9667,True,6.9828,83.0172,83.0172,,,,4.7647,81.0,17.0,36.0,0.9166,77,-1.9906,0.0,0.0,-0.0715,0.0693,0.128,
540,18.0,True,7.2278,82.7722,82.7722,,,,5.8824,100.0,17.0,36.03,0.8875,68,-3.3574,0.0,0.0,-0.0869,0.1109,0.1272,
541,18.0333,True,6.5943,83.4057,83.4057,,,,4.7059,80.0,17.0,35.98,0.8991,63,-4.2616,0.0,0.0,-0.054,0.0957,0.1265,
542,18.0667,True,6.6347,83.3653,83.3653,,,,4.7059,80.0,17.0,35.89,0.9116,69,-3.2636,0.0,0.0,-0.1428,0.0829,0.1298,
543,18.1,True,5.6567,84.3433,84.3433,,,,4.5882,78.0,17.0,35.51,0.9136,75,-5.7765,0.0,0.0,-0.1269,0.0788,0.1254,
544,18.1333,True,5.7371,84.2629,84.2629,,,,4.5882,78.0,17.0,35.45,0.9256,74,-4.1787,0.0,0.0,-0.0568,0.0487,0.1261,
545,18.1667,True,5.6695,84.3305,84.3305,,,,4.6471,79.0,17.0,35.41,0.9233,76,-11.7164,0.0,0.0,-0.0633,0.0498,0.1259,
546,18.2,True,5.6988,84.3012,84.3012,,,,6.3333,114.0,18.0,35.48,0.9116,105,-8.0182,0.0,0.0,-0.0709,0.1064,0.1255,
547,18.2333,True,5.7052,84.2948,84.2948,,,,7.0588,120.0,17.0,35.62,0.9122,87,-5.2118,0.0,0.0,-0.0781,0.0447,0.1211,
548,18.2667,True,5.709,84.291,84.291,,,,7.0588,120.0,17.0,35.58,0.9114,87,-3.3208,0.0,0.0,-0.098,0.0563,0.124,
549,18.3,True,4.8616,85.1384,85.1384,,,,4.6111,83.0,18.0,35.59,0.9327,78,-2.2254,0.0,0.0,-0.0792,0.0926,0.1235,
550,18.3333,True,4.9152,85.0848,85.0848,,,,4.6111,83.0,18.0,35.73,0.9219,78,-1.4465,0.0,0.0,-0.1134,0.0415,0.1277,
551,18.3667,True,5.2982,84.7018,84.7018,,,,6.6667,120.0,18.0,36.15,0.9118,84,-5.1463,0.0,0.0,-0.1228,0.0826,0.126,
552,18.4,True,4.8313,85.1687,85.1687,,,,4.5556,82.0,18.0,36.47,0.9103,77,-7.3669,0.0,0.0,-0.14,0.0593,0.1258,
553,18.4333,True,4.9989,85.0011,85.0011,,,,5.1176,87.0,17.0,36.39,0.9194,73,-4.7885,0.0,0.0,-0.1409,0.0894,0.1288,
554,18.4667,True,5.0832,84.9168,84.9168,,,,5.0588,86.0,17.0,36.3,0.9187,71,-2.2335,0.0,0.0,-0.1634,0.1537,0.1319,
555,18.5,True,4.6476,85.3524,85.3524,,,,4.4444,80.0,18.0,36.41,0.9134,64,-1.4518,0.0,0.0,-0.1007,0.1994,0.1321,
556,18.5333,True,5.2584,84.7416,84.7416,,,,6.8333,123.0,18.0,36.33,0.9282,72,-0.9437,0.0,0.0,-0.1449,0.1715,0.1349,
557,18.5667,True,5.1834,84.8166,84.8166,,,,6.8333,123.0,18.0,36.33,0.9277,73,0.2714,0.0,0.0,-0.1171,0.1378,0.135,
558,18.6,True,5.1074,84.8926,84.8926,,,,6.6316,126.0,19.0,36.67,0.9195,93,0.4306,0.0,0.0,-0.1322,0.1437,0.135,
559,18.6333,True,5.2343,84.7657,84.7657,,,,7.0,126.0,18.0,36.28,0.9093,86,1.0778,0.0,0.0,-0.1119,0.1129,0.1392,
560,18.6667,True,5.2406,84.7594,84.7594,,,,7.0,126.0,18.0,36.33,0.9116,86,1.2349,0.0,0.0,-0.1078,0.1073,0.1394,
561,18.7,True,5.0091,84.9909,84.9909,,,,7.4706,127.0,17.0,35.81,0.9113,63,0.2684,0.0,0.0,-0.0773,0.1294,0.1401,
562,18.7333,True,5.0118,84.9882,84.9882,,,,7.5294,128.0,17.0,35.76,0.9161,69,-0.6235,0.0,0.0,-0.083,0.1506,0.1402,
563,18.7667,True,5.062,84.938,84.938,,,,7.5294,128.0,17.0,35.81,0.9074,66,-0.8813,0.0,0.0,-0.1186,0.1511,0.1366,
564,18.8,True,4.3384,85.6616,85.6616,,,,7.1667,129.0,18.0,35.03,0.8941,78,-1.1003,0.0,0.0,-0.0883,0.1545,0.1364,
565,18.8333,True,5.1978,84.8022,84.8022,,,,6.5294,111.0,17.0,34.31,0.8954,62,-0.7152,0.0,0.0,-0.0991,0.1517,0.1395,
566,18.8667,True,4.9475,85.0525,85.0525,,,,6.5294,111.0,17.0,34.17,0.8842,64,-0.4649,0.0,0.0,-0.1064,0.1514,0.1406,
567,18.9,True,5.4275,84.5725,84.5725,,,,3.7647,64.0,17.0,34.71,0.8966,62,0.2253,0.0,0.0,-0.0402,0.14,0.1388,
568,18.9333,True,4.644,85.356,85.356,,,,3.9412,67.0,17.0,34.78,0.8853,64,-1.0561,0.0,0.0,-0.0681,0.1016,0.1398,
569,18.9667,True,4.097,85.903,85.903,,,,5.0,85.0,17.0,34.69,0.8922,77,-0.6865,0.0,0.0,-0.0701,0.0904,0.1398,
570,19.0,True,5.3599,84.6401,84.6401,,,,3.8235,65.0,17.0,35.89,0.898,66,-0.4462,0.0,0.0,-0.1003,0.1061,0.1409,
571,19.0333,True,4.9955,85.0045,85.0045,,,,3.8235,65.0,17.0,36.31,0.8555,55,0.2136,0.0,0.0,-0.0722,0.1261,0.141,
572,19.0667,True,3.5923,86.4077,86.4077,,,,5.0588,86.0,17.0,36.34,0.8809,73,-3.5519,0.0,0.0,-0.0596,0.1497,0.144,
573,19.1,True,3.9663,86.0337,86.0337,,,,4.1176,70.0,17.0,36.48,0.9027,65,-8.0518,0.0,0.0,-0.1268,0.159,0.1465,
574,19.1333,True,3.6865,86.3135,86.3135,,,,5.1765,88.0,17.0,36.45,0.9063,68,-6.6059,0.0,0.0,-0.1301,0.1597,0.1496,
575,19.1667,True,3.649,86.351,86.351,,,,5.2941,90.0,17.0,36.64,0.8987,69,-7.2318,0.0,0.0,-0.1859,0.1743,0.1511,
576,19.2,True,3.4334,86.5666,86.5666,,,,4.2941,73.0,17.0,36.12,0.864,56,-5.0943,0.0,0.0,-0.1173,0.1646,0.151,
577,19.2333,True,3.3641,86.6359,86.6359,,,,5.2941,90.0,17.0,35.58,0.9171,75,-3.3113,0.0,0.0,-0.0949,0.1761,0.152,
578,19.2667,True,3.2112,86.7888,86.7888,,,,5.1667,93.0,18.0,35.68,0.8979,64,-4.4162,0.0,0.0,-0.1081,0.1526,0.1519,
579,19.3,True,3.5137,86.4863,86.4863,,,,4.2353,72.0,17.0,35.56,0.9062,72,-2.8705,0.0,0.0,-0.0818,0.1788,0.1498,
580,19.3333,True,3.5125,86.4875,86.4875,,,,4.2353,72.0,17.0,35.29,0.9031,73,-1.8658,0.0,0.0,-0.0693,0.1702,0.1529,
581,19.3667,True,3.0361,86.9639,86.9639,,,,5.4706,93.0,17.0,34.86,0.9009,79,-1.9412,0.0,0.0,-0.0621,0.1581,0.1539,
582,19.4,True,3.2781,86.7219,86.7219,,,,4.1176,70.0,17.0,34.28,0.9002,71,-2.1639,0.0,0.0,-0.0137,0.127,0.151,
583,19.4333,True,2.8378,87.1622,87.1622,,,,6.5,117.0,18.0,34.25,0.909,75,-1.4066,0.0,0.0,-0.0346,0.1727,0.1509,
584,19.4667,True,2.9609,87.0391,87.0391,,,,6.5,117.0,18.0,34.16,0.9152,77,-3.4553,0.0,0.0,-0.0535,0.1912,0.1516,
585,19.5,True,2.4222,87.5778,87.5778,,,,6.2632,119.0,19.0,33.17,0.8997,96,-3.0356,0.0,0.0,-0.0364,0.1704,0.1562,
586,19.5333,True,2.6316,87.3684,87.3684,,,,6.2632,119.0,19.0,33.11,0.9045,69,-3.2659,0.0,0.0,-0.0578,0.1666,0.1537,
587,19.5667,True,2.4426,87.5574,87.5574,,,,7.2632,138.0,19.0,33.36,0.9,94,-4.2885,0.0,0.0,-0.1463,0.161,0.1561,
588,19.6,True,2.087,87.913,87.913,,,,3.9474,75.0,19.0,34.11,0.892,69,-4.7719,0.0,0.0,-0.1401,0.1786,0.152,
589,19.6333,True,1.8934,88.1066,88.1066,,,,5.0,95.0,19.0,34.62,0.8971,71,-3.3152,0.0,0.0,-0.101,0.1364,0.1537,
590,19.6667,True,2.2147,87.7853,87.7853,,,,4.0,76.0,19.0,35.01,0.9028,73,-4.3338,0.0,0.0,-0.0524,0.0815,0.1576,
591,19.7,True,1.977,88.023,88.023,,,,4.1667,75.0,18.0,33.41,0.9205,76,-4.1581,0.0,0.0,-0.0878,0.1559,0.1578,
592,19.7333,True,1.9927,88.0073,88.0073,,,,4.1111,74.0,18.0,33.67,0.922,75,-3.6926,0.0,0.0,-0.0406,0.1942,0.1592,
593,19.7667,True,1.9968,88.0032,88.0032,,,,4.1111,74.0,18.0,33.53,0.9192,75,-2.4002,0.0,0.0,-0.0231,0.244,0.1588,
594,19.8,True,0.972,89.028,89.028,,,,5.3333,96.0,18.0,35.47,0.9177,79,-1.5601,0.0,0.0,-0.0419,0.2132,0.1592,
595,19.8333,True,0.7791,89.2209,89.2209,,,,5.2778,95.0,18.0,34.19,0.9335,77,-1.1797,0.0,0.0,-0.1155,0.2209,0.1629,
596,19.8667,True,0.6738,89.3262,89.3262,,,,5.2778,95.0,18.0,34.18,0.9356,78,-11.3193,0.0,0.0,-0.1176,0.2095,0.1672,
597,19.9,True,0.9666,89.0334,89.0334,,,,5.3333,96.0,18.0,34.5,0.9177,77,-7.4141,0.0,0.0,-0.1075,0.1995,0.1671,
598,19.9333,True,0.7639,89.2361,89.2361,,,,5.3333,96.0,18.0,34.38,0.9282,82,-6.7871,0.0,0.0,-0.1123,0.2071,0.1725,
599,19.9667,True,0.7915,89.2085,89.2085,,,,5.3333,96.0,18.0,34.38,0.9279,82,-4.4116,0.0,0.0,-0.116,0.213,0.1757,
600,20.0,True,0.0,90.0,90.0,,,,4.7222,85.0,18.0,34.95,0.88,58,-3.0282,0.0,0.0,-0.1689,0.212,0.1723,
601,20.0333,True,0.4978,89.5022,89.5022,,,,5.5,110.0,20.0,34.7,0.9113,96,-1.9683,0.0,0.0,-0.1673,0.1528,0.1734,
602,20.0667,True,0.7577,89.2423,89.2423,,,,5.4,108.0,20.0,35.11,0.9034,87,-1.344,0.0,0.0,-0.1724,0.124,0.1747,
603,20.1,True,0.7963,89.2037,89.2037,,,,4.35,87.0,20.0,35.53,0.889,77,-0.8736,0.0,0.0,-0.1627,0.1537,0.1779,
604,20.1333,True,0.8534,89.1466,89.1466,,,,4.4,88.0,20.0,35.73,0.9083,79,-0.5678,0.0,0.0,-0.1657,0.1972,0.1781,
605,20.1667,True,1.0012,88.9988,88.9988,,,,4.4,88.0,20.0,36.16,0.9242,88,0.0366,0.0,0.0,-0.1972,0.2111,0.1821,
606,20.2,True,0.7093,89.2907,89.2907,,,,3.9,78.0,20.0,36.25,0.9151,75,0.0238,0.0,0.0,-0.1697,0.2078,0.1848,
607,20.2333,True,0.8031,89.1969,89.1969,,,,3.9,78.0,20.0,35.94,0.9057,75,0.0869,0.0,0.0,-0.122,0.194,0.1885,
608,20.2667,True,0.8037,89.1963,89.1963,,,,3.9,78.0,20.0,36.05,0.9021,72,0.0622,0.0,0.0,-0.1271,0.2244,0.1905,
609,20.3,True,-0.2446,89.7554,90.2446,,,,4.85,97.0,20.0,35.65,0.9224,77,0.0347,0.0,0.0,-0.1532,0.2345,0.1914,
610,20.3333,True,0.0,90.0,90.0,,,,3.8,76.0,20.0,35.62,0.9116,67,-0.9622,0.0,0.0,-0.1419,0.2954,0.1918,
611,20.3667,True,-0.4589,89.5411,90.4589,,,,4.85,97.0,20.0,35.26,0.9365,83,-8.0736,0.0,0.0,-0.1256,0.2539,0.1907,
612,20.4,True,-0.6511,89.3489,90.6511,,,,5.0,100.0,20.0,37.23,0.9255,83,-7.8158,0.0,0.0,-0.1615,0.2194,0.1888,
613,20.4333,True,-0.0,90.0,90.0,,,,3.7895,72.0,19.0,37.67,0.8844,58,-5.0803,0.0,0.0,-0.0697,0.2017,0.1937,
614,20.4667,True,-0.0,90.0,90.0,,,,3.8947,74.0,19.0,37.51,0.9114,62,-0.7342,0.0,0.0,-0.0406,0.2183,0.1976,
615,20.5,True,-0.7854,89.2146,90.7854,,,,5.1053,97.0,19.0,38.77,0.9421,78,-5.2955,0.0,0.0,-0.0453,0.2318,0.1972,
616,20.5333,True,-0.9118,89.0882,90.9118,,,,5.3158,101.0,19.0,38.12,0.9385,82,-5.4606,0.0,0.0,-0.019,0.21,0.2014,
617,20.5667,True,-0.9505,89.0495,90.9505,,,,5.3684,102.0,19.0,38.51,0.9223,88,-4.9595,0.0,0.0,-0.0658,0.1268,0.208,
618,20.6,True,-1.073,88.927,91.073,,,,5.4634,112.0,20.5,39.14,0.8971,98,-4.5507,0.0,0.0,-0.0983,0.0997,0.2059,
619,20.6333,True,-1.1455,88.8545,91.1455,,,,6.0476,127.0,21.0,38.97,0.9024,114,-3.3642,0.0,0.0,-0.1668,0.1542,0.2062,
620,20.6667,True,-1.1078,88.8922,91.1078,,,,6.0,126.0,21.0,38.92,0.91,112,-3.4726,0.0,0.0,-0.1546,0.1625,0.207,
621,20.7,True,-0.9923,89.0077,90.9923,,,,6.0,126.0,21.0,38.81,0.9041,108,-2.2572,0.0,0.0,-0.1425,0.2077,0.2098,
622,20.7333,True,-1.084,88.916,91.084,,,,6.0,126.0,21.0,38.18,0.9137,109,-1.5827,0.0,0.0,-0.1557,0.1761,0.2098,
623,20.7667,True,-1.0907,88.9093,91.0907,,,,6.0,126.0,21.0,37.97,0.9204,110,-1.1,0.0,0.0,-0.1464,0.224,0.2118,
624,20.8,True,-1.2507,88.7493,91.2507,,,,6.0476,127.0,21.0,37.69,0.911,111,-0.715,0.0,0.0,-0.107,0.2269,0.212,
625,20.8333,True,-1.3032,88.6968,91.3032,,,,5.8049,119.0,20.5,39.01,0.9,104,-0.4647,0.0,0.0,-0.1211,0.2291,0.216,
626,20.8667,True,-1.1887,88.8113,91.1887,,,,5.55,111.0,20.0,39.06,0.9253,93,-1.3309,0.0,0.0,-0.1186,0.2377,0.2159,
627,20.9,True,-1.4952,88.5048,91.4952,,,,6.0476,127.0,21.0,38.97,0.9273,112,-1.5161,0.0,0.0,-0.1409,0.251,0.2188,
628,20.9333,True,-1.5588,88.4412,91.5588,,,,6.0476,127.0,21.0,38.96,0.9085,103,-1.537,0.0,0.0,-0.1464,0.2568,0.2201,
629,20.9667,True,-1.5457,88.4543,91.5457,,,,6.0,126.0,21.0,38.7,0.9262,106,-3.0144,0.0,0.0,-0.1653,0.1813,0.2199,
630,21.0,True,-1.5927,88.4073,91.5927,,,,6.0476,127.0,21.0,39.34,0.9271,106,-2.4896,0.0,0.0,-0.1515,0.188,0.2205,
631,21.0333,True,-1.7006,88.2994,91.7006,,,,6.0,126.0,21.0,39.67,0.9306,110,-1.7561,0.0,0.0,-0.2187,0.189,0.2242,
632,21.0667,True,-1.7253,88.2747,91.7253,,,,6.0,126.0,21.0,39.84,0.9321,111,-1.4972,0.0,0.0,-0.2222,0.1629,0.228,
633,21.1,True,-1.3521,88.6479,91.3521,,,,4.6364,102.0,22.0,39.6,0.8885,96,-0.9732,0.0,0.0,-0.1956,0.132,0.2271,
634,21.1333,True,-1.5148,88.4852,91.5148,,,,5.7273,126.0,22.0,39.53,0.9007,108,-0.6326,0.0,0.0,-0.2296,0.1451,0.2326,
635,21.1667,True,-1.4909,88.5091,91.4909,,,,6.0,126.0,21.0,38.91,0.9083,102,0.4064,0.0,0.0,-0.1905,0.142,0.2347,
636,21.2,True,-1.0397,88.9603,91.0397,,,,5.9048,124.0,21.0,40.05,0.8928,100,0.5154,0.0,0.0,-0.2,0.1387,0.2342,
637,21.2333,True,-1.008,88.992,91.008,,,,5.9048,124.0,21.0,41.11,0.8871,97,1.7922,0.0,0.0,-0.1737,0.2011,0.2335,
638,21.2667,True,-0.7205,89.2795,90.7205,,,,4.0,84.0,21.0,41.09,0.8973,85,4.4457,0.0,0.0,-0.1739,0.2292,0.2366,
639,21.3,True,-1.3432,88.6568,91.3432,,,,5.6818,125.0,22.0,44.77,0.8898,101,2.8897,0.0,0.0,-0.1093,0.2283,0.2373,
640,21.3333,True,-1.4512,88.5488,91.4512,,,,5.7273,126.0,22.0,44.2,0.8957,105,1.8783,0.0,0.0,-0.1025,0.2162,0.2441,
641,21.3667,True,-1.5121,88.4879,91.5121,,,,5.6818,125.0,22.0,43.99,0.8952,105,-1.9656,0.0,0.0,-0.1834,0.2045,0.2496,
642,21.4,True,-0.8447,89.1553,90.8447,,,,4.0455,89.0,22.0,45.63,0.8887,89,-1.2776,0.0,0.0,-0.2198,0.1896,0.2511,
643,21.4333,True,-1.2207,88.7793,91.2207,,,,4.0,88.0,22.0,47.35,0.8863,84,-0.8305,0.0,0.0,-0.2112,0.184,0.2567,
644,21.4667,True,-1.1058,88.8942,91.1058,,,,4.0,88.0,22.0,47.43,0.8923,87,0.746,0.0,0.0,-0.2659,0.1869,0.2641,
645,21.5,True,-0.9528,89.0472,90.9528,,,,3.7727,83.0,22.0,47.89,0.8853,77,1.6911,0.0,0.0,-0.2213,0.1941,0.2679,
646,21.5333,True,-1.0255,88.9745,91.0255,,,,3.7727,83.0,22.0,47.94,0.8657,70,1.9428,0.0,0.0,-0.2733,0.1621,0.2702,
647,21.5667,True,-1.5297,88.4703,91.5297,,,,5.1364,113.0,22.0,47.76,0.8928,98,0.4192,0.0,0.0,-0.2239,0.1116,0.2733,
648,21.6,True,-0.7394,89.2606,90.7394,,,,4.0455,89.0,22.0,53.38,0.8971,89,1.1161,0.0,0.0,-0.1919,0.1615,0.2733,
649,21.6333,True,-1.2394,88.7606,91.2394,,,,4.0,88.0,22.0,54.76,0.8995,88,0.7255,0.0,0.0,-0.2055,0.2492,0.2812,
650,21.6667,True,-1.6263,88.3737,91.6263,,,,6.0435,139.0,23.0,54.87,0.9076,119,-1.7749,0.0,0.0,-0.1341,0.2805,0.2875,
651,21.7,True,-2.1461,87.8539,92.1461,,,,6.2174,143.0,23.0,59.24,0.9218,123,-4.2018,0.0,0.0,-0.1705,0.3606,0.2914,
652,21.7333,True,-2.1707,87.8293,92.1707,,,,6.1739,142.0,23.0,59.21,0.9246,125,-3.7457,0.0,0.0,-0.1497,0.4202,0.3031,
653,21.7667,True,-2.1253,87.8747,92.1253,,,,6.1739,142.0,23.0,59.37,0.9306,128,-7.6735,0.0,0.0,-0.1922,0.3884,0.3079,
654,21.8,True,-2.0109,87.9891,92.0109,,,,6.1739,142.0,23.0,65.6,0.9265,127,-4.9878,0.0,0.0,-0.1399,0.3387,0.3097,
655,21.8333,True,-1.8933,88.1067,91.8933,,,,5.5,121.0,22.0,67.77,0.9322,101,-3.2421,0.0,0.0,-0.0918,0.3323,0.3198,
656,21.8667,True,-1.9925,88.0075,91.9925,,,,6.3913,147.0,23.0,68.08,0.9228,130,-0.9063,0.0,0.0,-0.0699,0.3328,0.3346,
657,21.9,True,-1.9161,88.0839,91.9161,,,,6.4783,149.0,23.0,73.07,0.936,134,-0.3956,0.0,0.0,-0.0796,0.3394,0.342,
658,21.9333,True,-1.9142,88.0858,91.9142,,,,6.4348,148.0,23.0,73.05,0.9356,137,0.5445,0.0,0.0,-0.0431,0.3103,0.3525,
659,21.9667,True,-1.914,88.086,91.914,,,,6.4783,149.0,23.0,73.04,0.9301,139,0.3742,0.0,0.0,-0.3417,0.2511,0.3572,
660,22.0,True,-1.9406,88.0594,91.9406,,,,6.0,138.0,23.0,78.75,0.9357,126,0.223,0.0,0.0,-0.1837,0.2544,0.3602,
661,22.0333,True,-1.9963,88.0037,91.9963,,,,6.3913,147.0,23.0,80.39,0.9152,140,0.1449,0.0,0.0,0.0235,0.2054,0.3644,
662,22.0667,True,-1.9402,88.0598,91.9402,,,,6.3913,147.0,23.0,80.38,0.9162,137,-0.1587,0.0,0.0,0.0257,0.1912,0.3578,
663,22.1,True,-1.6152,88.3848,91.6152,,,,6.3913,147.0,23.0,83.3,0.9171,128,-0.1031,0.0,0.0,-0.1667,0.1225,0.3564,
664,22.1333,True,-1.7472,88.2528,91.7472,,,,6.8696,158.0,23.0,83.25,0.9225,145,-0.067,0.0,0.0,-0.1874,0.1738,0.35,
665,22.1667,True,-1.7774,88.2226,91.7774,,,,6.625,159.0,24.0,83.09,0.9227,151,1.6653,0.0,0.0,-0.1343,0.2361,0.345,
666,22.2,True,-1.2539,88.7461,91.2539,,,,5.6087,129.0,23.0,83.58,0.8981,111,1.4002,0.0,0.0,-0.0748,0.2141,0.3431,
667,22.2333,True,-1.2164,88.7836,91.2164,,,,5.5217,127.0,23.0,83.95,0.9092,113,2.2955,0.0,0.0,-0.0186,0.2564,0.3406,
668,22.2667,True,-1.1159,88.8841,91.1159,,,,5.5217,127.0,23.0,84.02,0.9108,106,5.2861,0.0,0.0,0.0445,0.326,0.3404,
669,22.3,True,-1.6556,88.3444,91.6556,,,,6.9167,166.0,24.0,83.34,0.912,144,3.4359,0.0,0.0,0.0669,0.3031,0.3378,
670,22.3333,True,-1.5694,88.4306,91.5694,,,,7.0,168.0,24.0,82.7,0.9161,157,2.2334,0.0,0.0,-0.0198,0.2695,0.3397,
671,22.3667,True,-1.5528,88.4472,91.5528,,,,7.0,168.0,24.0,82.06,0.9199,160,-1.6862,0.0,0.0,-0.1074,0.2785,0.3413,
672,22.4,True,-1.0709,88.9291,91.0709,,,,7.7273,170.0,22.0,71.7,0.9053,125,-1.096,0.0,0.0,-0.1024,0.195,0.3451,
673,22.4333,True,-1.0931,88.9069,91.0931,,,,7.6818,169.0,22.0,73.28,0.9093,123,-0.7124,0.0,0.0,0.0277,0.199,0.3564,
674,22.4667,True,-1.0882,88.9118,91.0882,,,,7.6818,169.0,22.0,73.31,0.9075,128,4.3629,0.0,0.0,-0.1487,0.2647,0.3663,
675,22.5,True,-1.1601,88.8399,91.1601,,,,7.3478,169.0,23.0,79.36,0.9122,140,2.8359,0.0,0.0,-0.1409,0.3287,0.3719,
676,22.5333,True,-1.0721,88.9279,91.0721,,,,7.3478,169.0,23.0,79.59,0.9139,139,1.8957,-0.01,-0.01,-0.2134,0.2339,0.374,
677,22.5667,True,-1.0966,88.9034,91.0966,,,,7.3913,170.0,23.0,77.18,0.914,141,1.1798,-0.01,-0.01,-0.2512,0.2215,0.3742,
678,22.6,True,-1.3157,88.6843,91.3157,,,,7.3478,169.0,23.0,81.7,0.9173,130,0.7302,-0.01,-0.01,-0.1906,0.253,0.3739,
679,22.6333,True,-1.3642,88.6358,91.3642,,,,7.5217,173.0,23.0,82.48,0.9285,152,-0.1915,-0.01,-0.01,-0.1761,0.2022,0.3722,
680,22.6667,True,-1.2878,88.7122,91.2878,,,,7.1667,172.0,24.0,80.54,0.919,153,-1.4654,-0.01,-0.01,-0.0232,0.2162,0.3731,
681,22.7,True,-1.5192,88.4808,91.5192,,,,7.3333,176.0,24.0,79.62,0.9244,154,-1.2461,-0.03,-0.03,-0.032,0.1932,0.3726,
682,22.7333,True,-1.5067,88.4933,91.5067,,,,7.2917,175.0,24.0,79.37,0.9264,153,-1.3185,-0.03,-0.03,-0.0255,0.1808,0.3771,
683,22.7667,True,-1.516,88.484,91.516,,,,7.2917,175.0,24.0,79.66,0.9229,155,-2.354,-0.03,-0.03,-0.0363,0.1595,0.3796,
684,22.8,True,-1.0101,88.9899,91.0101,,,,7.6957,177.0,23.0,76.58,0.8994,146,-1.5301,-0.03,-0.03,-0.021,0.1691,0.3824,
685,22.8333,True,-1.0151,88.9849,91.0151,,,,7.375,177.0,24.0,76.9,0.9121,147,-0.9946,-0.05,-0.05,-0.1522,0.1851,0.3894,
686,22.8667,True,-1.0445,88.9555,91.0445,,,,7.375,177.0,24.0,76.46,0.9082,146,4.2071,-0.05,-0.05,-0.2005,0.2499,0.3937,
687,22.9,True,-1.1285,88.8715,91.1285,,,,7.2917,175.0,24.0,77.64,0.9209,143,2.7346,-0.05,-0.05,-0.1888,0.2478,0.3964,
688,22.9333,True,-1.1471,88.8529,91.1471,,,,7.4583,179.0,24.0,77.89,0.9251,149,1.7775,-0.05,-0.05,-0.1841,0.1711,0.4001,
689,22.9667,True,-1.1428,88.8572,91.1428,,,,7.3333,176.0,24.0,77.24,0.9304,151,0.2736,-0.05,-0.05,-0.2051,0.1682,0.4044,
690,23.0,True,-0.8784,89.1216,90.8784,,,,7.28,182.0,25.0,78.05,0.9195,162,0.1778,-0.05,-0.05,-0.1891,0.127,0.4016,
691,23.0333,True,-0.8375,89.1625,90.8375,,,,7.32,183.0,25.0,77.56,0.9133,157,0.1156,-0.05,-0.05,-0.1378,0.173,0.4003,
692,23.0667,True,-0.8369,89.1631,90.8369,,,,7.32,183.0,25.0,77.6,0.9146,161,2.701,-0.05,-0.05,-0.1203,0.1505,0.4007,
693,23.1,True,-0.817,89.183,90.817,,,,7.32,183.0,25.0,78.56,0.9017,158,2.1847,-0.05,-0.05,-0.1478,0.153,0.4005,
694,23.1333,True,-0.8925,89.1075,90.8925,,,,7.5417,181.0,24.0,78.22,0.9103,139,1.4201,-0.05,-0.05,-0.1689,0.1726,0.398,
695,23.1667,True,-0.8748,89.1252,90.8748,,,,7.2,180.0,25.0,79.4,0.9146,141,0.923,-0.05,-0.05,-0.1388,0.16,0.3968,
696,23.2,True,-0.9779,89.0221,90.9779,,,,7.4,185.0,25.0,81.94,0.9041,166,0.209,-0.05,-0.05,-0.072,0.0918,0.3956,
697,23.2333,True,-1.0777,88.9223,91.0777,,,,7.36,184.0,25.0,83.59,0.9084,148,-0.0499,-0.05,-0.05,-0.1421,0.1076,0.3883,
698,23.2667,True,-0.9606,89.0394,90.9606,,,,7.625,183.0,24.0,83.56,0.9129,136,-0.7478,-0.05,-0.05,-0.1741,0.116,0.3858,
699,23.3,True,-0.8516,89.1484,90.8516,,,,7.4,185.0,25.0,84.93,0.8912,147,-0.4861,-0.07,-0.07,-0.3121,0.1992,0.3766,
700,23.3333,True,-0.769,89.231,90.769,,,,7.4,185.0,25.0,85.11,0.887,146,-0.316,-0.07,-0.07,-0.2856,0.1274,0.3774,
701,23.3667,True,-0.5843,89.4157,90.5843,,,,6.32,158.0,25.0,84.79,0.8779,142,0.9392,-0.07,-0.07,-0.1796,0.1163,0.3748,
702,23.4,True,-0.6497,89.3503,90.6497,,,,6.32,158.0,25.0,85.59,0.9051,144,1.4776,-0.07,-0.07,-0.1389,0.1101,0.3727,
703,23.4333,True,-0.7239,89.2761,90.7239,,,,7.48,187.0,25.0,85.62,0.9105,149,1.4336,-0.07,-0.07,-0.1497,0.1228,0.3708,
704,23.4667,True,-0.8421,89.1579,90.8421,,,,7.48,187.0,25.0,85.73,0.8734,121,0.9319,-0.07,-0.07,-0.1529,0.1068,0.3715,
705,23.5,True,-0.8342,89.1658,90.8342,,,,7.52,188.0,25.0,85.74,0.9029,150,0.6057,-0.07,-0.07,-0.1584,0.1186,0.3699,
706,23.5333,True,-0.8582,89.1418,90.8582,,,,7.52,188.0,25.0,85.74,0.9052,158,-0.7643,-0.07,-0.07,-0.1577,0.1348,0.3706,
707,23.5667,True,-0.8631,89.1369,90.8631,,,,7.52,188.0,25.0,85.43,0.9052,159,-0.5797,-0.07,-0.07,-0.1803,0.1542,0.3719,
708,23.6,True,-0.8679,89.1321,90.8679,,,,7.68,192.0,25.0,85.68,0.9222,170,-0.5452,-0.07,-0.07,-0.1785,0.1608,0.3719,
709,23.6333,True,-0.8468,89.1532,90.8468,,,,7.64,191.0,25.0,85.08,0.9001,142,-0.3544,-0.07,-0.07,-0.185,0.2059,0.3743,
710,23.6667,True,-0.8463,89.1537,90.8463,,,,7.56,189.0,25.0,84.96,0.9027,149,-0.2304,-0.07,-0.07,-0.1958,0.2177,0.3747,
711,23.7,True,-0.684,89.316,90.684,,,,7.4615,194.0,26.0,84.95,0.915,179,-0.0308,-0.07,-0.07,-0.1599,0.2605,0.3783,
712,23.7333,True,-0.7118,89.2882,90.7118,,,,7.4615,194.0,26.0,84.86,0.9159,177,-0.0145,-0.07,-0.07,-0.1485,0.1967,0.3787,
713,23.7667,True,-0.7116,89.2884,90.7116,,,,7.6078,194.0,25.5,84.73,0.9168,176,1.4033,-0.09,-0.09,-0.1258,0.2219,0.3883,
714,23.8,True,-0.5193,89.4807,90.5193,,,,7.4231,193.0,26.0,84.56,0.9106,161,0.914,-0.09,-0.09,-0.1276,0.2396,0.3689,
715,23.8333,True,-0.714,89.286,90.714,,,,7.4231,193.0,26.0,85.74,0.9131,159,0.5941,-0.09,-0.09,-0.1241,0.2251,0.3728,
716,23.8667,True,-0.6324,89.3676,90.6324,,,,7.4231,193.0,26.0,86.06,0.9177,173,0.3861,-0.09,-0.09,-0.12,0.1878,0.3742,
717,23.9,True,-0.4644,89.5356,90.4644,,,,5.92,148.0,25.0,86.26,0.9078,141,1.083,-0.09,-0.09,-0.1347,0.2654,0.3767,
718,23.9333,True,-0.2887,89.7113,90.2887,,,,6.56,164.0,25.0,86.16,0.9008,147,1.8911,-0.09,-0.09,-0.0945,0.256,0.3779,
719,23.9667,True,-0.2794,89.7206,90.2794,,,,5.92,148.0,25.0,86.17,0.9004,144,1.8056,-0.09,-0.09,-0.1233,0.2219,0.3793,
720,24.0,True,-0.2415,89.7585,90.2415,,,,6.449,158.0,24.5,86.93,0.9158,126,3.0186,-0.11,-0.11,-0.0819,0.1482,0.3795,
721,24.0333,True,-0.1706,89.8294,90.1706,,,,6.72,168.0,25.0,87.18,0.9013,133,2.0599,-0.11,-0.11,-0.0854,0.0876,0.3783,
722,24.0667,True,-0.0,90.0,90.0,,,,5.7037,154.0,27.0,87.09,0.8509,83,1.7364,-0.11,-0.11,-0.169,0.1702,0.3781,
723,24.1,True,-0.4313,89.5687,90.4313,,,,7.84,196.0,25.0,87.31,0.8986,156,1.1287,-0.11,-0.11,-0.0877,0.1438,0.3787,
724,24.1333,True,-0.4562,89.5438,90.4562,,,,8.04,201.0,25.0,87.19,0.8912,151,0.7336,-0.11,-0.11,-0.0695,0.2669,0.3783,
725,24.1667,True,-0.4478,89.5522,90.4478,,,,8.04,201.0,25.0,86.93,0.8878,148,-1.516,-0.11,-0.11,-0.1602,0.2232,0.3778,
726,24.2,True,-0.4429,89.5571,90.4429,,,,7.8077,203.0,26.0,88.73,0.8912,170,-1.1075,-0.11,-0.11,-0.1896,0.2446,0.3783,
727,24.2333,True,-0.3727,89.6273,90.3727,,,,7.7308,201.0,26.0,88.47,0.8954,161,-0.7199,-0.11,-0.11,-0.1664,0.2266,0.3769,
728,24.2667,True,-0.2994,89.7006,90.2994,,,,7.7692,202.0,26.0,88.53,0.898,159,-0.4679,-0.11,-0.11,-0.122,0.2029,0.3765,
729,24.3,True,-0.2242,89.7758,90.2242,,,,8.12,203.0,25.0,88.91,0.9047,155,0.4337,-2.25,-2.25,-0.0561,0.1119,0.374,
730,24.3333,True,-0.2317,89.7683,90.2317,,,,8.0,204.0,25.5,88.99,0.9016,156,1.0516,-2.25,-2.25,-0.0685,0.0923,0.3751,
731,24.3667,True,-0.289,89.711,90.289,,,,8.2,205.0,25.0,88.82,0.8996,156,0.7924,-2.25,-2.25,-0.0257,0.0839,0.3718,
732,24.4,True,-0.377,89.623,90.377,,,,7.9231,206.0,26.0,89.51,0.877,176,0.515,-2.25,-2.25,-0.066,0.1517,0.3737,
733,24.4333,True,-0.3117,89.6883,90.3117,,,,7.9615,207.0,26.0,89.02,0.8798,174,0.3348,-2.25,-2.25,-0.0697,0.0948,0.3718,
734,24.4667,True,-0.2945,89.7055,90.2945,,,,7.9615,207.0,26.0,89.05,0.8847,174,0.1597,-2.25,-2.25,-0.0883,0.1227,0.3699,
735,24.5,True,-0.0813,89.9187,90.0813,,,,8.28,207.0,25.0,89.38,0.8987,166,0.1038,-2.25,-2.25,-0.1204,0.1045,0.371,
736,24.5333,True,-0.1133,89.8867,90.1133,,,,8.32,208.0,25.0,89.67,0.8966,164,0.0675,-2.25,-2.25,-0.0873,0.0678,0.3722,
737,24.5667,True,-0.061,89.939,90.061,,,,8.28,207.0,25.0,89.6,0.8919,169,1.9462,-2.25,-2.25,-0.1354,0.0874,0.3757,
738,24.6,True,-0.2824,89.7176,90.2824,,,,8.0769,210.0,26.0,91.29,0.845,188,1.265,-2.25,-2.25,-0.1454,0.1083,0.373,
739,24.6333,True,-0.3593,89.6407,90.3593,,,,8.0385,209.0,26.0,91.14,0.8781,167,0.8223,-2.25,-2.25,-0.2584,0.0923,0.3725,
740,24.6667,True,-0.4049,89.5951,90.4049,,,,7.7407,209.0,27.0,91.1,0.8808,162,-1.2411,-2.25,-2.25,-0.2434,0.0964,0.3736,
741,24.7,True,-0.2236,89.7764,90.2236,,,,8.0769,210.0,26.0,89.38,0.8607,170,-0.8067,-2.25,-2.25,-0.1345,0.0657,0.3733,
742,24.7333,True,-0.2193,89.7807,90.2193,,,,8.0769,210.0,26.0,89.48,0.8595,172,-0.5244,-2.25,-2.25,-0.216,0.0353,0.3759,
743,24.7667,True,0.0649,89.9351,89.9351,,,,8.1538,212.0,26.0,90.08,0.8352,181,0.2767,-2.25,-2.25,-0.1981,0.146,0.38,
744,24.8,True,-0.0897,89.9103,90.0897,,,,8.1923,213.0,26.0,92.06,0.8512,188,0.2257,-2.25,-2.25,-0.1695,0.128,0.3807,
745,24.8333,True,-0.1197,89.8803,90.1197,,,,8.2692,215.0,26.0,92.27,0.8521,185,1.1917,-2.25,-2.25,-0.2399,0.1668,0.3812,
746,24.8667,True,-0.0926,89.9074,90.0926,,,,8.6,215.0,25.0,92.15,0.8542,178,1.0592,-2.25,-2.25,-0.2029,0.1631,0.3814,
747,24.9,True,-0.5081,89.4919,90.5081,,,,7.9259,214.0,27.0,92.09,0.8838,150,0.6885,-2.25,-2.25,-0.1148,0.0981,0.3807,
748,24.9333,True,-0.4379,89.5621,90.4379,,,,7.9259,214.0,27.0,92.22,0.8855,160,0.1629,-2.25,-2.25,-0.0537,0.1057,0.3801,
749,24.9667,True,-0.43,89.57,90.43,,,,7.9259,214.0,27.0,92.22,0.8847,160,-3.1521,-2.25,-2.25,-0.1609,0.0947,0.3812,
750,25.0,True,-0.185,89.815,90.185,,,,7.963,215.0,27.0,90.42,0.886,144,-2.0488,-2.25,-2.25,-0.0278,0.0714,0.3889,
751,25.0333,True,-0.6132,89.3868,90.6132,,,,7.8889,213.0,27.0,92.38,0.8995,151,-1.4141,-2.25,-2.25,0.0622,0.0592,0.3892,
752,25.0667,True,-0.5435,89.4565,90.5435,,,,8.0,216.0,27.0,92.43,0.8936,157,-0.9192,-2.25,-2.25,0.0508,0.0802,0.3892,
753,25.1,True,-0.5812,89.4188,90.5812,,,,8.0,216.0,27.0,91.64,0.88,164,-1.707,-2.25,-2.25,-0.0727,0.2617,0.39,
754,25.1333,True,-0.546,89.454,90.546,,,,8.0,216.0,27.0,91.52,0.8806,165,-1.1359,-2.25,-2.25,0.0049,0.3499,0.3931,
755,25.1667,True,-0.5558,89.4442,90.5558,,,,8.0,216.0,27.0,92.02,0.8828,164,-0.8408,-2.25,-2.25,-0.0017,0.2997,0.3931,
756,25.2,True,-0.4769,89.5231,90.4769,,,,8.1111,219.0,27.0,91.72,0.8727,173,-0.4441,-2.25,-2.25,-0.0881,0.1679,0.3957,
757,25.2333,True,-0.3897,89.6103,90.3897,,,,8.1111,219.0,27.0,92.19,0.861,176,-0.2887,-2.25,-2.25,-0.0198,-0.1013,0.3967,
758,25.2667,True,-0.35,89.65,90.35,,,,8.1481,220.0,27.0,91.67,0.8506,185,0.5383,-2.25,-2.25,-0.0127,-0.0351,0.3976,
759,25.3,True,-0.3667,89.6333,90.3667,,,,8.4231,219.0,26.0,90.87,0.852,192,1.2654,-2.25,-2.25,0.1275,0.1011,0.4021,
760,25.3333,True,-0.3626,89.6374,90.3626,,,,8.1481,220.0,27.0,91.22,0.8591,194,1.0639,-2.25,-2.25,0.1307,0.0502,0.4058,
761,25.3667,True,-0.3616,89.6384,90.3616,,,,8.1481,220.0,27.0,91.61,0.8613,191,0.7346,-2.25,-2.25,0.1474,0.0179,0.41,
762,25.4,True,-0.4087,89.5913,90.4087,,,,8.1481,220.0,27.0,91.26,0.866,189,0.4775,-2.25,-2.25,-0.272,0.0932,0.4136,
763,25.4333,True,-0.5355,89.4645,90.5355,,,,8.2308,214.0,26.0,94.07,0.8724,193,0.2673,-2.25,-2.25,-0.2293,0.1619,0.4152,
764,25.4667,True,-0.4827,89.5173,90.4827,,,,8.2308,214.0,26.0,93.86,0.868,194,-0.267,-2.25,-2.25,-0.2482,0.1421,0.4128,
765,25.5,True,-0.5296,89.4704,90.5296,,,,8.2963,224.0,27.0,92.92,0.8658,214,-0.9504,-2.25,-2.25,-0.0512,0.4793,0.4128,
766,25.5333,True,-0.5003,89.4997,90.5003,,,,8.2963,224.0,27.0,92.66,0.8622,211,-0.8022,-2.25,-2.25,-0.0808,0.4731,0.4151,
767,25.5667,True,-0.4796,89.5204,90.4796,,,,8.2963,224.0,27.0,92.49,0.8606,208,-0.5214,-2.25,-2.25,-0.075,0.5203,0.4181,
768,25.6,True,-0.4962,89.5038,90.4962,,,,8.0714,226.0,28.0,91.78,0.856,219,-0.296,-2.25,-2.25,-0.1759,-0.2956,0.4232,
769,25.6333,True,-0.4824,89.5176,90.4824,,,,8.3333,225.0,27.0,92.72,0.865,204,-0.1924,-2.25,-2.25,-0.1046,-0.6041,0.4294,
770,25.6667,True,-0.4334,89.5666,90.4334,,,,8.3333,225.0,27.0,92.07,0.8623,205,0.0199,-2.25,-2.25,-0.0516,-0.5879,0.4337,
771,25.7,True,-0.5011,89.4989,90.5011,,,,8.1429,228.0,28.0,93.77,0.8609,221,0.0129,-2.25,-2.25,0.0239,-0.4308,0.4374,
772,25.7333,True,-0.4228,89.5772,90.4228,,,,8.1429,228.0,28.0,94.08,0.86,219,0.0084,-2.25,-2.25,0.178,-0.4357,0.4365,
773,25.7667,True,-0.3926,89.6074,90.3926,,,,8.1429,228.0,28.0,94.13,0.8618,221,0.5191,-2.25,-2.25,0.0875,-0.2941,0.4388,
774,25.8,True,-0.4356,89.5644,90.4356,,,,8.25,231.0,28.0,89.73,0.8412,225,0.3374,-2.25,-2.25,0.1673,0.7224,0.4407,
775,25.8333,True,-0.405,89.595,90.405,,,,8.2857,232.0,28.0,89.8,0.844,225,0.3314,-2.25,-2.25,0.1338,1.0495,0.4459,
776,25.8667,True,-0.4659,89.5341,90.4659,,,,8.1481,220.0,27.0,90.13,0.8532,207,0.2154,-2.25,-2.25,0.1586,0.9915,0.4519,
777,25.9,True,-0.5248,89.4752,90.5248,,,,8.2143,230.0,28.0,90.99,0.8475,222,0.0056,-2.25,-2.25,0.0073,0.2013,0.4551,
778,25.9333,True,-0.5103,89.4897,90.5103,,,,8.25,231.0,28.0,91.01,0.8435,224,-0.3145,-2.25,-2.25,-0.004,0.204,0.4583,
779,25.9667,True,-0.5245,89.4755,90.5245,,,,8.25,231.0,28.0,91.49,0.8408,224,-0.6713,-2.25,-2.25,-0.0466,0.1904,0.4596,
780,26.0,True,-0.4143,89.5857,90.4143,,,,8.25,231.0,28.0,91.57,0.8467,215,-0.4363,-2.25,-2.25,-0.1815,-0.4253,0.4616,
781,26.0333,True,-0.4306,89.5694,90.4306,,,,8.2857,232.0,28.0,92.68,0.8508,215,-0.2836,-2.25,-2.25,-0.2255,-0.2474,0.4646,
782,26.0667,True,-0.3978,89.6022,90.3978,,,,8.2857,232.0,28.0,92.6,0.8575,217,0.653,-2.25,-2.25,-0.2198,-0.2744,0.4642,
783,26.1,True,-0.4083,89.5917,90.4083,,,,8.25,231.0,28.0,90.89,0.8612,211,0.595,-2.25,-2.25,-0.1244,-0.0269,0.4661,
784,26.1333,True,-0.3623,89.6377,90.3623,,,,8.25,231.0,28.0,90.93,0.861,220,0.4504,-2.25,-2.25,-0.0895,-0.0495,0.469,
785,26.1667,True,-0.3007,89.6993,90.3007,,,,8.2143,230.0,28.0,90.93,0.8736,203,0.4028,-2.25,-2.25,-0.019,-0.0644,0.4717,
786,26.2,True,-0.369,89.631,90.369,,,,8.2143,230.0,28.0,86.5,0.8865,214,0.5645,-2.25,-2.25,0.0627,0.1532,0.4727,
787,26.2333,True,-0.2851,89.7149,90.2851,,,,8.069,234.0,29.0,88.34,0.8742,220,0.4375,-2.25,-2.25,0.0494,0.3772,0.4798,
788,26.2667,True,-0.2815,89.7185,90.2815,,,,8.3214,233.0,28.0,88.04,0.8751,216,0.9306,-2.25,-2.25,0.0694,0.4915,0.484,
789,26.3,True,-0.2769,89.7231,90.2769,,,,8.3929,235.0,28.0,86.97,0.8817,212,0.7687,-2.25,-2.25,-0.0549,0.1968,0.4874,
790,26.3333,True,-0.2739,89.7261,90.2739,,,,8.3929,235.0,28.0,86.61,0.8784,209,0.5373,-2.25,-2.25,-0.1107,0.1951,0.4929,
791,26.3667,True,-0.2765,89.7235,90.2765,,,,8.3929,235.0,28.0,86.52,0.8763,215,0.3973,-2.25,-2.25,-0.1058,0.2334,0.4972,
792,26.4,True,-0.3565,89.6435,90.3565,,,,8.2414,239.0,29.0,86.57,0.8813,223,0.2583,-0.2,-0.2,0.0663,0.398,0.5021,
793,26.4333,True,-0.5089,89.4911,90.5089,,,,8.5,238.0,28.0,88.26,0.8665,225,0.1679,-0.18,-0.18,-0.2178,0.2651,0.5035,
794,26.4667,True,-0.5496,89.4504,90.5496,,,,8.1724,237.0,29.0,88.22,0.8726,223,-0.7264,-0.18,-0.18,-0.1659,0.3233,0.5026,
795,26.5,True,-0.614,89.386,90.614,,,,8.2414,239.0,29.0,88.63,0.8642,221,-2.0717,-0.18,-0.18,-0.3766,-0.0802,0.503,
796,26.5333,True,-0.6154,89.3846,90.6154,,,,8.2069,238.0,29.0,87.46,0.863,218,-1.7743,-0.18,-0.18,-0.3285,-0.2245,0.5037,
797,26.5667,True,-0.6584,89.3416,90.6584,,,,8.2414,239.0,29.0,85.62,0.8638,212,-1.8293,-0.18,-0.18,-0.3818,-0.2521,0.5051,
798,26.6,True,-0.6476,89.3524,90.6476,,,,8.0,240.0,30.0,85.47,0.8694,222,-1.2038,-0.18,-0.18,-0.0002,-0.0209,0.5076,
799,26.6333,True,-0.6756,89.3244,90.6756,,,,8.2414,239.0,29.0,84.21,0.8717,217,-1.1206,-0.16,-0.16,0.1609,0.1084,0.5087,
800,26.6667,True,-0.8068,89.1932,90.8068,,,,8.1724,237.0,29.0,84.42,0.8714,224,-0.8418,-0.16,-0.16,0.1374,-0.0275,0.5135,
801,26.7,True,-1.0252,88.9748,91.0252,,,,8.1724,237.0,29.0,85.19,0.8605,221,-0.7279,-0.18,-0.18,0.0041,0.0217,0.5172,
802,26.7333,True,-0.9957,89.0043,90.9957,,,,8.2069,238.0,29.0,83.79,0.8592,226,-1.8512,-0.18,-0.18,-0.0572,0.0421,0.516,
803,26.7667,True,-0.9961,89.0039,90.9961,,,,8.2414,239.0,29.0,85.06,0.8597,227,-3.186,-0.18,-0.18,0.046,0.0524,0.5231,
804,26.8,True,-1.1194,88.8806,91.1194,,,,8.3103,241.0,29.0,87.84,0.8422,232,-2.0754,-0.18,-0.18,-0.0335,0.4076,0.5183,
805,26.8333,True,-1.0835,88.9165,91.0835,,,,8.3103,241.0,29.0,86.41,0.8547,231,-1.6543,-0.18,-0.18,-0.0911,0.716,0.518,
806,26.8667,True,-1.0523,88.9477,91.0523,,,,8.3103,241.0,29.0,86.0,0.8579,230,-1.3606,-0.18,-0.18,-0.1595,0.6371,0.5192,
807,26.9,True,-0.9541,89.0459,90.9541,,,,8.3448,242.0,29.0,81.65,0.8751,228,-0.8844,-0.18,-0.18,-0.2617,-0.1969,0.5201,
808,26.9333,True,-0.9587,89.0413,90.9587,,,,8.3448,242.0,29.0,80.43,0.8731,227,-0.5748,-0.18,-0.18,-0.2538,-0.3333,0.5254,
809,26.9667,True,-0.9487,89.0513,90.9487,,,,8.3448,242.0,29.0,82.18,0.8752,228,0.6092,-0.18,-0.18,-0.219,-0.3161,0.53,
810,27.0,True,-1.0828,88.9172,91.0828,,,,8.4138,244.0,29.0,80.08,0.8638,232,0.396,-0.18,-0.18,-0.5024,0.5273,0.5351,
811,27.0333,True,-1.0931,88.9069,91.0931,,,,8.3793,243.0,29.0,79.1,0.8808,224,0.2574,-0.18,-0.18,-0.194,0.3226,0.5417,
812,27.0667,True,-1.1043,88.8957,91.1043,,,,8.3793,243.0,29.0,77.78,0.8879,227,-1.1348,-0.18,-0.18,-0.1123,0.3411,0.5479,
813,27.1,True,-1.1103,88.8897,91.1103,,,,8.069,234.0,29.0,75.68,0.8784,219,-0.8465,-0.18,-0.18,-0.0308,0.288,0.5539,
814,27.1333,True,-1.0713,88.9287,91.0713,,,,8.3103,241.0,29.0,74.03,0.8824,225,-0.5502,-0.18,-0.18,-0.0745,0.3211,0.5612,
815,27.1667,True,-1.0995,88.9005,91.0995,,,,8.2759,240.0,29.0,76.78,0.8827,224,-0.4244,-0.18,-0.18,-0.1596,0.2721,0.5692,
816,27.2,True,-1.1298,88.8702,91.1298,,,,8.4138,244.0,29.0,73.82,0.8819,216,-0.3267,-0.18,-0.18,-0.0038,-0.2483,0.5725,
817,27.2333,True,-1.0472,88.9528,91.0472,,,,8.4138,244.0,29.0,75.33,0.8846,229,-0.1615,-0.18,-0.18,0.1935,-0.0689,0.5774,
818,27.2667,True,-1.1385,88.8615,91.1385,,,,8.1667,245.0,30.0,75.39,0.8886,213,-0.105,-0.18,-0.18,0.1441,-0.0377,0.5804,
819,27.3,True,-1.1963,88.8037,91.1963,,,,8.3103,241.0,29.0,80.18,0.8842,213,-0.3861,-0.18,-0.18,0.0403,0.0041,0.5776,
820,27.3333,True,-1.3144,88.6856,91.3144,,,,7.7586,225.0,29.0,78.98,0.8781,195,-0.343,-0.18,-0.18,0.0234,0.0496,0.5731,
821,27.3667,True,-1.2128,88.7872,91.2128,,,,8.3448,242.0,29.0,79.13,0.8766,222,-0.8301,-0.18,-0.18,0.147,-0.0238,0.5667,
822,27.4,True,-1.3135,88.6865,91.3135,,,,7.8333,235.0,30.0,67.85,0.8714,219,-0.7125,-0.18,-0.18,-0.0107,0.0655,0.5671,
823,27.4333,True,-1.2386,88.7614,91.2386,,,,8.2333,247.0,30.0,67.87,0.8654,229,-0.7341,-0.18,-0.18,-0.2119,0.2409,0.5818,
824,27.4667,True,-1.3044,88.6956,91.3044,,,,7.7,231.0,30.0,68.78,0.8723,213,-1.1681,-0.18,-0.18,-0.2322,0.2571,0.591,
825,27.5,True,-1.1504,88.8496,91.1504,,,,8.2333,247.0,30.0,66.93,0.8599,227,-0.0683,-0.18,-0.18,-0.2132,0.1552,0.6073,
826,27.5333,True,-1.2772,88.7228,91.2772,,,,7.9,237.0,30.0,67.18,0.8582,205,-0.4499,-0.18,-0.18,-0.1461,0.1315,0.6173,
827,27.5667,True,-1.3018,88.6982,91.3018,,,,7.9,237.0,30.0,65.79,0.8593,208,-0.2925,-0.18,-0.18,0.136,0.1786,0.6263,
828,27.6,True,-1.2154,88.7846,91.2154,,,,8.3,249.0,30.0,55.0,0.8649,221,-0.1901,-0.18,-0.18,0.3608,-0.0144,0.6378,
829,27.6333,True,-1.2194,88.7806,91.2194,,,,7.9,237.0,30.0,58.58,0.8718,215,0.4841,-0.18,-0.18,0.3309,-0.053,0.6562,
830,27.6667,True,-1.394,88.606,91.394,,,,7.9667,239.0,30.0,59.84,0.8657,221,-0.293,-0.18,-0.18,0.0143,-0.1062,0.668,
831,27.7,True,-1.369,88.631,91.369,,,,8.0333,241.0,30.0,57.13,0.8639,227,-0.4489,-0.18,-0.18,-0.1965,-0.1128,0.683,
832,27.7333,True,-1.4467,88.5533,91.4467,,,,7.8,234.0,30.0,57.8,0.8784,218,-0.9968,-0.18,-0.18,-0.0034,-0.2167,0.6934,
833,27.7667,True,-1.4449,88.5551,91.4449,,,,7.8333,235.0,30.0,59.27,0.8776,218,-0.9101,-0.18,-0.18,-0.1122,-0.2316,0.6993,
834,27.8,True,-1.2998,88.7002,91.2998,,,,8.5333,256.0,30.0,51.12,0.8701,245,-0.5916,-0.18,-0.18,-0.039,0.0784,0.7077,
835,27.8333,True,-1.2963,88.7037,91.2963,,,,8.5333,256.0,30.0,52.45,0.8694,244,-0.1223,-0.18,-0.18,0.5911,0.102,0.7224,
836,27.8667,True,-1.337,88.663,91.337,,,,8.5333,256.0,30.0,50.2,0.8678,242,0.2569,-0.18,-0.18,0.2969,0.0215,0.7356,
837,27.9,True,-1.4375,88.5625,91.4375,,,,8.4333,253.0,30.0,46.97,0.8576,242,0.167,0.14,0.14,-0.3689,0.1683,0.7413,
838,27.9333,True,-1.4957,88.5043,91.4957,,,,8.4333,253.0,30.0,46.83,0.8528,238,0.1085,0.18,0.18,-0.9966,0.3198,0.7386,
839,27.9667,True,-1.418,88.582,91.418,,,,8.6333,259.0,30.0,46.71,0.8546,242,-0.7808,0.18,0.18,-0.841,0.3351,0.7377,
840,28.0,True,-1.3835,88.6165,91.3835,,,,8.6129,267.0,31.0,41.14,0.8398,244,-0.5075,0.18,0.18,-0.3055,0.4036,0.7318,
841,28.0333,True,-1.4704,88.5296,91.4704,,,,8.5806,266.0,31.0,40.67,0.8409,240,-0.534,0.18,0.18,0.0404,0.3386,0.7273,
842,28.0667,True,-1.4554,88.5446,91.4554,,,,8.9667,269.0,30.0,43.02,0.8449,257,-0.5348,0.18,0.18,-0.1017,0.2522,0.7238,
843,28.1,True,-1.4482,88.5518,91.4482,,,,8.6129,267.0,31.0,43.49,0.8518,255,-0.273,0.18,0.18,-0.1868,0.2829,0.7232,
844,28.1333,True,-1.4337,88.5663,91.4337,,,,8.9,267.0,30.0,42.76,0.851,253,-0.1775,0.18,0.18,-0.1531,0.3463,0.7274,
845,28.1667,True,-1.3755,88.6245,91.3755,,,,8.9,267.0,30.0,43.44,0.8447,254,-0.1153,0.18,0.18,-0.2437,0.3478,0.7344,
846,28.2,True,-1.3884,88.6116,91.3884,,,,8.7742,272.0,31.0,40.03,0.8275,255,0.0775,0.18,0.18,-0.1897,0.1618,0.7384,
847,28.2333,True,-1.3833,88.6167,91.3833,,,,8.7742,272.0,31.0,40.66,0.8343,261,0.5263,0.18,0.18,-0.2023,0.1235,0.7428,
848,28.2667,True,-1.4006,88.5994,91.4006,,,,8.7742,272.0,31.0,41.01,0.8418,260,0.3421,0.18,0.18,-0.1906,0.1458,0.7447,
849,28.3,True,-1.3695,88.6305,91.3695,,,,9.1,273.0,30.0,45.59,0.8391,259,0.2755,0.18,0.18,-0.4181,0.1155,0.7532,
850,28.3333,True,-1.4038,88.5962,91.4038,,,,8.7419,271.0,31.0,45.75,0.8402,258,0.1259,0.18,0.18,-0.0179,0.5203,0.7586,
851,28.3667,True,-1.361,88.639,91.361,,,,8.7419,271.0,31.0,45.77,0.8475,257,0.135,0.18,0.18,0.0537,0.2325,0.7619,
852,28.4,True,-1.3807,88.6193,91.3807,,,,8.8387,274.0,31.0,47.24,0.8279,260,0.1153,0.18,0.18,-0.1883,0.1535,0.7684,
853,28.4333,True,-1.3717,88.6283,91.3717,,,,8.8387,274.0,31.0,47.02,0.8283,260,0.1693,0.18,0.18,-0.5066,-0.1465,0.775,
854,28.4667,True,-1.3923,88.6077,91.3923,,,,8.6774,269.0,31.0,46.53,0.8186,254,0.0157,0.18,0.18,-0.8021,0.3842,0.7834,
855,28.5,True,-1.4602,88.5398,91.4602,,,,8.4839,263.0,31.0,46.5,0.8267,249,0.0102,0.2,0.2,-0.7355,0.4622,0.7973,
856,28.5333,True,-1.3988,88.6012,91.3988,,,,8.5806,266.0,31.0,47.5,0.8203,252,-0.1146,0.2,0.2,-0.6719,0.2488,0.7964,
857,28.5667,True,-1.4155,88.5845,91.4155,,,,8.6129,267.0,31.0,47.09,0.8287,253,-0.1429,0.2,0.2,-0.4483,0.3108,0.8037,
858,28.6,True,-1.2959,88.7041,91.2959,,,,8.9032,276.0,31.0,46.86,0.8128,263,-0.0929,0.2,0.2,-0.4626,0.1069,0.8081,
859,28.6333,True,-1.2384,88.7616,91.2384,,,,8.871,275.0,31.0,46.06,0.8185,261,-0.0604,0.18,0.18,-0.4944,0.2218,0.8107,
860,28.6667,True,-1.2153,88.7847,91.2153,,,,8.9355,277.0,31.0,45.99,0.8248,262,1.0413,0.18,0.18,-0.5207,0.2322,0.8137,
861,28.7,True,-1.2125,88.7875,91.2125,,,,9.0,279.0,31.0,46.37,0.826,265,1.2799,0.18,0.18,-0.7957,0.2975,0.82,
862,28.7333,True,-1.197,88.803,91.197,,,,9.0,279.0,31.0,46.67,0.8293,263,1.075,0.18,0.18,-0.7848,-0.0033,0.8233,
863,28.7667,True,-1.1729,88.8271,91.1729,,,,9.0,279.0,31.0,46.05,0.8263,265,0.7278,0.2,0.2,-0.7362,-0.1685,0.8259,
864,28.8,True,-1.1693,88.8307,91.1693,,,,9.0,279.0,31.0,43.97,0.8458,265,0.6364,0.18,0.18,-0.776,0.3253,0.8279,
865,28.8333,True,-1.2021,88.7979,91.2021,,,,9.0645,281.0,31.0,44.61,0.8563,264,0.4137,0.18,0.18,-0.8614,0.6362,0.8333,
866,28.8667,True,-1.3079,88.6921,91.3079,,,,9.3667,281.0,30.0,45.06,0.8711,266,0.2689,0.18,0.18,-1.0821,0.628,0.8272,
867,28.9,True,-1.2812,88.7188,91.2812,,,,9.3667,281.0,30.0,43.99,0.8621,266,0.1206,0.2,0.2,-1.1438,0.8716,0.8298,
868,28.9333,True,-1.3934,88.6066,91.3934,,,,9.3667,281.0,30.0,44.27,0.8603,266,-0.7521,0.2,0.2,-0.8625,0.8644,0.8271,
869,28.9667,True,-1.4587,88.5413,91.4587,,,,9.3667,281.0,30.0,44.53,0.8628,266,-0.7694,0.2,0.2,-0.8891,0.863,0.8328,
870,29.0,True,-1.3677,88.6323,91.3677,,,,9.4333,283.0,30.0,39.1,0.852,268,-1.1281,0.2,0.2,-0.6475,0.7549,0.8337,
871,29.0333,True,-1.41,88.59,91.41,,,,9.129,283.0,31.0,44.08,0.8615,269,-1.0027,0.2,0.2,-0.1063,0.5446,0.8296,
872,29.0667,True,-1.4764,88.5236,91.4764,,,,9.129,283.0,31.0,43.16,0.8565,269,-0.8258,0.2,0.2,-0.1219,0.4015,0.8313,
873,29.1,True,-1.5411,88.4589,91.5411,,,,9.4667,284.0,30.0,39.74,0.8496,269,-1.0484,0.2,0.2,-0.0165,-0.1915,0.8322,
874,29.1333,True,-1.5368,88.4632,91.5368,,,,9.5,285.0,30.0,38.75,0.8491,270,-0.8669,0.2,0.2,0.1463,-0.2976,0.8282,
875,29.1667,True,-1.5706,88.4294,91.5706,,,,9.5333,286.0,30.0,38.96,0.8417,271,-1.1981,0.2,0.2,-0.2176,-0.0131,0.8258,
876,29.2,True,-1.5397,88.4603,91.5397,,,,9.5333,286.0,30.0,41.38,0.837,271,-0.8094,0.2,0.2,-0.5159,-0.2368,0.8257,
877,29.2333,True,-1.5658,88.4342,91.5658,,,,9.5,285.0,30.0,42.25,0.8279,270,-0.5408,0.2,0.2,-0.4328,-0.0759,0.8282,
878,29.2667,True,-1.5959,88.4041,91.5959,,,,9.5,285.0,30.0,42.76,0.8279,270,-0.6109,0.2,0.2,-0.4344,0.0877,0.8282,
879,29.3,True,-1.6106,88.3894,91.6106,,,,9.6,288.0,30.0,43.49,0.8275,274,-0.4471,0.2,0.2,-0.5379,0.1558,0.835,
880,29.3333,True,-1.6722,88.3278,91.6722,,,,9.5667,287.0,30.0,43.12,0.8287,270,-0.5563,0.2,0.2,-0.3673,0.0764,0.8443,
881,29.3667,True,-1.677,88.323,91.677,,,,9.5667,287.0,30.0,43.2,0.8216,272,-0.5166,0.2,0.2,-0.3992,0.0054,0.8476,
882,29.4,True,-1.6788,88.3212,91.6788,,,,8.9355,277.0,31.0,37.8,0.8205,266,-0.9819,0.2,0.2,-0.1724,-0.2022,0.8451,
883,29.4333,True,-1.6491,88.3509,91.6491,,,,9.0968,282.0,31.0,38.13,0.8146,273,-0.6382,0.2,0.2,-0.4497,-0.0976,0.8432,
884,29.4667,True,-1.6332,88.3668,91.6332,,,,9.4333,283.0,30.0,36.62,0.8105,270,-0.4148,0.2,0.2,-0.1844,0.1106,0.8461,
885,29.5,False,,,,,,,,,,,0.0,0,,0.2,0.2,-0.0428,0.1628,0.8388,no_mask
886,29.5333,False,,,,,,,,,,,0.0,0,,0.14,0.14,0.1217,0.1176,0.8361,no_mask
887,29.5667,False,,,,,,,,,,,0.0,0,,0.11,0.11,0.3702,-0.3717,0.8312,no_mask
888,29.6,True,-1.2456,88.7544,91.2456,,,,9.6,288.0,30.0,38.13,0.8196,275,,-0.14,-0.14,0.5683,-0.356,0.8269,
889,29.6333,True,-1.4482,88.5518,91.4482,,,,9.7931,284.0,29.0,36.24,0.7984,279,2.3844,-0.14,-0.14,0.6506,-0.9352,0.8253,
890,29.6667,True,-1.4408,88.5592,91.4408,,,,9.7241,282.0,29.0,35.08,0.8069,276,0.5646,-0.18,-0.18,0.7659,-0.917,0.8202,
891,29.7,True,-1.5295,88.4705,91.5295,,,,9.8276,285.0,29.0,37.44,0.7946,285,0.3279,-0.18,-0.18,0.6668,-1.0443,0.8082,
892,29.7333,True,-1.5281,88.4719,91.5281,,,,9.7241,282.0,29.0,37.24,0.7958,283,0.174,-0.18,-0.18,0.6809,-1.0566,0.8084,
893,29.7667,True,-1.4195,88.5805,91.4195,,,,9.8621,286.0,29.0,38.05,0.8167,283,0.1131,-0.16,-0.16,0.5994,-0.7375,0.855,
894,29.8,True,-1.2975,88.7025,91.2975,,,,9.8276,285.0,29.0,37.56,0.8078,285,0.1518,0.16,0.16,-0.0307,-0.6286,0.8868,
895,29.8333,True,-1.4265,88.5735,91.4265,,,,9.8276,285.0,29.0,38.58,0.7984,284,0.2488,-0.2,-0.2,1.1995,-0.7136,0.8614,
896,29.8667,True,-1.4012,88.5988,91.4012,,,,9.5862,278.0,29.0,38.89,0.8037,277,0.2351,-0.2,-0.2,0.5182,-1.1424,0.8374,
897,29.9,True,-1.3352,88.6648,91.3352,,,,9.7586,283.0,29.0,38.8,0.8125,284,0.3445,-0.2,-0.2,0.605,-0.9786,0.8218,
898,29.9333,True,-1.3391,88.6609,91.3391,,,,9.7586,283.0,29.0,39.33,0.8084,284,0.8757,-0.2,-0.2,0.5413,-1.0093,0.8444,
899,29.9667,True,-1.3474,88.6526,91.3474,,,,9.7586,283.0,29.0,39.34,0.8063,284,0.483,-0.16,-0.16,0.7175,-0.8562,0.87,
900,30.0,True,-1.3343,88.6657,91.3343,,,,9.4,282.0,30.0,41.98,0.8543,283,0.4002,0.2,0.2,0.0892,-0.6311,0.8747,
901,30.0333,True,-1.3506,88.6494,91.3506,,,,9.4,282.0,30.0,42.41,0.8495,283,0.2601,0.2,0.2,-0.3163,-0.547,0.875,
902,30.0667,True,-1.3722,88.6278,91.3722,,,,9.4333,283.0,30.0,42.81,0.845,284,0.0828,0.2,0.2,-0.4287,-0.4879,0.8752,
903,30.1,True,-1.4167,88.5833,91.4167,,,,9.3667,281.0,30.0,41.51,0.831,282,0.0198,0.2,0.2,-0.2894,-0.5129,0.8801,
904,30.1333,True,-1.4403,88.5597,91.4403,,,,9.3667,281.0,30.0,41.0,0.8245,282,-0.2138,0.2,0.2,-0.3141,-0.5708,0.8743,
905,30.1667,True,-1.3959,88.6041,91.3959,,,,9.3667,281.0,30.0,40.82,0.8206,282,-0.3885,0.16,0.16,-0.2333,-0.5556,0.8795,
906,30.2,True,-1.3023,88.6977,91.3023,,,,9.3333,280.0,30.0,39.81,0.8333,281,-0.2525,0.12,0.12,-0.1841,-0.7055,0.878,
907,30.2333,True,-1.2662,88.7338,91.2662,,,,9.3333,280.0,30.0,39.17,0.8257,281,-0.1641,0.12,0.12,0.1421,-0.726,0.8712,
908,30.2667,True,-1.2378,88.7622,91.2378,,,,9.3333,280.0,30.0,38.89,0.8153,281,0.8766,-0.16,-0.16,0.2523,-0.833,0.87,
909,30.3,True,-1.4253,88.5747,91.4253,,,,9.4,282.0,30.0,38.87,0.8,283,0.5698,-0.2,-0.2,0.4377,-0.5047,0.8622,
910,30.3333,True,-1.1604,88.8396,91.1604,,,,9.3667,281.0,30.0,40.98,0.8008,237,0.7491,-0.2,-0.2,0.6341,-0.5172,0.8568,
911,30.3667,True,-1.3456,88.6544,91.3456,,,,9.3333,280.0,30.0,38.81,0.777,258,0.4869,-0.2,-0.2,0.617,-0.2909,0.8587,
912,30.4,True,-1.2188,88.7812,91.2188,,,,9.4667,284.0,30.0,38.41,0.8102,285,0.615,-0.2,-0.2,0.6464,-0.8488,0.8591,
913,30.4333,True,-1.2602,88.7398,91.2602,,,,9.4333,283.0,30.0,38.81,0.8159,282,0.1641,-0.2,-0.2,0.6091,-0.7579,0.8591,
914,30.4667,True,-1.3151,88.6849,91.3151,,,,9.4333,283.0,30.0,40.03,0.811,281,0.1066,-0.2,-0.2,0.6753,-0.6681,0.8598,
915,30.5,True,-1.3686,88.6314,91.3686,,,,9.5,285.0,30.0,39.13,0.8191,284,-0.5069,-0.2,-0.2,0.5824,-0.6612,0.8629,
916,30.5333,True,-1.4355,88.5645,91.4355,,,,9.8276,285.0,29.0,38.51,0.8072,277,-0.3295,-0.2,-0.2,0.3487,-0.5686,0.8691,
917,30.5667,True,-1.2658,88.7342,91.2658,,,,9.5,285.0,30.0,39.15,0.824,283,-0.2142,-0.2,-0.2,0.3409,-0.5317,0.8704,
918,30.6,True,-1.218,88.782,91.218,,,,9.7241,282.0,29.0,38.92,0.8426,273,-0.1392,-0.2,-0.2,0.1976,-0.4975,0.8717,
919,30.6333,True,-1.1771,88.8229,91.1771,,,,9.7241,282.0,29.0,38.85,0.8492,271,0.4274,-0.2,-0.2,0.246,-0.3895,0.8719,
920,30.6667,True,-1.1108,88.8892,91.1108,,,,9.7241,282.0,29.0,38.56,0.8545,272,0.7801,-0.2,-0.2,0.0861,-0.5334,0.8731,
921,30.7,True,-1.0642,88.9358,91.0642,,,,9.6552,280.0,29.0,38.09,0.8593,269,0.9365,-0.2,-0.2,0.3983,-0.9235,0.868,
922,30.7333,True,-1.0829,88.9171,91.0829,,,,9.5172,276.0,29.0,38.18,0.8615,272,1.3046,-0.2,-0.2,0.3971,-0.1256,0.8698,
923,30.7667,True,-0.9843,89.0157,90.9843,,,,9.5862,278.0,29.0,38.25,0.8624,243,1.1406,-0.2,-0.2,0.3746,-0.1821,0.8695,
924,30.8,True,-0.7352,89.2648,90.7352,,,,9.3667,281.0,30.0,36.29,0.8741,280,0.9376,-0.2,-0.2,0.363,1.4346,0.87,
925,30.8333,True,-0.6559,89.3441,90.6559,,,,9.6207,279.0,29.0,36.74,0.8773,253,1.4484,-0.22,-0.22,0.2992,1.7259,0.8714,
926,30.8667,True,-0.7184,89.2816,90.7184,,,,9.5517,277.0,29.0,36.61,0.8701,245,3.5572,-0.2,-0.2,0.6489,2.1223,0.8637,
927,30.9,True,-0.7015,89.2985,90.7015,,,,9.5172,276.0,29.0,36.9,0.8753,254,2.4889,-0.2,-0.2,0.7267,2.2066,0.8591,
928,30.9333,True,-0.6322,89.3678,90.6322,,,,9.5517,277.0,29.0,37.07,0.8685,256,1.7949,-0.2,-0.2,0.6362,2.3436,0.8595,
929,30.9667,True,-0.7576,89.2424,90.7576,,,,8.8621,257.0,29.0,36.69,0.8597,242,1.1667,-0.2,-0.2,0.6256,2.4321,0.8604,
930,31.0,True,-0.6214,89.3786,90.6214,,,,8.8621,257.0,29.0,36.69,0.8643,249,0.7584,-0.2,-0.2,0.5799,3.0898,0.861,
931,31.0333,True,-0.5947,89.4053,90.5947,,,,8.9655,260.0,29.0,36.34,0.8564,259,1.2204,-0.22,-0.22,0.51,3.2266,0.8619,
932,31.0667,True,-0.5045,89.4955,90.5045,,,,9.3793,272.0,29.0,35.54,0.8587,272,0.907,-0.22,-0.22,0.3688,3.4054,0.8603,
933,31.1,True,-0.3125,89.6875,90.3125,,,,10.0714,282.0,28.0,35.7,0.8626,275,0.8703,-0.22,-0.22,0.1081,3.8961,0.8588,
934,31.1333,True,-0.2502,89.7498,90.2502,,,,10.1786,285.0,28.0,36.08,0.8614,278,1.5126,-0.22,-0.22,0.1165,3.7753,0.8597,
935,31.1667,True,-0.1153,89.8847,90.1153,,,,10.3571,290.0,28.0,35.99,0.8677,283,2.9995,-0.22,-0.22,0.1391,3.797,0.8598,
936,31.2,True,-0.0202,89.9798,90.0202,,,,10.3929,291.0,28.0,36.22,0.8723,283,2.6034,-0.22,-0.22,0.1446,3.8698,0.8606,
937,31.2333,True,0.1235,89.8765,89.8765,,,,10.3929,291.0,28.0,35.71,0.8761,284,3.1088,-0.22,-0.22,0.1397,3.919,0.8611,
938,31.2667,True,0.1923,89.8077,89.8077,,,,10.3929,291.0,28.0,35.4,0.8856,276,3.0192,-0.22,-0.22,0.1192,3.894,0.8613,
939,31.3,True,0.1981,89.8019,89.8019,,,,10.3929,291.0,28.0,35.0,0.8785,284,3.4715,-0.22,-0.22,0.0435,3.9379,0.8553,
940,31.3333,True,0.5884,89.4116,89.4116,,,,8.75,245.0,28.0,35.32,0.8715,233,2.9784,-0.22,-0.22,0.0536,3.9882,0.856,
941,31.3667,True,0.3852,89.6148,89.6148,,,,9.2963,251.0,27.0,36.34,0.9077,247,1.9972,-0.22,-0.22,-0.1393,4.1646,0.8508,
942,31.4,True,0.4028,89.5972,89.5972,,,,6.9259,187.0,27.0,37.98,0.9014,168,3.2621,-0.22,-0.22,0.1803,4.0338,0.8637,
943,31.4333,True,0.3648,89.6352,89.6352,,,,6.9259,187.0,27.0,36.68,0.9085,167,2.1204,-0.22,-0.22,0.1921,4.1121,0.862,
944,31.4667,True,0.1989,89.8011,89.8011,,,,8.7407,236.0,27.0,36.17,0.9113,200,1.3782,-0.22,-0.22,0.1704,4.2463,0.8558,
945,31.5,True,0.3511,89.6489,89.6489,,,,6.9259,187.0,27.0,37.44,0.9123,186,0.6822,-0.22,-0.22,0.1584,4.4569,0.8489,
946,31.5333,True,0.214,89.786,89.786,,,,8.3333,225.0,27.0,38.2,0.9119,189,0.2994,-0.22,-0.22,0.2583,4.2883,0.8495,
947,31.5667,True,0.1824,89.8176,89.8176,,,,8.1481,220.0,27.0,36.92,0.9053,185,-1.2451,-0.22,-0.22,0.4737,4.1142,0.8495,
948,31.6,True,0.1729,89.8271,89.8271,,,,7.1852,194.0,27.0,38.05,0.9125,193,-0.9681,-0.22,-0.22,0.3019,4.3303,0.8553,
949,31.6333,True,0.1425,89.8575,89.8575,,,,9.2593,250.0,27.0,38.3,0.9193,218,-0.8018,-0.22,-0.22,0.2253,3.9931,0.8696,
950,31.6667,True,0.0,90.0,90.0,,,,8.5556,231.0,27.0,38.5,0.8672,112,-0.6211,-0.22,-0.22,0.2425,3.889,0.8748,
951,31.7,True,0.0861,89.9139,89.9139,,,,8.1852,221.0,27.0,38.96,0.9132,191,-0.7226,-0.22,-0.22,0.0782,3.7676,0.8863,
952,31.7333,True,0.0891,89.9109,89.9109,,,,8.1852,221.0,27.0,39.55,0.9147,191,-1.0306,-0.22,-0.22,0.1175,3.8927,0.8899,
953,31.7667,True,0.0722,89.9278,89.9278,,,,8.1852,221.0,27.0,40.11,0.9193,191,-0.7013,-0.22,-0.22,-0.146,3.5388,0.897,
954,31.8,True,0.1104,89.8896,89.8896,,,,8.5185,230.0,27.0,40.89,0.9195,198,-0.4558,-0.22,-0.22,-0.3332,3.4149,0.9012,
955,31.8333,True,0.1229,89.8771,89.8771,,,,8.1852,221.0,27.0,41.09,0.9137,191,-0.2649,-0.22,-0.22,-0.3436,3.3739,0.9003,
956,31.8667,True,0.1161,89.8839,89.8839,,,,8.3704,226.0,27.0,40.73,0.917,196,0.0512,-0.22,-0.22,-0.2006,3.4144,0.9,
957,31.9,True,0.1033,89.8967,89.8967,,,,8.4815,229.0,27.0,40.51,0.9234,198,0.0333,-0.18,-0.18,-0.1769,3.4697,0.9,
958,31.9333,True,0.0819,89.9181,89.9181,,,,8.3333,225.0,27.0,41.02,0.9179,196,0.0216,-0.18,-0.18,-0.0986,3.3344,0.8903,
959,31.9667,True,0.08,89.92,89.92,,,,8.4074,227.0,27.0,40.4,0.9176,198,-0.0599,-0.2,-0.2,0.0272,3.357,0.8833,
960,32.0,True,-0.3239,89.6761,90.3239,,,,8.8214,247.0,28.0,39.68,0.9003,234,-0.2637,-0.18,-0.18,-0.1453,3.4288,0.8758,
961,32.0333,False,,,,,,,,,,,0.0,0,,-0.18,-0.18,-0.3043,3.4902,0.8708,no_mask
962,32.0667,False,,,,,,,,,,,0.0,0,,-0.22,-0.22,-0.2506,3.525,0.8651,no_mask
963,32.1,False,,,,,,,,,,,0.0,0,,-0.22,-0.22,-0.328,3.5249,0.8583,no_mask
964,32.1333,True,0.1494,89.8506,89.8506,,,,7.8966,229.0,29.0,38.69,0.8581,218,,-0.22,-0.22,-0.3394,3.5793,0.8586,
965,32.1667,True,0.2578,89.7422,89.7422,,,,7.6552,222.0,29.0,38.83,0.8606,210,1.7878,-0.22,-0.22,-0.1745,3.7401,0.8546,
966,32.2,True,0.3981,89.6019,89.6019,,,,7.6207,221.0,29.0,39.31,0.8577,197,1.7316,-0.22,-0.22,-0.1837,3.7791,0.8552,
967,32.2333,True,0.3204,89.6796,89.6796,,,,7.5862,220.0,29.0,39.34,0.8508,207,1.4539,-0.22,-0.22,-0.1748,3.7649,0.8541,
968,32.2667,True,0.3278,89.6722,89.6722,,,,7.5862,220.0,29.0,38.5,0.8503,207,1.2735,-0.22,-0.22,-0.151,3.7451,0.8541,
969,32.3,True,0.3809,89.6191,89.6191,,,,7.5517,219.0,29.0,37.96,0.8484,206,0.9059,-0.22,-0.22,-0.0713,3.8264,0.8485,
970,32.3333,True,0.4336,89.5664,89.5664,,,,7.3448,213.0,29.0,37.96,0.8465,199,1.146,-0.22,-0.22,0.1143,4.0195,0.8416,
971,32.3667,True,0.4443,89.5557,89.5557,,,,7.3103,212.0,29.0,37.15,0.8384,199,0.7449,-0.22,-0.22,-0.0271,4.2537,0.8384,
972,32.4,True,0.5233,89.4767,89.4767,,,,7.2759,211.0,29.0,37.39,0.8447,197,1.0371,-0.22,-0.22,-0.0069,4.3759,0.838,
973,32.4333,True,0.5561,89.4439,89.4439,,,,7.2759,211.0,29.0,37.22,0.8576,197,0.7871,-0.22,-0.22,-0.203,4.3948,0.8309,
974,32.4667,True,0.553,89.447,89.447,,,,7.2759,211.0,29.0,37.55,0.8534,197,1.3408,-0.22,-0.22,-0.2124,4.5219,0.8305,
975,32.5,True,0.5664,89.4336,89.4336,,,,7.2759,211.0,29.0,37.53,0.8525,197,1.1833,-0.22,-0.22,-0.2424,4.5232,0.8293,
976,32.5333,True,0.5651,89.4349,89.4349,,,,7.2414,210.0,29.0,37.73,0.8534,196,0.8016,-0.22,-0.22,-0.1946,4.7239,0.8258,
977,32.5667,True,0.5824,89.4176,89.4176,,,,7.2414,210.0,29.0,37.82,0.8576,196,0.6157,-0.22,-0.22,-0.2646,4.6599,0.8256,
978,32.6,True,0.5826,89.4174,89.4174,,,,7.2069,209.0,29.0,37.4,0.8522,195,0.4143,-0.22,-0.22,-0.1715,4.6321,0.8231,
979,32.6333,True,0.6646,89.3354,89.3354,,,,7.2414,210.0,29.0,37.11,0.8508,196,0.4366,-0.22,-0.22,-0.0968,4.6676,0.8158,
980,32.6667,True,0.6805,89.3195,89.3195,,,,7.2759,211.0,29.0,37.26,0.8488,196,0.2867,-0.22,-0.22,-0.1029,4.7685,0.8102,
981,32.7,True,0.6543,89.3457,89.3457,,,,7.069,205.0,29.0,36.95,0.8404,190,0.9389,-0.22,-0.22,-0.1393,4.841,0.8051,
982,32.7333,True,0.6498,89.3502,89.3502,,,,7.069,205.0,29.0,36.83,0.8213,190,0.6103,-0.22,-0.22,-0.1143,4.8598,0.7994,
983,32.7667,True,0.6607,89.3393,89.3393,,,,7.0,203.0,29.0,37.09,0.8237,188,0.4641,-0.22,-0.22,-0.0017,5.0001,0.7932,
984,32.8,True,0.8133,89.1867,89.1867,,,,7.069,205.0,29.0,39.26,0.8556,192,0.3017,-0.14,-0.14,-0.1701,0.9181,0.796,
985,32.8333,True,0.7324,89.2676,89.2676,,,,6.8,204.0,30.0,39.6,0.8466,198,0.1961,-0.11,-0.11,-0.1051,0.3255,0.7978,
986,32.8667,False,,,,,,,,,,,0.0,0,,-0.11,-0.11,-0.1613,0.2829,0.807,no_mask
987,32.9,False,,,,,,,,,,,0.0,0,,-0.09,-0.09,-0.2602,-0.0399,0.8085,no_mask
988,32.9333,False,,,,,,,,,,,0.0,0,,-0.09,-0.09,-0.1455,-0.0419,0.8101,no_mask
989,32.9667,True,0.7098,89.2902,89.2902,,,,6.6207,192.0,29.0,38.38,0.874,161,,-0.09,-0.09,-0.1513,0.0134,0.8129,
990,33.0,True,0.6802,89.3198,89.3198,,,,6.3667,191.0,30.0,40.73,0.871,184,0.221,-0.09,-0.09,-0.1632,0.0067,0.8113,
991,33.0333,True,0.6986,89.3014,89.3014,,,,6.6207,192.0,29.0,41.67,0.8768,181,0.1813,-0.11,-0.11,-0.1397,0.0829,0.8315,
992,33.0667,True,0.6279,89.3721,89.3721,,,,6.3333,190.0,30.0,41.12,0.8799,184,0.0215,-0.11,-0.11,-0.178,0.0294,0.8399,
993,33.1,True,0.723,89.277,89.277,,,,6.3667,191.0,30.0,40.33,0.8849,184,0.1103,-0.11,-0.11,-0.0918,0.0807,0.8455,
994,33.1333,True,0.8213,89.1787,89.1787,,,,6.3667,191.0,30.0,39.68,0.8842,184,0.0717,0.09,0.09,-0.1319,0.0749,0.8518,
995,33.1667,True,0.8199,89.1801,89.1801,,,,6.4,192.0,30.0,39.43,0.8941,186,0.3027,-0.07,-0.07,-0.0774,0.0396,0.8592,
996,33.2,True,0.9086,89.0914,89.0914,,,,6.4,192.0,30.0,39.65,0.8772,162,1.2143,0.05,0.05,-0.1109,0.0451,0.8629,
997,33.2333,True,1.0073,88.9927,88.9927,,,,6.6552,193.0,29.0,38.29,0.8847,184,0.8037,-0.11,-0.11,-0.0657,0.0671,0.8511,
998,33.2667,True,0.9958,89.0042,89.0042,,,,6.3667,191.0,30.0,37.68,0.8797,186,1.4394,-0.11,-0.11,-0.1563,0.0592,0.8474,
999,33.3,True,1.0221,88.9779,88.9779,,,,6.6552,193.0,29.0,37.55,0.8807,185,1.8514,-0.11,-0.11,-0.3054,0.1024,0.8343,
1000,33.3333,True,0.933,89.067,89.067,,,,6.8276,198.0,29.0,37.74,0.8584,168,1.2034,-0.09,-0.09,-0.3676,0.1189,0.8276,
1001,33.3667,True,0.8601,89.1399,89.1399,,,,6.7,201.0,30.0,37.27,0.8786,197,0.7822,-0.09,-0.09,-0.3677,0.0592,0.8247,
1002,33.4,True,0.8755,89.1245,89.1245,,,,6.7333,202.0,30.0,36.83,0.8763,198,-0.151,-0.09,-0.09,-0.3571,0.1271,0.8185,
1003,33.4333,True,0.8988,89.1012,89.1012,,,,6.7333,202.0,30.0,36.78,0.8796,198,-0.4575,-0.09,-0.09,-0.3116,0.1772,0.8109,
1004,33.4667,True,0.9035,89.0965,89.0965,,,,6.5667,197.0,30.0,37.87,0.8786,196,-0.2974,-0.09,-0.09,-0.3048,0.1273,0.8081,
1005,33.5,True,1.0116,88.9884,88.9884,,,,6.6333,199.0,30.0,37.28,0.8825,183,-0.1933,-0.09,-0.09,-0.2994,0.1035,0.8051,
1006,33.5333,True,1.0209,88.9791,88.9791,,,,6.6667,200.0,30.0,36.95,0.8806,183,-0.0763,-0.09,-0.09,-0.3011,0.0644,0.804,
1007,33.5667,True,1.0858,88.9142,88.9142,,,,6.7,201.0,30.0,36.81,0.883,181,1.085,-0.09,-0.09,-0.3187,0.0679,0.804,
1008,33.6,True,1.096,88.904,88.904,,,,6.7333,202.0,30.0,36.38,0.8795,186,0.8032,-0.09,-0.09,-0.3126,0.0782,0.803,
1009,33.6333,True,1.0714,88.9286,88.9286,,,,6.7333,202.0,30.0,36.58,0.8759,202,1.0524,-0.09,-0.09,-0.132,0.0894,0.7983,
1010,33.6667,True,1.1201,88.8799,88.8799,,,,6.7333,202.0,30.0,36.71,0.8774,200,0.8351,-0.09,-0.09,-0.1263,0.0905,0.7985,
1011,33.7,True,1.2521,88.7479,88.7479,,,,6.931,201.0,29.0,36.86,0.8818,177,0.6505,-0.09,-0.09,-0.1263,0.0897,0.7986,
1012,33.7333,True,1.2299,88.7701,88.7701,,,,6.7333,202.0,30.0,37.03,0.8941,199,0.6757,-0.09,-0.09,-0.165,0.0914,0.7985,
1013,33.7667,True,1.2201,88.7799,88.7799,,,,6.7,201.0,30.0,36.78,0.8925,197,1.4894,-0.09,-0.09,-0.1651,0.0539,0.7991,
1014,33.8,True,1.2226,88.7774,88.7774,,,,6.7,201.0,30.0,37.21,0.8888,196,0.9941,-0.09,-0.09,-0.1803,0.0469,0.7995,
1015,33.8333,True,1.2145,88.7855,88.7855,,,,6.7,201.0,30.0,37.15,0.8839,196,0.6462,-0.09,-0.09,-0.322,0.0367,0.8065,
1016,33.8667,True,1.1699,88.8301,88.8301,,,,6.3871,198.0,31.0,37.4,0.8779,199,0.394,-0.09,-0.09,-0.3103,0.0115,0.8068,
1017,33.9,True,1.1855,88.8145,88.8145,,,,6.7333,202.0,30.0,37.55,0.8569,198,0.1969,-0.09,-0.09,-0.313,0.0212,0.8072,
1018,33.9333,True,1.1917,88.8083,88.8083,,,,6.7,201.0,30.0,37.68,0.8586,196,-0.1118,-0.09,-0.09,-0.3228,0.0179,0.8074,
1019,33.9667,True,1.1879,88.8121,88.8121,,,,6.7,201.0,30.0,37.3,0.8494,196,-0.112,-0.09,-0.09,-0.3081,0.0317,0.8121,
1020,34.0,True,1.234,88.766,88.766,,,,6.7,201.0,30.0,38.68,0.8549,195,-0.0728,-0.09,-0.09,-0.3046,0.0019,0.8119,
1021,34.0333,True,1.2312,88.7688,88.7688,,,,6.7333,202.0,30.0,38.36,0.8592,195,-0.008,-0.09,-0.09,-0.4017,0.044,0.8127,
1022,34.0667,True,1.1599,88.8401,88.8401,,,,6.3871,198.0,31.0,38.14,0.8557,194,-0.0052,-0.09,-0.09,-0.3133,0.043,0.8144,
1023,34.1,True,1.1952,88.8048,88.8048,,,,6.6333,199.0,30.0,38.43,0.8621,191,0.0338,-0.09,-0.09,-0.3043,0.0435,0.8148,
1024,34.1333,True,1.1447,88.8553,88.8553,,,,6.7,201.0,30.0,38.57,0.8518,192,0.022,-0.09,-0.09,-0.3012,0.0507,0.815,
1025,34.1667,True,1.2444,88.7556,88.7556,,,,6.7,201.0,30.0,38.59,0.8638,192,0.0143,-0.09,-0.09,-0.3086,0.0337,0.8151,
1026,34.2,True,1.22,88.78,88.78,,,,6.7,201.0,30.0,38.45,0.8701,194,0.0093,-0.09,-0.09,-0.2728,0.0309,0.8202,
1027,34.2333,True,1.2522,88.7478,88.7478,,,,6.7,201.0,30.0,38.7,0.8627,194,0.2662,-0.09,-0.09,-0.2803,0.0216,0.8204,
1028,34.2667,True,1.2123,88.7877,88.7877,,,,6.7,201.0,30.0,38.4,0.8679,194,0.173,-0.09,-0.09,-0.2875,0.0385,0.8205,
1029,34.3,True,1.1843,88.8157,88.8157,,,,6.7,201.0,30.0,39.05,0.8653,195,0.1125,-0.09,-0.09,-0.3059,-0.0237,0.819,
1030,34.3333,True,1.2053,88.7947,88.7947,,,,6.7,201.0,30.0,39.18,0.8729,194,-0.0077,-0.09,-0.09,-0.2291,0.0307,0.8255,
1031,34.3667,True,1.2021,88.7979,88.7979,,,,6.7,201.0,30.0,39.06,0.8652,194,-0.0788,-0.09,-0.09,-0.2149,0.0691,0.8273,
1032,34.4,True,1.1402,88.8598,88.8598,,,,6.7,201.0,30.0,39.86,0.8708,192,-0.0838,-0.09,-0.09,-0.219,0.0861,0.8276,
1033,34.4333,True,1.1889,88.8111,88.8111,,,,6.7,201.0,30.0,40.2,0.8709,192,-0.1941,-0.09,-0.09,-0.2243,0.1053,0.8281,
1034,34.4667,True,1.2034,88.7966,88.7966,,,,6.7,201.0,30.0,40.76,0.8672,193,0.0134,-0.09,-0.09,-0.0356,0.0982,0.8317,
1035,34.5,True,1.1709,88.8291,88.8291,,,,6.6667,200.0,30.0,41.0,0.8838,191,-0.1308,-0.09,-0.09,-0.0419,0.102,0.8318,
1036,34.5333,True,1.3172,88.6828,88.6828,,,,6.6333,199.0,30.0,40.96,0.8647,191,-0.085,-0.09,-0.09,0.022,0.1121,0.8421,
1037,34.5667,True,1.2926,88.7074,88.7074,,,,6.6333,199.0,30.0,41.17,0.871,189,0.0977,-0.09,-0.09,0.0127,0.1004,0.843,
1038,34.6,True,1.2654,88.7346,88.7346,,,,6.6333,199.0,30.0,41.51,0.8665,191,0.7146,-0.09,-0.09,0.0143,0.095,0.8447,
1039,34.6333,True,1.2941,88.7059,88.7059,,,,6.8621,199.0,29.0,42.01,0.8593,187,0.75,-0.09,-0.09,0.0089,0.0894,0.8451,
1040,34.6667,True,1.2807,88.7193,88.7193,,,,6.8276,198.0,29.0,42.34,0.843,186,0.4875,-0.03,-0.03,0.0295,0.0875,0.8516,
1041,34.7,True,1.3029,88.6971,88.6971,,,,6.7931,197.0,29.0,41.96,0.8575,182,0.3169,-0.03,-0.03,0.0319,0.106,0.8518,
1042,34.7333,True,1.2179,88.7821,88.7821,,,,7.0,196.0,28.0,40.87,0.839,180,0.0812,-0.09,-0.09,0.0511,0.0579,0.8474,
1043,34.7667,True,1.246,88.754,88.754,,,,6.9643,195.0,28.0,39.62,0.8297,179,0.0528,-0.14,-0.14,0.145,0.066,0.8356,
1044,34.8,True,1.1898,88.8102,88.8102,,,,6.9643,195.0,28.0,38.15,0.8197,180,-0.3309,-0.07,-0.07,0.0736,0.1175,0.8289,
1045,34.8333,True,1.1071,88.8929,88.8929,,,,6.9286,194.0,28.0,38.28,0.8076,177,-0.5094,-0.07,-0.07,0.0127,0.0921,0.8191,
1046,34.8667,True,1.2012,88.7988,88.7988,,,,6.9286,194.0,28.0,38.13,0.8176,179,-0.5066,-0.07,-0.07,-0.0536,0.0967,0.8141,
1047,34.9,True,1.2067,88.7933,88.7933,,,,6.9286,194.0,28.0,38.01,0.8188,179,-0.3293,0.07,0.07,-0.0409,0.1117,0.8163,
1048,34.9333,True,1.2688,88.7312,88.7312,,,,6.9286,194.0,28.0,38.02,0.8248,178,-0.214,0.07,0.07,-0.2074,0.0602,0.8172,
1049,34.9667,True,1.2705,88.7295,88.7295,,,,6.9286,194.0,28.0,38.02,0.8239,178,-0.0819,0.07,0.07,-0.2093,0.1011,0.819,
1050,35.0,True,1.3721,88.6279,88.6279,,,,6.6897,194.0,29.0,38.04,0.842,184,0.5996,-0.07,-0.07,-0.3341,0.0496,0.8169,
1051,35.0333,True,1.3669,88.6331,88.6331,,,,6.9643,195.0,28.0,37.8,0.8617,170,0.4069,-0.07,-0.07,-0.3112,0.0101,0.8108,
1052,35.0667,True,1.3415,88.6585,88.6585,,,,6.8571,192.0,28.0,37.72,0.863,168,1.0107,-0.05,-0.05,-0.3616,-0.0258,0.8077,
1053,35.1,True,1.3323,88.6677,88.6677,,,,6.8571,192.0,28.0,37.66,0.8527,173,0.6569,-0.05,-0.05,-0.3425,0.0139,0.8059,
1054,35.1333,True,1.3041,88.6959,88.6959,,,,6.6207,192.0,29.0,37.7,0.8556,181,0.427,-0.05,-0.05,-0.3213,0.0253,0.7993,
1055,35.1667,True,1.256,88.744,88.744,,,,6.8571,192.0,28.0,37.68,0.852,178,0.1809,-0.05,-0.05,-0.2607,0.0741,0.7963,
1056,35.2,True,1.2058,88.7942,88.7942,,,,6.6207,192.0,29.0,37.48,0.8528,181,-0.1787,-0.05,-0.05,-0.2433,0.0814,0.7959,
1057,35.2333,True,1.2133,88.7867,88.7867,,,,6.6207,192.0,29.0,37.44,0.8547,181,-0.6212,-0.05,-0.05,-0.2449,0.0841,0.7944,
1058,35.2667,True,1.2309,88.7691,88.7691,,,,6.6207,192.0,29.0,37.44,0.8537,181,-0.6679,-0.05,-0.05,-0.2478,0.0854,0.7945,
1059,35.3,True,1.1938,88.8062,88.8062,,,,6.6207,192.0,29.0,37.44,0.8498,181,-0.6185,-0.05,-0.05,-0.2385,0.0839,0.7949,
1060,35.3333,True,1.2037,88.7963,88.7963,,,,6.5862,191.0,29.0,37.73,0.8474,180,-0.4812,-0.05,-0.05,-0.2258,0.0877,0.7964,
1061,35.3667,True,1.1921,88.8079,88.8079,,,,6.6207,192.0,29.0,37.8,0.8603,181,-0.3348,-0.05,-0.05,-0.2446,0.0548,0.7968,
1062,35.4,True,1.267,88.733,88.733,,,,6.6897,194.0,29.0,39.08,0.8313,183,-0.2176,-0.05,-0.05,-0.2421,0.0438,0.7974,
1063,35.4333,True,1.356,88.644,88.644,,,,6.5862,191.0,29.0,39.1,0.8347,179,-0.1415,-0.05,-0.05,-0.3173,0.0378,0.8053,
1064,35.4667,True,1.2919,88.7081,88.7081,,,,6.3667,191.0,30.0,39.84,0.823,185,0.5732,-0.07,-0.07,-0.2766,0.0621,0.8124,
1065,35.5,True,1.3681,88.6319,88.6319,,,,6.5862,191.0,29.0,40.18,0.8289,180,0.6339,-0.07,-0.07,-0.3092,0.0417,0.8142,
1066,35.5333,True,1.3396,88.6604,88.6604,,,,6.3667,191.0,30.0,42.12,0.8229,188,0.9129,0.07,0.07,-0.2126,0.0433,0.8222,
1067,35.5667,True,1.2818,88.7182,88.7182,,,,6.4,192.0,30.0,41.85,0.8285,189,0.5934,-0.07,-0.07,-0.0411,0.0355,0.8305,
1068,35.6,True,1.2829,88.7171,88.7171,,,,6.4,192.0,30.0,41.99,0.8299,189,-0.1152,-0.07,-0.07,0.0382,0.0678,0.8388,
1069,35.6333,True,1.2936,88.7064,88.7064,,,,6.4,192.0,30.0,41.81,0.8299,189,-0.0571,-0.07,-0.07,0.0511,0.1115,0.8419,
1070,35.6667,True,1.3526,88.6474,88.6474,,,,6.4,192.0,30.0,41.66,0.8266,188,-0.0371,-0.07,-0.07,0.0591,0.115,0.8462,
1071,35.7,True,1.3126,88.6874,88.6874,,,,6.4,192.0,30.0,41.29,0.825,189,-0.0241,-0.07,-0.07,0.0628,0.092,0.8463,
1072,35.7333,True,1.3039,88.6961,88.6961,,,,6.4,192.0,30.0,41.56,0.8225,186,0.0929,-0.07,-0.07,0.0967,0.0254,0.8483,
1073,35.7667,True,1.3208,88.6792,88.6792,,,,6.4333,193.0,30.0,41.67,0.8152,190,0.1515,-0.07,-0.07,0.0909,0.0124,0.8486,
1074,35.8,True,1.3266,88.6734,88.6734,,,,6.4,192.0,30.0,41.93,0.816,188,0.1846,-0.12,-0.12,0.153,0.0347,0.8443,
1075,35.8333,True,1.2269,88.7731,88.7731,,,,6.2667,188.0,30.0,41.37,0.821,184,0.0339,-0.12,-0.12,0.1558,0.0161,0.8445,
1076,35.8667,True,1.3336,88.6664,88.6664,,,,6.3667,191.0,30.0,41.22,0.8165,187,0.1081,-0.12,-0.12,0.1434,0.0175,0.8445,
1077,35.9,True,1.3462,88.6538,88.6538,,,,6.3667,191.0,30.0,41.22,0.8188,187,0.131,-0.07,-0.07,0.0882,0.003,0.8461,
1078,35.9333,True,1.2893,88.7107,88.7107,,,,6.2333,187.0,30.0,41.12,0.8253,182,0.0851,-0.07,-0.07,0.0769,0.0129,0.8458,
1079,35.9667,True,1.4794,88.5206,88.5206,,,,6.5,195.0,30.0,41.29,0.81,189,0.1285,-0.07,-0.07,0.0737,-0.0006,0.8458,
1080,36.0,True,1.4814,88.5186,88.5186,,,,6.4667,194.0,30.0,41.14,0.8098,188,0.2158,-0.07,-0.07,0.0839,0.0225,0.8429,
1081,36.0333,True,1.5328,88.4672,88.4672,,,,6.3333,190.0,30.0,41.08,0.8245,184,1.5397,-0.07,-0.07,0.0823,0.0175,0.8428,
1082,36.0667,True,1.6015,88.3985,88.3985,,,,6.3,189.0,30.0,41.28,0.8358,182,1.0217,-0.07,-0.07,0.0856,0.03,0.8431,
1083,36.1,True,1.4945,88.5055,88.5055,,,,6.3333,190.0,30.0,40.54,0.8388,180,0.8015,-0.07,-0.07,0.0118,0.0202,0.8411,
1084,36.1333,True,1.4155,88.5845,88.5845,,,,6.1333,184.0,30.0,40.11,0.8571,175,0.521,-0.07,-0.07,0.0041,0.0354,0.8396,
1085,36.1667,True,1.4067,88.5933,88.5933,,,,6.1333,184.0,30.0,39.84,0.8667,174,0.3386,-0.07,-0.07,0.014,0.0083,0.8341,
1086,36.2,True,1.2375,88.7625,88.7625,,,,5.9032,183.0,31.0,39.31,0.871,181,-0.6098,-0.07,-0.07,0.0012,0.0742,0.8319,
1087,36.2333,True,1.3719,88.6281,88.6281,,,,6.1333,184.0,30.0,39.27,0.8738,175,-0.4889,0.07,0.07,-0.1895,0.0374,0.8235,
1088,36.2667,True,1.2957,88.7043,88.7043,,,,6.1,183.0,30.0,38.77,0.878,174,-0.683,0.07,0.07,-0.1789,-0.0051,0.8217,
1089,36.3,True,1.19,88.81,88.81,,,,5.871,182.0,31.0,38.69,0.8767,179,-1.2433,0.07,0.07,-0.2425,0.0559,0.8133,
1090,36.3333,True,1.1234,88.8766,88.8766,,,,5.8387,181.0,31.0,39.3,0.8929,181,-1.4198,0.07,0.07,-0.2606,0.0601,0.8114,
1091,36.3667,True,1.1779,88.8221,88.8221,,,,5.871,182.0,31.0,39.36,0.891,181,-1.4218,0.05,0.05,-0.2416,0.0596,0.8097,
1092,36.4,True,1.2076,88.7924,88.7924,,,,5.8387,181.0,31.0,39.24,0.8976,174,-0.9242,0.05,0.05,-0.2438,0.0684,0.8092,
1093,36.4333,True,1.1905,88.8095,88.8095,,,,5.8387,181.0,31.0,39.22,0.8929,174,-0.6007,0.05,0.05,-0.244,0.0732,0.809,
1094,36.4667,True,1.1097,88.8903,88.8903,,,,5.746,181.0,31.5,39.54,0.8872,178,-0.5173,0.05,0.05,-0.2574,0.0641,0.8106,
1095,36.5,True,1.1634,88.8366,88.8366,,,,5.8387,181.0,31.0,40.0,0.8878,177,-0.3363,0.07,0.07,-0.1821,0.048,0.8118,
1096,36.5333,True,1.1369,88.8631,88.8631,,,,5.871,182.0,31.0,40.44,0.8872,178,-0.3703,0.07,0.07,-0.2053,0.0879,0.8122,
1097,36.5667,True,1.07,88.93,88.93,,,,5.6562,181.0,32.0,40.64,0.8897,174,-0.5197,0.07,0.07,-0.163,0.0297,0.8187,
1098,36.6,True,1.0637,88.9363,88.9363,,,,5.6875,182.0,32.0,41.54,0.8891,176,-0.6232,-0.05,-0.05,-0.0753,0.0503,0.8244,
1099,36.6333,True,1.0866,88.9134,88.9134,,,,5.7188,183.0,32.0,41.69,0.8873,171,-0.6475,-0.05,-0.05,0.079,0.02,0.8288,
1100,36.6667,True,1.08,88.92,88.92,,,,5.7188,183.0,32.0,41.49,0.886,170,-0.4901,-0.05,-0.05,0.075,0.018,0.8288,
1101,36.7,True,1.1388,88.8612,88.8612,,,,5.8438,187.0,32.0,41.65,0.8831,171,-0.3186,-0.11,-0.11,0.139,0.0585,0.8322,
1102,36.7333,True,1.1462,88.8538,88.8538,,,,5.8438,187.0,32.0,41.4,0.8799,171,-0.1378,-0.11,-0.11,0.1226,0.0711,0.8338,
1103,36.7667,True,1.1632,88.8368,88.8368,,,,5.8438,187.0,32.0,41.77,0.8805,171,0.4584,-0.11,-0.11,0.1281,0.062,0.8336,
1104,36.8,True,1.1581,88.8419,88.8419,,,,5.8438,187.0,32.0,41.63,0.8801,172,0.3763,-0.11,-0.11,0.125,0.0626,0.8341,
1105,36.8333,True,1.1598,88.8402,88.8402,,,,5.8438,187.0,32.0,41.73,0.8801,172,0.3694,-0.18,-0.18,0.2086,0.0366,0.8288,
1106,36.8667,True,1.141,88.859,88.859,,,,5.8438,187.0,32.0,41.95,0.8777,173,0.2401,-0.18,-0.18,0.196,0.0335,0.8289,
1107,36.9,True,1.1787,88.8213,88.8213,,,,5.8438,187.0,32.0,42.12,0.8859,171,0.1736,-0.18,-0.18,0.191,0.0267,0.8285,
1108,36.9333,True,1.1791,88.8209,88.8209,,,,5.8438,187.0,32.0,41.88,0.8859,170,0.1128,-0.18,-0.18,0.1672,0.0393,0.83,
1109,36.9667,True,1.1687,88.8313,88.8313,,,,5.8125,186.0,32.0,41.45,0.886,171,0.1671,-0.18,-0.18,0.1528,0.0455,0.8295,
1110,37.0,True,1.2967,88.7033,88.7033,,,,6.0323,187.0,31.0,41.34,0.8718,179,0.213,-0.11,-0.11,0.1202,0.0393,0.8334,
1111,37.0333,True,1.3839,88.6161,88.6161,,,,6.0645,188.0,31.0,41.5,0.8678,180,0.1425,-0.11,-0.11,0.1077,0.081,0.8301,
1112,37.0667,True,1.3741,88.6259,88.6259,,,,6.0645,188.0,31.0,40.89,0.8684,180,1.3275,-0.11,-0.11,0.1053,0.0849,0.8297,
1113,37.1,True,1.3882,88.6118,88.6118,,,,6.0645,188.0,31.0,40.61,0.8661,180,1.6761,-0.11,-0.11,0.1239,0.0415,0.8296,
1114,37.1333,True,1.3733,88.6267,88.6267,,,,6.0968,189.0,31.0,41.94,0.8711,181,1.0895,-0.05,-0.05,0.0417,0.0398,0.8247,
1115,37.1667,True,1.351,88.649,88.649,,,,6.0645,188.0,31.0,41.24,0.8663,181,0.7081,-0.11,-0.11,0.1579,0.0313,0.8225,
1116,37.2,True,1.3387,88.6613,88.6613,,,,6.0645,188.0,31.0,40.94,0.8716,181,0.4513,-0.11,-0.11,0.1718,-0.0164,0.8226,
1117,37.2333,True,1.3767,88.6233,88.6233,,,,6.0968,189.0,31.0,40.63,0.872,180,0.2933,-0.11,-0.11,0.17,-0.0172,0.8224,
1118,37.2667,True,1.2925,88.7075,88.7075,,,,6.0645,188.0,31.0,40.91,0.8729,179,-0.0425,-0.05,-0.05,0.074,-0.0039,0.8242,
1119,37.3,True,1.3568,88.6432,88.6432,,,,6.1613,191.0,31.0,40.73,0.8768,182,-0.0276,-0.05,-0.05,0.0782,-0.0085,0.8238,
1120,37.3333,True,1.3501,88.6499,88.6499,,,,6.1613,191.0,31.0,40.84,0.8792,182,-0.0282,-0.05,-0.05,0.0793,-0.0037,0.8238,
1121,37.3667,True,1.352,88.648,88.648,,,,6.1613,191.0,31.0,40.82,0.8832,182,0.0014,-0.05,-0.05,0.0021,-0.0073,0.8224,
1122,37.4,True,1.3666,88.6334,88.6334,,,,6.129,190.0,31.0,40.68,0.8879,181,0.0009,-0.05,-0.05,0.0057,-0.0079,0.8224,
1123,37.4333,True,1.2885,88.7115,88.7115,,,,5.9677,185.0,31.0,41.22,0.8924,176,0.0006,-0.05,-0.05,0.0014,0.0061,0.8226,
1124,37.4667,True,1.347,88.653,88.653,,,,6.1935,192.0,31.0,41.25,0.8932,179,-0.0193,-0.11,-0.11,0.1764,0.0329,0.8222,
1125,37.5,True,1.2831,88.7169,88.7169,,,,5.9677,185.0,31.0,40.98,0.893,176,-0.0445,-0.11,-0.11,0.1826,0.0103,0.8239,
1126,37.5333,True,1.2967,88.7033,88.7033,,,,5.9677,185.0,31.0,41.13,0.8937,176,-0.5571,-0.11,-0.11,0.1672,0.0628,0.8223,
1127,37.5667,True,1.2028,88.7972,88.7972,,,,6.0968,189.0,31.0,40.41,0.891,175,-0.4485,-0.11,-0.11,0.1668,0.0687,0.8224,
1128,37.6,True,1.2352,88.7648,88.7648,,,,5.9032,183.0,31.0,40.4,0.891,171,-0.3478,-0.05,-0.05,0.0649,0.0839,0.8242,
1129,37.6333,True,1.2474,88.7526,88.7526,,,,6.4483,187.0,29.0,40.3,0.8945,176,-0.6018,-0.05,-0.05,0.0065,0.058,0.8212,
1130,37.6667,True,1.3669,88.6331,88.6331,,,,6.4483,187.0,29.0,39.76,0.8952,165,-0.3912,-0.05,-0.05,0.0082,0.0591,0.8213,
1131,37.7,True,1.251,88.749,88.749,,,,6.4828,188.0,29.0,39.16,0.8977,177,-0.2543,-0.05,-0.05,-0.082,0.0441,0.8191,
1132,37.7333,True,1.308,88.692,88.692,,,,6.4828,188.0,29.0,38.79,0.8977,177,-0.1272,-0.05,-0.05,-0.0914,0.053,0.8176,
1133,37.7667,True,1.3615,88.6385,88.6385,,,,6.4828,188.0,29.0,38.89,0.8928,177,0.5162,0.05,0.05,-0.1923,0.0352,0.8074,
1134,37.8,True,1.3943,88.6057,88.6057,,,,6.5333,196.0,30.0,39.46,0.9003,186,0.8966,0.05,0.05,-0.1899,0.0394,0.8071,
1135,37.8333,True,1.2705,88.7295,88.7295,,,,6.5,195.0,30.0,39.2,0.8985,186,0.0217,0.05,0.05,-0.1932,0.0371,0.8067,
1136,37.8667,True,1.3929,88.6071,88.6071,,,,6.5333,196.0,30.0,39.29,0.8916,187,0.5752,0.05,0.05,-0.2284,0.0292,0.8037,
1137,37.9,False,,,,,,,,,,,0.0,0,,0.05,0.05,-0.2478,0.0868,0.8166,no_mask
1138,37.9333,False,,,,,,,,,,,0.0,0,,0.05,0.05,-0.2051,0.0677,0.8219,no_mask
1139,37.9667,False,,,,,,,,,,,0.0,0,,0.05,0.05,-0.208,0.0353,0.8232,no_mask
1140,38.0,True,1.5788,88.4212,88.4212,,,,6.0,168.0,28.0,38.22,0.8757,140,,0.05,0.05,-0.2721,0.032,0.818,
1141,38.0333,True,1.7751,88.2249,88.2249,,,,6.4138,186.0,29.0,38.27,0.8686,176,3.0984,0.05,0.05,-0.2936,0.0394,0.8197,
1142,38.0667,True,1.7701,88.2299,88.2299,,,,6.4138,186.0,29.0,38.03,0.8551,171,2.9924,0.07,0.07,-0.2243,-0.0455,0.8389,
1143,38.1,True,1.8428,88.1572,88.1572,,,,6.4138,186.0,29.0,38.6,0.8434,175,1.9712,0.07,0.07,-0.2216,0.0119,0.8409,
1144,38.1333,True,1.9193,88.0807,88.0807,,,,6.6429,186.0,28.0,38.58,0.811,174,1.3074,0.07,0.07,-0.1604,-0.0673,0.8616,
1145,38.1667,True,2.1295,87.8705,87.8705,,,,6.6786,187.0,28.0,38.86,0.7884,175,1.5606,0.07,0.07,-0.1558,0.0225,0.8647,
1146,38.2,True,2.2809,87.7191,87.7191,,,,6.9259,187.0,27.0,38.69,0.765,163,1.8174,0.07,0.07,-0.213,0.0632,0.8717,
1147,38.2333,True,2.4973,87.5027,87.5027,,,,6.2963,170.0,27.0,39.04,0.816,159,3.3886,-0.07,-0.07,-0.0176,0.1027,0.9001,
1148,38.2667,True,2.5364,87.4636,87.4636,,,,6.2963,170.0,27.0,39.06,0.8216,159,3.7928,0.0,0.0,-0.0035,0.0514,0.9152,
1149,38.3,True,2.3726,87.6274,87.6274,,,,6.3704,172.0,27.0,39.17,0.815,161,3.4275,-0.05,-0.05,-0.0375,0.09,0.9139,
1150,38.3333,True,2.2906,87.7094,87.7094,,,,6.9259,187.0,27.0,39.17,0.8062,167,2.2279,0.11,0.11,-0.0502,0.0661,0.9278,
1151,38.3667,True,2.1896,87.8104,87.8104,,,,6.8889,186.0,27.0,44.29,0.7925,163,1.4481,0.11,0.11,-0.0552,0.0881,0.9458,
1152,38.4,True,2.0797,87.9203,87.9203,,,,6.6786,187.0,28.0,44.25,0.8047,176,0.0809,0.11,0.11,-0.0417,0.3133,0.9571,
1153,38.4333,True,2.2888,87.7112,87.7112,,,,6.5926,178.0,27.0,44.56,0.8136,167,0.0334,0.12,0.12,-0.1389,0.0293,0.9607,
1154,38.4667,True,2.054,87.946,87.946,,,,6.6429,186.0,28.0,44.47,0.8071,176,-1.0196,0.12,0.12,-0.105,-0.0827,0.9657,
1155,38.5,True,2.0,88.0,88.0,,,,6.6071,185.0,28.0,43.79,0.8304,174,-1.817,0.12,0.12,-0.0979,-0.0163,0.9689,
1156,38.5333,True,2.0845,87.9155,87.9155,,,,6.6071,185.0,28.0,43.73,0.8263,171,-1.181,0.12,0.12,-0.099,-0.0215,0.9705,
1157,38.5667,True,2.2266,87.7734,87.7734,,,,6.8148,184.0,27.0,43.43,0.8224,159,-0.7167,0.12,0.12,-0.0205,-0.0093,0.974,
1158,38.6,True,2.034,87.966,87.966,,,,6.7778,183.0,27.0,43.38,0.8282,161,-0.7863,0.12,0.12,-0.0859,0.0086,0.9767,
1159,38.6333,True,2.048,87.952,87.952,,,,6.5185,176.0,27.0,42.77,0.8205,154,-0.5747,0.12,0.12,-0.0866,-0.0241,0.9778,
1160,38.6667,True,2.1756,87.8244,87.8244,,,,6.6923,174.0,26.0,42.84,0.8003,148,0.0105,0.05,0.05,-0.0774,-0.0292,0.9906,
1161,38.7,True,1.8156,88.1844,88.1844,,,,7.0,182.0,26.0,42.5,0.7733,156,-0.3772,0.05,0.05,-0.0707,-0.0262,0.9916,
1162,38.7333,False,1.6431,88.3569,88.3569,,,,7.36,184.0,25.0,34.02,0.7189,154,,0.05,0.05,-0.0704,-0.1314,0.9927,rms_too_big
1163,38.7667,False,1.4552,88.5448,88.5448,,,,7.28,182.0,25.0,33.33,0.73,152,,0.03,0.03,-0.1608,-0.2537,0.9953,rms_too_big
1164,38.8,False,1.5706,88.4294,88.4294,,,,7.36,184.0,25.0,33.32,0.7302,154,,0.0,0.0,-0.0101,-0.1516,0.9986,rms_too_big
1165,38.8333,False,1.5781,88.4219,88.4219,,,,7.36,184.0,25.0,33.19,0.7305,154,,0.0,0.0,0.0,0.0,1.0,rms_too_big
1166,38.8667,False,1.5959,88.4041,88.4041,,,,7.32,183.0,25.0,42.69,0.7269,154,,0.0,0.0,-0.0167,-0.2166,0.9983,rms_too_big
1167,38.9,False,1.6165,88.3835,88.3835,,,,7.28,182.0,25.0,43.21,0.7309,154,,0.0,0.0,-0.0256,-0.2178,0.9983,rms_too_big
1168,38.9333,False,1.5413,88.4587,88.4587,,,,7.2,180.0,25.0,43.21,0.739,152,,0.0,0.0,-0.0402,-0.1807,0.9968,rms_too_big
1169,38.9667,False,1.5761,88.4239,88.4239,,,,7.24,181.0,25.0,43.04,0.7351,153,,0.03,0.03,-0.1656,-0.1802,0.9948,rms_too_big
1170,39.0,True,1.2767,88.7233,88.7233,,,,6.6275,169.0,25.5,43.53,0.7747,130,,0.03,0.03,-0.1812,0.0284,0.993,
1171,39.0333,True,1.652,88.348,88.348,,,,7.12,178.0,25.0,44.43,0.7756,150,-3.4531,-0.05,-0.05,-0.0605,0.0559,0.9913,
1172,39.0667,True,1.6061,88.3939,88.3939,,,,7.16,179.0,25.0,44.43,0.7716,152,-0.7562,0.05,0.05,-0.0784,-0.0592,0.9905,
1173,39.1,True,1.5653,88.4347,88.4347,,,,6.84,171.0,25.0,43.87,0.7944,139,-0.7056,0.12,0.12,-0.0963,-0.06,0.9778,
1174,39.1333,True,1.5627,88.4373,88.4373,,,,6.48,162.0,25.0,43.66,0.8033,128,-0.6727,0.12,0.12,-0.0982,-0.0568,0.9777,
1175,39.1667,True,1.1903,88.8097,88.8097,,,,6.88,172.0,25.0,42.88,0.7929,132,-0.4372,0.12,0.12,-0.0935,-0.0552,0.9777,
1176,39.2,True,1.2963,88.7037,88.7037,,,,6.76,169.0,25.0,42.92,0.7917,130,-0.3111,-0.05,-0.05,-0.0899,-0.0566,0.9904,
1177,39.2333,True,1.3851,88.6149,88.6149,,,,6.52,163.0,25.0,43.24,0.7985,121,-2.067,-0.05,-0.05,-0.0891,-0.057,0.9904,
1178,39.2667,True,1.3274,88.6726,88.6726,,,,6.72,168.0,25.0,41.77,0.7988,122,-1.9495,-0.05,-0.05,-0.0892,-0.046,0.9913,
1179,39.3,True,1.5871,88.4129,88.4129,,,,6.52,163.0,25.0,42.92,0.8246,125,-1.2672,-0.03,-0.03,0.0244,-0.0586,0.9922,
1180,39.3333,True,1.6212,88.3788,88.3788,,,,6.52,163.0,25.0,42.45,0.8215,129,-0.2177,-0.03,-0.03,0.0268,-0.0526,0.9918,
1181,39.3667,True,1.6999,88.3001,88.3001,,,,6.44,161.0,25.0,42.35,0.837,124,1.9788,-0.03,-0.03,0.0236,-0.0296,0.9907,
1182,39.4,True,1.4944,88.5056,88.5056,,,,6.6,165.0,25.0,41.95,0.8302,123,1.2862,-0.07,-0.07,0.1624,-0.0338,0.9889,
1183,39.4333,True,1.4346,88.5654,88.5654,,,,6.84,171.0,25.0,40.73,0.8299,132,0.836,-0.03,-0.03,0.0237,-0.0454,0.9906,
1184,39.4667,True,1.445,88.555,88.555,,,,6.4615,168.0,26.0,40.16,0.862,127,-0.4301,-0.05,-0.05,-0.1362,-0.0509,0.9872,
1185,39.5,True,1.5028,88.4972,88.4972,,,,6.5385,170.0,26.0,39.97,0.857,128,-0.2796,-0.13,-0.13,-0.1425,-0.0251,0.9753,
1186,39.5333,True,1.7294,88.2706,88.2706,,,,6.2593,169.0,27.0,42.25,0.8612,151,-0.1817,-0.11,-0.11,-0.1352,0.0799,0.975,
1187,39.5667,True,1.3569,88.6431,88.6431,,,,6.1154,159.0,26.0,41.13,0.8658,120,-0.6359,-0.11,-0.11,-0.0902,0.0643,0.9725,
1188,39.6,True,1.4063,88.5937,88.5937,,,,6.0385,157.0,26.0,41.36,0.865,117,-0.4134,-0.11,-0.11,-0.0932,-0.0245,0.9715,
1189,39.6333,True,1.5217,88.4783,88.4783,,,,6.4815,175.0,27.0,41.81,0.8598,153,0.3374,-0.09,-0.09,0.0823,-0.0282,0.9774,
1190,39.6667,True,1.386,88.614,88.614,,,,5.7778,156.0,27.0,41.96,0.8598,112,-0.7938,-0.09,-0.09,0.0812,-0.0384,0.9769,
1191,39.7,True,1.6414,88.3586,88.3586,,,,5.9259,160.0,27.0,42.19,0.8655,123,-0.516,-0.07,-0.07,0.2479,-0.0709,0.9778,
1192,39.7333,True,1.5254,88.4746,88.4746,,,,5.6786,159.0,28.0,42.19,0.8676,121,0.8763,-0.11,-0.11,0.3803,-0.0821,0.9754,
1193,39.7667,True,1.554,88.446,88.446,,,,5.5714,156.0,28.0,42.61,0.8592,112,0.6084,-0.11,-0.11,0.3816,-0.0968,0.9742,
1194,39.8,True,1.3862,88.6138,88.6138,,,,5.5,154.0,28.0,43.29,0.8515,114,0.3954,-0.11,-0.11,0.3011,-0.0954,0.9761,
1195,39.8333,True,1.3696,88.6304,88.6304,,,,5.5357,155.0,28.0,43.17,0.855,121,0.257,-0.16,-0.16,0.4171,-0.1112,0.9693,
1196,39.8667,True,1.36,88.64,88.64,,,,5.5,154.0,28.0,43.22,0.8594,115,-1.2942,-0.13,-0.13,0.2905,-0.1108,0.9748,
1197,39.9,True,1.4474,88.5526,88.5526,,,,5.4643,153.0,28.0,43.24,0.859,111,-0.8412,-0.11,-0.11,0.3741,-0.124,0.9723,
1198,39.9333,True,1.4491,88.5509,88.5509,,,,5.4643,153.0,28.0,43.25,0.8615,108,-0.5468,-0.11,-0.11,0.3797,-0.1198,0.9723,
1199,39.9667,True,1.4567,88.5433,88.5433,,,,5.4643,153.0,28.0,43.22,0.8606,108,0.2872,-0.11,-0.11,0.3799,-0.1196,0.9723,
1200,40.0,True,0.1342,89.8658,89.8658,,,,10.2,306.0,30.0,40.2,0.7625,291,0.1867,-0.12,-0.12,0.3545,-0.0613,0.9713,
1201,40.0333,True,0.7197,89.2803,89.2803,,,,8.9667,269.0,30.0,40.07,0.773,254,0.1214,-0.16,-0.16,0.4136,-0.0489,0.9682,
1202,40.0667,True,0.5303,89.4697,89.4697,,,,9.5,285.0,30.0,40.03,0.7628,260,-7.5619,-0.11,-0.11,0.3729,-0.0662,0.9714,
1203,40.1,True,0.7475,89.2525,89.2525,,,,9.0,270.0,30.0,40.0,0.7793,255,-4.9152,-0.07,-0.07,0.2329,-0.0665,0.9733,
1204,40.1333,True,0.7303,89.2697,89.2697,,,,8.9667,269.0,30.0,39.92,0.7801,254,-3.1949,-0.09,-0.09,0.1966,-0.0253,0.9646,
1205,40.1667,True,0.6693,89.3307,89.3307,,,,9.2667,278.0,30.0,39.92,0.7714,259,-2.0767,-0.09,-0.09,0.1923,-0.0283,0.9645,
1206,40.2,True,0.7234,89.2766,89.2766,,,,8.9667,269.0,30.0,39.91,0.7816,254,-1.3107,-0.11,-0.11,-0.1209,0.0149,0.9555,
1207,40.2333,True,0.7273,89.2727,89.2727,,,,8.9667,269.0,30.0,39.98,0.7834,254,-0.8113,-0.11,-0.11,-0.1275,0.0105,0.9543,
1208,40.2667,False,,,,,,,,,,,0.0,0,,-0.11,-0.11,-0.1306,0.0136,0.9542,no_mask
1209,40.3,False,,,,,,,,,,,0.0,0,,-0.11,-0.11,-0.1316,0.0088,0.954,no_mask
1210,40.3333,False,,,,,,,,,,,0.0,0,,-0.11,-0.11,-0.1314,0.0018,0.9539,no_mask
1211,40.3667,True,0.5953,89.4047,89.4047,,,,8.7333,262.0,30.0,39.44,0.8116,247,,-0.11,-0.11,-0.1319,0.0044,0.9539,
1212,40.4,True,0.7842,89.2158,89.2158,,,,8.7,261.0,30.0,39.39,0.8012,246,-0.4944,-0.11,-0.11,-0.238,0.0207,0.9513,
1213,40.4333,True,0.7787,89.2213,89.2213,,,,8.7,261.0,30.0,39.38,0.8052,243,0.6129,-0.11,-0.11,-0.2458,0.0212,0.9511,
1214,40.4667,True,0.7769,89.2231,89.2231,,,,8.7,261.0,30.0,39.5,0.8044,243,0.3887,-0.11,-0.11,-0.2378,0.03,0.9521,
1215,40.5,True,0.7408,89.2592,89.2592,,,,8.7,261.0,30.0,39.64,0.8043,246,0.2429,-0.11,-0.11,-0.2376,0.0249,0.952,
1216,40.5333,True,0.6392,89.3608,89.3608,,,,8.8333,265.0,30.0,39.49,0.7919,248,0.1579,-0.11,-0.11,-0.231,0.0187,0.9517,
1217,40.5667,True,0.6409,89.3591,89.3591,,,,8.8667,266.0,30.0,39.11,0.7954,249,-0.276,-0.11,-0.11,-0.2385,0.023,0.9517,
1218,40.6,True,0.6003,89.3997,89.3997,,,,8.9333,268.0,30.0,39.14,0.7872,253,-1.2281,-0.11,-0.11,-0.2386,0.0211,0.9516,
1219,40.6333,True,0.5886,89.4114,89.4114,,,,8.9333,268.0,30.0,39.19,0.7862,253,-0.8162,-0.11,-0.11,-0.2425,0.0218,0.9519,
1220,40.6667,True,0.5698,89.4302,89.4302,,,,8.9333,268.0,30.0,39.35,0.7856,253,-0.9399,-0.11,-0.11,-0.2397,0.0224,0.9517,
1221,40.7,False,0.1456,89.8544,89.8544,,,,10.0667,302.0,30.0,39.71,0.7306,284,,-0.11,-0.11,-0.241,0.0169,0.9517,rms_too_big
1222,40.7333,False,0.0504,89.9496,89.9496,,,,10.1333,304.0,30.0,39.79,0.7332,289,,-0.11,-0.11,-0.2401,0.0107,0.9516,rms_too_big
1223,40.7667,False,0.0467,89.9533,89.9533,,,,10.1333,304.0,30.0,39.8,0.7337,289,,-0.11,-0.11,-0.2385,0.014,0.9515,rms_too_big
1224,40.8,False,0.0307,89.9693,89.9693,,,,10.1333,304.0,30.0,40.03,0.7336,289,,-0.13,-0.13,0.0279,-0.0247,0.9558,rms_too_big
1225,40.8333,False,-0.0042,89.9958,90.0042,,,,10.1333,304.0,30.0,39.92,0.7245,289,,-0.13,-0.13,0.0299,-0.0312,0.9556,rms_too_big
1226,40.8667,False,0.0027,89.9973,89.9973,,,,10.1333,304.0,30.0,39.94,0.7274,289,,-0.13,-0.13,0.0287,-0.0305,0.9556,rms_too_big
1227,40.9,False,-0.0098,89.9902,90.0098,,,,10.1333,304.0,30.0,40.03,0.7263,289,,-0.13,-0.13,0.027,-0.0318,0.9556,rms_too_big
1228,40.9333,False,-0.0025,89.9975,90.0025,,,,10.1333,304.0,30.0,40.11,0.7257,289,,-0.13,-0.13,0.0225,-0.0296,0.9555,rms_too_big
1229,40.9667,False,-0.0281,89.9719,90.0281,,,,10.1333,304.0,30.0,39.94,0.7091,289,,-0.13,-0.13,0.0229,-0.0338,0.9554,rms_too_big
1230,41.0,False,-0.0117,89.9883,90.0117,,,,10.1333,304.0,30.0,39.95,0.7105,289,,-0.13,-0.13,0.0189,-0.0311,0.9553,rms_too_big
1231,41.0333,False,-0.0016,89.9984,90.0016,,,,10.1333,304.0,30.0,39.93,0.715,289,,-0.13,-0.13,0.0165,-0.0306,0.9553,rms_too_big
1232,41.0667,False,-0.001,89.999,90.001,,,,10.4828,304.0,29.0,39.78,0.7142,287,,-0.13,-0.13,0.0079,-0.0326,0.9551,rms_too_big
1233,41.1,False,0.0122,89.9878,89.9878,,,,10.1333,304.0,30.0,39.54,0.722,289,,-0.13,-0.13,0.0119,-0.0269,0.9549,rms_too_big
1234,41.1333,False,0.0187,89.9813,89.9813,,,,10.1333,304.0,30.0,39.4,0.7224,289,,-0.13,-0.13,0.0118,-0.0293,0.9548,rms_too_big
1235,41.1667,False,0.0066,89.9934,89.9934,,,,10.1333,304.0,30.0,39.3,0.7293,289,,-0.13,-0.13,0.0186,-0.0294,0.9547,rms_too_big
1236,41.2,False,-0.0176,89.9824,90.0176,,,,10.1333,304.0,30.0,39.26,0.7288,289,,-0.11,-0.11,-0.0509,-0.0086,0.952,rms_too_big
1237,41.2333,False,-0.0466,89.9534,90.0466,,,,10.1,303.0,30.0,39.49,0.7406,289,,-0.11,-0.11,-0.2427,0.0192,0.9497,rms_too_big
1238,41.2667,False,-0.0558,89.9442,90.0558,,,,10.1,303.0,30.0,39.45,0.7423,288,,-0.11,-0.11,-0.2447,0.0306,0.9494,rms_too_big
1239,41.3,False,-0.0047,89.9953,90.0047,,,,10.1333,304.0,30.0,39.41,0.7396,287,,-0.11,-0.11,-0.2452,0.0342,0.9493,rms_too_big
1240,41.3333,True,0.2324,89.7676,89.7676,,,,8.3548,259.0,31.0,39.63,0.7763,234,,-0.11,-0.11,-0.2467,0.0377,0.9488,
1241,41.3667,True,-0.2063,89.7937,90.2063,,,,9.8,294.0,30.0,39.95,0.7562,270,-5.2108,-0.11,-0.11,-0.2455,0.0352,0.9487,
1242,41.4,True,-0.2133,89.7867,90.2133,,,,9.8,294.0,30.0,40.06,0.7553,281,-5.6904,-0.11,-0.11,-0.0478,0.0018,0.9508,
1243,41.4333,True,-0.2467,89.7533,90.2467,,,,9.8667,296.0,30.0,40.31,0.7532,282,-3.7357,-0.11,-0.11,0.0241,-0.007,0.9532,
1244,41.4667,True,-0.2442,89.7558,90.2442,,,,9.9,297.0,30.0,40.54,0.7536,283,-2.4651,-0.11,-0.11,0.0183,-0.0087,0.953,
1245,41.5,True,-0.1424,89.8576,90.1424,,,,9.6129,298.0,31.0,40.56,0.7619,269,-1.6023,-0.11,-0.11,0.0156,-0.0067,0.9529,
1246,41.5333,True,-0.0343,89.9657,90.0343,,,,9.4516,293.0,31.0,40.7,0.7705,256,-1.0415,-0.11,-0.11,0.0217,-0.0086,0.9528,
1247,41.5667,False,-0.1186,89.8814,90.1186,,,,9.7419,302.0,31.0,40.76,0.7468,276,,-0.09,-0.09,0.0878,-0.024,0.9662,rms_too_big
1248,41.6,False,-0.1301,89.8699,90.1301,,,,9.7097,301.0,31.0,40.59,0.7473,274,,-0.09,-0.09,0.0939,-0.0249,0.9659,rms_too_big
1249,41.6333,True,0.3614,89.6386,89.6386,,,,7.5161,233.0,31.0,40.8,0.7866,221,,-0.09,-0.09,0.0922,-0.03,0.9658,
1250,41.6667,True,-0.2328,89.7672,90.2328,,,,9.5738,292.0,30.5,40.72,0.7547,266,0.782,-0.09,-0.09,0.0932,-0.0295,0.9658,
1251,41.7,True,-0.2127,89.7873,90.2127,,,,9.5738,292.0,30.5,40.69,0.7641,266,-1.3649,-0.09,-0.09,0.0927,-0.0284,0.9657,
1252,41.7333,True,0.1174,89.8826,89.8826,,,,8.2903,257.0,31.0,40.57,0.7941,217,0.8457,-0.09,-0.09,0.0901,-0.0056,0.9653,
1253,41.7667,True,0.1045,89.8955,89.8955,,,,8.2903,257.0,31.0,40.81,0.804,225,2.1474,-0.09,-0.09,0.0905,-0.0115,0.9653,
1254,41.8,True,0.0831,89.9169,89.9169,,,,8.2903,257.0,31.0,40.82,0.8042,225,1.1713,-0.09,-0.09,0.0931,-0.0107,0.9652,
1255,41.8333,True,0.1055,89.8945,89.8945,,,,8.2903,257.0,31.0,40.82,0.8102,227,0.9859,-0.09,-0.09,0.0912,-0.0133,0.9652,
1256,41.8667,True,-0.2049,89.7951,90.2049,,,,9.8667,296.0,30.0,40.74,0.776,281,0.6408,-0.09,-0.09,0.084,-0.0113,0.9651,
1257,41.9,True,-0.0056,89.9944,90.0056,,,,9.4194,292.0,31.0,40.45,0.8037,231,0.192,-0.09,-0.09,0.0897,-0.0298,0.9653,
1258,41.9333,True,-0.0194,89.9806,90.0194,,,,9.4194,292.0,31.0,40.41,0.8096,234,-0.8071,-0.09,-0.09,0.0861,-0.0258,0.9652,
1259,41.9667,True,0.1003,89.8997,89.8997,,,,9.3548,290.0,31.0,40.21,0.8191,242,-0.5246,-0.09,-0.09,0.1836,-0.0235,0.9587,
1260,42.0,True,-0.2064,89.7936,90.2064,,,,9.7667,293.0,30.0,40.21,0.7996,278,-0.4853,-0.09,-0.09,0.1852,-0.0144,0.9585,
1261,42.0333,True,-0.1602,89.8398,90.1602,,,,9.7667,293.0,30.0,40.24,0.7941,279,-0.3155,-0.09,-0.09,0.1865,-0.0177,0.9583,
1262,42.0667,True,-0.1516,89.8484,90.1516,,,,9.8,294.0,30.0,40.23,0.7983,279,-1.5941,-0.11,-0.11,0.0266,-0.0009,0.9509,
1263,42.1,True,-0.1957,89.8043,90.1957,,,,9.8,294.0,30.0,40.22,0.7975,279,-1.1257,-0.11,-0.11,0.0317,0.0026,0.9507,
1264,42.1333,True,-0.1114,89.8886,90.1114,,,,9.8,294.0,30.0,40.53,0.8076,263,-0.7317,-0.11,-0.11,0.0433,-0.0071,0.9503,
1265,42.1667,True,-0.1375,89.8625,90.1375,,,,9.8,294.0,30.0,40.79,0.794,275,-0.3861,-0.11,-0.11,0.042,0.0163,0.9511,
1266,42.2,True,-0.1451,89.8549,90.1451,,,,9.4839,294.0,31.0,40.73,0.7928,273,-0.1822,-0.13,-0.13,-0.0317,0.0034,0.9574,
1267,42.2333,True,-0.113,89.887,90.113,,,,9.9333,298.0,30.0,40.76,0.7912,277,-0.0385,-0.11,-0.11,-0.0343,-0.0104,0.9563,
1268,42.2667,True,-0.1044,89.8956,90.1044,,,,9.6452,299.0,31.0,40.91,0.804,258,0.2317,-0.09,-0.09,0.1142,-0.0314,0.9634,
1269,42.3,True,-0.1462,89.8538,90.1462,,,,9.5484,296.0,31.0,41.49,0.8172,247,-0.1061,-0.09,-0.09,0.1119,-0.0284,0.9633,
1270,42.3333,True,-0.1415,89.8585,90.1415,,,,9.5484,296.0,31.0,41.38,0.8164,246,-0.1108,-0.09,-0.09,0.1167,-0.0237,0.9631,
1271,42.3667,True,-0.1629,89.8371,90.1629,,,,9.4839,294.0,31.0,41.37,0.8183,246,-0.072,-0.09,-0.09,0.1252,-0.0218,0.9631,
1272,42.4,True,-0.1223,89.8777,90.1223,,,,9.4839,294.0,31.0,41.72,0.8182,243,-0.0468,-0.07,-0.07,0.1892,-0.0155,0.9669,
1273,42.4333,True,-0.1547,89.8453,90.1547,,,,9.4839,294.0,31.0,41.57,0.8144,244,-0.0802,-0.07,-0.07,0.1943,-0.0171,0.9668,
1274,42.4667,True,-0.1754,89.8246,90.1754,,,,9.4194,292.0,31.0,41.64,0.8236,242,-0.1417,-0.07,-0.07,0.1972,-0.0166,0.9667,
1275,42.5,True,-0.1312,89.8688,90.1312,,,,9.5161,295.0,31.0,41.76,0.8262,246,-0.0921,-0.07,-0.07,0.1947,-0.015,0.9654,
1276,42.5333,True,-0.0945,89.9055,90.0945,,,,9.4839,294.0,31.0,41.97,0.835,229,0.1872,-0.03,-0.03,0.0736,-0.0194,0.9713,
1277,42.5667,True,-0.1214,89.8786,90.1214,,,,9.4839,294.0,31.0,42.08,0.84,228,0.1217,-0.03,-0.03,0.0668,-0.0159,0.9712,
1278,42.6,True,-0.0844,89.9156,90.0844,,,,9.6129,298.0,31.0,42.21,0.8447,229,0.1819,-0.03,-0.03,0.0642,-0.0136,0.9711,
1279,42.6333,True,-0.076,89.924,90.076,,,,9.7097,301.0,31.0,42.32,0.8515,236,0.4006,-0.03,-0.03,0.0669,-0.0153,0.9711,
1280,42.6667,True,-0.0591,89.9409,90.0591,,,,9.7419,302.0,31.0,42.49,0.8523,235,0.3664,-0.03,-0.03,0.0768,-0.0123,0.9708,
1281,42.7,True,-0.1701,89.8299,90.1701,,,,9.0476,285.0,31.5,42.29,0.8097,136,0.2382,-0.03,-0.03,0.0782,-0.0174,0.9703,
1282,42.7333,True,-0.1493,89.8507,90.1493,,,,9.1935,285.0,31.0,42.22,0.8258,155,0.1548,0.0,0.0,-0.0395,-0.0137,0.9722,
1283,42.7667,True,-0.1372,89.8628,90.1372,,,,9.1613,284.0,31.0,42.1,0.8189,142,-0.4532,0.0,0.0,-0.0383,-0.014,0.9724,
1284,42.8,True,-0.0977,89.9023,90.0977,,,,9.3871,291.0,31.0,41.98,0.8512,212,-0.2946,-0.03,-0.03,0.0721,-0.03,0.9701,
1285,42.8333,True,-0.1473,89.8527,90.1473,,,,9.1613,284.0,31.0,42.7,0.8213,145,-0.2974,-0.03,-0.03,0.0699,-0.0247,0.9699,
1286,42.8667,True,-0.1765,89.8235,90.1765,,,,9.1935,285.0,31.0,42.44,0.815,141,-0.1933,-0.03,-0.03,0.0698,-0.0397,0.971,
1287,42.9,True,-0.0915,89.9085,90.0915,,,,9.6452,299.0,31.0,42.35,0.8474,257,-0.0197,-0.03,-0.03,0.0724,-0.0402,0.9709,
1288,42.9333,True,-0.0825,89.9175,90.0825,,,,9.3548,290.0,31.0,42.35,0.8448,227,0.402,-0.07,-0.07,0.1999,-0.044,0.9684,
1289,42.9667,True,-0.0283,89.9717,90.0283,,,,9.7419,302.0,31.0,42.3,0.8536,264,0.3258,-0.07,-0.07,0.1945,-0.0478,0.9683,
1290,43.0,True,-0.0249,89.9751,90.0249,,,,9.7419,302.0,31.0,42.2,0.8454,273,0.3064,-0.03,-0.03,0.0749,-0.0454,0.9702,
1291,43.0333,True,-0.0692,89.9308,90.0692,,,,9.6129,298.0,31.0,41.97,0.8514,260,0.3385,-0.03,-0.03,0.0734,-0.0463,0.9701,
1292,43.0667,True,-0.0603,89.9397,90.0603,,,,9.6129,298.0,31.0,41.82,0.8523,256,0.3139,-0.03,-0.03,0.0795,-0.0497,0.9686,
1293,43.1,True,-0.0288,89.9712,90.0288,,,,9.7419,302.0,31.0,41.87,0.8527,263,0.5345,-0.03,-0.03,0.0717,-0.0494,0.9698,
1294,43.1333,True,-0.0244,89.9756,90.0244,,,,9.7742,303.0,31.0,41.76,0.855,264,0.3474,-0.03,-0.03,0.0642,-0.053,0.9696,
1295,43.1667,True,0.0228,89.9772,89.9772,,,,9.7419,302.0,31.0,41.4,0.8493,273,0.2258,-0.03,-0.03,0.0614,-0.0474,0.9696,
1296,43.2,True,0.0227,89.9773,89.9773,,,,9.7419,302.0,31.0,41.31,0.8432,272,0.1935,-0.05,-0.05,-0.066,-0.0278,0.9667,
1297,43.2333,True,0.0308,89.9692,89.9692,,,,9.7419,302.0,31.0,41.05,0.8552,263,0.6205,-0.09,-0.09,0.0491,-0.04,0.9606,
1298,43.2667,True,0.0257,89.9743,89.9743,,,,9.7419,302.0,31.0,40.96,0.8584,263,0.4035,-0.09,-0.09,0.0488,-0.043,0.9606,
1299,43.3,True,0.0253,89.9747,89.9747,,,,9.7097,301.0,31.0,41.01,0.8577,261,0.2887,-0.09,-0.09,0.0455,-0.0427,0.9605,
1300,43.3333,True,0.0147,89.9853,89.9853,,,,9.7742,303.0,31.0,40.9,0.8492,275,0.1876,-0.11,-0.11,-0.0731,-0.0301,0.9531,
1301,43.3667,True,0.0434,89.9566,89.9566,,,,9.7742,303.0,31.0,40.64,0.856,262,0.1261,-0.11,-0.11,-0.0783,-0.0311,0.953,
1302,43.4,True,0.0259,89.9741,89.9741,,,,9.8065,304.0,31.0,40.62,0.8568,264,0.082,-0.11,-0.11,-0.0799,-0.0302,0.9529,
1303,43.4333,True,0.0122,89.9878,89.9878,,,,9.7742,303.0,31.0,40.84,0.8531,274,0.0491,-0.11,-0.11,-0.0318,-0.0222,0.9506,
1304,43.4667,True,-0.0064,89.9936,90.0064,,,,9.7419,302.0,31.0,40.74,0.8555,272,-0.079,-0.11,-0.11,-0.0329,-0.0217,0.9503,
1305,43.5,True,-0.0054,89.9946,90.0054,,,,9.7419,302.0,31.0,40.3,0.8606,262,-0.078,-0.11,-0.11,-0.031,-0.0199,0.9502,
1306,43.5333,True,-0.0135,89.9865,90.0135,,,,9.7742,303.0,31.0,40.18,0.8605,263,-0.235,-0.11,-0.11,-0.0211,-0.0193,0.9488,
1307,43.5667,True,0.02,89.98,89.98,,,,9.7742,303.0,31.0,40.14,0.8581,265,-0.1528,-0.11,-0.11,-0.0247,-0.0223,0.9487,
1308,43.6,True,0.0126,89.9874,89.9874,,,,9.7419,302.0,31.0,40.33,0.8592,266,-0.0993,-0.11,-0.11,-0.1155,-0.0073,0.9457,
1309,43.6333,True,-0.0204,89.9796,90.0204,,,,9.7097,301.0,31.0,40.24,0.8544,268,-0.0645,-0.11,-0.11,-0.1084,-0.0131,0.9455,
1310,43.6667,True,-0.002,89.998,90.002,,,,9.7097,301.0,31.0,40.31,0.849,269,-0.0063,0.11,0.11,-0.1066,-0.011,0.9452,
1311,43.7,True,0.0026,89.9974,89.9974,,,,9.7097,301.0,31.0,40.28,0.8554,270,0.044,0.11,0.11,-0.0995,-0.0226,0.9446,
1312,43.7333,True,0.0698,89.9302,89.9302,,,,9.7419,302.0,31.0,40.35,0.837,281,0.0286,0.11,0.11,-0.0994,-0.0155,0.944,
1313,43.7667,True,0.0862,89.9138,89.9138,,,,9.7419,302.0,31.0,40.3,0.8332,287,0.0186,0.11,0.11,-0.0844,-0.0156,0.9439,
1314,43.8,True,0.0793,89.9207,89.9207,,,,9.7097,301.0,31.0,40.18,0.8275,286,0.718,0.11,0.11,-0.0926,-0.0018,0.9428,
1315,43.8333,True,0.0585,89.9415,89.9415,,,,9.7097,301.0,31.0,40.04,0.8292,286,0.4667,0.11,0.11,-0.095,-0.0063,0.9427,
1316,43.8667,True,0.1022,89.8978,89.8978,,,,9.7097,301.0,31.0,39.69,0.8293,286,0.403,0.11,0.11,-0.0898,-0.0128,0.9424,
1317,43.9,True,0.0441,89.9559,89.9559,,,,9.9667,299.0,30.0,39.42,0.8552,277,0.262,0.11,0.11,-0.0892,-0.0111,0.9423,
1318,43.9333,True,0.0561,89.9439,89.9439,,,,9.9667,299.0,30.0,39.23,0.8646,272,-0.0478,0.11,0.11,-0.0869,-0.011,0.9421,
1319,43.9667,True,0.0204,89.9796,89.9796,,,,9.6452,299.0,31.0,39.18,0.8667,276,-0.0564,0.11,0.11,-0.1979,-0.0062,0.9342,
1320,44.0,False,,,,,,,,,,,0.0,0,,0.11,0.11,-0.0838,0.0031,0.9273,no_mask
1321,44.0333,False,,,,,,,,,,,0.0,0,,0.11,0.11,-0.0739,0.007,0.9271,no_mask
1322,44.0667,False,,,,,,,,,,,0.0,0,,0.11,0.11,-0.0809,0.0287,0.9267,no_mask
1323,44.1,True,-0.062,89.938,90.062,,,,10.4483,303.0,29.0,39.02,0.8159,258,,0.11,0.11,-0.0847,0.029,0.9267,
1324,44.1333,True,0.0613,89.9387,89.9387,,,,10.0,300.0,30.0,39.06,0.8478,280,-0.3342,0.11,0.11,-0.08,0.0309,0.9266,
1325,44.1667,True,-0.118,89.882,90.118,,,,8.9333,268.0,30.0,39.07,0.8629,220,-0.8644,0.11,0.11,-0.0814,0.0324,0.9265,
1326,44.2,True,-0.1545,89.8455,90.1545,,,,8.9333,268.0,30.0,39.13,0.8593,237,-0.8562,0.11,0.11,-0.0797,0.0341,0.9264,
1327,44.2333,True,-0.1429,89.8571,90.1429,,,,8.9333,268.0,30.0,39.11,0.8601,236,-0.8508,0.11,0.11,-0.0825,0.0336,0.9263,
1328,44.2667,True,-0.146,89.854,90.146,,,,9.8333,295.0,30.0,39.2,0.8509,236,-0.8139,0.11,0.11,-0.0754,0.0378,0.9261,
1329,44.3,True,-0.1735,89.8265,90.1735,,,,8.9667,269.0,30.0,38.67,0.8621,238,-0.5616,0.11,0.11,-0.0822,0.0395,0.9259,
1330,44.3333,True,-0.1877,89.8123,90.1877,,,,8.9333,268.0,30.0,38.56,0.8567,235,-0.4549,0.11,0.11,-0.0826,0.0407,0.9258,
1331,44.3667,True,-0.1804,89.8196,90.1804,,,,9.0,270.0,30.0,38.42,0.8586,232,-0.495,0.11,0.11,-0.2803,0.062,0.9234,
1332,44.4,True,-0.1658,89.8342,90.1658,,,,9.0,270.0,30.0,38.58,0.8628,244,-0.3217,0.11,0.11,-0.0923,0.0958,0.9203,
1333,44.4333,True,-0.1756,89.8244,90.1756,,,,9.3103,270.0,29.0,38.54,0.8702,245,-0.2308,0.11,0.11,-0.0954,0.1006,0.9201,
1334,44.4667,True,-0.1192,89.8808,90.1192,,,,9.4138,273.0,29.0,38.42,0.8631,245,-0.15,0.11,0.11,-0.1047,0.1084,0.9198,
1335,44.5,True,-0.1561,89.8439,90.1561,,,,9.3103,270.0,29.0,38.54,0.8738,243,0.005,0.11,0.11,-0.1075,0.1141,0.9197,
1336,44.5333,True,-0.1356,89.8644,90.1356,,,,9.1,273.0,30.0,38.64,0.8664,246,0.1057,0.11,0.11,-0.1184,0.1354,0.919,
1337,44.5667,True,-0.1914,89.8086,90.1914,,,,8.9667,269.0,30.0,38.43,0.8768,238,0.0687,0.11,0.11,-0.1221,0.1309,0.9189,
1338,44.6,True,-0.1995,89.8005,90.1995,,,,8.9667,269.0,30.0,38.38,0.8709,235,0.0447,0.11,0.11,-0.125,0.1266,0.9188,
1339,44.6333,True,-0.2197,89.7803,90.2197,,,,8.9667,269.0,30.0,38.21,0.8715,236,-0.3419,0.11,0.11,-0.126,0.1221,0.9187,
1340,44.6667,True,-0.141,89.859,90.141,,,,9.0,270.0,30.0,38.29,0.8542,244,-0.2222,0.11,0.11,-0.1316,0.1158,0.9184,
1341,44.7,True,-0.2281,89.7719,90.2281,,,,9.1186,269.0,29.5,38.52,0.8655,234,-0.23,0.11,0.11,-0.1323,0.099,0.9186,
1342,44.7333,True,-0.2113,89.7887,90.2113,,,,8.9667,269.0,30.0,38.52,0.8644,232,-0.273,0.11,0.11,-0.1329,0.0944,0.9184,
1343,44.7667,True,-0.2373,89.7627,90.2373,,,,8.9667,269.0,30.0,38.58,0.8654,232,-0.2654,0.11,0.11,-0.1331,0.0892,0.9183,
1344,44.8,True,-0.1961,89.8039,90.1961,,,,9.2759,269.0,29.0,38.44,0.8598,227,-0.0846,0.11,0.11,-0.1403,0.084,0.9179,
1345,44.8333,True,-0.2028,89.7972,90.2028,,,,9.2414,268.0,29.0,38.41,0.8595,226,-0.055,0.11,0.11,-0.1332,0.084,0.9189,
1346,44.8667,True,-0.2051,89.7949,90.2051,,,,9.2414,268.0,29.0,38.38,0.8616,227,0.0296,0.11,0.11,-0.1399,0.0836,0.9178,
1347,44.9,True,-0.212,89.788,90.212,,,,9.2414,268.0,29.0,38.38,0.8638,227,0.0193,0.11,0.11,-0.1388,0.0847,0.9178,
1348,44.9333,True,-0.2273,89.7727,90.2273,,,,8.8667,266.0,30.0,38.36,0.8765,218,0.0125,0.11,0.11,-0.1408,0.087,0.9176,
1349,44.9667,True,-0.2165,89.7835,90.2165,,,,8.8667,266.0,30.0,38.36,0.8767,218,-0.0644,0.11,0.11,-0.1408,0.087,0.9176,
1350,45.0,True,-0.1793,89.8207,90.1793,,,,8.5161,264.0,31.0,37.27,0.8173,154,-0.0419,0.11,0.11,-0.1325,0.0523,0.9154,
1351,45.0333,True,-0.1888,89.8112,90.1888,,,,8.5161,264.0,31.0,37.31,0.8212,157,-0.0272,0.11,0.11,-0.3473,0.0984,0.9086,
1352,45.0667,True,-0.1921,89.8079,90.1921,,,,8.381,264.0,31.5,37.26,0.8208,160,0.1914,0.11,0.11,-0.3533,0.1126,0.9082,
1353,45.1,True,-0.1814,89.8186,90.1814,,,,8.25,264.0,32.0,37.23,0.8181,161,0.1593,0.11,0.11,-0.461,0.1112,0.9057,
1354,45.1333,True,-0.1673,89.8327,90.1673,,,,8.5161,264.0,31.0,37.23,0.8274,190,0.181,0.11,0.11,-0.4578,0.112,0.9057,
1355,45.1667,True,-0.1927,89.8073,90.1927,,,,8.25,264.0,32.0,37.2,0.8179,156,0.0402,0.11,0.11,-0.2758,0.1458,0.8968,
1356,45.2,True,-0.1477,89.8523,90.1477,,,,8.5806,266.0,31.0,37.16,0.8339,225,0.1036,0.11,0.11,-0.2758,0.1446,0.8968,
1357,45.2333,True,-0.1438,89.8562,90.1438,,,,8.5806,266.0,31.0,37.11,0.836,231,0.2152,0.11,0.11,-0.2776,0.1424,0.8967,
1358,45.2667,True,-0.0968,89.9032,90.0968,,,,8.5,272.0,32.0,37.09,0.8245,267,0.3457,0.11,0.11,-0.2751,0.1403,0.8966,
1359,45.3,True,-0.1391,89.8609,90.1391,,,,8.4062,269.0,32.0,37.21,0.8259,233,0.2658,0.11,0.11,-0.2875,0.1534,0.8962,
1360,45.3333,True,-0.0644,89.9356,90.0644,,,,8.8387,274.0,31.0,37.15,0.8276,267,0.2219,0.11,0.11,-0.2854,0.1483,0.8961,
1361,45.3667,True,-0.0959,89.9041,90.0959,,,,8.5625,274.0,32.0,37.1,0.8251,268,0.5881,0.11,0.11,-0.2878,0.1521,0.896,
1362,45.4,True,-0.0714,89.9286,90.0714,,,,8.5625,274.0,32.0,37.16,0.8301,267,0.3918,0.11,0.11,-0.2881,0.1606,0.8956,
1363,45.4333,True,-0.0779,89.9221,90.0779,,,,8.4688,271.0,32.0,37.14,0.8331,262,0.4443,0.11,0.11,-0.2853,0.1543,0.8955,
1364,45.4667,True,-0.0821,89.9179,90.0821,,,,8.4688,271.0,32.0,37.25,0.835,261,0.2888,0.11,0.11,-0.2863,0.1568,0.8952,
1365,45.5,True,-0.0738,89.9262,90.0738,,,,8.4688,271.0,32.0,37.25,0.8342,258,0.1877,0.11,0.11,-0.2826,0.1528,0.8951,
1366,45.5333,True,-0.0668,89.9332,90.0668,,,,8.4688,271.0,32.0,37.16,0.8312,254,0.1645,0.11,0.11,-0.26,0.146,0.8945,
1367,45.5667,True,-0.0633,89.9367,90.0633,,,,8.4688,271.0,32.0,37.1,0.8273,250,0.1069,0.11,0.11,-0.27,0.1464,0.8945,
1368,45.6,True,-0.0636,89.9364,90.0636,,,,8.4688,271.0,32.0,37.11,0.8299,254,0.1432,0.11,0.11,-0.2622,0.1497,0.8945,
1369,45.6333,True,-0.0563,89.9437,90.0563,,,,8.4688,271.0,32.0,37.09,0.8315,256,0.1264,0.11,0.11,-0.2639,0.1466,0.8945,
1370,45.6667,True,-0.0498,89.9502,90.0498,,,,8.4688,271.0,32.0,36.99,0.8309,257,0.0858,0.11,0.11,-0.2659,0.1476,0.8942,
1371,45.7,True,-0.0189,89.9811,90.0189,,,,8.4688,271.0,32.0,37.04,0.834,256,0.1285,0.11,0.11,-0.2593,0.1357,0.8946,
1372,45.7333,True,0.0321,89.9679,89.9679,,,,8.625,276.0,32.0,36.98,0.8307,271,0.1522,0.11,0.11,-0.2594,0.1446,0.8944,
1373,45.7667,True,0.0458,89.9542,89.9542,,,,8.5625,274.0,32.0,37.0,0.8331,270,0.4235,0.11,0.11,-0.2604,0.1434,0.8943,
1374,45.8,True,0.0516,89.9484,89.9484,,,,8.5312,273.0,32.0,36.88,0.8336,269,0.8105,0.11,0.11,-0.2749,0.1468,0.894,
1375,45.8333,True,0.0605,89.9395,89.9395,,,,8.625,276.0,32.0,36.89,0.8334,270,0.6706,0.11,0.11,-0.2709,0.1494,0.894,
1376,45.8667,True,0.0567,89.9433,89.9433,,,,8.625,276.0,32.0,36.9,0.8348,270,0.4968,0.11,0.11,-0.2698,0.1541,0.8939,
1377,45.9,True,0.0544,89.9456,89.9456,,,,8.625,276.0,32.0,36.91,0.834,270,0.3526,0.11,0.11,-0.131,0.1456,0.8911,
1378,45.9333,True,0.0546,89.9454,89.9454,,,,8.625,276.0,32.0,36.91,0.8325,270,0.2312,0.11,0.11,-0.1277,0.1498,0.8909,
1379,45.9667,True,0.0463,89.9537,89.9537,,,,8.5312,273.0,32.0,36.95,0.8321,269,0.1503,0.11,0.11,-0.2699,0.159,0.8937,
1380,46.0,True,0.0598,89.9402,89.9402,,,,8.6562,277.0,32.0,36.97,0.8323,271,0.0977,0.11,0.11,-0.2633,0.1579,0.8936,
1381,46.0333,True,0.0652,89.9348,89.9348,,,,8.6562,277.0,32.0,36.93,0.8286,271,0.0635,0.11,0.11,-0.2608,0.1584,0.8936,
1382,46.0667,True,0.0646,89.9354,89.9354,,,,8.6562,277.0,32.0,36.84,0.8269,271,0.0956,0.11,0.11,-0.2458,0.1578,0.8934,
1383,46.1,True,0.0902,89.9098,89.9098,,,,8.625,276.0,32.0,36.94,0.8311,270,0.1133,0.11,0.11,-0.2346,0.1595,0.8933,
1384,46.1333,True,0.0709,89.9291,89.9291,,,,8.5312,273.0,32.0,36.84,0.8305,269,0.0792,0.11,0.11,-0.2389,0.1584,0.8932,
1385,46.1667,True,0.175,89.825,89.825,,,,9.0,288.0,32.0,37.07,0.8283,285,0.1119,0.11,0.11,-0.2404,0.1557,0.8932,
1386,46.2,True,0.2413,89.7587,89.7587,,,,8.9688,287.0,32.0,36.91,0.8471,284,0.2752,0.11,0.11,-0.2385,0.1232,0.8937,
1387,46.2333,True,0.2466,89.7534,89.7534,,,,9.0,288.0,32.0,36.88,0.8478,285,1.0688,0.11,0.11,-0.2321,0.1159,0.8941,
1388,46.2667,True,0.1865,89.8135,89.8135,,,,8.9688,287.0,32.0,36.62,0.8497,284,0.8161,0.11,0.11,-0.2322,0.1294,0.8948,
1389,46.3,True,0.2082,89.7918,89.7918,,,,8.7812,281.0,32.0,36.61,0.8579,278,0.7576,0.11,0.11,-0.1037,0.1328,0.8922,
1390,46.3333,True,0.2331,89.7669,89.7669,,,,8.7812,281.0,32.0,36.56,0.8635,278,0.7538,0.11,0.11,-0.1138,0.1344,0.8928,
1391,46.3667,True,0.2324,89.7676,89.7676,,,,8.75,280.0,32.0,36.61,0.8665,278,0.4832,0.11,0.11,-0.1137,0.1317,0.8932,
1392,46.4,True,0.2339,89.7661,89.7661,,,,8.75,280.0,32.0,36.71,0.8697,278,0.3141,0.11,0.11,-0.1161,0.1301,0.8932,
1393,46.4333,True,0.2748,89.7252,89.7252,,,,8.9375,286.0,32.0,36.78,0.866,283,0.2109,0.11,0.11,-0.1153,0.1166,0.8941,
1394,46.4667,True,0.275,89.725,89.725,,,,8.9375,286.0,32.0,37.25,0.8684,283,0.1458,0.11,0.11,-0.1201,0.1125,0.894,
1395,46.5,True,0.2789,89.7211,89.7211,,,,8.9375,286.0,32.0,37.59,0.87,282,0.524,0.11,0.11,-0.1182,0.1138,0.894,
1396,46.5333,True,0.2825,89.7175,89.7175,,,,8.9375,286.0,32.0,37.51,0.8708,283,0.3427,0.11,0.11,-0.2381,0.1138,0.8967,
1397,46.5667,True,0.2849,89.7151,89.7151,,,,8.9375,286.0,32.0,37.46,0.8717,282,0.264,0.11,0.11,-0.24,0.1161,0.8967,
1398,46.6,True,0.3114,89.6886,89.6886,,,,8.5758,283.0,33.0,37.59,0.88,284,0.2095,0.11,0.11,-0.2413,0.1117,0.8964,
1399,46.6333,True,0.3289,89.6711,89.6711,,,,8.6667,286.0,33.0,37.59,0.8814,286,0.1617,0.11,0.11,-0.1002,0.1233,0.8989,
1400,46.6667,True,0.2257,89.7743,89.7743,,,,9.5938,307.0,32.0,37.48,0.8407,288,0.1051,0.11,0.11,-0.3644,0.0992,0.9068,
1401,46.7,True,0.1055,89.8945,89.8945,,,,8.5625,274.0,32.0,37.43,0.8654,270,0.0683,0.11,0.11,-0.3589,0.0982,0.9068,
1402,46.7333,True,0.1206,89.8794,89.8794,,,,8.75,280.0,32.0,37.39,0.8678,272,-0.5772,0.11,0.11,-0.3521,0.0972,0.9066,
1403,46.7667,True,0.1258,89.8742,89.8742,,,,8.75,280.0,32.0,37.38,0.8715,276,-1.4242,0.11,0.11,-0.3472,0.0884,0.9066,
1404,46.8,True,0.1378,89.8622,89.8622,,,,8.75,280.0,32.0,37.31,0.8724,277,-0.9257,0.11,0.11,-0.3459,0.0883,0.9065,
1405,46.8333,True,0.1367,89.8633,89.8633,,,,8.5625,274.0,32.0,37.18,0.8761,271,-0.6017,0.11,0.11,-0.0672,0.1214,0.8985,
1406,46.8667,True,0.104,89.896,89.896,,,,8.5625,274.0,32.0,37.15,0.8741,247,-0.3911,0.11,0.11,-0.2072,0.095,0.8957,
1407,46.9,True,0.1627,89.8373,89.8373,,,,8.5625,274.0,32.0,37.33,0.878,269,-0.1399,0.11,0.11,-0.2007,0.0877,0.8957,
1408,46.9333,True,0.1814,89.8186,89.8186,,,,8.875,284.0,32.0,37.42,0.8779,268,-0.0792,0.11,0.11,-0.2117,0.0867,0.8956,
1409,46.9667,True,0.1798,89.8202,89.8202,,,,8.4375,270.0,32.0,37.35,0.8677,233,0.2098,0.11,0.11,-0.2106,0.0874,0.8956,
1410,47.0,True,0.1923,89.8077,89.8077,,,,8.5625,274.0,32.0,37.45,0.8632,231,0.3154,0.11,0.11,-0.2008,0.0898,0.8952,
1411,47.0333,True,0.1682,89.8318,89.8318,,,,8.3438,267.0,32.0,37.81,0.8702,221,0.205,0.11,0.11,-0.2034,0.0871,0.8952,
1412,47.0667,True,0.229,89.771,89.771,,,,8.5625,274.0,32.0,37.73,0.8662,240,0.1507,0.11,0.11,-0.4818,0.0642,0.903,
1413,47.1,True,0.2589,89.7411,89.7411,,,,8.7812,281.0,32.0,37.52,0.8798,270,0.2118,0.11,0.11,-0.4784,0.0595,0.9029,
1414,47.1333,True,0.2625,89.7375,89.7375,,,,8.7812,281.0,32.0,37.67,0.8825,270,0.5232,0.11,0.11,-0.4591,0.0651,0.9027,
1415,47.1667,True,0.2736,89.7264,89.7264,,,,8.7812,281.0,32.0,37.81,0.8821,270,0.6546,0.11,0.11,-0.4611,0.0732,0.9026,
1416,47.2,True,0.2772,89.7228,89.7228,,,,8.7812,281.0,32.0,37.83,0.8852,269,0.4632,0.11,0.11,-0.3234,0.084,0.9051,
1417,47.2333,True,0.283,89.717,89.717,,,,8.7812,281.0,32.0,37.8,0.8828,269,0.4177,0.11,0.11,-0.3233,0.0787,0.9051,
1418,47.2667,True,0.1943,89.8057,89.8057,,,,8.75,280.0,32.0,37.91,0.8715,261,0.2715,0.11,0.11,-0.3222,0.0874,0.9048,
1419,47.3,True,0.2869,89.7131,89.7131,,,,8.7812,281.0,32.0,37.65,0.8815,269,0.2141,0.11,0.11,-0.3299,0.0904,0.9048,
1420,47.3333,True,0.1944,89.8056,89.8056,,,,8.6875,278.0,32.0,37.69,0.8696,272,0.1392,0.11,0.11,-0.3321,0.0965,0.9047,
1421,47.3667,True,0.1448,89.8552,89.8552,,,,8.1515,269.0,33.0,37.72,0.8698,234,-0.7787,0.11,0.11,-0.335,0.098,0.9046,
1422,47.4,True,0.1258,89.8742,89.8742,,,,8.1515,269.0,33.0,37.9,0.8712,233,-0.5076,0.11,0.11,-0.3494,0.1057,0.9042,
1423,47.4333,True,0.2495,89.7505,89.7505,,,,8.5938,275.0,32.0,37.91,0.8596,215,-0.3285,0.11,0.11,-0.3545,0.1428,0.9054,
1424,47.4667,True,0.2473,89.7527,89.7527,,,,8.3333,275.0,33.0,37.92,0.8605,209,-0.2135,0.11,0.11,-0.468,0.0886,0.9013,
1425,47.5,True,0.313,89.687,89.687,,,,8.5455,282.0,33.0,38.01,0.8692,252,0.4165,0.11,0.11,-0.6422,0.042,0.9032,
1426,47.5333,True,0.2835,89.7165,89.7165,,,,8.5152,281.0,33.0,38.06,0.876,267,0.293,0.11,0.11,-0.6422,0.0671,0.9015,
1427,47.5667,True,0.2676,89.7324,89.7324,,,,8.5152,281.0,33.0,38.13,0.8766,268,0.3812,0.11,0.11,-0.5613,0.0823,0.9027,
1428,47.6,True,0.278,89.722,89.722,,,,8.5152,281.0,33.0,38.09,0.8775,269,0.3567,0.11,0.11,-0.5736,0.1106,0.9013,
1429,47.6333,True,0.1639,89.8361,89.8361,,,,8.1818,270.0,33.0,37.97,0.8665,217,0.2319,0.11,0.11,-0.5724,0.1293,0.9009,
1430,47.6667,True,0.1817,89.8183,89.8183,,,,8.1818,270.0,33.0,37.82,0.8719,229,0.0418,0.11,0.11,-0.5734,0.136,0.9007,
1431,47.7,True,0.2067,89.7933,89.7933,,,,8.3939,277.0,33.0,37.98,0.8723,237,-0.612,0.11,0.11,-0.567,0.102,0.8998,
1432,47.7333,True,0.1973,89.8027,89.8027,,,,8.3939,277.0,33.0,38.01,0.8782,253,-0.4973,0.11,0.11,-0.5663,0.1044,0.8997,
1433,47.7667,True,0.2143,89.7857,89.7857,,,,8.4242,278.0,33.0,37.85,0.8798,260,-0.3232,0.11,0.11,-0.5698,0.0953,0.8997,
1434,47.8,True,0.2192,89.7808,89.7808,,,,8.4242,278.0,33.0,37.82,0.88,262,-0.1106,0.11,0.11,-0.574,0.0968,0.8993,
1435,47.8333,True,0.1817,89.8183,89.8183,,,,8.1818,270.0,33.0,37.22,0.8797,260,-0.0719,0.11,0.11,-0.3813,0.121,0.8964,
1436,47.8667,True,0.1801,89.8199,89.8199,,,,8.303,274.0,33.0,37.18,0.877,263,-0.1462,0.11,0.11,-0.4842,0.1423,0.8946,
1437,47.9,True,0.2696,89.7304,89.7304,,,,8.4848,280.0,33.0,37.13,0.8876,270,0.0837,0.11,0.11,-0.476,0.1073,0.8959,
1438,47.9333,True,0.2397,89.7603,89.7603,,,,8.3333,275.0,33.0,37.71,0.8837,263,0.1062,0.11,0.11,-0.2268,0.0932,0.8887,
1439,47.9667,True,0.2385,89.7615,89.7615,,,,8.3333,275.0,33.0,37.11,0.8851,259,0.2713,0.11,0.11,-0.214,0.1054,0.8903,
1440,48.0,True,0.2344,89.7656,89.7656,,,,8.3333,275.0,33.0,37.05,0.881,257,0.1764,0.11,0.11,-0.1912,0.0917,0.8906,
1441,48.0333,True,0.2126,89.7874,89.7874,,,,8.303,274.0,33.0,37.0,0.8823,263,0.1146,0.11,0.11,-0.1916,0.093,0.8915,
1442,48.0667,True,0.2326,89.7674,89.7674,,,,8.5625,274.0,32.0,36.84,0.8832,258,0.0318,0.11,0.11,-0.1974,0.0891,0.8914,
1443,48.1,True,0.2316,89.7684,89.7684,,,,8.5625,274.0,32.0,36.68,0.8824,258,0.0017,0.11,0.11,-0.205,0.113,0.8917,
1444,48.1333,True,0.2261,89.7739,89.7739,,,,8.5625,274.0,32.0,36.52,0.8811,261,-0.0101,0.11,0.11,-0.0716,0.109,0.8886,
1445,48.1667,True,0.2481,89.7519,89.7519,,,,8.5625,274.0,32.0,36.43,0.8829,263,-0.0065,0.11,0.11,-0.0694,0.1155,0.8885,
1446,48.2,True,0.2254,89.7746,89.7746,,,,8.4308,274.0,32.5,35.92,0.8799,258,-0.0042,0.11,0.11,-0.1584,0.1067,0.8811,
1447,48.2333,True,0.2177,89.7823,89.7823,,,,8.303,274.0,33.0,35.73,0.8778,257,-0.0603,0.11,0.11,-0.1665,0.1158,0.8811,
1448,48.2667,True,0.2117,89.7883,89.7883,,,,8.303,274.0,33.0,35.75,0.8772,256,-0.0463,0.09,0.09,-0.038,0.1229,0.873,
1449,48.3,True,0.2257,89.7743,89.7743,,,,8.303,274.0,33.0,35.72,0.8805,256,-0.0301,0.09,0.09,-0.0347,0.111,0.8726,
1450,48.3333,True,0.2275,89.7725,89.7725,,,,8.5152,281.0,33.0,35.82,0.8795,259,-0.0196,0.09,0.09,-0.0504,0.108,0.8698,
1451,48.3667,True,0.2159,89.7841,89.7841,,,,8.4308,274.0,32.5,35.78,0.8778,256,-0.094,0.09,0.09,-0.0461,0.1163,0.8698,
1452,48.4,True,0.2323,89.7677,89.7677,,,,8.5152,281.0,33.0,35.88,0.8789,259,0.0231,0.09,0.09,-0.0479,0.1162,0.8697,
1453,48.4333,True,0.2379,89.7621,89.7621,,,,8.5152,281.0,33.0,35.88,0.8789,257,0.0337,0.09,0.09,-0.0468,0.1191,0.8697,
1454,48.4667,True,0.2563,89.7437,89.7437,,,,8.6061,284.0,33.0,35.79,0.875,265,0.0728,0.09,0.09,-0.0442,0.1222,0.8696,
1455,48.5,True,0.2299,89.7701,89.7701,,,,8.3333,275.0,33.0,36.29,0.8796,260,0.0473,0.09,0.09,-0.0461,0.106,0.8695,
1456,48.5333,True,0.2305,89.7695,89.7695,,,,8.3333,275.0,33.0,36.18,0.8793,261,0.0307,0.09,0.09,-0.1972,0.0886,0.8774,
1457,48.5667,True,0.2766,89.7234,89.7234,,,,8.875,284.0,32.0,36.05,0.8828,282,0.0791,0.09,0.09,-0.1985,0.0879,0.8774,
1458,48.6,True,0.2229,89.7771,89.7771,,,,8.303,274.0,33.0,36.09,0.8751,257,-0.0271,0.09,0.09,-0.1876,0.0802,0.8771,
1459,48.6333,True,0.281,89.719,89.719,,,,8.8438,283.0,32.0,36.12,0.8842,280,-0.0176,0.09,0.09,-0.1871,0.0812,0.877,
1460,48.6667,True,0.2891,89.7109,89.7109,,,,8.875,284.0,32.0,36.02,0.8827,285,0.4726,0.09,0.09,-0.1814,0.0759,0.8768,
1461,48.7,True,0.2686,89.7314,89.7314,,,,8.8438,283.0,32.0,36.01,0.8834,284,0.3072,0.09,0.09,-0.1826,0.0778,0.8767,
1462,48.7333,True,0.2978,89.7022,89.7022,,,,8.875,284.0,32.0,36.11,0.8833,284,0.2462,0.09,0.09,-0.179,0.0807,0.8762,
1463,48.7667,True,0.2788,89.7212,89.7212,,,,8.9375,286.0,32.0,36.0,0.8765,270,0.16,0.09,0.09,-0.1811,0.0698,0.8762,
1464,48.8,True,0.2489,89.7511,89.7511,,,,8.5152,281.0,33.0,35.99,0.8876,276,0.0811,0.09,0.09,-0.181,0.063,0.8761,
1465,48.8333,True,0.2755,89.7245,89.7245,,,,8.9062,285.0,32.0,35.98,0.8921,271,0.018,0.09,0.09,-0.1851,0.0698,0.8761,
1466,48.8667,True,0.2574,89.7426,89.7426,,,,8.6364,285.0,33.0,36.08,0.8884,269,0.0117,0.09,0.09,-0.1818,0.0633,0.8759,
1467,48.9,True,0.2578,89.7422,89.7422,,,,8.6364,285.0,33.0,36.1,0.8877,271,-0.178,0.09,0.09,-0.187,0.0665,0.8759,
1468,48.9333,True,0.2708,89.7292,89.7292,,,,8.6364,285.0,33.0,36.09,0.8859,270,-0.1157,0.09,0.09,-0.1744,0.075,0.8761,
1469,48.9667,True,0.2697,89.7303,89.7303,,,,8.6364,285.0,33.0,36.11,0.8862,271,0.0491,0.09,0.09,-0.174,0.0734,0.8761,
1470,49.0,True,0.2658,89.7342,89.7342,,,,8.6364,285.0,33.0,36.02,0.8846,269,-0.0091,0.11,0.11,-0.2415,0.0813,0.8787,
1471,49.0333,True,0.1963,89.8037,89.8037,,,,8.303,274.0,33.0,36.1,0.8839,243,-0.0059,0.11,0.11,-0.2412,0.083,0.8786,
1472,49.0667,True,0.1825,89.8175,89.8175,,,,8.303,274.0,33.0,36.05,0.893,257,-0.0038,0.11,0.11,-0.2447,0.0807,0.8786,
1473,49.1,True,0.1826,89.8174,89.8174,,,,8.1818,270.0,33.0,36.0,0.8787,235,-0.7321,0.09,0.09,-0.1754,0.0705,0.8756,
1474,49.1333,True,0.1898,89.8102,89.8102,,,,8.1818,270.0,33.0,36.02,0.884,243,-0.5439,0.09,0.09,-0.1819,0.0672,0.8755,
1475,49.1667,True,0.1692,89.8308,89.8308,,,,8.1818,270.0,33.0,35.78,0.8814,233,-0.4296,0.11,0.11,-0.1879,0.0748,0.8755,
1476,49.2,True,0.1724,89.8276,89.8276,,,,8.2121,271.0,33.0,35.8,0.8859,241,-0.2802,0.11,0.11,-0.1888,0.0726,0.8754,
1477,49.2333,True,0.1797,89.8203,89.8203,,,,8.2121,271.0,33.0,35.76,0.8912,250,-0.2115,0.11,0.11,-0.1858,0.0711,0.8754,
1478,49.2667,True,0.1836,89.8164,89.8164,,,,8.2121,271.0,33.0,35.73,0.8939,254,-0.1375,0.11,0.11,-0.1831,0.0703,0.8752,
1479,49.3,True,0.1755,89.8245,89.8245,,,,8.1818,270.0,33.0,35.48,0.894,251,-0.1332,0.11,0.11,-0.1897,0.0828,0.8751,
1480,49.3333,True,0.1716,89.8284,89.8284,,,,8.1818,270.0,33.0,35.43,0.8959,256,-0.0866,0.11,0.11,-0.1873,0.0826,0.875,
1481,49.3667,True,0.1703,89.8297,89.8297,,,,8.1818,270.0,33.0,35.42,0.8966,256,-0.0563,0.09,0.09,-0.2003,0.09,0.8678,
1482,49.4,True,0.1627,89.8373,89.8373,,,,8.1818,270.0,33.0,35.33,0.8939,249,-0.0771,0.09,0.09,-0.2034,0.0917,0.8675,
1483,49.4333,True,0.1538,89.8462,89.8462,,,,8.1818,270.0,33.0,35.22,0.8973,256,-0.0638,0.09,0.09,-0.2037,0.0873,0.8674,
1484,49.4667,True,0.162,89.838,89.838,,,,8.1818,270.0,33.0,35.2,0.8949,251,-0.1218,0.09,0.09,-0.2017,0.093,0.8668,
1485,49.5,True,0.164,89.836,89.836,,,,8.1818,270.0,33.0,35.16,0.8934,249,-0.0792,0.09,0.09,-0.1077,0.1018,0.8587,
1486,49.5333,True,0.1854,89.8146,89.8146,,,,8.1818,270.0,33.0,34.79,0.894,248,-0.0515,0.09,0.09,-0.1055,0.1051,0.8582,
1487,49.5667,True,0.1788,89.8212,89.8212,,,,8.1818,270.0,33.0,35.1,0.8917,244,-0.0195,0.09,0.09,-0.1151,0.1142,0.858,
1488,49.6,True,0.1998,89.8002,89.8002,,,,8.1818,270.0,33.0,35.05,0.8947,245,0.143,0.09,0.09,-0.1089,0.1143,0.858,
1489,49.6333,True,0.2037,89.7963,89.7963,,,,8.2727,273.0,33.0,35.32,0.8886,239,0.162,0.09,0.09,-0.1084,0.1371,0.8571,
1490,49.6667,True,0.2228,89.7772,89.7772,,,,8.303,274.0,33.0,35.19,0.9011,259,0.2568,0.09,0.09,-0.1114,0.1308,0.8568,
1491,49.7,True,0.2089,89.7911,89.7911,,,,8.303,274.0,33.0,35.35,0.89,256,0.2074,0.09,0.09,-0.1,0.1348,0.8568,
1492,49.7333,True,0.2738,89.7262,89.7262,,,,8.6061,284.0,33.0,35.36,0.8963,267,0.1894,0.09,0.09,-0.0977,0.1361,0.8567,
1493,49.7667,True,0.2756,89.7244,89.7244,,,,8.6061,284.0,33.0,35.35,0.894,265,0.2688,0.09,0.09,-0.1006,0.1377,0.8566,
1494,49.8,True,0.2795,89.7205,89.7205,,,,8.6061,284.0,33.0,35.51,0.894,266,0.711,0.09,0.09,-0.0885,0.1462,0.8558,
1495,49.8333,True,0.2776,89.7224,89.7224,,,,8.6061,284.0,33.0,35.5,0.8927,266,0.4807,0.09,0.09,-0.1706,0.143,0.8627,
1496,49.8667,True,0.2818,89.7182,89.7182,,,,8.6364,285.0,33.0,35.5,0.8964,268,0.3339,0.09,0.09,-0.1588,0.1895,0.8613,
1497,49.9,True,0.2824,89.7176,89.7176,,,,8.6364,285.0,33.0,35.51,0.8955,268,0.237,0.09,0.09,-0.1651,0.2137,0.86,
1498,49.9333,True,0.2821,89.7179,89.7179,,,,8.6364,285.0,33.0,35.51,0.9007,268,0.1772,0.09,0.09,-0.1607,0.2049,0.8597,
1499,49.9667,True,0.2821,89.7179,89.7179,,,,8.6364,285.0,33.0,35.51,0.9007,268,0.119,0.09,0.09,-0.1536,0.1839,0.8588,
1500,50.0,True,0.5055,89.4945,89.4945,,,,9.2727,306.0,33.0,33.55,0.8986,277,0.0773,0.09,0.09,-0.2069,0.1024,0.8561,
1501,50.0333,True,0.5058,89.4942,89.4942,,,,9.2727,306.0,33.0,33.54,0.9,272,0.0536,0.09,0.09,-0.1168,0.1201,0.8481,
1502,50.0667,True,0.4974,89.5026,89.5026,,,,9.2727,306.0,33.0,33.52,0.9037,266,2.2923,0.09,0.09,0.0176,0.131,0.8426,
1503,50.1,True,0.4927,89.5073,89.5073,,,,9.2727,306.0,33.0,33.5,0.8996,269,1.49,0.09,0.09,0.015,0.1572,0.8435,
1504,50.1333,True,0.4723,89.5277,89.5277,,,,9.4375,302.0,32.0,33.49,0.8952,272,0.9685,0.09,0.09,0.0071,0.1706,0.8358,
1505,50.1667,True,0.4736,89.5264,89.5264,,,,9.4375,302.0,32.0,33.45,0.897,272,0.5795,0.09,0.09,0.0279,0.1765,0.8284,
1506,50.2,True,0.5181,89.4819,89.4819,,,,9.303,307.0,33.0,33.46,0.8929,279,0.3766,0.09,0.09,0.0339,0.1634,0.8292,
1507,50.2333,True,0.5218,89.4782,89.4782,,,,9.303,307.0,33.0,33.45,0.8919,279,0.2448,0.09,0.09,0.0432,0.1561,0.8296,
1508,50.2667,True,0.5215,89.4785,89.4785,,,,9.303,307.0,33.0,33.46,0.8913,279,0.4263,0.09,0.09,0.0413,0.1548,0.8296,
1509,50.3,True,0.5278,89.4722,89.4722,,,,9.303,307.0,33.0,33.33,0.8912,279,0.3128,0.09,0.09,0.0253,0.1551,0.8296,
1510,50.3333,True,0.5164,89.4836,89.4836,,,,9.2727,306.0,33.0,33.29,0.8911,279,0.2033,0.09,0.09,0.0271,0.1494,0.8296,
1511,50.3667,True,0.5202,89.4798,89.4798,,,,9.303,307.0,33.0,33.26,0.89,280,0.1322,0.09,0.09,0.0314,0.1492,0.8296,
1512,50.4,True,0.5029,89.4971,89.4971,,,,9.303,307.0,33.0,33.16,0.8959,279,0.0719,0.09,0.09,0.0428,0.1498,0.8294,
1513,50.4333,True,0.4399,89.5601,89.5601,,,,9.4375,302.0,32.0,32.91,0.8932,272,0.0072,0.09,0.09,0.0516,0.1464,0.8294,
1514,50.4667,True,0.512,89.488,89.488,,,,9.303,307.0,33.0,32.92,0.8929,279,-0.0415,0.09,0.09,0.0435,0.1565,0.8262,
1515,50.5,True,0.5128,89.4872,89.4872,,,,9.303,307.0,33.0,32.93,0.8919,279,-0.027,0.09,0.09,0.0306,0.2023,0.8253,
1516,50.5333,True,0.5201,89.4799,89.4799,,,,9.303,307.0,33.0,32.94,0.8925,279,-0.0175,0.09,0.09,0.0233,0.1862,0.8237,
1517,50.5667,True,0.5206,89.4794,89.4794,,,,9.303,307.0,33.0,33.03,0.8922,279,-0.0034,0.09,0.09,0.0106,0.1608,0.8229,
1518,50.6,True,0.5201,89.4799,89.4799,,,,9.303,307.0,33.0,33.11,0.8925,279,0.0747,0.09,0.09,0.0067,0.1797,0.8225,
1519,50.6333,True,0.5185,89.4815,89.4815,,,,9.303,307.0,33.0,33.09,0.8942,279,0.0486,0.09,0.09,0.0031,0.1872,0.8225,
1520,50.6667,True,0.4836,89.5164,89.5164,,,,9.303,307.0,33.0,33.11,0.902,275,0.0316,0.09,0.09,-0.0019,0.1331,0.8232,
1521,50.7,True,0.4884,89.5116,89.5116,,,,9.303,307.0,33.0,33.09,0.9007,268,0.004,0.09,0.09,0.0022,0.1513,0.8241,
1522,50.7333,True,0.5199,89.4801,89.4801,,,,9.303,307.0,33.0,33.12,0.9026,273,0.0026,0.09,0.09,0.0041,0.1628,0.8243,
1523,50.7667,True,0.5184,89.4816,89.4816,,,,9.303,307.0,33.0,33.14,0.9025,274,0.0002,0.09,0.09,0.0043,0.1585,0.8243,
1524,50.8,True,0.5187,89.4813,89.4813,,,,9.303,307.0,33.0,33.08,0.9017,273,0.0002,0.09,0.09,-0.0066,0.1532,0.8248,
1525,50.8333,True,0.5191,89.4809,89.4809,,,,9.303,307.0,33.0,33.2,0.9001,274,0.0033,0.09,0.09,0.0061,0.1428,0.8251,
1526,50.8667,True,0.5197,89.4803,89.4803,,,,9.303,307.0,33.0,33.21,0.9012,273,0.0062,0.09,0.09,0.0116,0.1421,0.8251,
1527,50.9,True,0.5049,89.4951,89.4951,,,,9.303,307.0,33.0,33.25,0.9009,273,-0.0,0.09,0.09,0.0123,0.1339,0.8251,
1528,50.9333,True,0.4868,89.5132,89.5132,,,,9.303,307.0,33.0,33.26,0.9008,268,-0.0,0.09,0.09,0.0197,0.1225,0.826,
1529,50.9667,True,0.5101,89.4899,89.4899,,,,9.303,307.0,33.0,33.3,0.9021,273,-0.0898,0.09,0.09,0.0232,0.1134,0.8291,
1530,51.0,True,0.5126,89.4874,89.4874,,,,9.303,307.0,33.0,33.34,0.9004,273,-0.0584,0.09,0.09,0.0228,0.109,0.829,
1531,51.0333,True,0.5133,89.4867,89.4867,,,,9.303,307.0,33.0,33.3,0.9005,273,-0.038,0.09,0.09,0.0265,0.1081,0.829,
1532,51.0667,True,0.5091,89.4909,89.4909,,,,9.303,307.0,33.0,33.29,0.9022,273,-0.0247,0.09,0.09,0.0267,0.1126,0.8289,
1533,51.1,True,0.4846,89.5154,89.5154,,,,9.303,307.0,33.0,33.19,0.9017,270,-0.016,0.09,0.09,0.0412,0.1176,0.8287,
1534,51.1333,True,0.4843,89.5157,89.5157,,,,9.303,307.0,33.0,33.24,0.9017,270,-0.0214,0.09,0.09,0.0307,0.1307,0.8247,
1535,51.1667,True,0.4868,89.5132,89.5132,,,,9.303,307.0,33.0,33.4,0.8998,270,-0.2474,0.09,0.09,0.024,0.1289,0.8247,
1536,51.2,True,0.4866,89.5134,89.5134,,,,9.303,307.0,33.0,33.42,0.9001,269,-0.163,0.09,0.09,0.047,0.117,0.8276,
1537,51.2333,True,0.4886,89.5114,89.5114,,,,9.303,307.0,33.0,33.44,0.9003,270,-0.106,0.09,0.09,0.0432,0.1181,0.8276,
1538,51.2667,True,0.4905,89.5095,89.5095,,,,9.303,307.0,33.0,33.43,0.9006,269,-0.0667,0.09,0.09,0.0434,0.1311,0.8271,
1539,51.3,True,0.481,89.519,89.519,,,,9.303,307.0,33.0,33.45,0.8962,261,-0.0433,0.09,0.09,0.0455,0.1313,0.8271,
1540,51.3333,True,0.4656,89.5344,89.5344,,,,9.303,307.0,33.0,33.67,0.9,262,-0.0304,0.09,0.09,0.0407,0.1381,0.8268,
1541,51.3667,True,0.4431,89.5569,89.5569,,,,9.303,307.0,33.0,33.75,0.8974,261,-0.0795,0.09,0.09,0.0425,0.1406,0.8267,
1542,51.4,True,0.4432,89.5568,89.5568,,,,9.303,307.0,33.0,33.73,0.8975,260,-0.213,0.09,0.09,0.0241,0.1519,0.8342,
1543,51.4333,True,0.4469,89.5531,89.5531,,,,9.303,307.0,33.0,33.78,0.898,260,-0.3345,0.09,0.09,0.0234,0.1572,0.8342,
1544,51.4667,True,0.439,89.561,89.561,,,,9.303,307.0,33.0,33.74,0.8984,260,-0.2564,0.09,0.09,0.0281,0.1575,0.8341,
1545,51.5,True,0.4417,89.5583,89.5583,,,,9.303,307.0,33.0,33.82,0.8997,262,-0.1682,0.09,0.09,0.0382,0.1637,0.8341,
1546,51.5333,True,0.4452,89.5548,89.5548,,,,9.303,307.0,33.0,33.82,0.8984,263,-0.1078,0.09,0.09,0.0329,0.1662,0.834,
1547,51.5667,True,0.4464,89.5536,89.5536,,,,9.303,307.0,33.0,33.84,0.8977,262,-0.0496,0.09,0.09,0.0323,0.1625,0.834,
1548,51.6,True,0.4616,89.5384,89.5384,,,,9.303,307.0,33.0,33.64,0.8974,269,-0.0322,0.09,0.09,0.0019,0.1659,0.8418,
1549,51.6333,True,0.4275,89.5725,89.5725,,,,9.303,307.0,33.0,33.73,0.8958,264,-0.0209,0.09,0.09,-0.0048,0.1732,0.8408,
1550,51.6667,True,0.4571,89.5429,89.5429,,,,9.303,307.0,33.0,33.77,0.8958,271,-0.0005,0.09,0.09,-0.0084,0.1599,0.84,
1551,51.7,True,0.4441,89.5559,89.5559,,,,9.303,307.0,33.0,33.75,0.897,269,-0.0003,0.09,0.09,-0.012,0.1462,0.8391,
1552,51.7333,True,0.4278,89.5722,89.5722,,,,9.303,307.0,33.0,33.8,0.8978,265,-0.0241,0.09,0.09,-0.0071,0.1376,0.8387,
1553,51.7667,True,0.4231,89.5769,89.5769,,,,9.303,307.0,33.0,33.71,0.8969,261,-0.1866,0.09,0.09,-0.0193,0.1093,0.8378,
1554,51.8,True,0.425,89.575,89.575,,,,9.303,307.0,33.0,33.74,0.8986,265,-0.1213,0.09,0.09,-0.0179,0.1014,0.8374,
1555,51.8333,True,0.4267,89.5733,89.5733,,,,9.303,307.0,33.0,33.75,0.8986,263,-0.0903,0.09,0.09,-0.0307,0.0963,0.8299,
1556,51.8667,True,0.4244,89.5756,89.5756,,,,9.303,307.0,33.0,33.8,0.898,263,-0.0776,0.09,0.09,-0.0285,0.0829,0.8289,
1557,51.9,True,0.4263,89.5737,89.5737,,,,9.2727,306.0,33.0,34.07,0.8944,249,-0.0504,0.09,0.09,-0.033,0.0754,0.8289,
1558,51.9333,True,0.4262,89.5738,89.5738,,,,9.303,307.0,33.0,34.06,0.892,255,-0.0194,0.09,0.09,-0.0376,0.0775,0.8288,
1559,51.9667,True,0.4243,89.5757,89.5757,,,,9.2424,305.0,33.0,34.11,0.8895,244,-0.0126,0.09,0.09,-0.0458,0.0747,0.8289,
1560,52.0,True,0.425,89.575,89.575,,,,9.2424,305.0,33.0,34.11,0.8894,244,-0.0209,0.09,0.09,-0.0455,0.0742,0.8286,
1561,52.0333,True,0.4343,89.5657,89.5657,,,,9.303,307.0,33.0,34.38,0.8925,264,-0.0009,0.09,0.09,-0.0458,0.0773,0.8286,
1562,52.0667,True,0.4259,89.5741,89.5741,,,,9.2727,306.0,33.0,34.4,0.8873,244,-0.0035,0.09,0.09,-0.0202,0.1169,0.8368,
1563,52.1,True,0.4236,89.5764,89.5764,,,,9.2727,306.0,33.0,34.37,0.8876,244,-0.0121,0.09,0.09,-0.0752,0.0982,0.8398,
1564,52.1333,True,0.4313,89.5687,89.5687,,,,9.2727,306.0,33.0,34.3,0.8873,244,0.002,0.09,0.09,-0.0748,0.0861,0.8393,
1565,52.1667,True,0.4254,89.5746,89.5746,,,,9.2727,306.0,33.0,34.3,0.8873,243,0.0013,0.09,0.09,-0.0673,0.0891,0.8393,
1566,52.2,True,0.4235,89.5765,89.5765,,,,9.2727,306.0,33.0,34.27,0.887,243,-0.0045,0.09,0.09,-0.0621,0.0935,0.8393,
1567,52.2333,True,0.424,89.576,89.576,,,,9.2727,306.0,33.0,34.23,0.8883,244,-0.0181,0.09,0.09,-0.0578,0.0949,0.8393,
1568,52.2667,True,0.4171,89.5829,89.5829,,,,9.2727,306.0,33.0,34.28,0.889,244,-0.0117,0.09,0.09,-0.0527,0.0959,0.8392,
1569,52.3,True,0.4183,89.5817,89.5817,,,,9.2727,306.0,33.0,34.3,0.8881,244,-0.0131,0.09,0.09,-0.0485,0.097,0.8392,
1570,52.3333,True,0.4258,89.5742,89.5742,,,,9.2727,306.0,33.0,34.38,0.888,244,-0.0085,0.09,0.09,-0.0432,0.0947,0.8392,
1571,52.3667,True,0.428,89.572,89.572,,,,9.2727,306.0,33.0,34.37,0.8885,244,-0.0001,0.09,0.09,-0.0396,0.0973,0.8392,
1572,52.4,True,0.3984,89.6016,89.6016,,,,8.697,287.0,33.0,34.29,0.878,222,-0.0595,0.09,0.09,-0.0395,0.0766,0.8394,
1573,52.4333,True,0.3862,89.6138,89.6138,,,,8.6667,286.0,33.0,34.17,0.8739,214,-0.0387,0.09,0.09,-0.0396,0.0763,0.8392,
1574,52.4667,True,0.3852,89.6148,89.6148,,,,8.6667,286.0,33.0,34.16,0.8756,218,-0.2348,0.09,0.09,-0.0401,0.0736,0.8392,
1575,52.5,True,0.3885,89.6115,89.6115,,,,8.6667,286.0,33.0,34.12,0.8762,220,-0.2566,0.09,0.09,0.0036,0.0955,0.8362,
1576,52.5333,True,0.3885,89.6115,89.6115,,,,8.6667,286.0,33.0,34.17,0.8754,217,-0.1668,0.09,0.09,0.0044,0.0929,0.8361,
1577,52.5667,True,0.3864,89.6136,89.6136,,,,8.6667,286.0,33.0,34.03,0.8734,216,-0.1304,0.09,0.09,0.0162,0.0945,0.836,
1578,52.6,True,0.392,89.608,89.608,,,,8.6667,286.0,33.0,34.05,0.8731,214,-0.0628,0.09,0.09,0.0159,0.0912,0.836,
1579,52.6333,True,0.4264,89.5736,89.5736,,,,9.2424,305.0,33.0,34.01,0.8868,240,-0.0405,0.09,0.09,0.019,0.0887,0.836,
1580,52.6667,True,0.4186,89.5814,89.5814,,,,9.2424,305.0,33.0,34.1,0.8825,231,0.0102,0.09,0.09,-0.0215,0.0884,0.8284,
1581,52.7,True,0.4431,89.5569,89.5569,,,,9.2727,306.0,33.0,34.27,0.8928,264,0.2859,0.09,0.09,-0.0236,0.0961,0.8283,
1582,52.7333,True,0.4439,89.5561,89.5561,,,,9.2727,306.0,33.0,34.31,0.8929,265,0.2684,0.09,0.09,0.0187,0.0991,0.8358,
1583,52.7667,True,0.4423,89.5577,89.5577,,,,9.5625,306.0,32.0,34.38,0.8924,265,0.3407,0.09,0.09,0.0166,0.1024,0.8358,
1584,52.8,True,0.4363,89.5637,89.5637,,,,9.2727,306.0,33.0,34.48,0.8867,249,0.2214,0.09,0.09,-0.0385,0.101,0.8381,
1585,52.8333,True,0.4329,89.5671,89.5671,,,,9.5625,306.0,32.0,34.71,0.8885,262,0.1439,0.09,0.09,-0.0506,0.1018,0.838,
1586,52.8667,True,0.4358,89.5642,89.5642,,,,9.5625,306.0,32.0,34.78,0.8889,262,0.0312,0.09,0.09,-0.0454,0.1001,0.8379,
1587,52.9,True,0.4331,89.5669,89.5669,,,,9.3438,299.0,32.0,34.83,0.8892,261,0.0144,0.09,0.09,-0.0452,0.1004,0.8379,
1588,52.9333,True,0.4692,89.5308,89.5308,,,,9.303,307.0,33.0,35.07,0.8912,269,0.0094,0.09,0.09,-0.0627,0.1092,0.8375,
1589,52.9667,True,0.5093,89.4907,89.4907,,,,9.303,307.0,33.0,34.99,0.8897,272,0.0061,0.09,0.09,-0.0654,0.1047,0.8374,
1590,53.0,True,0.4995,89.5005,89.5005,,,,9.2727,306.0,33.0,34.99,0.8893,270,0.3548,0.09,0.09,-0.1433,0.071,0.8407,
1591,53.0333,True,0.4969,89.5031,89.5031,,,,9.303,307.0,33.0,34.85,0.8878,269,0.5214,0.09,0.09,-0.1342,0.0744,0.8407,
1592,53.0667,True,0.4997,89.5003,89.5003,,,,9.303,307.0,33.0,34.82,0.8873,269,0.3665,0.09,0.09,-0.1288,0.0771,0.8406,
1593,53.1,True,0.4742,89.5258,89.5258,,,,9.303,307.0,33.0,34.82,0.8856,262,0.2382,0.09,0.09,-0.1344,0.076,0.8406,
1594,53.1333,True,0.4801,89.5199,89.5199,,,,9.303,307.0,33.0,34.8,0.8862,265,0.1273,0.09,0.09,-0.1339,0.0771,0.8405,
1595,53.1667,True,0.4898,89.5102,89.5102,,,,9.303,307.0,33.0,34.82,0.888,270,0.0085,0.09,0.09,-0.1277,0.077,0.8405,
1596,53.2,True,0.4211,89.5789,89.5789,,,,9.0909,300.0,33.0,35.03,0.8868,257,-0.0964,0.09,0.09,-0.1229,0.0702,0.8403,
1597,53.2333,True,0.4114,89.5886,89.5886,,,,9.375,300.0,32.0,35.02,0.8862,257,-0.1246,0.09,0.09,-0.1223,0.073,0.8403,
1598,53.2667,True,0.4136,89.5864,89.5864,,,,9.375,300.0,32.0,35.02,0.886,257,-0.6381,0.09,0.09,-0.1223,0.0735,0.8403,
1599,53.3,True,0.4088,89.5912,89.5912,,,,9.375,300.0,32.0,35.09,0.8856,256,-0.4938,0.09,0.09,-0.1205,0.07,0.8403,
1600,53.3333,True,0.407,89.593,89.593,,,,9.5625,306.0,32.0,35.09,0.8872,282,-0.3448,0.09,0.09,-0.1245,0.0732,0.8403,
1601,53.3667,True,0.3251,89.6749,89.6749,,,,8.9091,294.0,33.0,35.16,0.8901,280,-0.2508,0.09,0.09,-0.1249,0.0665,0.8403,
1602,53.4,True,0.2995,89.7005,89.7005,,,,8.6667,286.0,33.0,35.18,0.8906,272,-0.1819,0.09,0.09,-0.1898,0.0481,0.8483,
1603,53.4333,True,0.3284,89.6716,89.6716,,,,8.6667,286.0,33.0,35.2,0.8923,271,-0.944,0.09,0.09,-0.1916,0.044,0.8483,
1604,53.4667,True,0.3584,89.6416,89.6416,,,,9.0303,298.0,33.0,35.32,0.8963,280,-0.6136,0.09,0.09,-0.1922,0.0437,0.8482,
1605,53.5,True,0.3654,89.6346,89.6346,,,,9.0303,298.0,33.0,35.28,0.8964,279,-0.3988,0.09,0.09,-0.1934,0.0412,0.8482,
1606,53.5333,True,0.3738,89.6262,89.6262,,,,9.0303,298.0,33.0,35.26,0.8929,271,0.0563,0.09,0.09,-0.1917,0.0384,0.8482,
1607,53.5667,True,0.3632,89.6368,89.6368,,,,9.3125,298.0,32.0,35.24,0.8974,278,0.0863,0.09,0.09,-0.186,0.0348,0.8482,
1608,53.6,True,0.3707,89.6293,89.6293,,,,9.3125,298.0,32.0,35.09,0.8991,279,0.0801,0.09,0.09,-0.1801,0.0391,0.848,
1609,53.6333,True,0.3744,89.6256,89.6256,,,,9.3125,298.0,32.0,35.18,0.895,257,0.1071,0.09,0.09,-0.1768,0.0424,0.8479,
1610,53.6667,True,0.3956,89.6044,89.6044,,,,9.4062,301.0,32.0,35.24,0.8959,265,0.102,0.09,0.09,-0.1804,0.0443,0.8478,
1611,53.7,True,0.394,89.606,89.606,,,,9.4062,301.0,32.0,35.27,0.8951,266,0.0726,0.09,0.09,-0.1806,0.0403,0.8478,
1612,53.7333,True,0.3797,89.6203,89.6203,,,,9.3438,299.0,32.0,35.18,0.9018,259,0.1035,0.09,0.09,-0.1795,0.0498,0.8474,
1613,53.7667,True,0.3827,89.6173,89.6173,,,,9.4062,301.0,32.0,34.99,0.902,262,0.0988,0.09,0.09,-0.1788,0.0453,0.8473,
1614,53.8,True,0.4021,89.5979,89.5979,,,,9.4062,301.0,32.0,35.04,0.9019,264,0.1825,0.09,0.09,-0.1783,0.0489,0.8472,
1615,53.8333,True,0.3897,89.6103,89.6103,,,,9.4062,301.0,32.0,35.03,0.9019,263,0.0734,0.09,0.09,-0.182,0.0575,0.8472,
1616,53.8667,True,0.3871,89.6129,89.6129,,,,9.4062,301.0,32.0,34.97,0.9018,261,0.02,0.09,0.09,-0.1081,0.0884,0.8392,
1617,53.9,True,0.3818,89.6182,89.6182,,,,9.4062,301.0,32.0,35.08,0.9011,259,0.013,0.09,0.09,-0.1052,0.0879,0.8392,
1618,53.9333,True,0.3818,89.6182,89.6182,,,,9.4062,301.0,32.0,35.13,0.9011,259,0.0085,0.09,0.09,-0.1018,0.0896,0.8391,
1619,53.9667,True,0.3818,89.6182,89.6182,,,,9.4062,301.0,32.0,35.11,0.9011,259,-0.0501,0.09,0.09,-0.101,0.093,0.8391,
1620,54.0,True,0.3917,89.6083,89.6083,,,,9.4062,301.0,32.0,35.05,0.9016,264,-0.0325,0.09,0.09,-0.1039,0.0836,0.8389,
1621,54.0333,True,0.3857,89.6143,89.6143,,,,9.4062,301.0,32.0,34.99,0.901,262,-0.0212,0.09,0.09,-0.105,0.0778,0.8388,
1622,54.0667,True,0.3857,89.6143,89.6143,,,,9.4062,301.0,32.0,34.97,0.901,262,0.0272,0.09,0.09,-0.1028,0.0786,0.8388,
1623,54.1,True,0.3779,89.6221,89.6221,,,,9.4062,301.0,32.0,35.01,0.9007,260,0.0177,0.09,0.09,-0.1003,0.074,0.8388,
1624,54.1333,True,0.3766,89.6234,89.6234,,,,9.4062,301.0,32.0,35.06,0.9005,259,0.0115,0.09,0.09,-0.105,0.0761,0.8388,
1625,54.1667,True,0.3816,89.6184,89.6184,,,,9.4062,301.0,32.0,35.05,0.9009,262,-0.0348,0.09,0.09,-0.1024,0.0746,0.8388,
1626,54.2,True,0.3801,89.6199,89.6199,,,,9.4062,301.0,32.0,35.06,0.9003,262,-0.0391,0.09,0.09,-0.104,0.0765,0.8388,
1627,54.2333,True,0.373,89.627,89.627,,,,9.4062,301.0,32.0,35.07,0.9001,260,-0.0478,0.09,0.09,-0.1044,0.0776,0.8388,
1628,54.2667,True,0.3898,89.6102,89.6102,,,,9.4062,301.0,32.0,35.15,0.9004,262,-0.0087,0.09,0.09,-0.1134,0.0807,0.8387,
1629,54.3,True,0.3938,89.6062,89.6062,,,,9.4062,301.0,32.0,35.3,0.9018,266,0.0109,0.09,0.09,-0.1236,0.0864,0.8387,
1630,54.3333,True,0.3982,89.6018,89.6018,,,,9.4062,301.0,32.0,35.29,0.8992,263,0.0925,0.09,0.09,-0.2071,0.0685,0.8465,
1631,54.3667,True,0.3952,89.6048,89.6048,,,,9.4062,301.0,32.0,35.22,0.9009,266,0.102,0.09,0.09,-0.2005,0.0687,0.8465,
1632,54.4,True,0.3983,89.6017,89.6017,,,,9.4062,301.0,32.0,35.38,0.9011,263,0.0811,0.09,0.09,-0.2066,0.0787,0.8463,
1633,54.4333,True,0.398,89.602,89.602,,,,9.4062,301.0,32.0,35.4,0.9008,266,0.0821,0.09,0.09,-0.1943,0.0833,0.8463,
1634,54.4667,True,0.4029,89.5971,89.5971,,,,9.4062,301.0,32.0,35.38,0.9031,263,0.0553,0.09,0.09,-0.1959,0.0874,0.8462,
1635,54.5,True,0.3961,89.6039,89.6039,,,,9.375,300.0,32.0,35.45,0.9022,262,0.034,0.09,0.09,-0.188,0.0843,0.8462,
1636,54.5333,True,0.3937,89.6063,89.6063,,,,9.375,300.0,32.0,35.43,0.9017,262,0.0221,0.09,0.09,-0.1971,0.0648,0.8459,
1637,54.5667,True,0.4119,89.5881,89.5881,,,,9.4062,301.0,32.0,35.22,0.9015,263,0.0144,0.09,0.09,-0.1915,0.0658,0.8458,
1638,54.6,True,0.4073,89.5927,89.5927,,,,9.375,300.0,32.0,35.15,0.9018,262,0.0616,0.09,0.09,-0.1881,0.0672,0.8458,
1639,54.6333,True,0.4017,89.5983,89.5983,,,,9.375,300.0,32.0,35.17,0.901,262,0.0274,0.09,0.09,-0.1812,0.0646,0.8458,
1640,54.6667,True,0.3944,89.6056,89.6056,,,,9.375,300.0,32.0,34.98,0.9006,262,0.0178,0.09,0.09,-0.1836,0.0583,0.8456,
1641,54.7,True,0.4022,89.5978,89.5978,,,,9.375,300.0,32.0,35.06,0.9044,285,0.0168,0.09,0.09,-0.182,0.063,0.8456,
1642,54.7333,True,0.4011,89.5989,89.5989,,,,9.375,300.0,32.0,35.08,0.9036,286,0.0057,0.09,0.09,-0.1831,0.0606,0.8455,
1643,54.7667,True,0.4074,89.5926,89.5926,,,,9.375,300.0,32.0,35.09,0.9052,286,0.0037,0.09,0.09,-0.1037,0.0856,0.8377,
1644,54.8,True,0.4032,89.5968,89.5968,,,,9.0909,300.0,33.0,34.8,0.902,286,0.0076,0.09,0.09,-0.0968,0.0655,0.8374,
1645,54.8333,True,0.3981,89.6019,89.6019,,,,9.0909,300.0,33.0,34.77,0.901,286,0.005,0.09,0.09,-0.0974,0.0644,0.8374,
1646,54.8667,True,0.4047,89.5953,89.5953,,,,9.0909,300.0,33.0,34.76,0.9017,286,0.0133,0.09,0.09,-0.0542,0.074,0.8345,
1647,54.9,True,0.4075,89.5925,89.5925,,,,9.0909,300.0,33.0,34.74,0.9011,285,0.0242,0.09,0.09,-0.0541,0.0738,0.8345,
1648,54.9333,True,0.4082,89.5918,89.5918,,,,9.0909,300.0,33.0,34.74,0.9019,285,0.0157,0.09,0.09,-0.0534,0.0725,0.8345,
1649,54.9667,True,0.4105,89.5895,89.5895,,,,9.0909,300.0,33.0,34.74,0.9018,285,0.0397,0.09,0.09,-0.0534,0.0725,0.8345,
1650,55.0,True,0.4653,89.5347,89.5347,,,,9.5312,305.0,32.0,35.09,0.9158,269,0.0336,0.09,0.09,-0.0954,0.0719,0.8318,
1651,55.0333,True,0.4628,89.5372,89.5372,,,,9.5312,305.0,32.0,35.09,0.9151,269,0.0452,0.09,0.09,-0.0955,0.07,0.8318,
1652,55.0667,True,0.4618,89.5382,89.5382,,,,9.5312,305.0,32.0,35.06,0.9148,269,0.5683,0.09,0.09,-0.096,0.0695,0.8318,
1653,55.1,True,0.4601,89.5399,89.5399,,,,9.5312,305.0,32.0,35.09,0.9147,269,0.3694,0.09,0.09,-0.1617,0.0805,0.8398,
1654,55.1333,True,0.4591,89.5409,89.5409,,,,9.5312,305.0,32.0,35.06,0.9149,269,0.2401,0.09,0.09,-0.1591,0.0799,0.8397,
1655,55.1667,True,0.4582,89.5418,89.5418,,,,9.5312,305.0,32.0,35.09,0.915,269,0.138,0.09,0.09,-0.1581,0.0788,0.8398,
1656,55.2,True,0.4583,89.5417,89.5417,,,,9.5312,305.0,32.0,35.11,0.9157,269,0.0798,0.09,0.09,-0.1615,0.0811,0.8397,
1657,55.2333,True,0.4585,89.5415,89.5415,,,,9.5312,305.0,32.0,35.12,0.9153,269,0.0458,0.09,0.09,-0.1573,0.0824,0.8397,
1658,55.2667,True,0.4569,89.5431,89.5431,,,,9.5312,305.0,32.0,35.08,0.9152,270,0.0275,0.09,0.09,-0.1578,0.0843,0.8397,
1659,55.3,True,0.4568,89.5432,89.5432,,,,9.5312,305.0,32.0,35.01,0.9154,270,0.0168,0.09,0.09,-0.1613,0.0852,0.8397,
1660,55.3333,True,0.4578,89.5422,89.5422,,,,9.5312,305.0,32.0,34.94,0.9159,270,0.006,0.09,0.09,-0.1589,0.0831,0.8396,
1661,55.3667,True,0.4577,89.5423,89.5423,,,,9.5312,305.0,32.0,34.96,0.9153,270,0.0029,0.09,0.09,-0.1583,0.0804,0.8396,
1662,55.4,True,0.454,89.546,89.546,,,,9.5312,305.0,32.0,34.87,0.9152,270,-0.0063,0.09,0.09,-0.1587,0.0787,0.8395,
1663,55.4333,True,0.4569,89.5431,89.5431,,,,9.5312,305.0,32.0,34.82,0.9161,270,-0.0044,0.09,0.09,-0.1621,0.074,0.8395,
1664,55.4667,True,0.4587,89.5413,89.5413,,,,9.5312,305.0,32.0,34.79,0.9158,270,0.0056,0.09,0.09,-0.1601,0.0749,0.8395,
1665,55.5,True,0.4587,89.5413,89.5413,,,,9.5312,305.0,32.0,34.82,0.9158,270,0.0037,0.09,0.09,-0.1583,0.0753,0.8394,
1666,55.5333,True,0.4615,89.5385,89.5385,,,,9.5312,305.0,32.0,34.77,0.9149,270,0.0131,0.09,0.09,-0.1606,0.0771,0.8393,
1667,55.5667,True,0.4594,89.5406,89.5406,,,,9.5312,305.0,32.0,34.81,0.9157,270,0.0085,0.09,0.09,-0.1057,0.0679,0.8313,
1668,55.6,True,0.4598,89.5402,89.5402,,,,9.5312,305.0,32.0,34.75,0.9144,271,0.0135,0.09,0.09,-0.1084,0.0678,0.8313,
1669,55.6333,True,0.4567,89.5433,89.5433,,,,9.5312,305.0,32.0,34.74,0.9172,270,0.0088,0.09,0.09,-0.1106,0.0685,0.8313,
1670,55.6667,True,0.4546,89.5454,89.5454,,,,9.5312,305.0,32.0,34.76,0.9175,269,0.0057,0.09,0.09,-0.113,0.0699,0.8312,
1671,55.7,True,0.4499,89.5501,89.5501,,,,9.5312,305.0,32.0,34.77,0.9194,270,-0.0253,0.09,0.09,-0.1073,0.0715,0.8312,
1672,55.7333,True,0.4546,89.5454,89.5454,,,,9.5312,305.0,32.0,34.79,0.9186,272,-0.0378,0.09,0.09,-0.1104,0.0713,0.8312,
1673,55.7667,True,0.4527,89.5473,89.5473,,,,9.5312,305.0,32.0,34.76,0.9196,271,-0.0249,0.09,0.09,-0.1068,0.0722,0.8312,
1674,55.8,True,0.4398,89.5602,89.5602,,,,9.5312,305.0,32.0,34.95,0.9192,272,-0.0363,0.09,0.09,-0.1125,0.0749,0.8311,
1675,55.8333,True,0.4384,89.5616,89.5616,,,,9.5312,305.0,32.0,34.88,0.9197,271,-0.0533,0.09,0.09,-0.1014,0.0743,0.8309,
1676,55.8667,True,0.435,89.565,89.565,,,,9.5312,305.0,32.0,34.89,0.9187,270,-0.1403,0.09,0.09,-0.1683,0.0903,0.8389,
1677,55.9,True,0.4362,89.5638,89.5638,,,,9.5312,305.0,32.0,34.85,0.9189,270,-0.1056,0.09,0.09,-0.1696,0.0877,0.8388,
1678,55.9333,True,0.4362,89.5638,89.5638,,,,9.5312,305.0,32.0,34.88,0.9189,270,-0.0915,0.09,0.09,-0.1668,0.0893,0.8388,
1679,55.9667,True,0.4359,89.5641,89.5641,,,,9.5312,305.0,32.0,34.78,0.9184,270,-0.0595,0.09,0.09,-0.1644,0.089,0.8387,
1680,56.0,True,0.4355,89.5645,89.5645,,,,9.5312,305.0,32.0,34.79,0.9185,270,-0.0428,0.09,0.09,-0.1629,0.0878,0.8387,
1681,56.0333,True,0.4359,89.5641,89.5641,,,,9.5312,305.0,32.0,34.8,0.9184,270,-0.0278,0.09,0.09,-0.1004,0.0835,0.8307,
1682,56.0667,True,0.4388,89.5612,89.5612,,,,9.5312,305.0,32.0,34.8,0.9189,270,-0.0181,0.09,0.09,-0.0967,0.0893,0.8307,
1683,56.1,True,0.4437,89.5563,89.5563,,,,9.5312,305.0,32.0,34.8,0.9203,269,-0.0117,0.09,0.09,-0.0898,0.0955,0.8305,
1684,56.1333,True,0.4411,89.5589,89.5589,,,,9.5312,305.0,32.0,34.85,0.9184,269,0.0234,0.09,0.09,-0.0903,0.0968,0.8305,
1685,56.1667,True,0.4414,89.5586,89.5586,,,,9.5312,305.0,32.0,34.89,0.9195,270,0.0394,0.09,0.09,-0.0907,0.0926,0.8305,
1686,56.2,True,0.4366,89.5634,89.5634,,,,9.5312,305.0,32.0,35.09,0.918,271,0.0256,0.09,0.09,-0.0902,0.0958,0.8304,
1687,56.2333,True,0.4341,89.5659,89.5659,,,,9.5312,305.0,32.0,35.25,0.9184,270,0.0167,0.09,0.09,-0.1014,0.0961,0.8303,
1688,56.2667,True,0.4342,89.5658,89.5658,,,,9.5312,305.0,32.0,35.31,0.9172,270,-0.0371,0.09,0.09,-0.2323,0.0885,0.841,
1689,56.3,True,0.4395,89.5605,89.5605,,,,9.5312,305.0,32.0,35.37,0.9173,271,-0.0241,0.09,0.09,-0.2328,0.0882,0.841,
1690,56.3333,True,0.4497,89.5503,89.5503,,,,9.5312,305.0,32.0,35.92,0.9158,270,-0.0157,0.09,0.09,-0.2402,0.0834,0.8408,
1691,56.3667,True,0.4524,89.5476,89.5476,,,,9.5312,305.0,32.0,35.82,0.9162,270,0.0208,0.09,0.09,-0.2443,0.0751,0.8407,
1692,56.4,True,0.4512,89.5488,89.5488,,,,9.5312,305.0,32.0,35.77,0.9156,270,0.1209,0.09,0.09,-0.2466,0.0739,0.8406,
1693,56.4333,True,0.4541,89.5459,89.5459,,,,9.5312,305.0,32.0,35.64,0.9163,271,0.0938,0.09,0.09,-0.2322,0.0642,0.8482,
1694,56.4667,True,0.452,89.548,89.548,,,,9.5312,305.0,32.0,35.56,0.9167,271,0.0694,0.09,0.09,-0.2321,0.0516,0.8485,
1695,56.5,True,0.4516,89.5484,89.5484,,,,9.5312,305.0,32.0,35.39,0.9176,270,0.0451,0.09,0.09,-0.2342,0.0489,0.8484,
1696,56.5333,True,0.4483,89.5517,89.5517,,,,9.5312,305.0,32.0,35.38,0.9161,270,0.0252,0.09,0.09,-0.2342,0.0439,0.8483,
1697,56.5667,True,0.45,89.55,89.55,,,,9.5312,305.0,32.0,35.32,0.9174,270,0.0164,0.09,0.09,-0.2513,0.0801,0.8404,
1698,56.6,True,0.4547,89.5453,89.5453,,,,9.5312,305.0,32.0,35.24,0.9143,270,0.0106,0.09,0.09,-0.2437,0.0764,0.8403,
1699,56.6333,True,0.4511,89.5489,89.5489,,,,9.5312,305.0,32.0,34.89,0.9167,269,0.0015,0.09,0.09,-0.2417,0.0801,0.84,
1700,56.6667,True,0.4508,89.5492,89.5492,,,,9.5312,305.0,32.0,34.87,0.9164,269,-0.0022,0.09,0.09,-0.1736,0.081,0.8321,
1701,56.7,True,0.4514,89.5486,89.5486,,,,9.5312,305.0,32.0,34.85,0.9159,269,0.0017,0.09,0.09,-0.1733,0.0822,0.832,
1702,56.7333,True,0.4531,89.5469,89.5469,,,,9.5312,305.0,32.0,34.81,0.916,269,0.0046,0.09,0.09,-0.1728,0.0874,0.832,
1703,56.7667,True,0.4505,89.5495,89.5495,,,,9.5312,305.0,32.0,34.84,0.9163,269,-0.0005,0.09,0.09,-0.1752,0.0854,0.832,
1704,56.8,True,0.4505,89.5495,89.5495,,,,9.5312,305.0,32.0,34.79,0.9157,269,-0.0035,0.09,0.09,-0.1749,0.0869,0.8319,
1705,56.8333,True,0.4476,89.5524,89.5524,,,,9.5312,305.0,32.0,34.78,0.915,268,-0.0047,0.09,0.09,-0.1157,0.0926,0.829,
1706,56.8667,True,0.4465,89.5535,89.5535,,,,9.5312,305.0,32.0,34.84,0.915,268,-0.0037,0.09,0.09,-0.1182,0.093,0.829,
1707,56.9,True,0.4358,89.5642,89.5642,,,,9.5312,305.0,32.0,35.11,0.9126,269,-0.0331,0.09,0.09,-0.1153,0.0999,0.8289,
1708,56.9333,True,0.4366,89.5634,89.5634,,,,9.5312,305.0,32.0,35.06,0.9132,269,-0.0322,0.09,0.09,-0.1213,0.0956,0.8289,
1709,56.9667,True,0.4451,89.5549,89.5549,,,,9.5625,306.0,32.0,35.16,0.9165,270,-0.0361,0.09,0.09,-0.1668,0.0867,0.8318,
1710,57.0,True,0.4476,89.5524,89.5524,,,,9.5312,305.0,32.0,35.16,0.9178,270,-0.0234,0.09,0.09,-0.1738,0.0892,0.8316,
1711,57.0333,True,0.4472,89.5528,89.5528,,,,9.5625,306.0,32.0,35.05,0.9157,270,-0.0152,0.09,0.09,-0.169,0.0897,0.8316,
1712,57.0667,True,0.4378,89.5622,89.5622,,,,9.5312,305.0,32.0,35.04,0.914,269,-0.0099,0.09,0.09,-0.1798,0.0928,0.8315,
1713,57.1,True,0.4378,89.5622,89.5622,,,,9.5312,305.0,32.0,35.05,0.9142,269,-0.0064,0.09,0.09,-0.169,0.0456,0.8319,
1714,57.1333,True,0.439,89.561,89.561,,,,9.5312,305.0,32.0,35.39,0.9159,269,-0.0681,0.09,0.09,-0.1828,0.0492,0.8317,
1715,57.1667,True,0.4431,89.5569,89.5569,,,,9.5312,305.0,32.0,35.51,0.916,269,-0.0443,0.09,0.09,-0.2558,0.0543,0.8395,
1716,57.2,True,0.4448,89.5552,89.5552,,,,9.5312,305.0,32.0,35.43,0.9164,269,-0.0288,0.09,0.09,-0.2545,0.0546,0.8395,
1717,57.2333,True,0.4438,89.5562,89.5562,,,,9.5312,305.0,32.0,35.48,0.9162,269,0.0243,0.09,0.09,-0.2571,0.0529,0.8395,
1718,57.2667,True,0.4476,89.5524,89.5524,,,,9.5312,305.0,32.0,35.47,0.9163,269,0.0234,0.09,0.09,-0.2595,0.0514,0.8394,
1719,57.3,True,0.4457,89.5543,89.5543,,,,9.5312,305.0,32.0,35.21,0.9165,269,0.0255,0.09,0.09,-0.2639,0.0494,0.8393,
1720,57.3333,True,0.4442,89.5558,89.5558,,,,9.5312,305.0,32.0,35.16,0.9159,269,0.0166,0.09,0.09,-0.2589,0.0486,0.8393,
1721,57.3667,True,0.4435,89.5565,89.5565,,,,9.5312,305.0,32.0,35.11,0.9157,269,0.0039,0.09,0.09,-0.2583,0.0517,0.8393,
1722,57.4,True,0.4441,89.5559,89.5559,,,,9.5312,305.0,32.0,35.24,0.915,268,0.0025,0.09,0.09,-0.259,0.0536,0.8391,
1723,57.4333,True,0.4485,89.5515,89.5515,,,,9.5312,305.0,32.0,34.57,0.9162,268,0.0016,0.09,0.09,-0.259,0.0594,0.8391,
1724,57.4667,True,0.4523,89.5477,89.5477,,,,9.5312,305.0,32.0,34.56,0.9156,267,0.0011,0.09,0.09,-0.2019,0.0513,0.831,
1725,57.5,True,0.4532,89.5468,89.5468,,,,9.5312,305.0,32.0,34.56,0.9154,267,0.0467,0.09,0.09,-0.1123,0.0984,0.829,
1726,57.5333,True,0.4544,89.5456,89.5456,,,,9.5312,305.0,32.0,34.49,0.915,267,0.0696,0.09,0.09,-0.1092,0.1251,0.8303,
1727,57.5667,True,0.4544,89.5456,89.5456,,,,9.5312,305.0,32.0,34.43,0.915,267,0.0548,0.09,0.09,-0.0997,0.1219,0.8306,
1728,57.6,True,0.4535,89.5465,89.5465,,,,9.5312,305.0,32.0,34.42,0.9154,267,0.0386,0.09,0.09,-0.1001,0.1215,0.8306,
1729,57.6333,True,0.4502,89.5498,89.5498,,,,9.5312,305.0,32.0,34.39,0.9137,267,0.0251,0.09,0.09,-0.0901,0.1181,0.8315,
1730,57.6667,True,0.4465,89.5535,89.5535,,,,9.5312,305.0,32.0,34.45,0.9138,267,0.0163,0.09,0.09,-0.0384,0.1294,0.8284,
1731,57.7,True,0.4459,89.5541,89.5541,,,,9.5312,305.0,32.0,35.05,0.9151,268,-0.0233,0.09,0.09,-0.0378,0.0878,0.8286,
1732,57.7333,True,0.444,89.556,89.556,,,,9.5312,305.0,32.0,34.96,0.915,269,-0.0539,0.09,0.09,-0.0856,0.118,0.8313,
1733,57.7667,True,0.4461,89.5539,89.5539,,,,9.5312,305.0,32.0,34.92,0.9149,268,-0.0393,0.09,0.09,-0.0919,0.1211,0.8303,
1734,57.8,True,0.4384,89.5616,89.5616,,,,9.5312,305.0,32.0,35.04,0.9133,268,-0.0279,0.09,0.09,-0.1071,0.1216,0.8298,
1735,57.8333,True,0.4456,89.5544,89.5544,,,,9.5312,305.0,32.0,34.62,0.9152,269,-0.0217,0.09,0.09,-0.2076,0.072,0.8317,
1736,57.8667,True,0.4433,89.5567,89.5567,,,,9.5312,305.0,32.0,34.57,0.9144,269,-0.0307,0.09,0.09,-0.2061,0.0692,0.8316,
1737,57.9,True,0.4421,89.5579,89.5579,,,,9.5312,305.0,32.0,34.49,0.915,269,-0.0269,0.09,0.09,-0.2089,0.0692,0.8316,
1738,57.9333,True,0.4401,89.5599,89.5599,,,,9.5312,305.0,32.0,34.68,0.914,268,-0.0309,0.09,0.09,-0.2134,0.0684,0.8314,
1739,57.9667,True,0.439,89.561,89.561,,,,9.5312,305.0,32.0,34.56,0.9135,268,-0.0201,0.09,0.09,-0.2086,0.1037,0.8323,
1740,58.0,True,0.4364,89.5636,89.5636,,,,9.5312,305.0,32.0,34.56,0.9142,269,-0.0332,0.09,0.09,-0.2104,0.1042,0.8323,
1741,58.0333,True,0.4376,89.5624,89.5624,,,,9.5312,305.0,32.0,34.59,0.9132,269,-0.034,0.09,0.09,-0.1487,0.1506,0.8295,
1742,58.0667,True,0.4393,89.5607,89.5607,,,,9.5312,305.0,32.0,34.79,0.914,269,-0.0221,0.09,0.09,-0.1472,0.1468,0.8295,
1743,58.1,True,0.4448,89.5552,89.5552,,,,9.5312,305.0,32.0,34.65,0.9131,269,-0.0144,0.09,0.09,-0.1458,0.1494,0.8294,
1744,58.1333,True,0.4437,89.5563,89.5563,,,,9.5312,305.0,32.0,34.7,0.9131,269,-0.0062,0.09,0.09,-0.1433,0.1431,0.8303,
1745,58.1667,True,0.4456,89.5544,89.5544,,,,9.5312,305.0,32.0,34.69,0.9132,269,0.0424,0.09,0.09,-0.2231,0.1233,0.8334,
1746,58.2,True,0.4415,89.5585,89.5585,,,,9.5312,305.0,32.0,34.7,0.9116,268,0.0275,0.09,0.09,-0.2259,0.1192,0.8333,
1747,58.2333,True,0.4491,89.5509,89.5509,,,,9.5312,305.0,32.0,35.19,0.9133,267,0.0298,0.09,0.09,-0.2163,0.1164,0.8331,
1748,58.2667,True,0.4513,89.5487,89.5487,,,,9.5312,305.0,32.0,35.23,0.9141,267,0.0272,0.09,0.09,-0.2132,0.1168,0.8322,
1749,58.3,True,0.4513,89.5487,89.5487,,,,9.5312,305.0,32.0,35.32,0.9141,267,0.0548,0.09,0.09,-0.208,0.1082,0.8318,
1750,58.3333,True,0.4519,89.5481,89.5481,,,,9.5312,305.0,32.0,35.25,0.9155,267,0.0593,0.09,0.09,-0.2105,0.0826,0.8308,
1751,58.3667,True,0.4522,89.5478,89.5478,,,,9.5312,305.0,32.0,35.42,0.9144,267,0.0385,0.09,0.09,-0.1931,0.1045,0.8304,
1752,58.4,True,0.4543,89.5457,89.5457,,,,9.5625,306.0,32.0,35.43,0.9143,268,0.0305,0.09,0.09,-0.2777,0.0719,0.8376,
1753,58.4333,True,0.4554,89.5446,89.5446,,,,9.5625,306.0,32.0,35.41,0.9142,269,0.0229,0.09,0.09,-0.2771,0.07,0.8375,
1754,58.4667,True,0.4437,89.5563,89.5563,,,,9.5312,305.0,32.0,35.5,0.9144,266,0.0149,0.09,0.09,-0.2592,0.0687,0.845,
1755,58.5,True,0.4495,89.5505,89.5505,,,,9.5312,305.0,32.0,35.18,0.9136,268,0.0097,0.09,0.09,-0.2522,0.0833,0.8446,
1756,58.5333,True,0.4495,89.5505,89.5505,,,,9.5312,305.0,32.0,35.2,0.9136,268,-0.0212,0.09,0.09,-0.144,0.0542,0.8368,
1757,58.5667,True,0.4494,89.5506,89.5506,,,,9.5312,305.0,32.0,35.14,0.9134,269,-0.0138,0.09,0.09,-0.1414,0.1034,0.8378,
1758,58.6,True,0.452,89.548,89.548,,,,9.5312,305.0,32.0,35.5,0.9134,269,-0.009,0.09,0.09,-0.1425,0.0713,0.8381,
1759,58.6333,True,0.4524,89.5476,89.5476,,,,9.5312,305.0,32.0,35.52,0.913,268,-0.0058,0.09,0.09,-0.147,0.0759,0.838,
1760,58.6667,True,0.4524,89.5476,89.5476,,,,9.5312,305.0,32.0,35.54,0.913,268,0.0226,0.09,0.09,-0.1445,0.0782,0.838,
1761,58.7,True,0.4506,89.5494,89.5494,,,,9.5312,305.0,32.0,35.5,0.9135,268,0.0147,0.09,0.09,-0.2255,0.0664,0.8461,
1762,58.7333,True,0.4471,89.5529,89.5529,,,,9.5312,305.0,32.0,35.76,0.9133,268,0.0095,0.09,0.09,-0.228,0.0769,0.8456,
1763,58.7666,True,0.4519,89.5481,89.5481,,,,9.5625,306.0,32.0,35.7,0.9126,269,0.0046,0.09,0.09,-0.2352,0.075,0.8454,
1764,58.8,True,0.4531,89.5469,89.5469,,,,9.5625,306.0,32.0,35.72,0.9126,269,0.003,0.09,0.09,-0.2337,0.077,0.8454,
1765,58.8333,True,0.4512,89.5488,89.5488,,,,9.5625,306.0,32.0,35.69,0.9129,269,-0.005,0.09,0.09,-0.2307,0.0437,0.8445,
1766,58.8666,True,0.4518,89.5482,89.5482,,,,9.5312,305.0,32.0,35.87,0.9129,268,0.0026,0.09,0.09,-0.2389,0.0442,0.8444,
1767,58.9,True,0.4455,89.5545,89.5545,,,,9.5312,305.0,32.0,35.73,0.9139,268,0.0017,0.09,0.09,-0.2349,0.0437,0.8443,
1768,58.9333,True,0.4466,89.5534,89.5534,,,,9.5312,305.0,32.0,35.83,0.9136,268,-0.0048,0.09,0.09,-0.2365,0.0445,0.8443,
1769,58.9666,True,0.4477,89.5523,89.5523,,,,9.5312,305.0,32.0,35.9,0.9134,268,-0.0407,0.09,0.09,-0.2381,0.0436,0.8443,
1770,59.0,True,0.4426,89.5574,89.5574,,,,9.5312,305.0,32.0,36.21,0.9139,268,-0.0378,0.09,0.09,-0.2463,0.0398,0.8441,
1771,59.0333,True,0.45,89.55,89.55,,,,9.5312,305.0,32.0,36.13,0.9133,268,-0.0245,0.09,0.09,-0.2477,0.0409,0.8441,
1772,59.0666,True,0.4492,89.5508,89.5508,,,,9.5312,305.0,32.0,36.13,0.9138,268,-0.0046,0.11,0.11,-0.3585,0.0375,0.8471,
1773,59.1,True,0.4487,89.5513,89.5513,,,,9.5312,305.0,32.0,36.15,0.9135,268,0.0077,0.11,0.11,-0.3584,0.0377,0.8471,
1774,59.1333,True,0.4477,89.5523,89.5523,,,,9.5312,305.0,32.0,36.07,0.914,268,0.005,0.11,0.11,-0.3584,0.0381,0.8471,
1775,59.1666,True,0.4467,89.5533,89.5533,,,,9.5312,305.0,32.0,35.99,0.9142,268,0.0033,0.11,0.11,-0.3593,0.0373,0.847,
1776,59.2,True,0.4457,89.5543,89.5543,,,,9.5312,305.0,32.0,36.01,0.914,268,-0.0078,0.11,0.11,-0.3587,0.0385,0.847,
1777,59.2333,True,0.4447,89.5553,89.5553,,,,9.5312,305.0,32.0,36.02,0.9146,268,-0.0164,0.11,0.11,-0.3562,0.0368,0.847,
1778,59.2666,True,0.448,89.552,89.552,,,,9.5625,306.0,32.0,36.18,0.9144,270,-0.0106,0.09,0.09,-0.2462,0.0325,0.8439,
1779,59.3,True,0.4467,89.5533,89.5533,,,,9.5625,306.0,32.0,35.9,0.9134,268,-0.0069,0.09,0.09,-0.2512,0.0351,0.8438,
1780,59.3333,True,0.4489,89.5511,89.5511,,,,9.5625,306.0,32.0,35.8,0.9142,269,-0.0039,0.09,0.09,-0.2495,0.0403,0.8438,
1781,59.3666,True,0.452,89.548,89.548,,,,9.5625,306.0,32.0,35.71,0.9133,269,0.011,0.09,0.09,-0.2464,0.0392,0.8438,
1782,59.4,True,0.4487,89.5513,89.5513,,,,9.5625,306.0,32.0,35.71,0.9134,268,0.0145,0.09,0.09,-0.2402,0.036,0.8436,
1783,59.4333,True,0.4479,89.5521,89.5521,,,,9.5625,306.0,32.0,35.66,0.9133,268,0.0094,0.09,0.09,-0.2408,0.0382,0.8436,
1784,59.4666,True,0.4475,89.5525,89.5525,,,,9.5625,306.0,32.0,35.59,0.9134,268,0.0061,0.09,0.09,-0.2402,0.0432,0.8435,
1785,59.5,True,0.4475,89.5525,89.5525,,,,9.5625,306.0,32.0,35.18,0.9129,266,-0.0046,0.09,0.09,-0.2609,0.0525,0.8359,
1786,59.5333,True,0.4475,89.5525,89.5525,,,,9.5625,306.0,32.0,35.52,0.9129,266,-0.0073,0.09,0.09,-0.2681,0.0936,0.8366,
1787,59.5666,True,0.4466,89.5534,89.5534,,,,9.5312,305.0,32.0,36.1,0.9142,267,-0.0049,0.09,0.09,-0.279,0.0986,0.8365,
1788,59.6,True,0.4485,89.5515,89.5515,,,,9.5312,305.0,32.0,36.06,0.9144,268,-0.0032,0.09,0.09,-0.2754,0.0718,0.8369,
1789,59.6333,True,0.4491,89.5509,89.5509,,,,9.5312,305.0,32.0,36.03,0.9145,268,-0.0019,0.09,0.09,-0.2431,0.0623,0.8445,
1790,59.6666,True,0.4419,89.5581,89.5581,,,,9.5625,306.0,32.0,35.98,0.9141,265,-0.0015,0.11,0.11,-0.3481,0.076,0.8474,
1791,59.7,True,0.4464,89.5536,89.5536,,,,9.5312,305.0,32.0,35.47,0.9142,267,-0.0101,0.11,0.11,-0.3451,0.1055,0.847,
1792,59.7333,True,0.4463,89.5537,89.5537,,,,9.5312,305.0,32.0,35.49,0.9144,268,-0.0089,0.09,0.09,-0.2695,0.083,0.8367,
1793,59.7666,True,0.4434,89.5566,89.5566,,,,9.5312,305.0,32.0,35.47,0.9147,267,-0.0067,0.09,0.09,-0.2655,0.0842,0.8367,
1794,59.8,True,0.4391,89.5609,89.5609,,,,9.5625,306.0,32.0,35.86,0.916,270,-0.035,0.09,0.09,-0.2664,0.1089,0.8375,
1795,59.8333,True,0.4382,89.5618,89.5618,,,,9.5625,306.0,32.0,35.85,0.9162,270,-0.0228,0.09,0.09,-0.2664,0.1089,0.8375,
1796,59.8666,True,0.4403,89.5597,89.5597,,,,9.5625,306.0,32.0,35.87,0.9159,270,-0.0474,0.11,0.11,-0.3262,0.1223,0.8406,
1797,59.9,True,0.4382,89.5618,89.5618,,,,9.5625,306.0,32.0,35.85,0.9162,270,-0.0432,0.11,0.11,-0.3316,0.09,0.8397,
1798,59.9333,True,0.4391,89.5609,89.5609,,,,9.5625,306.0,32.0,35.89,0.9162,270,-0.0281,0.11,0.11,-0.3316,0.09,0.8397,
1799,59.9666,True,0.4391,89.5609,89.5609,,,,9.5625,306.0,32.0,35.89,0.9162,270,-0.0177,0.09,0.09,-0.3305,0.1159,0.8393,
1800,60.0,True,0.462,89.538,89.538,,,,9.5938,307.0,32.0,36.0,0.8861,300,-0.0115,0.09,0.09,-0.3107,0.1562,0.8368,
1801,60.0333,True,0.408,89.592,89.592,,,,9.0909,300.0,33.0,35.95,0.9046,284,-0.0075,0.09,0.09,-0.3117,0.1546,0.8368,
1802,60.0666,True,0.4329,89.5671,89.5671,,,,9.0909,300.0,33.0,35.94,0.9101,289,-0.0049,0.09,0.09,-0.3445,0.1436,0.8448,
1803,60.1,True,0.4356,89.5644,89.5644,,,,9.0909,300.0,33.0,35.92,0.9102,289,-0.0397,0.09,0.09,-0.3442,0.1434,0.8448,
1804,60.1333,True,0.4355,89.5645,89.5645,,,,9.0909,300.0,33.0,35.91,0.9109,288,-0.0276,0.09,0.09,-0.3448,0.1429,0.8448,
1805,60.1666,True,0.4315,89.5685,89.5685,,,,9.0909,300.0,33.0,35.91,0.9105,289,-0.0454,0.09,0.09,-0.3393,0.1686,0.8457,
1806,60.2,True,0.4312,89.5688,89.5688,,,,9.0909,300.0,33.0,35.91,0.9104,289,-0.0295,0.09,0.09,-0.3389,0.1691,0.8457,
1807,60.2333,True,0.426,89.574,89.574,,,,9.0909,300.0,33.0,35.91,0.9101,290,-0.033,0.09,0.09,-0.3396,0.1689,0.8457,
1808,60.2666,True,0.4266,89.5734,89.5734,,,,9.0909,300.0,33.0,35.91,0.9115,290,-0.0252,0.09,0.09,-0.3422,0.169,0.8457,
1809,60.3,True,0.4271,89.5729,89.5729,,,,9.0909,300.0,33.0,35.83,0.9109,290,-0.0591,0.09,0.09,-0.3397,0.1684,0.8457,
1810,60.3333,True,0.4263,89.5737,89.5737,,,,9.0909,300.0,33.0,35.83,0.911,290,-0.0441,0.09,0.09,-0.3411,0.1727,0.8457,
1811,60.3666,True,0.4263,89.5737,89.5737,,,,9.0909,300.0,33.0,35.77,0.9104,289,-0.0313,0.09,0.09,-0.3426,0.173,0.8457,
1812,60.4,True,0.422,89.578,89.578,,,,9.0909,300.0,33.0,35.7,0.9102,289,-0.0203,0.09,0.09,-0.3318,0.1832,0.838,
1813,60.4333,True,0.4201,89.5799,89.5799,,,,9.0909,300.0,33.0,35.62,0.9091,288,-0.0134,0.09,0.09,-0.252,0.1771,0.8349,
1814,60.4666,True,0.4184,89.5816,89.5816,,,,9.0909,300.0,33.0,35.66,0.9099,289,-0.0535,0.09,0.09,-0.2551,0.1767,0.8348,
1815,60.5,True,0.4202,89.5798,89.5798,,,,9.0909,300.0,33.0,35.64,0.9095,289,-0.0545,0.09,0.09,-0.2571,0.1776,0.8348,
1816,60.5333,True,0.4173,89.5827,89.5827,,,,9.0909,300.0,33.0,35.65,0.9103,291,-0.0365,0.09,0.09,-0.2486,0.1758,0.8348,
1817,60.5666,True,0.4172,89.5828,89.5828,,,,9.0909,300.0,33.0,35.71,0.9094,289,-0.0407,0.09,0.09,-0.2517,0.1759,0.8348,
1818,60.6,True,0.4167,89.5833,89.5833,,,,9.0909,300.0,33.0,35.74,0.909,289,-0.0381,0.09,0.09,-0.2531,0.1753,0.8348,
1819,60.6333,True,0.4153,89.5847,89.5847,,,,9.0909,300.0,33.0,35.72,0.9088,289,-0.0257,0.09,0.09,-0.2531,0.1748,0.8348,
1820,60.6666,True,0.4157,89.5843,89.5843,,,,9.0606,299.0,33.0,35.77,0.9085,288,-0.0227,0.09,0.09,-0.2535,0.1748,0.8348,
1821,60.7,True,0.4116,89.5884,89.5884,,,,9.0606,299.0,33.0,35.77,0.9085,289,-0.0252,0.09,0.09,-0.2556,0.1744,0.8348,
1822,60.7333,True,0.4103,89.5897,89.5897,,,,9.0606,299.0,33.0,35.76,0.9083,289,-0.0205,0.09,0.09,-0.3372,0.1801,0.8379,
1823,60.7666,True,0.4105,89.5895,89.5895,,,,9.0606,299.0,33.0,35.75,0.9068,288,-0.0516,0.09,0.09,-0.3365,0.1802,0.8379,
1824,60.8,True,0.4127,89.5873,89.5873,,,,9.0606,299.0,33.0,35.78,0.9086,289,-0.0336,0.09,0.09,-0.3366,0.1766,0.8379,
1825,60.8333,True,0.4139,89.5861,89.5861,,,,9.0606,299.0,33.0,35.72,0.9093,289,-0.0218,0.09,0.09,-0.3428,0.1732,0.8379,
1826,60.8666,True,0.4126,89.5874,89.5874,,,,9.0606,299.0,33.0,35.72,0.9095,290,-0.0044,0.09,0.09,-0.3432,0.1726,0.8379,
1827,60.9,True,0.4133,89.5867,89.5867,,,,9.0606,299.0,33.0,35.69,0.909,289,-0.0018,0.09,0.09,-0.3413,0.1734,0.8378,
1828,60.9333,True,0.4133,89.5867,89.5867,,,,9.0606,299.0,33.0,35.71,0.909,289,0.0054,0.09,0.09,-0.3427,0.1751,0.8378,
1829,60.9666,True,0.4136,89.5864,89.5864,,,,9.0606,299.0,33.0,35.69,0.91,290,0.0035,0.09,0.09,-0.3412,0.1751,0.8378,
1830,61.0,True,0.4113,89.5887,89.5887,,,,9.0606,299.0,33.0,35.69,0.9089,289,0.0023,0.09,0.09,-0.3432,0.1743,0.8378,
1831,61.0333,True,0.4109,89.5891,89.5891,,,,9.0606,299.0,33.0,35.69,0.9101,290,0.0015,0.09,0.09,-0.343,0.1738,0.8378,
1832,61.0666,True,0.41,89.59,89.59,,,,9.0606,299.0,33.0,35.65,0.9082,289,-0.02,0.09,0.09,-0.3431,0.1708,0.8377,
1833,61.1,True,0.4155,89.5845,89.5845,,,,9.0909,300.0,33.0,35.65,0.9103,290,-0.013,0.09,0.09,-0.3394,0.1723,0.8377,
1834,61.1333,True,0.4144,89.5856,89.5856,,,,9.0909,300.0,33.0,35.63,0.9084,289,-0.0084,0.09,0.09,-0.3382,0.1707,0.8377,
1835,61.1666,True,0.419,89.581,89.581,,,,9.0909,300.0,33.0,35.63,0.9104,290,0.0267,0.09,0.09,-0.3376,0.1713,0.8377,
1836,61.2,True,0.4144,89.5856,89.5856,,,,9.0909,300.0,33.0,35.74,0.9117,292,0.0182,0.09,0.09,-0.3306,0.1732,0.8376,
1837,61.2333,True,0.4163,89.5837,89.5837,,,,9.0909,300.0,33.0,35.66,0.9101,290,0.0227,0.09,0.09,-0.3357,0.1707,0.8375,
1838,61.2666,True,0.4159,89.5841,89.5841,,,,9.0909,300.0,33.0,35.71,0.9097,289,0.0188,0.09,0.09,-0.3274,0.1719,0.8375,
1839,61.3,True,0.4152,89.5848,89.5848,,,,9.0909,300.0,33.0,35.68,0.9105,290,0.0122,0.09,0.09,-0.3256,0.1713,0.8375,
1840,61.3333,True,0.4168,89.5832,89.5832,,,,9.0606,299.0,33.0,35.69,0.9091,289,0.0079,0.09,0.09,-0.332,0.174,0.8373,
1841,61.3666,True,0.4095,89.5905,89.5905,,,,9.0606,299.0,33.0,35.71,0.9093,290,0.0052,0.09,0.09,-0.3325,0.171,0.8373,
1842,61.4,True,0.4107,89.5893,89.5893,,,,9.0909,300.0,33.0,35.65,0.9099,291,-0.0031,0.09,0.09,-0.3326,0.1726,0.8373,
1843,61.4333,True,0.4089,89.5911,89.5911,,,,9.0909,300.0,33.0,35.61,0.9107,292,-0.0495,0.09,0.09,-0.333,0.174,0.8373,
1844,61.4666,True,0.41,89.59,89.59,,,,9.0909,300.0,33.0,35.6,0.9114,292,-0.0396,0.09,0.09,-0.3328,0.1759,0.8373,
1845,61.5,True,0.4114,89.5886,89.5886,,,,9.0909,300.0,33.0,35.58,0.9099,290,-0.0258,0.09,0.09,-0.3347,0.1765,0.8373,
1846,61.5333,True,0.412,89.588,89.588,,,,9.0909,300.0,33.0,35.58,0.9117,292,-0.0093,0.09,0.09,-0.333,0.18,0.8373,
1847,61.5666,True,0.4107,89.5893,89.5893,,,,9.0909,300.0,33.0,35.55,0.9111,292,-0.0067,0.09,0.09,-0.3332,0.1806,0.8373,
1848,61.6,True,0.4121,89.5879,89.5879,,,,9.0909,300.0,33.0,35.61,0.9117,292,0.0034,0.09,0.09,-0.3314,0.1853,0.8373,
1849,61.6333,True,0.4137,89.5863,89.5863,,,,9.0909,300.0,33.0,35.61,0.9108,291,0.0088,0.09,0.09,-0.3274,0.1931,0.8372,
1850,61.6666,True,0.4153,89.5847,89.5847,,,,9.0909,300.0,33.0,35.6,0.9106,290,0.006,0.09,0.09,-0.3253,0.193,0.8372,
1851,61.7,True,0.4121,89.5879,89.5879,,,,9.0909,300.0,33.0,35.63,0.9101,291,0.0049,0.09,0.09,-0.3335,0.1961,0.8372,
1852,61.7333,True,0.4165,89.5835,89.5835,,,,9.0909,300.0,33.0,35.59,0.9085,286,0.0192,0.09,0.09,-0.3271,0.1964,0.8372,
1853,61.7666,True,0.4131,89.5869,89.5869,,,,9.0909,300.0,33.0,35.52,0.9116,291,0.0125,0.09,0.09,-0.3237,0.1936,0.8372,
1854,61.8,True,0.4121,89.5879,89.5879,,,,9.0909,300.0,33.0,35.51,0.9113,291,0.0019,0.09,0.09,-0.3235,0.1911,0.8372,
1855,61.8333,True,0.415,89.585,89.585,,,,9.0909,300.0,33.0,35.47,0.9108,290,0.0012,0.09,0.09,-0.3241,0.1915,0.8372,
1856,61.8666,True,0.414,89.586,89.586,,,,9.0909,300.0,33.0,35.44,0.909,289,0.01,0.09,0.09,-0.3262,0.1921,0.8371,
1857,61.9,True,0.4161,89.5839,89.5839,,,,9.0909,300.0,33.0,35.29,0.9112,290,0.0065,0.09,0.09,-0.3143,0.157,0.8362,
1858,61.9333,True,0.4153,89.5847,89.5847,,,,9.0909,300.0,33.0,35.36,0.9109,290,0.0149,0.09,0.09,-0.2111,0.145,0.833,
1859,61.9666,True,0.4156,89.5844,89.5844,,,,9.0909,300.0,33.0,35.31,0.9115,290,0.0134,0.09,0.09,-0.1485,0.1553,0.8301,
1860,62.0,True,0.4153,89.5847,89.5847,,,,9.0909,300.0,33.0,35.45,0.9109,290,0.0087,0.09,0.09,-0.144,0.154,0.83,
1861,62.0333,True,0.4186,89.5814,89.5814,,,,9.0909,300.0,33.0,35.37,0.909,286,0.0084,0.09,0.09,-0.1445,0.1509,0.83,
1862,62.0666,True,0.4177,89.5823,89.5823,,,,9.0909,300.0,33.0,35.44,0.9092,286,0.0055,0.09,0.09,-0.2137,0.1425,0.8329,
1863,62.1,True,0.4177,89.5823,89.5823,,,,9.0909,300.0,33.0,35.42,0.9101,287,0.0253,0.09,0.09,-0.2122,0.1427,0.8329,
1864,62.1333,True,0.4194,89.5806,89.5806,,,,9.0909,300.0,33.0,35.68,0.9088,287,0.0173,0.09,0.09,-0.2077,0.1366,0.8328,
1865,62.1666,True,0.4242,89.5758,89.5758,,,,9.0909,300.0,33.0,35.69,0.9089,286,0.0206,0.09,0.09,-0.2989,0.1517,0.8359,
1866,62.2,True,0.4242,89.5758,89.5758,,,,9.0909,300.0,33.0,35.63,0.9089,286,0.0216,0.09,0.09,-0.3016,0.1493,0.8359,
1867,62.2333,True,0.4225,89.5775,89.5775,,,,9.0909,300.0,33.0,35.6,0.9092,286,0.0466,0.09,0.09,-0.302,0.1499,0.8359,
1868,62.2666,True,0.4248,89.5752,89.5752,,,,9.0909,300.0,33.0,35.64,0.9094,286,0.0483,0.09,0.09,-0.3023,0.1464,0.8359,
1869,62.3,True,0.4221,89.5779,89.5779,,,,9.0909,300.0,33.0,35.61,0.9092,286,0.0314,0.09,0.09,-0.3009,0.1486,0.8359,
1870,62.3333,True,0.4298,89.5702,89.5702,,,,9.1212,301.0,33.0,35.68,0.9091,287,0.0204,0.09,0.09,-0.302,0.1459,0.8358,
1871,62.3666,True,0.4305,89.5695,89.5695,,,,9.1212,301.0,33.0,35.68,0.9092,287,0.0193,0.09,0.09,-0.3024,0.146,0.8358,
1872,62.4,True,0.4274,89.5726,89.5726,,,,9.1212,301.0,33.0,35.76,0.9082,286,0.0399,0.09,0.09,-0.3042,0.1431,0.8357,
1873,62.4333,True,0.428,89.572,89.572,,,,9.1212,301.0,33.0,35.83,0.91,288,0.0325,0.09,0.09,-0.2963,0.1438,0.8357,
1874,62.4666,True,0.427,89.573,89.573,,,,9.1212,301.0,33.0,35.83,0.9098,288,0.0211,0.09,0.09,-0.2965,0.1437,0.8357,
1875,62.5,True,0.4284,89.5716,89.5716,,,,9.1212,301.0,33.0,35.85,0.9098,288,0.0137,0.09,0.09,-0.3016,0.1434,0.8357,
1876,62.5333,True,0.427,89.573,89.573,,,,9.1212,301.0,33.0,35.86,0.9098,288,0.0024,0.09,0.09,-0.2999,0.1435,0.8357,
1877,62.5666,True,0.4251,89.5749,89.5749,,,,9.1212,301.0,33.0,35.79,0.9087,287,-0.0027,0.09,0.09,-0.3025,0.1471,0.8357,
1878,62.6,True,0.4243,89.5757,89.5757,,,,9.1212,301.0,33.0,35.78,0.9082,286,-0.0018,0.09,0.09,-0.3032,0.1471,0.8357,
1879,62.6333,True,0.4262,89.5738,89.5738,,,,9.1212,301.0,33.0,35.8,0.9089,287,-0.0098,0.09,0.09,-0.3043,0.1471,0.8357,
1880,62.6666,True,0.423,89.577,89.577,,,,9.1212,301.0,33.0,35.81,0.9097,290,-0.018,0.09,0.09,-0.2985,0.1433,0.8357,
1881,62.7,True,0.4238,89.5762,89.5762,,,,9.1212,301.0,33.0,35.69,0.9102,289,-0.0199,0.09,0.09,-0.2802,0.1433,0.8356,
1882,62.7333,True,0.4236,89.5764,89.5764,,,,9.1212,301.0,33.0,35.74,0.9103,289,-0.0177,0.09,0.09,-0.2802,0.1421,0.8356,
1883,62.7666,True,0.4234,89.5766,89.5766,,,,9.1212,301.0,33.0,35.75,0.9106,289,-0.0145,0.09,0.09,-0.2852,0.1445,0.8356,
1884,62.8,True,0.4263,89.5737,89.5737,,,,9.0909,300.0,33.0,35.83,0.9121,288,-0.0094,0.09,0.09,-0.2841,0.1534,0.8356,
1885,62.8333,True,0.4251,89.5749,89.5749,,,,9.0909,300.0,33.0,35.78,0.911,287,-0.0031,0.09,0.09,-0.2823,0.1549,0.8356,
1886,62.8666,True,0.4259,89.5741,89.5741,,,,9.0909,300.0,33.0,35.76,0.9099,286,0.0107,0.09,0.09,-0.2837,0.1493,0.8355,
1887,62.9,True,0.4251,89.5749,89.5749,,,,9.0909,300.0,33.0,35.77,0.911,287,0.007,0.09,0.09,-0.2833,0.1485,0.8355,
1888,62.9333,True,0.4287,89.5713,89.5713,,,,9.0909,300.0,33.0,35.87,0.9091,285,0.0136,0.09,0.09,-0.2893,0.138,0.8355,
1889,62.9666,True,0.4262,89.5738,89.5738,,,,9.0909,300.0,33.0,35.97,0.9095,286,0.0088,0.09,0.09,-0.2887,0.1385,0.8355,
1890,63.0,True,0.4242,89.5758,89.5758,,,,9.0909,300.0,33.0,35.97,0.9096,286,0.0057,0.09,0.09,-0.2883,0.1388,0.8355,
1891,63.0333,True,0.4206,89.5794,89.5794,,,,9.0909,300.0,33.0,35.99,0.91,290,-0.0053,0.09,0.09,-0.482,0.1048,0.8435,
1892,63.0666,True,0.42,89.58,89.58,,,,9.0909,300.0,33.0,35.88,0.909,286,-0.0121,0.09,0.09,-0.4804,0.1036,0.8435,
1893,63.1,True,0.4216,89.5784,89.5784,,,,9.0909,300.0,33.0,35.85,0.9085,285,-0.0352,0.09,0.09,-0.4736,0.104,0.8435,
1894,63.1333,True,0.4216,89.5784,89.5784,,,,9.0909,300.0,33.0,35.76,0.9085,285,-0.0229,0.09,0.09,-0.4735,0.1046,0.8435,
1895,63.1666,True,0.4216,89.5784,89.5784,,,,9.0909,300.0,33.0,35.77,0.9085,285,-0.0149,0.09,0.09,-0.2729,0.1463,0.8354,
1896,63.2,True,0.4245,89.5755,89.5755,,,,9.0909,300.0,33.0,35.72,0.9092,286,-0.0097,0.09,0.09,-0.2762,0.1481,0.8354,
1897,63.2333,True,0.4245,89.5755,89.5755,,,,9.0909,300.0,33.0,35.66,0.9092,286,-0.0063,0.09,0.09,-0.2724,0.1482,0.8353,
1898,63.2666,True,0.4223,89.5777,89.5777,,,,9.0909,300.0,33.0,35.67,0.9095,286,0.0025,0.09,0.09,-0.248,0.1369,0.8324,
1899,63.3,True,0.4245,89.5755,89.5755,,,,9.0909,300.0,33.0,35.64,0.9092,286,0.0254,0.09,0.09,-0.2471,0.1366,0.8324,
1900,63.3333,True,0.4245,89.5755,89.5755,,,,9.0909,300.0,33.0,35.67,0.9092,286,0.0165,0.09,0.09,-0.2467,0.1334,0.8324,
1901,63.3666,True,0.4245,89.5755,89.5755,,,,9.0909,300.0,33.0,35.62,0.9092,286,0.0107,0.09,0.09,-0.2487,0.1339,0.8324,
1902,63.4,True,0.4223,89.5777,89.5777,,,,9.0909,300.0,33.0,35.65,0.9096,286,0.007,0.09,0.09,-0.2483,0.1301,0.8324,
1903,63.4333,True,0.4227,89.5773,89.5773,,,,9.0909,300.0,33.0,35.65,0.9104,287,0.0045,0.09,0.09,-0.2487,0.1285,0.8324,
1904,63.4666,True,0.4221,89.5779,89.5779,,,,9.0909,300.0,33.0,35.64,0.9092,286,-0.0158,0.09,0.09,-0.2407,0.1267,0.8323,
1905,63.5,True,0.428,89.572,89.572,,,,9.1212,301.0,33.0,35.68,0.911,288,-0.0103,0.09,0.09,-0.234,0.132,0.8323,
1906,63.5333,True,0.429,89.571,89.571,,,,9.1212,301.0,33.0,35.64,0.9109,288,-0.0067,0.09,0.09,-0.2338,0.1318,0.8323,
1907,63.5666,True,0.4299,89.5701,89.5701,,,,9.1212,301.0,33.0,35.64,0.911,288,0.0507,0.09,0.09,-0.2368,0.1287,0.8323,
1908,63.6,True,0.4292,89.5708,89.5708,,,,9.0909,300.0,33.0,35.69,0.9098,286,0.0441,0.09,0.09,-0.2333,0.1285,0.8321,
1909,63.6333,True,0.429,89.571,89.571,,,,9.0909,300.0,33.0,35.69,0.9093,285,0.0287,0.09,0.09,-0.2365,0.1326,0.8321,
1910,63.6666,True,0.4288,89.5712,89.5712,,,,9.0909,300.0,33.0,35.7,0.91,286,0.0187,0.09,0.09,-0.2406,0.1282,0.8321,
1911,63.7,True,0.4306,89.5694,89.5694,,,,9.0909,300.0,33.0,35.67,0.9088,284,0.0139,0.09,0.09,-0.2429,0.1264,0.832,
1912,63.7333,True,0.4323,89.5677,89.5677,,,,9.0909,300.0,33.0,35.71,0.907,283,0.009,0.09,0.09,-0.2795,0.128,0.8348,
1913,63.7666,True,0.4315,89.5685,89.5685,,,,9.0909,300.0,33.0,35.65,0.9084,285,0.0207,0.09,0.09,-0.2419,0.1267,0.8314,
1914,63.8,True,0.4296,89.5704,89.5704,,,,9.0909,300.0,33.0,35.65,0.908,284,0.0134,0.09,0.09,-0.2405,0.1275,0.8314,
1915,63.8333,True,0.4311,89.5689,89.5689,,,,9.0909,300.0,33.0,35.66,0.9087,285,0.0136,0.09,0.09,-0.2429,0.1282,0.8314,
1916,63.8666,True,0.4272,89.5728,89.5728,,,,9.0909,300.0,33.0,35.61,0.9083,285,0.0088,0.09,0.09,-0.2566,0.1233,0.8318,
1917,63.9,True,0.4285,89.5715,89.5715,,,,9.0909,300.0,33.0,35.54,0.9091,285,-0.0094,0.09,0.09,-0.2553,0.1265,0.8318,
1918,63.9333,True,0.4305,89.5695,89.5695,,,,9.0909,300.0,33.0,35.55,0.909,285,-0.0061,0.09,0.09,-0.2587,0.1282,0.8318,
1919,63.9666,True,0.4292,89.5708,89.5708,,,,9.0909,300.0,33.0,35.52,0.9088,285,-0.009,0.09,0.09,-0.2588,0.128,0.8318,
1920,64.0,True,0.3891,89.6109,89.6109,,,,9.5625,306.0,32.0,35.51,0.9187,274,-0.0128,0.09,0.09,-0.2664,0.1259,0.8318,
1921,64.0333,True,0.3819,89.6181,89.6181,,,,9.5625,306.0,32.0,35.27,0.9149,274,-0.0083,0.09,0.09,-0.2577,0.1322,0.8318,
1922,64.0666,True,0.4357,89.5643,89.5643,,,,9.1212,301.0,33.0,35.3,0.9141,285,0.0015,0.09,0.09,-0.2461,0.133,0.8314,
1923,64.1,True,0.3826,89.6174,89.6174,,,,9.5625,306.0,32.0,35.32,0.9125,273,-0.4192,0.09,0.09,-0.2481,0.1341,0.8314,
1924,64.1333,True,0.3791,89.6209,89.6209,,,,9.5625,306.0,32.0,35.27,0.9122,272,-0.3414,0.09,0.09,-0.2531,0.1381,0.8314,
1925,64.1666,True,0.4062,89.5938,89.5938,,,,9.1212,301.0,33.0,35.28,0.9079,276,-0.2219,0.09,0.09,-0.2528,0.1359,0.8313,
1926,64.2,True,0.3997,89.6003,89.6003,,,,8.697,287.0,33.0,35.26,0.9032,264,0.0356,0.09,0.09,-0.2492,0.1364,0.8313,
1927,64.2333,True,0.3912,89.6088,89.6088,,,,9.5625,306.0,32.0,35.23,0.9136,272,-0.0659,0.09,0.09,-0.2488,0.1373,0.8313,
1928,64.2666,True,0.4325,89.5675,89.5675,,,,9.1212,301.0,33.0,35.06,0.9111,280,0.0462,0.09,0.09,-0.2516,0.1378,0.8313,
1929,64.3,True,0.4247,89.5753,89.5753,,,,9.0909,300.0,33.0,35.12,0.9095,273,0.0986,0.09,0.09,-0.2548,0.1368,0.8312,
1930,64.3333,True,0.4291,89.5709,89.5709,,,,9.0909,300.0,33.0,35.11,0.9141,282,0.2576,0.09,0.09,-0.1992,0.1317,0.8237,
1931,64.3666,True,0.4365,89.5635,89.5635,,,,9.0909,300.0,33.0,35.17,0.9136,280,0.2143,0.09,0.09,-0.2004,0.1314,0.8236,
1932,64.4,True,0.4355,89.5645,89.5645,,,,9.0909,300.0,33.0,35.21,0.9114,275,0.1745,0.09,0.09,-0.2556,0.1382,0.8312,
1933,64.4333,True,0.4379,89.5621,89.5621,,,,9.0909,300.0,33.0,35.25,0.9147,282,0.1449,0.09,0.09,-0.2607,0.1391,0.8312,
1934,64.4666,True,0.4316,89.5684,89.5684,,,,9.0909,300.0,33.0,35.21,0.916,285,0.0942,0.09,0.09,-0.2593,0.1377,0.8311,
1935,64.5,True,0.4341,89.5659,89.5659,,,,9.0909,300.0,33.0,35.2,0.9176,287,0.0612,0.09,0.09,-0.2597,0.1378,0.8311,
1936,64.5333,True,0.4346,89.5654,89.5654,,,,9.0606,299.0,33.0,35.31,0.9125,275,0.0308,0.09,0.09,-0.2616,0.1421,0.8311,
1937,64.5666,True,0.4435,89.5565,89.5565,,,,9.0606,299.0,33.0,35.22,0.9103,273,0.02,0.09,0.09,-0.2563,0.1382,0.8311,
1938,64.6,True,0.448,89.552,89.552,,,,9.0606,299.0,33.0,35.17,0.9096,272,0.013,0.09,0.09,-0.2571,0.1381,0.8311,
1939,64.6333,True,0.3929,89.6071,89.6071,,,,9.375,300.0,32.0,35.17,0.9185,271,0.0085,0.09,0.09,-0.2578,0.1385,0.8311,
1940,64.6666,True,0.4441,89.5559,89.5559,,,,9.0303,298.0,33.0,35.05,0.9074,264,0.0985,0.09,0.09,-0.2572,0.1342,0.8311,
1941,64.7,True,0.4026,89.5974,89.5974,,,,9.375,300.0,32.0,34.87,0.9143,270,0.064,0.09,0.09,-0.2548,0.1362,0.831,
1942,64.7333,True,0.3936,89.6064,89.6064,,,,9.375,300.0,32.0,34.88,0.9128,270,-0.3878,0.09,0.09,-0.2601,0.1129,0.8301,
1943,64.7666,True,0.3966,89.6034,89.6034,,,,9.375,300.0,32.0,34.81,0.9114,270,-0.3154,0.09,0.09,-0.2144,0.1143,0.8226,
1944,64.8,True,0.3986,89.6014,89.6014,,,,9.375,300.0,32.0,34.84,0.9117,270,-0.183,0.09,0.09,-0.11,0.1153,0.8194,
1945,64.8333,True,0.3966,89.6034,89.6034,,,,9.375,300.0,32.0,34.83,0.912,270,-0.1407,0.09,0.09,-0.1022,0.1411,0.8203,
1946,64.8666,True,0.3966,89.6034,89.6034,,,,9.375,300.0,32.0,34.84,0.9111,270,-0.0915,0.09,0.09,-0.1031,0.141,0.8203,
1947,64.9,True,0.4074,89.5926,89.5926,,,,9.5625,306.0,32.0,34.84,0.9117,273,-0.059,0.09,0.09,-0.1036,0.141,0.8203,
1948,64.9333,True,0.3902,89.6098,89.6098,,,,8.697,287.0,33.0,34.83,0.89,238,-0.0383,0.09,0.09,-0.1042,0.141,0.8203,
1949,64.9666,True,0.4042,89.5958,89.5958,,,,8.6667,286.0,33.0,34.83,0.8927,243,-0.0249,0.09,0.09,-0.1042,0.141,0.8203,
1950,65.0,True,0.4286,89.5714,89.5714,,,,9.1212,301.0,33.0,33.83,0.9112,279,0.0635,0.09,0.09,-0.1704,0.1228,0.8186,
1951,65.0333,True,0.4343,89.5657,89.5657,,,,9.1212,301.0,33.0,33.82,0.9098,276,0.0745,0.09,0.09,-0.1621,0.1068,0.8177,
1952,65.0666,True,0.4313,89.5687,89.5687,,,,9.0909,300.0,33.0,33.82,0.9082,274,0.2714,0.09,0.09,-0.0632,0.1132,0.8096,
1953,65.1,True,0.4307,89.5693,89.5693,,,,9.0909,300.0,33.0,33.82,0.9065,272,0.1989,0.09,0.09,-0.0329,0.098,0.8066,
1954,65.1333,True,0.4463,89.5537,89.5537,,,,9.5625,306.0,32.0,33.82,0.912,275,0.1346,0.09,0.09,-0.0348,0.0989,0.8066,
1955,65.1666,True,0.4377,89.5623,89.5623,,,,9.5625,306.0,32.0,33.82,0.9118,275,0.1199,0.09,0.09,-0.037,0.1102,0.8062,
1956,65.2,True,0.4353,89.5647,89.5647,,,,9.5625,306.0,32.0,33.82,0.9103,276,0.0875,0.09,0.09,-0.0375,0.1109,0.8062,
1957,65.2333,True,0.436,89.564,89.564,,,,9.5625,306.0,32.0,33.81,0.9106,277,0.065,0.09,0.09,-0.0371,0.1109,0.8062,
1958,65.2666,True,0.4259,89.5741,89.5741,,,,9.0909,300.0,33.0,33.81,0.909,275,0.0423,0.09,0.09,-0.0387,0.1112,0.8062,
1959,65.3,True,0.4423,89.5577,89.5577,,,,9.5625,306.0,32.0,33.79,0.912,275,0.0275,0.09,0.09,-0.0373,0.1068,0.8062,
1960,65.3333,True,0.4361,89.5639,89.5639,,,,9.1212,301.0,33.0,33.78,0.9084,271,0.0179,0.09,0.09,-0.0369,0.1073,0.8062,
1961,65.3666,True,0.4313,89.5687,89.5687,,,,9.1212,301.0,33.0,33.78,0.9101,274,0.0116,0.09,0.09,-0.0365,0.1076,0.8062,
1962,65.4,True,0.4368,89.5632,89.5632,,,,9.5625,306.0,32.0,33.83,0.9137,277,0.0078,0.09,0.09,-0.0369,0.1084,0.8062,
1963,65.4333,True,0.4371,89.5629,89.5629,,,,9.5625,306.0,32.0,33.8,0.9117,276,0.0124,0.09,0.09,-0.0461,0.0986,0.8066,
1964,65.4666,True,0.4366,89.5634,89.5634,,,,9.1212,301.0,33.0,33.83,0.9109,277,0.0063,0.09,0.09,-0.0466,0.0986,0.8066,
1965,65.5,True,0.4358,89.5642,89.5642,,,,9.1212,301.0,33.0,33.86,0.9108,276,0.0041,0.09,0.09,-0.0473,0.0988,0.8066,
1966,65.5333,True,0.437,89.563,89.563,,,,9.5625,306.0,32.0,33.99,0.9139,275,0.0044,0.09,0.09,-0.046,0.0998,0.8066,
1967,65.5666,True,0.4383,89.5617,89.5617,,,,9.5625,306.0,32.0,33.96,0.9133,276,0.0054,0.09,0.09,-0.0454,0.0993,0.8066,
1968,65.6,True,0.4312,89.5688,89.5688,,,,9.1515,302.0,33.0,33.98,0.9113,277,-0.0008,0.09,0.09,-0.0449,0.0995,0.8066,
1969,65.6333,True,0.4355,89.5645,89.5645,,,,9.303,307.0,33.0,33.98,0.9125,279,-0.0091,0.09,0.09,-0.0437,0.0995,0.8066,
1970,65.6666,True,0.4406,89.5594,89.5594,,,,9.5625,306.0,32.0,34.04,0.9134,275,0.007,0.09,0.09,-0.0423,0.1024,0.8066,
1971,65.7,True,0.438,89.562,89.562,,,,9.5625,306.0,32.0,33.98,0.9132,276,0.0147,0.09,0.09,-0.0443,0.1038,0.8066,
1972,65.7333,True,0.4343,89.5657,89.5657,,,,9.1212,301.0,33.0,33.98,0.9116,275,-0.0162,0.09,0.09,-0.0424,0.1061,0.8066,
1973,65.7666,True,0.4422,89.5578,89.5578,,,,9.1212,301.0,33.0,33.92,0.9094,274,0.0152,0.09,0.09,-0.0412,0.1055,0.8066,
1974,65.8,True,0.4434,89.5566,89.5566,,,,9.5625,306.0,32.0,33.92,0.9109,276,0.0374,0.09,0.09,-0.0443,0.1095,0.8066,
1975,65.8333,True,0.4435,89.5565,89.5565,,,,9.5625,306.0,32.0,33.91,0.9108,276,0.0417,0.09,0.09,-0.0436,0.107,0.8065,
1976,65.8666,True,0.4313,89.5687,89.5687,,,,9.5625,306.0,32.0,33.93,0.9115,278,0.0271,0.09,0.09,-0.0437,0.1052,0.8065,
1977,65.9,True,0.4292,89.5708,89.5708,,,,9.5625,306.0,32.0,33.97,0.9114,277,0.0176,0.09,0.09,-0.0405,0.1077,0.8065,
1978,65.9333,True,0.4316,89.5684,89.5684,,,,9.5625,306.0,32.0,33.98,0.9104,277,-0.0998,0.09,0.09,-0.0388,0.1052,0.8065,
1979,65.9666,True,0.4311,89.5689,89.5689,,,,9.5625,306.0,32.0,34.0,0.9101,277,-0.0684,0.09,0.09,-0.0394,0.1034,0.8065,
1980,66.0,True,0.4051,89.5949,89.5949,,,,9.1515,302.0,33.0,34.0,0.9098,274,-0.0466,0.09,0.09,-0.0391,0.1008,0.8065,
1981,66.0333,True,0.4371,89.5629,89.5629,,,,9.5625,306.0,32.0,34.03,0.913,277,-0.0303,0.09,0.09,-0.0397,0.1004,0.8065,
1982,66.0666,True,0.413,89.587,89.587,,,,9.303,307.0,33.0,34.09,0.9104,277,-0.0197,0.09,0.09,-0.035,0.1005,0.8065,
1983,66.1,True,0.4343,89.5657,89.5657,,,,9.5625,306.0,32.0,34.06,0.9127,277,-0.0128,0.09,0.09,-0.0443,0.0978,0.8065,
1984,66.1333,True,0.4102,89.5898,89.5898,,,,9.1212,301.0,33.0,33.96,0.9069,266,-0.1984,0.09,0.09,-0.044,0.1001,0.8065,
1985,66.1666,True,0.4266,89.5734,89.5734,,,,9.303,307.0,33.0,33.96,0.9111,277,0.014,0.09,0.09,-0.0435,0.0978,0.8065,
1986,66.2,True,0.4218,89.5782,89.5782,,,,9.1212,301.0,33.0,33.89,0.9133,277,-0.041,0.09,0.09,-0.0354,0.0986,0.8065,
1987,66.2333,True,0.4325,89.5675,89.5675,,,,9.5625,306.0,32.0,33.87,0.912,277,0.0234,0.09,0.09,-0.0315,0.1037,0.8065,
1988,66.2666,True,0.4191,89.5809,89.5809,,,,9.1212,301.0,33.0,33.81,0.9102,273,-0.0349,0.09,0.09,-0.0247,0.1015,0.8064,
1989,66.3,True,0.4298,89.5702,89.5702,,,,9.5625,306.0,32.0,33.83,0.91,277,0.0274,0.09,0.09,-0.0232,0.1002,0.8064,
1990,66.3333,True,0.4244,89.5756,89.5756,,,,9.5625,306.0,32.0,33.8,0.911,277,-0.0053,0.09,0.09,-0.0274,0.1253,0.8074,
1991,66.3666,True,0.424,89.576,89.576,,,,9.5625,306.0,32.0,33.82,0.9105,277,-0.0034,0.09,0.09,-0.0259,0.1219,0.8074,
1992,66.4,True,0.4237,89.5763,89.5763,,,,9.5625,306.0,32.0,33.84,0.91,277,-0.0069,0.09,0.09,-0.0252,0.1223,0.8074,
1993,66.4333,True,0.4258,89.5742,89.5742,,,,9.5625,306.0,32.0,33.84,0.9113,278,0.0002,0.09,0.09,-0.0274,0.1226,0.8074,
1994,66.4666,True,0.4249,89.5751,89.5751,,,,9.5625,306.0,32.0,33.86,0.9099,277,0.0001,0.09,0.09,-0.0265,0.1187,0.8074,
1995,66.5,True,0.4227,89.5773,89.5773,,,,9.5625,306.0,32.0,33.9,0.9124,278,-0.0046,0.09,0.09,-0.0272,0.1223,0.8074,
1996,66.5333,True,0.4232,89.5768,89.5768,,,,9.5625,306.0,32.0,33.95,0.9122,278,-0.0055,0.09,0.09,-0.0286,0.1225,0.8074,
1997,66.5666,True,0.4216,89.5784,89.5784,,,,9.5625,306.0,32.0,33.95,0.912,278,-0.0094,0.09,0.09,-0.0285,0.1226,0.8074,
1998,66.6,True,0.4183,89.5817,89.5817,,,,9.5625,306.0,32.0,33.91,0.9112,278,-0.0106,0.09,0.09,-0.0228,0.1173,0.8074,
1999,66.6333,True,0.3826,89.6174,89.6174,,,,8.6667,286.0,33.0,33.9,0.9023,259,-0.0192,0.09,0.09,-0.0242,0.1181,0.8074,
2000,66.6666,True,0.4308,89.5692,89.5692,,,,9.9032,307.0,31.0,33.9,0.8792,303,-0.0125,0.09,0.09,-0.0244,0.1184,0.8074,
2001,66.7,True,0.3944,89.6056,89.6056,,,,9.5625,306.0,32.0,33.9,0.8906,307,-0.0429,0.09,0.09,-0.0243,0.1189,0.8074,
2002,66.7333,True,0.4068,89.5932,89.5932,,,,9.5625,306.0,32.0,33.91,0.8916,307,-0.1481,0.09,0.09,-0.0277,0.1191,0.8074,
2003,66.7666,True,0.4058,89.5942,89.5942,,,,9.5625,306.0,32.0,33.92,0.892,307,-0.1066,0.09,0.09,-0.0292,0.1208,0.8074,
2004,66.8,True,0.4015,89.5985,89.5985,,,,9.5625,306.0,32.0,33.92,0.8916,306,-0.0693,0.09,0.09,-0.0306,0.1209,0.8074,
2005,66.8333,True,0.4063,89.5937,89.5937,,,,9.5625,306.0,32.0,33.92,0.8925,306,-0.0451,0.09,0.09,-0.0309,0.1207,0.8074,
2006,66.8666,True,0.4106,89.5894,89.5894,,,,9.5625,306.0,32.0,33.95,0.8933,306,-0.0247,0.09,0.09,-0.0333,0.1244,0.8074,
2007,66.9,True,0.4083,89.5917,89.5917,,,,9.5625,306.0,32.0,34.03,0.894,305,-0.0161,0.09,0.09,-0.0295,0.1258,0.8073,
2008,66.9333,True,0.4149,89.5851,89.5851,,,,9.5625,306.0,32.0,34.04,0.8952,305,0.0108,0.09,0.09,-0.0305,0.1266,0.8073,
2009,66.9666,True,0.4181,89.5819,89.5819,,,,9.5625,306.0,32.0,34.07,0.8949,305,0.0317,0.09,0.09,-0.0364,0.1256,0.8073,
2010,67.0,True,0.4173,89.5827,89.5827,,,,9.5625,306.0,32.0,33.98,0.8957,305,0.0656,0.09,0.09,-0.0366,0.128,0.8073,
2011,67.0333,True,0.4222,89.5778,89.5778,,,,9.5625,306.0,32.0,33.97,0.896,306,0.0672,0.09,0.09,-0.0382,0.1178,0.8073,
2012,67.0666,True,0.4217,89.5783,89.5783,,,,9.5625,306.0,32.0,33.91,0.8967,306,0.0527,0.09,0.09,-0.0351,0.1207,0.8073,
2013,67.1,True,0.419,89.581,89.581,,,,9.5625,306.0,32.0,33.93,0.8966,305,0.0437,0.09,0.09,-0.038,0.1206,0.8073,
2014,67.1333,True,0.4236,89.5764,89.5764,,,,9.5625,306.0,32.0,33.92,0.897,306,0.0567,0.09,0.09,-0.0326,0.1281,0.8073,
2015,67.1666,True,0.4258,89.5742,89.5742,,,,9.5625,306.0,32.0,33.92,0.8979,306,0.0417,0.09,0.09,-0.0386,0.1264,0.8073,
2016,67.2,True,0.4205,89.5795,89.5795,,,,9.5625,306.0,32.0,33.95,0.8973,305,0.0223,0.09,0.09,-0.0404,0.1223,0.8073,
2017,67.2333,True,0.4207,89.5793,89.5793,,,,9.5625,306.0,32.0,33.95,0.8969,305,0.0036,0.09,0.09,-0.0433,0.1216,0.8073,
2018,67.2666,True,0.4168,89.5832,89.5832,,,,9.5625,306.0,32.0,33.97,0.8968,305,0.0023,0.09,0.09,-0.0459,0.1189,0.8073,
2019,67.3,True,0.4186,89.5814,89.5814,,,,9.5625,306.0,32.0,33.97,0.8971,305,-0.0005,0.09,0.09,-0.0457,0.1209,0.8073,
2020,67.3333,True,0.3916,89.6084,89.6084,,,,9.5625,306.0,32.0,33.96,0.9059,288,-0.0204,0.09,0.09,-0.0568,0.0962,0.8077,
2021,67.3666,True,0.3772,89.6228,89.6228,,,,9.5625,306.0,32.0,33.95,0.9063,295,-0.0317,0.09,0.09,-0.0576,0.0945,0.8077,
2022,67.4,True,0.3761,89.6239,89.6239,,,,9.5625,306.0,32.0,34.0,0.9056,297,-0.285,0.09,0.09,-0.0675,0.0854,0.8076,
2023,67.4333,True,0.3754,89.6246,89.6246,,,,9.5625,306.0,32.0,33.92,0.9062,300,-0.3372,0.09,0.09,-0.0715,0.0867,0.8076,
2024,67.4666,True,0.3732,89.6268,89.6268,,,,9.5625,306.0,32.0,33.89,0.9058,302,-0.23,0.09,0.09,-0.063,0.109,0.8072,
2025,67.5,True,0.3719,89.6281,89.6281,,,,9.5625,306.0,32.0,33.93,0.9055,304,-0.1575,0.09,0.09,-0.0616,0.1089,0.8072,
2026,67.5333,True,0.3788,89.6212,89.6212,,,,9.5625,306.0,32.0,33.87,0.9022,307,-0.1024,0.09,0.09,-0.0613,0.1083,0.8072,
2027,67.5666,True,0.378,89.622,89.622,,,,9.5625,306.0,32.0,33.83,0.9022,307,-0.0666,0.09,0.09,-0.0652,0.1094,0.8072,
2028,67.6,True,0.3797,89.6203,89.6203,,,,9.5625,306.0,32.0,33.78,0.904,307,-0.0151,0.09,0.09,-0.0657,0.1107,0.8072,
2029,67.6333,True,0.3816,89.6184,89.6184,,,,9.5625,306.0,32.0,33.77,0.9038,307,-0.0016,0.09,0.09,-0.0644,0.1107,0.8072,
2030,67.6666,True,0.3829,89.6171,89.6171,,,,9.5625,306.0,32.0,33.75,0.9043,307,0.0086,0.09,0.09,-0.0711,0.1094,0.8072,
2031,67.7,True,0.3795,89.6205,89.6205,,,,9.5625,306.0,32.0,33.77,0.9035,307,0.0056,0.09,0.09,-0.0778,0.1141,0.8072,
2032,67.7333,True,0.3774,89.6226,89.6226,,,,9.5625,306.0,32.0,33.73,0.9027,307,0.0036,0.09,0.09,-0.0808,0.1117,0.8072,
2033,67.7666,True,0.3757,89.6243,89.6243,,,,9.5625,306.0,32.0,33.77,0.904,307,-0.0004,0.09,0.09,-0.0735,0.1157,0.8072,
2034,67.8,True,0.3766,89.6234,89.6234,,,,9.5625,306.0,32.0,33.7,0.9047,307,-0.0223,0.09,0.09,-0.0696,0.1129,0.8072,
2035,67.8333,True,0.3749,89.6251,89.6251,,,,9.5625,306.0,32.0,33.67,0.9036,307,-0.023,0.09,0.09,-0.072,0.1135,0.8072,
2036,67.8666,True,0.3757,89.6243,89.6243,,,,9.5625,306.0,32.0,33.74,0.9034,307,-0.0241,0.09,0.09,-0.0702,0.1061,0.8072,
2037,67.9,True,0.3774,89.6226,89.6226,,,,9.1515,302.0,33.0,33.77,0.9074,291,-0.0156,0.09,0.09,-0.0745,0.1046,0.8072,
2038,67.9333,True,0.3817,89.6183,89.6183,,,,9.1212,301.0,33.0,33.73,0.9075,287,-0.0011,0.09,0.09,-0.0769,0.1089,0.8073,
2039,67.9666,True,0.381,89.619,89.619,,,,9.4062,301.0,32.0,33.76,0.9042,273,0.0077,0.09,0.09,-0.0888,0.0876,0.8076,
2040,68.0,True,0.3844,89.6156,89.6156,,,,9.5625,306.0,32.0,33.75,0.9031,306,0.0434,0.09,0.09,-0.0898,0.0869,0.8076,
2041,68.0333,True,0.3824,89.6176,89.6176,,,,9.5625,306.0,32.0,33.76,0.9026,307,0.0354,0.09,0.09,-0.0912,0.0855,0.8076,
2042,68.0666,True,0.3812,89.6188,89.6188,,,,9.4062,301.0,32.0,33.7,0.9043,275,0.023,0.09,0.09,-0.0987,0.0859,0.8076,
2043,68.1,True,0.3728,89.6272,89.6272,,,,9.5625,306.0,32.0,33.7,0.9046,303,0.0097,0.09,0.09,-0.0939,0.0853,0.8076,
2044,68.1333,True,0.3712,89.6288,89.6288,,,,9.5625,306.0,32.0,33.7,0.9051,303,0.0063,0.09,0.09,-0.0997,0.0828,0.8076,
2045,68.1666,True,0.3788,89.6212,89.6212,,,,9.4062,301.0,32.0,33.71,0.9025,274,-0.0213,0.09,0.09,-0.0988,0.0818,0.8076,
2046,68.2,True,0.3825,89.6175,89.6175,,,,9.4062,301.0,32.0,33.75,0.9007,273,-0.0139,0.09,0.09,-0.1019,0.0842,0.8076,
2047,68.2333,True,0.3909,89.6091,89.6091,,,,9.5625,306.0,32.0,33.78,0.9042,307,-0.009,0.09,0.09,-0.0962,0.0823,0.8076,
2048,68.2666,True,0.3887,89.6113,89.6113,,,,9.5625,306.0,32.0,33.79,0.9045,307,0.033,0.09,0.09,-0.0916,0.1028,0.8072,
2049,68.3,True,0.3831,89.6169,89.6169,,,,9.5625,306.0,32.0,33.8,0.9023,307,0.0276,0.09,0.09,-0.0943,0.105,0.8072,
2050,68.3333,True,0.3855,89.6145,89.6145,,,,9.5625,306.0,32.0,33.8,0.9031,307,0.0437,0.09,0.09,-0.0956,0.1047,0.8072,
2051,68.3666,True,0.3729,89.6271,89.6271,,,,9.5625,306.0,32.0,33.77,0.9052,304,0.0284,0.09,0.09,-0.0921,0.1045,0.8071,
2052,68.4,True,0.3877,89.6123,89.6123,,,,9.5625,306.0,32.0,33.75,0.9035,307,0.0184,0.09,0.09,-0.0923,0.1046,0.8071,
2053,68.4333,True,0.3801,89.6199,89.6199,,,,9.5625,306.0,32.0,33.71,0.9017,307,-0.0137,0.09,0.09,-0.0914,0.1052,0.8071,
2054,68.4666,True,0.3779,89.6221,89.6221,,,,9.5625,306.0,32.0,33.73,0.9028,307,-0.0401,0.09,0.09,-0.0926,0.1056,0.8071,
2055,68.5,True,0.3778,89.6222,89.6222,,,,9.5625,306.0,32.0,33.3,0.9033,307,-0.0496,0.09,0.09,-0.0937,0.1132,0.8071,
2056,68.5333,True,0.3804,89.6196,89.6196,,,,9.5625,306.0,32.0,33.31,0.9043,307,-0.0087,0.09,0.09,-0.0982,0.1162,0.8071,
2057,68.5666,True,0.3853,89.6147,89.6147,,,,9.5625,306.0,32.0,33.24,0.9032,307,-0.0056,0.09,0.09,-0.1042,0.1206,0.8071,
2058,68.6,True,0.3815,89.6185,89.6185,,,,9.5938,307.0,32.0,33.28,0.9043,308,-0.0008,0.09,0.09,-0.0598,0.1143,0.8031,
2059,68.6333,True,0.3826,89.6174,89.6174,,,,9.5938,307.0,32.0,33.17,0.9061,308,0.011,0.09,0.09,-0.063,0.1215,0.8031,
2060,68.6666,True,0.3872,89.6128,89.6128,,,,9.5938,307.0,32.0,33.18,0.9063,308,0.0193,0.09,0.09,-0.0691,0.1464,0.8027,
2061,68.7,True,0.3842,89.6158,89.6158,,,,9.5938,307.0,32.0,33.2,0.905,308,0.029,0.09,0.09,-0.0676,0.148,0.8027,
2062,68.7333,True,0.3846,89.6154,89.6154,,,,9.5938,307.0,32.0,33.32,0.9049,308,0.0188,0.09,0.09,-0.0711,0.1473,0.8027,
2063,68.7666,True,0.3853,89.6147,89.6147,,,,9.5938,307.0,32.0,33.31,0.9047,308,0.0166,0.09,0.09,-0.0775,0.1414,0.8027,
2064,68.8,True,0.3851,89.6149,89.6149,,,,9.5938,307.0,32.0,33.29,0.9036,308,0.0156,0.09,0.09,-0.0765,0.1395,0.8027,
2065,68.8333,True,0.3812,89.6188,89.6188,,,,9.5625,306.0,32.0,33.26,0.9032,305,0.0054,0.09,0.09,-0.0786,0.1381,0.8026,
2066,68.8666,True,0.3821,89.6179,89.6179,,,,9.5938,307.0,32.0,33.34,0.9034,305,0.0035,0.09,0.09,-0.0794,0.1367,0.8026,
2067,68.9,True,0.382,89.618,89.618,,,,9.5938,307.0,32.0,33.32,0.9028,301,-0.0245,0.09,0.09,-0.082,0.1372,0.8026,
2068,68.9333,True,0.3776,89.6224,89.6224,,,,9.5625,306.0,32.0,33.37,0.9027,299,-0.0162,0.09,0.09,-0.0833,0.1351,0.8026,
2069,68.9666,True,0.3798,89.6202,89.6202,,,,9.5625,306.0,32.0,33.33,0.903,299,-0.0192,0.09,0.09,-0.0838,0.1341,0.8026,
2070,69.0,True,0.3738,89.6262,89.6262,,,,9.5625,306.0,32.0,33.35,0.904,301,-0.0272,0.09,0.09,-0.0842,0.14,0.8026,
2071,69.0333,True,0.3699,89.6301,89.6301,,,,9.5625,306.0,32.0,33.32,0.9048,301,-0.0411,0.09,0.09,-0.0805,0.1432,0.8025,
2072,69.0666,True,0.3741,89.6259,89.6259,,,,9.5625,306.0,32.0,33.31,0.9045,301,-0.0631,0.09,0.09,-0.0794,0.1428,0.8025,
2073,69.1,True,0.3735,89.6265,89.6265,,,,9.5625,306.0,32.0,33.3,0.9037,301,-0.0443,0.09,0.09,-0.0792,0.1428,0.8025,
2074,69.1333,True,0.3767,89.6233,89.6233,,,,9.5625,306.0,32.0,33.35,0.9039,302,-0.0288,0.09,0.09,-0.0783,0.144,0.8025,
2075,69.1666,True,0.3761,89.6239,89.6239,,,,9.5625,306.0,32.0,33.4,0.9038,301,-0.0154,0.09,0.09,-0.0772,0.1471,0.8025,
2076,69.2,True,0.3733,89.6267,89.6267,,,,9.5625,306.0,32.0,33.45,0.9041,301,-0.01,0.09,0.09,-0.0749,0.1474,0.8025,
2077,69.2333,True,0.3737,89.6263,89.6263,,,,9.5625,306.0,32.0,33.51,0.9048,302,-0.0109,0.09,0.09,-0.075,0.1474,0.8025,
2078,69.2666,True,0.3789,89.6211,89.6211,,,,9.5625,306.0,32.0,33.58,0.9037,303,0.0183,0.09,0.09,-0.0724,0.147,0.8026,
2079,69.3,True,0.381,89.619,89.619,,,,9.5625,306.0,32.0,33.56,0.9035,303,0.0119,0.09,0.09,-0.1055,0.1361,0.8057,
2080,69.3333,True,0.3815,89.6185,89.6185,,,,9.5625,306.0,32.0,33.55,0.903,302,0.037,0.09,0.09,-0.1072,0.136,0.8057,
2081,69.3666,True,0.3813,89.6187,89.6187,,,,9.5625,306.0,32.0,33.54,0.9037,303,0.0458,0.09,0.09,-0.1075,0.1359,0.8057,
2082,69.4,True,0.3792,89.6208,89.6208,,,,9.5625,306.0,32.0,33.5,0.9035,302,0.0298,0.09,0.09,-0.1091,0.1367,0.8057,
2083,69.4333,False,,,,,,,,,,,0.0,0,,0.0,0.0,-0.1183,0.0587,0.0856,no_mask
2084,69.4666,False,,,,,,,,,,,0.0,0,,0.0,0.0,-0.1303,0.0662,0.0856,no_mask
2085,69.5,False,,,,,,,,,,,0.0,0,,0.0,0.0,-0.1042,0.0747,0.0855,no_mask
2086,69.5333,False,,,,,,,,,,,0.0,0,,0.0,0.0,-0.1545,0.0386,0.0853,no_mask
2087,69.5666,False,,,,,,,,,,,0.0,0,,0.0,0.0,-0.1152,0.0501,0.0851,no_mask
2088,69.6,False,,,,,,,,,,,0.0,0,,0.0,0.0,-0.0764,0.0438,0.0846,no_mask
2089,69.6333,False,,,,,,,,,,,0.0,0,,0.0,0.0,0.02,0.0406,0.0833,no_mask
2090,69.6666,False,,,,,,,,,,,0.0,0,,0.0,0.0,0.0726,0.0339,0.0821,no_mask
2091,69.7,False,,,,,,,,,,,0.0,0,,0.0,0.0,0.0029,-0.0229,0.0811,no_mask
2092,69.7333,False,,,,,,,,,,,0.0,0,,0.0,0.0,0.1148,-0.0156,0.0775,no_mask
2093,69.7666,False,,,,,,,,,,,0.0,0,,0.0,0.0,0.075,0.0155,0.0731,no_mask
2094,69.8,False,,,,,,,,,,,0.0,0,,0.0,0.0,0.0559,0.0167,0.0663,no_mask
2095,69.8333,False,,,,,,,,,,,0.0,0,,0.0,0.0,0.0531,0.0195,0.0655,no_mask
2096,69.8666,False,,,,,,,,,,,0.0,0,,0.0,0.0,0.0561,0.0254,0.0652,no_mask
2097,69.9,False,,,,,,,,,,,0.0,0,,0.0,0.0,0.0575,0.0358,0.0662,no_mask
2098,69.9333,False,,,,,,,,,,,0.0,0,,0.0,0.0,-0.0221,0.029,0.0634,no_mask
2099,69.9666,False,,,,,,,,,,,0.0,0,,0.0,0.0,-0.0285,0.0024,0.0542,no_mask
2100,70.0,False,,,,,,,,,,,0.0,0,,0.0,0.0,-0.0276,0.0989,0.05,no_mask
2101,70.0333,False,,,,,,,,,,,0.0,0,,0.0,0.0,-0.1157,0.0118,0.0473,no_mask
2102,70.0666,False,,,,,,,,,,,0.0,0,,0.0,0.0,-0.0488,-0.0719,0.0454,no_mask
2103,70.1,False,,,,,,,,,,,0.0,0,,0.0,0.0,-0.118,0.1159,-0.0149,no_mask
2104,70.1333,False,,,,,,,,,,,0.0,0,,0.0,0.0,-0.1652,-0.1007,-0.0134,no_mask
2105,70.1666,False,,,,,,,,,,,0.0,0,,0.0,0.0,-0.2254,0.0605,-0.0114,no_mask
2106,70.2,False,,,,,,,,,,,0.0,0,,0.0,0.0,-0.2474,-0.1986,-0.0435,no_mask
2107,70.2333,False,,,,,,,,,,,0.0,0,,0.0,0.0,-0.2797,-0.3217,-0.0416,no_mask
2108,70.2666,False,,,,,,,,,,,0.0,0,,0.0,0.0,-0.1481,-0.1069,-0.0439,no_mask
2109,70.3,False,,,,,,,,,,,0.0,0,,0.0,0.0,-0.0843,-0.0172,-0.0487,no_mask
2110,70.3333,False,,,,,,,,,,,0.0,0,,0.0,0.0,-0.2509,0.0584,-0.0567,no_mask
2111,70.3666,False,,,,,,,,,,,0.0,0,,0.0,0.0,-0.1973,-0.2384,-0.0624,no_mask
2112,70.4,False,,,,,,,,,,,0.0,0,,0.0,0.0,-0.3717,-0.1736,-0.0675,no_mask
2113,70.4333,False,,,,,,,,,,,0.0,0,,0.0,0.0,-0.289,0.1891,-0.0669,no_mask
2114,70.4666,False,,,,,,,,,,,0.0,0,,0.0,0.0,-0.152,-0.0605,-0.0637,no_mask
2115,70.5,False,,,,,,,,,,,0.0,0,,0.0,0.0,-0.2031,-0.0997,-0.0656,no_mask
2116,70.5333,False,,,,,,,,,,,0.0,0,,0.0,0.0,-0.2257,-0.2795,-0.0702,no_mask
2117,70.5666,False,,,,,,,,,,,0.0,0,,0.0,0.0,-0.2794,-0.2151,-0.0711,no_mask
2118,70.6,False,,,,,,,,,,,0.0,0,,0.0,0.0,-0.1835,-0.0382,-0.0673,no_mask
2119,70.6333,False,,,,,,,,,,,0.0,0,,0.0,0.0,-0.1262,-0.137,-0.0663,no_mask
2120,70.6666,False,,,,,,,,,,,0.0,0,,0.0,0.0,-0.1805,-0.1719,-0.0695,no_mask
2121,70.7,False,,,,,,,,,,,0.0,0,,0.0,0.0,-0.2338,-0.1962,-0.0717,no_mask
2122,70.7333,False,,,,,,,,,,,0.0,0,,0.0,0.0,-0.2093,-0.0896,-0.072,no_mask
2123,70.7666,False,,,,,,,,,,,0.0,0,,0.0,0.0,-0.2096,-0.0724,-0.0725,no_mask
2124,70.8,False,,,,,,,,,,,0.0,0,,0.0,0.0,-0.1984,-0.0922,-0.0724,no_mask
2125,70.8333,False,,,,,,,,,,,0.0,0,,0.0,0.0,-0.2148,-0.0893,-0.0721,no_mask
2126,70.8666,False,,,,,,,,,,,0.0,0,,0.0,0.0,-0.2142,-0.093,-0.0719,no_mask
2127,70.9,False,,,,,,,,,,,0.0,0,,0.0,0.0,-0.2153,-0.0886,-0.0719,no_mask
2128,70.9333,False,,,,,,,,,,,0.0,0,,0.0,0.0,-0.2161,-0.0844,-0.0718,no_mask
2129,70.9666,False,,,,,,,,,,,0.0,0,,0.0,0.0,-0.2091,-0.0859,-0.0718,no_mask
2130,71.0,False,,,,,,,,,,,0.0,0,,0.0,0.0,-0.1823,-0.0982,-0.0718,no_mask
2131,71.0333,False,,,,,,,,,,,0.0,0,,0.0,0.0,-0.1925,-0.1218,-0.0718,no_mask
2132,71.0666,False,,,,,,,,,,,0.0,0,,0.0,0.0,-0.2015,-0.1459,-0.0717,no_mask
2133,71.1,False,,,,,,,,,,,0.0,0,,0.0,0.0,-0.1844,-0.1217,-0.0717,no_mask
2134,71.1333,False,,,,,,,,,,,0.0,0,,0.0,0.0,-0.1743,-0.1068,-0.0717,no_mask
2135,71.1666,False,,,,,,,,,,,0.0,0,,0.0,0.0,-0.2125,-0.0873,-0.0717,no_mask
2136,71.2,False,,,,,,,,,,,0.0,0,,0.0,0.0,-0.2261,-0.0991,-0.0716,no_mask
2137,71.2333,False,,,,,,,,,,,0.0,0,,0.0,0.0,-0.2312,-0.0959,-0.0714,no_mask
2138,71.2666,False,,,,,,,,,,,0.0,0,,0.0,0.0,-0.2366,-0.0774,-0.0712,no_mask
2139,71.3,False,,,,,,,,,,,0.0,0,,0.0,0.0,-0.2596,-0.0339,-0.071,no_mask
2140,71.3333,False,,,,,,,,,,,0.0,0,,0.0,0.0,-0.2688,-0.0048,-0.0708,no_mask
2141,71.3666,False,,,,,,,,,,,0.0,0,,0.0,0.0,-0.2383,0.0069,-0.0706,no_mask
2142,71.4,False,,,,,,,,,,,0.0,0,,0.0,0.0,-0.2357,-0.0633,-0.0704,no_mask
2143,71.4333,False,,,,,,,,,,,0.0,0,,0.0,0.0,-0.2332,-0.1192,-0.0702,no_mask
2144,71.4666,False,,,,,,,,,,,0.0,0,,0.0,0.0,-0.2468,-0.023,-0.07,no_mask
2145,71.5,False,,,,,,,,,,,0.0,0,,0.0,0.0,-0.2472,-0.0242,-0.0698,no_mask
2146,71.5333,False,,,,,,,,,,,0.0,0,,0.0,0.0,-0.2622,-0.0341,-0.0696,no_mask
2147,71.5666,False,,,,,,,,,,,0.0,0,,0.0,0.0,-0.242,-0.0493,-0.0694,no_mask
2148,71.6,False,,,,,,,,,,,0.0,0,,0.0,0.0,-0.2398,-0.0285,-0.0701,no_mask
2149,71.6333,False,,,,,,,,,,,0.0,0,,0.0,0.0,-0.3477,-0.028,-0.059,no_mask
2150,71.6666,False,,,,,,,,,,,0.0,0,,0.0,0.0,-0.2232,-0.1059,-0.0341,no_mask
2151,71.7,False,,,,,,,,,,,0.0,0,,0.0,0.0,-0.2617,-0.1739,-0.0272,no_mask
2152,71.7333,False,,,,,,,,,,,0.0,0,,0.0,0.0,-0.1694,-0.0571,-0.051,no_mask
2153,71.7666,False,,,,,,,,,,,0.0,0,,0.0,0.0,-0.1311,-0.1914,-0.0641,no_mask
2154,71.8,False,,,,,,,,,,,0.0,0,,0.0,0.0,-0.1162,-0.2213,-0.0611,no_mask
2155,71.8333,False,,,,,,,,,,,0.0,0,,0.0,0.0,-0.1901,-0.2063,-0.0434,no_mask
2156,71.8666,False,,,,,,,,,,,0.0,0,,0.0,0.0,-0.2369,-0.1668,-0.0434,no_mask
2157,71.9,False,,,,,,,,,,,0.0,0,,0.0,0.0,-0.1612,-0.1025,-0.0651,no_mask
2158,71.9333,False,,,,,,,,,,,0.0,0,,0.0,0.0,-0.0247,-0.2171,-0.0728,no_mask
2159,71.9666,False,,,,,,,,,,,0.0,0,,0.0,0.0,-0.0979,-0.227,-0.0707,no_mask
2160,72.0,False,,,,,,,,,,,0.0,0,,0.0,0.0,-0.3719,-0.117,-0.0633,no_mask
2161,72.0333,False,,,,,,,,,,,0.0,0,,0.0,0.0,-0.2029,-0.13,-0.0521,no_mask
2162,72.0666,False,,,,,,,,,,,0.0,0,,0.0,0.0,-0.0397,-0.1537,-0.0379,no_mask
2163,72.1,False,,,,,,,,,,,0.0,0,,0.0,0.0,-0.0623,-0.2038,-0.0379,no_mask
2164,72.1333,False,,,,,,,,,,,0.0,0,,0.0,0.0,-0.0259,-0.1895,-0.0519,no_mask
2165,72.1666,False,,,,,,,,,,,0.0,0,,0.0,0.0,-0.1907,-0.1953,-0.0631,no_mask
2166,72.2,False,,,,,,,,,,,0.0,0,,0.0,0.0,-0.1872,-0.0712,-0.0703,no_mask
2167,72.2333,False,,,,,,,,,,,0.0,0,,0.0,0.0,-0.1839,-0.0823,-0.0728,no_mask
2168,72.2666,False,,,,,,,,,,,0.0,0,,0.0,0.0,-0.1856,-0.0855,-0.0727,no_mask
2169,72.3,False,,,,,,,,,,,0.0,0,,0.0,0.0,-0.1862,-0.0831,-0.0727,no_mask
2170,72.3333,False,,,,,,,,,,,0.0,0,,0.0,0.0,-0.1865,-0.0837,-0.0727,no_mask
2171,72.3666,False,,,,,,,,,,,0.0,0,,0.0,0.0,-0.1863,-0.0835,-0.0727,no_mask
2172,72.4,False,,,,,,,,,,,0.0,0,,0.0,0.0,-0.1873,-0.0837,-0.0727,no_mask
2173,72.4333,False,,,,,,,,,,,0.0,0,,0.0,0.0,-0.1873,-0.0837,-0.0727,no_mask
2174,72.4666,False,,,,,,,,,,,0.0,0,,0.0,0.0,-0.1873,-0.0837,-0.0727,no_mask
2175,72.5,False,,,,,,,,,,,0.0,0,,0.0,0.0,-0.1873,-0.0837,-0.0727,no_mask
2176,72.5333,False,,,,,,,,,,,0.0,0,,0.0,0.0,-0.1873,-0.0837,-0.0727,no_mask
2177,72.5666,False,,,,,,,,,,,0.0,0,,0.0,0.0,-0.1873,-0.0837,-0.0727,no_mask
2178,72.6,False,,,,,,,,,,,0.0,0,,0.0,0.0,-0.1873,-0.0837,-0.0727,no_mask
2179,72.6333,False,,,,,,,,,,,0.0,0,,0.0,0.0,-0.1873,-0.0837,-0.0727,no_mask
2180,72.6666,False,,,,,,,,,,,0.0,0,,0.0,0.0,-0.1873,-0.0837,-0.0727,no_mask
2181,72.7,False,,,,,,,,,,,0.0,0,,0.0,0.0,-0.1873,-0.0837,-0.0727,no_mask
2182,72.7333,False,,,,,,,,,,,0.0,0,,0.0,0.0,-0.1873,-0.0837,-0.0727,no_mask
2183,72.7666,False,,,,,,,,,,,0.0,0,,0.0,0.0,-0.1873,-0.0837,-0.0727,no_mask
2184,72.8,False,,,,,,,,,,,0.0,0,,0.0,0.0,-0.1873,-0.0837,-0.0727,no_mask
2185,72.8333,False,,,,,,,,,,,0.0,0,,0.0,0.0,-0.1873,-0.0837,-0.0727,no_mask
2186,72.8666,False,,,,,,,,,,,0.0,0,,0.0,0.0,-0.1873,-0.0837,-0.0727,no_mask
2187,72.9,False,,,,,,,,,,,0.0,0,,0.0,0.0,-0.1873,-0.0837,-0.0727,no_mask
2188,72.9333,False,,,,,,,,,,,0.0,0,,0.0,0.0,-0.1873,-0.0837,-0.0727,no_mask
2189,72.9666,False,,,,,,,,,,,0.0,0,,0.0,0.0,-0.1878,-0.0858,-0.0728,no_mask
2190,73.0,False,,,,,,,,,,,0.0,0,,0.0,0.0,-0.1873,-0.0855,-0.0728,no_mask
2191,73.0333,False,,,,,,,,,,,0.0,0,,0.0,0.0,-0.1887,-0.0886,-0.0728,no_mask
2192,73.0666,False,,,,,,,,,,,0.0,0,,0.0,0.0,-0.1903,-0.0865,-0.0728,no_mask
2193,73.1,False,,,,,,,,,,,0.0,0,,0.0,0.0,-0.1928,-0.0867,-0.0728,no_mask
2194,73.1333,False,,,,,,,,,,,0.0,0,,0.0,0.0,-0.1926,-0.0843,-0.0728,no_mask
2195,73.1666,False,,,,,,,,,,,0.0,0,,0.0,0.0,-0.1929,-0.0847,-0.0728,no_mask
2196,73.2,False,,,,,,,,,,,0.0,0,,0.0,0.0,-0.1931,-0.0846,-0.0727,no_mask
2197,73.2333,False,,,,,,,,,,,0.0,0,,0.0,0.0,-0.1931,-0.0846,-0.0727,no_mask
2198,73.2666,False,,,,,,,,,,,0.0,0,,0.0,0.0,-0.1931,-0.0846,-0.0727,no_mask
2199,73.3,False,,,,,,,,,,,0.0,0,,0.0,0.0,-0.1931,-0.0846,-0.0727,no_mask
2200,73.3333,False,,,,,,,,,,,0.0,0,,0.0,0.0,-0.1931,-0.0846,-0.0727,no_mask
2201,73.3666,False,,,,,,,,,,,0.0,0,,0.0,0.0,-0.1931,-0.0846,-0.0727,no_mask
2202,73.4,False,,,,,,,,,,,0.0,0,,0.0,0.0,-0.1931,-0.0846,-0.0727,no_mask
