frame,t,ok,phi_deg,phi_vs_top,phi_vs_top_signed,phi_rel,beta_deg,tilt_total,aspect,axis_len_px,w_body_px,w_box_px,conf,n_bands,dphi_dt,cam_dtheta,cam_roll,cam_dx,cam_dy,cam_ncc,reason
0,0.0,False,,,,,,,,,,,0.0,0,,0.0,0.0,-0.0219,0.2211,0.1556,no_mask
1,0.0333,False,,,,,,,,,,,0.0,0,,0.0,0.0,-0.0174,0.2211,0.1556,no_mask
2,0.0667,False,,,,,,,,,,,0.0,0,,0.0,0.0,-0.018,0.2217,0.1556,no_mask
3,0.1,False,,,,,,,,,,,0.0,0,,0.0,0.0,-0.0198,0.2181,0.1556,no_mask
4,0.1333,False,,,,,,,,,,,0.0,0,,0.0,0.0,-0.0188,0.2228,0.1556,no_mask
5,0.1667,False,,,,,,,,,,,0.0,0,,0.0,0.0,-0.0157,0.2194,0.1556,no_mask
6,0.2,False,,,,,,,,,,,0.0,0,,0.0,0.0,-0.0068,0.2197,0.1556,no_mask
7,0.2333,False,,,,,,,,,,,0.0,0,,0.0,0.0,-0.0002,0.2205,0.1556,no_mask
8,0.2667,False,,,,,,,,,,,0.0,0,,0.0,0.0,0.0071,0.2268,0.1556,no_mask
9,0.3,False,,,,,,,,,,,0.0,0,,0.0,0.0,0.0121,0.2227,0.1556,no_mask
10,0.3333,False,,,,,,,,,,,0.0,0,,0.0,0.0,0.0195,0.217,0.1556,no_mask
11,0.3667,False,,,,,,,,,,,0.0,0,,0.0,0.0,0.0234,0.2154,0.1556,no_mask
12,0.4,False,,,,,,,,,,,0.0,0,,0.0,0.0,0.0267,0.2144,0.1556,no_mask
13,0.4333,False,,,,,,,,,,,0.0,0,,0.0,0.0,0.0355,0.2156,0.1556,no_mask
14,0.4667,False,,,,,,,,,,,0.0,0,,0.0,0.0,0.0448,0.2194,0.1556,no_mask
15,0.5,False,,,,,,,,,,,0.0,0,,0.0,0.0,0.0559,0.2247,0.1556,no_mask
16,0.5333,False,,,,,,,,,,,0.0,0,,0.0,0.0,0.0572,0.2222,0.1558,no_mask
17,0.5667,False,,,,,,,,,,,0.0,0,,0.0,0.0,0.0524,0.214,0.1559,no_mask
18,0.6,False,,,,,,,,,,,0.0,0,,0.0,0.0,0.0796,0.1935,0.1559,no_mask
19,0.6333,False,,,,,,,,,,,0.0,0,,0.0,0.0,0.0179,0.2018,0.156,no_mask
20,0.6667,False,,,,,,,,,,,0.0,0,,0.0,0.0,0.0118,0.1956,0.1567,no_mask
21,0.7,False,,,,,,,,,,,0.0,0,,0.0,0.0,-0.0573,0.1679,0.1566,no_mask
22,0.7333,False,,,,,,,,,,,0.0,0,,0.0,0.0,-0.053,0.1636,0.1567,no_mask
23,0.7667,False,,,,,,,,,,,0.0,0,,0.0,0.0,-0.0522,0.1643,0.1567,no_mask
24,0.8,False,,,,,,,,,,,0.0,0,,0.0,0.0,-0.0065,0.0874,0.1603,no_mask
25,0.8333,False,,,,,,,,,,,0.0,0,,0.0,0.0,-0.0312,0.2471,0.1602,no_mask
26,0.8667,False,,,,,,,,,,,0.0,0,,0.0,0.0,-0.0297,0.2489,0.1601,no_mask
27,0.9,False,,,,,,,,,,,0.0,0,,0.0,0.0,0.0548,0.1186,0.1602,no_mask
28,0.9333,False,,,,,,,,,,,0.0,0,,0.0,0.0,0.0717,0.0986,0.1607,no_mask
29,0.9667,False,,,,,,,,,,,0.0,0,,0.0,0.0,0.0672,0.0983,0.1606,no_mask
30,1.0,False,,,,,,,,,,,0.0,0,,0.0,0.0,0.0188,0.1139,0.1609,no_mask
31,1.0333,False,,,,,,,,,,,0.0,0,,0.0,0.0,0.0985,0.1966,0.1609,no_mask
32,1.0667,False,,,,,,,,,,,0.0,0,,0.0,0.0,0.0825,0.1797,0.163,no_mask
33,1.1,False,,,,,,,,,,,0.0,0,,0.0,0.0,0.0946,0.1451,0.1621,no_mask
34,1.1333,False,,,,,,,,,,,0.0,0,,0.0,0.0,0.0541,0.1396,0.1619,no_mask
35,1.1667,False,,,,,,,,,,,0.0,0,,0.0,0.0,0.0573,0.1436,0.1619,no_mask
36,1.2,False,,,,,,,,,,,0.0,0,,0.0,0.0,0.1655,0.1482,0.1639,no_mask
37,1.2333,False,,,,,,,,,,,0.0,0,,0.0,0.0,0.0941,0.1047,0.1639,no_mask
38,1.2667,False,,,,,,,,,,,0.0,0,,0.0,0.0,0.0876,0.0858,0.1647,no_mask
39,1.3,False,,,,,,,,,,,0.0,0,,0.0,0.0,0.0666,0.1621,0.1646,no_mask
40,1.3333,False,,,,,,,,,,,0.0,0,,0.0,0.0,0.1069,0.1717,0.1663,no_mask
41,1.3667,False,,,,,,,,,,,0.0,0,,0.0,0.0,0.1202,0.1868,0.1656,no_mask
42,1.4,False,,,,,,,,,,,0.0,0,,0.0,0.0,0.0644,0.1672,0.1655,no_mask
43,1.4333,False,,,,,,,,,,,0.0,0,,0.0,0.0,0.0916,0.1756,0.1655,no_mask
44,1.4667,False,,,,,,,,,,,0.0,0,,0.0,0.0,0.0825,0.1882,0.1664,no_mask
45,1.5,False,,,,,,,,,,,0.0,0,,0.0,0.0,0.062,0.0229,0.1663,no_mask
46,1.5333,False,,,,,,,,,,,0.0,0,,0.0,0.0,0.0703,0.0454,0.1665,no_mask
47,1.5667,False,,,,,,,,,,,0.0,0,,0.0,0.0,0.0618,0.0464,0.1665,no_mask
48,1.6,False,,,,,,,,,,,0.0,0,,0.0,0.0,0.0441,0.1914,0.1682,no_mask
49,1.6333,False,,,,,,,,,,,0.0,0,,0.0,0.0,-0.0063,0.0832,0.1682,no_mask
50,1.6667,False,,,,,,,,,,,0.0,0,,0.0,0.0,-0.0035,0.0842,0.1682,no_mask
51,1.7,False,,,,,,,,,,,0.0,0,,0.0,0.0,0.068,0.1901,0.1682,no_mask
52,1.7333,False,,,,,,,,,,,0.0,0,,0.0,0.0,0.0624,0.1839,0.1681,no_mask
53,1.7667,False,,,,,,,,,,,0.0,0,,0.0,0.0,0.0621,0.1814,0.1681,no_mask
54,1.8,False,,,,,,,,,,,0.0,0,,0.0,0.0,0.0498,0.1784,0.168,no_mask
55,1.8333,False,,,,,,,,,,,0.0,0,,0.0,0.0,0.0048,0.2274,0.1679,no_mask
56,1.8667,False,,,,,,,,,,,0.0,0,,0.0,0.0,0.0167,0.2009,0.1674,no_mask
57,1.9,False,,,,,,,,,,,0.0,0,,0.0,0.0,0.0261,0.1424,0.1668,no_mask
58,1.9333,False,,,,,,,,,,,0.0,0,,0.0,0.0,0.0296,0.1243,0.1668,no_mask
59,1.9667,False,,,,,,,,,,,0.0,0,,0.0,0.0,0.0217,0.1228,0.1668,no_mask
60,2.0,False,,,,,,,,,,,0.0,0,,0.0,0.0,-0.0288,0.0182,0.1683,no_mask
61,2.0333,False,,,,,,,,,,,0.0,0,,0.0,0.0,0.003,0.0339,0.1682,no_mask
62,2.0667,False,,,,,,,,,,,0.0,0,,0.0,0.0,-0.0053,0.0401,0.169,no_mask
63,2.1,False,,,,,,,,,,,0.0,0,,0.0,0.0,-0.0376,0.1918,0.169,no_mask
64,2.1333,False,,,,,,,,,,,0.0,0,,0.0,0.0,-0.0324,0.1819,0.1698,no_mask
65,2.1667,False,,,,,,,,,,,0.0,0,,0.0,0.0,-0.0539,0.1859,0.1698,no_mask
66,2.2,False,,,,,,,,,,,0.0,0,,0.0,0.0,0.0216,0.0596,0.1698,no_mask
67,2.2333,False,,,,,,,,,,,0.0,0,,0.0,0.0,0.0431,-0.0628,0.1698,no_mask
68,2.2667,False,,,,,,,,,,,0.0,0,,0.0,0.0,0.0647,-0.0508,0.1701,no_mask
69,2.3,False,,,,,,,,,,,0.0,0,,0.0,0.0,0.0773,0.105,0.1701,no_mask
70,2.3333,False,,,,,,,,,,,0.0,0,,0.0,0.0,0.0832,0.1246,0.1701,no_mask
71,2.3667,False,,,,,,,,,,,0.0,0,,0.0,0.0,0.0838,0.1254,0.1701,no_mask
72,2.4,False,,,,,,,,,,,0.0,0,,0.0,0.0,0.0234,0.1912,0.171,no_mask
73,2.4333,False,,,,,,,,,,,0.0,0,,0.0,0.0,0.0393,0.1821,0.171,no_mask
74,2.4667,False,,,,,,,,,,,0.0,0,,0.0,0.0,0.051,0.1807,0.1711,no_mask
75,2.5,False,,,,,,,,,,,0.0,0,,0.0,0.0,0.0536,0.175,0.1711,no_mask
76,2.5333,False,,,,,,,,,,,0.0,0,,0.0,0.0,0.062,0.1718,0.1711,no_mask
77,2.5667,False,,,,,,,,,,,0.0,0,,0.0,0.0,0.0729,0.1769,0.1711,no_mask
78,2.6,False,,,,,,,,,,,0.0,0,,0.0,0.0,0.0777,0.1813,0.1711,no_mask
79,2.6333,False,,,,,,,,,,,0.0,0,,0.0,0.0,0.0816,0.1916,0.1711,no_mask
80,2.6667,False,,,,,,,,,,,0.0,0,,0.0,0.0,0.0819,0.1987,0.1711,no_mask
81,2.7,False,,,,,,,,,,,0.0,0,,0.0,0.0,0.0855,0.1928,0.1711,no_mask
82,2.7333,False,,,,,,,,,,,0.0,0,,0.0,0.0,0.0774,0.1902,0.1711,no_mask
83,2.7667,False,,,,,,,,,,,0.0,0,,0.0,0.0,0.0776,0.1858,0.1711,no_mask
84,2.8,False,,,,,,,,,,,0.0,0,,0.0,0.0,0.0814,0.203,0.171,no_mask
85,2.8333,False,,,,,,,,,,,0.0,0,,0.0,0.0,0.0826,0.2131,0.171,no_mask
86,2.8667,False,,,,,,,,,,,0.0,0,,0.0,0.0,0.0774,0.2148,0.171,no_mask
87,2.9,False,,,,,,,,,,,0.0,0,,0.0,0.0,0.0784,0.2155,0.171,no_mask
88,2.9333,False,,,,,,,,,,,0.0,0,,0.0,0.0,0.093,0.2383,0.1705,no_mask
89,2.9667,False,,,,,,,,,,,0.0,0,,0.0,0.0,0.0951,0.2355,0.1705,no_mask
90,3.0,False,,,,,,,,,,,0.0,0,,0.0,0.0,0.1031,0.2304,0.1705,no_mask
91,3.0333,False,,,,,,,,,,,0.0,0,,0.0,0.0,0.0876,0.2301,0.1705,no_mask
92,3.0667,False,,,,,,,,,,,0.0,0,,0.0,0.0,0.085,0.2139,0.1705,no_mask
93,3.1,False,,,,,,,,,,,0.0,0,,0.0,0.0,0.0848,0.2104,0.1705,no_mask
94,3.1333,False,,,,,,,,,,,0.0,0,,0.0,0.0,0.0831,0.206,0.1705,no_mask
95,3.1667,False,,,,,,,,,,,0.0,0,,0.0,0.0,0.0861,0.2045,0.1705,no_mask
96,3.2,False,,,,,,,,,,,0.0,0,,0.0,0.0,0.0695,0.2109,0.1699,no_mask
97,3.2333,False,,,,,,,,,,,0.0,0,,0.0,0.0,0.0701,0.2145,0.1699,no_mask
98,3.2667,False,,,,,,,,,,,0.0,0,,0.0,0.0,0.0791,0.2184,0.1699,no_mask
99,3.3,False,,,,,,,,,,,0.0,0,,0.0,0.0,0.0936,0.2174,0.1699,no_mask
100,3.3333,False,,,,,,,,,,,0.0,0,,0.0,0.0,0.1031,0.2176,0.1699,no_mask
101,3.3667,False,,,,,,,,,,,0.0,0,,0.0,0.0,0.1047,0.2201,0.1699,no_mask
102,3.4,False,,,,,,,,,,,0.0,0,,0.0,0.0,0.12,0.2195,0.1699,no_mask
103,3.4333,False,,,,,,,,,,,0.0,0,,0.0,0.0,0.1231,0.2231,0.1699,no_mask
104,3.4667,False,,,,,,,,,,,0.0,0,,0.0,0.0,0.1203,0.2094,0.1702,no_mask
105,3.5,False,,,,,,,,,,,0.0,0,,0.0,0.0,0.1039,0.2038,0.1703,no_mask
106,3.5333,False,,,,,,,,,,,0.0,0,,0.0,0.0,0.1018,0.2032,0.1703,no_mask
107,3.5667,False,,,,,,,,,,,0.0,0,,0.0,0.0,0.1041,0.1988,0.1703,no_mask
108,3.6,False,,,,,,,,,,,0.0,0,,0.0,0.0,0.1102,0.1903,0.1703,no_mask
109,3.6333,False,,,,,,,,,,,0.0,0,,0.0,0.0,0.1044,0.1945,0.1703,no_mask
110,3.6667,False,,,,,,,,,,,0.0,0,,0.0,0.0,0.0994,0.1829,0.1703,no_mask
111,3.7,False,,,,,,,,,,,0.0,0,,0.0,0.0,0.0934,0.1849,0.1703,no_mask
112,3.7333,False,,,,,,,,,,,0.0,0,,0.0,0.0,0.1075,0.1917,0.1704,no_mask
113,3.7667,False,,,,,,,,,,,0.0,0,,0.0,0.0,0.1092,0.1921,0.1704,no_mask
114,3.8,False,,,,,,,,,,,0.0,0,,0.0,0.0,0.0529,0.2295,0.1704,no_mask
115,3.8333,False,,,,,,,,,,,0.0,0,,0.0,0.0,0.0386,0.23,0.1705,no_mask
116,3.8667,False,,,,,,,,,,,0.0,0,,0.0,0.0,0.0329,0.227,0.1704,no_mask
117,3.9,False,,,,,,,,,,,0.0,0,,0.0,0.0,0.0378,0.2175,0.1704,no_mask
118,3.9333,False,,,,,,,,,,,0.0,0,,0.0,0.0,0.0412,0.2185,0.1704,no_mask
119,3.9667,False,,,,,,,,,,,0.0,0,,0.0,0.0,0.0482,0.2284,0.1704,no_mask
120,4.0,False,,,,,,,,,,,0.0,0,,0.0,0.0,0.0548,0.2339,0.1703,no_mask
121,4.0333,False,,,,,,,,,,,0.0,0,,0.0,0.0,0.0637,0.2207,0.1704,no_mask
122,4.0667,False,,,,,,,,,,,0.0,0,,0.0,0.0,0.0786,0.2126,0.1704,no_mask
123,4.1,False,,,,,,,,,,,0.0,0,,0.0,0.0,0.062,0.2023,0.1704,no_mask
124,4.1333,False,,,,,,,,,,,0.0,0,,0.0,0.0,0.0362,0.1955,0.1704,no_mask
125,4.1667,False,,,,,,,,,,,0.0,0,,0.0,0.0,0.0344,0.1913,0.1704,no_mask
126,4.2,False,,,,,,,,,,,0.0,0,,0.0,0.0,0.0046,0.1936,0.1704,no_mask
127,4.2333,False,,,,,,,,,,,0.0,0,,0.0,0.0,-0.0105,0.1858,0.1704,no_mask
128,4.2667,False,,,,,,,,,,,0.0,0,,0.0,0.0,-0.0187,0.1789,0.1704,no_mask
129,4.3,False,,,,,,,,,,,0.0,0,,0.0,0.0,-0.0267,0.1821,0.1705,no_mask
130,4.3333,False,,,,,,,,,,,0.0,0,,0.0,0.0,-0.0351,0.1827,0.1705,no_mask
131,4.3667,False,,,,,,,,,,,0.0,0,,0.0,0.0,-0.0344,0.1781,0.1705,no_mask
132,4.4,False,,,,,,,,,,,0.0,0,,0.0,0.0,-0.0251,0.1217,0.1705,no_mask
133,4.4333,False,,,,,,,,,,,0.0,0,,0.0,0.0,-0.0227,0.1189,0.1705,no_mask
134,4.4667,False,,,,,,,,,,,0.0,0,,0.0,0.0,-0.0265,0.119,0.1705,no_mask
135,4.5,False,,,,,,,,,,,0.0,0,,0.0,0.0,-0.0274,0.1179,0.1705,no_mask
136,4.5333,False,,,,,,,,,,,0.0,0,,0.0,0.0,-0.0273,0.1152,0.1705,no_mask
137,4.5667,False,,,,,,,,,,,0.0,0,,0.0,0.0,-0.0234,0.1078,0.1705,no_mask
138,4.6,False,,,,,,,,,,,0.0,0,,0.0,0.0,-0.0272,0.1118,0.1705,no_mask
139,4.6333,False,,,,,,,,,,,0.0,0,,0.0,0.0,-0.0264,0.1075,0.1705,no_mask
140,4.6667,False,,,,,,,,,,,0.0,0,,0.0,0.0,-0.0285,0.1044,0.1705,no_mask
141,4.7,False,,,,,,,,,,,0.0,0,,0.0,0.0,-0.0325,0.1019,0.1705,no_mask
142,4.7333,False,,,,,,,,,,,0.0,0,,0.0,0.0,-0.0353,0.1092,0.1705,no_mask
143,4.7667,False,,,,,,,,,,,0.0,0,,0.0,0.0,-0.038,0.1153,0.1705,no_mask
144,4.8,False,,,,,,,,,,,0.0,0,,0.0,0.0,-0.044,0.1184,0.1702,no_mask
145,4.8333,False,,,,,,,,,,,0.0,0,,0.0,0.0,-0.0255,0.087,0.1703,no_mask
146,4.8667,False,,,,,,,,,,,0.0,0,,0.0,0.0,-0.0227,0.094,0.1703,no_mask
147,4.9,False,,,,,,,,,,,0.0,0,,0.0,0.0,-0.0177,0.0985,0.1703,no_mask
148,4.9333,False,,,,,,,,,,,0.0,0,,0.0,0.0,-0.0052,0.099,0.1703,no_mask
149,4.9667,False,,,,,,,,,,,0.0,0,,0.0,0.0,-0.0052,0.099,0.1703,no_mask
150,5.0,False,,,,,,,,,,,0.0,0,,0.0,0.0,-0.0221,0.1315,0.1715,no_mask
151,5.0333,False,,,,,,,,,,,0.0,0,,0.0,0.0,-0.0122,0.1406,0.1715,no_mask
152,5.0667,False,,,,,,,,,,,0.0,0,,0.0,0.0,-0.0063,0.1401,0.1715,no_mask
153,5.1,False,,,,,,,,,,,0.0,0,,0.0,0.0,0.0045,0.1383,0.1715,no_mask
154,5.1333,False,,,,,,,,,,,0.0,0,,0.0,0.0,0.004,0.1187,0.1715,no_mask
155,5.1667,False,,,,,,,,,,,0.0,0,,0.0,0.0,0.0061,0.1161,0.1715,no_mask
156,5.2,False,,,,,,,,,,,0.0,0,,0.0,0.0,-0.0023,0.0971,0.1716,no_mask
157,5.2333,False,,,,,,,,,,,0.0,0,,0.0,0.0,0.0028,0.1058,0.1716,no_mask
158,5.2667,False,,,,,,,,,,,0.0,0,,0.0,0.0,0.0057,0.1146,0.1715,no_mask
159,5.3,False,,,,,,,,,,,0.0,0,,0.0,0.0,0.0128,0.158,0.1716,no_mask
160,5.3333,False,,,,,,,,,,,0.0,0,,0.0,0.0,0.0182,0.1837,0.1716,no_mask
161,5.3667,False,,,,,,,,,,,0.0,0,,0.0,0.0,0.0183,0.1802,0.1717,no_mask
162,5.4,False,,,,,,,,,,,0.0,0,,0.0,0.0,0.0287,0.2095,0.1716,no_mask
163,5.4333,False,,,,,,,,,,,0.0,0,,0.0,0.0,0.0211,0.2128,0.1716,no_mask
164,5.4667,False,,,,,,,,,,,0.0,0,,0.0,0.0,0.0122,0.2178,0.1716,no_mask
165,5.5,False,,,,,,,,,,,0.0,0,,0.0,0.0,0.0131,0.2218,0.1716,no_mask
166,5.5333,False,,,,,,,,,,,0.0,0,,0.0,0.0,0.019,0.2227,0.1716,no_mask
167,5.5667,False,,,,,,,,,,,0.0,0,,0.0,0.0,0.0168,0.2225,0.1716,no_mask
168,5.6,False,,,,,,,,,,,0.0,0,,0.0,0.0,0.0174,0.1665,0.1716,no_mask
169,5.6333,False,,,,,,,,,,,0.0,0,,0.0,0.0,0.0178,0.1727,0.1716,no_mask
170,5.6667,False,,,,,,,,,,,0.0,0,,0.0,0.0,0.016,0.172,0.1716,no_mask
171,5.7,False,,,,,,,,,,,0.0,0,,0.0,0.0,0.0305,0.1588,0.1716,no_mask
172,5.7333,False,,,,,,,,,,,0.0,0,,0.0,0.0,0.0645,0.14,0.1716,no_mask
173,5.7667,False,,,,,,,,,,,0.0,0,,0.0,0.0,0.05,0.149,0.1716,no_mask
174,5.8,False,,,,,,,,,,,0.0,0,,0.0,0.0,0.0628,0.1439,0.1715,no_mask
175,5.8333,False,,,,,,,,,,,0.0,0,,0.0,0.0,0.0686,0.1398,0.1716,no_mask
176,5.8667,False,,,,,,,,,,,0.0,0,,0.0,0.0,0.0769,0.1519,0.1716,no_mask
177,5.9,False,,,,,,,,,,,0.0,0,,0.0,0.0,0.104,0.1526,0.1717,no_mask
178,5.9333,False,,,,,,,,,,,0.0,0,,0.0,0.0,0.1243,0.146,0.1717,no_mask
179,5.9667,False,,,,,,,,,,,0.0,0,,0.0,0.0,0.1114,0.1436,0.1717,no_mask
180,6.0,False,,,,,,,,,,,0.0,0,,0.0,0.0,0.088,0.1445,0.1716,no_mask
181,6.0333,False,,,,,,,,,,,0.0,0,,0.0,0.0,0.0976,0.1481,0.1717,no_mask
182,6.0667,False,,,,,,,,,,,0.0,0,,0.0,0.0,0.1095,0.1578,0.1717,no_mask
183,6.1,False,,,,,,,,,,,0.0,0,,0.0,0.0,0.1052,0.1519,0.1717,no_mask
184,6.1333,False,,,,,,,,,,,0.0,0,,0.0,0.0,0.1,0.144,0.1717,no_mask
185,6.1667,False,,,,,,,,,,,0.0,0,,0.0,0.0,0.099,0.1355,0.1717,no_mask
186,6.2,False,,,,,,,,,,,0.0,0,,0.0,0.0,0.1038,0.1286,0.1717,no_mask
187,6.2333,False,,,,,,,,,,,0.0,0,,0.0,0.0,0.1085,0.1302,0.1717,no_mask
188,6.2667,False,,,,,,,,,,,0.0,0,,0.0,0.0,0.1199,0.1309,0.1717,no_mask
189,6.3,False,,,,,,,,,,,0.0,0,,0.0,0.0,0.122,0.1031,0.1717,no_mask
190,6.3333,False,,,,,,,,,,,0.0,0,,0.0,0.0,0.1443,0.1051,0.1717,no_mask
191,6.3667,False,,,,,,,,,,,0.0,0,,0.0,0.0,0.1247,0.1171,0.1717,no_mask
192,6.4,False,,,,,,,,,,,0.0,0,,0.0,0.0,0.092,0.1692,0.1718,no_mask
193,6.4333,False,,,,,,,,,,,0.0,0,,0.0,0.0,0.0841,0.1653,0.1719,no_mask
194,6.4667,False,,,,,,,,,,,0.0,0,,0.0,0.0,0.0584,0.1628,0.1719,no_mask
195,6.5,False,,,,,,,,,,,0.0,0,,0.0,0.0,0.0526,0.1696,0.1719,no_mask
196,6.5333,False,,,,,,,,,,,0.0,0,,0.0,0.0,0.0484,0.1678,0.1719,no_mask
197,6.5667,False,,,,,,,,,,,0.0,0,,0.0,0.0,0.0498,0.1675,0.1719,no_mask
198,6.6,False,,,,,,,,,,,0.0,0,,0.0,0.0,0.0425,0.1499,0.1716,no_mask
199,6.6333,False,,,,,,,,,,,0.0,0,,0.0,0.0,0.0261,0.1682,0.1717,no_mask
200,6.6667,False,,,,,,,,,,,0.0,0,,0.0,0.0,0.0217,0.1603,0.1716,no_mask
201,6.7,False,,,,,,,,,,,0.0,0,,0.0,0.0,-0.0261,0.2023,0.1716,no_mask
202,6.7333,False,,,,,,,,,,,0.0,0,,0.0,0.0,-0.0184,0.1947,0.1716,no_mask
203,6.7667,False,,,,,,,,,,,0.0,0,,0.0,0.0,-0.0261,0.2054,0.1716,no_mask
204,6.8,False,,,,,,,,,,,0.0,0,,0.0,0.0,-0.0014,0.2272,0.1716,no_mask
205,6.8333,False,,,,,,,,,,,0.0,0,,0.0,0.0,0.0042,0.1755,0.1716,no_mask
206,6.8667,False,,,,,,,,,,,0.0,0,,0.0,0.0,0.0026,0.1804,0.1715,no_mask
207,6.9,False,,,,,,,,,,,0.0,0,,0.0,0.0,-0.0028,0.157,0.1716,no_mask
208,6.9333,False,,,,,,,,,,,0.0,0,,0.0,0.0,0.0003,0.1574,0.1716,no_mask
209,6.9667,False,,,,,,,,,,,0.0,0,,0.0,0.0,-0.0059,0.1423,0.1716,no_mask
210,7.0,False,,,,,,,,,,,0.0,0,,0.0,0.0,-0.0211,0.1187,0.1715,no_mask
211,7.0333,False,,,,,,,,,,,0.0,0,,0.0,0.0,-0.0004,0.146,0.1715,no_mask
212,7.0667,False,,,,,,,,,,,0.0,0,,0.0,0.0,0.0066,0.1427,0.1715,no_mask
213,7.1,False,,,,,,,,,,,0.0,0,,0.0,0.0,0.0417,0.1538,0.1716,no_mask
214,7.1333,False,,,,,,,,,,,0.0,0,,0.0,0.0,0.0351,0.1501,0.1715,no_mask
215,7.1667,False,,,,,,,,,,,0.0,0,,0.0,0.0,0.0537,0.1526,0.1716,no_mask
216,7.2,False,,,,,,,,,,,0.0,0,,0.0,0.0,0.058,0.1788,0.1718,no_mask
217,7.2333,False,,,,,,,,,,,0.0,0,,0.0,0.0,0.0872,0.1627,0.1718,no_mask
218,7.2667,False,,,,,,,,,,,0.0,0,,0.0,0.0,0.0793,0.172,0.1722,no_mask
219,7.3,False,,,,,,,,,,,0.0,0,,0.0,0.0,0.1396,0.1653,0.1722,no_mask
220,7.3333,False,,,,,,,,,,,0.0,0,,0.0,0.0,0.1459,0.1658,0.1722,no_mask
221,7.3667,False,,,,,,,,,,,0.0,0,,0.0,0.0,0.1466,0.1591,0.1721,no_mask
222,7.4,False,,,,,,,,,,,0.0,0,,0.0,0.0,0.1351,0.0954,0.173,no_mask
223,7.4333,False,,,,,,,,,,,0.0,0,,0.0,0.0,0.1445,0.099,0.173,no_mask
224,7.4667,False,,,,,,,,,,,0.0,0,,0.0,0.0,0.14,0.0972,0.173,no_mask
225,7.5,False,,,,,,,,,,,0.0,0,,0.0,0.0,0.1659,0.0909,0.1731,no_mask
226,7.5333,False,,,,,,,,,,,0.0,0,,0.0,0.0,0.1671,0.0897,0.173,no_mask
227,7.5667,False,,,,,,,,,,,0.0,0,,0.0,0.0,0.1566,0.0778,0.173,no_mask
228,7.6,False,,,,,,,,,,,0.0,0,,0.0,0.0,0.0511,0.0687,0.169,fit_failed
229,7.6333,False,,,,,,,,,,,0.0,0,,0.0,0.0,0.0731,0.0853,0.169,fit_failed
230,7.6667,False,,,,,,,,,,,0.0,0,,0.0,0.0,0.068,0.0926,0.1689,fit_failed
231,7.7,False,,,,,,,,,,,0.0,0,,0.0,0.0,0.1159,0.0739,0.169,fit_failed
232,7.7333,False,,,,,,,,,,,0.0,0,,0.0,0.0,0.1079,0.0759,0.169,fit_failed
233,7.7667,False,,,,,,,,,,,0.0,0,,0.0,0.0,0.128,0.0921,0.1692,fit_failed
234,7.8,False,,,,,,,,,,,0.0,0,,0.0,0.0,0.0986,0.0893,0.1691,fit_failed
235,7.8333,False,,,,,,,,,,,0.0,0,,0.0,0.0,0.134,0.0992,0.1689,fit_failed
236,7.8667,False,,,,,,,,,,,0.0,0,,0.0,0.0,0.0916,0.0878,0.169,fit_failed
237,7.9,False,,,,,,,,,,,0.0,0,,0.0,0.0,0.0319,0.0728,0.169,fit_failed
238,7.9333,False,,,,,,,,,,,0.0,0,,0.0,0.0,0.0236,0.049,0.168,fit_failed
239,7.9667,False,,,,,,,,,,,0.0,0,,0.0,0.0,0.0214,0.0527,0.1677,fit_failed
240,8.0,False,,,,,,,,,,,0.0,0,,0.0,0.0,0.06,0.0525,0.1677,fit_failed
241,8.0333,False,,,,,,,,,,,0.0,0,,0.0,0.0,0.1286,0.0754,0.1683,fit_failed
242,8.0667,False,,,,,,,,,,,0.0,0,,0.0,0.0,0.1081,0.0987,0.1682,fit_failed
243,8.1,False,,,,,,,,,,,0.0,0,,0.0,0.0,0.0562,0.2311,0.1676,fit_failed
244,8.1333,False,,,,,,,,,,,0.0,0,,0.0,0.0,0.0554,0.2368,0.168,fit_failed
245,8.1667,False,,,,,,,,,,,0.0,0,,0.0,0.0,0.0371,0.2251,0.1679,fit_failed
246,8.2,False,,,,,,,,,,,0.0,0,,0.0,0.0,0.1371,0.1891,0.1676,fit_failed
247,8.2333,False,,,,,,,,,,,0.0,0,,0.0,0.0,0.0752,0.1788,0.1677,fit_failed
248,8.2667,False,,,,,,,,,,,0.0,0,,0.0,0.0,0.0442,0.1936,0.1678,fit_failed
249,8.3,False,,,,,,,,,,,0.0,0,,0.0,0.0,0.1209,0.2058,0.1675,fit_failed
250,8.3333,False,,,,,,,,,,,0.0,0,,0.0,0.0,0.0827,0.2211,0.1679,fit_failed
251,8.3667,False,,,,,,,,,,,0.0,0,,0.0,0.0,0.0486,0.0525,0.1678,fit_failed
252,8.4,False,,,,,,,,,,,0.0,0,,0.0,0.0,-0.0302,0.0166,0.1677,fit_failed
253,8.4333,False,,,,,,,,,,,0.0,0,,0.0,0.0,-0.0026,0.1545,0.1679,fit_failed
254,8.4667,False,,,,,,,,,,,0.0,0,,0.0,0.0,0.0246,0.1566,0.1669,fit_failed
255,8.5,False,,,,,,,,,,,0.0,0,,0.0,0.0,-0.0543,0.0809,0.1674,fit_failed
256,8.5333,False,,,,,,,,,,,0.0,0,,0.0,0.0,-0.0505,0.1357,0.1668,fit_failed
257,8.5667,False,,,,,,,,,,,0.0,0,,0.0,0.0,-0.0494,0.1376,0.1668,fit_failed
258,8.6,False,,,,,,,,,,,0.0,0,,0.0,0.0,0.0139,0.1501,0.1665,fit_failed
259,8.6333,False,,,,,,,,,,,0.0,0,,0.0,0.0,-0.0113,0.142,0.1668,fit_failed
260,8.6667,False,,,,,,,,,,,0.0,0,,0.0,0.0,0.0087,0.1009,0.1668,fit_failed
261,8.7,False,,,,,,,,,,,0.0,0,,0.0,0.0,0.0174,0.051,0.1665,fit_failed
262,8.7333,False,,,,,,,,,,,0.0,0,,0.0,0.0,0.0298,0.1222,0.1664,fit_failed
263,8.7667,False,,,,,,,,,,,0.0,0,,0.0,0.0,0.0225,0.0892,0.1667,fit_failed
264,8.8,False,,,,,,,,,,,0.0,0,,0.0,0.0,0.0584,0.1066,0.1667,fit_failed
265,8.8333,False,,,,,,,,,,,0.0,0,,0.0,0.0,0.0798,0.21,0.1665,fit_failed
266,8.8667,False,,,,,,,,,,,0.0,0,,0.0,0.0,0.0471,0.2277,0.1659,fit_failed
267,8.9,False,,,,,,,,,,,0.0,0,,0.0,0.0,0.0576,0.2196,0.166,fit_failed
268,8.9333,False,,,,,,,,,,,0.0,0,,0.0,0.0,0.0089,0.1212,0.1652,fit_failed
269,8.9667,False,,,,,,,,,,,0.0,0,,0.0,0.0,0.0329,0.1278,0.165,fit_failed
270,9.0,False,,,,,,,,,,,0.0,0,,0.0,0.0,0.0854,0.053,0.1643,fit_failed
271,9.0333,False,,,,,,,,,,,0.0,0,,0.0,0.0,0.0694,0.1528,0.1631,fit_failed
272,9.0667,False,,,,,,,,,,,0.0,0,,0.0,0.0,0.1066,0.0788,0.1627,fit_failed
273,9.1,False,,,,,,,,,,,0.0,0,,0.0,0.0,0.1502,0.2261,0.1627,fit_failed
274,9.1333,False,,,,,,,,,,,0.0,0,,0.0,0.0,0.165,0.2759,0.1625,fit_failed
275,9.1667,False,,,,,,,,,,,0.0,0,,0.0,0.0,0.1503,0.3228,0.1615,fit_failed
276,9.2,False,,,,,,,,,,,0.0,0,,0.0,0.0,0.1268,0.2798,0.1618,fit_failed
277,9.2333,False,,,,,,,,,,,0.0,0,,0.0,0.0,0.1988,0.0796,0.1618,fit_failed
278,9.2667,False,,,,,,,,,,,0.0,0,,0.0,0.0,0.1867,0.1429,0.1623,fit_failed
279,9.3,False,,,,,,,,,,,0.0,0,,0.0,0.0,0.0591,0.0906,0.1613,fit_failed
280,9.3333,False,,,,,,,,,,,0.0,0,,0.0,0.0,0.0268,-0.0243,0.1616,fit_failed
281,9.3667,False,,,,,,,,,,,0.0,0,,0.0,0.0,0.0449,-0.1096,0.1617,fit_failed
282,9.4,False,,,,,,,,,,,0.0,0,,0.0,0.0,0.067,-0.0083,0.1618,fit_failed
283,9.4333,False,,,,,,,,,,,0.0,0,,0.0,0.0,0.131,0.0942,0.1616,fit_failed
284,9.4667,False,,,,,,,,,,,0.0,0,,0.0,0.0,0.1053,0.219,0.1616,fit_failed
285,9.5,False,,,,,,,,,,,0.0,0,,0.0,0.0,0.1586,0.311,0.1615,fit_failed
286,9.5333,False,,,,,,,,,,,0.0,0,,0.0,0.0,0.0636,0.3672,0.1608,fit_failed
287,9.5667,False,,,,,,,,,,,0.0,0,,0.0,0.0,0.0947,0.353,0.1584,fit_failed
288,9.6,False,,,,,,,,,,,0.0,0,,0.0,0.0,0.0552,0.2176,0.1578,fit_failed
289,9.6333,False,,,,,,,,,,,0.0,0,,0.0,0.0,0.0829,-0.0065,0.1581,fit_failed
290,9.6667,False,,,,,,,,,,,0.0,0,,0.0,0.0,0.0827,-0.1082,0.1583,fit_failed
291,9.7,False,,,,,,,,,,,0.0,0,,0.0,0.0,0.1502,-0.0451,0.1568,fit_failed
292,9.7333,False,,,,,,,,,,,0.0,0,,0.0,0.0,0.1558,0.1036,0.156,fit_failed
293,9.7667,False,,,,,,,,,,,0.0,0,,0.0,0.0,0.1723,0.1248,0.1564,fit_failed
294,9.8,False,,,,,,,,,,,0.0,0,,0.0,0.0,0.0151,0.0128,0.1559,fit_failed
295,9.8333,False,,,,,,,,,,,0.0,0,,0.0,0.0,-0.028,-0.0027,0.154,fit_failed
296,9.8667,False,,,,,,,,,,,0.0,0,,0.0,0.0,0.072,0.1256,0.1528,fit_failed
297,9.9,False,,,,,,,,,,,0.0,0,,0.0,0.0,-0.0219,0.1125,0.1512,fit_failed
298,9.9333,False,,,,,,,,,,,0.0,0,,0.0,0.0,0.0087,-0.0196,0.1505,fit_failed
299,9.9667,False,,,,,,,,,,,0.0,0,,0.0,0.0,0.0418,-0.0468,0.1494,fit_failed
300,10.0,False,,,,,,,,,,,0.0,0,,0.0,0.0,-0.075,-0.0043,0.1434,fit_failed
301,10.0333,False,,,,,,,,,,,0.0,0,,0.0,0.0,0.0219,0.1052,0.1405,fit_failed
302,10.0667,False,,,,,,,,,,,0.0,0,,0.0,0.0,-0.0242,-0.0417,0.1393,fit_failed
303,10.1,False,,,,,,,,,,,0.0,0,,0.0,0.0,-0.0207,0.1953,0.1379,fit_failed
304,10.1333,False,,,,,,,,,,,0.0,0,,0.0,0.0,-0.0148,0.0509,0.1374,fit_failed
305,10.1667,False,,,,,,,,,,,0.0,0,,0.0,0.0,0.0434,0.0792,0.1358,fit_failed
306,10.2,True,12.3794,77.6206,77.6206,11.955,,,2.5,25.0,10.0,14.34,0.7189,26,,0.0,0.0,0.0137,0.1338,0.1355,
307,10.2333,True,12.8699,77.1301,77.1301,12.0408,,,2.0909,23.0,11.0,14.24,0.7029,24,2.5753,0.0,0.0,0.0338,0.0894,0.1354,
308,10.2667,True,12.6922,77.3078,77.3078,12.1203,,,2.0909,23.0,11.0,14.25,0.7005,24,2.3835,0.0,0.0,0.0084,0.0686,0.1344,
309,10.3,True,11.9019,78.0981,78.0981,12.1172,,,2.5,25.0,10.0,15.81,0.7048,25,-0.0932,0.0,0.0,0.0268,0.0841,0.1314,
310,10.3333,True,13.7396,76.2604,76.2604,12.1699,,,2.6,26.0,10.0,15.98,0.7135,27,1.5819,0.0,0.0,0.0358,0.1355,0.1316,
311,10.3667,True,13.7396,76.2604,76.2604,12.2664,,,2.6,26.0,10.0,16.04,0.7117,27,2.894,0.0,0.0,0.0032,0.1116,0.1296,
312,10.4,True,14.7301,75.2699,75.2699,12.6334,,,2.2727,25.0,11.0,16.22,0.6957,26,11.0123,0.0,0.0,0.0441,0.0701,0.1282,
313,10.4333,True,14.1843,75.8157,75.8157,12.872,,,2.3636,26.0,11.0,15.89,0.7188,27,7.158,0.0,0.0,0.143,0.1001,0.127,
314,10.4667,True,13.859,76.141,76.141,13.0689,,,2.4545,27.0,11.0,15.75,0.7178,28,5.9069,0.0,0.0,0.068,0.0523,0.1252,
315,10.5,True,14.8597,75.1403,75.1403,13.3108,,,2.4545,27.0,11.0,16.0,0.7128,28,7.2549,0.0,0.0,0.0806,0.104,0.1255,
316,10.5333,True,14.738,75.262,75.262,13.659,,,2.5455,28.0,11.0,15.98,0.7282,29,10.4463,0.0,0.0,0.0999,0.1313,0.1253,
317,10.5667,True,14.3746,75.6254,75.6254,13.7609,,,2.6364,29.0,11.0,16.03,0.7284,30,3.0582,0.0,0.0,0.0064,0.1484,0.1231,
318,10.6,True,14.135,75.865,75.865,13.8272,,,2.5833,31.0,12.0,17.06,0.7476,32,1.9878,0.0,0.0,-0.0053,0.0529,0.1227,
319,10.6333,True,13.4726,76.5274,76.5274,13.8702,,,3.0,33.0,11.0,17.34,0.7614,34,1.2921,0.0,0.0,0.086,0.2356,0.1224,
320,10.6667,True,13.4767,76.5233,76.5233,13.8144,,,2.75,33.0,12.0,17.34,0.757,34,-1.676,0.0,0.0,0.0792,0.2497,0.122,
321,10.7,True,13.1326,76.8674,76.8674,13.5476,,,3.0,33.0,11.0,17.85,0.7709,33,-8.002,0.0,0.0,0.1202,0.229,0.1213,
322,10.7333,True,13.1685,76.8315,76.8315,13.3728,,,2.9091,32.0,11.0,17.85,0.7636,32,-5.2448,0.0,0.0,0.1997,0.15,0.1208,
323,10.7667,True,13.0868,76.9132,76.9132,13.1528,,,2.7826,32.0,11.5,17.93,0.7595,32,-6.6013,0.0,0.0,0.1525,0.3059,0.1198,
324,10.8,True,13.5974,76.4026,76.4026,13.0097,,,3.0,33.0,11.0,17.35,0.7608,33,-4.2908,0.0,0.0,0.0812,0.2341,0.1195,
325,10.8333,True,14.2849,75.7151,75.7151,12.9168,,,3.0909,34.0,11.0,17.89,0.7704,34,-2.789,0.0,0.0,0.1354,0.037,0.1154,
326,10.8667,True,13.9532,76.0468,76.0468,13.0065,,,3.0909,34.0,11.0,17.87,0.758,34,2.6906,0.0,0.0,0.0883,0.1213,0.1156,
327,10.9,True,12.882,77.118,77.118,13.0648,,,2.9167,35.0,12.0,17.92,0.7813,36,1.7489,0.0,0.0,0.0567,0.2011,0.1159,
328,10.9333,True,12.882,77.118,77.118,13.1027,,,2.9167,35.0,12.0,17.91,0.7683,35,1.1368,0.0,0.0,0.0267,0.1248,0.1154,
329,10.9667,True,12.9817,77.0183,77.0183,12.9118,,,2.8333,34.0,12.0,17.93,0.7709,35,-5.7262,0.0,0.0,0.0569,0.0648,0.1144,
330,11.0,True,13.1879,76.8121,76.8121,12.7877,,,3.0833,37.0,12.0,18.91,0.7524,38,-3.722,0.0,0.0,0.0685,0.0069,0.1146,
331,11.0333,True,13.2794,76.7206,76.7206,12.7071,,,3.0833,37.0,12.0,19.24,0.7457,36,-2.4193,0.0,0.0,0.1052,-0.0123,0.1134,
332,11.0667,True,13.3245,76.6755,76.6755,12.7268,,,3.0,36.0,12.0,19.24,0.7587,37,0.5925,0.0,0.0,0.1053,0.014,0.1133,
333,11.1,True,13.4015,76.5985,76.5985,12.7717,,,3.3636,37.0,11.0,19.55,0.725,31,1.3461,0.0,0.0,-0.0859,0.0497,0.11,
334,11.1333,True,13.4017,76.5983,76.5983,12.8166,,,3.0833,37.0,12.0,19.75,0.7736,38,1.3484,0.0,0.0,-0.0717,0.0973,0.1096,
335,11.1667,True,13.375,76.625,76.625,12.8635,,,3.0833,37.0,12.0,19.75,0.7772,38,1.4062,0.0,0.0,-0.1301,0.0787,0.1086,
336,11.2,True,13.2455,76.7545,76.7545,12.894,,,3.3636,37.0,11.0,19.92,0.7609,35,0.914,0.0,0.0,-0.1164,0.0841,0.1077,
337,11.2333,True,13.7206,76.2794,76.2794,12.923,,,3.3636,37.0,11.0,20.05,0.7662,35,0.8721,0.0,0.0,-0.1917,0.2162,0.1068,
338,11.2667,True,13.8863,76.1137,76.1137,12.942,,,3.2727,36.0,11.0,20.12,0.754,33,0.5692,0.0,0.0,-0.1844,0.2126,0.1062,
339,11.3,True,14.2621,75.7379,75.7379,13.066,,,3.3636,37.0,11.0,20.31,0.7759,33,3.7185,0.0,0.0,-0.1816,0.1396,0.1057,
340,11.3333,True,13.9372,76.0628,76.0628,13.2045,,,3.4545,38.0,11.0,20.27,0.7677,32,4.1573,0.0,0.0,-0.2033,0.1351,0.1051,
341,11.3667,True,13.7727,76.2273,76.2273,13.2946,,,3.4545,38.0,11.0,20.23,0.7533,31,2.7022,0.0,0.0,-0.1768,0.1115,0.1007,
342,11.4,True,13.7932,76.2068,76.2068,13.3532,,,3.25,39.0,12.0,20.46,0.8246,40,1.7564,0.0,0.0,-0.0907,0.1917,0.0997,
343,11.4333,True,13.7601,76.2399,76.2399,13.3586,,,3.0833,37.0,12.0,20.64,0.7898,38,0.1636,0.0,0.0,-0.0692,0.271,0.0999,
344,11.4667,True,13.3895,76.6105,76.6105,13.355,,,3.25,39.0,12.0,20.55,0.802,40,-0.1084,0.0,0.0,-0.0634,0.1748,0.1006,
345,11.5,True,13.2255,76.7745,76.7745,13.3482,,,3.3333,40.0,12.0,21.06,0.8186,41,-0.2034,0.0,0.0,-0.1039,0.2576,0.0979,
346,11.5333,True,13.6841,76.3159,76.3159,13.3172,,,3.25,39.0,12.0,21.01,0.8107,40,-0.9295,0.0,0.0,-0.0994,0.2463,0.0978,
347,11.5667,True,13.5648,76.4352,76.4352,13.2554,,,3.25,39.0,12.0,21.04,0.8125,40,-1.8568,0.0,0.0,-0.101,0.2545,0.0978,
348,11.6,True,14.7667,75.2333,75.2333,13.2151,,,3.3333,40.0,12.0,21.63,0.8138,41,-1.2069,0.0,0.0,-0.073,0.2337,0.0975,
349,11.6333,True,14.024,75.976,75.976,13.2307,,,3.5,42.0,12.0,21.59,0.82,43,0.4682,0.0,0.0,-0.0791,0.1818,0.0962,
350,11.6667,True,14.9295,75.0705,75.0705,13.3598,,,3.4167,41.0,12.0,21.74,0.7988,42,3.8732,0.0,0.0,-0.036,0.0647,0.0949,
351,11.7,True,14.5662,75.4338,75.4338,13.6335,,,3.3333,40.0,12.0,21.51,0.809,41,8.21,0.0,0.0,-0.1021,0.0851,0.0951,
352,11.7333,True,14.2698,75.7302,75.7302,13.8114,,,3.3333,40.0,12.0,21.47,0.795,40,5.3365,0.0,0.0,-0.0483,0.1422,0.095,
353,11.7667,True,14.3257,75.6743,75.6743,13.8429,,,3.3333,40.0,12.0,21.43,0.7935,40,0.9441,0.0,0.0,-0.0314,0.1093,0.095,
354,11.8,True,14.5406,75.4594,75.4594,13.9385,,,3.5833,43.0,12.0,22.19,0.8261,44,2.8694,0.0,0.0,-0.0188,0.1326,0.0961,
355,11.8333,True,14.4043,75.5957,75.5957,13.953,,,3.5833,43.0,12.0,22.37,0.8123,44,0.4341,0.0,0.0,0.0706,0.0709,0.0945,
356,11.8667,True,14.3323,75.6677,75.6677,13.9372,,,3.5833,43.0,12.0,22.39,0.8195,44,-0.4737,0.0,0.0,0.0787,0.0851,0.0944,
357,11.9,True,14.6583,75.3417,75.3417,13.9521,,,3.1538,41.0,13.0,22.32,0.8019,42,0.448,0.0,0.0,0.0605,0.165,0.093,
358,11.9333,True,13.9914,76.0086,76.0086,13.9618,,,3.2308,42.0,13.0,22.28,0.81,43,0.2912,0.0,0.0,0.0638,0.1851,0.0924,
359,11.9667,True,13.7509,76.2491,76.2491,13.9429,,,3.2308,42.0,13.0,22.22,0.8044,43,-0.5666,0.0,0.0,0.0665,0.1761,0.0924,
360,12.0,True,13.8443,76.1557,76.1557,13.8114,,,3.3846,44.0,13.0,22.77,0.8322,45,-3.947,0.0,0.0,0.0025,0.1599,0.0926,
361,12.0333,True,13.686,76.314,76.314,13.6743,,,3.5385,46.0,13.0,23.1,0.8157,43,-4.1111,0.0,0.0,0.0553,0.223,0.0916,
362,12.0667,True,13.7328,76.2672,76.2672,13.5526,,,3.6154,47.0,13.0,23.18,0.8529,47,-3.6527,0.0,0.0,0.0103,0.2362,0.0903,
363,12.1,True,14.184,75.816,75.816,13.4734,,,3.6154,47.0,13.0,23.3,0.8593,48,-2.3743,0.0,0.0,0.0284,0.1883,0.0895,
364,12.1333,True,14.1545,75.8455,75.8455,13.4547,,,3.6923,48.0,13.0,23.28,0.8648,49,-0.5628,0.0,0.0,0.0274,0.208,0.0886,
365,12.1667,True,14.105,75.895,75.895,13.5337,,,3.6923,48.0,13.0,23.27,0.8679,49,2.3721,0.0,0.0,0.0269,0.2434,0.0884,
366,12.2,True,14.3924,75.6076,75.6076,13.6025,,,3.7692,49.0,13.0,24.02,0.8541,50,2.0614,0.0,0.0,0.011,0.1466,0.0876,
367,12.2333,True,14.2568,75.7432,75.7432,13.6574,,,3.7692,49.0,13.0,24.03,0.8599,50,1.6494,0.0,0.0,0.0463,0.2708,0.0883,
368,12.2667,True,14.293,75.707,75.707,13.7187,,,3.7692,49.0,13.0,24.09,0.8513,50,1.8367,0.0,0.0,-0.0345,0.1978,0.0862,
369,12.3,True,14.3937,75.6063,75.6063,13.7711,,,3.7692,49.0,13.0,24.24,0.8517,50,1.5737,0.0,0.0,-0.0095,0.1946,0.0862,
370,12.3333,True,14.5485,75.4515,75.4515,13.84,,,3.6154,47.0,13.0,24.39,0.8335,47,2.0669,0.0,0.0,-0.0024,0.2,0.0855,
371,12.3667,True,14.4336,75.5664,75.5664,13.8852,,,3.6154,47.0,13.0,24.41,0.838,48,1.357,0.0,0.0,-0.004,0.1268,0.0845,
372,12.4,True,14.1076,75.8924,75.8924,13.9146,,,3.9231,51.0,13.0,24.62,0.8777,52,0.8821,0.0,0.0,-0.004,0.1084,0.084,
373,12.4333,True,14.0616,75.9384,75.9384,13.9338,,,3.9231,51.0,13.0,24.91,0.8798,52,0.5733,0.0,0.0,0.0114,0.0523,0.0841,
374,12.4667,True,13.884,76.116,76.116,13.8461,,,4.0,52.0,13.0,25.0,0.8822,53,-2.6313,0.0,0.0,0.0047,0.0572,0.0829,
375,12.5,True,13.9949,76.0051,76.0051,13.7729,,,4.0,52.0,13.0,25.1,0.8865,53,-2.1935,0.0,0.0,0.0269,0.102,0.0828,
376,12.5333,True,13.6561,76.3439,76.3439,13.7021,,,3.9231,51.0,13.0,25.19,0.8608,50,-2.1255,0.0,0.0,0.0083,0.1575,0.082,
377,12.5667,True,13.4338,76.5662,76.5662,13.6172,,,4.0,52.0,13.0,25.27,0.8775,52,-2.5467,0.0,0.0,0.0846,0.1552,0.0814,
378,12.6,True,13.4526,76.5474,76.5474,13.4822,,,4.0769,53.0,13.0,25.83,0.8917,54,-4.0483,0.0,0.0,0.0872,0.1461,0.0814,
379,12.6333,True,13.8424,76.1576,76.1576,13.3945,,,4.0769,53.0,13.0,25.85,0.8842,54,-2.6314,0.0,0.0,0.0632,0.1328,0.0807,
380,12.6667,True,13.5537,76.4463,76.4463,13.3017,,,4.0769,53.0,13.0,25.79,0.8848,54,-2.7847,0.0,0.0,0.0841,0.1255,0.0795,
381,12.7,True,13.7528,76.2472,76.2472,13.2414,,,4.0769,53.0,13.0,25.84,0.8836,53,-1.8101,0.0,0.0,0.0914,0.1295,0.0793,
382,12.7333,True,14.1231,75.8769,75.8769,13.2718,,,4.0769,53.0,13.0,25.97,0.8916,54,0.9134,0.0,0.0,0.1141,0.1766,0.0787,
383,12.7667,True,13.9862,76.0138,76.0138,13.323,,,4.0,52.0,13.0,25.95,0.8814,53,1.5341,0.0,0.0,0.1155,0.1757,0.0787,
384,12.8,True,14.0791,75.9209,75.9209,13.4066,,,4.1538,54.0,13.0,26.13,0.8981,54,2.5079,0.0,0.0,0.1062,0.159,0.0783,
385,12.8333,True,14.0519,75.9481,75.9481,13.4839,,,4.1538,54.0,13.0,25.84,0.8951,54,2.3195,0.0,0.0,0.1061,0.1668,0.0783,
386,12.8667,True,14.115,75.885,75.885,13.5437,,,4.2308,55.0,13.0,25.85,0.8906,53,1.7939,0.0,0.0,0.0624,0.1233,0.0793,
387,12.9,True,14.1701,75.8299,75.8299,13.5825,,,4.2308,55.0,13.0,26.04,0.8742,51,1.1661,0.0,0.0,0.0469,0.1137,0.0794,
388,12.9333,True,14.1632,75.8368,75.8368,13.6203,,,4.2308,55.0,13.0,26.12,0.8672,50,1.1339,0.0,0.0,0.0397,0.0981,0.0793,
389,12.9667,True,14.1927,75.8073,75.8073,13.6618,,,4.2308,55.0,13.0,26.07,0.8676,50,1.2434,0.0,0.0,0.0397,0.1122,0.0786,
390,13.0,True,14.4247,75.5753,75.5753,13.6912,,,4.2308,55.0,13.0,26.56,0.8423,47,0.8814,0.0,0.0,0.0322,0.1399,0.0788,
391,13.0333,True,14.3278,75.6722,75.6722,13.7182,,,4.3077,56.0,13.0,26.74,0.8463,47,0.8099,0.0,0.0,0.0082,0.1277,0.0782,
392,13.0667,True,14.2842,75.7158,75.7158,13.7677,,,3.9286,55.0,14.0,26.73,0.8963,54,1.4872,0.0,0.0,0.051,0.1217,0.0777,
393,13.1,True,14.0447,75.9553,75.9553,13.8,,,4.0,56.0,14.0,26.46,0.8869,54,0.9667,0.0,0.0,0.0538,0.1062,0.0776,
394,13.1333,True,14.0613,75.9387,75.9387,13.8209,,,4.0,56.0,14.0,26.45,0.8904,54,0.6283,0.0,0.0,0.0875,0.1339,0.077,
395,13.1667,True,14.0981,75.9019,75.9019,13.7694,,,3.9286,55.0,14.0,26.45,0.8833,53,-1.5456,0.0,0.0,0.0892,0.1362,0.077,
396,13.2,True,14.1996,75.8004,75.8004,13.7359,,,4.0,56.0,14.0,26.6,0.8558,49,-1.0047,0.0,0.0,0.0427,0.1562,0.0772,
397,13.2333,True,14.6494,75.3506,75.3506,13.7141,,,3.2308,42.0,13.0,27.01,0.8147,43,-0.653,0.0,0.0,0.0858,0.2264,0.0765,
398,13.2667,True,14.8537,75.1463,75.1463,13.7355,,,4.0,56.0,14.0,27.23,0.8417,48,0.6414,0.0,0.0,0.0382,0.2477,0.0758,
399,13.3,True,14.7248,75.2752,75.2752,13.9068,,,4.3846,57.0,13.0,26.92,0.8217,45,5.1395,0.0,0.0,0.0515,0.1332,0.0745,
400,13.3333,True,13.9314,76.0686,76.0686,14.0182,,,4.6154,60.0,13.0,26.96,0.8263,48,3.3407,0.0,0.0,0.063,0.1402,0.0741,
401,13.3667,True,14.4994,75.5006,75.5006,14.0906,,,4.2143,59.0,14.0,26.95,0.8463,48,2.1714,0.0,0.0,0.081,0.0804,0.0735,
402,13.4,True,13.8963,76.1037,76.1037,14.0851,,,4.3571,61.0,14.0,26.85,0.8453,49,-0.1639,0.0,0.0,0.0485,0.0332,0.0735,
403,13.4333,True,13.8583,76.1417,76.1417,13.8828,,,4.3571,61.0,14.0,27.27,0.8498,50,-6.0702,0.0,0.0,0.0628,0.0268,0.0728,
404,13.4667,True,13.8164,76.1836,76.1836,13.739,,,4.3571,61.0,14.0,27.27,0.8446,49,-4.3139,0.0,0.0,-0.0145,0.0707,0.0725,
405,13.5,True,13.6907,76.3093,76.3093,13.6322,,,4.4286,62.0,14.0,27.91,0.8434,50,-3.2032,0.0,0.0,-0.028,0.1987,0.0719,
406,13.5333,True,13.7648,76.2352,76.2352,13.5481,,,4.3571,61.0,14.0,27.93,0.8434,49,-2.5221,0.0,0.0,0.031,0.1215,0.0706,
407,13.5667,True,13.8258,76.1742,76.1742,13.4935,,,4.3571,61.0,14.0,27.89,0.8502,49,-1.6394,0.0,0.0,0.0383,0.1398,0.0705,
408,13.6,True,13.4525,76.5475,76.5475,13.4399,,,4.4286,62.0,14.0,28.59,0.8218,45,-1.6075,0.0,0.0,0.096,0.187,0.0687,
409,13.6333,True,13.4831,76.5169,76.5169,13.3791,,,4.4286,62.0,14.0,28.29,0.8197,46,-1.8227,0.0,0.0,0.0011,0.3196,0.0678,
410,13.6667,True,13.5193,76.4807,76.4807,13.2796,,,4.4286,62.0,14.0,28.39,0.8181,46,-2.9849,0.0,0.0,0.0129,0.3378,0.067,
411,13.7,True,13.739,76.261,76.261,13.215,,,4.1333,62.0,15.0,30.16,0.8358,47,-1.9402,0.0,0.0,-0.0827,0.2302,0.0668,
412,13.7333,True,13.6739,76.3261,76.3261,13.1729,,,4.1333,62.0,15.0,30.21,0.8313,47,-1.2611,0.0,0.0,-0.0877,0.1283,0.063,
413,13.7667,True,13.6429,76.3571,76.3571,13.1889,,,4.1333,62.0,15.0,30.09,0.8428,48,0.478,0.0,0.0,-0.0301,0.0871,0.0619,
414,13.8,True,13.9449,76.0551,76.0551,13.2101,,,4.5,63.0,14.0,30.24,0.811,43,0.6365,0.0,0.0,0.0264,0.1571,0.0604,
415,13.8333,True,13.5871,76.4129,76.4129,13.2239,,,4.5,63.0,14.0,30.01,0.7873,40,0.4137,0.0,0.0,0.118,0.1245,0.0591,
416,13.8667,True,13.6831,76.3169,76.3169,13.2328,,,4.5,63.0,14.0,30.17,0.8047,42,0.2689,0.0,0.0,0.1624,0.1744,0.0586,
417,13.9,True,14.1928,75.8072,75.8072,13.2419,,,4.2667,64.0,15.0,31.43,0.86,49,0.271,0.0,0.0,0.0347,0.223,0.058,
418,13.9333,True,14.1437,75.8563,75.8563,13.3394,,,4.3333,65.0,15.0,31.44,0.8661,50,2.9256,0.0,0.0,0.0388,0.1872,0.0576,
419,13.9667,True,14.1522,75.8478,75.8478,13.4723,,,4.3333,65.0,15.0,31.43,0.8643,50,3.9885,0.0,0.0,0.1071,0.2464,0.0556,
420,14.0,True,14.166,75.834,75.834,13.5618,,,4.6429,65.0,14.0,31.85,0.8183,44,2.6827,0.0,0.0,0.0462,0.3064,0.0543,
421,14.0333,True,13.6872,76.3128,76.3128,13.6199,,,4.6429,65.0,14.0,32.14,0.8116,42,1.7438,0.0,0.0,0.0458,0.2141,0.0533,
422,14.0667,True,14.3924,75.6076,75.6076,13.6577,,,4.2667,64.0,15.0,32.11,0.849,48,1.1335,0.0,0.0,0.0475,0.2129,0.0526,
423,14.1,True,13.3079,76.6921,76.6921,13.6822,,,4.7857,67.0,14.0,32.4,0.8118,43,0.7367,0.0,0.0,0.0356,0.2596,0.052,
424,14.1333,True,13.1064,76.8936,76.8936,13.5354,,,4.7857,67.0,14.0,32.39,0.7968,41,-4.4043,0.0,0.0,0.0364,0.2136,0.0511,
425,14.1667,True,13.3514,76.6486,76.6486,13.3225,,,4.7857,67.0,14.0,32.47,0.8221,45,-6.3888,0.0,0.0,0.0247,0.1724,0.0505,
426,14.2,True,14.3254,75.6746,75.6746,13.184,,,2.9286,41.0,14.0,32.41,0.8054,42,-4.1527,0.0,0.0,0.12,0.0732,0.0493,
427,14.2333,True,14.0623,75.9377,75.9377,13.0941,,,2.9286,41.0,14.0,31.62,0.7898,41,-2.6993,0.0,0.0,0.1001,0.0818,0.049,
428,14.2667,True,13.9648,76.0352,76.0352,13.2503,,,2.9286,41.0,14.0,31.63,0.7899,41,4.6863,0.0,0.0,-0.0938,0.1207,0.0499,
429,14.3,True,14.3404,75.6596,75.6596,13.3859,,,2.8667,43.0,15.0,31.89,0.82,43,4.0699,0.0,0.0,-0.0643,0.1099,0.05,
430,14.3333,True,14.2792,75.7208,75.7208,13.55,,,2.8667,43.0,15.0,31.83,0.8257,44,4.923,0.0,0.0,-0.073,0.1053,0.0494,
431,14.3667,True,14.2678,75.7322,75.7322,13.6527,,,2.8667,43.0,15.0,31.88,0.8249,44,3.0805,0.0,0.0,-0.0684,0.1351,0.0492,
432,14.4,True,13.7938,76.2062,76.2062,13.7195,,,4.7333,71.0,15.0,32.22,0.8386,48,2.0023,0.0,0.0,-0.0475,0.1523,0.0495,
433,14.4333,True,14.0947,75.9053,75.9053,13.7628,,,4.8,72.0,15.0,32.83,0.8588,51,1.3015,0.0,0.0,0.0001,0.1747,0.0484,
434,14.4667,True,13.9533,76.0467,76.0467,13.7305,,,4.8,72.0,15.0,32.8,0.8542,50,-0.9714,0.0,0.0,0.0548,0.1119,0.0475,
435,14.5,True,14.2245,75.7755,75.7755,13.7094,,,3.2667,49.0,15.0,34.82,0.8443,50,-0.6314,0.0,0.0,0.028,0.1939,0.0469,
436,14.5333,True,14.0144,75.9856,75.9856,13.6676,,,3.2667,49.0,15.0,33.82,0.8385,49,-1.2537,0.0,0.0,0.0126,0.1465,0.0463,
437,14.5667,True,14.1352,75.8648,75.8648,13.6686,,,3.2,48.0,15.0,34.57,0.8422,49,0.0284,0.0,0.0,0.0017,0.2407,0.0437,
438,14.6,True,14.975,75.025,75.025,13.6834,,,2.7333,41.0,15.0,34.01,0.7747,41,0.4438,0.0,0.0,0.0577,0.2208,0.0433,
439,14.6333,True,14.5265,75.4735,75.4735,13.7242,,,4.5333,68.0,15.0,34.21,0.7927,43,1.2253,0.0,0.0,0.0141,0.2484,0.0426,
440,14.6667,True,14.0419,75.9581,75.9581,13.7195,,,4.9333,74.0,15.0,34.96,0.8333,48,-0.1404,0.0,0.0,-0.0264,0.2626,0.0426,
441,14.7,True,15.3966,74.6034,74.6034,13.8534,,,2.7333,41.0,15.0,35.74,0.7901,42,4.0173,0.0,0.0,-0.0692,0.1804,0.0411,
442,14.7333,True,15.3879,74.6121,74.6121,14.0974,,,2.8,42.0,15.0,35.68,0.7962,43,7.3199,0.0,0.0,-0.0497,0.1496,0.0397,
443,14.7667,True,15.0994,74.9006,74.9006,14.2996,,,2.8,42.0,15.0,35.74,0.785,42,6.0638,0.0,0.0,-0.0471,0.1099,0.0391,
444,14.8,True,14.0262,75.9738,75.9738,14.4309,,,3.2667,49.0,15.0,35.96,0.8337,49,3.9415,0.0,0.0,-0.0551,0.0877,0.0383,
445,14.8333,True,13.7699,76.2301,76.2301,14.5163,,,5.0667,76.0,15.0,35.84,0.8364,50,2.562,0.0,0.0,-0.0784,0.1541,0.0372,
446,14.8667,True,13.0893,76.9107,76.9107,14.1962,,,3.2667,49.0,15.0,35.84,0.825,48,-9.603,0.0,0.0,-0.0741,0.0976,0.0366,
447,14.9,True,14.3072,75.6928,75.6928,13.9882,,,4.6667,70.0,15.0,35.69,0.7824,41,-6.242,0.0,0.0,-0.1341,0.0381,0.0359,
448,14.9333,True,14.2898,75.7102,75.7102,13.8529,,,4.6667,70.0,15.0,35.75,0.7835,41,-4.0573,0.0,0.0,-0.0685,0.042,0.036,
449,14.9667,True,14.2898,75.7102,75.7102,13.8573,,,4.6667,70.0,15.0,35.75,0.7835,41,0.1308,0.0,0.0,-0.0864,0.0062,0.0355,
450,15.0,True,14.1225,75.8775,75.8775,13.8601,,,4.625,74.0,16.0,35.66,0.8608,55,0.085,0.0,0.0,-0.1987,0.0635,0.031,
451,15.0333,True,13.5922,76.4078,76.4078,13.862,,,5.0,80.0,16.0,35.56,0.9087,62,0.0553,0.0,0.0,-0.0912,0.2045,0.0303,
452,15.0667,True,13.5056,76.4944,76.4944,13.8046,,,5.0,80.0,16.0,35.55,0.9043,61,-1.7205,0.0,0.0,-0.0606,0.1755,0.0297,
453,15.1,True,13.1395,76.8605,76.8605,13.5817,,,5.0625,81.0,16.0,35.62,0.898,65,-6.6864,0.0,0.0,-0.0658,0.2729,0.0303,
454,15.1333,True,12.9831,77.0169,77.0169,13.4065,,,5.0625,81.0,16.0,35.68,0.8892,64,-5.2556,0.0,0.0,-0.0935,0.3218,0.0298,
455,15.1667,True,13.0142,76.9858,76.9858,13.1645,,,5.0625,81.0,16.0,35.69,0.8857,65,-7.2607,0.0,0.0,-0.1309,0.3328,0.0298,
456,15.2,True,13.4084,76.5916,76.5916,13.0072,,,5.1613,80.0,15.5,36.3,0.8919,62,-4.7195,0.0,0.0,-0.2129,0.2763,0.0297,
457,15.2333,True,13.0998,76.9002,76.9002,12.8911,,,5.0625,81.0,16.0,36.09,0.8945,62,-3.4845,0.0,0.0,-0.2054,0.2864,0.0291,
458,15.2667,True,12.2238,77.7762,77.7762,12.7856,,,3.4667,52.0,15.0,36.08,0.8222,49,-3.1632,0.0,0.0,-0.1886,0.3157,0.0291,
459,15.3,True,13.136,76.864,76.864,12.747,,,5.5333,83.0,15.0,34.6,0.8935,58,-1.1578,0.0,0.0,-0.0973,0.2972,0.0281,
460,15.3333,True,13.0979,76.9021,76.9021,12.7219,,,5.5333,83.0,15.0,34.59,0.8937,58,-0.7526,0.0,0.0,-0.0912,0.1476,0.0285,
461,15.3667,True,13.1743,76.8257,76.8257,12.7056,,,5.4667,82.0,15.0,34.64,0.8948,58,-0.4892,0.0,0.0,0.0524,0.1126,0.0301,
462,15.4,True,12.6253,77.3747,77.3747,12.6944,,,5.25,84.0,16.0,36.06,0.9037,64,-0.3372,0.0,0.0,0.0332,0.1079,0.0286,
463,15.4333,True,12.7757,77.2243,77.2243,12.6871,,,5.0588,86.0,17.0,35.72,0.9097,86,-0.2191,0.0,0.0,-0.0067,0.1295,0.0273,
464,15.4667,True,12.5793,77.4207,77.4207,12.5696,,,5.375,86.0,16.0,35.72,0.8994,69,-3.5255,0.0,0.0,-0.0273,0.2044,0.0273,
465,15.5,True,12.5758,77.4242,77.4242,12.4405,,,5.375,86.0,16.0,36.16,0.9099,68,-3.8711,0.0,0.0,-0.0621,0.2613,0.027,
466,15.5333,True,12.5683,77.4317,77.4317,12.3406,,,5.3125,85.0,16.0,35.82,0.9063,64,-2.999,0.0,0.0,-0.0547,0.1645,0.0267,
467,15.5667,True,12.3568,77.6432,77.6432,12.2743,,,5.3125,85.0,16.0,35.81,0.9029,63,-1.987,0.0,0.0,-0.0524,0.2172,0.0268,
468,15.6,True,12.2776,77.7224,77.7224,12.2287,,,5.375,86.0,16.0,36.13,0.9059,63,-1.3697,0.0,0.0,-0.0768,0.2878,0.0264,
469,15.6333,True,12.7184,77.2816,77.2816,12.199,,,4.5294,77.0,17.0,36.35,0.9001,77,-0.8903,0.0,0.0,-0.1404,0.2248,0.0251,
470,15.6667,True,12.4757,77.5243,77.5243,12.1473,,,5.1176,87.0,17.0,36.35,0.9127,86,-1.5507,0.0,0.0,-0.139,0.1884,0.0256,
471,15.7,True,12.3883,77.6117,77.6117,12.0831,,,5.1765,88.0,17.0,36.29,0.9159,88,-1.9265,0.0,0.0,-0.1332,0.1764,0.025,
472,15.7333,True,12.3661,77.6339,77.6339,12.0414,,,5.1176,87.0,17.0,36.32,0.9176,87,-1.2522,0.0,0.0,-0.1867,0.1592,0.0246,
473,15.7667,True,12.5567,77.4433,77.4433,12.0448,,,5.1176,87.0,17.0,36.35,0.9077,84,0.1046,0.0,0.0,-0.1241,0.1153,0.0232,
474,15.8,True,12.338,77.662,77.662,12.0165,,,5.2941,90.0,17.0,36.82,0.9098,88,-0.8506,0.0,0.0,-0.0831,0.1223,0.0254,
475,15.8333,True,12.3977,77.6023,77.6023,11.9981,,,5.2941,90.0,17.0,36.9,0.9155,91,-0.5529,0.0,0.0,-0.0873,0.0799,0.0249,
476,15.8667,True,12.2448,77.7552,77.7552,11.9783,,,5.625,90.0,16.0,37.0,0.9051,66,-0.592,0.0,0.0,-0.0721,0.0749,0.0249,
477,15.9,True,11.9241,78.0759,78.0759,11.9557,,,5.6875,91.0,16.0,36.74,0.9106,65,-0.68,0.0,0.0,-0.0617,0.0765,0.0249,
478,15.9333,True,12.2659,77.7341,77.7341,11.9157,,,5.2941,90.0,17.0,36.75,0.9092,89,-1.1989,0.0,0.0,-0.0606,0.1878,0.0239,
479,15.9667,True,12.115,77.885,77.885,11.8823,,,5.3529,91.0,17.0,36.78,0.9096,91,-1.0004,0.0,0.0,-0.0643,0.1874,0.0239,
480,16.0,True,12.2734,77.7266,77.7266,11.8607,,,4.8235,82.0,17.0,36.89,0.9051,83,-0.6502,0.0,0.0,-0.07,0.1898,0.0239,
481,16.0333,True,10.9893,79.0107,79.0107,11.8011,,,3.875,62.0,16.0,36.91,0.908,60,-1.786,0.0,0.0,-0.0586,0.1287,0.0234,
482,16.0667,True,12.4178,77.5822,77.5822,11.8153,,,4.7059,80.0,17.0,36.93,0.9,79,0.4235,0.0,0.0,-0.0404,0.1016,0.0235,
483,16.1,True,11.0038,78.9962,78.9962,11.7716,,,5.875,94.0,16.0,36.83,0.908,61,-1.3091,0.0,0.0,-0.0153,0.1443,0.0229,
484,16.1333,True,11.0395,78.9605,78.9605,11.3668,,,5.875,94.0,16.0,36.71,0.8915,58,-12.1442,0.0,0.0,-0.0114,0.1536,0.0229,
485,16.1667,True,12.1958,77.8042,77.8042,11.1037,,,4.7647,81.0,17.0,36.8,0.9036,75,-7.8937,0.0,0.0,-0.013,0.1905,0.0224,
486,16.2,True,10.5007,79.4993,79.4993,10.9327,,,3.6875,59.0,16.0,36.94,0.8767,56,-5.1309,0.0,0.0,-0.0179,0.2245,0.0209,
487,16.2333,True,10.7454,79.2546,79.2546,10.809,,,3.75,60.0,16.0,37.03,0.8927,56,-3.7096,0.0,0.0,-0.0311,0.2188,0.0209,
488,16.2667,True,11.8108,78.1892,78.1892,10.7411,,,5.5882,95.0,17.0,37.12,0.9023,79,-2.0367,0.0,0.0,-0.0072,0.2451,0.0204,
489,16.3,True,11.8587,78.1413,78.1413,10.967,,,5.0909,84.0,16.5,37.47,0.8929,80,6.7758,0.0,0.0,-0.0096,0.1631,0.0188,
490,16.3333,True,11.8557,78.1443,78.1443,11.1138,,,5.1875,83.0,16.0,37.34,0.8868,75,4.4043,0.0,0.0,0.056,0.1912,0.016,
491,16.3667,True,11.9571,78.0429,78.0429,11.2249,,,5.125,82.0,16.0,37.51,0.8797,73,3.3341,0.0,0.0,0.0643,0.172,0.0158,
492,16.4,True,11.4363,78.5637,78.5637,11.2972,,,4.8824,83.0,17.0,37.17,0.8971,73,2.1672,0.0,0.0,0.0483,0.1531,0.0155,
493,16.4333,True,11.4886,78.5114,78.5114,11.3441,,,5.0588,86.0,17.0,37.7,0.9022,73,1.4087,0.0,0.0,-0.003,0.1529,0.0144,
494,16.4667,True,11.1982,78.8018,78.8018,11.2461,,,5.6471,96.0,17.0,37.89,0.9034,80,-2.939,0.0,0.0,0.0134,0.1328,0.0147,
495,16.5,True,11.3242,78.6758,78.6758,11.1642,,,4.8333,87.0,18.0,38.4,0.9094,86,-2.4598,0.0,0.0,0.0149,0.195,0.0148,
496,16.5333,True,11.147,78.853,78.853,11.0716,,,5.4444,98.0,18.0,38.68,0.913,96,-2.7759,0.0,0.0,0.0442,0.1152,0.0128,
497,16.5667,True,11.1733,78.8267,78.8267,10.9674,,,5.7647,98.0,17.0,38.67,0.9001,78,-3.1279,0.0,0.0,0.056,0.0216,0.0119,
498,16.6,True,10.764,79.236,79.236,10.8909,,,5.8824,100.0,17.0,38.07,0.9163,83,-2.2939,0.0,0.0,0.0898,0.058,0.0134,
499,16.6333,True,10.7524,79.2476,79.2476,10.832,,,5.8235,99.0,17.0,38.13,0.9066,78,-1.7673,0.0,0.0,0.0087,0.0051,0.0119,
500,16.6667,True,10.692,79.308,79.308,10.6596,,,5.8824,100.0,17.0,38.17,0.9092,78,-5.1705,0.0,0.0,-0.0025,-0.0012,0.0114,
501,16.7,True,10.1275,79.8725,79.8725,10.5436,,,5.9412,101.0,17.0,37.75,0.9034,73,-3.4822,0.0,0.0,0.0433,-0.0219,0.0121,
502,16.7333,True,10.1251,79.8749,79.8749,10.447,,,6.1212,101.0,16.5,37.85,0.9013,74,-2.8975,0.0,0.0,0.0346,-0.0211,0.0121,
503,16.7667,True,10.1667,79.8333,79.8333,10.2003,,,5.9412,101.0,17.0,37.91,0.8982,77,-7.3994,0.0,0.0,0.063,0.0367,0.0116,
504,16.8,True,9.9168,80.0832,80.0832,10.0263,,,6.0588,103.0,17.0,37.59,0.9115,86,-5.2208,0.0,0.0,0.0103,0.0408,0.0117,
505,16.8333,True,9.9064,80.0936,80.0936,9.9123,,,6.0588,103.0,17.0,37.54,0.9151,85,-3.4193,0.0,0.0,-0.0367,0.0614,0.0124,
506,16.8667,True,9.915,80.085,80.085,9.7653,,,6.0588,103.0,17.0,37.56,0.9152,85,-4.4095,0.0,0.0,-0.0295,0.1686,0.0118,
507,16.9,True,10.0811,79.9189,79.9189,9.6698,,,6.0588,103.0,17.0,37.17,0.9088,73,-2.8661,0.0,0.0,-0.0708,0.1465,0.0118,
508,16.9333,True,9.7922,80.2078,80.2078,9.6071,,,6.0588,103.0,17.0,37.08,0.9125,88,-1.8823,0.0,0.0,-0.0174,0.1508,0.0125,
509,16.9667,True,9.769,80.231,80.231,9.5633,,,6.0588,103.0,17.0,37.25,0.9107,88,-1.313,0.0,0.0,-0.0587,0.2272,0.013,
510,17.0,True,9.8075,80.1925,80.1925,9.5002,,,6.1765,105.0,17.0,37.27,0.9042,82,-1.8923,0.0,0.0,-0.0569,0.233,0.0135,
511,17.0333,True,9.756,80.244,80.244,9.4539,,,6.2353,106.0,17.0,37.8,0.9,75,-1.3907,0.0,0.0,0.0165,0.2049,0.0131,
512,17.0667,True,9.7209,80.2791,80.2791,9.4156,,,6.1765,105.0,17.0,37.76,0.9122,86,-1.1474,0.0,0.0,0.0681,0.1596,0.0122,
513,17.1,True,9.5629,80.4371,80.4371,9.3862,,,6.4242,106.0,16.5,37.32,0.8956,80,-0.8827,0.0,0.0,0.0592,0.1606,0.0121,
514,17.1333,True,9.7722,80.2278,80.2278,9.3671,,,6.625,106.0,16.0,37.38,0.8938,74,-0.5738,0.0,0.0,0.0793,0.1518,0.0126,
515,17.1667,True,9.8314,80.1686,80.1686,9.3546,,,6.625,106.0,16.0,37.36,0.8921,68,-0.373,0.0,0.0,0.0877,0.1096,0.0121,
516,17.2,True,9.2517,80.7483,80.7483,9.3343,,,6.75,108.0,16.0,37.52,0.894,75,-0.6102,0.0,0.0,0.0688,0.1132,0.0118,
517,17.2333,True,9.2393,80.7607,80.7607,9.2658,,,6.75,108.0,16.0,37.63,0.8908,77,-2.056,0.0,0.0,0.0791,0.1886,0.012,
518,17.2667,True,9.3288,80.6712,80.6712,9.1393,,,6.75,108.0,16.0,37.69,0.8882,77,-3.7948,0.0,0.0,0.1083,0.1635,0.011,
519,17.3,True,9.1396,80.8604,80.8604,9.0301,,,6.3529,108.0,17.0,38.16,0.9027,72,-3.2763,0.0,0.0,0.1095,0.1736,0.01,
520,17.3333,True,9.1851,80.8149,80.8149,8.9547,,,6.3529,108.0,17.0,38.07,0.9044,71,-2.2593,0.0,0.0,0.1076,0.1727,0.01,
521,17.3667,True,9.1597,80.8403,80.8403,8.8868,,,6.3529,108.0,17.0,38.1,0.9038,72,-2.0378,0.0,0.0,0.0695,0.1715,0.0086,
522,17.4,True,8.523,81.477,81.477,8.8338,,,6.5294,111.0,17.0,37.56,0.8996,75,-1.5908,0.0,0.0,0.0955,0.1394,0.0086,
523,17.4333,True,8.7296,81.2704,81.2704,8.7923,,,6.5882,112.0,17.0,37.84,0.91,70,-1.2451,0.0,0.0,0.1095,0.1716,0.0081,
524,17.4667,True,8.8071,81.1929,81.1929,8.6489,,,6.5882,112.0,17.0,37.76,0.9114,72,-4.3008,0.0,0.0,0.123,0.1821,0.0076,
525,17.5,True,8.6621,81.3379,81.3379,8.5286,,,6.5882,112.0,17.0,38.03,0.9073,70,-3.6091,0.0,0.0,0.1339,0.1758,0.0071,
526,17.5333,True,8.5452,81.4548,81.4548,8.4268,,,6.5882,112.0,17.0,38.18,0.9258,74,-3.0548,0.0,0.0,0.1572,0.1759,0.0061,
527,17.5667,True,8.5049,81.4951,81.4951,8.3606,,,6.5882,112.0,17.0,38.16,0.9293,75,-1.9856,0.0,0.0,0.1672,0.1296,0.0056,
528,17.6,True,8.0941,81.9059,81.9059,8.2767,,,6.5882,112.0,17.0,37.4,0.9031,80,-2.5184,0.0,0.0,0.096,0.1102,0.0057,
529,17.6333,True,8.1427,81.8573,81.8573,8.208,,,6.5882,112.0,17.0,37.65,0.9055,71,-2.0602,0.0,0.0,0.0944,0.0718,0.0058,
530,17.6667,True,7.9308,82.0692,82.0692,8.0366,,,6.5882,112.0,17.0,37.68,0.9057,72,-5.1424,0.0,0.0,0.0893,0.048,0.0053,
531,17.7,True,7.8637,82.1363,82.1363,7.9082,,,6.2222,112.0,18.0,37.46,0.9129,82,-3.8524,0.0,0.0,0.06,0.083,0.0057,
532,17.7333,True,8.0084,81.9916,81.9916,7.7947,,,6.2222,112.0,18.0,37.12,0.9109,80,-3.4037,0.0,0.0,0.0519,0.0371,0.0053,
533,17.7667,True,8.1044,81.8956,81.8956,7.721,,,6.1111,110.0,18.0,37.14,0.8996,73,-2.2124,0.0,0.0,0.0957,0.055,0.0059,
534,17.8,True,7.344,82.656,82.656,7.6459,,,6.7059,114.0,17.0,36.44,0.9055,79,-2.253,0.0,0.0,0.0825,0.0644,0.0056,
535,17.8333,True,7.4243,82.5757,82.5757,7.5735,,,6.7059,114.0,17.0,36.36,0.9011,72,-2.1696,0.0,0.0,0.0532,0.1343,0.0058,
536,17.8667,True,7.6411,82.3589,82.3589,7.4486,,,6.7059,114.0,17.0,36.26,0.899,73,-3.7473,0.0,0.0,0.0616,0.131,0.0058,
537,17.9,True,7.0298,82.9702,82.9702,7.2916,,,4.7059,80.0,17.0,35.84,0.9189,75,-4.7114,0.0,0.0,0.148,0.095,0.0065,
538,17.9333,True,7.5203,82.4797,82.4797,7.1895,,,3.7647,64.0,17.0,35.81,0.8947,62,-3.0624,0.0,0.0,0.1102,0.1154,0.0072,
539,17.9667,True,6.9828,83.0172,83.0172,7.1232,,,4.7647,81.0,17.0,36.0,0.9166,77,-1.9906,0.0,0.0,0.0839,0.0824,0.0038,
540,18.0,True,7.2278,82.7722,82.7722,7.0112,,,5.8824,100.0,17.0,36.03,0.8875,68,-3.3574,0.0,0.0,0.0846,0.1123,0.0031,
541,18.0333,True,6.5943,83.4057,83.4057,6.8692,,,4.7059,80.0,17.0,35.98,0.8991,63,-4.2616,0.0,0.0,0.0744,0.0889,0.0028,
542,18.0667,True,6.6347,83.3653,83.3653,6.7604,,,4.7059,80.0,17.0,35.89,0.9116,69,-3.2636,0.0,0.0,0.0743,0.0858,0.0015,
543,18.1,True,5.6567,84.3433,84.3433,6.5679,,,4.5882,78.0,17.0,35.51,0.9136,75,-5.7765,0.0,0.0,0.0582,0.1058,-0.0013,
544,18.1333,True,5.7371,84.2629,84.2629,6.4286,,,4.5882,78.0,17.0,35.45,0.9256,74,-4.1787,0.0,0.0,0.0772,0.0808,-0.0008,
545,18.1667,True,5.6695,84.3305,84.3305,6.038,,,4.6471,79.0,17.0,35.41,0.9233,76,-11.7164,0.0,0.0,0.0733,0.0502,-0.0009,
546,18.2,True,5.6988,84.3012,84.3012,5.7707,,,6.3333,114.0,18.0,35.48,0.9116,105,-8.0182,0.0,0.0,0.1308,0.116,-0.0014,
547,18.2333,True,5.7052,84.2948,84.2948,5.597,,,7.0588,120.0,17.0,35.62,0.9122,87,-5.2118,0.0,0.0,0.2057,0.071,-0.0048,
548,18.2667,True,5.709,84.291,84.291,5.4863,,,7.0588,120.0,17.0,35.58,0.9114,87,-3.3208,0.0,0.0,0.1733,0.1025,-0.0062,
549,18.3,True,4.8616,85.1384,85.1384,5.4121,,,4.6111,83.0,18.0,35.59,0.9327,78,-2.2254,0.0,0.0,0.1932,0.0744,-0.0067,
550,18.3333,True,4.9152,85.0848,85.0848,5.3639,,,4.6111,83.0,18.0,35.73,0.9219,78,-1.4465,0.0,0.0,0.1444,0.0934,-0.0046,
551,18.3667,True,5.2982,84.7018,84.7018,5.1924,,,6.6667,120.0,18.0,36.15,0.9118,84,-5.1463,0.0,0.0,0.0953,0.1136,-0.006,
552,18.4,True,4.8313,85.1687,85.1687,4.9468,,,4.5556,82.0,18.0,36.47,0.9103,77,-7.3669,0.0,0.0,0.0588,0.1547,-0.0064,
553,18.4333,True,4.9989,85.0011,85.0011,4.7872,,,5.1176,87.0,17.0,36.39,0.9194,73,-4.7885,0.0,0.0,-0.0314,0.1518,-0.0053,
554,18.4667,True,5.0832,84.9168,84.9168,4.7128,,,5.0588,86.0,17.0,36.3,0.9187,71,-2.2335,0.0,0.0,-0.0796,0.158,-0.0016,
555,18.5,True,4.6476,85.3524,85.3524,4.6644,,,4.4444,80.0,18.0,36.41,0.9134,64,-1.4518,0.0,0.0,-0.1037,0.1578,-0.0018,
556,18.5333,True,5.2584,84.7416,84.7416,4.6329,,,6.8333,123.0,18.0,36.33,0.9282,72,-0.9437,0.0,0.0,-0.1603,0.1579,0.0021,
557,18.5667,True,5.1834,84.8166,84.8166,4.642,,,6.8333,123.0,18.0,36.33,0.9277,73,0.2714,0.0,0.0,-0.1772,0.117,0.0017,
558,18.6,True,5.1074,84.8926,84.8926,4.6563,,,6.6316,126.0,19.0,36.67,0.9195,93,0.4306,0.0,0.0,-0.1619,0.1387,0.0018,
559,18.6333,True,5.2343,84.7657,84.7657,4.6922,,,7.0,126.0,18.0,36.28,0.9093,86,1.0778,0.0,0.0,-0.0822,0.0973,0.0063,
560,18.6667,True,5.2406,84.7594,84.7594,4.7334,,,7.0,126.0,18.0,36.33,0.9116,86,1.2349,0.0,0.0,-0.0865,0.0974,0.0063,
561,18.7,True,5.0091,84.9909,84.9909,4.7423,,,7.4706,127.0,17.0,35.81,0.9113,63,0.2684,0.0,0.0,-0.0482,0.1152,0.0067,
562,18.7333,True,5.0118,84.9882,84.9882,4.7216,,,7.5294,128.0,17.0,35.76,0.9161,69,-0.6235,0.0,0.0,-0.0552,0.0922,0.0062,
563,18.7667,True,5.062,84.938,84.938,4.6922,,,7.5294,128.0,17.0,35.81,0.9074,66,-0.8813,0.0,0.0,-0.0992,-0.0005,0.0044,
564,18.8,True,4.3384,85.6616,85.6616,4.6555,,,7.1667,129.0,18.0,35.03,0.8941,78,-1.1003,0.0,0.0,-0.1441,0.0068,0.0046,
565,18.8333,True,5.1978,84.8022,84.8022,4.6317,,,6.5294,111.0,17.0,34.31,0.8954,62,-0.7152,0.0,0.0,-0.0934,-0.0977,0.0087,
566,18.8667,True,4.9475,85.0525,85.0525,4.6162,,,6.5294,111.0,17.0,34.17,0.8842,64,-0.4649,0.0,0.0,-0.0712,-0.0029,0.0092,
567,18.9,True,5.4275,84.5725,84.5725,4.6237,,,3.7647,64.0,17.0,34.71,0.8966,62,0.2253,0.0,0.0,-0.0368,0.0769,0.0083,
568,18.9333,True,4.644,85.356,85.356,4.5885,,,3.9412,67.0,17.0,34.78,0.8853,64,-1.0561,0.0,0.0,0.0049,0.0596,0.0086,
569,18.9667,True,4.097,85.903,85.903,4.5656,,,5.0,85.0,17.0,34.69,0.8922,77,-0.6865,0.0,0.0,0.0116,0.0442,0.0086,
570,19.0,True,5.3599,84.6401,84.6401,4.5507,,,3.8235,65.0,17.0,35.89,0.898,66,-0.4462,0.0,0.0,-0.0553,0.0559,0.0094,
571,19.0333,True,4.9955,85.0045,85.0045,4.5578,,,3.8235,65.0,17.0,36.31,0.8555,55,0.2136,0.0,0.0,-0.0138,0.1031,0.0118,
572,19.0667,True,3.5923,86.4077,86.4077,4.4394,,,5.0588,86.0,17.0,36.34,0.8809,73,-3.5519,0.0,0.0,0.0519,0.1097,0.0159,
573,19.1,True,3.9663,86.0337,86.0337,4.1711,,,4.1176,70.0,17.0,36.48,0.9027,65,-8.0518,0.0,0.0,-0.0025,0.1437,0.0187,
574,19.1333,True,3.6865,86.3135,86.3135,3.9509,,,5.1765,88.0,17.0,36.45,0.9063,68,-6.6059,0.0,0.0,-0.0358,0.135,0.0227,
575,19.1667,True,3.649,86.351,86.351,3.7098,,,5.2941,90.0,17.0,36.64,0.8987,69,-7.2318,0.0,0.0,0.0165,0.1844,0.0257,
576,19.2,True,3.4334,86.5666,86.5666,3.54,,,4.2941,73.0,17.0,36.12,0.864,56,-5.0943,0.0,0.0,0.0128,0.1674,0.0257,
577,19.2333,True,3.3641,86.6359,86.6359,3.4296,,,5.2941,90.0,17.0,35.58,0.9171,75,-3.3113,0.0,0.0,0.0268,0.1635,0.0262,
578,19.2667,True,3.2112,86.7888,86.7888,3.2824,,,5.1667,93.0,18.0,35.68,0.8979,64,-4.4162,0.0,0.0,0.0106,0.1353,0.0261,
579,19.3,True,3.5137,86.4863,86.4863,3.1867,,,4.2353,72.0,17.0,35.56,0.9062,72,-2.8705,0.0,0.0,-0.0175,0.0954,0.0254,
580,19.3333,True,3.5125,86.4875,86.4875,3.1245,,,4.2353,72.0,17.0,35.29,0.9031,73,-1.8658,0.0,0.0,-0.017,0.0688,0.0295,
581,19.3667,True,3.0361,86.9639,86.9639,3.0598,,,5.4706,93.0,17.0,34.86,0.9009,79,-1.9412,0.0,0.0,0.0031,0.1067,0.0299,
582,19.4,True,3.2781,86.7219,86.7219,2.9877,,,4.1176,70.0,17.0,34.28,0.9002,71,-2.1639,0.0,0.0,-0.0762,0.0659,0.0259,
583,19.4333,True,2.8378,87.1622,87.1622,2.9408,,,6.5,117.0,18.0,34.25,0.909,75,-1.4066,0.0,0.0,-0.1158,0.0375,0.0262,
584,19.4667,True,2.9609,87.0391,87.0391,2.8256,,,6.5,117.0,18.0,34.16,0.9152,77,-3.4553,0.0,0.0,-0.068,0.0435,0.027,
585,19.5,True,2.4222,87.5778,87.5778,2.7244,,,6.2632,119.0,19.0,33.17,0.8997,96,-3.0356,0.0,0.0,-0.0952,0.0734,0.032,
586,19.5333,True,2.6316,87.3684,87.3684,2.6156,,,6.2632,119.0,19.0,33.11,0.9045,69,-3.2659,0.0,0.0,-0.0898,0.0827,0.0287,
587,19.5667,True,2.4426,87.5574,87.5574,2.4726,,,7.2632,138.0,19.0,33.36,0.9,94,-4.2885,0.0,0.0,-0.1452,0.0228,0.0307,
588,19.6,True,2.087,87.913,87.913,2.3136,,,3.9474,75.0,19.0,34.11,0.892,69,-4.7719,0.0,0.0,-0.0822,0.0697,0.0275,
589,19.6333,True,1.8934,88.1066,88.1066,2.2031,,,5.0,95.0,19.0,34.62,0.8971,71,-3.3152,0.0,0.0,-0.0692,-0.0575,0.0309,
590,19.6667,True,2.2147,87.7853,87.7853,2.0586,,,4.0,76.0,19.0,35.01,0.9028,73,-4.3338,0.0,0.0,-0.0674,0.0355,0.0353,
591,19.7,True,1.977,88.023,88.023,1.92,,,4.1667,75.0,18.0,33.41,0.9205,76,-4.1581,0.0,0.0,-0.0032,0.0812,0.0385,
592,19.7333,True,1.9927,88.0073,88.0073,1.7969,,,4.1111,74.0,18.0,33.67,0.922,75,-3.6926,0.0,0.0,0.023,0.1276,0.0394,
593,19.7667,True,1.9968,88.0032,88.0032,1.7169,,,4.1111,74.0,18.0,33.53,0.9192,75,-2.4002,0.0,0.0,0.0129,0.1376,0.0388,
594,19.8,True,0.972,89.028,89.028,1.6649,,,5.3333,96.0,18.0,35.47,0.9177,79,-1.5601,0.0,0.0,0.0838,0.1533,0.0386,
595,19.8333,True,0.7791,89.2209,89.2209,1.6256,,,5.2778,95.0,18.0,34.19,0.9335,77,-1.1797,0.0,0.0,0.0441,0.1639,0.043,
596,19.8667,True,0.6738,89.3262,89.3262,1.2483,,,5.2778,95.0,18.0,34.18,0.9356,78,-11.3193,0.0,0.0,0.0753,0.2195,0.0482,
597,19.9,True,0.9666,89.0334,89.0334,1.0011,,,5.3333,96.0,18.0,34.5,0.9177,77,-7.4141,0.0,0.0,0.0326,0.2109,0.0481,
598,19.9333,True,0.7639,89.2361,89.2361,0.7749,,,5.3333,96.0,18.0,34.38,0.9282,82,-6.7871,0.0,0.0,-0.0175,0.2051,0.0536,
599,19.9667,True,0.7915,89.2085,89.2085,0.6278,,,5.3333,96.0,18.0,34.38,0.9279,82,-4.4116,0.0,0.0,-0.0213,0.1547,0.0578,
600,20.0,True,0.0,90.0,90.0,0.5269,,,4.7222,85.0,18.0,34.95,0.88,58,-3.0282,0.0,0.0,0.0254,0.1365,0.0561,
601,20.0333,True,0.4978,89.5022,89.5022,0.4613,,,5.5,110.0,20.0,34.7,0.9113,96,-1.9683,0.0,0.0,0.0076,0.1043,0.0586,
602,20.0667,True,0.7577,89.2423,89.2423,0.4165,,,5.4,108.0,20.0,35.11,0.9034,87,-1.344,0.0,0.0,0.0071,0.0533,0.0596,
603,20.1,True,0.7963,89.2037,89.2037,0.3874,,,4.35,87.0,20.0,35.53,0.889,77,-0.8736,0.0,0.0,-0.0769,-0.0041,0.0638,
604,20.1333,True,0.8534,89.1466,89.1466,0.3684,,,4.4,88.0,20.0,35.73,0.9083,79,-0.5678,0.0,0.0,-0.0675,0.0508,0.0638,
605,20.1667,True,1.0012,88.9988,88.9988,0.3697,,,4.4,88.0,20.0,36.16,0.9242,88,0.0366,0.0,0.0,-0.062,0.0603,0.0684,
606,20.2,True,0.7093,89.2907,89.2907,0.3704,,,3.9,78.0,20.0,36.25,0.9151,75,0.0238,0.0,0.0,-0.0426,0.11,0.0726,
607,20.2333,True,0.8031,89.1969,89.1969,0.3733,,,3.9,78.0,20.0,35.94,0.9057,75,0.0869,0.0,0.0,-0.1068,0.0093,0.0769,
608,20.2667,True,0.8037,89.1963,89.1963,0.3754,,,3.9,78.0,20.0,36.05,0.9021,72,0.0622,0.0,0.0,-0.1108,0.1423,0.0783,
609,20.3,True,-0.2446,89.7554,90.2446,0.3766,,,4.85,97.0,20.0,35.65,0.9224,77,0.0347,0.0,0.0,-0.0037,0.2374,0.0818,
610,20.3333,True,0.0,90.0,90.0,0.3445,,,3.8,76.0,20.0,35.62,0.9116,67,-0.9622,0.0,0.0,0.0001,0.3415,0.0817,
611,20.3667,True,-0.4589,89.5411,90.4589,0.0754,,,4.85,97.0,20.0,35.26,0.9365,83,-8.0736,0.0,0.0,-0.0212,0.2925,0.0815,
612,20.4,True,-0.6511,89.3489,90.6511,-0.1852,,,5.0,100.0,20.0,37.23,0.9255,83,-7.8158,0.0,0.0,0.0499,0.2602,0.0813,
613,20.4333,True,-0.0,90.0,90.0,-0.3545,,,3.7895,72.0,19.0,37.67,0.8844,58,-5.0803,0.0,0.0,0.0814,0.2206,0.0891,
614,20.4667,True,-0.0,90.0,90.0,-0.379,,,3.8947,74.0,19.0,37.51,0.9114,62,-0.7342,0.0,0.0,0.0372,0.248,0.0937,
615,20.5,True,-0.7854,89.2146,90.7854,-0.5555,,,5.1053,97.0,19.0,38.77,0.9421,78,-5.2955,0.0,0.0,0.0381,0.1989,0.0936,
616,20.5333,True,-0.9118,89.0882,90.9118,-0.7375,,,5.3158,101.0,19.0,38.12,0.9385,82,-5.4606,0.0,0.0,-0.0014,0.128,0.0984,
617,20.5667,True,-0.9505,89.0495,90.9505,-0.9028,,,5.3684,102.0,19.0,38.51,0.9223,88,-4.9595,0.0,0.0,-0.0161,0.1641,0.1051,
618,20.6,True,-1.073,88.927,91.073,-1.0545,,,5.4634,112.0,20.5,39.14,0.8971,98,-4.5507,0.0,0.0,-0.0883,0.1696,0.1054,
619,20.6333,True,-1.1455,88.8545,91.1455,-1.1667,,,6.0476,127.0,21.0,38.97,0.9024,114,-3.3642,0.0,0.0,-0.1322,0.2934,0.1084,
620,20.6667,True,-1.1078,88.8922,91.1078,-1.2824,,,6.0,126.0,21.0,38.92,0.91,112,-3.4726,0.0,0.0,-0.1366,0.3016,0.1087,
621,20.7,True,-0.9923,89.0077,90.9923,-1.3576,,,6.0,126.0,21.0,38.81,0.9041,108,-2.2572,0.0,0.0,-0.2063,0.3519,0.1127,
622,20.7333,True,-1.084,88.916,91.084,-1.4104,,,6.0,126.0,21.0,38.18,0.9137,109,-1.5827,0.0,0.0,-0.194,0.3303,0.1129,
623,20.7667,True,-1.0907,88.9093,91.0907,-1.4471,,,6.0,126.0,21.0,37.97,0.9204,110,-1.1,0.0,0.0,-0.178,0.2958,0.1145,
624,20.8,True,-1.2507,88.7493,91.2507,-1.4709,,,6.0476,127.0,21.0,37.69,0.911,111,-0.715,0.0,0.0,-0.1144,0.3522,0.1148,
625,20.8333,True,-1.3032,88.6968,91.3032,-1.4864,,,5.8049,119.0,20.5,39.01,0.9,104,-0.4647,0.0,0.0,-0.0632,0.334,0.1207,
626,20.8667,True,-1.1887,88.8113,91.1887,-1.5308,,,5.55,111.0,20.0,39.06,0.9253,93,-1.3309,0.0,0.0,-0.0388,0.3385,0.1206,
627,20.9,True,-1.4952,88.5048,91.4952,-1.5813,,,6.0476,127.0,21.0,38.97,0.9273,112,-1.5161,0.0,0.0,0.0131,0.2882,0.1249,
628,20.9333,True,-1.5588,88.4412,91.5588,-1.6325,,,6.0476,127.0,21.0,38.96,0.9085,103,-1.537,0.0,0.0,0.0581,0.2819,0.1264,
629,20.9667,True,-1.5457,88.4543,91.5457,-1.733,,,6.0,126.0,21.0,38.7,0.9262,106,-3.0144,0.0,0.0,0.0658,0.2762,0.1263,
630,21.0,True,-1.5927,88.4073,91.5927,-1.816,,,6.0476,127.0,21.0,39.34,0.9271,106,-2.4896,0.0,0.0,0.0632,0.3101,0.1266,
631,21.0333,True,-1.7006,88.2994,91.7006,-1.8745,,,6.0,126.0,21.0,39.67,0.9306,110,-1.7561,0.0,0.0,0.0532,0.2732,0.1312,
632,21.0667,True,-1.7253,88.2747,91.7253,-1.9244,,,6.0,126.0,21.0,39.84,0.9321,111,-1.4972,0.0,0.0,0.0503,0.2365,0.1357,
633,21.1,True,-1.3521,88.6479,91.3521,-1.9569,,,4.6364,102.0,22.0,39.6,0.8885,96,-0.9732,0.0,0.0,-0.0022,0.1521,0.1352,
634,21.1333,True,-1.5148,88.4852,91.5148,-1.978,,,5.7273,126.0,22.0,39.53,0.9007,108,-0.6326,0.0,0.0,-0.0717,0.2066,0.1413,
635,21.1667,True,-1.4909,88.5091,91.4909,-1.9644,,,6.0,126.0,21.0,38.91,0.9083,102,0.4064,0.0,0.0,-0.0669,0.1111,0.1442,
636,21.2,True,-1.0397,88.9603,91.0397,-1.9472,,,5.9048,124.0,21.0,40.05,0.8928,100,0.5154,0.0,0.0,-0.0628,0.182,0.1444,
637,21.2333,True,-1.008,88.992,91.008,-1.8875,,,5.9048,124.0,21.0,41.11,0.8871,97,1.7922,0.0,0.0,-0.0646,0.1543,0.1436,
638,21.2667,True,-0.7205,89.2795,90.7205,-1.7393,,,4.0,84.0,21.0,41.09,0.8973,85,4.4457,0.0,0.0,-0.0537,0.1394,0.147,
639,21.3,True,-1.3432,88.6568,91.3432,-1.643,,,5.6818,125.0,22.0,44.77,0.8898,101,2.8897,0.0,0.0,-0.0778,0.1271,0.1494,
640,21.3333,True,-1.4512,88.5488,91.4512,-1.5804,,,5.7273,126.0,22.0,44.2,0.8957,105,1.8783,0.0,0.0,-0.1018,0.1766,0.1572,
641,21.3667,True,-1.5121,88.4879,91.5121,-1.6459,,,5.6818,125.0,22.0,43.99,0.8952,105,-1.9656,0.0,0.0,-0.1576,0.2428,0.1655,
642,21.4,True,-0.8447,89.1553,90.8447,-1.6885,,,4.0455,89.0,22.0,45.63,0.8887,89,-1.2776,0.0,0.0,-0.129,0.217,0.1665,
643,21.4333,True,-1.2207,88.7793,91.2207,-1.7162,,,4.0,88.0,22.0,47.35,0.8863,84,-0.8305,0.0,0.0,-0.1063,0.2543,0.1742,
644,21.4667,True,-1.1058,88.8942,91.1058,-1.6913,,,4.0,88.0,22.0,47.43,0.8923,87,0.746,0.0,0.0,-0.1503,0.199,0.1825,
645,21.5,True,-0.9528,89.0472,90.9528,-1.6349,,,3.7727,83.0,22.0,47.89,0.8853,77,1.6911,0.0,0.0,-0.1176,0.1634,0.1877,
646,21.5333,True,-1.0255,88.9745,91.0255,-1.5702,,,3.7727,83.0,22.0,47.94,0.8657,70,1.9428,0.0,0.0,-0.1749,0.1006,0.1903,
647,21.5667,True,-1.5297,88.4703,91.5297,-1.5562,,,5.1364,113.0,22.0,47.76,0.8928,98,0.4192,0.0,0.0,-0.2508,0.1525,0.1935,
648,21.6,True,-0.7394,89.2606,90.7394,-1.519,,,4.0455,89.0,22.0,53.38,0.8971,89,1.1161,0.0,0.0,-0.3246,0.3065,0.1924,
649,21.6333,True,-1.2394,88.7606,91.2394,-1.4948,,,4.0,88.0,22.0,54.76,0.8995,88,0.7255,0.0,0.0,-0.3184,0.3094,0.202,
650,21.6667,True,-1.6263,88.3737,91.6263,-1.554,,,6.0435,139.0,23.0,54.87,0.9076,119,-1.7749,0.0,0.0,-0.1643,0.2426,0.2087,
651,21.7,True,-2.1461,87.8539,92.1461,-1.694,,,6.2174,143.0,23.0,59.24,0.9218,123,-4.2018,0.0,0.0,-0.1945,0.2548,0.2138,
652,21.7333,True,-2.1707,87.8293,92.1707,-1.8189,,,6.1739,142.0,23.0,59.21,0.9246,125,-3.7457,0.0,0.0,-0.0517,0.2336,0.2279,
653,21.7667,True,-2.1253,87.8747,92.1253,-2.0747,,,6.1739,142.0,23.0,59.37,0.9306,128,-7.6735,0.0,0.0,-0.2835,0.145,0.2339,
654,21.8,True,-2.0109,87.9891,92.0109,-2.2409,,,6.1739,142.0,23.0,65.6,0.9265,127,-4.9878,0.0,0.0,-0.0807,0.1215,0.2372,
655,21.8333,True,-1.8933,88.1067,91.8933,-2.349,,,5.5,121.0,22.0,67.77,0.9322,101,-3.2421,0.01,0.01,-0.0654,0.0562,0.2494,
656,21.8667,True,-1.9925,88.0075,91.9925,-2.3792,,,6.3913,147.0,23.0,68.08,0.9228,130,-0.9063,0.03,0.03,-0.2336,0.1514,0.2665,
657,21.9,True,-1.9161,88.0839,91.9161,-2.3924,,,6.4783,149.0,23.0,73.07,0.936,134,-0.3956,0.05,0.05,-0.218,0.1471,0.2759,
658,21.9333,True,-1.9142,88.0858,91.9142,-2.3742,,,6.4348,148.0,23.0,73.05,0.9356,137,0.5445,0.0,0.0,0.055,0.0246,0.2768,
659,21.9667,True,-1.914,88.086,91.914,-2.3618,,,6.4783,149.0,23.0,73.04,0.9301,139,0.3742,0.0,0.0,0.2079,0.0234,0.2708,
660,22.0,True,-1.9406,88.0594,91.9406,-2.3543,,,6.0,138.0,23.0,78.75,0.9357,126,0.223,0.0,0.0,-0.0611,0.0708,0.2633,
661,22.0333,True,-1.9963,88.0037,91.9963,-2.3495,,,6.3913,147.0,23.0,80.39,0.9152,140,0.1449,0.0,0.0,-0.1226,0.1102,0.2564,
662,22.0667,True,-1.9402,88.0598,91.9402,-2.3548,,,6.3913,147.0,23.0,80.38,0.9162,137,-0.1587,0.0,0.0,-0.1011,0.0929,0.2489,
663,22.1,True,-1.6152,88.3848,91.6152,-2.3582,,,6.3913,147.0,23.0,83.3,0.9171,128,-0.1031,0.0,0.0,-0.1413,0.1371,0.2467,
664,22.1333,True,-1.7472,88.2528,91.7472,-2.3605,,,6.8696,158.0,23.0,83.25,0.9225,145,-0.067,0.0,0.0,-0.1152,0.1825,0.2399,
665,22.1667,True,-1.7774,88.2226,91.7774,-2.305,,,6.625,159.0,24.0,83.09,0.9227,151,1.6653,0.0,0.0,-0.1956,0.1113,0.2346,
666,22.2,True,-1.2539,88.7461,91.2539,-2.2583,,,5.6087,129.0,23.0,83.58,0.8981,111,1.4002,0.0,0.0,0.002,0.1093,0.2328,
667,22.2333,True,-1.2164,88.7836,91.2164,-2.1818,,,5.5217,127.0,23.0,83.95,0.9092,113,2.2955,0.0,0.0,-0.2326,0.1607,0.2298,
668,22.2667,True,-1.1159,88.8841,91.1159,-2.0056,,,5.5217,127.0,23.0,84.02,0.9108,106,5.2861,0.0,0.0,-0.2669,0.1706,0.2293,
669,22.3,True,-1.6556,88.3444,91.6556,-1.891,,,6.9167,166.0,24.0,83.34,0.912,144,3.4359,0.0,0.0,-0.1468,0.171,0.2266,
670,22.3333,True,-1.5694,88.4306,91.5694,-1.8166,,,7.0,168.0,24.0,82.7,0.9161,157,2.2334,0.0,0.0,-0.1788,0.1082,0.2284,
671,22.3667,True,-1.5528,88.4472,91.5528,-1.8728,,,7.0,168.0,24.0,82.06,0.9199,160,-1.6862,0.0,0.0,-0.1098,0.2616,0.23,
672,22.4,True,-1.0709,88.9291,91.0709,-1.9093,,,7.7273,170.0,22.0,71.7,0.9053,125,-1.096,0.0,0.0,-0.1698,0.2702,0.2337,
673,22.4333,True,-1.0931,88.9069,91.0931,-1.9331,,,7.6818,169.0,22.0,73.28,0.9093,123,-0.7124,0.0,0.0,-0.1827,0.1925,0.2461,
674,22.4667,True,-1.0882,88.9118,91.0882,-1.7876,,,7.6818,169.0,22.0,73.31,0.9075,128,4.3629,0.0,0.0,-0.3523,0.2275,0.2567,
675,22.5,True,-1.1601,88.8399,91.1601,-1.6931,,,7.3478,169.0,23.0,79.36,0.9122,140,2.8359,0.0,0.0,-0.2448,0.2794,0.2639,
676,22.5333,True,-1.0721,88.9279,91.0721,-1.6299,,,7.3478,169.0,23.0,79.59,0.9139,139,1.8957,0.0,0.0,-0.2733,0.1632,0.2653,
677,22.5667,True,-1.0966,88.9034,91.0966,-1.5906,,,7.3913,170.0,23.0,77.18,0.914,141,1.1798,0.0,0.0,-0.2703,0.0856,0.2655,
678,22.6,True,-1.3157,88.6843,91.3157,-1.5663,,,7.3478,169.0,23.0,81.7,0.9173,130,0.7302,0.0,0.0,-0.2232,0.2869,0.2648,
679,22.6333,True,-1.3642,88.6358,91.3642,-1.5726,,,7.5217,173.0,23.0,82.48,0.9285,152,-0.1915,0.0,0.0,-0.2619,0.307,0.2625,
680,22.6667,True,-1.2878,88.7122,91.2878,-1.6215,,,7.1667,172.0,24.0,80.54,0.919,153,-1.4654,0.0,0.0,-0.1019,0.1503,0.2624,
681,22.7,True,-1.5192,88.4808,91.5192,-1.663,,,7.3333,176.0,24.0,79.62,0.9244,154,-1.2461,0.0,0.0,-0.1996,0.1122,0.2615,
682,22.7333,True,-1.5067,88.4933,91.5067,-1.707,,,7.2917,175.0,24.0,79.37,0.9264,153,-1.3185,0.0,0.0,-0.1396,0.0703,0.2661,
683,22.7667,True,-1.516,88.484,91.516,-1.7854,,,7.2917,175.0,24.0,79.66,0.9229,155,-2.354,0.0,0.0,-0.1264,0.0454,0.2688,
684,22.8,True,-1.0101,88.9899,91.0101,-1.8364,,,7.6957,177.0,23.0,76.58,0.8994,146,-1.5301,0.01,0.01,0.0199,0.1213,0.2715,
685,22.8333,True,-1.0151,88.9849,91.0151,-1.8696,,,7.375,177.0,24.0,76.9,0.9121,147,-0.9946,0.01,0.01,-0.2093,0.1496,0.2793,
686,22.8667,True,-1.0445,88.9555,91.0445,-1.7294,,,7.375,177.0,24.0,76.46,0.9082,146,4.2071,0.01,0.01,-0.4238,0.088,0.2841,
687,22.9,True,-1.1285,88.8715,91.1285,-1.6382,,,7.2917,175.0,24.0,77.64,0.9209,143,2.7346,0.01,0.01,-0.4269,-0.1165,0.2875,
688,22.9333,True,-1.1471,88.8529,91.1471,-1.579,,,7.4583,179.0,24.0,77.89,0.9251,149,1.7775,0.03,0.03,-0.3242,-0.2989,0.2913,
689,22.9667,True,-1.1428,88.8572,91.1428,-1.5698,,,7.3333,176.0,24.0,77.24,0.9304,151,0.2736,0.03,0.03,-0.318,-0.2577,0.2958,
690,23.0,True,-0.8784,89.1216,90.8784,-1.5639,,,7.28,182.0,25.0,78.05,0.9195,162,0.1778,0.03,0.03,-0.264,-0.2811,0.2941,
691,23.0333,True,-0.8375,89.1625,90.8375,-1.5601,,,7.32,183.0,25.0,77.56,0.9133,157,0.1156,0.03,0.03,-0.2394,-0.1509,0.2942,
692,23.0667,True,-0.8369,89.1631,90.8369,-1.47,,,7.32,183.0,25.0,77.6,0.9146,161,2.701,0.03,0.03,-0.2489,-0.1335,0.2946,
693,23.1,True,-0.817,89.183,90.817,-1.3972,,,7.32,183.0,25.0,78.56,0.9017,158,2.1847,0.03,0.03,-0.1971,-0.1845,0.2946,
694,23.1333,True,-0.8925,89.1075,90.8925,-1.3499,,,7.5417,181.0,24.0,78.22,0.9103,139,1.4201,0.03,0.03,-0.2275,-0.1945,0.2923,
695,23.1667,True,-0.8748,89.1252,90.8748,-1.3191,,,7.2,180.0,25.0,79.4,0.9146,141,0.923,0.03,0.03,-0.2154,-0.2032,0.2914,
696,23.2,True,-0.9779,89.0221,90.9779,-1.3121,,,7.4,185.0,25.0,81.94,0.9041,166,0.209,0.03,0.03,-0.0554,-0.0554,0.2903,
697,23.2333,True,-1.0777,88.9223,91.0777,-1.3138,,,7.36,184.0,25.0,83.59,0.9084,148,-0.0499,0.03,0.03,0.0154,-0.2107,0.2827,
698,23.2667,True,-0.9606,89.0394,90.9606,-1.3387,,,7.625,183.0,24.0,83.56,0.9129,136,-0.7478,0.03,0.03,0.0346,-0.1395,0.2801,
699,23.3,True,-0.8516,89.1484,90.8516,-1.3549,,,7.4,185.0,25.0,84.93,0.8912,147,-0.4861,0.03,0.03,-0.1603,-0.0262,0.2735,
700,23.3333,True,-0.769,89.231,90.769,-1.3655,,,7.4,185.0,25.0,85.11,0.887,146,-0.316,0.03,0.03,-0.0324,-0.1898,0.2716,
701,23.3667,True,-0.5843,89.4157,90.5843,-1.3341,,,6.32,158.0,25.0,84.79,0.8779,142,0.9392,0.03,0.03,-0.0242,-0.1752,0.2689,
702,23.4,True,-0.6497,89.3503,90.6497,-1.2849,,,6.32,158.0,25.0,85.59,0.9051,144,1.4776,0.03,0.03,-0.0667,-0.0992,0.2668,
703,23.4333,True,-0.7239,89.2761,90.7239,-1.2371,,,7.48,187.0,25.0,85.62,0.9105,149,1.4336,0.03,0.03,-0.1043,0.0538,0.2649,
704,23.4667,True,-0.8421,89.1579,90.8421,-1.206,,,7.48,187.0,25.0,85.73,0.8734,121,0.9319,0.03,0.03,-0.1152,0.0648,0.2656,
705,23.5,True,-0.8342,89.1658,90.8342,-1.1859,,,7.52,188.0,25.0,85.74,0.9029,150,0.6057,0.03,0.03,-0.1543,0.1116,0.2641,
706,23.5333,True,-0.8582,89.1418,90.8582,-1.2113,,,7.52,188.0,25.0,85.74,0.9052,158,-0.7643,0.03,0.03,-0.1144,0.0868,0.2648,
707,23.5667,True,-0.8631,89.1369,90.8631,-1.2307,,,7.52,188.0,25.0,85.43,0.9052,159,-0.5797,0.03,0.03,-0.1087,0.0903,0.2668,
708,23.6,True,-0.8679,89.1321,90.8679,-1.2488,,,7.68,192.0,25.0,85.68,0.9222,170,-0.5452,0.03,0.03,-0.0882,0.095,0.2668,
709,23.6333,True,-0.8468,89.1532,90.8468,-1.2606,,,7.64,191.0,25.0,85.08,0.9001,142,-0.3544,0.03,0.03,-0.0044,0.1058,0.2692,
710,23.6667,True,-0.8463,89.1537,90.8463,-1.2683,,,7.56,189.0,25.0,84.96,0.9027,149,-0.2304,0.05,0.05,-0.012,0.0503,0.2696,
711,23.7,True,-0.684,89.316,90.684,-1.2693,,,7.4615,194.0,26.0,84.95,0.915,179,-0.0308,0.05,0.05,-0.041,0.032,0.2737,
712,23.7333,True,-0.7118,89.2882,90.7118,-1.2698,,,7.4615,194.0,26.0,84.86,0.9159,177,-0.0145,0.05,0.05,-0.0449,0.0406,0.2742,
713,23.7667,True,-0.7116,89.2884,90.7116,-1.2231,,,7.6078,194.0,25.5,84.73,0.9168,176,1.4033,0.05,0.05,0.056,0.0911,0.2815,
714,23.8,True,-0.5193,89.4807,90.5193,-1.1926,,,7.4231,193.0,26.0,84.56,0.9106,161,0.914,0.05,0.05,0.0472,0.0414,0.2682,
715,23.8333,True,-0.714,89.286,90.714,-1.1728,,,7.4231,193.0,26.0,85.74,0.9131,159,0.5941,0.05,0.05,0.0172,0.0474,0.2723,
716,23.8667,True,-0.6324,89.3676,90.6324,-1.1599,,,7.4231,193.0,26.0,86.06,0.9177,173,0.3861,0.05,0.05,0.0734,-0.0773,0.2743,
717,23.9,True,-0.4644,89.5356,90.4644,-1.1238,,,5.92,148.0,25.0,86.26,0.9078,141,1.083,0.05,0.05,-0.1413,0.0577,0.277,
718,23.9333,True,-0.2887,89.7113,90.2887,-1.0608,,,6.56,164.0,25.0,86.16,0.9008,147,1.8911,0.07,0.07,-0.1058,-0.0724,0.2786,
719,23.9667,True,-0.2794,89.7206,90.2794,-1.0006,,,5.92,148.0,25.0,86.17,0.9004,144,1.8056,0.07,0.07,-0.1294,-0.0346,0.28,
720,24.0,True,-0.2415,89.7585,90.2415,-0.9,,,6.449,158.0,24.5,86.93,0.9158,126,3.0186,0.07,0.07,-0.3105,-0.1365,0.2801,
721,24.0333,True,-0.1706,89.8294,90.1706,-0.8313,,,6.72,168.0,25.0,87.18,0.9013,133,2.0599,0.07,0.07,-0.3051,-0.0593,0.2796,
722,24.0667,True,-0.0,90.0,90.0,-0.7734,,,5.7037,154.0,27.0,87.09,0.8509,83,1.7364,0.07,0.07,-0.2639,-0.0642,0.2796,
723,24.1,True,-0.4313,89.5687,90.4313,-0.7358,,,7.84,196.0,25.0,87.31,0.8986,156,1.1287,0.07,0.07,-0.0985,-0.1493,0.2802,
724,24.1333,True,-0.4562,89.5438,90.4562,-0.7114,,,8.04,201.0,25.0,87.19,0.8912,151,0.7336,0.07,0.07,-0.1385,0.0217,0.2798,
725,24.1667,True,-0.4478,89.5522,90.4478,-0.7619,,,8.04,201.0,25.0,86.93,0.8878,148,-1.516,0.07,0.07,-0.134,-0.0557,0.28,
726,24.2,True,-0.4429,89.5571,90.4429,-0.7988,,,7.8077,203.0,26.0,88.73,0.8912,170,-1.1075,0.07,0.07,-0.1404,-0.053,0.2806,
727,24.2333,True,-0.3727,89.6273,90.3727,-0.8228,,,7.7308,201.0,26.0,88.47,0.8954,161,-0.7199,0.07,0.07,-0.0611,0.0304,0.2792,
728,24.2667,True,-0.2994,89.7006,90.2994,-0.8384,,,7.7692,202.0,26.0,88.53,0.898,159,-0.4679,0.07,0.07,-0.0542,0.0602,0.279,
729,24.3,True,-0.2242,89.7758,90.2242,-0.8239,,,8.12,203.0,25.0,88.91,0.9047,155,0.4337,0.07,0.07,0.0735,-0.0371,0.2757,
730,24.3333,True,-0.2317,89.7683,90.2317,-0.7889,,,8.0,204.0,25.5,88.99,0.9016,156,1.0516,0.07,0.07,0.0959,-0.1804,0.2771,
731,24.3667,True,-0.289,89.711,90.289,-0.7625,,,8.2,205.0,25.0,88.82,0.8996,156,0.7924,0.07,0.07,0.0547,-0.1806,0.2738,
732,24.4,True,-0.377,89.623,90.377,-0.7453,,,7.9231,206.0,26.0,89.51,0.877,176,0.515,0.07,0.07,0.049,-0.1224,0.2761,
733,24.4333,True,-0.3117,89.6883,90.3117,-0.7341,,,7.9615,207.0,26.0,89.02,0.8798,174,0.3348,0.07,0.07,-0.061,-0.3157,0.274,
734,24.4667,True,-0.2945,89.7055,90.2945,-0.7288,,,7.9615,207.0,26.0,89.05,0.8847,174,0.1597,0.07,0.07,-0.0218,-0.3992,0.2723,
735,24.5,True,-0.0813,89.9187,90.0813,-0.7254,,,8.28,207.0,25.0,89.38,0.8987,166,0.1038,0.07,0.07,0.0161,-0.2259,0.2739,
736,24.5333,True,-0.1133,89.8867,90.1133,-0.7231,,,8.32,208.0,25.0,89.67,0.8966,164,0.0675,0.07,0.07,0.0147,-0.26,0.2753,
737,24.5667,True,-0.061,89.939,90.061,-0.6582,,,8.28,207.0,25.0,89.6,0.8919,169,1.9462,0.07,0.07,0.0337,-0.1612,0.2802,
738,24.6,True,-0.2824,89.7176,90.2824,-0.6161,,,8.0769,210.0,26.0,91.29,0.845,188,1.265,0.07,0.07,-0.0054,-0.1571,0.2803,
739,24.6333,True,-0.3593,89.6407,90.3593,-0.5887,,,8.0385,209.0,26.0,91.14,0.8781,167,0.8223,0.07,0.07,-0.075,0.0202,0.2795,
740,24.6667,True,-0.4049,89.5951,90.4049,-0.63,,,7.7407,209.0,27.0,91.1,0.8808,162,-1.2411,0.07,0.07,-0.0796,-0.0572,0.2813,
741,24.7,True,-0.2236,89.7764,90.2236,-0.6569,,,8.0769,210.0,26.0,89.38,0.8607,170,-0.8067,0.07,0.07,-0.1624,-0.1492,0.2804,
742,24.7333,True,-0.2193,89.7807,90.2193,-0.6744,,,8.0769,210.0,26.0,89.48,0.8595,172,-0.5244,0.07,0.07,-0.1225,-0.2906,0.2833,
743,24.7667,True,0.0649,89.9351,89.9351,-0.6652,,,8.1538,212.0,26.0,90.08,0.8352,181,0.2767,0.07,0.07,0.0091,-0.0867,0.2876,
744,24.8,True,-0.0897,89.9103,90.0897,-0.6576,,,8.1923,213.0,26.0,92.06,0.8512,188,0.2257,0.07,0.07,0.0442,-0.1829,0.2882,
745,24.8333,True,-0.1197,89.8803,90.1197,-0.6179,,,8.2692,215.0,26.0,92.27,0.8521,185,1.1917,0.07,0.07,0.0196,-0.014,0.289,
746,24.8667,True,-0.0926,89.9074,90.0926,-0.5826,,,8.6,215.0,25.0,92.15,0.8542,178,1.0592,0.07,0.07,0.0543,0.0887,0.2898,
747,24.9,True,-0.5081,89.4919,90.5081,-0.5597,,,7.9259,214.0,27.0,92.09,0.8838,150,0.6885,0.07,0.07,0.1186,0.0719,0.2896,
748,24.9333,True,-0.4379,89.5621,90.4379,-0.5542,,,7.9259,214.0,27.0,92.22,0.8855,160,0.1629,0.07,0.07,0.1456,0.1221,0.289,
749,24.9667,True,-0.43,89.57,90.43,-0.6593,,,7.9259,214.0,27.0,92.22,0.8847,160,-3.1521,0.09,0.09,0.0311,0.1253,0.2901,
750,25.0,True,-0.185,89.815,90.185,-0.7276,,,7.963,215.0,27.0,90.42,0.886,144,-2.0488,0.09,0.09,0.0623,0.1152,0.2978,
751,25.0333,True,-0.6132,89.3868,90.6132,-0.7747,,,7.8889,213.0,27.0,92.38,0.8995,151,-1.4141,0.09,0.09,0.1927,-0.0082,0.2988,
752,25.0667,True,-0.5435,89.4565,90.5435,-0.8054,,,8.0,216.0,27.0,92.43,0.8936,157,-0.9192,0.09,0.09,0.1795,0.2133,0.299,
753,25.1,True,-0.5812,89.4188,90.5812,-0.8623,,,8.0,216.0,27.0,91.64,0.88,164,-1.707,0.09,0.09,0.1665,0.3974,0.3003,
754,25.1333,True,-0.546,89.454,90.546,-0.9001,,,8.0,216.0,27.0,91.52,0.8806,165,-1.1359,0.11,0.11,0.1888,0.5911,0.3034,
755,25.1667,True,-0.5558,89.4442,90.5558,-0.9282,,,8.0,216.0,27.0,92.02,0.8828,164,-0.8408,0.11,0.11,0.1405,0.554,0.3038,
756,25.2,True,-0.4769,89.5231,90.4769,-0.943,,,8.1111,219.0,27.0,91.72,0.8727,173,-0.4441,0.11,0.11,-0.0229,0.3099,0.3063,
757,25.2333,True,-0.3897,89.6103,90.3897,-0.9526,,,8.1111,219.0,27.0,92.19,0.861,176,-0.2887,0.11,0.11,-0.0919,0.0102,0.3074,
758,25.2667,True,-0.35,89.65,90.35,-0.9347,,,8.1481,220.0,27.0,91.67,0.8506,185,0.5383,0.11,0.11,-0.0806,-0.018,0.3082,
759,25.3,True,-0.3667,89.6333,90.3667,-0.8925,,,8.4231,219.0,26.0,90.87,0.852,192,1.2654,0.11,0.11,0.1117,0.2807,0.313,
760,25.3333,True,-0.3626,89.6374,90.3626,-0.857,,,8.1481,220.0,27.0,91.22,0.8591,194,1.0639,0.11,0.11,0.1044,0.2203,0.3158,
761,25.3667,True,-0.3616,89.6384,90.3616,-0.8325,,,8.1481,220.0,27.0,91.61,0.8613,191,0.7346,0.11,0.11,0.0801,0.0081,0.3197,
762,25.4,True,-0.4087,89.5913,90.4087,-0.8166,,,8.1481,220.0,27.0,91.26,0.866,189,0.4775,0.11,0.11,-0.0394,0.1315,0.3229,
763,25.4333,True,-0.5355,89.4645,90.5355,-0.8077,,,8.2308,214.0,26.0,94.07,0.8724,193,0.2673,-0.11,-0.11,-0.0066,-0.0184,0.3255,
764,25.4667,True,-0.4827,89.5173,90.4827,-0.8166,,,8.2308,214.0,26.0,93.86,0.868,194,-0.267,-0.11,-0.11,0.0115,-0.025,0.3232,
765,25.5,True,-0.5296,89.4704,90.5296,-0.8483,,,8.2963,224.0,27.0,92.92,0.8658,214,-0.9504,-0.11,-0.11,0.122,0.0424,0.3239,
766,25.5333,True,-0.5003,89.4997,90.5003,-0.875,,,8.2963,224.0,27.0,92.66,0.8622,211,-0.8022,-0.11,-0.11,0.1871,0.0433,0.3267,
767,25.5667,True,-0.4796,89.5204,90.4796,-0.8924,,,8.2963,224.0,27.0,92.49,0.8606,208,-0.5214,-0.09,-0.09,0.1322,0.1649,0.3297,
768,25.6,True,-0.4962,89.5038,90.4962,-0.9023,,,8.0714,226.0,28.0,91.78,0.856,219,-0.296,0.11,0.11,-0.0476,-0.433,0.3339,
769,25.6333,True,-0.4824,89.5176,90.4824,-0.9087,,,8.3333,225.0,27.0,92.72,0.865,204,-0.1924,0.11,0.11,0.0,-0.5483,0.34,
770,25.6667,True,-0.4334,89.5666,90.4334,-0.908,,,8.3333,225.0,27.0,92.07,0.8623,205,0.0199,0.13,0.13,0.2001,-0.4632,0.3441,
771,25.7,True,-0.5011,89.4989,90.5011,-0.9076,,,8.1429,228.0,28.0,93.77,0.8609,221,0.0129,0.11,0.11,0.2382,-0.2779,0.3472,
772,25.7333,True,-0.4228,89.5772,90.4228,-0.9073,,,8.1429,228.0,28.0,94.08,0.86,219,0.0084,0.11,0.11,0.2285,-0.3431,0.347,
773,25.7667,True,-0.3926,89.6074,90.3926,-0.89,,,8.1429,228.0,28.0,94.13,0.8618,221,0.5191,0.12,0.12,0.0283,-0.2519,0.3488,
774,25.8,True,-0.4356,89.5644,90.4356,-0.8788,,,8.25,231.0,28.0,89.73,0.8412,225,0.3374,0.11,0.11,0.1581,0.5166,0.3508,
775,25.8333,True,-0.405,89.595,90.405,-0.8677,,,8.2857,232.0,28.0,89.8,0.844,225,0.3314,0.11,0.11,0.2088,0.5928,0.3551,
776,25.8667,True,-0.4659,89.5341,90.4659,-0.8605,,,8.1481,220.0,27.0,90.13,0.8532,207,0.2154,0.13,0.13,0.2019,0.5686,0.3602,
777,25.9,True,-0.5248,89.4752,90.5248,-0.8603,,,8.2143,230.0,28.0,90.99,0.8475,222,0.0056,0.12,0.12,-0.0101,0.2136,0.3625,
778,25.9333,True,-0.5103,89.4897,90.5103,-0.8708,,,8.25,231.0,28.0,91.01,0.8435,224,-0.3145,0.13,0.13,0.0946,0.1914,0.3654,
779,25.9667,True,-0.5245,89.4755,90.5245,-0.8932,,,8.25,231.0,28.0,91.49,0.8408,224,-0.6713,0.12,0.12,0.0055,0.2143,0.3663,
780,26.0,True,-0.4143,89.5857,90.4143,-0.9077,,,8.25,231.0,28.0,91.57,0.8467,215,-0.4363,0.12,0.12,-0.1349,-0.0717,0.3677,
781,26.0333,True,-0.4306,89.5694,90.4306,-0.9172,,,8.2857,232.0,28.0,92.68,0.8508,215,-0.2836,0.12,0.12,-0.1544,0.2397,0.3696,
782,26.0667,True,-0.3978,89.6022,90.3978,-0.8954,,,8.2857,232.0,28.0,92.6,0.8575,217,0.653,0.12,0.12,-0.3223,0.3473,0.3679,
783,26.1,True,-0.4083,89.5917,90.4083,-0.8756,,,8.25,231.0,28.0,90.89,0.8612,211,0.595,0.14,0.14,-0.3164,0.396,0.3691,
784,26.1333,True,-0.3623,89.6377,90.3623,-0.8606,,,8.25,231.0,28.0,90.93,0.861,220,0.4504,0.14,0.14,-0.3654,0.1945,0.3709,
785,26.1667,True,-0.3007,89.6993,90.3007,-0.8472,,,8.2143,230.0,28.0,90.93,0.8736,203,0.4028,0.14,0.14,-0.3627,-0.0843,0.3729,
786,26.2,True,-0.369,89.631,90.369,-0.8283,,,8.2143,230.0,28.0,86.5,0.8865,214,0.5645,0.12,0.12,-0.3375,-0.0017,0.3738,
787,26.2333,True,-0.2851,89.7149,90.2851,-0.8138,,,8.069,234.0,29.0,88.34,0.8742,220,0.4375,0.12,0.12,-0.0173,-0.027,0.3809,
788,26.2667,True,-0.2815,89.7185,90.2815,-0.7827,,,8.3214,233.0,28.0,88.04,0.8751,216,0.9306,0.12,0.12,-0.0344,0.0564,0.3851,
789,26.3,True,-0.2769,89.7231,90.2769,-0.7571,,,8.3929,235.0,28.0,86.97,0.8817,212,0.7687,-0.14,-0.14,-0.1328,0.0885,0.388,
790,26.3333,True,-0.2739,89.7261,90.2739,-0.7392,,,8.3929,235.0,28.0,86.61,0.8784,209,0.5373,-0.14,-0.14,-0.0918,0.2087,0.3928,
791,26.3667,True,-0.2765,89.7235,90.2765,-0.726,,,8.3929,235.0,28.0,86.52,0.8763,215,0.3973,-0.14,-0.14,0.0165,0.4342,0.398,
792,26.4,True,-0.3565,89.6435,90.3565,-0.7174,,,8.2414,239.0,29.0,86.57,0.8813,223,0.2583,-0.14,-0.14,0.1806,0.488,0.4036,
793,26.4333,True,-0.5089,89.4911,90.5089,-0.7118,,,8.5,238.0,28.0,88.26,0.8665,225,0.1679,-0.14,-0.14,0.151,0.3554,0.4057,
794,26.4667,True,-0.5496,89.4504,90.5496,-0.736,,,8.1724,237.0,29.0,88.22,0.8726,223,-0.7264,-0.14,-0.14,0.0046,0.35,0.4053,
795,26.5,True,-0.614,89.386,90.614,-0.805,,,8.2414,239.0,29.0,88.63,0.8642,221,-2.0717,-0.14,-0.14,-0.1822,0.2047,0.4063,
796,26.5333,True,-0.6154,89.3846,90.6154,-0.8642,,,8.2069,238.0,29.0,87.46,0.863,218,-1.7743,-0.14,-0.14,-0.1597,-0.1117,0.4077,
797,26.5667,True,-0.6584,89.3416,90.6584,-0.9252,,,8.2414,239.0,29.0,85.62,0.8638,212,-1.8293,-0.14,-0.14,-0.2165,-0.0928,0.4097,
798,26.6,True,-0.6476,89.3524,90.6476,-0.9653,,,8.0,240.0,30.0,85.47,0.8694,222,-1.2038,-0.14,-0.14,0.1658,0.2741,0.4134,
799,26.6333,True,-0.6756,89.3244,90.6756,-1.0026,,,8.2414,239.0,29.0,84.21,0.8717,217,-1.1206,-0.14,-0.14,0.1215,-0.0361,0.4162,
800,26.6667,True,-0.8068,89.1932,90.8068,-1.0307,,,8.1724,237.0,29.0,84.42,0.8714,224,-0.8418,-0.14,-0.14,0.1712,-0.0377,0.422,
801,26.7,True,-1.0252,88.9748,91.0252,-1.055,,,8.1724,237.0,29.0,85.19,0.8605,221,-0.7279,-0.14,-0.14,0.3695,-0.3417,0.4268,
802,26.7333,True,-0.9957,89.0043,90.9957,-1.1167,,,8.2069,238.0,29.0,83.79,0.8592,226,-1.8512,-0.14,-0.14,0.3077,-0.4127,0.4273,
803,26.7667,True,-0.9961,89.0039,90.9961,-1.2229,,,8.2414,239.0,29.0,85.06,0.8597,227,-3.186,-0.14,-0.14,0.3984,-0.304,0.4343,
804,26.8,True,-1.1194,88.8806,91.1194,-1.292,,,8.3103,241.0,29.0,87.84,0.8422,232,-2.0754,-0.14,-0.14,0.1371,0.4181,0.4339,
805,26.8333,True,-1.0835,88.9165,91.0835,-1.3472,,,8.3103,241.0,29.0,86.41,0.8547,231,-1.6543,-0.16,-0.16,-0.0264,0.7626,0.4355,
806,26.8667,True,-1.0523,88.9477,91.0523,-1.3925,,,8.3103,241.0,29.0,86.0,0.8579,230,-1.3606,-0.16,-0.16,-0.0054,0.6625,0.4375,
807,26.9,True,-0.9541,89.0459,90.9541,-1.422,,,8.3448,242.0,29.0,81.65,0.8751,228,-0.8844,-0.14,-0.14,-0.0642,-0.1232,0.4392,
808,26.9333,True,-0.9587,89.0413,90.9587,-1.4412,,,8.3448,242.0,29.0,80.43,0.8731,227,-0.5748,-0.14,-0.14,0.0897,-0.3045,0.4444,
809,26.9667,True,-0.9487,89.0513,90.9487,-1.4209,,,8.3448,242.0,29.0,82.18,0.8752,228,0.6092,-0.14,-0.14,0.2263,-0.2854,0.4487,
810,27.0,True,-1.0828,88.9172,91.0828,-1.4077,,,8.4138,244.0,29.0,80.08,0.8638,232,0.396,-0.16,-0.16,0.0365,0.0998,0.4561,
811,27.0333,True,-1.0931,88.9069,91.0931,-1.3991,,,8.3793,243.0,29.0,79.1,0.8808,224,0.2574,-0.16,-0.16,-0.1691,-0.0234,0.463,
812,27.0667,True,-1.1043,88.8957,91.1043,-1.4369,,,8.3793,243.0,29.0,77.78,0.8879,227,-1.1348,-0.16,-0.16,-0.0373,0.1845,0.4692,
813,27.1,True,-1.1103,88.8897,91.1103,-1.4651,,,8.069,234.0,29.0,75.68,0.8784,219,-0.8465,-0.16,-0.16,-0.1291,-0.0699,0.4752,
814,27.1333,True,-1.0713,88.9287,91.0713,-1.4835,,,8.3103,241.0,29.0,74.03,0.8824,225,-0.5502,-0.16,-0.16,0.1526,-0.0639,0.4828,
815,27.1667,True,-1.0995,88.9005,91.0995,-1.4976,,,8.2759,240.0,29.0,76.78,0.8827,224,-0.4244,-0.16,-0.16,0.2845,-0.0066,0.4911,
816,27.2,True,-1.1298,88.8702,91.1298,-1.5085,,,8.4138,244.0,29.0,73.82,0.8819,216,-0.3267,-0.16,-0.16,0.272,-0.0483,0.4938,
817,27.2333,True,-1.0472,88.9528,91.0472,-1.5139,,,8.4138,244.0,29.0,75.33,0.8846,229,-0.1615,-0.16,-0.16,0.3342,0.1057,0.4984,
818,27.2667,True,-1.1385,88.8615,91.1385,-1.5174,,,8.1667,245.0,30.0,75.39,0.8886,213,-0.105,-0.16,-0.16,0.3678,0.064,0.5009,
819,27.3,True,-1.1963,88.8037,91.1963,-1.5303,,,8.3103,241.0,29.0,80.18,0.8842,213,-0.3861,-0.16,-0.16,0.1843,-0.1767,0.4972,
820,27.3333,True,-1.3144,88.6856,91.3144,-1.5417,,,7.7586,225.0,29.0,78.98,0.8781,195,-0.343,-0.16,-0.16,-0.0516,-0.315,0.4926,
821,27.3667,True,-1.2128,88.7872,91.2128,-1.5694,,,8.3448,242.0,29.0,79.13,0.8766,222,-0.8301,-0.16,-0.16,-0.179,-0.3627,0.4856,
822,27.4,True,-1.3135,88.6865,91.3135,-1.5931,,,7.8333,235.0,30.0,67.85,0.8714,219,-0.7125,-0.18,-0.18,-0.1231,0.1693,0.4853,
823,27.4333,True,-1.2386,88.7614,91.2386,-1.6176,,,8.2333,247.0,30.0,67.87,0.8654,229,-0.7341,-0.18,-0.18,-0.4327,0.4589,0.5,
824,27.4667,True,-1.3044,88.6956,91.3044,-1.6565,,,7.7,231.0,30.0,68.78,0.8723,213,-1.1681,-0.18,-0.18,-0.2282,0.4426,0.5088,
825,27.5,True,-1.1504,88.8496,91.1504,-1.6588,,,8.2333,247.0,30.0,66.93,0.8599,227,-0.0683,-0.18,-0.18,0.4029,0.4222,0.5251,
826,27.5333,True,-1.2772,88.7228,91.2772,-1.6738,,,7.9,237.0,30.0,67.18,0.8582,205,-0.4499,-0.18,-0.18,0.2704,0.5236,0.5351,
827,27.5667,True,-1.3018,88.6982,91.3018,-1.6836,,,7.9,237.0,30.0,65.79,0.8593,208,-0.2925,-0.18,-0.18,0.0329,0.4816,0.5437,
828,27.6,True,-1.2154,88.7846,91.2154,-1.6899,,,8.3,249.0,30.0,55.0,0.8649,221,-0.1901,-0.18,-0.18,-0.1223,-0.1204,0.5554,
829,27.6333,True,-1.2194,88.7806,91.2194,-1.6738,,,7.9,237.0,30.0,58.58,0.8718,215,0.4841,-0.18,-0.18,-0.0863,-0.1906,0.5752,
830,27.6667,True,-1.394,88.606,91.394,-1.6835,,,7.9667,239.0,30.0,59.84,0.8657,221,-0.293,-0.18,-0.18,-0.1023,-0.2893,0.588,
831,27.7,True,-1.369,88.631,91.369,-1.6985,,,8.0333,241.0,30.0,57.13,0.8639,227,-0.4489,-0.18,-0.18,0.1067,-0.479,0.6031,
832,27.7333,True,-1.4467,88.5533,91.4467,-1.7317,,,7.8,234.0,30.0,57.8,0.8784,218,-0.9968,-0.18,-0.18,0.2206,-0.5819,0.6136,
833,27.7667,True,-1.4449,88.5551,91.4449,-1.762,,,7.8333,235.0,30.0,59.27,0.8776,218,-0.9101,-0.18,-0.18,0.3509,-0.5688,0.6197,
834,27.8,True,-1.2998,88.7002,91.2998,-1.7818,,,8.5333,256.0,30.0,51.12,0.8701,245,-0.5916,-0.18,-0.18,0.3554,-0.4768,0.6268,
835,27.8333,True,-1.2963,88.7037,91.2963,-1.7858,,,8.5333,256.0,30.0,52.45,0.8694,244,-0.1223,-0.18,-0.18,0.2095,-0.3348,0.6406,
836,27.8667,True,-1.337,88.663,91.337,-1.7773,,,8.5333,256.0,30.0,50.2,0.8678,242,0.2569,-0.18,-0.18,-0.0315,-0.431,0.654,
837,27.9,True,-1.4375,88.5625,91.4375,-1.7717,,,8.4333,253.0,30.0,46.97,0.8576,242,0.167,-0.18,-0.18,0.1149,-0.0139,0.6678,
838,27.9333,True,-1.4957,88.5043,91.4957,-1.7681,,,8.4333,253.0,30.0,46.83,0.8528,238,0.1085,-0.18,-0.18,0.8383,-0.0341,0.6895,
839,27.9667,True,-1.418,88.582,91.418,-1.7941,,,8.6333,259.0,30.0,46.71,0.8546,242,-0.7808,-0.2,-0.2,0.4605,-0.0305,0.6972,
840,28.0,True,-1.3835,88.6165,91.3835,-1.811,,,8.6129,267.0,31.0,41.14,0.8398,244,-0.5075,-0.16,-0.16,-0.0309,0.2127,0.7067,
841,28.0333,True,-1.4704,88.5296,91.4704,-1.8288,,,8.5806,266.0,31.0,40.67,0.8409,240,-0.534,0.18,0.18,-0.6467,0.1999,0.7094,
842,28.0667,True,-1.4554,88.5446,91.4554,-1.8467,,,8.9667,269.0,30.0,43.02,0.8449,257,-0.5348,0.18,0.18,-1.0214,0.1699,0.7042,
843,28.1,True,-1.4482,88.5518,91.4482,-1.8558,,,8.6129,267.0,31.0,43.49,0.8518,255,-0.273,0.18,0.18,-0.5615,0.2208,0.7019,
844,28.1333,True,-1.4337,88.5663,91.4337,-1.8617,,,8.9,267.0,30.0,42.76,0.851,253,-0.1775,0.18,0.18,-0.9362,0.2428,0.7067,
845,28.1667,True,-1.3755,88.6245,91.3755,-1.8655,,,8.9,267.0,30.0,43.44,0.8447,254,-0.1153,0.18,0.18,-1.0083,0.3587,0.7132,
846,28.2,True,-1.3884,88.6116,91.3884,-1.8629,,,8.7742,272.0,31.0,40.03,0.8275,255,0.0775,0.18,0.18,-0.9248,0.4282,0.7159,
847,28.2333,True,-1.3833,88.6167,91.3833,-1.8454,,,8.7742,272.0,31.0,40.66,0.8343,261,0.5263,0.18,0.18,-0.8722,0.2888,0.7204,
848,28.2667,True,-1.4006,88.5994,91.4006,-1.834,,,8.7742,272.0,31.0,41.01,0.8418,260,0.3421,0.16,0.16,-0.799,0.3139,0.7215,
849,28.3,True,-1.3695,88.6305,91.3695,-1.8248,,,9.1,273.0,30.0,45.59,0.8391,259,0.2755,0.16,0.16,-0.9328,0.2082,0.7297,
850,28.3333,True,-1.4038,88.5962,91.4038,-1.8206,,,8.7419,271.0,31.0,45.75,0.8402,258,0.1259,0.16,0.16,-0.5243,0.6128,0.7355,
851,28.3667,True,-1.361,88.639,91.361,-1.8161,,,8.7419,271.0,31.0,45.77,0.8475,257,0.135,-0.14,-0.14,-0.1331,0.3134,0.7384,
852,28.4,True,-1.3807,88.6193,91.3807,-1.8123,,,8.8387,274.0,31.0,47.24,0.8279,260,0.1153,-0.16,-0.16,0.0016,0.3186,0.734,
853,28.4333,True,-1.3717,88.6283,91.3717,-1.8066,,,8.8387,274.0,31.0,47.02,0.8283,260,0.1693,-0.18,-0.18,0.6528,-0.109,0.7222,
854,28.4667,True,-1.3923,88.6077,91.3923,-1.8061,,,8.6774,269.0,31.0,46.53,0.8186,254,0.0157,-0.18,-0.18,0.8911,0.4161,0.7207,
855,28.5,True,-1.4602,88.5398,91.4602,-1.8058,,,8.4839,263.0,31.0,46.5,0.8267,249,0.0102,-0.2,-0.2,0.4441,0.3395,0.7243,
856,28.5333,True,-1.3988,88.6012,91.3988,-1.8096,,,8.5806,266.0,31.0,47.5,0.8203,252,-0.1146,-0.2,-0.2,0.4,0.045,0.7223,
857,28.5667,True,-1.4155,88.5845,91.4155,-1.8143,,,8.6129,267.0,31.0,47.09,0.8287,253,-0.1429,-0.2,-0.2,-0.0481,0.2492,0.7206,
858,28.6,True,-1.2959,88.7041,91.2959,-1.8174,,,8.9032,276.0,31.0,46.86,0.8128,263,-0.0929,-0.2,-0.2,-0.0671,-0.0447,0.7235,
859,28.6333,True,-1.2384,88.7616,91.2384,-1.8195,,,8.871,275.0,31.0,46.06,0.8185,261,-0.0604,-0.2,-0.2,-0.118,0.0291,0.7254,
860,28.6667,True,-1.2153,88.7847,91.2153,-1.7847,,,8.9355,277.0,31.0,45.99,0.8248,262,1.0413,-0.2,-0.2,-0.2029,0.0622,0.7277,
861,28.7,True,-1.2125,88.7875,91.2125,-1.7421,,,9.0,279.0,31.0,46.37,0.826,265,1.2799,-0.2,-0.2,-0.459,0.1554,0.7341,
862,28.7333,True,-1.197,88.803,91.197,-1.7062,,,9.0,279.0,31.0,46.67,0.8293,263,1.075,-0.2,-0.2,-0.376,-0.0837,0.7363,
863,28.7667,True,-1.1729,88.8271,91.1729,-1.682,,,9.0,279.0,31.0,46.05,0.8263,265,0.7278,-0.2,-0.2,-0.2504,-0.1383,0.7381,
864,28.8,True,-1.1693,88.8307,91.1693,-1.6608,,,9.0,279.0,31.0,43.97,0.8458,265,0.6364,-0.2,-0.2,0.7424,0.207,0.748,
865,28.8333,True,-1.2021,88.7979,91.2021,-1.647,,,9.0645,281.0,31.0,44.61,0.8563,264,0.4137,-0.2,-0.2,0.7689,0.3713,0.7533,
866,28.8667,True,-1.3079,88.6921,91.3079,-1.638,,,9.3667,281.0,30.0,45.06,0.8711,266,0.2689,-0.2,-0.2,1.2674,0.3784,0.7556,
867,28.9,True,-1.2812,88.7188,91.2812,-1.634,,,9.3667,281.0,30.0,43.99,0.8621,266,0.1206,-0.2,-0.2,1.1883,0.5547,0.7586,
868,28.9333,True,-1.3934,88.6066,91.3934,-1.6591,,,9.3667,281.0,30.0,44.27,0.8603,266,-0.7521,-0.2,-0.2,0.8007,0.5921,0.7639,
869,28.9667,True,-1.4587,88.5413,91.4587,-1.6847,,,9.3667,281.0,30.0,44.53,0.8628,266,-0.7694,-0.2,-0.2,0.8973,0.5828,0.7697,
870,29.0,True,-1.3677,88.6323,91.3677,-1.7223,,,9.4333,283.0,30.0,39.1,0.852,268,-1.1281,-0.2,-0.2,0.9367,0.4286,0.7701,
871,29.0333,True,-1.41,88.59,91.41,-1.7557,,,9.129,283.0,31.0,44.08,0.8615,269,-1.0027,-0.2,-0.2,0.7266,0.3017,0.7751,
872,29.0667,True,-1.4764,88.5236,91.4764,-1.7833,,,9.129,283.0,31.0,43.16,0.8565,269,-0.8258,-0.2,-0.2,0.7753,0.1409,0.7767,
873,29.1,True,-1.5411,88.4589,91.5411,-1.8182,,,9.4667,284.0,30.0,39.74,0.8496,269,-1.0484,-0.2,-0.2,0.8843,-0.0883,0.7774,
874,29.1333,True,-1.5368,88.4632,91.5368,-1.8471,,,9.5,285.0,30.0,38.75,0.8491,270,-0.8669,-0.14,-0.14,0.2468,-0.1594,0.7893,
875,29.1667,True,-1.5706,88.4294,91.5706,-1.887,,,9.5333,286.0,30.0,38.96,0.8417,271,-1.1981,0.18,0.18,-0.3676,-0.0289,0.7862,
876,29.2,True,-1.5397,88.4603,91.5397,-1.914,,,9.5333,286.0,30.0,41.38,0.837,271,-0.8094,0.18,0.18,-0.754,-0.141,0.7849,
877,29.2333,True,-1.5658,88.4342,91.5658,-1.932,,,9.5,285.0,30.0,42.25,0.8279,270,-0.5408,0.18,0.18,-0.3348,-0.0495,0.7884,
878,29.2667,True,-1.5959,88.4041,91.5959,-1.9524,,,9.5,285.0,30.0,42.76,0.8279,270,-0.6109,0.18,0.18,-0.3386,0.1081,0.7883,
879,29.3,True,-1.6106,88.3894,91.6106,-1.9673,,,9.6,288.0,30.0,43.49,0.8275,274,-0.4471,-0.16,-0.16,-0.0631,0.0418,0.7955,
880,29.3333,True,-1.6722,88.3278,91.6722,-1.9859,,,9.5667,287.0,30.0,43.12,0.8287,270,-0.5563,-0.18,-0.18,0.5252,0.0185,0.7963,
881,29.3667,True,-1.677,88.323,91.677,-2.0031,,,9.5667,287.0,30.0,43.2,0.8216,272,-0.5166,-0.2,-0.2,0.8234,-0.0243,0.7916,
882,29.4,True,-1.6788,88.3212,91.6788,-2.0358,,,8.9355,277.0,31.0,37.8,0.8205,266,-0.9819,-0.2,-0.2,0.8834,-0.1285,0.7879,
883,29.4333,True,-1.6491,88.3509,91.6491,-2.0571,,,9.0968,282.0,31.0,38.13,0.8146,273,-0.6382,-0.14,-0.14,0.2427,-0.0416,0.8026,
884,29.4667,True,-1.6332,88.3668,91.6332,-2.0709,,,9.4333,283.0,30.0,36.62,0.8105,270,-0.4148,-0.16,-0.16,0.1544,0.1781,0.8045,
885,29.5,False,,,,,,,,,,,0.0,0,,0.18,0.18,-0.4996,0.153,0.7954,no_mask
886,29.5333,False,,,,,,,,,,,0.0,0,,0.18,0.18,-0.1921,-0.041,0.7905,no_mask
887,29.5667,False,,,,,,,,,,,0.0,0,,0.18,0.18,0.7767,-0.9123,0.7858,no_mask
888,29.6,True,-1.2456,88.7544,91.2456,-1.9984,,,9.6,288.0,30.0,38.13,0.8196,275,,0.18,0.18,0.8395,-0.7381,0.7882,
889,29.6333,True,-1.4482,88.5518,91.4482,-1.919,,,9.7931,284.0,29.0,36.24,0.7984,279,2.3844,0.18,0.18,0.963,-1.5957,0.7865,
890,29.6667,True,-1.4408,88.5592,91.4408,-1.9001,,,9.7241,282.0,29.0,35.08,0.8069,276,0.5646,0.18,0.18,0.7773,-1.5474,0.7898,
891,29.7,True,-1.5295,88.4705,91.5295,-1.8892,,,9.8276,285.0,29.0,37.44,0.7946,285,0.3279,-0.18,-0.18,0.7292,-1.6576,0.7865,
892,29.7333,True,-1.5281,88.4719,91.5281,-1.8834,,,9.7241,282.0,29.0,37.24,0.7958,283,0.174,-0.18,-0.18,0.7277,-1.6513,0.7867,
893,29.7667,True,-1.4195,88.5805,91.4195,-1.8796,,,9.8621,286.0,29.0,38.05,0.8167,283,0.1131,-0.14,-0.14,0.1973,-0.6293,0.8247,
894,29.8,True,-1.2975,88.7025,91.2975,-1.8746,,,9.8276,285.0,29.0,37.56,0.8078,285,0.1518,-2.25,-2.25,0.6572,-0.8347,0.7874,
895,29.8333,True,-1.4265,88.5735,91.4265,-1.8663,,,9.8276,285.0,29.0,38.58,0.7984,284,0.2488,-2.25,-2.25,1.1199,-0.8895,0.7526,
896,29.8667,True,-1.4012,88.5988,91.4012,-1.8584,,,9.5862,278.0,29.0,38.89,0.8037,277,0.2351,-2.25,-2.25,0.8757,-0.7244,0.7252,
897,29.9,True,-1.3352,88.6648,91.3352,-1.847,,,9.7586,283.0,29.0,38.8,0.8125,284,0.3445,-2.25,-2.25,0.3813,-0.6982,0.7063,
898,29.9333,True,-1.3391,88.6609,91.3391,-1.8178,,,9.7586,283.0,29.0,39.33,0.8084,284,0.8757,-2.25,-2.25,0.6572,-0.9025,0.7299,
899,29.9667,True,-1.3474,88.6526,91.3474,-1.8017,,,9.7586,283.0,29.0,39.34,0.8063,284,0.483,-2.25,-2.25,0.6616,-0.7026,0.7585,
900,30.0,True,-1.3343,88.6657,91.3343,-1.7883,,,9.4,282.0,30.0,41.98,0.8543,283,0.4002,-1.87,-1.87,1.1066,-1.2171,0.7772,
901,30.0333,True,-1.3506,88.6494,91.3506,-1.7797,,,9.4,282.0,30.0,42.41,0.8495,283,0.2601,-0.2,-0.2,1.4642,-0.5771,0.7852,
902,30.0667,True,-1.3722,88.6278,91.3722,-1.7769,,,9.4333,283.0,30.0,42.81,0.845,284,0.0828,-0.2,-0.2,1.2145,-0.7514,0.7857,
903,30.1,True,-1.4167,88.5833,91.4167,-1.7762,,,9.3667,281.0,30.0,41.51,0.831,282,0.0198,-0.2,-0.2,1.1533,-0.667,0.7907,
904,30.1333,True,-1.4403,88.5597,91.4403,-1.7834,,,9.3667,281.0,30.0,41.0,0.8245,282,-0.2138,-0.2,-0.2,1.5271,-0.9073,0.7938,
905,30.1667,True,-1.3959,88.6041,91.3959,-1.7963,,,9.3667,281.0,30.0,40.82,0.8206,282,-0.3885,-0.2,-0.2,1.6546,-0.8687,0.7999,
906,30.2,True,-1.3023,88.6977,91.3023,-1.8047,,,9.3333,280.0,30.0,39.81,0.8333,281,-0.2525,-0.2,-0.2,1.204,-1.0608,0.808,
907,30.2333,True,-1.2662,88.7338,91.2662,-1.8102,,,9.3333,280.0,30.0,39.17,0.8257,281,-0.1641,-0.2,-0.2,1.0319,-0.9728,0.8103,
908,30.2667,True,-1.2378,88.7622,91.2378,-1.781,,,9.3333,280.0,30.0,38.89,0.8153,281,0.8766,-0.2,-0.2,1.0144,-1.0233,0.8165,
909,30.3,True,-1.4253,88.5747,91.4253,-1.762,,,9.4,282.0,30.0,38.87,0.8,283,0.5698,-0.18,-0.18,0.6928,-0.7595,0.8255,
910,30.3333,True,-1.1604,88.8396,91.1604,-1.737,,,9.3667,281.0,30.0,40.98,0.8008,237,0.7491,-0.16,-0.16,0.2214,-0.8101,0.8279,
911,30.3667,True,-1.3456,88.6544,91.3456,-1.7208,,,9.3333,280.0,30.0,38.81,0.777,258,0.4869,-0.16,-0.16,0.1678,-0.5564,0.8295,
912,30.4,True,-1.2188,88.7812,91.2188,-1.7003,,,9.4667,284.0,30.0,38.41,0.8102,285,0.615,-0.16,-0.16,0.0629,-1.0663,0.8369,
913,30.4333,True,-1.2602,88.7398,91.2602,-1.6948,,,9.4333,283.0,30.0,38.81,0.8159,282,0.1641,-0.16,-0.16,0.0025,-0.9623,0.8367,
914,30.4667,True,-1.3151,88.6849,91.3151,-1.6913,,,9.4333,283.0,30.0,40.03,0.811,281,0.1066,-0.16,-0.16,-0.0147,-0.8318,0.8366,
915,30.5,True,-1.3686,88.6314,91.3686,-1.7082,,,9.5,285.0,30.0,39.13,0.8191,284,-0.5069,-0.16,-0.16,-0.0362,-0.8653,0.8305,
916,30.5333,True,-1.4355,88.5645,91.4355,-1.7192,,,9.8276,285.0,29.0,38.51,0.8072,277,-0.3295,-0.18,-0.18,0.4842,-0.8043,0.8278,
917,30.5667,True,-1.2658,88.7342,91.2658,-1.7263,,,9.5,285.0,30.0,39.15,0.824,283,-0.2142,-0.18,-0.18,0.4178,-0.7339,0.829,
918,30.6,True,-1.218,88.782,91.218,-1.7309,,,9.7241,282.0,29.0,38.92,0.8426,273,-0.1392,-0.18,-0.18,0.4378,-0.131,0.8296,
919,30.6333,True,-1.1771,88.8229,91.1771,-1.7167,,,9.7241,282.0,29.0,38.85,0.8492,271,0.4274,-0.18,-0.18,0.4666,0.2263,0.8295,
920,30.6667,True,-1.1108,88.8892,91.1108,-1.6907,,,9.7241,282.0,29.0,38.56,0.8545,272,0.7801,-0.18,-0.18,0.3555,0.2132,0.8297,
921,30.7,True,-1.0642,88.9358,91.0642,-1.6595,,,9.6552,280.0,29.0,38.09,0.8593,269,0.9365,-0.16,-0.16,-0.7127,0.4623,0.8332,
922,30.7333,True,-1.0829,88.9171,91.0829,-1.616,,,9.5172,276.0,29.0,38.18,0.8615,272,1.3046,-0.16,-0.16,-0.9483,0.6615,0.8344,
923,30.7667,True,-0.9843,89.0157,90.9843,-1.578,,,9.5862,278.0,29.0,38.25,0.8624,243,1.1406,-0.16,-0.16,-0.8715,0.8446,0.834,
924,30.8,True,-0.7352,89.2648,90.7352,-1.5467,,,9.3667,281.0,30.0,36.29,0.8741,280,0.9376,-0.18,-0.18,-1.2684,1.0338,0.8342,
925,30.8333,True,-0.6559,89.3441,90.6559,-1.4984,,,9.6207,279.0,29.0,36.74,0.8773,253,1.4484,-0.18,-0.18,-1.3044,1.1742,0.8354,
926,30.8667,True,-0.7184,89.2816,90.7184,-1.3798,,,9.5517,277.0,29.0,36.61,0.8701,245,3.5572,-0.18,-0.18,-1.4637,1.4484,0.8356,
927,30.9,True,-0.7015,89.2985,90.7015,-1.2969,,,9.5172,276.0,29.0,36.9,0.8753,254,2.4889,-0.18,-0.18,-1.3397,1.4397,0.8397,
928,30.9333,True,-0.6322,89.3678,90.6322,-1.2371,,,9.5517,277.0,29.0,37.07,0.8685,256,1.7949,-0.18,-0.18,-1.2559,1.5784,0.8398,
929,30.9667,True,-0.7576,89.2424,90.7576,-1.1982,,,8.8621,257.0,29.0,36.69,0.8597,242,1.1667,-0.18,-0.18,-1.2435,1.6238,0.8407,
930,31.0,True,-0.6214,89.3786,90.6214,-1.1729,,,8.8621,257.0,29.0,36.69,0.8643,249,0.7584,-0.18,-0.18,-0.8137,2.2236,0.8413,
931,31.0333,True,-0.5947,89.4053,90.5947,-1.1322,,,8.9655,260.0,29.0,36.34,0.8564,259,1.2204,0.18,0.18,-0.7878,2.3103,0.8422,
932,31.0667,True,-0.5045,89.4955,90.5045,-1.102,,,9.3793,272.0,29.0,35.54,0.8587,272,0.907,0.18,0.18,-0.8987,2.509,0.8386,
933,31.1,True,-0.3125,89.6875,90.3125,-1.073,,,10.0714,282.0,28.0,35.7,0.8626,275,0.8703,-0.18,-0.18,-0.8846,2.586,0.8456,
934,31.1333,True,-0.2502,89.7498,90.2502,-1.0225,,,10.1786,285.0,28.0,36.08,0.8614,278,1.5126,0.18,0.18,-0.9202,2.5207,0.8458,
935,31.1667,True,-0.1153,89.8847,90.1153,-0.9226,,,10.3571,290.0,28.0,35.99,0.8677,283,2.9995,0.18,0.18,-0.8544,2.607,0.8456,
936,31.2,True,-0.0202,89.9798,90.0202,-0.8358,,,10.3929,291.0,28.0,36.22,0.8723,283,2.6034,0.18,0.18,-0.7964,2.7012,0.8452,
937,31.2333,True,0.1235,89.8765,89.8765,-0.7322,,,10.3929,291.0,28.0,35.71,0.8761,284,3.1088,-0.18,-0.18,-0.7737,2.8347,0.8457,
938,31.2667,True,0.1923,89.8077,89.8077,-0.6315,,,10.3929,291.0,28.0,35.4,0.8856,276,3.0192,-0.18,-0.18,-0.813,2.8802,0.845,
939,31.3,True,0.1981,89.8019,89.8019,-0.5158,,,10.3929,291.0,28.0,35.0,0.8785,284,3.4715,-0.18,-0.18,-1.0827,2.9261,0.8376,
940,31.3333,True,0.5884,89.4116,89.4116,-0.4165,,,8.75,245.0,28.0,35.32,0.8715,233,2.9784,-0.18,-0.18,-1.0811,2.9755,0.8373,
941,31.3667,True,0.3852,89.6148,89.6148,-0.3499,,,9.2963,251.0,27.0,36.34,0.9077,247,1.9972,-0.18,-0.18,-0.9745,2.9501,0.8404,
942,31.4,True,0.4028,89.5972,89.5972,-0.2412,,,6.9259,187.0,27.0,37.98,0.9014,168,3.2621,-0.18,-0.18,-0.8709,3.0439,0.8443,
943,31.4333,True,0.3648,89.6352,89.6352,-0.1705,,,6.9259,187.0,27.0,36.68,0.9085,167,2.1204,0.18,0.18,-0.5407,2.9073,0.8429,
944,31.4667,True,0.1989,89.8011,89.8011,-0.1246,,,8.7407,236.0,27.0,36.17,0.9113,200,1.3782,0.18,0.18,-0.3768,3.1906,0.8352,
945,31.5,True,0.3511,89.6489,89.6489,-0.1018,,,6.9259,187.0,27.0,37.44,0.9123,186,0.6822,0.18,0.18,-0.1469,3.3135,0.8273,
946,31.5333,True,0.214,89.786,89.786,-0.0919,,,8.3333,225.0,27.0,38.2,0.9119,189,0.2994,-0.16,-0.16,-0.264,3.443,0.8267,
947,31.5667,True,0.1824,89.8176,89.8176,-0.1334,,,8.1481,220.0,27.0,36.92,0.9053,185,-1.2451,-0.16,-0.16,-0.4089,3.0679,0.8174,
948,31.6,True,0.1729,89.8271,89.8271,-0.1656,,,7.1852,194.0,27.0,38.05,0.9125,193,-0.9681,-0.16,-0.16,-0.2709,3.552,0.8237,
949,31.6333,True,0.1425,89.8575,89.8575,-0.1924,,,9.2593,250.0,27.0,38.3,0.9193,218,-0.8018,-0.18,-0.18,-0.0708,3.2513,0.8311,
950,31.6667,True,0.0,90.0,90.0,-0.2131,,,8.5556,231.0,27.0,38.5,0.8672,112,-0.6211,-0.18,-0.18,-0.078,3.0009,0.8367,
951,31.7,True,0.0861,89.9139,89.9139,-0.2372,,,8.1852,221.0,27.0,38.96,0.9132,191,-0.7226,-0.22,-0.22,0.0906,2.8681,0.8325,
952,31.7333,True,0.0891,89.9109,89.9109,-0.2715,,,8.1852,221.0,27.0,39.55,0.9147,191,-1.0306,-0.22,-0.22,0.1306,3.0401,0.8365,
953,31.7667,True,0.0722,89.9278,89.9278,-0.2949,,,8.1852,221.0,27.0,40.11,0.9193,191,-0.7013,-0.22,-0.22,0.3469,2.881,0.8349,
954,31.8,True,0.1104,89.8896,89.8896,-0.3101,,,8.5185,230.0,27.0,40.89,0.9195,198,-0.4558,-0.75,-0.75,0.5144,2.9694,0.8224,
955,31.8333,True,0.1229,89.8771,89.8771,-0.3189,,,8.1852,221.0,27.0,41.09,0.9137,191,-0.2649,-0.75,-0.75,0.5705,2.9318,0.8213,
956,31.8667,True,0.1161,89.8839,89.8839,-0.3172,,,8.3704,226.0,27.0,40.73,0.917,196,0.0512,-0.75,-0.75,0.1791,3.2241,0.8124,
957,31.9,True,0.1033,89.8967,89.8967,-0.3161,,,8.4815,229.0,27.0,40.51,0.9234,198,0.0333,-0.75,-0.75,-0.1382,3.4886,0.7974,
958,31.9333,True,0.0819,89.9181,89.9181,-0.3154,,,8.3333,225.0,27.0,41.02,0.9179,196,0.0216,-0.75,-0.75,-0.3386,3.0126,0.7869,
959,31.9667,True,0.08,89.92,89.92,-0.3174,,,8.4074,227.0,27.0,40.4,0.9176,198,-0.0599,-0.75,-0.75,-0.3219,4.1656,0.7773,
960,32.0,True,-0.3239,89.6761,90.3239,-0.3262,,,8.8214,247.0,28.0,39.68,0.9003,234,-0.2637,-0.75,-0.75,-0.2056,3.8342,0.7698,
961,32.0333,False,,,,,,,,,,,0.0,0,,-0.75,-0.75,0.2923,3.3861,0.7722,no_mask
962,32.0667,False,,,,,,,,,,,0.0,0,,-0.75,-0.75,0.1558,3.3716,0.773,no_mask
963,32.1,False,,,,,,,,,,,0.0,0,,-0.75,-0.75,0.4331,3.1242,0.7739,no_mask
964,32.1333,True,0.1494,89.8506,89.8506,-0.3911,,,7.8966,229.0,29.0,38.69,0.8581,218,,-0.75,-0.75,0.3915,3.2068,0.7733,
965,32.1667,True,0.2578,89.7422,89.7422,-0.3315,,,7.6552,222.0,29.0,38.83,0.8606,210,1.7878,-0.22,-0.22,0.3314,3.1519,0.7844,
966,32.2,True,0.3981,89.6019,89.6019,-0.2738,,,7.6207,221.0,29.0,39.31,0.8577,197,1.7316,-0.22,-0.22,0.3667,3.213,0.7847,
967,32.2333,True,0.3204,89.6796,89.6796,-0.2253,,,7.5862,220.0,29.0,39.34,0.8508,207,1.4539,-0.22,-0.22,0.3468,3.199,0.7833,
968,32.2667,True,0.3278,89.6722,89.6722,-0.1829,,,7.5862,220.0,29.0,38.5,0.8503,207,1.2735,-0.22,-0.22,0.3572,3.1794,0.7828,
969,32.3,True,0.3809,89.6191,89.6191,-0.1527,,,7.5517,219.0,29.0,37.96,0.8484,206,0.9059,-0.22,-0.22,0.304,3.1852,0.7849,
970,32.3333,True,0.4336,89.5664,89.5664,-0.1145,,,7.3448,213.0,29.0,37.96,0.8465,199,1.146,-0.22,-0.22,0.2012,3.0926,0.7857,
971,32.3667,True,0.4443,89.5557,89.5557,-0.0896,,,7.3103,212.0,29.0,37.15,0.8384,199,0.7449,-0.22,-0.22,0.2356,3.0244,0.7898,
972,32.4,True,0.5233,89.4767,89.4767,-0.0551,,,7.2759,211.0,29.0,37.39,0.8447,197,1.0371,-0.22,-0.22,0.148,3.0629,0.7883,
973,32.4333,True,0.5561,89.4439,89.4439,-0.0288,,,7.2759,211.0,29.0,37.22,0.8576,197,0.7871,-0.22,-0.22,0.1496,3.0183,0.7886,
974,32.4667,True,0.553,89.447,89.447,0.0159,,,7.2759,211.0,29.0,37.55,0.8534,197,1.3408,-0.22,-0.22,0.1283,3.1547,0.788,
975,32.5,True,0.5664,89.4336,89.4336,0.0553,,,7.2759,211.0,29.0,37.53,0.8525,197,1.1833,-0.22,-0.22,0.1104,3.0949,0.7866,
976,32.5333,True,0.5651,89.4349,89.4349,0.082,,,7.2414,210.0,29.0,37.73,0.8534,196,0.8016,-0.18,-0.18,0.0376,3.2154,0.7896,
977,32.5667,True,0.5824,89.4176,89.4176,0.1026,,,7.2414,210.0,29.0,37.82,0.8576,196,0.6157,-0.22,-0.22,0.0533,3.5402,0.7819,
978,32.6,True,0.5826,89.4174,89.4174,0.1164,,,7.2069,209.0,29.0,37.4,0.8522,195,0.4143,-0.22,-0.22,0.0599,3.4642,0.7775,
979,32.6333,True,0.6646,89.3354,89.3354,0.1309,,,7.2414,210.0,29.0,37.11,0.8508,196,0.4366,-0.22,-0.22,0.0832,3.4478,0.7695,
980,32.6667,True,0.6805,89.3195,89.3195,0.1405,,,7.2759,211.0,29.0,37.26,0.8488,196,0.2867,-0.22,-0.22,-0.0145,3.4068,0.7629,
981,32.7,True,0.6543,89.3457,89.3457,0.1718,,,7.069,205.0,29.0,36.95,0.8404,190,0.9389,-0.22,-0.22,-0.1791,3.5277,0.7641,
982,32.7333,True,0.6498,89.3502,89.3502,0.1921,,,7.069,205.0,29.0,36.83,0.8213,190,0.6103,-0.22,-0.22,-0.2099,3.5191,0.7573,
983,32.7667,True,0.6607,89.3393,89.3393,0.2076,,,7.0,203.0,29.0,37.09,0.8237,188,0.4641,-0.18,-0.18,-0.1484,3.6,0.7569,
984,32.8,True,0.8133,89.1867,89.1867,0.2176,,,7.069,205.0,29.0,39.26,0.8556,192,0.3017,-0.14,-0.14,-0.0622,0.8527,0.7597,
985,32.8333,True,0.7324,89.2676,89.2676,0.2242,,,6.8,204.0,30.0,39.6,0.8466,198,0.1961,-0.14,-0.14,0.1138,0.4432,0.7476,
986,32.8667,False,,,,,,,,,,,0.0,0,,-0.14,-0.14,0.2466,0.466,0.7413,no_mask
987,32.9,False,,,,,,,,,,,0.0,0,,-0.14,-0.14,0.2781,0.1438,0.7355,no_mask
988,32.9333,False,,,,,,,,,,,0.0,0,,-0.14,-0.14,0.3021,0.1398,0.7288,no_mask
989,32.9667,True,0.7098,89.2902,89.2902,0.2495,,,6.6207,192.0,29.0,38.38,0.874,161,,-0.14,-0.14,0.2958,0.1565,0.7309,
990,33.0,True,0.6802,89.3198,89.3198,0.2569,,,6.3667,191.0,30.0,40.73,0.871,184,0.221,-0.14,-0.14,0.288,0.1467,0.7286,
991,33.0333,True,0.6986,89.3014,89.3014,0.263,,,6.6207,192.0,29.0,41.67,0.8768,181,0.1813,-0.14,-0.14,0.1087,0.1043,0.7336,
992,33.0667,True,0.6279,89.3721,89.3721,0.2637,,,6.3333,190.0,30.0,41.12,0.8799,184,0.0215,-0.14,-0.14,0.1411,0.1471,0.7341,
993,33.1,True,0.723,89.277,89.277,0.2673,,,6.3667,191.0,30.0,40.33,0.8849,184,0.1103,-0.14,-0.14,-0.07,0.1269,0.7316,
994,33.1333,True,0.8213,89.1787,89.1787,0.2697,,,6.3667,191.0,30.0,39.68,0.8842,184,0.0717,-0.14,-0.14,-0.0916,0.0818,0.73,
995,33.1667,True,0.8199,89.1801,89.1801,0.2798,,,6.4,192.0,30.0,39.43,0.8941,186,0.3027,-0.14,-0.14,-0.1414,0.1339,0.7297,
996,33.2,True,0.9086,89.0914,89.0914,0.3203,,,6.4,192.0,30.0,39.65,0.8772,162,1.2143,-0.14,-0.14,-0.189,0.1008,0.7254,
997,33.2333,True,1.0073,88.9927,88.9927,0.3471,,,6.6552,193.0,29.0,38.29,0.8847,184,0.8037,-0.14,-0.14,-0.1251,0.079,0.7349,
998,33.2667,True,0.9958,89.0042,89.0042,0.3951,,,6.3667,191.0,30.0,37.68,0.8797,186,1.4394,-0.14,-0.14,0.0755,0.039,0.7455,
999,33.3,True,1.0221,88.9779,88.9779,0.4568,,,6.6552,193.0,29.0,37.55,0.8807,185,1.8514,-0.14,-0.14,0.3384,0.0569,0.7548,
1000,33.3333,True,0.933,89.067,89.067,0.4969,,,6.8276,198.0,29.0,37.74,0.8584,168,1.2034,-0.14,-0.14,0.3359,0.1097,0.7551,
1001,33.3667,True,0.8601,89.1399,89.1399,0.523,,,6.7,201.0,30.0,37.27,0.8786,197,0.7822,-0.14,-0.14,0.3455,0.1296,0.7522,
1002,33.4,True,0.8755,89.1245,89.1245,0.5179,,,6.7333,202.0,30.0,36.83,0.8763,198,-0.151,-0.14,-0.14,0.1666,0.1402,0.7602,
1003,33.4333,True,0.8988,89.1012,89.1012,0.5027,,,6.7333,202.0,30.0,36.78,0.8796,198,-0.4575,-0.14,-0.14,-0.004,0.1179,0.7594,
1004,33.4667,True,0.9035,89.0965,89.0965,0.4928,,,6.5667,197.0,30.0,37.87,0.8786,196,-0.2974,-0.14,-0.14,-0.0263,0.0944,0.7559,
1005,33.5,True,1.0116,88.9884,88.9884,0.4863,,,6.6333,199.0,30.0,37.28,0.8825,183,-0.1933,-0.14,-0.14,-0.0488,0.0995,0.7598,
1006,33.5333,True,1.0209,88.9791,88.9791,0.4838,,,6.6667,200.0,30.0,36.95,0.8806,183,-0.0763,-0.14,-0.14,-0.0482,0.1332,0.7582,
1007,33.5667,True,1.0858,88.9142,88.9142,0.52,,,6.7,201.0,30.0,36.81,0.883,181,1.085,-0.14,-0.14,-0.0342,0.1143,0.7579,
1008,33.6,True,1.096,88.904,88.904,0.5467,,,6.7333,202.0,30.0,36.38,0.8795,186,0.8032,-0.14,-0.14,-0.0436,0.0993,0.7563,
1009,33.6333,True,1.0714,88.9286,88.9286,0.5818,,,6.7333,202.0,30.0,36.58,0.8759,202,1.0524,-0.14,-0.14,-0.0922,0.1024,0.7593,
1010,33.6667,True,1.1201,88.8799,88.8799,0.6097,,,6.7333,202.0,30.0,36.71,0.8774,200,0.8351,-0.14,-0.14,-0.0774,0.1118,0.7591,
1011,33.7,True,1.2521,88.7479,88.7479,0.6313,,,6.931,201.0,29.0,36.86,0.8818,177,0.6505,-0.14,-0.14,-0.0689,0.0967,0.759,
1012,33.7333,True,1.2299,88.7701,88.7701,0.6539,,,6.7333,202.0,30.0,37.03,0.8941,199,0.6757,-0.14,-0.14,-0.1219,0.1029,0.7581,
1013,33.7667,True,1.2201,88.7799,88.7799,0.7035,,,6.7,201.0,30.0,36.78,0.8925,197,1.4894,-0.14,-0.14,-0.075,0.0839,0.7585,
1014,33.8,True,1.2226,88.7774,88.7774,0.7366,,,6.7,201.0,30.0,37.21,0.8888,196,0.9941,-0.14,-0.14,-0.0774,0.0945,0.7586,
1015,33.8333,True,1.2145,88.7855,88.7855,0.7582,,,6.7,201.0,30.0,37.15,0.8839,196,0.6462,-0.14,-0.14,-0.0207,0.0955,0.7501,
1016,33.8667,True,1.1699,88.8301,88.8301,0.7713,,,6.3871,198.0,31.0,37.4,0.8779,199,0.394,-0.14,-0.14,-0.0461,0.0815,0.7499,
1017,33.9,True,1.1855,88.8145,88.8145,0.7779,,,6.7333,202.0,30.0,37.55,0.8569,198,0.1969,-0.14,-0.14,-0.0319,0.0967,0.7499,
1018,33.9333,True,1.1917,88.8083,88.8083,0.7742,,,6.7,201.0,30.0,37.68,0.8586,196,-0.1118,-0.14,-0.14,-0.0069,0.0928,0.7498,
1019,33.9667,True,1.1879,88.8121,88.8121,0.7704,,,6.7,201.0,30.0,37.3,0.8494,196,-0.112,-0.14,-0.14,0.0843,0.0857,0.7466,
1020,34.0,True,1.234,88.766,88.766,0.768,,,6.7,201.0,30.0,38.68,0.8549,195,-0.0728,-0.14,-0.14,0.1232,0.1054,0.7458,
1021,34.0333,True,1.2312,88.7688,88.7688,0.7677,,,6.7333,202.0,30.0,38.36,0.8592,195,-0.008,-0.14,-0.14,0.197,0.1359,0.7385,
1022,34.0667,True,1.1599,88.8401,88.8401,0.7676,,,6.3871,198.0,31.0,38.14,0.8557,194,-0.0052,-0.14,-0.14,0.3079,0.1313,0.7329,
1023,34.1,True,1.1952,88.8048,88.8048,0.7687,,,6.6333,199.0,30.0,38.43,0.8621,191,0.0338,-0.14,-0.14,0.2911,0.1321,0.7331,
1024,34.1333,True,1.1447,88.8553,88.8553,0.7694,,,6.7,201.0,30.0,38.57,0.8518,192,0.022,-0.14,-0.14,0.2928,0.148,0.7332,
1025,34.1667,True,1.2444,88.7556,88.7556,0.7699,,,6.7,201.0,30.0,38.59,0.8638,192,0.0143,-0.14,-0.14,0.314,0.165,0.7329,
1026,34.2,True,1.22,88.78,88.78,0.7702,,,6.7,201.0,30.0,38.45,0.8701,194,0.0093,-0.14,-0.14,0.3584,0.1532,0.7304,
1027,34.2333,True,1.2522,88.7478,88.7478,0.7791,,,6.7,201.0,30.0,38.7,0.8627,194,0.2662,-0.14,-0.14,0.3594,0.1454,0.7303,
1028,34.2667,True,1.2123,88.7877,88.7877,0.7848,,,6.7,201.0,30.0,38.4,0.8679,194,0.173,-0.12,-0.12,0.342,0.149,0.7304,
1029,34.3,True,1.1843,88.8157,88.8157,0.7886,,,6.7,201.0,30.0,39.05,0.8653,195,0.1125,-0.12,-0.12,0.3189,0.1689,0.7288,
1030,34.3333,True,1.2053,88.7947,88.7947,0.7883,,,6.7,201.0,30.0,39.18,0.8729,194,-0.0077,-0.12,-0.12,0.1545,0.1572,0.7273,
1031,34.3667,True,1.2021,88.7979,88.7979,0.7857,,,6.7,201.0,30.0,39.06,0.8652,194,-0.0788,-0.12,-0.12,0.1588,0.1417,0.729,
1032,34.4,True,1.1402,88.8598,88.8598,0.7829,,,6.7,201.0,30.0,39.86,0.8708,192,-0.0838,-0.12,-0.12,0.1362,0.1428,0.7291,
1033,34.4333,True,1.1889,88.8111,88.8111,0.7764,,,6.7,201.0,30.0,40.2,0.8709,192,-0.1941,-0.12,-0.12,0.1467,0.1147,0.7295,
1034,34.4667,True,1.2034,88.7966,88.7966,0.7769,,,6.7,201.0,30.0,40.76,0.8672,193,0.0134,-0.12,-0.12,-0.0364,0.086,0.7185,
1035,34.5,True,1.1709,88.8291,88.8291,0.7725,,,6.6667,200.0,30.0,41.0,0.8838,191,-0.1308,-0.12,-0.12,-0.0526,0.0871,0.7185,
1036,34.5333,True,1.3172,88.6828,88.6828,0.7697,,,6.6333,199.0,30.0,40.96,0.8647,191,-0.085,-0.12,-0.12,-0.1026,0.1009,0.7133,
1037,34.5667,True,1.2926,88.7074,88.7074,0.773,,,6.6333,199.0,30.0,41.17,0.871,189,0.0977,-0.12,-0.12,-0.0923,0.0918,0.7142,
1038,34.6,True,1.2654,88.7346,88.7346,0.7968,,,6.6333,199.0,30.0,41.51,0.8665,191,0.7146,-0.12,-0.12,-0.0378,0.0779,0.7089,
1039,34.6333,True,1.2941,88.7059,88.7059,0.8218,,,6.8621,199.0,29.0,42.01,0.8593,187,0.75,-0.12,-0.12,-0.0477,0.0643,0.7092,
1040,34.6667,True,1.2807,88.7193,88.7193,0.838,,,6.8276,198.0,29.0,42.34,0.843,186,0.4875,-0.12,-0.12,-0.0896,0.0433,0.7015,
1041,34.7,True,1.3029,88.6971,88.6971,0.8486,,,6.7931,197.0,29.0,41.96,0.8575,182,0.3169,-0.12,-0.12,-0.0757,0.0846,0.7014,
1042,34.7333,True,1.2179,88.7821,88.7821,0.8513,,,7.0,196.0,28.0,40.87,0.839,180,0.0812,-0.12,-0.12,-0.1193,0.0904,0.6967,
1043,34.7667,True,1.246,88.754,88.754,0.8531,,,6.9643,195.0,28.0,39.62,0.8297,179,0.0528,-0.12,-0.12,-0.067,-0.0499,0.6918,
1044,34.8,True,1.1898,88.8102,88.8102,0.842,,,6.9643,195.0,28.0,38.15,0.8197,180,-0.3309,-0.13,-0.13,-0.02,0.0228,0.6925,
1045,34.8333,True,1.1071,88.8929,88.8929,0.825,,,6.9286,194.0,28.0,38.28,0.8076,177,-0.5094,-0.11,-0.11,-0.0116,0.033,0.6969,
1046,34.8667,True,1.2012,88.7988,88.7988,0.8082,,,6.9286,194.0,28.0,38.13,0.8176,179,-0.5066,-0.13,-0.13,0.0121,0.0629,0.6993,
1047,34.9,True,1.2067,88.7933,88.7933,0.7972,,,6.9286,194.0,28.0,38.01,0.8188,179,-0.3293,-0.13,-0.13,-0.0227,0.0478,0.7013,
1048,34.9333,True,1.2688,88.7312,88.7312,0.79,,,6.9286,194.0,28.0,38.02,0.8248,178,-0.214,-0.12,-0.12,0.0971,0.0569,0.7161,
1049,34.9667,True,1.2705,88.7295,88.7295,0.7873,,,6.9286,194.0,28.0,38.02,0.8239,178,-0.0819,-0.12,-0.12,0.1068,0.103,0.718,
1050,35.0,True,1.3721,88.6279,88.6279,0.8073,,,6.6897,194.0,29.0,38.04,0.842,184,0.5996,-0.11,-0.11,0.2575,0.0403,0.7237,
1051,35.0333,True,1.3669,88.6331,88.6331,0.8209,,,6.9643,195.0,28.0,37.8,0.8617,170,0.4069,-0.13,-0.13,0.2345,0.0556,0.7251,
1052,35.0667,True,1.3415,88.6585,88.6585,0.8546,,,6.8571,192.0,28.0,37.72,0.863,168,1.0107,-0.11,-0.11,0.2053,0.0686,0.7288,
1053,35.1,True,1.3323,88.6677,88.6677,0.8765,,,6.8571,192.0,28.0,37.66,0.8527,173,0.6569,-0.11,-0.11,0.1878,0.0857,0.7268,
1054,35.1333,True,1.3041,88.6959,88.6959,0.8907,,,6.6207,192.0,29.0,37.7,0.8556,181,0.427,-0.11,-0.11,0.0639,0.1398,0.7274,
1055,35.1667,True,1.256,88.744,88.744,0.8967,,,6.8571,192.0,28.0,37.68,0.852,178,0.1809,-0.11,-0.11,0.0004,0.0938,0.7315,
1056,35.2,True,1.2058,88.7942,88.7942,0.8908,,,6.6207,192.0,29.0,37.48,0.8528,181,-0.1787,-0.11,-0.11,0.007,0.1087,0.731,
1057,35.2333,True,1.2133,88.7867,88.7867,0.8701,,,6.6207,192.0,29.0,37.44,0.8547,181,-0.6212,-0.11,-0.11,0.0036,0.099,0.7294,
1058,35.2667,True,1.2309,88.7691,88.7691,0.8478,,,6.6207,192.0,29.0,37.44,0.8537,181,-0.6679,-0.11,-0.11,0.0084,0.0906,0.7295,
1059,35.3,True,1.1938,88.8062,88.8062,0.8272,,,6.6207,192.0,29.0,37.44,0.8498,181,-0.6185,-0.11,-0.11,0.0078,0.075,0.7298,
1060,35.3333,True,1.2037,88.7963,88.7963,0.8111,,,6.5862,191.0,29.0,37.73,0.8474,180,-0.4812,-0.11,-0.11,0.0001,0.0981,0.7314,
1061,35.3667,True,1.1921,88.8079,88.8079,0.8,,,6.6207,192.0,29.0,37.8,0.8603,181,-0.3348,-0.11,-0.11,0.0321,0.1127,0.732,
1062,35.4,True,1.267,88.733,88.733,0.7927,,,6.6897,194.0,29.0,39.08,0.8313,183,-0.2176,-0.11,-0.11,0.0172,0.0952,0.7329,
1063,35.4333,True,1.356,88.644,88.644,0.788,,,6.5862,191.0,29.0,39.1,0.8347,179,-0.1415,-0.11,-0.11,0.2181,0.1296,0.726,
1064,35.4667,True,1.2919,88.7081,88.7081,0.8071,,,6.3667,191.0,30.0,39.84,0.823,185,0.5732,-0.11,-0.11,0.1251,0.1068,0.7186,
1065,35.5,True,1.3681,88.6319,88.6319,0.8282,,,6.5862,191.0,29.0,40.18,0.8289,180,0.6339,-0.13,-0.13,0.1771,0.085,0.7206,
1066,35.5333,True,1.3396,88.6604,88.6604,0.8587,,,6.3667,191.0,30.0,42.12,0.8229,188,0.9129,-0.11,-0.11,-0.0491,0.0611,0.714,
1067,35.5667,True,1.2818,88.7182,88.7182,0.8784,,,6.4,192.0,30.0,41.85,0.8285,189,0.5934,-0.11,-0.11,-0.0709,0.0171,0.7079,
1068,35.6,True,1.2829,88.7171,88.7171,0.8746,,,6.4,192.0,30.0,41.99,0.8299,189,-0.1152,-0.11,-0.11,-0.0279,0.0734,0.7019,
1069,35.6333,True,1.2936,88.7064,88.7064,0.8727,,,6.4,192.0,30.0,41.81,0.8299,189,-0.0571,-0.11,-0.11,-0.0767,0.0011,0.6982,
1070,35.6667,True,1.3526,88.6474,88.6474,0.8715,,,6.4,192.0,30.0,41.66,0.8266,188,-0.0371,-0.11,-0.11,-0.112,0.0107,0.6953,
1071,35.7,True,1.3126,88.6874,88.6874,0.8707,,,6.4,192.0,30.0,41.29,0.825,189,-0.0241,-0.11,-0.11,-0.1193,0.0329,0.6956,
1072,35.7333,True,1.3039,88.6961,88.6961,0.8738,,,6.4,192.0,30.0,41.56,0.8225,186,0.0929,-0.11,-0.11,-0.0887,0.0189,0.6976,
1073,35.7667,True,1.3208,88.6792,88.6792,0.8788,,,6.4333,193.0,30.0,41.67,0.8152,190,0.1515,-0.11,-0.11,-0.0983,0.044,0.6979,
1074,35.8,True,1.3266,88.6734,88.6734,0.885,,,6.4,192.0,30.0,41.93,0.816,188,0.1846,-0.13,-0.13,-0.0179,0.0563,0.7006,
1075,35.8333,True,1.2269,88.7731,88.7731,0.8861,,,6.2667,188.0,30.0,41.37,0.821,184,0.0339,-0.13,-0.13,-0.0136,0.0394,0.7009,
1076,35.8667,True,1.3336,88.6664,88.6664,0.8897,,,6.3667,191.0,30.0,41.22,0.8165,187,0.1081,-0.13,-0.13,-0.0283,0.0361,0.701,
1077,35.9,True,1.3462,88.6538,88.6538,0.8941,,,6.3667,191.0,30.0,41.22,0.8188,187,0.131,-0.13,-0.13,-0.0235,0.0366,0.7031,
1078,35.9333,True,1.2893,88.7107,88.7107,0.8969,,,6.2333,187.0,30.0,41.12,0.8253,182,0.0851,-0.13,-0.13,-0.0428,0.01,0.703,
1079,35.9667,True,1.4794,88.5206,88.5206,0.9012,,,6.5,195.0,30.0,41.29,0.81,189,0.1285,-0.13,-0.13,-0.0546,0.006,0.7029,
1080,36.0,True,1.4814,88.5186,88.5186,0.9084,,,6.4667,194.0,30.0,41.14,0.8098,188,0.2158,-0.13,-0.13,-0.0292,0.0362,0.707,
1081,36.0333,True,1.5328,88.4672,88.4672,0.9597,,,6.3333,190.0,30.0,41.08,0.8245,184,1.5397,-0.13,-0.13,-0.036,0.0326,0.707,
1082,36.0667,True,1.6015,88.3985,88.3985,0.9938,,,6.3,189.0,30.0,41.28,0.8358,182,1.0217,-0.13,-0.13,-0.0214,0.0427,0.7073,
1083,36.1,True,1.4945,88.5055,88.5055,1.0205,,,6.3333,190.0,30.0,40.54,0.8388,180,0.8015,-0.13,-0.13,-0.0573,0.003,0.7127,
1084,36.1333,True,1.4155,88.5845,88.5845,1.0378,,,6.1333,184.0,30.0,40.11,0.8571,175,0.521,-0.13,-0.13,-0.0703,-0.0136,0.7115,
1085,36.1667,True,1.4067,88.5933,88.5933,1.0491,,,6.1333,184.0,30.0,39.84,0.8667,174,0.3386,-0.13,-0.13,-0.0425,-0.0106,0.7133,
1086,36.2,True,1.2375,88.7625,88.7625,1.0288,,,5.9032,183.0,31.0,39.31,0.871,181,-0.6098,-0.11,-0.11,-0.0009,0.054,0.7114,
1087,36.2333,True,1.3719,88.6281,88.6281,1.0125,,,6.1333,184.0,30.0,39.27,0.8738,175,-0.4889,-0.11,-0.11,-0.0068,0.0116,0.7177,
1088,36.2667,True,1.2957,88.7043,88.7043,0.9897,,,6.1,183.0,30.0,38.77,0.878,174,-0.683,-0.11,-0.11,0.0011,0.0684,0.7161,
1089,36.3,True,1.19,88.81,88.81,0.9483,,,5.871,182.0,31.0,38.69,0.8767,179,-1.2433,-0.11,-0.11,0.0486,0.0864,0.7149,
1090,36.3333,True,1.1234,88.8766,88.8766,0.901,,,5.8387,181.0,31.0,39.3,0.8929,181,-1.4198,-0.11,-0.11,0.1944,0.0989,0.7204,
1091,36.3667,True,1.1779,88.8221,88.8221,0.8536,,,5.871,182.0,31.0,39.36,0.891,181,-1.4218,-0.11,-0.11,0.211,0.0723,0.7187,
1092,36.4,True,1.2076,88.7924,88.7924,0.8228,,,5.8387,181.0,31.0,39.24,0.8976,174,-0.9242,-0.11,-0.11,0.182,0.0308,0.7181,
1093,36.4333,True,1.1905,88.8095,88.8095,0.8027,,,5.8387,181.0,31.0,39.22,0.8929,174,-0.6007,-0.11,-0.11,0.174,0.0138,0.718,
1094,36.4667,True,1.1097,88.8903,88.8903,0.7855,,,5.746,181.0,31.5,39.54,0.8872,178,-0.5173,-0.11,-0.11,0.1499,0.0232,0.7196,
1095,36.5,True,1.1634,88.8366,88.8366,0.7743,,,5.8387,181.0,31.0,40.0,0.8878,177,-0.3363,-0.11,-0.11,0.0168,-0.0166,0.7137,
1096,36.5333,True,1.1369,88.8631,88.8631,0.7619,,,5.871,182.0,31.0,40.44,0.8872,178,-0.3703,-0.11,-0.11,-0.0202,0.0035,0.7143,
1097,36.5667,True,1.07,88.93,88.93,0.7446,,,5.6562,181.0,32.0,40.64,0.8897,174,-0.5197,-0.11,-0.11,-0.0111,0.0329,0.7137,
1098,36.6,True,1.0637,88.9363,88.9363,0.7238,,,5.6875,182.0,32.0,41.54,0.8891,176,-0.6232,-0.11,-0.11,0.0059,0.0476,0.7119,
1099,36.6333,True,1.0866,88.9134,88.9134,0.7023,,,5.7188,183.0,32.0,41.69,0.8873,171,-0.6475,-0.11,-0.11,0.022,-0.0344,0.7024,
1100,36.6667,True,1.08,88.92,88.92,0.6859,,,5.7188,183.0,32.0,41.49,0.886,170,-0.4901,-0.11,-0.11,0.0124,-0.0392,0.7024,
1101,36.7,True,1.1388,88.8612,88.8612,0.6753,,,5.8438,187.0,32.0,41.65,0.8831,171,-0.3186,-0.11,-0.11,-0.0496,-0.1074,0.6982,
1102,36.7333,True,1.1462,88.8538,88.8538,0.6707,,,5.8438,187.0,32.0,41.4,0.8799,171,-0.1378,-0.11,-0.11,-0.0773,-0.0447,0.6998,
1103,36.7667,True,1.1632,88.8368,88.8368,0.686,,,5.8438,187.0,32.0,41.77,0.8805,171,0.4584,-0.11,-0.11,-0.0967,-0.0458,0.6997,
1104,36.8,True,1.1581,88.8419,88.8419,0.6985,,,5.8438,187.0,32.0,41.63,0.8801,172,0.3763,-0.11,-0.11,-0.0849,-0.0187,0.7002,
1105,36.8333,True,1.1598,88.8402,88.8402,0.7108,,,5.8438,187.0,32.0,41.73,0.8801,172,0.3694,-0.11,-0.11,-0.0619,-0.0372,0.6946,
1106,36.8667,True,1.141,88.859,88.859,0.7189,,,5.8438,187.0,32.0,41.95,0.8777,173,0.2401,-0.11,-0.11,-0.0745,-0.0444,0.6948,
1107,36.9,True,1.1787,88.8213,88.8213,0.7246,,,5.8438,187.0,32.0,42.12,0.8859,171,0.1736,-0.11,-0.11,-0.0646,-0.0618,0.6943,
1108,36.9333,True,1.1791,88.8209,88.8209,0.7284,,,5.8438,187.0,32.0,41.88,0.8859,170,0.1128,-0.11,-0.11,-0.1208,-0.062,0.6893,
1109,36.9667,True,1.1687,88.8313,88.8313,0.734,,,5.8125,186.0,32.0,41.45,0.886,171,0.1671,-0.11,-0.11,-0.1237,-0.0731,0.6885,
1110,37.0,True,1.2967,88.7033,88.7033,0.7411,,,6.0323,187.0,31.0,41.34,0.8718,179,0.213,-0.11,-0.11,-0.0951,-0.0579,0.6992,
1111,37.0333,True,1.3839,88.6161,88.6161,0.7458,,,6.0645,188.0,31.0,41.5,0.8678,180,0.1425,-0.11,-0.11,-0.0898,-0.0476,0.696,
1112,37.0667,True,1.3741,88.6259,88.6259,0.7901,,,6.0645,188.0,31.0,40.89,0.8684,180,1.3275,-0.11,-0.11,-0.1011,-0.0133,0.6955,
1113,37.1,True,1.3882,88.6118,88.6118,0.8459,,,6.0645,188.0,31.0,40.61,0.8661,180,1.6761,-0.11,-0.11,-0.073,0.011,0.6957,
1114,37.1333,True,1.3733,88.6267,88.6267,0.8823,,,6.0968,189.0,31.0,41.94,0.8711,181,1.0895,-0.11,-0.11,-0.0498,-0.0065,0.6984,
1115,37.1667,True,1.351,88.649,88.649,0.9059,,,6.0645,188.0,31.0,41.24,0.8663,181,0.7081,-0.11,-0.11,-0.0473,0.0056,0.6957,
1116,37.2,True,1.3387,88.6613,88.6613,0.9209,,,6.0645,188.0,31.0,40.94,0.8716,181,0.4513,-0.11,-0.11,-0.0278,0.0085,0.6959,
1117,37.2333,True,1.3767,88.6233,88.6233,0.9307,,,6.0968,189.0,31.0,40.63,0.872,180,0.2933,-0.11,-0.11,-0.0141,0.0008,0.6957,
1118,37.2667,True,1.2925,88.7075,88.7075,0.9293,,,6.0645,188.0,31.0,40.91,0.8729,179,-0.0425,-0.11,-0.11,-0.0221,0.0256,0.698,
1119,37.3,True,1.3568,88.6432,88.6432,0.9283,,,6.1613,191.0,31.0,40.73,0.8768,182,-0.0276,-0.11,-0.11,-0.0241,0.0252,0.6976,
1120,37.3333,True,1.3501,88.6499,88.6499,0.9274,,,6.1613,191.0,31.0,40.84,0.8792,182,-0.0282,-0.11,-0.11,-0.0209,0.0253,0.6977,
1121,37.3667,True,1.352,88.648,88.648,0.9274,,,6.1613,191.0,31.0,40.82,0.8832,182,0.0014,-0.11,-0.11,-0.0561,0.0207,0.7029,
1122,37.4,True,1.3666,88.6334,88.6334,0.9275,,,6.129,190.0,31.0,40.68,0.8879,181,0.0009,-0.11,-0.11,-0.0333,0.026,0.7029,
1123,37.4333,True,1.2885,88.7115,88.7115,0.9275,,,5.9677,185.0,31.0,41.22,0.8924,176,0.0006,-0.11,-0.11,-0.0294,0.0418,0.7027,
1124,37.4667,True,1.347,88.653,88.653,0.9269,,,6.1935,192.0,31.0,41.25,0.8932,179,-0.0193,-0.11,-0.11,-0.0046,0.0173,0.6952,
1125,37.5,True,1.2831,88.7169,88.7169,0.9254,,,5.9677,185.0,31.0,40.98,0.893,176,-0.0445,-0.11,-0.11,0.0102,0.016,0.6966,
1126,37.5333,True,1.2967,88.7033,88.7033,0.9068,,,5.9677,185.0,31.0,41.13,0.8937,176,-0.5571,-0.11,-0.11,-0.0094,0.0032,0.6951,
1127,37.5667,True,1.2028,88.7972,88.7972,0.8919,,,6.0968,189.0,31.0,40.41,0.891,175,-0.4485,-0.11,-0.11,-0.0025,-0.0094,0.695,
1128,37.6,True,1.2352,88.7648,88.7648,0.8803,,,5.9032,183.0,31.0,40.4,0.891,171,-0.3478,-0.11,-0.11,-0.0416,-0.0184,0.6974,
1129,37.6333,True,1.2474,88.7526,88.7526,0.8602,,,6.4483,187.0,29.0,40.3,0.8945,176,-0.6018,-0.11,-0.11,-0.0556,-0.002,0.7011,
1130,37.6667,True,1.3669,88.6331,88.6331,0.8472,,,6.4483,187.0,29.0,39.76,0.8952,165,-0.3912,-0.11,-0.11,-0.078,-0.0016,0.7013,
1131,37.7,True,1.251,88.749,88.749,0.8387,,,6.4828,188.0,29.0,39.16,0.8977,177,-0.2543,-0.11,-0.11,-0.045,-0.052,0.7061,
1132,37.7333,True,1.308,88.692,88.692,0.8344,,,6.4828,188.0,29.0,38.79,0.8977,177,-0.1272,-0.11,-0.11,-0.0303,0.0025,0.7048,
1133,37.7667,True,1.3615,88.6385,88.6385,0.8516,,,6.4828,188.0,29.0,38.89,0.8928,177,0.5162,-0.11,-0.11,-0.0481,-0.0016,0.7093,
1134,37.8,True,1.3943,88.6057,88.6057,0.8815,,,6.5333,196.0,30.0,39.46,0.9003,186,0.8966,-0.11,-0.11,-0.0408,-0.0226,0.709,
1135,37.8333,True,1.2705,88.7295,88.7295,0.8823,,,6.5,195.0,30.0,39.2,0.8985,186,0.0217,-0.11,-0.11,-0.0291,-0.0223,0.7087,
1136,37.8667,True,1.3929,88.6071,88.6071,0.9014,,,6.5333,196.0,30.0,39.29,0.8916,187,0.5752,-0.11,-0.11,0.0733,0.0135,0.7131,
1137,37.9,False,,,,,,,,,,,0.0,0,,-0.11,-0.11,0.1036,-0.0257,0.7261,no_mask
1138,37.9333,False,,,,,,,,,,,0.0,0,,-0.11,-0.11,0.0806,-0.0934,0.7243,no_mask
1139,37.9667,False,,,,,,,,,,,0.0,0,,-0.11,-0.11,0.1075,0.0002,0.7252,no_mask
1140,38.0,True,1.5788,88.4212,88.4212,0.9574,,,6.0,168.0,28.0,38.22,0.8757,140,,-0.11,-0.11,0.2695,0.0449,0.7282,
1141,38.0333,True,1.7751,88.2249,88.2249,1.0607,,,6.4138,186.0,29.0,38.27,0.8686,176,3.0984,-0.11,-0.11,0.2543,0.0738,0.7299,
1142,38.0667,True,1.7701,88.2299,88.2299,1.1604,,,6.4138,186.0,29.0,38.03,0.8551,171,2.9924,-0.13,-0.13,0.1616,-0.0136,0.7417,
1143,38.1,True,1.8428,88.1572,88.1572,1.2261,,,6.4138,186.0,29.0,38.6,0.8434,175,1.9712,-0.13,-0.13,0.1318,0.0355,0.7437,
1144,38.1333,True,1.9193,88.0807,88.0807,1.2697,,,6.6429,186.0,28.0,38.58,0.811,174,1.3074,-0.12,-0.12,0.0503,0.0182,0.7576,
1145,38.1667,True,2.1295,87.8705,87.8705,1.3217,,,6.6786,187.0,28.0,38.86,0.7884,175,1.5606,-0.12,-0.12,0.031,0.0862,0.7608,
1146,38.2,True,2.2809,87.7191,87.7191,1.3823,,,6.9259,187.0,27.0,38.69,0.765,163,1.8174,-0.12,-0.12,0.0738,0.1121,0.76,
1147,38.2333,True,2.4973,87.5027,87.5027,1.4953,,,6.2963,170.0,27.0,39.04,0.816,159,3.3886,-0.12,-0.12,-0.0275,0.0092,0.7644,
1148,38.2667,True,2.5364,87.4636,87.4636,1.6217,,,6.2963,170.0,27.0,39.06,0.8216,159,3.7928,-0.14,-0.14,-0.1126,0.094,0.7568,
1149,38.3,True,2.3726,87.6274,87.6274,1.736,,,6.3704,172.0,27.0,39.17,0.815,161,3.4275,-0.14,-0.14,-0.176,0.0185,0.7551,
1150,38.3333,True,2.2906,87.7094,87.7094,1.8102,,,6.9259,187.0,27.0,39.17,0.8062,167,2.2279,-0.14,-0.14,-0.1476,-0.0368,0.7718,
1151,38.3667,True,2.1896,87.8104,87.8104,1.8585,,,6.8889,186.0,27.0,44.29,0.7925,163,1.4481,-0.14,-0.14,-0.0777,-0.1062,0.7892,
1152,38.4,True,2.0797,87.9203,87.9203,1.8612,,,6.6786,187.0,28.0,44.25,0.8047,176,0.0809,-0.14,-0.14,-0.0287,-0.0036,0.801,
1153,38.4333,True,2.2888,87.7112,87.7112,1.8623,,,6.5926,178.0,27.0,44.56,0.8136,167,0.0334,-0.14,-0.14,-0.0793,0.0743,0.7984,
1154,38.4667,True,2.054,87.946,87.946,1.8283,,,6.6429,186.0,28.0,44.47,0.8071,176,-1.0196,-0.14,-0.14,-0.03,-0.0559,0.7966,
1155,38.5,True,2.0,88.0,88.0,1.7677,,,6.6071,185.0,28.0,43.79,0.8304,174,-1.817,-0.14,-0.14,-0.0127,-0.031,0.7944,
1156,38.5333,True,2.0845,87.9155,87.9155,1.7284,,,6.6071,185.0,28.0,43.73,0.8263,171,-1.181,-0.14,-0.14,-0.0064,-0.007,0.7935,
1157,38.5667,True,2.2266,87.7734,87.7734,1.7045,,,6.8148,184.0,27.0,43.43,0.8224,159,-0.7167,-0.14,-0.14,-0.051,-0.0067,0.7947,
1158,38.6,True,2.034,87.966,87.966,1.6783,,,6.7778,183.0,27.0,43.38,0.8282,161,-0.7863,-0.14,-0.14,-0.0128,0.0416,0.7964,
1159,38.6333,True,2.048,87.952,87.952,1.6591,,,6.5185,176.0,27.0,42.77,0.8205,154,-0.5747,-0.14,-0.14,-0.0027,-0.0436,0.7962,
1160,38.6667,True,2.1756,87.8244,87.8244,1.6595,,,6.6923,174.0,26.0,42.84,0.8003,148,0.0105,-0.14,-0.14,-0.0585,-0.1085,0.8074,
1161,38.7,True,1.8156,88.1844,88.1844,1.6469,,,7.0,182.0,26.0,42.5,0.7733,156,-0.3772,-0.14,-0.14,-0.0502,-0.1473,0.8073,
1162,38.7333,False,1.6431,88.3569,88.3569,,,,7.36,184.0,25.0,34.02,0.7189,154,,-0.14,-0.14,-0.0441,-0.1922,0.8068,rms_too_big
1163,38.7667,False,1.4552,88.5448,88.5448,,,,7.28,182.0,25.0,33.33,0.73,152,,-0.14,-0.14,-0.0048,-0.1837,0.8086,rms_too_big
1164,38.8,False,1.5706,88.4294,88.4294,,,,7.36,184.0,25.0,33.32,0.7302,154,,-0.14,-0.14,0.0239,-0.2306,0.8101,rms_too_big
1165,38.8333,False,1.5781,88.4219,88.4219,,,,7.36,184.0,25.0,33.19,0.7305,154,,-0.14,-0.14,0.0244,-0.1184,0.8091,rms_too_big
1166,38.8667,False,1.5959,88.4041,88.4041,,,,7.32,183.0,25.0,42.69,0.7269,154,,-0.14,-0.14,0.001,-0.2398,0.811,rms_too_big
1167,38.9,False,1.6165,88.3835,88.3835,,,,7.28,182.0,25.0,43.21,0.7309,154,,-0.14,-0.14,-0.0167,-0.2194,0.811,rms_too_big
1168,38.9333,False,1.5413,88.4587,88.4587,,,,7.2,180.0,25.0,43.21,0.739,152,,-0.14,-0.14,-0.0274,-0.1148,0.8107,rms_too_big
1169,38.9667,False,1.5761,88.4239,88.4239,,,,7.24,181.0,25.0,43.04,0.7351,153,,-0.14,-0.14,-0.0323,-0.0893,0.8085,rms_too_big
1170,39.0,True,1.2767,88.7233,88.7233,1.3688,,,6.6275,169.0,25.5,43.53,0.7747,130,,-0.14,-0.14,-0.0576,-0.0635,0.8079,
1171,39.0333,True,1.652,88.348,88.348,1.2537,,,7.12,178.0,25.0,44.43,0.7756,150,-3.4531,-0.14,-0.14,-0.0713,-0.1649,0.8071,
1172,39.0667,True,1.6061,88.3939,88.3939,1.2285,,,7.16,179.0,25.0,44.43,0.7716,152,-0.7562,-0.14,-0.14,-0.0674,-0.1206,0.8086,
1173,39.1,True,1.5653,88.4347,88.4347,1.2049,,,6.84,171.0,25.0,43.87,0.7944,139,-0.7056,-0.14,-0.14,0.0098,-0.0825,0.7977,
1174,39.1333,True,1.5627,88.4373,88.4373,1.1825,,,6.48,162.0,25.0,43.66,0.8033,128,-0.6727,-0.14,-0.14,0.0135,-0.0716,0.7978,
1175,39.1667,True,1.1903,88.8097,88.8097,1.1679,,,6.88,172.0,25.0,42.88,0.7929,132,-0.4372,-0.14,-0.14,0.013,-0.0814,0.7979,
1176,39.2,True,1.2963,88.7037,88.7037,1.1576,,,6.76,169.0,25.0,42.92,0.7917,130,-0.3111,-0.14,-0.14,-0.0366,-0.1555,0.8089,
1177,39.2333,True,1.3851,88.6149,88.6149,1.0887,,,6.52,163.0,25.0,43.24,0.7985,121,-2.067,-0.14,-0.14,-0.0349,-0.1567,0.8089,
1178,39.2667,True,1.3274,88.6726,88.6726,1.0237,,,6.72,168.0,25.0,41.77,0.7988,122,-1.9495,-0.14,-0.14,-0.0289,-0.2221,0.8089,
1179,39.3,True,1.5871,88.4129,88.4129,0.9814,,,6.52,163.0,25.0,42.92,0.8246,125,-1.2672,-0.14,-0.14,-0.0591,-0.1845,0.8114,
1180,39.3333,True,1.6212,88.3788,88.3788,0.9742,,,6.52,163.0,25.0,42.45,0.8215,129,-0.2177,-0.14,-0.14,-0.0721,-0.166,0.8123,
1181,39.3667,True,1.6999,88.3001,88.3001,1.0402,,,6.44,161.0,25.0,42.35,0.837,124,1.9788,-0.14,-0.14,-0.1115,-0.1354,0.8126,
1182,39.4,True,1.4944,88.5056,88.5056,1.083,,,6.6,165.0,25.0,41.95,0.8302,123,1.2862,-0.14,-0.14,-0.114,-0.1422,0.8187,
1183,39.4333,True,1.4346,88.5654,88.5654,1.1109,,,6.84,171.0,25.0,40.73,0.8299,132,0.836,-0.14,-0.14,-0.1495,-0.1799,0.822,
1184,39.4667,True,1.445,88.555,88.555,1.0966,,,6.4615,168.0,26.0,40.16,0.862,127,-0.4301,-0.14,-0.14,-0.1212,-0.1897,0.8291,
1185,39.5,True,1.5028,88.4972,88.4972,1.0872,,,6.5385,170.0,26.0,39.97,0.857,128,-0.2796,-0.14,-0.14,-0.0452,-0.1288,0.8338,
1186,39.5333,True,1.7294,88.2706,88.2706,1.0812,,,6.2593,169.0,27.0,42.25,0.8612,151,-0.1817,-0.14,-0.14,-0.0407,-0.0305,0.8326,
1187,39.5667,True,1.3569,88.6431,88.6431,1.06,,,6.1154,159.0,26.0,41.13,0.8658,120,-0.6359,-0.14,-0.14,-0.1257,-0.0276,0.8397,
1188,39.6,True,1.4063,88.5937,88.5937,1.0462,,,6.0385,157.0,26.0,41.36,0.865,117,-0.4134,-0.14,-0.14,-0.12,-0.0879,0.8416,
1189,39.6333,True,1.5217,88.4783,88.4783,1.0575,,,6.4815,175.0,27.0,41.81,0.8598,153,0.3374,-0.14,-0.14,-0.1304,-0.0455,0.8394,
1190,39.6667,True,1.386,88.614,88.614,1.031,,,5.7778,156.0,27.0,41.96,0.8598,112,-0.7938,-0.14,-0.14,-0.1194,-0.0862,0.8406,
1191,39.7,True,1.6414,88.3586,88.3586,1.0138,,,5.9259,160.0,27.0,42.19,0.8655,123,-0.516,-0.14,-0.14,-0.0641,-0.096,0.8342,
1192,39.7333,True,1.5254,88.4746,88.4746,1.043,,,5.6786,159.0,28.0,42.19,0.8676,121,0.8763,-0.14,-0.14,-0.064,-0.1377,0.8329,
1193,39.7667,True,1.554,88.446,88.446,1.0633,,,5.5714,156.0,28.0,42.61,0.8592,112,0.6084,-0.14,-0.14,-0.0746,-0.1583,0.8333,
1194,39.8,True,1.3862,88.6138,88.6138,1.0765,,,5.5,154.0,28.0,43.29,0.8515,114,0.3954,-0.14,-0.14,-0.0541,-0.1766,0.8276,
1195,39.8333,True,1.3696,88.6304,88.6304,1.085,,,5.5357,155.0,28.0,43.17,0.855,121,0.257,-0.14,-0.14,-0.1022,-0.1937,0.8219,
1196,39.8667,True,1.36,88.64,88.64,1.0419,,,5.5,154.0,28.0,43.22,0.8594,115,-1.2942,-0.14,-0.14,-0.128,-0.2064,0.8197,
1197,39.9,True,1.4474,88.5526,88.5526,1.0138,,,5.4643,153.0,28.0,43.24,0.859,111,-0.8412,-0.14,-0.14,-0.0572,-0.1936,0.8174,
1198,39.9333,True,1.4491,88.5509,88.5509,0.9956,,,5.4643,153.0,28.0,43.25,0.8615,108,-0.5468,-0.14,-0.14,-0.0569,-0.1906,0.8175,
1199,39.9667,True,1.4567,88.5433,88.5433,1.0052,,,5.4643,153.0,28.0,43.22,0.8606,108,0.2872,-0.14,-0.14,-0.0564,-0.1901,0.8175,
1200,40.0,True,0.1342,89.8658,89.8658,1.0114,,,10.2,306.0,30.0,40.2,0.7625,291,0.1867,-0.14,-0.14,-0.0347,-0.0763,0.819,
1201,40.0333,True,0.7197,89.2803,89.2803,1.0155,,,8.9667,269.0,30.0,40.07,0.773,254,0.1214,-0.14,-0.14,-0.0314,-0.0576,0.8236,
1202,40.0667,True,0.5303,89.4697,89.4697,0.7634,,,9.5,285.0,30.0,40.03,0.7628,260,-7.5619,-0.14,-0.14,-0.0338,-0.1017,0.8363,
1203,40.1,True,0.7475,89.2525,89.2525,0.5996,,,9.0,270.0,30.0,40.0,0.7793,255,-4.9152,-0.14,-0.14,-0.0011,-0.1283,0.8388,
1204,40.1333,True,0.7303,89.2697,89.2697,0.4931,,,8.9667,269.0,30.0,39.92,0.7801,254,-3.1949,-0.14,-0.14,0.0261,-0.1274,0.849,
1205,40.1667,True,0.6693,89.3307,89.3307,0.4238,,,9.2667,278.0,30.0,39.92,0.7714,259,-2.0767,-0.14,-0.14,0.0191,-0.1268,0.849,
1206,40.2,True,0.7234,89.2766,89.2766,0.3801,,,8.9667,269.0,30.0,39.91,0.7816,254,-1.3107,-0.14,-0.14,-0.0449,-0.1022,0.8579,
1207,40.2333,True,0.7273,89.2727,89.2727,0.3531,,,8.9667,269.0,30.0,39.98,0.7834,254,-0.8113,-0.14,-0.14,-0.0401,-0.1051,0.8583,
1208,40.2667,False,,,,,,,,,,,0.0,0,,-0.14,-0.14,-0.0368,-0.101,0.8584,no_mask
1209,40.3,False,,,,,,,,,,,0.0,0,,-0.14,-0.14,-0.0471,-0.1118,0.8584,no_mask
1210,40.3333,False,,,,,,,,,,,0.0,0,,-0.14,-0.14,-0.0427,-0.1116,0.8585,no_mask
1211,40.3667,True,0.5953,89.4047,89.4047,0.3124,,,8.7333,262.0,30.0,39.44,0.8116,247,,-0.14,-0.14,-0.0432,-0.1254,0.8586,
1212,40.4,True,0.7842,89.2158,89.2158,0.2959,,,8.7,261.0,30.0,39.39,0.8012,246,-0.4944,-0.14,-0.14,0.2767,-0.0839,0.866,
1213,40.4333,True,0.7787,89.2213,89.2213,0.3164,,,8.7,261.0,30.0,39.38,0.8052,243,0.6129,-0.14,-0.14,0.2724,-0.088,0.866,
1214,40.4667,True,0.7769,89.2231,89.2231,0.3293,,,8.7,261.0,30.0,39.5,0.8044,243,0.3887,-0.14,-0.14,0.2712,-0.076,0.8659,
1215,40.5,True,0.7408,89.2592,89.2592,0.3374,,,8.7,261.0,30.0,39.64,0.8043,246,0.2429,-0.14,-0.14,0.2639,-0.0699,0.866,
1216,40.5333,True,0.6392,89.3608,89.3608,0.3427,,,8.8333,265.0,30.0,39.49,0.7919,248,0.1579,-0.14,-0.14,0.2527,-0.0656,0.8663,
1217,40.5667,True,0.6409,89.3591,89.3591,0.3335,,,8.8667,266.0,30.0,39.11,0.7954,249,-0.276,-0.14,-0.14,0.2486,-0.0438,0.8665,
1218,40.6,True,0.6003,89.3997,89.3997,0.2926,,,8.9333,268.0,30.0,39.14,0.7872,253,-1.2281,-0.14,-0.14,0.2479,-0.0381,0.8665,
1219,40.6333,True,0.5886,89.4114,89.4114,0.2653,,,8.9333,268.0,30.0,39.19,0.7862,253,-0.8162,-0.14,-0.14,0.234,-0.0152,0.8655,
1220,40.6667,True,0.5698,89.4302,89.4302,0.234,,,8.9333,268.0,30.0,39.35,0.7856,253,-0.9399,-0.14,-0.14,0.2348,-0.0045,0.8659,
1221,40.7,False,0.1456,89.8544,89.8544,,,,10.0667,302.0,30.0,39.71,0.7306,284,,-0.14,-0.14,0.2351,-0.0076,0.8659,rms_too_big
1222,40.7333,False,0.0504,89.9496,89.9496,,,,10.1333,304.0,30.0,39.79,0.7332,289,,-0.14,-0.14,0.2292,0.0048,0.8661,rms_too_big
1223,40.7667,False,0.0467,89.9533,89.9533,,,,10.1333,304.0,30.0,39.8,0.7337,289,,-0.14,-0.14,0.224,0.0056,0.8661,rms_too_big
1224,40.8,False,0.0307,89.9693,89.9693,,,,10.1333,304.0,30.0,40.03,0.7336,289,,-0.14,-0.14,-0.0413,-0.0195,0.853,rms_too_big
1225,40.8333,False,-0.0042,89.9958,90.0042,,,,10.1333,304.0,30.0,39.92,0.7245,289,,-0.14,-0.14,-0.056,-0.0207,0.853,rms_too_big
1226,40.8667,False,0.0027,89.9973,89.9973,,,,10.1333,304.0,30.0,39.94,0.7274,289,,-0.14,-0.14,-0.055,-0.0278,0.8531,rms_too_big
1227,40.9,False,-0.0098,89.9902,90.0098,,,,10.1333,304.0,30.0,40.03,0.7263,289,,-0.14,-0.14,-0.0592,-0.0257,0.8531,rms_too_big
1228,40.9333,False,-0.0025,89.9975,90.0025,,,,10.1333,304.0,30.0,40.11,0.7257,289,,-0.14,-0.14,-0.0593,-0.0297,0.8532,rms_too_big
1229,40.9667,False,-0.0281,89.9719,90.0281,,,,10.1333,304.0,30.0,39.94,0.7091,289,,-0.14,-0.14,-0.0574,-0.0271,0.8532,rms_too_big
1230,41.0,False,-0.0117,89.9883,90.0117,,,,10.1333,304.0,30.0,39.95,0.7105,289,,-0.14,-0.14,-0.0536,-0.0248,0.8532,rms_too_big
1231,41.0333,False,-0.0016,89.9984,90.0016,,,,10.1333,304.0,30.0,39.93,0.715,289,,-0.14,-0.14,-0.0544,-0.0237,0.8532,rms_too_big
1232,41.0667,False,-0.001,89.999,90.001,,,,10.4828,304.0,29.0,39.78,0.7142,287,,-0.14,-0.14,-0.0564,-0.0246,0.8533,rms_too_big
1233,41.1,False,0.0122,89.9878,89.9878,,,,10.1333,304.0,30.0,39.54,0.722,289,,-0.14,-0.14,-0.0586,-0.0238,0.8536,rms_too_big
1234,41.1333,False,0.0187,89.9813,89.9813,,,,10.1333,304.0,30.0,39.4,0.7224,289,,-0.14,-0.14,-0.061,-0.0199,0.8537,rms_too_big
1235,41.1667,False,0.0066,89.9934,89.9934,,,,10.1333,304.0,30.0,39.3,0.7293,289,,-0.14,-0.14,-0.0669,-0.0248,0.8538,rms_too_big
1236,41.2,False,-0.0176,89.9824,90.0176,,,,10.1333,304.0,30.0,39.26,0.7288,289,,-0.14,-0.14,0.2585,-0.0155,0.8612,rms_too_big
1237,41.2333,False,-0.0466,89.9534,90.0466,,,,10.1,303.0,30.0,39.49,0.7406,289,,-0.14,-0.14,0.2419,0.0114,0.8678,rms_too_big
1238,41.2667,False,-0.0558,89.9442,90.0558,,,,10.1,303.0,30.0,39.45,0.7423,288,,-0.14,-0.14,0.2444,0.0108,0.868,rms_too_big
1239,41.3,False,-0.0047,89.9953,90.0047,,,,10.1333,304.0,30.0,39.41,0.7396,287,,-0.14,-0.14,0.2407,0.0174,0.868,rms_too_big
1240,41.3333,True,0.2324,89.7676,89.7676,0.0849,,,8.3548,259.0,31.0,39.63,0.7763,234,,-0.14,-0.14,0.2365,0.0155,0.8683,
1241,41.3667,True,-0.2063,89.7937,90.2063,-0.0888,,,9.8,294.0,30.0,39.95,0.7562,270,-5.2108,-0.14,-0.14,0.2392,0.0043,0.8683,
1242,41.4,True,-0.2133,89.7867,90.2133,-0.2785,,,9.8,294.0,30.0,40.06,0.7553,281,-5.6904,-0.14,-0.14,0.2527,-0.0174,0.8618,
1243,41.4333,True,-0.2467,89.7533,90.2467,-0.403,,,9.8667,296.0,30.0,40.31,0.7532,282,-3.7357,-0.14,-0.14,-0.0523,-0.0389,0.8549,
1244,41.4667,True,-0.2442,89.7558,90.2442,-0.4851,,,9.9,297.0,30.0,40.54,0.7536,283,-2.4651,-0.14,-0.14,-0.0502,-0.0433,0.855,
1245,41.5,True,-0.1424,89.8576,90.1424,-0.5386,,,9.6129,298.0,31.0,40.56,0.7619,269,-1.6023,-0.14,-0.14,-0.0545,-0.0626,0.855,
1246,41.5333,True,-0.0343,89.9657,90.0343,-0.5733,,,9.4516,293.0,31.0,40.7,0.7705,256,-1.0415,-0.14,-0.14,-0.0572,-0.074,0.8551,
1247,41.5667,False,-0.1186,89.8814,90.1186,,,,9.7419,302.0,31.0,40.76,0.7468,276,,-0.14,-0.14,-0.0719,-0.1128,0.8501,rms_too_big
1248,41.6,False,-0.1301,89.8699,90.1301,,,,9.7097,301.0,31.0,40.59,0.7473,274,,-0.14,-0.14,-0.0708,-0.1098,0.8503,rms_too_big
1249,41.6333,True,0.3614,89.6386,89.6386,-0.5332,,,7.5161,233.0,31.0,40.8,0.7866,221,,-0.14,-0.14,-0.0654,-0.1045,0.8504,
1250,41.6667,True,-0.2328,89.7672,90.2328,-0.5071,,,9.5738,292.0,30.5,40.72,0.7547,266,0.782,-0.14,-0.14,-0.0682,-0.1043,0.8505,
1251,41.7,True,-0.2127,89.7873,90.2127,-0.5526,,,9.5738,292.0,30.5,40.69,0.7641,266,-1.3649,-0.14,-0.14,-0.0679,-0.0957,0.8505,
1252,41.7333,True,0.1174,89.8826,89.8826,-0.5244,,,8.2903,257.0,31.0,40.57,0.7941,217,0.8457,-0.14,-0.14,-0.0621,-0.1285,0.8516,
1253,41.7667,True,0.1045,89.8955,89.8955,-0.4528,,,8.2903,257.0,31.0,40.81,0.804,225,2.1474,-0.14,-0.14,-0.0627,-0.1304,0.8516,
1254,41.8,True,0.0831,89.9169,89.9169,-0.4138,,,8.2903,257.0,31.0,40.82,0.8042,225,1.1713,-0.14,-0.14,-0.0597,-0.1252,0.8517,
1255,41.8333,True,0.1055,89.8945,89.8945,-0.3809,,,8.2903,257.0,31.0,40.82,0.8102,227,0.9859,-0.14,-0.14,-0.0626,-0.1171,0.8517,
1256,41.8667,True,-0.2049,89.7951,90.2049,-0.3596,,,9.8667,296.0,30.0,40.74,0.776,281,0.6408,-0.14,-0.14,-0.0563,-0.1072,0.8518,
1257,41.9,True,-0.0056,89.9944,90.0056,-0.3532,,,9.4194,292.0,31.0,40.45,0.8037,231,0.192,-0.14,-0.14,-0.0641,-0.0709,0.8508,
1258,41.9333,True,-0.0194,89.9806,90.0194,-0.3801,,,9.4194,292.0,31.0,40.41,0.8096,234,-0.8071,-0.14,-0.14,-0.0713,-0.0693,0.8509,
1259,41.9667,True,0.1003,89.8997,89.8997,-0.3976,,,9.3548,290.0,31.0,40.21,0.8191,242,-0.5246,-0.14,-0.14,-0.0513,-0.0611,0.8534,
1260,42.0,True,-0.2064,89.7936,90.2064,-0.4137,,,9.7667,293.0,30.0,40.21,0.7996,278,-0.4853,-0.14,-0.14,-0.0601,-0.047,0.8537,
1261,42.0333,True,-0.1602,89.8398,90.1602,-0.4242,,,9.7667,293.0,30.0,40.24,0.7941,279,-0.3155,-0.14,-0.14,-0.0713,-0.0412,0.8536,
1262,42.0667,True,-0.1516,89.8484,90.1516,-0.4774,,,9.8,294.0,30.0,40.23,0.7983,279,-1.5941,-0.14,-0.14,-0.0761,-0.0235,0.8562,
1263,42.1,True,-0.1957,89.8043,90.1957,-0.5149,,,9.8,294.0,30.0,40.22,0.7975,279,-1.1257,-0.14,-0.14,-0.072,-0.0256,0.8562,
1264,42.1333,True,-0.1114,89.8886,90.1114,-0.5393,,,9.8,294.0,30.0,40.53,0.8076,263,-0.7317,-0.14,-0.14,-0.0867,-0.0505,0.8563,
1265,42.1667,True,-0.1375,89.8625,90.1375,-0.5522,,,9.8,294.0,30.0,40.79,0.794,275,-0.3861,-0.14,-0.14,-0.0654,-0.0314,0.8561,
1266,42.2,True,-0.1451,89.8549,90.1451,-0.5582,,,9.4839,294.0,31.0,40.73,0.7928,273,-0.1822,-0.14,-0.14,-0.0398,-0.0283,0.8537,
1267,42.2333,True,-0.113,89.887,90.113,-0.5595,,,9.9333,298.0,30.0,40.76,0.7912,277,-0.0385,-0.14,-0.14,-0.0347,-0.0578,0.854,
1268,42.2667,True,-0.1044,89.8956,90.1044,-0.5518,,,9.6452,299.0,31.0,40.91,0.804,258,0.2317,-0.14,-0.14,-0.0338,-0.0547,0.8517,
1269,42.3,True,-0.1462,89.8538,90.1462,-0.5553,,,9.5484,296.0,31.0,41.49,0.8172,247,-0.1061,-0.14,-0.14,-0.0342,-0.0534,0.8517,
1270,42.3333,True,-0.1415,89.8585,90.1415,-0.559,,,9.5484,296.0,31.0,41.38,0.8164,246,-0.1108,-0.14,-0.14,-0.0189,-0.0428,0.8518,
1271,42.3667,True,-0.1629,89.8371,90.1629,-0.5614,,,9.4839,294.0,31.0,41.37,0.8183,246,-0.072,-0.14,-0.14,-0.004,-0.0456,0.8518,
1272,42.4,True,-0.1223,89.8777,90.1223,-0.563,,,9.4839,294.0,31.0,41.72,0.8182,243,-0.0468,-0.14,-0.14,-0.0047,-0.0606,0.84,
1273,42.4333,True,-0.1547,89.8453,90.1547,-0.5657,,,9.4839,294.0,31.0,41.57,0.8144,244,-0.0802,-0.14,-0.14,-0.0035,-0.0582,0.84,
1274,42.4667,True,-0.1754,89.8246,90.1754,-0.5704,,,9.4194,292.0,31.0,41.64,0.8236,242,-0.1417,-0.14,-0.14,-0.0019,-0.0612,0.8401,
1275,42.5,True,-0.1312,89.8688,90.1312,-0.5735,,,9.5161,295.0,31.0,41.76,0.8262,246,-0.0921,-0.14,-0.14,-0.0179,-0.0738,0.8405,
1276,42.5333,True,-0.0945,89.9055,90.0945,-0.5672,,,9.4839,294.0,31.0,41.97,0.835,229,0.1872,-0.14,-0.14,-0.0478,-0.0625,0.8382,
1277,42.5667,True,-0.1214,89.8786,90.1214,-0.5632,,,9.4839,294.0,31.0,42.08,0.84,228,0.1217,-0.14,-0.14,-0.0599,-0.0602,0.8382,
1278,42.6,True,-0.0844,89.9156,90.0844,-0.5571,,,9.6129,298.0,31.0,42.21,0.8447,229,0.1819,-0.14,-0.14,-0.0596,-0.0575,0.8383,
1279,42.6333,True,-0.076,89.924,90.076,-0.5438,,,9.7097,301.0,31.0,42.32,0.8515,236,0.4006,-0.14,-0.14,-0.0623,-0.0596,0.8383,
1280,42.6667,True,-0.0591,89.9409,90.0591,-0.5315,,,9.7419,302.0,31.0,42.49,0.8523,235,0.3664,-0.14,-0.14,-0.0652,-0.0625,0.8384,
1281,42.7,True,-0.1701,89.8299,90.1701,-0.5236,,,9.0476,285.0,31.5,42.29,0.8097,136,0.2382,-0.14,-0.14,-0.0629,-0.0123,0.8394,
1282,42.7333,True,-0.1493,89.8507,90.1493,-0.5184,,,9.1935,285.0,31.0,42.22,0.8258,155,0.1548,-0.14,-0.14,-0.0698,0.0062,0.8336,
1283,42.7667,True,-0.1372,89.8628,90.1372,-0.5335,,,9.1613,284.0,31.0,42.1,0.8189,142,-0.4532,-0.14,-0.14,-0.0612,-0.0585,0.8328,
1284,42.8,True,-0.0977,89.9023,90.0977,-0.5434,,,9.3871,291.0,31.0,41.98,0.8512,212,-0.2946,-0.14,-0.14,-0.0433,-0.0887,0.8388,
1285,42.8333,True,-0.1473,89.8527,90.1473,-0.5533,,,9.1613,284.0,31.0,42.7,0.8213,145,-0.2974,-0.14,-0.14,-0.0367,-0.0976,0.8389,
1286,42.8667,True,-0.1765,89.8235,90.1765,-0.5597,,,9.1935,285.0,31.0,42.44,0.815,141,-0.1933,-0.14,-0.14,-0.0048,-0.1244,0.8386,
1287,42.9,True,-0.0915,89.9085,90.0915,-0.5604,,,9.6452,299.0,31.0,42.35,0.8474,257,-0.0197,-0.14,-0.14,-0.0155,-0.1335,0.8387,
1288,42.9333,True,-0.0825,89.9175,90.0825,-0.547,,,9.3548,290.0,31.0,42.35,0.8448,227,0.402,-0.14,-0.14,-0.032,-0.1373,0.8364,
1289,42.9667,True,-0.0283,89.9717,90.0283,-0.5361,,,9.7419,302.0,31.0,42.3,0.8536,264,0.3258,-0.14,-0.14,-0.0246,-0.1387,0.8365,
1290,43.0,True,-0.0249,89.9751,90.0249,-0.5259,,,9.7419,302.0,31.0,42.2,0.8454,273,0.3064,-0.14,-0.14,-0.0073,-0.1501,0.8388,
1291,43.0333,True,-0.0692,89.9308,90.0692,-0.5146,,,9.6129,298.0,31.0,41.97,0.8514,260,0.3385,-0.14,-0.14,-0.0081,-0.1442,0.8389,
1292,43.0667,True,-0.0603,89.9397,90.0603,-0.5042,,,9.6129,298.0,31.0,41.82,0.8523,256,0.3139,-0.14,-0.14,-0.0145,-0.1294,0.8394,
1293,43.1,True,-0.0288,89.9712,90.0288,-0.4863,,,9.7419,302.0,31.0,41.87,0.8527,263,0.5345,-0.14,-0.14,-0.0023,-0.1511,0.839,
1294,43.1333,True,-0.0244,89.9756,90.0244,-0.4748,,,9.7742,303.0,31.0,41.76,0.855,264,0.3474,-0.14,-0.14,0.0035,-0.1516,0.8391,
1295,43.1667,True,0.0228,89.9772,89.9772,-0.4672,,,9.7419,302.0,31.0,41.4,0.8493,273,0.2258,-0.14,-0.14,0.0048,-0.1531,0.8392,
1296,43.2,True,0.0227,89.9773,89.9773,-0.4608,,,9.7419,302.0,31.0,41.31,0.8432,272,0.1935,-0.14,-0.14,0.0299,-0.1243,0.8459,
1297,43.2333,True,0.0308,89.9692,89.9692,-0.4401,,,9.7419,302.0,31.0,41.05,0.8552,263,0.6205,-0.14,-0.14,0.0819,-0.1657,0.8483,
1298,43.2667,True,0.0257,89.9743,89.9743,-0.4266,,,9.7419,302.0,31.0,40.96,0.8584,263,0.4035,-0.14,-0.14,0.0796,-0.1656,0.8484,
1299,43.3,True,0.0253,89.9747,89.9747,-0.417,,,9.7097,301.0,31.0,41.01,0.8577,261,0.2887,-0.14,-0.14,0.0761,-0.1666,0.8484,
1300,43.3333,True,0.0147,89.9853,89.9853,-0.4108,,,9.7742,303.0,31.0,40.9,0.8492,275,0.1876,-0.14,-0.14,0.112,-0.1567,0.8508,
1301,43.3667,True,0.0434,89.9566,89.9566,-0.4066,,,9.7742,303.0,31.0,40.64,0.856,262,0.1261,-0.14,-0.14,0.1057,-0.1594,0.8509,
1302,43.4,True,0.0259,89.9741,89.9741,-0.4038,,,9.8065,304.0,31.0,40.62,0.8568,264,0.082,-0.14,-0.14,0.1079,-0.1563,0.851,
1303,43.4333,True,0.0122,89.9878,89.9878,-0.4022,,,9.7742,303.0,31.0,40.84,0.8531,274,0.0491,-0.14,-0.14,0.0483,-0.1466,0.8573,
1304,43.4667,True,-0.0064,89.9936,90.0064,-0.4048,,,9.7419,302.0,31.0,40.74,0.8555,272,-0.079,-0.14,-0.14,0.0511,-0.1456,0.8573,
1305,43.5,True,-0.0054,89.9946,90.0054,-0.4074,,,9.7419,302.0,31.0,40.3,0.8606,262,-0.078,-0.14,-0.14,0.0477,-0.1367,0.8574,
1306,43.5333,True,-0.0135,89.9865,90.0135,-0.4153,,,9.7742,303.0,31.0,40.18,0.8605,263,-0.235,-0.14,-0.14,0.0481,-0.1252,0.8579,
1307,43.5667,True,0.02,89.98,89.98,-0.4204,,,9.7742,303.0,31.0,40.14,0.8581,265,-0.1528,-0.14,-0.14,0.0289,-0.1207,0.858,
1308,43.6,True,0.0126,89.9874,89.9874,-0.4237,,,9.7419,302.0,31.0,40.33,0.8592,266,-0.0993,-0.14,-0.14,0.3981,-0.0737,0.8653,
1309,43.6333,True,-0.0204,89.9796,90.0204,-0.4258,,,9.7097,301.0,31.0,40.24,0.8544,268,-0.0645,-0.14,-0.14,0.3949,-0.0705,0.8653,
1310,43.6667,True,-0.002,89.998,90.002,-0.426,,,9.7097,301.0,31.0,40.31,0.849,269,-0.0063,-0.14,-0.14,0.3992,-0.0619,0.8655,
1311,43.7,True,0.0026,89.9974,89.9974,-0.4246,,,9.7097,301.0,31.0,40.28,0.8554,270,0.044,-0.14,-0.14,0.3932,0.0028,0.8665,
1312,43.7333,True,0.0698,89.9302,89.9302,-0.4236,,,9.7419,302.0,31.0,40.35,0.837,281,0.0286,-0.14,-0.14,0.4006,-0.001,0.8666,
1313,43.7667,True,0.0862,89.9138,89.9138,-0.423,,,9.7419,302.0,31.0,40.3,0.8332,287,0.0186,-0.14,-0.14,0.4078,-0.0157,0.8667,
1314,43.8,True,0.0793,89.9207,89.9207,-0.399,,,9.7097,301.0,31.0,40.18,0.8275,286,0.718,-0.14,-0.14,0.4121,0.06,0.8671,
1315,43.8333,True,0.0585,89.9415,89.9415,-0.3835,,,9.7097,301.0,31.0,40.04,0.8292,286,0.4667,-0.14,-0.14,0.4145,0.0554,0.8671,
1316,43.8667,True,0.1022,89.8978,89.8978,-0.3701,,,9.7097,301.0,31.0,39.69,0.8293,286,0.403,-0.14,-0.14,0.4223,0.0379,0.8673,
1317,43.9,True,0.0441,89.9559,89.9559,-0.3613,,,9.9667,299.0,30.0,39.42,0.8552,277,0.262,-0.14,-0.14,0.4302,0.0394,0.8674,
1318,43.9333,True,0.0561,89.9439,89.9439,-0.3629,,,9.9667,299.0,30.0,39.23,0.8646,272,-0.0478,-0.14,-0.14,0.4426,0.0325,0.8675,
1319,43.9667,True,0.0204,89.9796,89.9796,-0.3648,,,9.6452,299.0,31.0,39.18,0.8667,276,-0.0564,-0.14,-0.14,0.7171,0.0526,0.87,
1320,44.0,False,,,,,,,,,,,0.0,0,,-0.14,-0.14,0.6798,0.0629,0.8728,no_mask
1321,44.0333,False,,,,,,,,,,,0.0,0,,-0.14,-0.14,0.6823,0.0643,0.8729,no_mask
1322,44.0667,False,,,,,,,,,,,0.0,0,,-0.14,-0.14,0.7039,0.0762,0.8738,no_mask
1323,44.1,True,-0.062,89.938,90.062,-0.3929,,,10.4483,303.0,29.0,39.02,0.8159,258,,-0.14,-0.14,0.6988,0.0766,0.8738,
1324,44.1333,True,0.0613,89.9387,89.9387,-0.4041,,,10.0,300.0,30.0,39.06,0.8478,280,-0.3342,-0.14,-0.14,0.697,0.0798,0.8739,
1325,44.1667,True,-0.118,89.882,90.118,-0.4329,,,8.9333,268.0,30.0,39.07,0.8629,220,-0.8644,-0.14,-0.14,0.6941,0.0817,0.874,
1326,44.2,True,-0.1545,89.8455,90.1545,-0.4614,,,8.9333,268.0,30.0,39.13,0.8593,237,-0.8562,-0.14,-0.14,0.6892,0.0856,0.8741,
1327,44.2333,True,-0.1429,89.8571,90.1429,-0.4898,,,8.9333,268.0,30.0,39.11,0.8601,236,-0.8508,-0.14,-0.14,0.6835,0.0872,0.8741,
1328,44.2667,True,-0.146,89.854,90.146,-0.5169,,,9.8333,295.0,30.0,39.2,0.8509,236,-0.8139,-0.14,-0.14,0.6824,0.0865,0.8742,
1329,44.3,True,-0.1735,89.8265,90.1735,-0.5356,,,8.9667,269.0,30.0,38.67,0.8621,238,-0.5616,-0.14,-0.14,0.659,0.0943,0.8743,
1330,44.3333,True,-0.1877,89.8123,90.1877,-0.5508,,,8.9333,268.0,30.0,38.56,0.8567,235,-0.4549,-0.14,-0.14,0.652,0.099,0.8744,
1331,44.3667,True,-0.1804,89.8196,90.1804,-0.5673,,,9.0,270.0,30.0,38.42,0.8586,232,-0.495,-0.14,-0.14,0.653,0.1146,0.8812,
1332,44.4,True,-0.1658,89.8342,90.1658,-0.578,,,9.0,270.0,30.0,38.58,0.8628,244,-0.3217,-0.14,-0.14,0.4888,0.1224,0.8887,
1333,44.4333,True,-0.1756,89.8244,90.1756,-0.5857,,,9.3103,270.0,29.0,38.54,0.8702,245,-0.2308,-0.14,-0.14,0.487,0.1285,0.8888,
1334,44.4667,True,-0.1192,89.8808,90.1192,-0.5907,,,9.4138,273.0,29.0,38.42,0.8631,245,-0.15,-0.14,-0.14,0.4755,0.1295,0.8888,
1335,44.5,True,-0.1561,89.8439,90.1561,-0.5906,,,9.3103,270.0,29.0,38.54,0.8738,243,0.005,-0.12,-0.12,0.4743,0.1325,0.8889,
1336,44.5333,True,-0.1356,89.8644,90.1356,-0.587,,,9.1,273.0,30.0,38.64,0.8664,246,0.1057,-0.12,-0.12,0.4629,0.1462,0.889,
1337,44.5667,True,-0.1914,89.8086,90.1914,-0.5847,,,8.9667,269.0,30.0,38.43,0.8768,238,0.0687,-0.12,-0.12,0.4531,0.1506,0.8891,
1338,44.6,True,-0.1995,89.8005,90.1995,-0.5832,,,8.9667,269.0,30.0,38.38,0.8709,235,0.0447,-0.12,-0.12,0.4507,0.1419,0.8892,
1339,44.6333,True,-0.2197,89.7803,90.2197,-0.5946,,,8.9667,269.0,30.0,38.21,0.8715,236,-0.3419,-0.12,-0.12,0.4531,0.1412,0.8893,
1340,44.6667,True,-0.141,89.859,90.141,-0.6021,,,9.0,270.0,30.0,38.29,0.8542,244,-0.2222,-0.12,-0.12,0.4442,0.1254,0.8894,
1341,44.7,True,-0.2281,89.7719,90.2281,-0.6097,,,9.1186,269.0,29.5,38.52,0.8655,234,-0.23,-0.12,-0.12,0.4292,0.1179,0.8886,
1342,44.7333,True,-0.2113,89.7887,90.2113,-0.6188,,,8.9667,269.0,30.0,38.52,0.8644,232,-0.273,-0.12,-0.12,0.4188,0.1059,0.8887,
1343,44.7667,True,-0.2373,89.7627,90.2373,-0.6277,,,8.9667,269.0,30.0,38.58,0.8654,232,-0.2654,-0.12,-0.12,0.4145,0.1021,0.8887,
1344,44.8,True,-0.1961,89.8039,90.1961,-0.6305,,,9.2759,269.0,29.0,38.44,0.8598,227,-0.0846,-0.12,-0.12,0.4136,0.095,0.8888,
1345,44.8333,True,-0.2028,89.7972,90.2028,-0.6323,,,9.2414,268.0,29.0,38.41,0.8595,226,-0.055,-0.12,-0.12,0.3842,0.0513,0.8885,
1346,44.8667,True,-0.2051,89.7949,90.2051,-0.6313,,,9.2414,268.0,29.0,38.38,0.8616,227,0.0296,-0.12,-0.12,0.4096,0.0993,0.8889,
1347,44.9,True,-0.212,89.788,90.212,-0.6307,,,9.2414,268.0,29.0,38.38,0.8638,227,0.0193,-0.12,-0.12,0.4087,0.0985,0.8889,
1348,44.9333,True,-0.2273,89.7727,90.2273,-0.6303,,,8.8667,266.0,30.0,38.36,0.8765,218,0.0125,-0.12,-0.12,0.4047,0.1022,0.8889,
1349,44.9667,True,-0.2165,89.7835,90.2165,-0.6324,,,8.8667,266.0,30.0,38.36,0.8767,218,-0.0644,-0.12,-0.12,0.4047,0.1022,0.8889,
1350,45.0,True,-0.1793,89.8207,90.1793,-0.6338,,,8.5161,264.0,31.0,37.27,0.8173,154,-0.0419,-0.12,-0.12,0.3972,0.0683,0.8903,
1351,45.0333,True,-0.1888,89.8112,90.1888,-0.6347,,,8.5161,264.0,31.0,37.31,0.8212,157,-0.0272,-0.12,-0.12,0.3652,0.1018,0.8929,
1352,45.0667,True,-0.1921,89.8079,90.1921,-0.6283,,,8.381,264.0,31.5,37.26,0.8208,160,0.1914,-0.12,-0.12,0.3674,0.1151,0.8938,
1353,45.1,True,-0.1814,89.8186,90.1814,-0.623,,,8.25,264.0,32.0,37.23,0.8181,161,0.1593,-0.12,-0.12,0.2411,0.1192,0.9008,
1354,45.1333,True,-0.1673,89.8327,90.1673,-0.617,,,8.5161,264.0,31.0,37.23,0.8274,190,0.181,-0.12,-0.12,0.2402,0.1209,0.9008,
1355,45.1667,True,-0.1927,89.8073,90.1927,-0.6157,,,8.25,264.0,32.0,37.2,0.8179,156,0.0402,-0.12,-0.12,0.0548,0.1481,0.9037,
1356,45.2,True,-0.1477,89.8523,90.1477,-0.6122,,,8.5806,266.0,31.0,37.16,0.8339,225,0.1036,-0.12,-0.12,0.0557,0.1475,0.9037,
1357,45.2333,True,-0.1438,89.8562,90.1438,-0.605,,,8.5806,266.0,31.0,37.11,0.836,231,0.2152,-0.12,-0.12,0.0534,0.1482,0.9037,
1358,45.2667,True,-0.0968,89.9032,90.0968,-0.5935,,,8.5,272.0,32.0,37.09,0.8245,267,0.3457,-0.12,-0.12,0.0569,0.1492,0.9038,
1359,45.3,True,-0.1391,89.8609,90.1391,-0.5846,,,8.4062,269.0,32.0,37.21,0.8259,233,0.2658,-0.12,-0.12,0.0569,0.1125,0.9047,
1360,45.3333,True,-0.0644,89.9356,90.0644,-0.5773,,,8.8387,274.0,31.0,37.15,0.8276,267,0.2219,-0.13,-0.13,0.0625,0.1112,0.9049,
1361,45.3667,True,-0.0959,89.9041,90.0959,-0.5576,,,8.5625,274.0,32.0,37.1,0.8251,268,0.5881,-0.13,-0.13,0.0642,0.1148,0.9051,
1362,45.4,True,-0.0714,89.9286,90.0714,-0.5446,,,8.5625,274.0,32.0,37.16,0.8301,267,0.3918,-0.13,-0.13,0.0603,0.1191,0.9053,
1363,45.4333,True,-0.0779,89.9221,90.0779,-0.5298,,,8.4688,271.0,32.0,37.14,0.8331,262,0.4443,-0.13,-0.13,0.0631,0.1202,0.9054,
1364,45.4667,True,-0.0821,89.9179,90.0821,-0.5201,,,8.4688,271.0,32.0,37.25,0.835,261,0.2888,-0.11,-0.11,0.0703,0.1143,0.9055,
1365,45.5,True,-0.0738,89.9262,90.0738,-0.5139,,,8.4688,271.0,32.0,37.25,0.8342,258,0.1877,-0.11,-0.11,0.0736,0.1203,0.9056,
1366,45.5333,True,-0.0668,89.9332,90.0668,-0.5084,,,8.4688,271.0,32.0,37.16,0.8312,254,0.1645,-0.11,-0.11,0.0724,0.1194,0.9059,
1367,45.5667,True,-0.0633,89.9367,90.0633,-0.5048,,,8.4688,271.0,32.0,37.1,0.8273,250,0.1069,-0.11,-0.11,0.067,0.122,0.9059,
1368,45.6,True,-0.0636,89.9364,90.0636,-0.5001,,,8.4688,271.0,32.0,37.11,0.8299,254,0.1432,-0.11,-0.11,0.065,0.1219,0.906,
1369,45.6333,True,-0.0563,89.9437,90.0563,-0.4959,,,8.4688,271.0,32.0,37.09,0.8315,256,0.1264,-0.11,-0.11,0.0615,0.1271,0.9061,
1370,45.6667,True,-0.0498,89.9502,90.0498,-0.493,,,8.4688,271.0,32.0,36.99,0.8309,257,0.0858,-0.11,-0.11,0.06,0.1257,0.9063,
1371,45.7,True,-0.0189,89.9811,90.0189,-0.4887,,,8.4688,271.0,32.0,37.04,0.834,256,0.1285,-0.11,-0.11,0.054,0.1799,0.9056,
1372,45.7333,True,0.0321,89.9679,89.9679,-0.4836,,,8.625,276.0,32.0,36.98,0.8307,271,0.1522,-0.11,-0.11,0.0477,0.179,0.9057,
1373,45.7667,True,0.0458,89.9542,89.9542,-0.4695,,,8.5625,274.0,32.0,37.0,0.8331,270,0.4235,-0.11,-0.11,0.0435,0.1823,0.9057,
1374,45.8,True,0.0516,89.9484,89.9484,-0.4425,,,8.5312,273.0,32.0,36.88,0.8336,269,0.8105,-0.11,-0.11,0.0413,0.1855,0.9059,
1375,45.8333,True,0.0605,89.9395,89.9395,-0.4201,,,8.625,276.0,32.0,36.89,0.8334,270,0.6706,-0.11,-0.11,0.0388,0.1915,0.906,
1376,45.8667,True,0.0567,89.9433,89.9433,-0.4036,,,8.625,276.0,32.0,36.9,0.8348,270,0.4968,-0.11,-0.11,0.0384,0.1907,0.9061,
1377,45.9,True,0.0544,89.9456,89.9456,-0.3918,,,8.625,276.0,32.0,36.91,0.834,270,0.3526,-0.09,-0.09,-0.104,0.202,0.9133,
1378,45.9333,True,0.0546,89.9454,89.9454,-0.3841,,,8.625,276.0,32.0,36.91,0.8325,270,0.2312,-0.09,-0.09,-0.1065,0.2024,0.9134,
1379,45.9667,True,0.0463,89.9537,89.9537,-0.3791,,,8.5312,273.0,32.0,36.95,0.8321,269,0.1503,-0.11,-0.11,0.0396,0.1974,0.9064,
1380,46.0,True,0.0598,89.9402,89.9402,-0.3759,,,8.6562,277.0,32.0,36.97,0.8323,271,0.0977,-0.11,-0.11,0.0397,0.1968,0.9065,
1381,46.0333,True,0.0652,89.9348,89.9348,-0.3737,,,8.6562,277.0,32.0,36.93,0.8286,271,0.0635,-0.11,-0.11,0.0389,0.1952,0.9065,
1382,46.0667,True,0.0646,89.9354,89.9354,-0.3706,,,8.6562,277.0,32.0,36.84,0.8269,271,0.0956,-0.11,-0.11,0.0407,0.1931,0.9067,
1383,46.1,True,0.0902,89.9098,89.9098,-0.3668,,,8.625,276.0,32.0,36.94,0.8311,270,0.1133,-0.11,-0.11,0.0399,0.1838,0.907,
1384,46.1333,True,0.0709,89.9291,89.9291,-0.3641,,,8.5312,273.0,32.0,36.84,0.8305,269,0.0792,-0.11,-0.11,0.0396,0.1779,0.9072,
1385,46.1667,True,0.175,89.825,89.825,-0.3604,,,9.0,288.0,32.0,37.07,0.8283,285,0.1119,-0.11,-0.11,0.0346,0.1741,0.9073,
1386,46.2,True,0.2413,89.7587,89.7587,-0.3512,,,8.9688,287.0,32.0,36.91,0.8471,284,0.2752,-0.11,-0.11,0.036,0.1634,0.9072,
1387,46.2333,True,0.2466,89.7534,89.7534,-0.3156,,,9.0,288.0,32.0,36.88,0.8478,285,1.0688,-0.11,-0.11,0.0248,0.14,0.9066,
1388,46.2667,True,0.1865,89.8135,89.8135,-0.2884,,,8.9688,287.0,32.0,36.62,0.8497,284,0.8161,-0.11,-0.11,0.0288,0.0889,0.9064,
1389,46.3,True,0.2082,89.7918,89.7918,-0.2632,,,8.7812,281.0,32.0,36.61,0.8579,278,0.7576,-0.09,-0.09,-0.1237,0.0556,0.9127,
1390,46.3333,True,0.2331,89.7669,89.7669,-0.238,,,8.7812,281.0,32.0,36.56,0.8635,278,0.7538,-0.09,-0.09,-0.1192,0.0317,0.9123,
1391,46.3667,True,0.2324,89.7676,89.7676,-0.2219,,,8.75,280.0,32.0,36.61,0.8665,278,0.4832,-0.09,-0.09,-0.1175,0.0346,0.9115,
1392,46.4,True,0.2339,89.7661,89.7661,-0.2115,,,8.75,280.0,32.0,36.71,0.8697,278,0.3141,-0.09,-0.09,-0.1203,0.0307,0.9116,
1393,46.4333,True,0.2748,89.7252,89.7252,-0.2044,,,8.9375,286.0,32.0,36.78,0.866,283,0.2109,-0.09,-0.09,-0.1235,0.0393,0.9114,
1394,46.4667,True,0.275,89.725,89.725,-0.1996,,,8.9375,286.0,32.0,37.25,0.8684,283,0.1458,-0.09,-0.09,-0.126,0.037,0.9116,
1395,46.5,True,0.2789,89.7211,89.7211,-0.1821,,,8.9375,286.0,32.0,37.59,0.87,282,0.524,-0.09,-0.09,-0.1277,0.0382,0.9118,
1396,46.5333,True,0.2825,89.7175,89.7175,-0.1707,,,8.9375,286.0,32.0,37.51,0.8708,283,0.3427,-0.11,-0.11,-0.0015,0.0203,0.9047,
1397,46.5667,True,0.2849,89.7151,89.7151,-0.1619,,,8.9375,286.0,32.0,37.46,0.8717,282,0.264,-0.11,-0.11,-0.0041,0.0183,0.9048,
1398,46.6,True,0.3114,89.6886,89.6886,-0.1549,,,8.5758,283.0,33.0,37.59,0.88,284,0.2095,-0.11,-0.11,0.0073,0.0237,0.9049,
1399,46.6333,True,0.3289,89.6711,89.6711,-0.1495,,,8.6667,286.0,33.0,37.59,0.8814,286,0.1617,-0.11,-0.11,0.0985,0.0136,0.8981,
1400,46.6667,True,0.2257,89.7743,89.7743,-0.146,,,9.5938,307.0,32.0,37.48,0.8407,288,0.1051,-0.11,-0.11,0.265,-0.0011,0.8957,
1401,46.7,True,0.1055,89.8945,89.8945,-0.1437,,,8.5625,274.0,32.0,37.43,0.8654,270,0.0683,-0.11,-0.11,0.2647,0.0037,0.8958,
1402,46.7333,True,0.1206,89.8794,89.8794,-0.163,,,8.75,280.0,32.0,37.39,0.8678,272,-0.5772,-0.11,-0.11,0.2743,0.0005,0.896,
1403,46.7667,True,0.1258,89.8742,89.8742,-0.2104,,,8.75,280.0,32.0,37.38,0.8715,276,-1.4242,-0.11,-0.11,0.2742,-0.0051,0.8962,
1404,46.8,True,0.1378,89.8622,89.8622,-0.2413,,,8.75,280.0,32.0,37.31,0.8724,277,-0.9257,-0.11,-0.11,0.2779,-0.0101,0.8963,
1405,46.8333,True,0.1367,89.8633,89.8633,-0.2613,,,8.5625,274.0,32.0,37.18,0.8761,271,-0.6017,-0.11,-0.11,0.1269,-0.0045,0.8989,
1406,46.8667,True,0.104,89.896,89.896,-0.2744,,,8.5625,274.0,32.0,37.15,0.8741,247,-0.3911,-0.11,-0.11,0.0382,0.0066,0.9061,
1407,46.9,True,0.1627,89.8373,89.8373,-0.279,,,8.5625,274.0,32.0,37.33,0.878,269,-0.1399,-0.11,-0.11,0.0471,0.0036,0.9063,
1408,46.9333,True,0.1814,89.8186,89.8186,-0.2817,,,8.875,284.0,32.0,37.42,0.8779,268,-0.0792,-0.11,-0.11,0.048,0.0065,0.9064,
1409,46.9667,True,0.1798,89.8202,89.8202,-0.2747,,,8.4375,270.0,32.0,37.35,0.8677,233,0.2098,-0.11,-0.11,0.0505,0.007,0.9066,
1410,47.0,True,0.1923,89.8077,89.8077,-0.2642,,,8.5625,274.0,32.0,37.45,0.8632,231,0.3154,-0.11,-0.11,0.0553,0.0056,0.9068,
1411,47.0333,True,0.1682,89.8318,89.8318,-0.2573,,,8.3438,267.0,32.0,37.81,0.8702,221,0.205,-0.11,-0.11,0.0561,0.0031,0.907,
1412,47.0667,True,0.229,89.771,89.771,-0.2523,,,8.5625,274.0,32.0,37.73,0.8662,240,0.1507,-0.11,-0.11,0.2053,-0.0096,0.9046,
1413,47.1,True,0.2589,89.7411,89.7411,-0.2453,,,8.7812,281.0,32.0,37.52,0.8798,270,0.2118,-0.11,-0.11,0.2056,-0.0087,0.9047,
1414,47.1333,True,0.2625,89.7375,89.7375,-0.2278,,,8.7812,281.0,32.0,37.67,0.8825,270,0.5232,-0.11,-0.11,0.1993,0.0057,0.904,
1415,47.1667,True,0.2736,89.7264,89.7264,-0.206,,,8.7812,281.0,32.0,37.81,0.8821,270,0.6546,-0.11,-0.11,0.1974,0.0141,0.9044,
1416,47.2,True,0.2772,89.7228,89.7228,-0.1906,,,8.7812,281.0,32.0,37.83,0.8852,269,0.4632,-0.11,-0.11,0.298,0.0038,0.8974,
1417,47.2333,True,0.283,89.717,89.717,-0.1766,,,8.7812,281.0,32.0,37.8,0.8828,269,0.4177,-0.11,-0.11,0.2928,0.0067,0.8976,
1418,47.2667,True,0.1943,89.8057,89.8057,-0.1676,,,8.75,280.0,32.0,37.91,0.8715,261,0.2715,-0.11,-0.11,0.2838,0.0019,0.8978,
1419,47.3,True,0.2869,89.7131,89.7131,-0.1604,,,8.7812,281.0,32.0,37.65,0.8815,269,0.2141,-0.11,-0.11,0.2787,0.0012,0.898,
1420,47.3333,True,0.1944,89.8056,89.8056,-0.1558,,,8.6875,278.0,32.0,37.69,0.8696,272,0.1392,-0.11,-0.11,0.2801,0.0039,0.8981,
1421,47.3667,True,0.1448,89.8552,89.8552,-0.1818,,,8.1515,269.0,33.0,37.72,0.8698,234,-0.7787,-0.11,-0.11,0.2798,0.0081,0.8982,
1422,47.4,True,0.1258,89.8742,89.8742,-0.1987,,,8.1515,269.0,33.0,37.9,0.8712,233,-0.5076,-0.11,-0.11,0.2724,0.0078,0.8984,
1423,47.4333,True,0.2495,89.7505,89.7505,-0.2096,,,8.5938,275.0,32.0,37.91,0.8596,215,-0.3285,-0.11,-0.11,0.2779,0.0044,0.8983,
1424,47.4667,True,0.2473,89.7527,89.7527,-0.2168,,,8.3333,275.0,33.0,37.92,0.8605,209,-0.2135,-0.11,-0.11,0.1857,0.0003,0.9066,
1425,47.5,True,0.313,89.687,89.687,-0.2029,,,8.5455,282.0,33.0,38.01,0.8692,252,0.4165,-0.11,-0.11,0.3268,-0.012,0.8994,
1426,47.5333,True,0.2835,89.7165,89.7165,-0.1931,,,8.5152,281.0,33.0,38.06,0.876,267,0.293,-0.11,-0.11,0.3411,-0.0129,0.9009,
1427,47.5667,True,0.2676,89.7324,89.7324,-0.1804,,,8.5152,281.0,33.0,38.13,0.8766,268,0.3812,-0.11,-0.11,0.4467,0.0612,0.8953,
1428,47.6,True,0.278,89.722,89.722,-0.1685,,,8.5152,281.0,33.0,38.09,0.8775,269,0.3567,-0.11,-0.11,0.4699,0.0755,0.8965,
1429,47.6333,True,0.1639,89.8361,89.8361,-0.1608,,,8.1818,270.0,33.0,37.97,0.8665,217,0.2319,-0.11,-0.11,0.4836,0.0324,0.8974,
1430,47.6667,True,0.1817,89.8183,89.8183,-0.1594,,,8.1818,270.0,33.0,37.82,0.8719,229,0.0418,-0.11,-0.11,0.4883,0.0279,0.8975,
1431,47.7,True,0.2067,89.7933,89.7933,-0.1798,,,8.3939,277.0,33.0,37.98,0.8723,237,-0.612,-0.11,-0.11,0.4994,-0.0111,0.898,
1432,47.7333,True,0.1973,89.8027,89.8027,-0.1964,,,8.3939,277.0,33.0,38.01,0.8782,253,-0.4973,-0.11,-0.11,0.4942,-0.0053,0.8981,
1433,47.7667,True,0.2143,89.7857,89.7857,-0.2071,,,8.4242,278.0,33.0,37.85,0.8798,260,-0.3232,-0.11,-0.11,0.4939,-0.0017,0.8983,
1434,47.8,True,0.2192,89.7808,89.7808,-0.2108,,,8.4242,278.0,33.0,37.82,0.88,262,-0.1106,-0.11,-0.11,0.491,-0.0033,0.8985,
1435,47.8333,True,0.1817,89.8183,89.8183,-0.2132,,,8.1818,270.0,33.0,37.22,0.8797,260,-0.0719,-0.11,-0.11,0.36,0.0027,0.9063,
1436,47.8667,True,0.1801,89.8199,89.8199,-0.2181,,,8.303,274.0,33.0,37.18,0.877,263,-0.1462,-0.11,-0.11,0.242,0.0645,0.9132,
1437,47.9,True,0.2696,89.7304,89.7304,-0.2153,,,8.4848,280.0,33.0,37.13,0.8876,270,0.0837,-0.11,-0.11,0.2404,0.0922,0.9122,
1438,47.9333,True,0.2397,89.7603,89.7603,-0.2118,,,8.3333,275.0,33.0,37.71,0.8837,263,0.1062,-0.11,-0.11,0.0698,0.0452,0.9138,
1439,47.9667,True,0.2385,89.7615,89.7615,-0.2027,,,8.3333,275.0,33.0,37.11,0.8851,259,0.2713,-0.11,-0.11,0.061,-0.0117,0.9127,
1440,48.0,True,0.2344,89.7656,89.7656,-0.1968,,,8.3333,275.0,33.0,37.05,0.881,257,0.1764,-0.11,-0.11,0.0614,-0.0014,0.9118,
1441,48.0333,True,0.2126,89.7874,89.7874,-0.193,,,8.303,274.0,33.0,37.0,0.8823,263,0.1146,-0.11,-0.11,0.0475,0.0056,0.9116,
1442,48.0667,True,0.2326,89.7674,89.7674,-0.192,,,8.5625,274.0,32.0,36.84,0.8832,258,0.0318,-0.11,-0.11,0.0506,0.0018,0.9118,
1443,48.1,True,0.2316,89.7684,89.7684,-0.1919,,,8.5625,274.0,32.0,36.68,0.8824,258,0.0017,-0.11,-0.11,0.0396,0.0255,0.9111,
1444,48.1333,True,0.2261,89.7739,89.7739,-0.1922,,,8.5625,274.0,32.0,36.52,0.8811,261,-0.0101,-0.07,-0.07,-0.0749,0.0429,0.9185,
1445,48.1667,True,0.2481,89.7519,89.7519,-0.1925,,,8.5625,274.0,32.0,36.43,0.8829,263,-0.0065,-0.07,-0.07,-0.0748,0.0424,0.9186,
1446,48.2,True,0.2254,89.7746,89.7746,-0.1926,,,8.4308,274.0,32.5,35.92,0.8799,258,-0.0042,-0.07,-0.07,-0.1836,0.0514,0.9215,
1447,48.2333,True,0.2177,89.7823,89.7823,-0.1946,,,8.303,274.0,33.0,35.73,0.8778,257,-0.0603,-0.07,-0.07,-0.1864,0.0528,0.9217,
1448,48.2667,True,0.2117,89.7883,89.7883,-0.1962,,,8.303,274.0,33.0,35.75,0.8772,256,-0.0463,0.05,0.05,-0.2883,0.0494,0.9241,
1449,48.3,True,0.2257,89.7743,89.7743,-0.1972,,,8.303,274.0,33.0,35.72,0.8805,256,-0.0301,0.05,0.05,-0.2869,0.0475,0.9252,
1450,48.3333,True,0.2275,89.7725,89.7725,-0.1978,,,8.5152,281.0,33.0,35.82,0.8795,259,-0.0196,0.05,0.05,-0.3127,0.0667,0.9328,
1451,48.3667,True,0.2159,89.7841,89.7841,-0.2009,,,8.4308,274.0,32.5,35.78,0.8778,256,-0.094,0.05,0.05,-0.3133,0.0646,0.933,
1452,48.4,True,0.2323,89.7677,89.7677,-0.2002,,,8.5152,281.0,33.0,35.88,0.8789,259,0.0231,0.05,0.05,-0.3172,0.061,0.933,
1453,48.4333,True,0.2379,89.7621,89.7621,-0.199,,,8.5152,281.0,33.0,35.88,0.8789,257,0.0337,0.05,0.05,-0.3176,0.0572,0.9331,
1454,48.4667,True,0.2563,89.7437,89.7437,-0.1966,,,8.6061,284.0,33.0,35.79,0.875,265,0.0728,0.05,0.05,-0.316,0.0545,0.9332,
1455,48.5,True,0.2299,89.7701,89.7701,-0.195,,,8.3333,275.0,33.0,36.29,0.8796,260,0.0473,0.05,0.05,-0.3104,0.0478,0.9335,
1456,48.5333,True,0.2305,89.7695,89.7695,-0.194,,,8.3333,275.0,33.0,36.18,0.8793,261,0.0307,-0.07,-0.07,-0.2252,0.0449,0.9312,
1457,48.5667,True,0.2766,89.7234,89.7234,-0.1914,,,8.875,284.0,32.0,36.05,0.8828,282,0.0791,-0.07,-0.07,-0.2279,0.0453,0.9313,
1458,48.6,True,0.2229,89.7771,89.7771,-0.1923,,,8.303,274.0,33.0,36.09,0.8751,257,-0.0271,-0.07,-0.07,-0.2249,0.0488,0.9315,
1459,48.6333,True,0.281,89.719,89.719,-0.1929,,,8.8438,283.0,32.0,36.12,0.8842,280,-0.0176,-0.07,-0.07,-0.2245,0.0451,0.9317,
1460,48.6667,True,0.2891,89.7109,89.7109,-0.1771,,,8.875,284.0,32.0,36.02,0.8827,285,0.4726,-0.07,-0.07,-0.2162,0.051,0.9319,
1461,48.7,True,0.2686,89.7314,89.7314,-0.1669,,,8.8438,283.0,32.0,36.01,0.8834,284,0.3072,-0.07,-0.07,-0.2157,0.0517,0.932,
1462,48.7333,True,0.2978,89.7022,89.7022,-0.1587,,,8.875,284.0,32.0,36.11,0.8833,284,0.2462,-0.07,-0.07,-0.2211,0.064,0.9322,
1463,48.7667,True,0.2788,89.7212,89.7212,-0.1533,,,8.9375,286.0,32.0,36.0,0.8765,270,0.16,-0.07,-0.07,-0.217,0.0642,0.9324,
1464,48.8,True,0.2489,89.7511,89.7511,-0.1506,,,8.5152,281.0,33.0,35.99,0.8876,276,0.0811,-0.07,-0.07,-0.2164,0.0637,0.9325,
1465,48.8333,True,0.2755,89.7245,89.7245,-0.15,,,8.9062,285.0,32.0,35.98,0.8921,271,0.018,-0.07,-0.07,-0.2156,0.0649,0.9326,
1466,48.8667,True,0.2574,89.7426,89.7426,-0.1496,,,8.6364,285.0,33.0,36.08,0.8884,269,0.0117,-0.07,-0.07,-0.2122,0.0601,0.9327,
1467,48.9,True,0.2578,89.7422,89.7422,-0.1556,,,8.6364,285.0,33.0,36.1,0.8877,271,-0.178,-0.07,-0.07,-0.2168,0.0649,0.9329,
1468,48.9333,True,0.2708,89.7292,89.7292,-0.1594,,,8.6364,285.0,33.0,36.09,0.8859,270,-0.1157,-0.07,-0.07,-0.2172,0.0642,0.932,
1469,48.9667,True,0.2697,89.7303,89.7303,-0.1578,,,8.6364,285.0,33.0,36.11,0.8862,271,0.0491,-0.07,-0.07,-0.2158,0.0648,0.9321,
1470,49.0,True,0.2658,89.7342,89.7342,-0.1581,,,8.6364,285.0,33.0,36.02,0.8846,269,-0.0091,-0.09,-0.09,-0.0853,0.0605,0.9247,
1471,49.0333,True,0.1963,89.8037,89.8037,-0.1583,,,8.303,274.0,33.0,36.1,0.8839,243,-0.0059,-0.09,-0.09,-0.0878,0.0615,0.925,
1472,49.0667,True,0.1825,89.8175,89.8175,-0.1584,,,8.303,274.0,33.0,36.05,0.893,257,-0.0038,-0.09,-0.09,-0.0877,0.0612,0.9251,
1473,49.1,True,0.1826,89.8174,89.8174,-0.1828,,,8.1818,270.0,33.0,36.0,0.8787,235,-0.7321,-0.07,-0.07,-0.2118,0.076,0.9328,
1474,49.1333,True,0.1898,89.8102,89.8102,-0.201,,,8.1818,270.0,33.0,36.02,0.884,243,-0.5439,-0.07,-0.07,-0.2096,0.0751,0.9328,
1475,49.1667,True,0.1692,89.8308,89.8308,-0.2153,,,8.1818,270.0,33.0,35.78,0.8814,233,-0.4296,-0.07,-0.07,-0.2084,0.0751,0.9331,
1476,49.2,True,0.1724,89.8276,89.8276,-0.2246,,,8.2121,271.0,33.0,35.8,0.8859,241,-0.2802,-0.07,-0.07,-0.2076,0.0729,0.9331,
1477,49.2333,True,0.1797,89.8203,89.8203,-0.2317,,,8.2121,271.0,33.0,35.76,0.8912,250,-0.2115,-0.07,-0.07,-0.2051,0.0736,0.9333,
1478,49.2667,True,0.1836,89.8164,89.8164,-0.2362,,,8.2121,271.0,33.0,35.73,0.8939,254,-0.1375,-0.07,-0.07,-0.2026,0.0726,0.9333,
1479,49.3,True,0.1755,89.8245,89.8245,-0.2407,,,8.1818,270.0,33.0,35.48,0.894,251,-0.1332,-0.07,-0.07,-0.205,0.0676,0.9336,
1480,49.3333,True,0.1716,89.8284,89.8284,-0.2436,,,8.1818,270.0,33.0,35.43,0.8959,256,-0.0866,-0.07,-0.07,-0.2045,0.0645,0.9337,
1481,49.3667,True,0.1703,89.8297,89.8297,-0.2455,,,8.1818,270.0,33.0,35.42,0.8966,256,-0.0563,-0.07,-0.07,-0.218,0.0652,0.9366,
1482,49.4,True,0.1627,89.8373,89.8373,-0.248,,,8.1818,270.0,33.0,35.33,0.8939,249,-0.0771,-0.07,-0.07,-0.2219,0.0606,0.9367,
1483,49.4333,True,0.1538,89.8462,89.8462,-0.2501,,,8.1818,270.0,33.0,35.22,0.8973,256,-0.0638,0.07,0.07,-0.2231,0.059,0.9369,
1484,49.4667,True,0.162,89.838,89.838,-0.2542,,,8.1818,270.0,33.0,35.2,0.8949,251,-0.1218,0.07,0.07,-0.2254,0.061,0.9379,
1485,49.5,True,0.164,89.836,89.836,-0.2568,,,8.1818,270.0,33.0,35.16,0.8934,249,-0.0792,0.05,0.05,-0.3376,0.077,0.9406,
1486,49.5333,True,0.1854,89.8146,89.8146,-0.2586,,,8.1818,270.0,33.0,34.79,0.894,248,-0.0515,0.05,0.05,-0.3403,0.0803,0.9407,
1487,49.5667,True,0.1788,89.8212,89.8212,-0.2592,,,8.1818,270.0,33.0,35.1,0.8917,244,-0.0195,0.05,0.05,-0.3357,0.0774,0.9412,
1488,49.6,True,0.1998,89.8002,89.8002,-0.2544,,,8.1818,270.0,33.0,35.05,0.8947,245,0.143,0.05,0.05,-0.3311,0.0768,0.9413,
1489,49.6333,True,0.2037,89.7963,89.7963,-0.249,,,8.2727,273.0,33.0,35.32,0.8886,239,0.162,0.05,0.05,-0.3289,0.0871,0.9418,
1490,49.6667,True,0.2228,89.7772,89.7772,-0.2405,,,8.303,274.0,33.0,35.19,0.9011,259,0.2568,0.05,0.05,-0.3306,0.0842,0.9419,
1491,49.7,True,0.2089,89.7911,89.7911,-0.2336,,,8.303,274.0,33.0,35.35,0.89,256,0.2074,0.05,0.05,-0.3225,0.0909,0.9422,
1492,49.7333,True,0.2738,89.7262,89.7262,-0.2273,,,8.6061,284.0,33.0,35.36,0.8963,267,0.1894,0.05,0.05,-0.3248,0.0862,0.9423,
1493,49.7667,True,0.2756,89.7244,89.7244,-0.2183,,,8.6061,284.0,33.0,35.35,0.894,265,0.2688,0.05,0.05,-0.3249,0.085,0.9424,
1494,49.8,True,0.2795,89.7205,89.7205,-0.1946,,,8.6061,284.0,33.0,35.51,0.894,266,0.711,0.05,0.05,-0.3387,0.0898,0.9436,
1495,49.8333,True,0.2776,89.7224,89.7224,-0.1786,,,8.6061,284.0,33.0,35.5,0.8927,266,0.4807,0.05,0.05,-0.2346,0.0898,0.9414,
1496,49.8667,True,0.2818,89.7182,89.7182,-0.1674,,,8.6364,285.0,33.0,35.5,0.8964,268,0.3339,0.05,0.05,-0.2481,0.1664,0.9427,
1497,49.9,True,0.2824,89.7176,89.7176,-0.1595,,,8.6364,285.0,33.0,35.51,0.8955,268,0.237,0.05,0.05,-0.2454,0.1585,0.9439,
1498,49.9333,True,0.2821,89.7179,89.7179,-0.1536,,,8.6364,285.0,33.0,35.51,0.9007,268,0.1772,0.05,0.05,-0.2449,0.1258,0.9448,
1499,49.9667,True,0.2821,89.7179,89.7179,-0.1497,,,8.6364,285.0,33.0,35.51,0.9007,268,0.119,0.05,0.05,-0.2494,0.0899,0.9451,
1500,50.0,True,0.5055,89.4945,89.4945,-0.1471,,,9.2727,306.0,33.0,33.55,0.8986,277,0.0773,0.05,0.05,-0.2686,0.0211,0.947,
1501,50.0333,True,0.5058,89.4942,89.4942,-0.1453,,,9.2727,306.0,33.0,33.54,0.9,272,0.0536,0.05,0.05,-0.3836,0.0368,0.9499,
1502,50.0667,True,0.4974,89.5026,89.5026,-0.0689,,,9.2727,306.0,33.0,33.52,0.9037,266,2.2923,0.05,0.05,-0.3965,0.0909,0.9542,
1503,50.1,True,0.4927,89.5073,89.5073,-0.0192,,,9.2727,306.0,33.0,33.5,0.8996,269,1.49,0.05,0.05,-0.3959,0.1297,0.954,
1504,50.1333,True,0.4723,89.5277,89.5277,0.013,,,9.4375,302.0,32.0,33.49,0.8952,272,0.9685,0.07,0.07,-0.5297,0.1752,0.9443,
1505,50.1667,True,0.4736,89.5264,89.5264,0.0324,,,9.4375,302.0,32.0,33.45,0.897,272,0.5795,0.07,0.07,-0.4037,0.1723,0.9471,
1506,50.2,True,0.5181,89.4819,89.4819,0.0449,,,9.303,307.0,33.0,33.46,0.8929,279,0.3766,0.07,0.07,-0.3971,0.1848,0.9468,
1507,50.2333,True,0.5218,89.4782,89.4782,0.0531,,,9.303,307.0,33.0,33.45,0.8919,279,0.2448,0.07,0.07,-0.3946,0.1787,0.9459,
1508,50.2667,True,0.5215,89.4785,89.4785,0.0673,,,9.303,307.0,33.0,33.46,0.8913,279,0.4263,0.07,0.07,-0.3955,0.181,0.946,
1509,50.3,True,0.5278,89.4722,89.4722,0.0777,,,9.303,307.0,33.0,33.33,0.8912,279,0.3128,0.07,0.07,-0.3966,0.1787,0.9462,
1510,50.3333,True,0.5164,89.4836,89.4836,0.0845,,,9.2727,306.0,33.0,33.29,0.8911,279,0.2033,0.07,0.07,-0.3969,0.1798,0.9463,
1511,50.3667,True,0.5202,89.4798,89.4798,0.0889,,,9.303,307.0,33.0,33.26,0.89,280,0.1322,0.07,0.07,-0.3988,0.1802,0.9465,
1512,50.4,True,0.5029,89.4971,89.4971,0.0913,,,9.303,307.0,33.0,33.16,0.8959,279,0.0719,0.07,0.07,-0.4024,0.1818,0.9466,
1513,50.4333,True,0.4399,89.5601,89.5601,0.0915,,,9.4375,302.0,32.0,32.91,0.8932,272,0.0072,0.07,0.07,-0.3972,0.178,0.9469,
1514,50.4667,True,0.512,89.488,89.488,0.0902,,,9.303,307.0,33.0,32.92,0.8929,279,-0.0415,0.07,0.07,-0.4903,0.1743,0.9435,
1515,50.5,True,0.5128,89.4872,89.4872,0.0893,,,9.303,307.0,33.0,32.93,0.8919,279,-0.027,0.07,0.07,-0.5027,0.2172,0.9439,
1516,50.5333,True,0.5201,89.4799,89.4799,0.0887,,,9.303,307.0,33.0,32.94,0.8925,279,-0.0175,0.07,0.07,-0.5208,0.1882,0.9453,
1517,50.5667,True,0.5206,89.4794,89.4794,0.0886,,,9.303,307.0,33.0,33.03,0.8922,279,-0.0034,0.07,0.07,-0.5264,0.1565,0.9459,
1518,50.6,True,0.5201,89.4799,89.4799,0.091,,,9.303,307.0,33.0,33.11,0.8925,279,0.0747,0.07,0.07,-0.5282,0.1158,0.9462,
1519,50.6333,True,0.5185,89.4815,89.4815,0.0927,,,9.303,307.0,33.0,33.09,0.8942,279,0.0486,0.07,0.07,-0.5266,0.1159,0.9464,
1520,50.6667,True,0.4836,89.5164,89.5164,0.0937,,,9.303,307.0,33.0,33.11,0.902,275,0.0316,0.07,0.07,-0.525,0.1041,0.9468,
1521,50.7,True,0.4884,89.5116,89.5116,0.0939,,,9.303,307.0,33.0,33.09,0.9007,268,0.004,0.07,0.07,-0.5194,0.1418,0.9467,
1522,50.7333,True,0.5199,89.4801,89.4801,0.0939,,,9.303,307.0,33.0,33.12,0.9026,273,0.0026,0.07,0.07,-0.5155,0.1746,0.946,
1523,50.7667,True,0.5184,89.4816,89.4816,0.0939,,,9.303,307.0,33.0,33.14,0.9025,274,0.0002,0.07,0.07,-0.5152,0.175,0.946,
1524,50.8,True,0.5187,89.4813,89.4813,0.094,,,9.303,307.0,33.0,33.08,0.9017,273,0.0002,0.07,0.07,-0.5061,0.1789,0.9459,
1525,50.8333,True,0.5191,89.4809,89.4809,0.0941,,,9.303,307.0,33.0,33.2,0.9001,274,0.0033,0.07,0.07,-0.5029,0.1831,0.9454,
1526,50.8667,True,0.5197,89.4803,89.4803,0.0943,,,9.303,307.0,33.0,33.21,0.9012,273,0.0062,0.07,0.07,-0.5009,0.1829,0.9454,
1527,50.9,True,0.5049,89.4951,89.4951,0.0943,,,9.303,307.0,33.0,33.25,0.9009,273,-0.0,0.07,0.07,-0.5022,0.1809,0.9456,
1528,50.9333,True,0.4868,89.5132,89.5132,0.0943,,,9.303,307.0,33.0,33.26,0.9008,268,-0.0,0.07,0.07,-0.4931,0.1467,0.9454,
1529,50.9667,True,0.5101,89.4899,89.4899,0.0913,,,9.303,307.0,33.0,33.3,0.9021,273,-0.0898,0.07,0.07,-0.3873,0.143,0.9491,
1530,51.0,True,0.5126,89.4874,89.4874,0.0893,,,9.303,307.0,33.0,33.34,0.9004,273,-0.0584,0.07,0.07,-0.3871,0.142,0.9492,
1531,51.0333,True,0.5133,89.4867,89.4867,0.0881,,,9.303,307.0,33.0,33.3,0.9005,273,-0.038,0.07,0.07,-0.3877,0.1433,0.9493,
1532,51.0667,True,0.5091,89.4909,89.4909,0.0872,,,9.303,307.0,33.0,33.29,0.9022,273,-0.0247,0.07,0.07,-0.3838,0.1476,0.9494,
1533,51.1,True,0.4846,89.5154,89.5154,0.0867,,,9.303,307.0,33.0,33.19,0.9017,270,-0.016,0.07,0.07,-0.379,0.1443,0.9497,
1534,51.1333,True,0.4843,89.5157,89.5157,0.086,,,9.303,307.0,33.0,33.24,0.9017,270,-0.0214,0.07,0.07,-0.494,0.1807,0.9467,
1535,51.1667,True,0.4868,89.5132,89.5132,0.0777,,,9.303,307.0,33.0,33.4,0.8998,270,-0.2474,0.07,0.07,-0.4931,0.1807,0.9468,
1536,51.2,True,0.4866,89.5134,89.5134,0.0723,,,9.303,307.0,33.0,33.42,0.9001,269,-0.163,0.07,0.07,-0.3868,0.1824,0.9504,
1537,51.2333,True,0.4886,89.5114,89.5114,0.0688,,,9.303,307.0,33.0,33.44,0.9003,270,-0.106,0.07,0.07,-0.3829,0.1843,0.9506,
1538,51.2667,True,0.4905,89.5095,89.5095,0.0666,,,9.303,307.0,33.0,33.43,0.9006,269,-0.0667,0.07,0.07,-0.3897,0.1707,0.9516,
1539,51.3,True,0.481,89.519,89.519,0.0651,,,9.303,307.0,33.0,33.45,0.8962,261,-0.0433,0.07,0.07,-0.3916,0.1693,0.9516,
1540,51.3333,True,0.4656,89.5344,89.5344,0.0641,,,9.303,307.0,33.0,33.67,0.9,262,-0.0304,0.07,0.07,-0.3965,0.1707,0.9518,
1541,51.3667,True,0.4431,89.5569,89.5569,0.0615,,,9.303,307.0,33.0,33.75,0.8974,261,-0.0795,0.07,0.07,-0.399,0.1712,0.9522,
1542,51.4,True,0.4432,89.5568,89.5568,0.0543,,,9.303,307.0,33.0,33.73,0.8975,260,-0.213,0.07,0.07,-0.5212,0.1725,0.9498,
1543,51.4333,True,0.4469,89.5531,89.5531,0.0432,,,9.303,307.0,33.0,33.78,0.898,260,-0.3345,0.07,0.07,-0.5236,0.1722,0.95,
1544,51.4667,True,0.439,89.561,89.561,0.0347,,,9.303,307.0,33.0,33.74,0.8984,260,-0.2564,0.07,0.07,-0.5163,0.1692,0.9501,
1545,51.5,True,0.4417,89.5583,89.5583,0.029,,,9.303,307.0,33.0,33.82,0.8997,262,-0.1682,0.07,0.07,-0.5169,0.1669,0.9504,
1546,51.5333,True,0.4452,89.5548,89.5548,0.0255,,,9.303,307.0,33.0,33.82,0.8984,263,-0.1078,0.07,0.07,-0.513,0.1644,0.9505,
1547,51.5667,True,0.4464,89.5536,89.5536,0.0238,,,9.303,307.0,33.0,33.84,0.8977,262,-0.0496,0.07,0.07,-0.5148,0.1608,0.9506,
1548,51.6,True,0.4616,89.5384,89.5384,0.0227,,,9.303,307.0,33.0,33.64,0.8974,269,-0.0322,0.05,0.05,-0.3895,0.1582,0.9595,
1549,51.6333,True,0.4275,89.5725,89.5725,0.022,,,9.303,307.0,33.0,33.73,0.8958,264,-0.0209,0.05,0.05,-0.3924,0.1559,0.9601,
1550,51.6667,True,0.4571,89.5429,89.5429,0.022,,,9.303,307.0,33.0,33.77,0.8958,271,-0.0005,0.05,0.05,-0.3931,0.1481,0.9605,
1551,51.7,True,0.4441,89.5559,89.5559,0.022,,,9.303,307.0,33.0,33.75,0.897,269,-0.0003,0.05,0.05,-0.3932,0.1136,0.9609,
1552,51.7333,True,0.4278,89.5722,89.5722,0.0212,,,9.303,307.0,33.0,33.8,0.8978,265,-0.0241,0.05,0.05,-0.3949,0.0813,0.9613,
1553,51.7667,True,0.4231,89.5769,89.5769,0.015,,,9.303,307.0,33.0,33.71,0.8969,261,-0.1866,0.05,0.05,-0.3955,0.0345,0.9611,
1554,51.8,True,0.425,89.575,89.575,0.0109,,,9.303,307.0,33.0,33.74,0.8986,265,-0.1213,0.05,0.05,-0.3846,-0.0034,0.9608,
1555,51.8333,True,0.4267,89.5733,89.5733,0.0079,,,9.303,307.0,33.0,33.75,0.8986,263,-0.0903,0.03,0.03,-0.2566,-0.0091,0.9635,
1556,51.8667,True,0.4244,89.5756,89.5756,0.0053,,,9.303,307.0,33.0,33.8,0.898,263,-0.0776,0.03,0.03,-0.247,-0.0469,0.9626,
1557,51.9,True,0.4263,89.5737,89.5737,0.0037,,,9.2727,306.0,33.0,34.07,0.8944,249,-0.0504,0.03,0.03,-0.2454,-0.0476,0.963,
1558,51.9333,True,0.4262,89.5738,89.5738,0.003,,,9.303,307.0,33.0,34.06,0.892,255,-0.0194,0.03,0.03,-0.243,-0.0482,0.9632,
1559,51.9667,True,0.4243,89.5757,89.5757,0.0026,,,9.2424,305.0,33.0,34.11,0.8895,244,-0.0126,0.03,0.03,-0.2428,-0.0457,0.9634,
1560,52.0,True,0.425,89.575,89.575,0.0019,,,9.2424,305.0,33.0,34.11,0.8894,244,-0.0209,0.03,0.03,-0.2462,-0.0487,0.9637,
1561,52.0333,True,0.4343,89.5657,89.5657,0.0019,,,9.303,307.0,33.0,34.38,0.8925,264,-0.0009,0.03,0.03,-0.2427,-0.0491,0.964,
1562,52.0667,True,0.4259,89.5741,89.5741,0.0017,,,9.2727,306.0,33.0,34.4,0.8873,244,-0.0035,0.05,0.05,-0.3813,-0.0031,0.9624,
1563,52.1,True,0.4236,89.5764,89.5764,0.0013,,,9.2727,306.0,33.0,34.37,0.8876,244,-0.0121,0.03,0.03,-0.235,-0.0253,0.9656,
1564,52.1333,True,0.4313,89.5687,89.5687,0.0014,,,9.2727,306.0,33.0,34.3,0.8873,244,0.002,0.03,0.03,-0.2468,-0.0239,0.9659,
1565,52.1667,True,0.4254,89.5746,89.5746,0.0015,,,9.2727,306.0,33.0,34.3,0.8873,243,0.0013,0.03,0.03,-0.2473,-0.0266,0.9661,
1566,52.2,True,0.4235,89.5765,89.5765,0.0013,,,9.2727,306.0,33.0,34.27,0.887,243,-0.0045,0.03,0.03,-0.2455,-0.0264,0.9661,
1567,52.2333,True,0.424,89.576,89.576,0.0007,,,9.2727,306.0,33.0,34.23,0.8883,244,-0.0181,0.03,0.03,-0.2454,-0.0282,0.9662,
1568,52.2667,True,0.4171,89.5829,89.5829,0.0003,,,9.2727,306.0,33.0,34.28,0.889,244,-0.0117,0.03,0.03,-0.2408,-0.0267,0.9663,
1569,52.3,True,0.4183,89.5817,89.5817,-0.0001,,,9.2727,306.0,33.0,34.3,0.8881,244,-0.0131,0.03,0.03,-0.2415,-0.0298,0.9665,
1570,52.3333,True,0.4258,89.5742,89.5742,-0.0004,,,9.2727,306.0,33.0,34.38,0.888,244,-0.0085,0.03,0.03,-0.2401,-0.0293,0.9665,
1571,52.3667,True,0.428,89.572,89.572,-0.0004,,,9.2727,306.0,33.0,34.37,0.8885,244,-0.0001,0.03,0.03,-0.2403,-0.0316,0.9666,
1572,52.4,True,0.3984,89.6016,89.6016,-0.0024,,,8.697,287.0,33.0,34.29,0.878,222,-0.0595,0.03,0.03,-0.2383,-0.0676,0.9672,
1573,52.4333,True,0.3862,89.6138,89.6138,-0.0037,,,8.6667,286.0,33.0,34.17,0.8739,214,-0.0387,0.03,0.03,-0.2374,-0.067,0.9675,
1574,52.4667,True,0.3852,89.6148,89.6148,-0.0115,,,8.6667,286.0,33.0,34.16,0.8756,218,-0.2348,0.03,0.03,-0.2377,-0.0636,0.9676,
1575,52.5,True,0.3885,89.6115,89.6115,-0.0201,,,8.6667,286.0,33.0,34.12,0.8762,220,-0.2566,0.05,0.05,-0.3807,-0.0491,0.9647,
1576,52.5333,True,0.3885,89.6115,89.6115,-0.0256,,,8.6667,286.0,33.0,34.17,0.8754,217,-0.1668,0.05,0.05,-0.3828,-0.0491,0.9647,
1577,52.5667,True,0.3864,89.6136,89.6136,-0.03,,,8.6667,286.0,33.0,34.03,0.8734,216,-0.1304,0.05,0.05,-0.3824,-0.0489,0.965,
1578,52.6,True,0.392,89.608,89.608,-0.0321,,,8.6667,286.0,33.0,34.05,0.8731,214,-0.0628,0.05,0.05,-0.3829,-0.0492,0.965,
1579,52.6333,True,0.4264,89.5736,89.5736,-0.0334,,,9.2424,305.0,33.0,34.01,0.8868,240,-0.0405,0.05,0.05,-0.3843,-0.0474,0.9651,
1580,52.6667,True,0.4186,89.5814,89.5814,-0.0331,,,9.2424,305.0,33.0,34.1,0.8825,231,0.0102,0.03,0.03,-0.2549,-0.053,0.9679,
1581,52.7,True,0.4431,89.5569,89.5569,-0.0235,,,9.2727,306.0,33.0,34.27,0.8928,264,0.2859,0.03,0.03,-0.2541,-0.0518,0.9682,
1582,52.7333,True,0.4439,89.5561,89.5561,-0.0146,,,9.2727,306.0,33.0,34.31,0.8929,265,0.2684,0.05,0.05,-0.379,-0.0469,0.9656,
1583,52.7667,True,0.4423,89.5577,89.5577,-0.0032,,,9.5625,306.0,32.0,34.38,0.8924,265,0.3407,0.05,0.05,-0.3785,-0.0492,0.9658,
1584,52.8,True,0.4363,89.5637,89.5637,0.0041,,,9.2727,306.0,33.0,34.48,0.8867,249,0.2214,0.03,0.03,-0.2439,-0.0322,0.9686,
1585,52.8333,True,0.4329,89.5671,89.5671,0.0089,,,9.5625,306.0,32.0,34.71,0.8885,262,0.1439,0.03,0.03,-0.246,-0.0339,0.9688,
1586,52.8667,True,0.4358,89.5642,89.5642,0.01,,,9.5625,306.0,32.0,34.78,0.8889,262,0.0312,0.03,0.03,-0.2502,-0.0349,0.9689,
1587,52.9,True,0.4331,89.5669,89.5669,0.0105,,,9.3438,299.0,32.0,34.83,0.8892,261,0.0144,0.03,0.03,-0.2487,-0.0366,0.9689,
1588,52.9333,True,0.4692,89.5308,89.5308,0.0108,,,9.303,307.0,33.0,35.07,0.8912,269,0.0094,0.03,0.03,-0.2535,-0.0405,0.9692,
1589,52.9667,True,0.5093,89.4907,89.4907,0.011,,,9.303,307.0,33.0,34.99,0.8897,272,0.0061,0.03,0.03,-0.2617,-0.0409,0.9695,
1590,53.0,True,0.4995,89.5005,89.5005,0.0228,,,9.2727,306.0,33.0,34.99,0.8893,270,0.3548,0.03,0.03,-0.3875,-0.0765,0.962,
1591,53.0333,True,0.4969,89.5031,89.5031,0.0402,,,9.303,307.0,33.0,34.85,0.8878,269,0.5214,0.03,0.03,-0.3878,-0.0756,0.9621,
1592,53.0667,True,0.4997,89.5003,89.5003,0.0524,,,9.303,307.0,33.0,34.82,0.8873,269,0.3665,0.03,0.03,-0.3817,-0.0801,0.9622,
1593,53.1,True,0.4742,89.5258,89.5258,0.0603,,,9.303,307.0,33.0,34.82,0.8856,262,0.2382,0.03,0.03,-0.3823,-0.0802,0.9624,
1594,53.1333,True,0.4801,89.5199,89.5199,0.0646,,,9.303,307.0,33.0,34.8,0.8862,265,0.1273,0.03,0.03,-0.3785,-0.0821,0.9625,
1595,53.1667,True,0.4898,89.5102,89.5102,0.0649,,,9.303,307.0,33.0,34.82,0.888,270,0.0085,0.03,0.03,-0.378,-0.0824,0.9626,
1596,53.2,True,0.4211,89.5789,89.5789,0.0616,,,9.0909,300.0,33.0,35.03,0.8868,257,-0.0964,0.03,0.03,-0.3763,-0.0851,0.9627,
1597,53.2333,True,0.4114,89.5886,89.5886,0.0575,,,9.375,300.0,32.0,35.02,0.8862,257,-0.1246,0.03,0.03,-0.3719,-0.0823,0.963,
1598,53.2667,True,0.4136,89.5864,89.5864,0.0362,,,9.375,300.0,32.0,35.02,0.886,257,-0.6381,0.03,0.03,-0.3712,-0.0818,0.9631,
1599,53.3,True,0.4088,89.5912,89.5912,0.0198,,,9.375,300.0,32.0,35.09,0.8856,256,-0.4938,0.03,0.03,-0.3718,-0.0828,0.9632,
1600,53.3333,True,0.407,89.593,89.593,0.0083,,,9.5625,306.0,32.0,35.09,0.8872,282,-0.3448,0.03,0.03,-0.374,-0.0793,0.9632,
1601,53.3667,True,0.3251,89.6749,89.6749,-0.0001,,,8.9091,294.0,33.0,35.16,0.8901,280,-0.2508,0.03,0.03,-0.3737,-0.081,0.9634,
1602,53.4,True,0.2995,89.7005,89.7005,-0.0061,,,8.6667,286.0,33.0,35.18,0.8906,272,-0.1819,0.05,0.05,-0.2635,-0.0959,0.9607,
1603,53.4333,True,0.3284,89.6716,89.6716,-0.0376,,,8.6667,286.0,33.0,35.2,0.8923,271,-0.944,0.05,0.05,-0.2658,-0.0968,0.9608,
1604,53.4667,True,0.3584,89.6416,89.6416,-0.0581,,,9.0303,298.0,33.0,35.32,0.8963,280,-0.6136,0.05,0.05,-0.2655,-0.0971,0.9609,
1605,53.5,True,0.3654,89.6346,89.6346,-0.0714,,,9.0303,298.0,33.0,35.28,0.8964,279,-0.3988,0.05,0.05,-0.2591,-0.0935,0.9612,
1606,53.5333,True,0.3738,89.6262,89.6262,-0.0695,,,9.0303,298.0,33.0,35.26,0.8929,271,0.0563,0.05,0.05,-0.2555,-0.0948,0.9613,
1607,53.5667,True,0.3632,89.6368,89.6368,-0.0666,,,9.3125,298.0,32.0,35.24,0.8974,278,0.0863,0.05,0.05,-0.2546,-0.0938,0.9615,
1608,53.6,True,0.3707,89.6293,89.6293,-0.0639,,,9.3125,298.0,32.0,35.09,0.8991,279,0.0801,0.05,0.05,-0.2514,-0.094,0.9617,
1609,53.6333,True,0.3744,89.6256,89.6256,-0.0604,,,9.3125,298.0,32.0,35.18,0.895,257,0.1071,0.05,0.05,-0.2548,-0.0909,0.962,
1610,53.6667,True,0.3956,89.6044,89.6044,-0.057,,,9.4062,301.0,32.0,35.24,0.8959,265,0.102,0.05,0.05,-0.2548,-0.09,0.9621,
1611,53.7,True,0.394,89.606,89.606,-0.0545,,,9.4062,301.0,32.0,35.27,0.8951,266,0.0726,0.05,0.05,-0.2521,-0.0914,0.9622,
1612,53.7333,True,0.3797,89.6203,89.6203,-0.0511,,,9.3438,299.0,32.0,35.18,0.9018,259,0.1035,0.05,0.05,-0.2517,-0.0959,0.9624,
1613,53.7667,True,0.3827,89.6173,89.6173,-0.0478,,,9.4062,301.0,32.0,34.99,0.902,262,0.0988,0.05,0.05,-0.2464,-0.0933,0.9626,
1614,53.8,True,0.4021,89.5979,89.5979,-0.0417,,,9.4062,301.0,32.0,35.04,0.9019,264,0.1825,0.05,0.05,-0.2464,-0.093,0.9627,
1615,53.8333,True,0.3897,89.6103,89.6103,-0.0393,,,9.4062,301.0,32.0,35.03,0.9019,263,0.0734,0.05,0.05,-0.2491,-0.0915,0.9628,
1616,53.8667,True,0.3871,89.6129,89.6129,-0.0386,,,9.4062,301.0,32.0,34.97,0.9018,261,0.02,0.03,0.03,-0.3595,-0.0795,0.9656,
1617,53.9,True,0.3818,89.6182,89.6182,-0.0382,,,9.4062,301.0,32.0,35.08,0.9011,259,0.013,0.03,0.03,-0.3602,-0.0766,0.9658,
1618,53.9333,True,0.3818,89.6182,89.6182,-0.0379,,,9.4062,301.0,32.0,35.13,0.9011,259,0.0085,0.03,0.03,-0.3598,-0.0762,0.9658,
1619,53.9667,True,0.3818,89.6182,89.6182,-0.0396,,,9.4062,301.0,32.0,35.11,0.9011,259,-0.0501,0.03,0.03,-0.3615,-0.0752,0.9659,
1620,54.0,True,0.3917,89.6083,89.6083,-0.0406,,,9.4062,301.0,32.0,35.05,0.9016,264,-0.0325,0.03,0.03,-0.3602,-0.0782,0.966,
1621,54.0333,True,0.3857,89.6143,89.6143,-0.0414,,,9.4062,301.0,32.0,34.99,0.901,262,-0.0212,0.03,0.03,-0.3604,-0.0723,0.9662,
1622,54.0667,True,0.3857,89.6143,89.6143,-0.0404,,,9.4062,301.0,32.0,34.97,0.901,262,0.0272,0.03,0.03,-0.3608,-0.0696,0.9662,
1623,54.1,True,0.3779,89.6221,89.6221,-0.0399,,,9.4062,301.0,32.0,35.01,0.9007,260,0.0177,0.03,0.03,-0.3584,-0.0694,0.9664,
1624,54.1333,True,0.3766,89.6234,89.6234,-0.0395,,,9.4062,301.0,32.0,35.06,0.9005,259,0.0115,0.03,0.03,-0.3599,-0.0688,0.9664,
1625,54.1667,True,0.3816,89.6184,89.6184,-0.0406,,,9.4062,301.0,32.0,35.05,0.9009,262,-0.0348,0.03,0.03,-0.3565,-0.0683,0.9665,
1626,54.2,True,0.3801,89.6199,89.6199,-0.0419,,,9.4062,301.0,32.0,35.06,0.9003,262,-0.0391,0.03,0.03,-0.3576,-0.0669,0.9665,
1627,54.2333,True,0.373,89.627,89.627,-0.0435,,,9.4062,301.0,32.0,35.07,0.9001,260,-0.0478,0.03,0.03,-0.3574,-0.0669,0.9666,
1628,54.2667,True,0.3898,89.6102,89.6102,-0.0438,,,9.4062,301.0,32.0,35.15,0.9004,262,-0.0087,0.03,0.03,-0.3581,-0.0653,0.9667,
1629,54.3,True,0.3938,89.6062,89.6062,-0.0435,,,9.4062,301.0,32.0,35.3,0.9018,266,0.0109,0.03,0.03,-0.3565,-0.0671,0.967,
1630,54.3333,True,0.3982,89.6018,89.6018,-0.0404,,,9.4062,301.0,32.0,35.29,0.8992,263,0.0925,0.05,0.05,-0.2504,-0.0811,0.9643,
1631,54.3667,True,0.3952,89.6048,89.6048,-0.037,,,9.4062,301.0,32.0,35.22,0.9009,266,0.102,0.05,0.05,-0.25,-0.0828,0.9644,
1632,54.4,True,0.3983,89.6017,89.6017,-0.0343,,,9.4062,301.0,32.0,35.38,0.9011,263,0.0811,0.05,0.05,-0.2516,-0.0805,0.9646,
1633,54.4333,True,0.398,89.602,89.602,-0.0315,,,9.4062,301.0,32.0,35.4,0.9008,266,0.0821,0.05,0.05,-0.2468,-0.0836,0.9648,
1634,54.4667,True,0.4029,89.5971,89.5971,-0.0297,,,9.4062,301.0,32.0,35.38,0.9031,263,0.0553,0.05,0.05,-0.2449,-0.083,0.9649,
1635,54.5,True,0.3961,89.6039,89.6039,-0.0286,,,9.375,300.0,32.0,35.45,0.9022,262,0.034,0.05,0.05,-0.2453,-0.085,0.9649,
1636,54.5333,True,0.3937,89.6063,89.6063,-0.0278,,,9.375,300.0,32.0,35.43,0.9017,262,0.0221,0.05,0.05,-0.2494,-0.084,0.9652,
1637,54.5667,True,0.4119,89.5881,89.5881,-0.0273,,,9.4062,301.0,32.0,35.22,0.9015,263,0.0144,0.05,0.05,-0.2519,-0.0878,0.9654,
1638,54.6,True,0.4073,89.5927,89.5927,-0.0253,,,9.375,300.0,32.0,35.15,0.9018,262,0.0616,0.05,0.05,-0.2497,-0.0909,0.9654,
1639,54.6333,True,0.4017,89.5983,89.5983,-0.0244,,,9.375,300.0,32.0,35.17,0.901,262,0.0274,0.05,0.05,-0.2494,-0.0934,0.9655,
1640,54.6667,True,0.3944,89.6056,89.6056,-0.0238,,,9.375,300.0,32.0,34.98,0.9006,262,0.0178,0.05,0.05,-0.2489,-0.091,0.9657,
1641,54.7,True,0.4022,89.5978,89.5978,-0.0232,,,9.375,300.0,32.0,35.06,0.9044,285,0.0168,0.05,0.05,-0.2476,-0.0946,0.9658,
1642,54.7333,True,0.4011,89.5989,89.5989,-0.023,,,9.375,300.0,32.0,35.08,0.9036,286,0.0057,0.05,0.05,-0.2471,-0.0952,0.9658,
1643,54.7667,True,0.4074,89.5926,89.5926,-0.0229,,,9.375,300.0,32.0,35.09,0.9052,286,0.0037,0.03,0.03,-0.3535,-0.083,0.9686,
1644,54.8,True,0.4032,89.5968,89.5968,-0.0227,,,9.0909,300.0,33.0,34.8,0.902,286,0.0076,0.03,0.03,-0.3494,-0.0834,0.9688,
1645,54.8333,True,0.3981,89.6019,89.6019,-0.0225,,,9.0909,300.0,33.0,34.77,0.901,286,0.005,0.03,0.03,-0.3509,-0.0817,0.9689,
1646,54.8667,True,0.4047,89.5953,89.5953,-0.022,,,9.0909,300.0,33.0,34.76,0.9017,286,0.0133,0.03,0.03,-0.2289,-0.0778,0.977,
1647,54.9,True,0.4075,89.5925,89.5925,-0.0212,,,9.0909,300.0,33.0,34.74,0.9011,285,0.0242,0.03,0.03,-0.2288,-0.0765,0.977,
1648,54.9333,True,0.4082,89.5918,89.5918,-0.0207,,,9.0909,300.0,33.0,34.74,0.9019,285,0.0157,0.03,0.03,-0.2296,-0.0756,0.977,
1649,54.9667,True,0.4105,89.5895,89.5895,-0.0194,,,9.0909,300.0,33.0,34.74,0.9018,285,0.0397,0.03,0.03,-0.2296,-0.0756,0.977,
1650,55.0,True,0.4653,89.5347,89.5347,-0.0183,,,9.5312,305.0,32.0,35.09,0.9158,269,0.0336,0.03,0.03,-0.2267,-0.1037,0.9786,
1651,55.0333,True,0.4628,89.5372,89.5372,-0.0168,,,9.5312,305.0,32.0,35.09,0.9151,269,0.0452,0.03,0.03,-0.2276,-0.1017,0.9787,
1652,55.0667,True,0.4618,89.5382,89.5382,0.0022,,,9.5312,305.0,32.0,35.06,0.9148,269,0.5683,0.03,0.03,-0.2279,-0.1012,0.9787,
1653,55.1,True,0.4601,89.5399,89.5399,0.0145,,,9.5312,305.0,32.0,35.09,0.9147,269,0.3694,0.03,0.03,-0.1237,-0.1147,0.9759,
1654,55.1333,True,0.4591,89.5409,89.5409,0.0225,,,9.5312,305.0,32.0,35.06,0.9149,269,0.2401,0.03,0.03,-0.1231,-0.1149,0.9759,
1655,55.1667,True,0.4582,89.5418,89.5418,0.0271,,,9.5312,305.0,32.0,35.09,0.915,269,0.138,0.03,0.03,-0.1223,-0.115,0.9759,
1656,55.2,True,0.4583,89.5417,89.5417,0.0298,,,9.5312,305.0,32.0,35.11,0.9157,269,0.0798,0.03,0.03,-0.1231,-0.1146,0.9759,
1657,55.2333,True,0.4585,89.5415,89.5415,0.0313,,,9.5312,305.0,32.0,35.12,0.9153,269,0.0458,0.03,0.03,-0.1212,-0.1141,0.9759,
1658,55.2667,True,0.4569,89.5431,89.5431,0.0322,,,9.5312,305.0,32.0,35.08,0.9152,270,0.0275,0.03,0.03,-0.1209,-0.1143,0.976,
1659,55.3,True,0.4568,89.5432,89.5432,0.0328,,,9.5312,305.0,32.0,35.01,0.9154,270,0.0168,0.03,0.03,-0.1177,-0.1146,0.9762,
1660,55.3333,True,0.4578,89.5422,89.5422,0.033,,,9.5312,305.0,32.0,34.94,0.9159,270,0.006,0.03,0.03,-0.1171,-0.1139,0.9763,
1661,55.3667,True,0.4577,89.5423,89.5423,0.0331,,,9.5312,305.0,32.0,34.96,0.9153,270,0.0029,0.03,0.03,-0.116,-0.115,0.9764,
1662,55.4,True,0.454,89.546,89.546,0.0329,,,9.5312,305.0,32.0,34.87,0.9152,270,-0.0063,0.03,0.03,-0.1169,-0.1143,0.9765,
1663,55.4333,True,0.4569,89.5431,89.5431,0.0327,,,9.5312,305.0,32.0,34.82,0.9161,270,-0.0044,0.03,0.03,-0.115,-0.1147,0.9766,
1664,55.4667,True,0.4587,89.5413,89.5413,0.0329,,,9.5312,305.0,32.0,34.79,0.9158,270,0.0056,0.03,0.03,-0.1144,-0.1156,0.9767,
1665,55.5,True,0.4587,89.5413,89.5413,0.033,,,9.5312,305.0,32.0,34.82,0.9158,270,0.0037,0.03,0.03,-0.1136,-0.1126,0.9768,
1666,55.5333,True,0.4615,89.5385,89.5385,0.0335,,,9.5312,305.0,32.0,34.77,0.9149,270,0.0131,0.03,0.03,-0.1154,-0.1101,0.9769,
1667,55.5667,True,0.4594,89.5406,89.5406,0.0337,,,9.5312,305.0,32.0,34.81,0.9157,270,0.0085,0.03,0.03,-0.2231,-0.094,0.9799,
1668,55.6,True,0.4598,89.5402,89.5402,0.0342,,,9.5312,305.0,32.0,34.75,0.9144,271,0.0135,0.03,0.03,-0.225,-0.0923,0.9799,
1669,55.6333,True,0.4567,89.5433,89.5433,0.0345,,,9.5312,305.0,32.0,34.74,0.9172,270,0.0088,0.03,0.03,-0.2277,-0.091,0.9799,
1670,55.6667,True,0.4546,89.5454,89.5454,0.0347,,,9.5312,305.0,32.0,34.76,0.9175,269,0.0057,0.03,0.03,-0.2284,-0.088,0.98,
1671,55.7,True,0.4499,89.5501,89.5501,0.0338,,,9.5312,305.0,32.0,34.77,0.9194,270,-0.0253,0.03,0.03,-0.2333,-0.0869,0.98,
1672,55.7333,True,0.4546,89.5454,89.5454,0.0326,,,9.5312,305.0,32.0,34.79,0.9186,272,-0.0378,0.03,0.03,-0.2335,-0.0845,0.9801,
1673,55.7667,True,0.4527,89.5473,89.5473,0.0317,,,9.5312,305.0,32.0,34.76,0.9196,271,-0.0249,0.03,0.03,-0.2356,-0.0834,0.9801,
1674,55.8,True,0.4398,89.5602,89.5602,0.0305,,,9.5312,305.0,32.0,34.95,0.9192,272,-0.0363,0.03,0.03,-0.2348,-0.0821,0.9802,
1675,55.8333,True,0.4384,89.5616,89.5616,0.0287,,,9.5312,305.0,32.0,34.88,0.9197,271,-0.0533,0.03,0.03,-0.234,-0.0816,0.9804,
1676,55.8667,True,0.435,89.565,89.565,0.0241,,,9.5312,305.0,32.0,34.89,0.9187,270,-0.1403,0.03,0.03,-0.1321,-0.095,0.9776,
1677,55.9,True,0.4362,89.5638,89.5638,0.0205,,,9.5312,305.0,32.0,34.85,0.9189,270,-0.1056,0.03,0.03,-0.132,-0.0946,0.9777,
1678,55.9333,True,0.4362,89.5638,89.5638,0.0175,,,9.5312,305.0,32.0,34.88,0.9189,270,-0.0915,0.03,0.03,-0.1314,-0.0945,0.9777,
1679,55.9667,True,0.4359,89.5641,89.5641,0.0155,,,9.5312,305.0,32.0,34.78,0.9184,270,-0.0595,0.03,0.03,-0.1316,-0.0939,0.9779,
1680,56.0,True,0.4355,89.5645,89.5645,0.0141,,,9.5312,305.0,32.0,34.79,0.9185,270,-0.0428,0.03,0.03,-0.1312,-0.0956,0.9779,
1681,56.0333,True,0.4359,89.5641,89.5641,0.0132,,,9.5312,305.0,32.0,34.8,0.9184,270,-0.0278,0.03,0.03,-0.2354,-0.0819,0.9808,
1682,56.0667,True,0.4388,89.5612,89.5612,0.0126,,,9.5312,305.0,32.0,34.8,0.9189,270,-0.0181,0.03,0.03,-0.2367,-0.0833,0.9809,
1683,56.1,True,0.4437,89.5563,89.5563,0.0122,,,9.5312,305.0,32.0,34.8,0.9203,269,-0.0117,0.03,0.03,-0.235,-0.0811,0.9811,
1684,56.1333,True,0.4411,89.5589,89.5589,0.0129,,,9.5312,305.0,32.0,34.85,0.9184,269,0.0234,0.03,0.03,-0.2364,-0.08,0.9811,
1685,56.1667,True,0.4414,89.5586,89.5586,0.0143,,,9.5312,305.0,32.0,34.89,0.9195,270,0.0394,0.03,0.03,-0.2355,-0.0824,0.9812,
1686,56.2,True,0.4366,89.5634,89.5634,0.0151,,,9.5312,305.0,32.0,35.09,0.918,271,0.0256,0.03,0.03,-0.238,-0.0828,0.9813,
1687,56.2333,True,0.4341,89.5659,89.5659,0.0157,,,9.5312,305.0,32.0,35.25,0.9184,270,0.0167,0.03,0.03,-0.2371,-0.0818,0.9814,
1688,56.2667,True,0.4342,89.5658,89.5658,0.0144,,,9.5312,305.0,32.0,35.31,0.9172,270,-0.0371,0.05,0.05,-0.2595,-0.0988,0.9706,
1689,56.3,True,0.4395,89.5605,89.5605,0.0136,,,9.5312,305.0,32.0,35.37,0.9173,271,-0.0241,0.05,0.05,-0.2594,-0.0976,0.9706,
1690,56.3333,True,0.4497,89.5503,89.5503,0.0131,,,9.5312,305.0,32.0,35.92,0.9158,270,-0.0157,0.05,0.05,-0.2548,-0.0957,0.9709,
1691,56.3667,True,0.4524,89.5476,89.5476,0.0138,,,9.5312,305.0,32.0,35.82,0.9162,270,0.0208,0.05,0.05,-0.2515,-0.0969,0.971,
1692,56.4,True,0.4512,89.5488,89.5488,0.0178,,,9.5312,305.0,32.0,35.77,0.9156,270,0.1209,0.05,0.05,-0.2517,-0.0974,0.9711,
1693,56.4333,True,0.4541,89.5459,89.5459,0.021,,,9.5312,305.0,32.0,35.64,0.9163,271,0.0938,0.05,0.05,-0.23,-0.1023,0.9684,
1694,56.4667,True,0.452,89.548,89.548,0.0233,,,9.5312,305.0,32.0,35.56,0.9167,271,0.0694,0.05,0.05,-0.229,-0.0714,0.9688,
1695,56.5,True,0.4516,89.5484,89.5484,0.0248,,,9.5312,305.0,32.0,35.39,0.9176,270,0.0451,0.05,0.05,-0.2259,-0.074,0.9689,
1696,56.5333,True,0.4483,89.5517,89.5517,0.0256,,,9.5312,305.0,32.0,35.38,0.9161,270,0.0252,0.05,0.05,-0.2248,-0.0743,0.969,
1697,56.5667,True,0.45,89.55,89.55,0.0262,,,9.5312,305.0,32.0,35.32,0.9174,270,0.0164,0.05,0.05,-0.2523,-0.1034,0.9714,
1698,56.6,True,0.4547,89.5453,89.5453,0.0265,,,9.5312,305.0,32.0,35.24,0.9143,270,0.0106,0.05,0.05,-0.2533,-0.1056,0.9715,
1699,56.6333,True,0.4511,89.5489,89.5489,0.0266,,,9.5312,305.0,32.0,34.89,0.9167,269,0.0015,0.05,0.05,-0.2521,-0.1045,0.9717,
1700,56.6667,True,0.4508,89.5492,89.5492,0.0265,,,9.5312,305.0,32.0,34.87,0.9164,269,-0.0022,0.03,0.03,-0.3448,-0.0883,0.9745,
1701,56.7,True,0.4514,89.5486,89.5486,0.0265,,,9.5312,305.0,32.0,34.85,0.9159,269,0.0017,0.03,0.03,-0.3427,-0.0902,0.9745,
1702,56.7333,True,0.4531,89.5469,89.5469,0.0267,,,9.5312,305.0,32.0,34.81,0.916,269,0.0046,0.03,0.03,-0.3404,-0.0929,0.9746,
1703,56.7667,True,0.4505,89.5495,89.5495,0.0267,,,9.5312,305.0,32.0,34.84,0.9163,269,-0.0005,0.03,0.03,-0.3406,-0.0918,0.9747,
1704,56.8,True,0.4505,89.5495,89.5495,0.0266,,,9.5312,305.0,32.0,34.79,0.9157,269,-0.0035,0.03,0.03,-0.3376,-0.0941,0.9747,
1705,56.8333,True,0.4476,89.5524,89.5524,0.0264,,,9.5312,305.0,32.0,34.78,0.915,268,-0.0047,0.03,0.03,-0.2263,-0.0949,0.9829,
1706,56.8667,True,0.4465,89.5535,89.5535,0.0263,,,9.5312,305.0,32.0,34.84,0.915,268,-0.0037,0.03,0.03,-0.2212,-0.0953,0.9829,
1707,56.9,True,0.4358,89.5642,89.5642,0.0252,,,9.5312,305.0,32.0,35.11,0.9126,269,-0.0331,0.03,0.03,-0.2199,-0.0961,0.9831,
1708,56.9333,True,0.4366,89.5634,89.5634,0.0241,,,9.5312,305.0,32.0,35.06,0.9132,269,-0.0322,0.03,0.03,-0.2168,-0.0952,0.9831,
1709,56.9667,True,0.4451,89.5549,89.5549,0.0229,,,9.5625,306.0,32.0,35.16,0.9165,270,-0.0361,0.03,0.03,-0.3299,-0.0937,0.975,
1710,57.0,True,0.4476,89.5524,89.5524,0.0221,,,9.5312,305.0,32.0,35.16,0.9178,270,-0.0234,0.03,0.03,-0.3343,-0.0913,0.9751,
1711,57.0333,True,0.4472,89.5528,89.5528,0.0216,,,9.5625,306.0,32.0,35.05,0.9157,270,-0.0152,0.03,0.03,-0.3354,-0.0914,0.9752,
1712,57.0667,True,0.4378,89.5622,89.5622,0.0213,,,9.5312,305.0,32.0,35.04,0.914,269,-0.0099,0.03,0.03,-0.3349,-0.0906,0.9753,
1713,57.1,True,0.4378,89.5622,89.5622,0.0211,,,9.5312,305.0,32.0,35.05,0.9142,269,-0.0064,0.03,0.03,-0.3375,-0.0596,0.9756,
1714,57.1333,True,0.439,89.561,89.561,0.0188,,,9.5312,305.0,32.0,35.39,0.9159,269,-0.0681,0.03,0.03,-0.3442,-0.0579,0.9758,
1715,57.1667,True,0.4431,89.5569,89.5569,0.0173,,,9.5312,305.0,32.0,35.51,0.916,269,-0.0443,0.05,0.05,-0.2429,-0.0742,0.9733,
1716,57.2,True,0.4448,89.5552,89.5552,0.0164,,,9.5312,305.0,32.0,35.43,0.9164,269,-0.0288,0.05,0.05,-0.2423,-0.0729,0.9733,
1717,57.2333,True,0.4438,89.5562,89.5562,0.0172,,,9.5312,305.0,32.0,35.48,0.9162,269,0.0243,0.05,0.05,-0.2405,-0.0734,0.9733,
1718,57.2667,True,0.4476,89.5524,89.5524,0.018,,,9.5312,305.0,32.0,35.47,0.9163,269,0.0234,0.05,0.05,-0.2385,-0.0734,0.9734,
1719,57.3,True,0.4457,89.5543,89.5543,0.0188,,,9.5312,305.0,32.0,35.21,0.9165,269,0.0255,0.05,0.05,-0.2395,-0.073,0.9735,
1720,57.3333,True,0.4442,89.5558,89.5558,0.0194,,,9.5312,305.0,32.0,35.16,0.9159,269,0.0166,0.05,0.05,-0.2386,-0.0717,0.9736,
1721,57.3667,True,0.4435,89.5565,89.5565,0.0195,,,9.5312,305.0,32.0,35.11,0.9157,269,0.0039,0.05,0.05,-0.2391,-0.0712,0.9736,
1722,57.4,True,0.4441,89.5559,89.5559,0.0196,,,9.5312,305.0,32.0,35.24,0.915,268,0.0025,0.05,0.05,-0.2361,-0.0724,0.9738,
1723,57.4333,True,0.4485,89.5515,89.5515,0.0196,,,9.5312,305.0,32.0,34.57,0.9162,268,0.0016,0.05,0.05,-0.235,-0.0722,0.9738,
1724,57.4667,True,0.4523,89.5477,89.5477,0.0197,,,9.5312,305.0,32.0,34.56,0.9156,267,0.0011,0.03,0.03,-0.3306,-0.0557,0.9766,
1725,57.5,True,0.4532,89.5468,89.5468,0.0212,,,9.5312,305.0,32.0,34.56,0.9154,267,0.0467,0.03,0.03,-0.2196,-0.0194,0.9851,
1726,57.5333,True,0.4544,89.5456,89.5456,0.0235,,,9.5312,305.0,32.0,34.49,0.915,267,0.0696,0.03,0.03,-0.2215,0.0628,0.9845,
1727,57.5667,True,0.4544,89.5456,89.5456,0.0254,,,9.5312,305.0,32.0,34.43,0.915,267,0.0548,0.03,0.03,-0.2192,0.0935,0.9836,
1728,57.6,True,0.4535,89.5465,89.5465,0.0267,,,9.5312,305.0,32.0,34.42,0.9154,267,0.0386,0.03,0.03,-0.2191,0.0931,0.9836,
1729,57.6333,True,0.4502,89.5498,89.5498,0.0275,,,9.5312,305.0,32.0,34.39,0.9137,267,0.0251,0.03,0.03,-0.2181,0.0979,0.9833,
1730,57.6667,True,0.4465,89.5535,89.5535,0.028,,,9.5312,305.0,32.0,34.45,0.9138,267,0.0163,0.05,0.05,-0.3561,0.1132,0.9804,
1731,57.7,True,0.4459,89.5541,89.5541,0.0273,,,9.5312,305.0,32.0,35.05,0.9151,268,-0.0233,0.05,0.05,-0.3506,0.1241,0.9796,
1732,57.7333,True,0.444,89.556,89.556,0.0255,,,9.5312,305.0,32.0,34.96,0.915,269,-0.0539,0.03,0.03,-0.2147,0.1004,0.9835,
1733,57.7667,True,0.4461,89.5539,89.5539,0.0242,,,9.5312,305.0,32.0,34.92,0.9149,268,-0.0393,0.03,0.03,-0.2166,0.0971,0.9839,
1734,57.8,True,0.4384,89.5616,89.5616,0.0232,,,9.5312,305.0,32.0,35.04,0.9133,268,-0.0279,0.03,0.03,-0.2153,0.0645,0.985,
1735,57.8333,True,0.4456,89.5544,89.5544,0.0225,,,9.5312,305.0,32.0,34.62,0.9152,269,-0.0217,0.03,0.03,-0.3318,0.0227,0.9771,
1736,57.8667,True,0.4433,89.5567,89.5567,0.0215,,,9.5312,305.0,32.0,34.57,0.9144,269,-0.0307,0.03,0.03,-0.3353,0.024,0.9772,
1737,57.9,True,0.4421,89.5579,89.5579,0.0206,,,9.5312,305.0,32.0,34.49,0.915,269,-0.0269,0.03,0.03,-0.3366,0.0256,0.9772,
1738,57.9333,True,0.4401,89.5599,89.5599,0.0196,,,9.5312,305.0,32.0,34.68,0.914,268,-0.0309,0.03,0.03,-0.3366,0.0245,0.9775,
1739,57.9667,True,0.439,89.561,89.561,0.0189,,,9.5312,305.0,32.0,34.56,0.9135,268,-0.0201,0.03,0.03,-0.3393,0.0645,0.9772,
1740,58.0,True,0.4364,89.5636,89.5636,0.0178,,,9.5312,305.0,32.0,34.56,0.9142,269,-0.0332,0.03,0.03,-0.3393,0.0636,0.9772,
1741,58.0333,True,0.4376,89.5624,89.5624,0.0166,,,9.5312,305.0,32.0,34.59,0.9132,269,-0.034,0.07,0.07,-0.4797,0.111,0.9733,
1742,58.0667,True,0.4393,89.5607,89.5607,0.0159,,,9.5312,305.0,32.0,34.79,0.914,269,-0.0221,0.07,0.07,-0.4792,0.1097,0.9734,
1743,58.1,True,0.4448,89.5552,89.5552,0.0154,,,9.5312,305.0,32.0,34.65,0.9131,269,-0.0144,0.07,0.07,-0.4792,0.1129,0.9734,
1744,58.1333,True,0.4437,89.5563,89.5563,0.0152,,,9.5312,305.0,32.0,34.7,0.9131,269,-0.0062,0.07,0.07,-0.4726,0.1198,0.9731,
1745,58.1667,True,0.4456,89.5544,89.5544,0.0166,,,9.5312,305.0,32.0,34.69,0.9132,269,0.0424,0.03,0.03,-0.3338,0.1011,0.9761,
1746,58.2,True,0.4415,89.5585,89.5585,0.0176,,,9.5312,305.0,32.0,34.7,0.9116,268,0.0275,0.03,0.03,-0.3333,0.0972,0.9762,
1747,58.2333,True,0.4491,89.5509,89.5509,0.0185,,,9.5312,305.0,32.0,35.19,0.9133,267,0.0298,0.03,0.03,-0.3357,0.1025,0.9764,
1748,58.2667,True,0.4513,89.5487,89.5487,0.0195,,,9.5312,305.0,32.0,35.23,0.9141,267,0.0272,0.03,0.03,-0.3384,0.0946,0.9767,
1749,58.3,True,0.4513,89.5487,89.5487,0.0213,,,9.5312,305.0,32.0,35.32,0.9141,267,0.0548,0.03,0.03,-0.3371,0.0664,0.9777,
1750,58.3333,True,0.4519,89.5481,89.5481,0.0233,,,9.5312,305.0,32.0,35.25,0.9155,267,0.0593,0.03,0.03,-0.34,0.0281,0.978,
1751,58.3667,True,0.4522,89.5478,89.5478,0.0245,,,9.5312,305.0,32.0,35.42,0.9144,267,0.0385,0.03,0.03,-0.3379,-0.0145,0.9784,
1752,58.4,True,0.4543,89.5457,89.5457,0.0256,,,9.5625,306.0,32.0,35.43,0.9143,268,0.0305,0.05,0.05,-0.2315,-0.0577,0.9754,
1753,58.4333,True,0.4554,89.5446,89.5446,0.0263,,,9.5625,306.0,32.0,35.41,0.9142,269,0.0229,0.05,0.05,-0.2309,-0.0573,0.9754,
1754,58.4667,True,0.4437,89.5563,89.5563,0.0268,,,9.5312,305.0,32.0,35.5,0.9144,266,0.0149,0.05,0.05,-0.1965,-0.0572,0.9727,
1755,58.5,True,0.4495,89.5505,89.5505,0.0271,,,9.5312,305.0,32.0,35.18,0.9136,268,0.0097,0.05,0.05,-0.195,-0.093,0.9725,
1756,58.5333,True,0.4495,89.5505,89.5505,0.0264,,,9.5312,305.0,32.0,35.2,0.9136,268,-0.0212,0.03,0.03,-0.2945,-0.0424,0.9755,
1757,58.5667,True,0.4494,89.5506,89.5506,0.026,,,9.5312,305.0,32.0,35.14,0.9134,269,-0.0138,0.03,0.03,-0.299,-0.017,0.9759,
1758,58.6,True,0.452,89.548,89.548,0.0257,,,9.5312,305.0,32.0,35.5,0.9134,269,-0.009,0.03,0.03,-0.2969,0.0203,0.9757,
1759,58.6333,True,0.4524,89.5476,89.5476,0.0255,,,9.5312,305.0,32.0,35.52,0.913,268,-0.0058,0.03,0.03,-0.2944,0.0207,0.9757,
1760,58.6667,True,0.4524,89.5476,89.5476,0.0262,,,9.5312,305.0,32.0,35.54,0.913,268,0.0226,0.03,0.03,-0.2937,0.0218,0.9758,
1761,58.7,True,0.4506,89.5494,89.5494,0.0267,,,9.5312,305.0,32.0,35.5,0.9135,268,0.0147,0.05,0.05,-0.1937,0.0117,0.9731,
1762,58.7333,True,0.4471,89.5529,89.5529,0.027,,,9.5312,305.0,32.0,35.76,0.9133,268,0.0095,0.05,0.05,-0.1936,-0.0349,0.9736,
1763,58.7666,True,0.4519,89.5481,89.5481,0.0272,,,9.5625,306.0,32.0,35.7,0.9126,269,0.0046,0.05,0.05,-0.1949,-0.0361,0.9737,
1764,58.8,True,0.4531,89.5469,89.5469,0.0273,,,9.5625,306.0,32.0,35.72,0.9126,269,0.003,0.05,0.05,-0.1962,-0.0355,0.9738,
1765,58.8333,True,0.4512,89.5488,89.5488,0.0271,,,9.5625,306.0,32.0,35.69,0.9129,269,-0.005,0.05,0.05,-0.1959,-0.0696,0.9734,
1766,58.8666,True,0.4518,89.5482,89.5482,0.0272,,,9.5312,305.0,32.0,35.87,0.9129,268,0.0026,0.05,0.05,-0.1978,-0.069,0.9735,
1767,58.9,True,0.4455,89.5545,89.5545,0.0273,,,9.5312,305.0,32.0,35.73,0.9139,268,0.0017,0.05,0.05,-0.1956,-0.07,0.9735,
1768,58.9333,True,0.4466,89.5534,89.5534,0.0271,,,9.5312,305.0,32.0,35.83,0.9136,268,-0.0048,0.05,0.05,-0.1967,-0.0686,0.9736,
1769,58.9666,True,0.4477,89.5523,89.5523,0.0258,,,9.5312,305.0,32.0,35.9,0.9134,268,-0.0407,0.05,0.05,-0.1974,-0.0696,0.9736,
1770,59.0,True,0.4426,89.5574,89.5574,0.0245,,,9.5312,305.0,32.0,36.21,0.9139,268,-0.0378,0.05,0.05,-0.2044,-0.0709,0.9737,
1771,59.0333,True,0.45,89.55,89.55,0.0237,,,9.5312,305.0,32.0,36.13,0.9133,268,-0.0245,0.05,0.05,-0.2043,-0.0687,0.9738,
1772,59.0666,True,0.4492,89.5508,89.5508,0.0235,,,9.5312,305.0,32.0,36.13,0.9138,268,-0.0046,0.07,0.07,-0.0782,-0.0834,0.9653,
1773,59.1,True,0.4487,89.5513,89.5513,0.0238,,,9.5312,305.0,32.0,36.15,0.9135,268,0.0077,0.07,0.07,-0.0774,-0.0844,0.9654,
1774,59.1333,True,0.4477,89.5523,89.5523,0.0239,,,9.5312,305.0,32.0,36.07,0.914,268,0.005,0.07,0.07,-0.0775,-0.0835,0.9654,
1775,59.1666,True,0.4467,89.5533,89.5533,0.0241,,,9.5312,305.0,32.0,35.99,0.9142,268,0.0033,0.07,0.07,-0.0762,-0.0847,0.9654,
1776,59.2,True,0.4457,89.5543,89.5543,0.0238,,,9.5312,305.0,32.0,36.01,0.914,268,-0.0078,0.07,0.07,-0.0758,-0.0847,0.9654,
1777,59.2333,True,0.4447,89.5553,89.5553,0.0233,,,9.5312,305.0,32.0,36.02,0.9146,268,-0.0164,0.07,0.07,-0.0753,-0.0851,0.9654,
1778,59.2666,True,0.448,89.552,89.552,0.0229,,,9.5625,306.0,32.0,36.18,0.9144,270,-0.0106,0.05,0.05,-0.1981,-0.0662,0.9738,
1779,59.3,True,0.4467,89.5533,89.5533,0.0227,,,9.5625,306.0,32.0,35.9,0.9134,268,-0.0069,0.05,0.05,-0.1984,-0.0654,0.9739,
1780,59.3333,True,0.4489,89.5511,89.5511,0.0225,,,9.5625,306.0,32.0,35.8,0.9142,269,-0.0039,0.05,0.05,-0.1986,-0.0656,0.974,
1781,59.3666,True,0.452,89.548,89.548,0.0229,,,9.5625,306.0,32.0,35.71,0.9133,269,0.011,0.05,0.05,-0.1984,-0.066,0.974,
1782,59.4,True,0.4487,89.5513,89.5513,0.0234,,,9.5625,306.0,32.0,35.71,0.9134,268,0.0145,0.05,0.05,-0.1984,-0.0675,0.9741,
1783,59.4333,True,0.4479,89.5521,89.5521,0.0237,,,9.5625,306.0,32.0,35.66,0.9133,268,0.0094,0.05,0.05,-0.2031,-0.0707,0.9741,
1784,59.4666,True,0.4475,89.5525,89.5525,0.0239,,,9.5625,306.0,32.0,35.59,0.9134,268,0.0061,0.05,0.05,-0.2043,-0.0723,0.9742,
1785,59.5,True,0.4475,89.5525,89.5525,0.0238,,,9.5625,306.0,32.0,35.18,0.9129,266,-0.0046,0.05,0.05,-0.2271,-0.0691,0.977,
1786,59.5333,True,0.4475,89.5525,89.5525,0.0235,,,9.5625,306.0,32.0,35.52,0.9129,266,-0.0073,0.05,0.05,-0.229,-0.0312,0.9775,
1787,59.5666,True,0.4466,89.5534,89.5534,0.0233,,,9.5312,305.0,32.0,36.1,0.9142,267,-0.0049,0.05,0.05,-0.2288,-0.0284,0.9776,
1788,59.6,True,0.4485,89.5515,89.5515,0.0232,,,9.5312,305.0,32.0,36.06,0.9144,268,-0.0032,0.05,0.05,-0.2313,0.0169,0.9773,
1789,59.6333,True,0.4491,89.5509,89.5509,0.0232,,,9.5312,305.0,32.0,36.03,0.9145,268,-0.0019,0.05,0.05,-0.2056,0.0136,0.9745,
1790,59.6666,True,0.4419,89.5581,89.5581,0.0231,,,9.5625,306.0,32.0,35.98,0.9141,265,-0.0015,0.07,0.07,-0.0763,0.001,0.9662,
1791,59.7,True,0.4464,89.5536,89.5536,0.0228,,,9.5312,305.0,32.0,35.47,0.9142,267,-0.0101,0.07,0.07,-0.072,-0.0447,0.9665,
1792,59.7333,True,0.4463,89.5537,89.5537,0.0225,,,9.5312,305.0,32.0,35.49,0.9144,268,-0.0089,0.05,0.05,-0.232,0.0226,0.9774,
1793,59.7666,True,0.4434,89.5566,89.5566,0.0223,,,9.5312,305.0,32.0,35.47,0.9147,267,-0.0067,0.05,0.05,-0.2319,0.0222,0.9774,
1794,59.8,True,0.4391,89.5609,89.5609,0.0211,,,9.5625,306.0,32.0,35.86,0.916,270,-0.035,0.05,0.05,-0.2303,0.0638,0.9773,
1795,59.8333,True,0.4382,89.5618,89.5618,0.0203,,,9.5625,306.0,32.0,35.85,0.9162,270,-0.0228,0.05,0.05,-0.2303,0.0638,0.9773,
1796,59.8666,True,0.4403,89.5597,89.5597,0.0188,,,9.5625,306.0,32.0,35.87,0.9159,270,-0.0474,0.07,0.07,-0.1003,0.0548,0.9688,
1797,59.9,True,0.4382,89.5618,89.5618,0.0173,,,9.5625,306.0,32.0,35.85,0.9162,270,-0.0432,0.07,0.07,-0.0977,0.0103,0.9691,
1798,59.9333,True,0.4391,89.5609,89.5609,0.0164,,,9.5625,306.0,32.0,35.89,0.9162,270,-0.0281,0.07,0.07,-0.0977,0.0103,0.9691,
1799,59.9666,True,0.4391,89.5609,89.5609,0.0158,,,9.5625,306.0,32.0,35.89,0.9162,270,-0.0177,0.07,0.07,-0.0977,-0.0374,0.9694,
1800,60.0,True,0.462,89.538,89.538,0.0154,,,9.5938,307.0,32.0,36.0,0.8861,300,-0.0115,0.05,0.05,-0.161,-0.0077,0.9703,
1801,60.0333,True,0.408,89.592,89.592,0.0152,,,9.0909,300.0,33.0,35.95,0.9046,284,-0.0075,0.05,0.05,-0.1615,-0.0068,0.9703,
1802,60.0666,True,0.4329,89.5671,89.5671,0.015,,,9.0909,300.0,33.0,35.94,0.9101,289,-0.0049,0.05,0.05,-0.1505,0.0256,0.9674,
1803,60.1,True,0.4356,89.5644,89.5644,0.0137,,,9.0909,300.0,33.0,35.92,0.9102,289,-0.0397,0.05,0.05,-0.1501,0.0252,0.9674,
1804,60.1333,True,0.4355,89.5645,89.5645,0.0128,,,9.0909,300.0,33.0,35.91,0.9109,288,-0.0276,0.05,0.05,-0.1504,0.0246,0.9674,
1805,60.1666,True,0.4315,89.5685,89.5685,0.0112,,,9.0909,300.0,33.0,35.91,0.9105,289,-0.0454,0.07,0.07,-0.1477,0.0571,0.9671,
1806,60.2,True,0.4312,89.5688,89.5688,0.0103,,,9.0909,300.0,33.0,35.91,0.9104,289,-0.0295,0.07,0.07,-0.148,0.057,0.9671,
1807,60.2333,True,0.426,89.574,89.574,0.0092,,,9.0909,300.0,33.0,35.91,0.9101,290,-0.033,0.07,0.07,-0.1483,0.0569,0.9671,
1808,60.2666,True,0.4266,89.5734,89.5734,0.0083,,,9.0909,300.0,33.0,35.91,0.9115,290,-0.0252,0.07,0.07,-0.1495,0.0568,0.9671,
1809,60.3,True,0.4271,89.5729,89.5729,0.0064,,,9.0909,300.0,33.0,35.83,0.9109,290,-0.0591,0.07,0.07,-0.1502,0.0564,0.9671,
1810,60.3333,True,0.4263,89.5737,89.5737,0.0049,,,9.0909,300.0,33.0,35.83,0.911,290,-0.0441,0.07,0.07,-0.1513,0.0561,0.9671,
1811,60.3666,True,0.4263,89.5737,89.5737,0.0038,,,9.0909,300.0,33.0,35.77,0.9104,289,-0.0313,0.07,0.07,-0.1516,0.0563,0.9671,
1812,60.4,True,0.422,89.578,89.578,0.0032,,,9.0909,300.0,33.0,35.7,0.9102,289,-0.0203,0.07,0.07,-0.1653,0.0645,0.9698,
1813,60.4333,True,0.4201,89.5799,89.5799,0.0027,,,9.0909,300.0,33.0,35.62,0.9091,288,-0.0134,0.05,0.05,-0.2876,0.0729,0.9783,
1814,60.4666,True,0.4184,89.5816,89.5816,0.0009,,,9.0909,300.0,33.0,35.66,0.9099,289,-0.0535,0.05,0.05,-0.2877,0.0739,0.9783,
1815,60.5,True,0.4202,89.5798,89.5798,-0.0009,,,9.0909,300.0,33.0,35.64,0.9095,289,-0.0545,0.05,0.05,-0.2877,0.0742,0.9783,
1816,60.5333,True,0.4173,89.5827,89.5827,-0.0021,,,9.0909,300.0,33.0,35.65,0.9103,291,-0.0365,0.05,0.05,-0.2872,0.0736,0.9785,
1817,60.5666,True,0.4172,89.5828,89.5828,-0.0035,,,9.0909,300.0,33.0,35.71,0.9094,289,-0.0407,0.05,0.05,-0.2879,0.073,0.9785,
1818,60.6,True,0.4167,89.5833,89.5833,-0.0047,,,9.0909,300.0,33.0,35.74,0.909,289,-0.0381,0.05,0.05,-0.2874,0.0721,0.9785,
1819,60.6333,True,0.4153,89.5847,89.5847,-0.0056,,,9.0909,300.0,33.0,35.72,0.9088,289,-0.0257,0.05,0.05,-0.2869,0.0722,0.9785,
1820,60.6666,True,0.4157,89.5843,89.5843,-0.0063,,,9.0606,299.0,33.0,35.77,0.9085,288,-0.0227,0.05,0.05,-0.2862,0.0703,0.9785,
1821,60.7,True,0.4116,89.5884,89.5884,-0.0072,,,9.0606,299.0,33.0,35.77,0.9085,289,-0.0252,0.05,0.05,-0.2864,0.0707,0.9785,
1822,60.7333,True,0.4103,89.5897,89.5897,-0.0079,,,9.0606,299.0,33.0,35.76,0.9083,289,-0.0205,0.07,0.07,-0.1624,0.0638,0.9701,
1823,60.7666,True,0.4105,89.5895,89.5895,-0.0096,,,9.0606,299.0,33.0,35.75,0.9068,288,-0.0516,0.07,0.07,-0.1618,0.0636,0.9701,
1824,60.8,True,0.4127,89.5873,89.5873,-0.0107,,,9.0606,299.0,33.0,35.78,0.9086,289,-0.0336,0.07,0.07,-0.1611,0.0605,0.9701,
1825,60.8333,True,0.4139,89.5861,89.5861,-0.0114,,,9.0606,299.0,33.0,35.72,0.9093,289,-0.0218,0.07,0.07,-0.1637,0.0608,0.9701,
1826,60.8666,True,0.4126,89.5874,89.5874,-0.0116,,,9.0606,299.0,33.0,35.72,0.9095,290,-0.0044,0.07,0.07,-0.1639,0.0608,0.9701,
1827,60.9,True,0.4133,89.5867,89.5867,-0.0116,,,9.0606,299.0,33.0,35.69,0.909,289,-0.0018,0.07,0.07,-0.1631,0.0609,0.9701,
1828,60.9333,True,0.4133,89.5867,89.5867,-0.0115,,,9.0606,299.0,33.0,35.71,0.909,289,0.0054,0.07,0.07,-0.1603,0.0618,0.9702,
1829,60.9666,True,0.4136,89.5864,89.5864,-0.0113,,,9.0606,299.0,33.0,35.69,0.91,290,0.0035,0.07,0.07,-0.1597,0.0606,0.9702,
1830,61.0,True,0.4113,89.5887,89.5887,-0.0113,,,9.0606,299.0,33.0,35.69,0.9089,289,0.0023,0.07,0.07,-0.1601,0.0598,0.9702,
1831,61.0333,True,0.4109,89.5891,89.5891,-0.0112,,,9.0606,299.0,33.0,35.69,0.9101,290,0.0015,0.07,0.07,-0.1602,0.0597,0.9702,
1832,61.0666,True,0.41,89.59,89.59,-0.0119,,,9.0606,299.0,33.0,35.65,0.9082,289,-0.02,0.07,0.07,-0.1601,0.0615,0.9702,
1833,61.1,True,0.4155,89.5845,89.5845,-0.0123,,,9.0909,300.0,33.0,35.65,0.9103,290,-0.013,0.07,0.07,-0.1625,0.0615,0.9703,
1834,61.1333,True,0.4144,89.5856,89.5856,-0.0126,,,9.0909,300.0,33.0,35.63,0.9084,289,-0.0084,0.07,0.07,-0.1617,0.0611,0.9704,
1835,61.1666,True,0.419,89.581,89.581,-0.0117,,,9.0909,300.0,33.0,35.63,0.9104,290,0.0267,0.07,0.07,-0.1609,0.0584,0.9704,
1836,61.2,True,0.4144,89.5856,89.5856,-0.0111,,,9.0909,300.0,33.0,35.74,0.9117,292,0.0182,0.07,0.07,-0.1595,0.0595,0.9705,
1837,61.2333,True,0.4163,89.5837,89.5837,-0.0103,,,9.0909,300.0,33.0,35.66,0.9101,290,0.0227,0.07,0.07,-0.1602,0.058,0.9705,
1838,61.2666,True,0.4159,89.5841,89.5841,-0.0097,,,9.0909,300.0,33.0,35.71,0.9097,289,0.0188,0.07,0.07,-0.1593,0.0581,0.9706,
1839,61.3,True,0.4152,89.5848,89.5848,-0.0093,,,9.0909,300.0,33.0,35.68,0.9105,290,0.0122,0.07,0.07,-0.1585,0.0586,0.9706,
1840,61.3333,True,0.4168,89.5832,89.5832,-0.0091,,,9.0606,299.0,33.0,35.69,0.9091,289,0.0079,0.07,0.07,-0.156,0.0612,0.9707,
1841,61.3666,True,0.4095,89.5905,89.5905,-0.0089,,,9.0606,299.0,33.0,35.71,0.9093,290,0.0052,0.07,0.07,-0.1553,0.0605,0.9707,
1842,61.4,True,0.4107,89.5893,89.5893,-0.009,,,9.0909,300.0,33.0,35.65,0.9099,291,-0.0031,0.07,0.07,-0.1552,0.0608,0.9708,
1843,61.4333,True,0.4089,89.5911,89.5911,-0.0106,,,9.0909,300.0,33.0,35.61,0.9107,292,-0.0495,0.07,0.07,-0.1561,0.0603,0.9708,
1844,61.4666,True,0.41,89.59,89.59,-0.012,,,9.0909,300.0,33.0,35.6,0.9114,292,-0.0396,0.07,0.07,-0.1557,0.061,0.9708,
1845,61.5,True,0.4114,89.5886,89.5886,-0.0128,,,9.0909,300.0,33.0,35.58,0.9099,290,-0.0258,0.07,0.07,-0.1558,0.0619,0.9708,
1846,61.5333,True,0.412,89.588,89.588,-0.0131,,,9.0909,300.0,33.0,35.58,0.9117,292,-0.0093,0.07,0.07,-0.1557,0.0629,0.9708,
1847,61.5666,True,0.4107,89.5893,89.5893,-0.0133,,,9.0909,300.0,33.0,35.55,0.9111,292,-0.0067,0.07,0.07,-0.1557,0.0629,0.9708,
1848,61.6,True,0.4121,89.5879,89.5879,-0.0132,,,9.0909,300.0,33.0,35.61,0.9117,292,0.0034,0.07,0.07,-0.1551,0.0625,0.9708,
1849,61.6333,True,0.4137,89.5863,89.5863,-0.0129,,,9.0909,300.0,33.0,35.61,0.9108,291,0.0088,0.07,0.07,-0.1545,0.0646,0.9709,
1850,61.6666,True,0.4153,89.5847,89.5847,-0.0127,,,9.0909,300.0,33.0,35.6,0.9106,290,0.006,0.07,0.07,-0.154,0.0644,0.9709,
1851,61.7,True,0.4121,89.5879,89.5879,-0.0126,,,9.0909,300.0,33.0,35.63,0.9101,291,0.0049,0.07,0.07,-0.1565,0.0663,0.9709,
1852,61.7333,True,0.4165,89.5835,89.5835,-0.0119,,,9.0909,300.0,33.0,35.59,0.9085,286,0.0192,0.07,0.07,-0.1525,0.0663,0.9709,
1853,61.7666,True,0.4131,89.5869,89.5869,-0.0115,,,9.0909,300.0,33.0,35.52,0.9116,291,0.0125,0.07,0.07,-0.1543,0.0656,0.971,
1854,61.8,True,0.4121,89.5879,89.5879,-0.0115,,,9.0909,300.0,33.0,35.51,0.9113,291,0.0019,0.07,0.07,-0.1545,0.0658,0.971,
1855,61.8333,True,0.415,89.585,89.585,-0.0114,,,9.0909,300.0,33.0,35.47,0.9108,290,0.0012,0.07,0.07,-0.1544,0.0658,0.971,
1856,61.8666,True,0.414,89.586,89.586,-0.0111,,,9.0909,300.0,33.0,35.44,0.909,289,0.01,0.07,0.07,-0.1555,0.0673,0.9711,
1857,61.9,True,0.4161,89.5839,89.5839,-0.0109,,,9.0909,300.0,33.0,35.29,0.9112,290,0.0065,0.07,0.07,-0.1568,0.0288,0.9714,
1858,61.9333,True,0.4153,89.5847,89.5847,-0.0104,,,9.0909,300.0,33.0,35.36,0.9109,290,0.0149,0.05,0.05,-0.2755,0.037,0.9799,
1859,61.9666,True,0.4156,89.5844,89.5844,-0.0099,,,9.0909,300.0,33.0,35.31,0.9115,290,0.0134,0.03,0.03,-0.1585,0.035,0.9881,
1860,62.0,True,0.4153,89.5847,89.5847,-0.0096,,,9.0909,300.0,33.0,35.45,0.9109,290,0.0087,0.03,0.03,-0.1584,0.033,0.9882,
1861,62.0333,True,0.4186,89.5814,89.5814,-0.0093,,,9.0909,300.0,33.0,35.37,0.909,286,0.0084,0.03,0.03,-0.1605,0.0319,0.9882,
1862,62.0666,True,0.4177,89.5823,89.5823,-0.0092,,,9.0909,300.0,33.0,35.44,0.9092,286,0.0055,0.05,0.05,-0.2781,0.0329,0.98,
1863,62.1,True,0.4177,89.5823,89.5823,-0.0083,,,9.0909,300.0,33.0,35.42,0.9101,287,0.0253,0.05,0.05,-0.2786,0.0325,0.9801,
1864,62.1333,True,0.4194,89.5806,89.5806,-0.0077,,,9.0909,300.0,33.0,35.68,0.9088,287,0.0173,0.05,0.05,-0.2783,0.0336,0.9802,
1865,62.1666,True,0.4242,89.5758,89.5758,-0.0071,,,9.0909,300.0,33.0,35.69,0.9089,286,0.0206,0.05,0.05,-0.1606,0.0305,0.9717,
1866,62.2,True,0.4242,89.5758,89.5758,-0.0063,,,9.0909,300.0,33.0,35.63,0.9089,286,0.0216,0.07,0.07,-0.1615,0.0293,0.9717,
1867,62.2333,True,0.4225,89.5775,89.5775,-0.0048,,,9.0909,300.0,33.0,35.6,0.9092,286,0.0466,0.05,0.05,-0.1622,0.03,0.9717,
1868,62.2666,True,0.4248,89.5752,89.5752,-0.0032,,,9.0909,300.0,33.0,35.64,0.9094,286,0.0483,0.07,0.07,-0.1622,0.0303,0.9718,
1869,62.3,True,0.4221,89.5779,89.5779,-0.0021,,,9.0909,300.0,33.0,35.61,0.9092,286,0.0314,0.07,0.07,-0.1625,0.0312,0.9718,
1870,62.3333,True,0.4298,89.5702,89.5702,-0.0015,,,9.1212,301.0,33.0,35.68,0.9091,287,0.0204,0.07,0.07,-0.1635,0.0309,0.9718,
1871,62.3666,True,0.4305,89.5695,89.5695,-0.0008,,,9.1212,301.0,33.0,35.68,0.9092,287,0.0193,0.07,0.07,-0.1635,0.0308,0.9718,
1872,62.4,True,0.4274,89.5726,89.5726,0.0005,,,9.1212,301.0,33.0,35.76,0.9082,286,0.0399,0.07,0.07,-0.162,0.0312,0.9719,
1873,62.4333,True,0.428,89.572,89.572,0.0016,,,9.1212,301.0,33.0,35.83,0.91,288,0.0325,0.07,0.07,-0.1628,0.0308,0.9719,
1874,62.4666,True,0.427,89.573,89.573,0.0023,,,9.1212,301.0,33.0,35.83,0.9098,288,0.0211,0.07,0.07,-0.163,0.0304,0.9719,
1875,62.5,True,0.4284,89.5716,89.5716,0.0028,,,9.1212,301.0,33.0,35.85,0.9098,288,0.0137,0.07,0.07,-0.1607,0.0315,0.9719,
1876,62.5333,True,0.427,89.573,89.573,0.0028,,,9.1212,301.0,33.0,35.86,0.9098,288,0.0024,0.07,0.07,-0.1619,0.0304,0.9719,
1877,62.5666,True,0.4251,89.5749,89.5749,0.0028,,,9.1212,301.0,33.0,35.79,0.9087,287,-0.0027,0.07,0.07,-0.1604,0.0323,0.9719,
1878,62.6,True,0.4243,89.5757,89.5757,0.0027,,,9.1212,301.0,33.0,35.78,0.9082,286,-0.0018,0.07,0.07,-0.1614,0.0315,0.9719,
1879,62.6333,True,0.4262,89.5738,89.5738,0.0024,,,9.1212,301.0,33.0,35.8,0.9089,287,-0.0098,0.07,0.07,-0.1606,0.0316,0.9719,
1880,62.6666,True,0.423,89.577,89.577,0.0018,,,9.1212,301.0,33.0,35.81,0.9097,290,-0.018,0.07,0.07,-0.1648,0.0308,0.972,
1881,62.7,True,0.4238,89.5762,89.5762,0.0011,,,9.1212,301.0,33.0,35.69,0.9102,289,-0.0199,0.07,0.07,-0.1628,0.0316,0.972,
1882,62.7333,True,0.4236,89.5764,89.5764,0.0005,,,9.1212,301.0,33.0,35.74,0.9103,289,-0.0177,0.07,0.07,-0.1624,0.0308,0.972,
1883,62.7666,True,0.4234,89.5766,89.5766,0.0,,,9.1212,301.0,33.0,35.75,0.9106,289,-0.0145,0.07,0.07,-0.1621,0.0305,0.972,
1884,62.8,True,0.4263,89.5737,89.5737,-0.0003,,,9.0909,300.0,33.0,35.83,0.9121,288,-0.0094,0.07,0.07,-0.1598,0.0327,0.9721,
1885,62.8333,True,0.4251,89.5749,89.5749,-0.0004,,,9.0909,300.0,33.0,35.78,0.911,287,-0.0031,0.07,0.07,-0.1593,0.0334,0.9721,
1886,62.8666,True,0.4259,89.5741,89.5741,-0.0,,,9.0909,300.0,33.0,35.76,0.9099,286,0.0107,0.07,0.07,-0.1586,0.0309,0.9722,
1887,62.9,True,0.4251,89.5749,89.5749,0.0002,,,9.0909,300.0,33.0,35.77,0.911,287,0.007,0.07,0.07,-0.1579,0.0306,0.9722,
1888,62.9333,True,0.4287,89.5713,89.5713,0.0007,,,9.0909,300.0,33.0,35.87,0.9091,285,0.0136,0.07,0.07,-0.1543,0.0304,0.9723,
1889,62.9666,True,0.4262,89.5738,89.5738,0.0009,,,9.0909,300.0,33.0,35.97,0.9095,286,0.0088,0.07,0.07,-0.1582,0.031,0.9723,
1890,63.0,True,0.4242,89.5758,89.5758,0.0011,,,9.0909,300.0,33.0,35.97,0.9096,286,0.0057,0.07,0.07,-0.1584,0.0309,0.9723,
1891,63.0333,True,0.4206,89.5794,89.5794,0.001,,,9.0909,300.0,33.0,35.99,0.91,290,-0.0053,0.05,0.05,-0.071,0.0243,0.9695,
1892,63.0666,True,0.42,89.58,89.58,0.0006,,,9.0909,300.0,33.0,35.88,0.909,286,-0.0121,0.05,0.05,-0.0724,0.0217,0.9696,
1893,63.1,True,0.4216,89.5784,89.5784,-0.0006,,,9.0909,300.0,33.0,35.85,0.9085,285,-0.0352,0.05,0.05,-0.072,0.0205,0.9696,
1894,63.1333,True,0.4216,89.5784,89.5784,-0.0014,,,9.0909,300.0,33.0,35.76,0.9085,285,-0.0229,0.05,0.05,-0.0707,0.0204,0.9696,
1895,63.1666,True,0.4216,89.5784,89.5784,-0.0019,,,9.0909,300.0,33.0,35.77,0.9085,285,-0.0149,0.07,0.07,-0.1584,0.0268,0.9724,
1896,63.2,True,0.4245,89.5755,89.5755,-0.0022,,,9.0909,300.0,33.0,35.72,0.9092,286,-0.0097,0.07,0.07,-0.1565,0.0282,0.9725,
1897,63.2333,True,0.4245,89.5755,89.5755,-0.0024,,,9.0909,300.0,33.0,35.66,0.9092,286,-0.0063,0.07,0.07,-0.1565,0.0298,0.9725,
1898,63.2666,True,0.4223,89.5777,89.5777,-0.0023,,,9.0909,300.0,33.0,35.67,0.9095,286,0.0025,-0.05,-0.05,-0.0587,0.022,0.9805,
1899,63.3,True,0.4245,89.5755,89.5755,-0.0015,,,9.0909,300.0,33.0,35.64,0.9092,286,0.0254,-0.05,-0.05,-0.0582,0.0221,0.9805,
1900,63.3333,True,0.4245,89.5755,89.5755,-0.0009,,,9.0909,300.0,33.0,35.67,0.9092,286,0.0165,-0.05,-0.05,-0.0589,0.0223,0.9805,
1901,63.3666,True,0.4245,89.5755,89.5755,-0.0006,,,9.0909,300.0,33.0,35.62,0.9092,286,0.0107,-0.05,-0.05,-0.0578,0.0229,0.9805,
1902,63.4,True,0.4223,89.5777,89.5777,-0.0003,,,9.0909,300.0,33.0,35.65,0.9096,286,0.007,-0.05,-0.05,-0.0573,0.0231,0.9806,
1903,63.4333,True,0.4227,89.5773,89.5773,-0.0002,,,9.0909,300.0,33.0,35.65,0.9104,287,0.0045,-0.05,-0.05,-0.057,0.023,0.9806,
1904,63.4666,True,0.4221,89.5779,89.5779,-0.0007,,,9.0909,300.0,33.0,35.64,0.9092,286,-0.0158,-0.05,-0.05,-0.0567,0.0222,0.9806,
1905,63.5,True,0.428,89.572,89.572,-0.0011,,,9.1212,301.0,33.0,35.68,0.911,288,-0.0103,-0.05,-0.05,-0.0543,0.0241,0.9806,
1906,63.5333,True,0.429,89.571,89.571,-0.0013,,,9.1212,301.0,33.0,35.64,0.9109,288,-0.0067,-0.05,-0.05,-0.0543,0.0242,0.9806,
1907,63.5666,True,0.4299,89.5701,89.5701,0.0004,,,9.1212,301.0,33.0,35.64,0.911,288,0.0507,-0.05,-0.05,-0.0556,0.0254,0.9806,
1908,63.6,True,0.4292,89.5708,89.5708,0.0019,,,9.0909,300.0,33.0,35.69,0.9098,286,0.0441,-0.05,-0.05,-0.0558,0.0253,0.9807,
1909,63.6333,True,0.429,89.571,89.571,0.0028,,,9.0909,300.0,33.0,35.69,0.9093,285,0.0287,-0.05,-0.05,-0.0559,0.0251,0.9807,
1910,63.6666,True,0.4288,89.5712,89.5712,0.0035,,,9.0909,300.0,33.0,35.7,0.91,286,0.0187,-0.05,-0.05,-0.057,0.0242,0.9808,
1911,63.7,True,0.4306,89.5694,89.5694,0.0039,,,9.0909,300.0,33.0,35.67,0.9088,284,0.0139,-0.05,-0.05,-0.058,0.0244,0.9808,
1912,63.7333,True,0.4323,89.5677,89.5677,0.0042,,,9.0909,300.0,33.0,35.71,0.907,283,0.009,0.07,0.07,-0.1581,0.0283,0.9729,
1913,63.7666,True,0.4315,89.5685,89.5685,0.0049,,,9.0909,300.0,33.0,35.65,0.9084,285,0.0207,-0.05,-0.05,-0.0584,-0.0126,0.9812,
1914,63.8,True,0.4296,89.5704,89.5704,0.0054,,,9.0909,300.0,33.0,35.65,0.908,284,0.0134,-0.05,-0.05,-0.0585,-0.0131,0.9812,
1915,63.8333,True,0.4311,89.5689,89.5689,0.0058,,,9.0909,300.0,33.0,35.66,0.9087,285,0.0136,-0.05,-0.05,-0.0598,-0.0132,0.9812,
1916,63.8666,True,0.4272,89.5728,89.5728,0.0061,,,9.0909,300.0,33.0,35.61,0.9083,285,0.0088,-0.05,-0.05,-0.0589,0.0232,0.9809,
1917,63.9,True,0.4285,89.5715,89.5715,0.0058,,,9.0909,300.0,33.0,35.54,0.9091,285,-0.0094,-0.05,-0.05,-0.0583,0.0237,0.981,
1918,63.9333,True,0.4305,89.5695,89.5695,0.0056,,,9.0909,300.0,33.0,35.55,0.909,285,-0.0061,-0.05,-0.05,-0.0569,0.0243,0.981,
1919,63.9666,True,0.4292,89.5708,89.5708,0.0053,,,9.0909,300.0,33.0,35.52,0.9088,285,-0.009,-0.05,-0.05,-0.0569,0.0246,0.981,
1920,64.0,True,0.3891,89.6109,89.6109,0.0049,,,9.5625,306.0,32.0,35.51,0.9187,274,-0.0128,-0.05,-0.05,-0.0531,0.0279,0.981,
1921,64.0333,True,0.3819,89.6181,89.6181,0.0046,,,9.5625,306.0,32.0,35.27,0.9149,274,-0.0083,-0.05,-0.05,-0.0491,0.0281,0.981,
1922,64.0666,True,0.4357,89.5643,89.5643,0.0046,,,9.1212,301.0,33.0,35.3,0.9141,285,0.0015,-0.05,-0.05,-0.0497,-0.0072,0.9814,
1923,64.1,True,0.3826,89.6174,89.6174,-0.0093,,,9.5625,306.0,32.0,35.32,0.9125,273,-0.4192,-0.05,-0.05,-0.0505,-0.0068,0.9814,
1924,64.1333,True,0.3791,89.6209,89.6209,-0.0207,,,9.5625,306.0,32.0,35.27,0.9122,272,-0.3414,-0.05,-0.05,-0.0526,-0.006,0.9814,
1925,64.1666,True,0.4062,89.5938,89.5938,-0.0281,,,9.1212,301.0,33.0,35.28,0.9079,276,-0.2219,-0.05,-0.05,-0.0526,-0.0083,0.9814,
1926,64.2,True,0.3997,89.6003,89.6003,-0.0269,,,8.697,287.0,33.0,35.26,0.9032,264,0.0356,-0.05,-0.05,-0.0528,-0.0087,0.9814,
1927,64.2333,True,0.3912,89.6088,89.6088,-0.0291,,,9.5625,306.0,32.0,35.23,0.9136,272,-0.0659,-0.05,-0.05,-0.0525,-0.0082,0.9814,
1928,64.2666,True,0.4325,89.5675,89.5675,-0.0276,,,9.1212,301.0,33.0,35.06,0.9111,280,0.0462,-0.05,-0.05,-0.0524,-0.0057,0.9814,
1929,64.3,True,0.4247,89.5753,89.5753,-0.0243,,,9.0909,300.0,33.0,35.12,0.9095,273,0.0986,-0.05,-0.05,-0.0492,-0.0048,0.9815,
1930,64.3333,True,0.4291,89.5709,89.5709,-0.0157,,,9.0909,300.0,33.0,35.11,0.9141,282,0.2576,-0.05,-0.05,0.0674,-0.0054,0.9841,
1931,64.3666,True,0.4365,89.5635,89.5635,-0.0086,,,9.0909,300.0,33.0,35.17,0.9136,280,0.2143,-0.05,-0.05,0.0664,-0.0041,0.9841,
1932,64.4,True,0.4355,89.5645,89.5645,-0.0027,,,9.0909,300.0,33.0,35.21,0.9114,275,0.1745,-0.05,-0.05,-0.0459,-0.0029,0.9815,
1933,64.4333,True,0.4379,89.5621,89.5621,0.0021,,,9.0909,300.0,33.0,35.25,0.9147,282,0.1449,-0.05,-0.05,-0.0485,-0.0043,0.9816,
1934,64.4666,True,0.4316,89.5684,89.5684,0.0052,,,9.0909,300.0,33.0,35.21,0.916,285,0.0942,-0.05,-0.05,-0.0473,-0.0046,0.9816,
1935,64.5,True,0.4341,89.5659,89.5659,0.0073,,,9.0909,300.0,33.0,35.2,0.9176,287,0.0612,-0.05,-0.05,-0.0471,-0.0049,0.9816,
1936,64.5333,True,0.4346,89.5654,89.5654,0.0083,,,9.0606,299.0,33.0,35.31,0.9125,275,0.0308,-0.05,-0.05,-0.0436,-0.0022,0.9817,
1937,64.5666,True,0.4435,89.5565,89.5565,0.009,,,9.0606,299.0,33.0,35.22,0.9103,273,0.02,-0.05,-0.05,-0.0454,-0.006,0.9817,
1938,64.6,True,0.448,89.552,89.552,0.0094,,,9.0606,299.0,33.0,35.17,0.9096,272,0.013,-0.05,-0.05,-0.0454,-0.0057,0.9817,
1939,64.6333,True,0.3929,89.6071,89.6071,0.0097,,,9.375,300.0,32.0,35.17,0.9185,271,0.0085,-0.05,-0.05,-0.045,-0.0046,0.9817,
1940,64.6666,True,0.4441,89.5559,89.5559,0.013,,,9.0303,298.0,33.0,35.05,0.9074,264,0.0985,-0.05,-0.05,-0.0428,-0.0066,0.9817,
1941,64.7,True,0.4026,89.5974,89.5974,0.0151,,,9.375,300.0,32.0,34.87,0.9143,270,0.064,-0.05,-0.05,-0.0411,-0.0054,0.9817,
1942,64.7333,True,0.3936,89.6064,89.6064,0.0022,,,9.375,300.0,32.0,34.88,0.9128,270,-0.3878,-0.05,-0.05,-0.0403,-0.0448,0.9814,
1943,64.7666,True,0.3966,89.6034,89.6034,-0.0083,,,9.375,300.0,32.0,34.81,0.9114,270,-0.3154,-0.05,-0.05,0.0773,-0.0469,0.9841,
1944,64.8,True,0.3986,89.6014,89.6014,-0.0144,,,9.375,300.0,32.0,34.84,0.9117,270,-0.183,-0.03,-0.03,-0.0264,-0.0394,0.9927,
1945,64.8333,True,0.3966,89.6034,89.6034,-0.0191,,,9.375,300.0,32.0,34.83,0.912,270,-0.1407,0.03,0.03,-0.0265,0.0035,0.993,
1946,64.8666,True,0.3966,89.6034,89.6034,-0.0222,,,9.375,300.0,32.0,34.84,0.9111,270,-0.0915,0.03,0.03,-0.0248,0.0061,0.993,
1947,64.9,True,0.4074,89.5926,89.5926,-0.0241,,,9.5625,306.0,32.0,34.84,0.9117,273,-0.059,0.03,0.03,-0.0225,0.0085,0.993,
1948,64.9333,True,0.3902,89.6098,89.6098,-0.0254,,,8.697,287.0,33.0,34.83,0.89,238,-0.0383,0.03,0.03,-0.0201,0.0111,0.993,
1949,64.9666,True,0.4042,89.5958,89.5958,-0.0263,,,8.6667,286.0,33.0,34.83,0.8927,243,-0.0249,0.03,0.03,-0.0201,0.0111,0.993,
1950,65.0,True,0.4286,89.5714,89.5714,-0.0241,,,9.1212,301.0,33.0,33.83,0.9112,279,0.0635,0.01,0.01,-0.018,0.0064,0.994,
1951,65.0333,True,0.4343,89.5657,89.5657,-0.0217,,,9.1212,301.0,33.0,33.82,0.9098,276,0.0745,0.01,0.01,-0.0131,-0.039,0.9937,
1952,65.0666,True,0.4313,89.5687,89.5687,-0.0126,,,9.0909,300.0,33.0,33.82,0.9082,274,0.2714,0.01,0.01,-0.1349,-0.031,0.9966,
1953,65.1,True,0.4307,89.5693,89.5693,-0.006,,,9.0909,300.0,33.0,33.82,0.9065,272,0.1989,0.0,0.0,0.0037,-0.0323,0.9995,
1954,65.1333,True,0.4463,89.5537,89.5537,-0.0015,,,9.5625,306.0,32.0,33.82,0.912,275,0.1346,0.0,0.0,0.0035,-0.0333,0.9995,
1955,65.1666,True,0.4377,89.5623,89.5623,0.0025,,,9.5625,306.0,32.0,33.82,0.9118,275,0.1199,0.0,0.0,0.0052,-0.0663,0.9991,
1956,65.2,True,0.4353,89.5647,89.5647,0.0054,,,9.5625,306.0,32.0,33.82,0.9103,276,0.0875,0.0,0.0,0.0052,-0.0672,0.9991,
1957,65.2333,True,0.436,89.564,89.564,0.0076,,,9.5625,306.0,32.0,33.81,0.9106,277,0.065,0.0,0.0,0.0049,-0.0681,0.9991,
1958,65.2666,True,0.4259,89.5741,89.5741,0.009,,,9.0909,300.0,33.0,33.81,0.909,275,0.0423,0.0,0.0,0.005,-0.0697,0.9991,
1959,65.3,True,0.4423,89.5577,89.5577,0.0099,,,9.5625,306.0,32.0,33.79,0.912,275,0.0275,0.0,0.0,0.0046,-0.0695,0.9991,
1960,65.3333,True,0.4361,89.5639,89.5639,0.0105,,,9.1212,301.0,33.0,33.78,0.9084,271,0.0179,0.0,0.0,0.0042,-0.0682,0.9991,
1961,65.3666,True,0.4313,89.5687,89.5687,0.0109,,,9.1212,301.0,33.0,33.78,0.9101,274,0.0116,0.0,0.0,0.0045,-0.067,0.9991,
1962,65.4,True,0.4368,89.5632,89.5632,0.0112,,,9.5625,306.0,32.0,33.83,0.9137,277,0.0078,0.0,0.0,0.0029,-0.0667,0.9992,
1963,65.4333,True,0.4371,89.5629,89.5629,0.0116,,,9.5625,306.0,32.0,33.8,0.9117,276,0.0124,0.0,0.0,0.0042,-0.0339,0.9995,
1964,65.4666,True,0.4366,89.5634,89.5634,0.0118,,,9.1212,301.0,33.0,33.83,0.9109,277,0.0063,0.0,0.0,0.0036,-0.0331,0.9995,
1965,65.5,True,0.4358,89.5642,89.5642,0.0119,,,9.1212,301.0,33.0,33.86,0.9108,276,0.0041,0.0,0.0,0.0044,-0.0323,0.9995,
1966,65.5333,True,0.437,89.563,89.563,0.0121,,,9.5625,306.0,32.0,33.99,0.9139,275,0.0044,0.0,0.0,0.0023,-0.0334,0.9995,
1967,65.5666,True,0.4383,89.5617,89.5617,0.0122,,,9.5625,306.0,32.0,33.96,0.9133,276,0.0054,0.0,0.0,0.0025,-0.0332,0.9995,
1968,65.6,True,0.4312,89.5688,89.5688,0.0122,,,9.1515,302.0,33.0,33.98,0.9113,277,-0.0008,0.0,0.0,0.0026,-0.0336,0.9995,
1969,65.6333,True,0.4355,89.5645,89.5645,0.0119,,,9.303,307.0,33.0,33.98,0.9125,279,-0.0091,0.0,0.0,0.0029,-0.0342,0.9995,
1970,65.6666,True,0.4406,89.5594,89.5594,0.0121,,,9.5625,306.0,32.0,34.04,0.9134,275,0.007,0.0,0.0,0.0045,-0.0341,0.9995,
1971,65.7,True,0.438,89.562,89.562,0.0126,,,9.5625,306.0,32.0,33.98,0.9132,276,0.0147,0.0,0.0,0.003,-0.0342,0.9995,
1972,65.7333,True,0.4343,89.5657,89.5657,0.0121,,,9.1212,301.0,33.0,33.98,0.9116,275,-0.0162,0.0,0.0,0.0024,-0.035,0.9995,
1973,65.7666,True,0.4422,89.5578,89.5578,0.0126,,,9.1212,301.0,33.0,33.92,0.9094,274,0.0152,0.0,0.0,0.0024,-0.035,0.9995,
1974,65.8,True,0.4434,89.5566,89.5566,0.0138,,,9.5625,306.0,32.0,33.92,0.9109,276,0.0374,0.0,0.0,0.0029,-0.0346,0.9995,
1975,65.8333,True,0.4435,89.5565,89.5565,0.0152,,,9.5625,306.0,32.0,33.91,0.9108,276,0.0417,0.0,0.0,0.0036,-0.0363,0.9996,
1976,65.8666,True,0.4313,89.5687,89.5687,0.0161,,,9.5625,306.0,32.0,33.93,0.9115,278,0.0271,0.0,0.0,0.0027,-0.0375,0.9996,
1977,65.9,True,0.4292,89.5708,89.5708,0.0167,,,9.5625,306.0,32.0,33.97,0.9114,277,0.0176,0.0,0.0,0.0024,-0.0388,0.9996,
1978,65.9333,True,0.4316,89.5684,89.5684,0.0134,,,9.5625,306.0,32.0,33.98,0.9104,277,-0.0998,0.0,0.0,0.0009,-0.0395,0.9996,
1979,65.9666,True,0.4311,89.5689,89.5689,0.0111,,,9.5625,306.0,32.0,34.0,0.9101,277,-0.0684,0.0,0.0,-0.0007,-0.0419,0.9996,
1980,66.0,True,0.4051,89.5949,89.5949,0.0096,,,9.1515,302.0,33.0,34.0,0.9098,274,-0.0466,0.0,0.0,-0.0019,-0.0434,0.9996,
1981,66.0333,True,0.4371,89.5629,89.5629,0.0086,,,9.5625,306.0,32.0,34.03,0.913,277,-0.0303,0.0,0.0,-0.0022,-0.0452,0.9996,
1982,66.0666,True,0.413,89.587,89.587,0.0079,,,9.303,307.0,33.0,34.09,0.9104,277,-0.0197,0.0,0.0,-0.0009,-0.0467,0.9996,
1983,66.1,True,0.4343,89.5657,89.5657,0.0075,,,9.5625,306.0,32.0,34.06,0.9127,277,-0.0128,0.0,0.0,-0.0012,-0.0477,0.9996,
1984,66.1333,True,0.4102,89.5898,89.5898,0.0009,,,9.1212,301.0,33.0,33.96,0.9069,266,-0.1984,0.0,0.0,-0.0012,-0.0469,0.9996,
1985,66.1666,True,0.4266,89.5734,89.5734,0.0013,,,9.303,307.0,33.0,33.96,0.9111,277,0.014,0.0,0.0,-0.0004,-0.0475,0.9996,
1986,66.2,True,0.4218,89.5782,89.5782,-0.0,,,9.1212,301.0,33.0,33.89,0.9133,277,-0.041,0.0,0.0,-0.0007,-0.0457,0.9996,
1987,66.2333,True,0.4325,89.5675,89.5675,0.0007,,,9.5625,306.0,32.0,33.87,0.912,277,0.0234,0.0,0.0,-0.0006,-0.0444,0.9996,
1988,66.2666,True,0.4191,89.5809,89.5809,-0.0004,,,9.1212,301.0,33.0,33.81,0.9102,273,-0.0349,0.0,0.0,0.0001,-0.0446,0.9996,
1989,66.3,True,0.4298,89.5702,89.5702,0.0005,,,9.5625,306.0,32.0,33.83,0.91,277,0.0274,0.0,0.0,-0.0007,-0.0437,0.9996,
1990,66.3333,True,0.4244,89.5756,89.5756,0.0003,,,9.5625,306.0,32.0,33.8,0.911,277,-0.0053,0.0,0.0,0.0009,0.0015,1.0,
1991,66.3666,True,0.424,89.576,89.576,0.0002,,,9.5625,306.0,32.0,33.82,0.9105,277,-0.0034,0.0,0.0,-0.0005,-0.0001,1.0,
1992,66.4,True,0.4237,89.5763,89.5763,-0.0,,,9.5625,306.0,32.0,33.84,0.91,277,-0.0069,0.0,0.0,-0.0002,0.0004,1.0,
1993,66.4333,True,0.4258,89.5742,89.5742,-0.0,,,9.5625,306.0,32.0,33.84,0.9113,278,0.0002,0.0,0.0,-0.0001,-0.0003,1.0,
1994,66.4666,True,0.4249,89.5751,89.5751,-0.0,,,9.5625,306.0,32.0,33.86,0.9099,277,0.0001,0.0,0.0,-0.0006,0.0024,1.0,
1995,66.5,True,0.4227,89.5773,89.5773,-0.0002,,,9.5625,306.0,32.0,33.9,0.9124,278,-0.0046,0.0,0.0,-0.0001,0.0014,1.0,
1996,66.5333,True,0.4232,89.5768,89.5768,-0.0003,,,9.5625,306.0,32.0,33.95,0.9122,278,-0.0055,0.0,0.0,0.0011,0.0026,1.0,
1997,66.5666,True,0.4216,89.5784,89.5784,-0.0007,,,9.5625,306.0,32.0,33.95,0.912,278,-0.0094,0.0,0.0,0.001,0.0031,1.0,
1998,66.6,True,0.4183,89.5817,89.5817,-0.001,,,9.5625,306.0,32.0,33.91,0.9112,278,-0.0106,0.0,0.0,0.0009,0.0005,1.0,
1999,66.6333,True,0.3826,89.6174,89.6174,-0.0017,,,8.6667,286.0,33.0,33.9,0.9023,259,-0.0192,0.0,0.0,0.0004,0.0005,1.0,
2000,66.6666,True,0.4308,89.5692,89.5692,-0.0021,,,9.9032,307.0,31.0,33.9,0.8792,303,-0.0125,0.0,0.0,0.0,0.0,1.0,
2001,66.7,True,0.3944,89.6056,89.6056,-0.0035,,,9.5625,306.0,32.0,33.9,0.8906,307,-0.0429,0.0,0.0,-0.0003,-0.0002,1.0,
2002,66.7333,True,0.4068,89.5932,89.5932,-0.0084,,,9.5625,306.0,32.0,33.91,0.8916,307,-0.1481,0.0,0.0,-0.0009,-0.0016,1.0,
2003,66.7666,True,0.4058,89.5942,89.5942,-0.012,,,9.5625,306.0,32.0,33.92,0.892,307,-0.1066,0.0,0.0,-0.0012,-0.0006,1.0,
2004,66.8,True,0.4015,89.5985,89.5985,-0.0143,,,9.5625,306.0,32.0,33.92,0.8916,306,-0.0693,0.0,0.0,-0.0017,-0.0001,1.0,
2005,66.8333,True,0.4063,89.5937,89.5937,-0.0158,,,9.5625,306.0,32.0,33.92,0.8925,306,-0.0451,0.0,0.0,-0.0015,-0.0007,1.0,
2006,66.8666,True,0.4106,89.5894,89.5894,-0.0166,,,9.5625,306.0,32.0,33.95,0.8933,306,-0.0247,0.0,0.0,-0.0026,-0.0012,1.0,
2007,66.9,True,0.4083,89.5917,89.5917,-0.0172,,,9.5625,306.0,32.0,34.03,0.894,305,-0.0161,0.0,0.0,-0.0038,-0.0025,1.0,
2008,66.9333,True,0.4149,89.5851,89.5851,-0.0168,,,9.5625,306.0,32.0,34.04,0.8952,305,0.0108,0.0,0.0,-0.0045,-0.0017,1.0,
2009,66.9666,True,0.4181,89.5819,89.5819,-0.0157,,,9.5625,306.0,32.0,34.07,0.8949,305,0.0317,0.0,0.0,-0.003,0.0001,1.0,
2010,67.0,True,0.4173,89.5827,89.5827,-0.0136,,,9.5625,306.0,32.0,33.98,0.8957,305,0.0656,0.0,0.0,-0.0014,0.0003,1.0,
2011,67.0333,True,0.4222,89.5778,89.5778,-0.0113,,,9.5625,306.0,32.0,33.97,0.896,306,0.0672,0.0,0.0,-0.0013,-0.0008,1.0,
2012,67.0666,True,0.4217,89.5783,89.5783,-0.0096,,,9.5625,306.0,32.0,33.91,0.8967,306,0.0527,0.0,0.0,-0.0009,-0.0007,1.0,
2013,67.1,True,0.419,89.581,89.581,-0.0081,,,9.5625,306.0,32.0,33.93,0.8966,305,0.0437,0.0,0.0,0.0,0.0001,1.0,
2014,67.1333,True,0.4236,89.5764,89.5764,-0.0062,,,9.5625,306.0,32.0,33.92,0.897,306,0.0567,0.0,0.0,0.0036,-0.0007,0.9999,
2015,67.1666,True,0.4258,89.5742,89.5742,-0.0048,,,9.5625,306.0,32.0,33.92,0.8979,306,0.0417,0.0,0.0,-0.0006,-0.0026,0.9999,
2016,67.2,True,0.4205,89.5795,89.5795,-0.0041,,,9.5625,306.0,32.0,33.95,0.8973,305,0.0223,0.0,0.0,-0.0009,-0.0028,0.9999,
2017,67.2333,True,0.4207,89.5793,89.5793,-0.004,,,9.5625,306.0,32.0,33.95,0.8969,305,0.0036,0.0,0.0,-0.0016,-0.0031,0.9999,
2018,67.2666,True,0.4168,89.5832,89.5832,-0.0039,,,9.5625,306.0,32.0,33.97,0.8968,305,0.0023,0.0,0.0,-0.0034,-0.0029,0.9999,
2019,67.3,True,0.4186,89.5814,89.5814,-0.0039,,,9.5625,306.0,32.0,33.97,0.8971,305,-0.0005,0.0,0.0,-0.0046,-0.0041,0.9999,
2020,67.3333,True,0.3916,89.6084,89.6084,-0.0046,,,9.5625,306.0,32.0,33.96,0.9059,288,-0.0204,0.0,0.0,-0.0095,0.0346,0.9996,
2021,67.3666,True,0.3772,89.6228,89.6228,-0.0056,,,9.5625,306.0,32.0,33.95,0.9063,295,-0.0317,0.0,0.0,-0.0112,0.033,0.9996,
2022,67.4,True,0.3761,89.6239,89.6239,-0.0151,,,9.5625,306.0,32.0,34.0,0.9056,297,-0.285,0.0,0.0,-0.0125,0.0286,0.9996,
2023,67.4333,True,0.3754,89.6246,89.6246,-0.0264,,,9.5625,306.0,32.0,33.92,0.9062,300,-0.3372,0.0,0.0,-0.0095,0.0297,0.9995,
2024,67.4666,True,0.3732,89.6268,89.6268,-0.034,,,9.5625,306.0,32.0,33.89,0.9058,302,-0.23,0.0,0.0,-0.006,-0.0049,0.9999,
2025,67.5,True,0.3719,89.6281,89.6281,-0.0393,,,9.5625,306.0,32.0,33.93,0.9055,304,-0.1575,0.0,0.0,-0.0068,-0.0054,0.9999,
2026,67.5333,True,0.3788,89.6212,89.6212,-0.0427,,,9.5625,306.0,32.0,33.87,0.9022,307,-0.1024,0.0,0.0,-0.0075,-0.0058,0.9999,
2027,67.5666,True,0.378,89.622,89.622,-0.0449,,,9.5625,306.0,32.0,33.83,0.9022,307,-0.0666,0.0,0.0,-0.0068,-0.0053,0.9999,
2028,67.6,True,0.3797,89.6203,89.6203,-0.0454,,,9.5625,306.0,32.0,33.78,0.904,307,-0.0151,0.0,0.0,-0.007,-0.0057,0.9999,
2029,67.6333,True,0.3816,89.6184,89.6184,-0.0455,,,9.5625,306.0,32.0,33.77,0.9038,307,-0.0016,0.0,0.0,-0.0069,-0.006,0.9999,
2030,67.6666,True,0.3829,89.6171,89.6171,-0.0452,,,9.5625,306.0,32.0,33.75,0.9043,307,0.0086,0.0,0.0,-0.0056,-0.0063,0.9999,
2031,67.7,True,0.3795,89.6205,89.6205,-0.045,,,9.5625,306.0,32.0,33.77,0.9035,307,0.0056,0.0,0.0,-0.0075,-0.0108,0.9999,
2032,67.7333,True,0.3774,89.6226,89.6226,-0.0449,,,9.5625,306.0,32.0,33.73,0.9027,307,0.0036,0.0,0.0,-0.0063,-0.0093,0.9999,
2033,67.7666,True,0.3757,89.6243,89.6243,-0.0449,,,9.5625,306.0,32.0,33.77,0.904,307,-0.0004,0.0,0.0,-0.0045,-0.0063,0.9999,
2034,67.8,True,0.3766,89.6234,89.6234,-0.0457,,,9.5625,306.0,32.0,33.7,0.9047,307,-0.0223,0.0,0.0,-0.0028,-0.0042,0.9998,
2035,67.8333,True,0.3749,89.6251,89.6251,-0.0464,,,9.5625,306.0,32.0,33.67,0.9036,307,-0.023,0.0,0.0,-0.0014,-0.0031,0.9998,
2036,67.8666,True,0.3757,89.6243,89.6243,-0.0472,,,9.5625,306.0,32.0,33.74,0.9034,307,-0.0241,0.0,0.0,-0.0004,-0.0032,0.9998,
2037,67.9,True,0.3774,89.6226,89.6226,-0.0477,,,9.1515,302.0,33.0,33.77,0.9074,291,-0.0156,0.0,0.0,0.0001,-0.0024,0.9998,
2038,67.9333,True,0.3817,89.6183,89.6183,-0.0478,,,9.1212,301.0,33.0,33.73,0.9075,287,-0.0011,0.0,0.0,-0.0018,0.0004,0.9998,
2039,67.9666,True,0.381,89.619,89.619,-0.0475,,,9.4062,301.0,32.0,33.76,0.9042,273,0.0077,0.0,0.0,-0.0059,0.0355,0.9994,
2040,68.0,True,0.3844,89.6156,89.6156,-0.0461,,,9.5625,306.0,32.0,33.75,0.9031,306,0.0434,0.0,0.0,-0.0057,0.0366,0.9994,
2041,68.0333,True,0.3824,89.6176,89.6176,-0.0449,,,9.5625,306.0,32.0,33.76,0.9026,307,0.0354,0.0,0.0,-0.006,0.0363,0.9994,
2042,68.0666,True,0.3812,89.6188,89.6188,-0.0441,,,9.4062,301.0,32.0,33.7,0.9043,275,0.023,0.0,0.0,-0.0057,0.0392,0.9994,
2043,68.1,True,0.3728,89.6272,89.6272,-0.0438,,,9.5625,306.0,32.0,33.7,0.9046,303,0.0097,0.0,0.0,-0.0041,0.0405,0.9994,
2044,68.1333,True,0.3712,89.6288,89.6288,-0.0436,,,9.5625,306.0,32.0,33.7,0.9051,303,0.0063,0.0,0.0,-0.0039,0.041,0.9994,
2045,68.1666,True,0.3788,89.6212,89.6212,-0.0443,,,9.4062,301.0,32.0,33.71,0.9025,274,-0.0213,0.0,0.0,-0.0037,0.0416,0.9994,
2046,68.2,True,0.3825,89.6175,89.6175,-0.0448,,,9.4062,301.0,32.0,33.75,0.9007,273,-0.0139,0.0,0.0,-0.0024,0.0408,0.9994,
2047,68.2333,True,0.3909,89.6091,89.6091,-0.0451,,,9.5625,306.0,32.0,33.78,0.9042,307,-0.009,0.0,0.0,-0.0053,0.0383,0.9993,
2048,68.2666,True,0.3887,89.6113,89.6113,-0.044,,,9.5625,306.0,32.0,33.79,0.9045,307,0.033,0.0,0.0,-0.0029,0.0033,0.9997,
2049,68.3,True,0.3831,89.6169,89.6169,-0.043,,,9.5625,306.0,32.0,33.8,0.9023,307,0.0276,0.0,0.0,-0.0025,0.0051,0.9997,
2050,68.3333,True,0.3855,89.6145,89.6145,-0.0416,,,9.5625,306.0,32.0,33.8,0.9031,307,0.0437,0.0,0.0,-0.0026,0.0038,0.9997,
2051,68.3666,True,0.3729,89.6271,89.6271,-0.0406,,,9.5625,306.0,32.0,33.77,0.9052,304,0.0284,0.0,0.0,-0.0017,0.0041,0.9997,
2052,68.4,True,0.3877,89.6123,89.6123,-0.04,,,9.5625,306.0,32.0,33.75,0.9035,307,0.0184,0.0,0.0,-0.0021,0.0045,0.9997,
2053,68.4333,True,0.3801,89.6199,89.6199,-0.0405,,,9.5625,306.0,32.0,33.71,0.9017,307,-0.0137,0.0,0.0,-0.0016,0.005,0.9996,
2054,68.4666,True,0.3779,89.6221,89.6221,-0.0418,,,9.5625,306.0,32.0,33.73,0.9028,307,-0.0401,0.0,0.0,-0.0019,0.0056,0.9996,
2055,68.5,True,0.3778,89.6222,89.6222,-0.0435,,,9.5625,306.0,32.0,33.3,0.9033,307,-0.0496,0.0,0.0,-0.0026,0.0114,0.9996,
2056,68.5333,True,0.3804,89.6196,89.6196,-0.0438,,,9.5625,306.0,32.0,33.31,0.9043,307,-0.0087,0.0,0.0,-0.0019,0.0112,0.9996,
2057,68.5666,True,0.3853,89.6147,89.6147,-0.044,,,9.5625,306.0,32.0,33.24,0.9032,307,-0.0056,0.0,0.0,-0.0026,0.0113,0.9996,
2058,68.6,True,0.3815,89.6185,89.6185,-0.044,,,9.5938,307.0,32.0,33.28,0.9043,308,-0.0008,0.01,0.01,-0.157,-0.0138,0.9963,
2059,68.6333,True,0.3826,89.6174,89.6174,-0.0436,,,9.5938,307.0,32.0,33.17,0.9061,308,0.011,0.01,0.01,-0.1574,-0.012,0.9963,
2060,68.6666,True,0.3872,89.6128,89.6128,-0.043,,,9.5938,307.0,32.0,33.18,0.9063,308,0.0193,0.01,0.01,-0.1522,-0.0444,0.996,
2061,68.7,True,0.3842,89.6158,89.6158,-0.042,,,9.5938,307.0,32.0,33.2,0.905,308,0.029,0.01,0.01,-0.1532,-0.0433,0.996,
2062,68.7333,True,0.3846,89.6154,89.6154,-0.0414,,,9.5938,307.0,32.0,33.32,0.9049,308,0.0188,0.01,0.01,-0.1495,-0.0434,0.9959,
2063,68.7666,True,0.3853,89.6147,89.6147,-0.0408,,,9.5938,307.0,32.0,33.31,0.9047,308,0.0166,0.01,0.01,-0.1473,-0.0436,0.9959,
2064,68.8,True,0.3851,89.6149,89.6149,-0.0403,,,9.5938,307.0,32.0,33.29,0.9036,308,0.0156,0.01,0.01,-0.1477,-0.0438,0.9959,
2065,68.8333,True,0.3812,89.6188,89.6188,-0.0401,,,9.5625,306.0,32.0,33.26,0.9032,305,0.0054,0.01,0.01,-0.1481,-0.0441,0.9959,
2066,68.8666,True,0.3821,89.6179,89.6179,-0.04,,,9.5938,307.0,32.0,33.34,0.9034,305,0.0035,0.01,0.01,-0.1489,-0.0451,0.9959,
2067,68.9,True,0.382,89.618,89.618,-0.0408,,,9.5938,307.0,32.0,33.32,0.9028,301,-0.0245,0.01,0.01,-0.1503,-0.0438,0.9959,
2068,68.9333,True,0.3776,89.6224,89.6224,-0.0414,,,9.5625,306.0,32.0,33.37,0.9027,299,-0.0162,0.01,0.01,-0.15,-0.0436,0.9959,
2069,68.9666,True,0.3798,89.6202,89.6202,-0.042,,,9.5625,306.0,32.0,33.33,0.903,299,-0.0192,0.01,0.01,-0.15,-0.044,0.9959,
2070,69.0,True,0.3738,89.6262,89.6262,-0.0429,,,9.5625,306.0,32.0,33.35,0.904,301,-0.0272,0.01,0.01,-0.1502,-0.0447,0.9958,
2071,69.0333,True,0.3699,89.6301,89.6301,-0.0443,,,9.5625,306.0,32.0,33.32,0.9048,301,-0.0411,0.01,0.01,-0.1509,-0.0471,0.9958,
2072,69.0666,True,0.3741,89.6259,89.6259,-0.0464,,,9.5625,306.0,32.0,33.31,0.9045,301,-0.0631,0.01,0.01,-0.1507,-0.0474,0.9958,
2073,69.1,True,0.3735,89.6265,89.6265,-0.0479,,,9.5625,306.0,32.0,33.3,0.9037,301,-0.0443,0.01,0.01,-0.1506,-0.0469,0.9958,
2074,69.1333,True,0.3767,89.6233,89.6233,-0.0488,,,9.5625,306.0,32.0,33.35,0.9039,302,-0.0288,0.01,0.01,-0.1495,-0.0472,0.9958,
2075,69.1666,True,0.3761,89.6239,89.6239,-0.0493,,,9.5625,306.0,32.0,33.4,0.9038,301,-0.0154,0.01,0.01,-0.1502,-0.0457,0.9958,
2076,69.2,True,0.3733,89.6267,89.6267,-0.0497,,,9.5625,306.0,32.0,33.45,0.9041,301,-0.01,0.01,0.01,-0.149,-0.0461,0.9958,
2077,69.2333,True,0.3737,89.6263,89.6263,-0.05,,,9.5625,306.0,32.0,33.51,0.9048,302,-0.0109,0.01,0.01,-0.1495,-0.0455,0.9958,
2078,69.2666,True,0.3789,89.6211,89.6211,-0.0494,,,9.5625,306.0,32.0,33.58,0.9037,303,0.0183,0.01,0.01,-0.1479,-0.0471,0.9958,
2079,69.3,True,0.381,89.619,89.619,-0.049,,,9.5625,306.0,32.0,33.56,0.9035,303,0.0119,0.0,0.0,0.0074,-0.0594,0.9987,
2080,69.3333,True,0.3815,89.6185,89.6185,-0.0478,,,9.5625,306.0,32.0,33.55,0.903,302,0.037,0.0,0.0,0.0072,-0.0599,0.9987,
2081,69.3666,True,0.3813,89.6187,89.6187,-0.0463,,,9.5625,306.0,32.0,33.54,0.9037,303,0.0458,0.0,0.0,0.0074,-0.0601,0.9987,
2082,69.4,True,0.3792,89.6208,89.6208,-0.0453,,,9.5625,306.0,32.0,33.5,0.9035,302,0.0298,0.0,0.0,0.0072,-0.0604,0.9987,
2083,69.4333,False,,,,,,,,,,,0.0,0,,0.0,0.0,0.025,0.0584,0.0984,no_mask
2084,69.4666,False,,,,,,,,,,,0.0,0,,0.0,0.0,0.0096,0.0573,0.0985,no_mask
2085,69.5,False,,,,,,,,,,,0.0,0,,0.0,0.0,-0.0256,0.0661,0.0984,no_mask
2086,69.5333,False,,,,,,,,,,,0.0,0,,0.0,0.0,-0.0361,0.0344,0.0983,no_mask
2087,69.5666,False,,,,,,,,,,,0.0,0,,0.0,0.0,-0.0382,-0.0073,0.0981,no_mask
2088,69.6,False,,,,,,,,,,,0.0,0,,0.0,0.0,-0.0671,-0.0018,0.0977,no_mask
2089,69.6333,False,,,,,,,,,,,0.0,0,,0.0,0.0,-0.0547,0.0723,0.0967,no_mask
2090,69.6666,False,,,,,,,,,,,0.0,0,,0.0,0.0,-0.0077,0.0306,0.0958,no_mask
2091,69.7,False,,,,,,,,,,,0.0,0,,0.0,0.0,-0.0305,0.0989,0.0951,no_mask
2092,69.7333,False,,,,,,,,,,,0.0,0,,0.0,0.0,-0.0507,0.06,0.0944,no_mask
2093,69.7666,False,,,,,,,,,,,0.0,0,,0.0,0.0,0.0046,0.0625,0.094,no_mask
2094,69.8,False,,,,,,,,,,,0.0,0,,0.0,0.0,-0.0224,0.0558,0.0929,no_mask
2095,69.8333,False,,,,,,,,,,,0.0,0,,0.0,0.0,-0.0237,0.0556,0.0928,no_mask
2096,69.8666,False,,,,,,,,,,,0.0,0,,0.0,0.0,-0.0212,0.0425,0.0927,no_mask
2097,69.9,False,,,,,,,,,,,0.0,0,,0.0,0.0,0.0676,0.0108,0.0935,no_mask
2098,69.9333,False,,,,,,,,,,,0.0,0,,0.0,0.0,0.0055,0.0163,0.0937,no_mask
2099,69.9666,False,,,,,,,,,,,0.0,0,,0.0,0.0,-0.2019,0.0147,0.0932,no_mask
2100,70.0,False,,,,,,,,,,,0.0,0,,0.0,0.0,0.0256,0.0805,0.0934,no_mask
2101,70.0333,False,,,,,,,,,,,0.0,0,,0.0,0.0,-0.1514,0.0904,0.093,no_mask
2102,70.0666,False,,,,,,,,,,,0.0,0,,0.0,0.0,0.0082,0.1083,0.0923,no_mask
2103,70.1,False,,,,,,,,,,,0.0,0,,0.0,0.0,-0.2418,0.0559,0.017,no_mask
2104,70.1333,False,,,,,,,,,,,0.0,0,,0.0,0.0,-0.1817,0.1407,0.0142,no_mask
2105,70.1666,False,,,,,,,,,,,0.0,0,,0.0,0.0,-0.369,0.3203,0.0146,no_mask
2106,70.2,False,,,,,,,,,,,0.0,0,,0.0,0.0,-0.4223,-0.0917,-0.0194,no_mask
2107,70.2333,False,,,,,,,,,,,0.0,0,,0.0,0.0,-0.4607,-0.3253,-0.0157,no_mask
2108,70.2666,False,,,,,,,,,,,0.0,0,,0.0,0.0,-0.2882,-0.0511,-0.012,no_mask
2109,70.3,False,,,,,,,,,,,0.0,0,,0.0,0.0,-0.2869,-0.0419,-0.012,no_mask
2110,70.3333,False,,,,,,,,,,,0.0,0,,0.0,0.0,-0.3066,-0.013,-0.0212,no_mask
2111,70.3666,False,,,,,,,,,,,0.0,0,,0.0,0.0,-0.103,-0.0018,-0.0314,no_mask
2112,70.4,False,,,,,,,,,,,0.0,0,,0.0,0.0,-0.3984,0.1941,-0.04,no_mask
2113,70.4333,False,,,,,,,,,,,0.0,0,,0.0,0.0,-0.2283,0.0473,-0.0408,no_mask
2114,70.4666,False,,,,,,,,,,,0.0,0,,0.0,0.0,0.1333,-0.128,-0.0407,no_mask
2115,70.5,False,,,,,,,,,,,0.0,0,,0.0,0.0,-0.1081,-0.2005,-0.0433,no_mask
2116,70.5333,False,,,,,,,,,,,0.0,0,,0.0,0.0,-0.011,-0.2688,-0.0461,no_mask
2117,70.5666,False,,,,,,,,,,,0.0,0,,0.0,0.0,-0.0934,-0.3442,-0.0467,no_mask
2118,70.6,False,,,,,,,,,,,0.0,0,,0.0,0.0,-0.1403,-0.0462,-0.0451,no_mask
2119,70.6333,False,,,,,,,,,,,0.0,0,,0.0,0.0,0.0116,-0.1036,-0.0446,no_mask
2120,70.6666,False,,,,,,,,,,,0.0,0,,0.0,0.0,0.0296,-0.2292,-0.046,no_mask
2121,70.7,False,,,,,,,,,,,0.0,0,,0.0,0.0,-0.1041,-0.192,-0.0469,no_mask
2122,70.7333,False,,,,,,,,,,,0.0,0,,0.0,0.0,-0.0937,-0.1232,-0.0474,no_mask
2123,70.7666,False,,,,,,,,,,,0.0,0,,0.0,0.0,-0.1015,-0.1045,-0.0478,no_mask
2124,70.8,False,,,,,,,,,,,0.0,0,,0.0,0.0,-0.1089,-0.1461,-0.0478,no_mask
2125,70.8333,False,,,,,,,,,,,0.0,0,,0.0,0.0,-0.1249,-0.1536,-0.0474,no_mask
2126,70.8666,False,,,,,,,,,,,0.0,0,,0.0,0.0,-0.1237,-0.1623,-0.0473,no_mask
2127,70.9,False,,,,,,,,,,,0.0,0,,0.0,0.0,-0.1213,-0.1624,-0.0473,no_mask
2128,70.9333,False,,,,,,,,,,,0.0,0,,0.0,0.0,-0.1198,-0.1609,-0.0472,no_mask
2129,70.9666,False,,,,,,,,,,,0.0,0,,0.0,0.0,-0.1239,-0.1594,-0.0472,no_mask
2130,71.0,False,,,,,,,,,,,0.0,0,,0.0,0.0,-0.1386,-0.1182,-0.0472,no_mask
2131,71.0333,False,,,,,,,,,,,0.0,0,,0.0,0.0,-0.1178,-0.1195,-0.0472,no_mask
2132,71.0666,False,,,,,,,,,,,0.0,0,,0.0,0.0,-0.0891,-0.1337,-0.0472,no_mask
2133,71.1,False,,,,,,,,,,,0.0,0,,0.0,0.0,-0.118,-0.12,-0.0471,no_mask
2134,71.1333,False,,,,,,,,,,,0.0,0,,0.0,0.0,-0.1358,-0.1546,-0.0471,no_mask
2135,71.1666,False,,,,,,,,,,,0.0,0,,0.0,0.0,-0.117,-0.1762,-0.0472,no_mask
2136,71.2,False,,,,,,,,,,,0.0,0,,0.0,0.0,-0.0969,-0.1397,-0.0468,no_mask
2137,71.2333,False,,,,,,,,,,,0.0,0,,0.0,0.0,-0.0788,-0.07,-0.0464,no_mask
2138,71.2666,False,,,,,,,,,,,0.0,0,,0.0,0.0,-0.0538,0.0026,-0.046,no_mask
2139,71.3,False,,,,,,,,,,,0.0,0,,0.0,0.0,-0.0084,0.038,-0.0455,no_mask
2140,71.3333,False,,,,,,,,,,,0.0,0,,0.0,0.0,-0.0247,0.0957,-0.0452,no_mask
2141,71.3666,False,,,,,,,,,,,0.0,0,,0.0,0.0,-0.019,0.1026,-0.0448,no_mask
2142,71.4,False,,,,,,,,,,,0.0,0,,0.0,0.0,0.0127,0.0956,-0.0444,no_mask
2143,71.4333,False,,,,,,,,,,,0.0,0,,0.0,0.0,0.0153,0.0927,-0.044,no_mask
2144,71.4666,False,,,,,,,,,,,0.0,0,,0.0,0.0,-0.021,0.1411,-0.0436,no_mask
2145,71.5,False,,,,,,,,,,,0.0,0,,0.0,0.0,-0.0191,0.1438,-0.0431,no_mask
2146,71.5333,False,,,,,,,,,,,0.0,0,,0.0,0.0,-0.011,0.1269,-0.0427,no_mask
2147,71.5666,False,,,,,,,,,,,0.0,0,,0.0,0.0,0.0298,0.1127,-0.0422,no_mask
2148,71.6,False,,,,,,,,,,,0.0,0,,0.0,0.0,-0.0595,0.1519,-0.043,no_mask
2149,71.6333,False,,,,,,,,,,,0.0,0,,0.0,0.0,0.0024,0.017,-0.0315,no_mask
2150,71.6666,False,,,,,,,,,,,0.0,0,,0.0,0.0,0.0191,-0.2479,-0.0035,no_mask
2151,71.7,False,,,,,,,,,,,0.0,0,,0.0,0.0,-0.0585,-0.2394,0.0038,no_mask
2152,71.7333,False,,,,,,,,,,,0.0,0,,0.0,0.0,0.1004,-0.349,-0.0238,no_mask
2153,71.7666,False,,,,,,,,,,,0.0,0,,0.0,0.0,0.1683,-0.2861,-0.0388,no_mask
2154,71.8,False,,,,,,,,,,,0.0,0,,0.0,0.0,0.1161,-0.2518,-0.0348,no_mask
2155,71.8333,False,,,,,,,,,,,0.0,0,,0.0,0.0,0.0319,-0.2528,-0.0135,no_mask
2156,71.8666,False,,,,,,,,,,,0.0,0,,0.0,0.0,-0.0045,-0.1794,-0.0136,no_mask
2157,71.9,False,,,,,,,,,,,0.0,0,,0.0,0.0,0.0234,-0.1585,-0.0393,no_mask
2158,71.9333,False,,,,,,,,,,,0.0,0,,0.0,0.0,0.0303,-0.2025,-0.0484,no_mask
2159,71.9666,False,,,,,,,,,,,0.0,0,,0.0,0.0,-0.0032,-0.1689,-0.0459,no_mask
2160,72.0,False,,,,,,,,,,,0.0,0,,0.0,0.0,-0.1616,-0.0782,-0.0371,no_mask
2161,72.0333,False,,,,,,,,,,,0.0,0,,0.0,0.0,-0.1092,-0.1336,-0.0239,no_mask
2162,72.0666,False,,,,,,,,,,,0.0,0,,0.0,0.0,0.0399,-0.1453,-0.007,no_mask
2163,72.1,False,,,,,,,,,,,0.0,0,,0.0,0.0,0.0301,-0.196,-0.0071,no_mask
2164,72.1333,False,,,,,,,,,,,0.0,0,,0.0,0.0,-0.0026,-0.1375,-0.0237,no_mask
2165,72.1666,False,,,,,,,,,,,0.0,0,,0.0,0.0,0.005,-0.1665,-0.0369,no_mask
2166,72.2,False,,,,,,,,,,,0.0,0,,0.0,0.0,-0.1098,-0.1157,-0.0454,no_mask
2167,72.2333,False,,,,,,,,,,,0.0,0,,0.0,0.0,-0.1418,-0.1074,-0.0485,no_mask
2168,72.2666,False,,,,,,,,,,,0.0,0,,0.0,0.0,-0.1358,-0.1472,-0.0483,no_mask
2169,72.3,False,,,,,,,,,,,0.0,0,,0.0,0.0,-0.1347,-0.1448,-0.0483,no_mask
2170,72.3333,False,,,,,,,,,,,0.0,0,,0.0,0.0,-0.1342,-0.1454,-0.0483,no_mask
2171,72.3666,False,,,,,,,,,,,0.0,0,,0.0,0.0,-0.1338,-0.1451,-0.0483,no_mask
2172,72.4,False,,,,,,,,,,,0.0,0,,0.0,0.0,-0.1331,-0.1454,-0.0483,no_mask
2173,72.4333,False,,,,,,,,,,,0.0,0,,0.0,0.0,-0.1331,-0.1454,-0.0483,no_mask
2174,72.4666,False,,,,,,,,,,,0.0,0,,0.0,0.0,-0.1331,-0.1454,-0.0483,no_mask
2175,72.5,False,,,,,,,,,,,0.0,0,,0.0,0.0,-0.1331,-0.1454,-0.0483,no_mask
2176,72.5333,False,,,,,,,,,,,0.0,0,,0.0,0.0,-0.1331,-0.1454,-0.0483,no_mask
2177,72.5666,False,,,,,,,,,,,0.0,0,,0.0,0.0,-0.1331,-0.1454,-0.0483,no_mask
2178,72.6,False,,,,,,,,,,,0.0,0,,0.0,0.0,-0.1331,-0.1454,-0.0483,no_mask
2179,72.6333,False,,,,,,,,,,,0.0,0,,0.0,0.0,-0.1331,-0.1454,-0.0483,no_mask
2180,72.6666,False,,,,,,,,,,,0.0,0,,0.0,0.0,-0.1331,-0.1454,-0.0483,no_mask
2181,72.7,False,,,,,,,,,,,0.0,0,,0.0,0.0,-0.1331,-0.1454,-0.0483,no_mask
2182,72.7333,False,,,,,,,,,,,0.0,0,,0.0,0.0,-0.1331,-0.1454,-0.0483,no_mask
2183,72.7666,False,,,,,,,,,,,0.0,0,,0.0,0.0,-0.1331,-0.1454,-0.0483,no_mask
2184,72.8,False,,,,,,,,,,,0.0,0,,0.0,0.0,-0.1331,-0.1454,-0.0483,no_mask
2185,72.8333,False,,,,,,,,,,,0.0,0,,0.0,0.0,-0.1331,-0.1454,-0.0483,no_mask
2186,72.8666,False,,,,,,,,,,,0.0,0,,0.0,0.0,-0.1331,-0.1454,-0.0483,no_mask
2187,72.9,False,,,,,,,,,,,0.0,0,,0.0,0.0,-0.1331,-0.1454,-0.0483,no_mask
2188,72.9333,False,,,,,,,,,,,0.0,0,,0.0,0.0,-0.1331,-0.1454,-0.0483,no_mask
2189,72.9666,False,,,,,,,,,,,0.0,0,,0.0,0.0,-0.135,-0.1445,-0.0484,no_mask
2190,73.0,False,,,,,,,,,,,0.0,0,,0.0,0.0,-0.135,-0.1456,-0.0484,no_mask
2191,73.0333,False,,,,,,,,,,,0.0,0,,0.0,0.0,-0.1356,-0.1456,-0.0484,no_mask
2192,73.0666,False,,,,,,,,,,,0.0,0,,0.0,0.0,-0.1376,-0.1492,-0.0484,no_mask
2193,73.1,False,,,,,,,,,,,0.0,0,,0.0,0.0,-0.1386,-0.1517,-0.0484,no_mask
2194,73.1333,False,,,,,,,,,,,0.0,0,,0.0,0.0,-0.1385,-0.1516,-0.0484,no_mask
2195,73.1666,False,,,,,,,,,,,0.0,0,,0.0,0.0,-0.1388,-0.1502,-0.0484,no_mask
2196,73.2,False,,,,,,,,,,,0.0,0,,0.0,0.0,-0.1409,-0.148,-0.0483,no_mask
2197,73.2333,False,,,,,,,,,,,0.0,0,,0.0,0.0,-0.1409,-0.148,-0.0483,no_mask
2198,73.2666,False,,,,,,,,,,,0.0,0,,0.0,0.0,-0.1409,-0.148,-0.0483,no_mask
2199,73.3,False,,,,,,,,,,,0.0,0,,0.0,0.0,-0.1409,-0.148,-0.0483,no_mask
2200,73.3333,False,,,,,,,,,,,0.0,0,,0.0,0.0,-0.1409,-0.148,-0.0483,no_mask
2201,73.3666,False,,,,,,,,,,,0.0,0,,0.0,0.0,-0.1409,-0.148,-0.0483,no_mask
2202,73.4,False,,,,,,,,,,,0.0,0,,0.0,0.0,-0.1409,-0.148,-0.0483,no_mask
