frame,t,ok,phi_deg,phi_vs_top,phi_vs_top_signed,phi_rel,beta_deg,tilt_total,aspect,axis_len_px,w_body_px,w_box_px,conf,n_bands,dphi_dt,cam_dtheta,cam_roll,cam_dx,cam_dy,cam_ncc,reason
0,0.0,False,,,,,,,,,,,0.0,0,,0.97,0.97,5.1319,1.5942,0.8903,no_mask
1,0.0333,False,,,,,,,,,,,0.0,0,,0.97,0.97,5.0867,1.7336,0.8903,no_mask
2,0.0667,False,,,,,,,,,,,0.0,0,,0.97,0.97,5.5389,1.8015,0.8902,no_mask
3,0.1,False,,,,,,,,,,,0.0,0,,0.97,0.97,5.4809,1.7683,0.8902,no_mask
4,0.1333,False,,,,,,,,,,,0.0,0,,0.97,0.97,5.5425,1.6556,0.8902,no_mask
5,0.1667,False,,,,,,,,,,,0.0,0,,0.97,0.97,5.5757,1.5362,0.8902,no_mask
6,0.2,False,,,,,,,,,,,0.0,0,,0.99,0.99,6.5997,0.196,0.8902,no_mask
7,0.2333,False,,,,,,,,,,,0.0,0,,1.01,1.01,8.3718,-2.4168,0.8902,no_mask
8,0.2667,False,,,,,,,,,,,0.0,0,,1.17,1.17,13.386,-9.8738,0.8901,no_mask
9,0.3,False,,,,,,,,,,,0.0,0,,1.22,1.22,7.0213,4.5778,0.8901,no_mask
10,0.3333,False,,,,,,,,,,,0.0,0,,1.26,1.26,7.6401,4.5298,0.89,no_mask
11,0.3667,False,,,,,,,,,,,0.0,0,,1.3,1.3,8.3416,4.4602,0.8899,no_mask
12,0.4,True,-7.3883,82.6117,97.3883,,,,0.6842,13.0,19.0,21.97,0.6429,14,,1.34,1.34,8.9884,4.3459,0.8853,
13,0.4333,True,-4.2752,85.7248,94.2752,,,,0.8889,16.0,18.0,20.28,0.6851,17,16.344,1.37,1.37,153.7035,-208.0692,0.8852,
14,0.4667,True,-9.0357,80.9643,99.0357,,,,1.0,19.0,19.0,21.31,0.6928,20,-5.7204,1.51,1.51,8.8484,3.9517,0.8848,
15,0.5,True,-9.6144,80.3856,99.6144,,,,1.1667,21.0,18.0,22.65,0.692,22,-12.3667,1.55,1.55,9.4873,3.8863,0.8847,
16,0.5333,True,-8.929,81.071,98.929,,,,1.2222,22.0,18.0,24.08,0.7006,23,-15.567,1.61,1.61,10.0859,3.7807,0.8843,
17,0.5667,True,-10.4933,79.5067,100.4933,,,,1.2432,23.0,18.5,25.41,0.696,24,-11.2384,1.64,1.64,0.1626,3.5907,0.8828,
18,0.6,True,-9.3465,80.6535,99.3465,,,,1.6316,31.0,19.0,26.34,0.7577,32,-10.5686,1.66,1.66,208.1455,-179.8987,0.8811,
19,0.6333,True,-9.543,80.457,99.543,,,,1.6842,32.0,19.0,26.37,0.7557,33,-8.9334,1.68,1.68,147.9716,-208.107,0.8799,
20,0.6667,True,-11.1092,78.8908,101.1092,,,,1.8889,34.0,18.0,26.12,0.7435,35,-5.8067,1.91,1.91,209.7345,-176.027,0.8786,
21,0.7,True,-10.5706,79.4294,100.5706,,,,2.0,36.0,18.0,26.26,0.7508,36,-13.7517,1.93,1.93,12.3608,3.3436,0.8783,
22,0.7333,True,-10.3859,79.6141,100.3859,,,,2.0556,37.0,18.0,26.23,0.7749,38,-7.8116,1.93,1.93,12.6936,3.3012,0.8778,
23,0.7667,False,,,,,,,,,,,0.0,0,,1.97,1.97,211.6172,-167.9589,0.8754,no_mask
24,0.8,False,,,,,,,,,,,0.0,0,,1.97,1.97,211.9107,-454.1429,0.8738,no_mask
25,0.8333,False,,,,,,,,,,,0.0,0,,1.99,1.99,211.9377,-454.3857,0.8722,no_mask
26,0.8667,True,-10.0,80.0,100.0,,,,2.8235,48.0,17.0,27.72,0.8442,49,,1.97,1.97,15.6419,2.8439,0.8705,
27,0.9,True,-9.9101,80.0899,99.9101,,,,3.1176,53.0,17.0,28.64,0.8908,54,0.5148,1.91,1.91,213.9848,-454.1023,0.8688,
28,0.9333,True,-9.8199,80.1801,99.8199,,,,3.1765,54.0,17.0,28.66,0.9043,55,0.8065,1.92,1.92,214.0761,-147.8305,0.8676,
29,0.9667,True,-10.1588,79.8412,100.1588,,,,3.2353,55.0,17.0,29.16,0.9068,56,0.0523,1.68,1.68,145.8887,-208.027,0.8661,
30,1.0,True,-10.1867,79.8133,100.1867,,,,3.3529,57.0,17.0,29.95,0.905,58,-0.4379,1.68,1.68,145.7928,-207.9398,0.8649,
31,1.0333,True,-9.5599,80.4401,99.5599,,,,3.5882,61.0,17.0,30.23,0.9242,62,0.6592,1.68,1.68,216.1829,-454.1963,0.8634,
32,1.0667,True,-9.7422,80.2578,99.7422,,,,3.7059,63.0,17.0,30.27,0.9212,62,1.3753,1.68,1.68,143.7958,-208.0424,0.8617,
33,1.1,True,-9.5139,80.4861,99.5139,,,,3.6667,66.0,18.0,30.42,0.9234,67,1.7097,1.68,1.68,216.3593,-454.128,0.8607,
34,1.1333,True,-9.1315,80.8685,99.1315,,,,3.8333,69.0,18.0,31.51,0.915,70,3.0261,1.68,1.68,141.7333,-208.0493,0.8589,
35,1.1667,True,-9.2566,80.7434,99.2566,,,,3.8333,69.0,18.0,31.77,0.9182,70,2.45,1.68,1.68,216.4037,-454.2882,0.8579,
36,1.2,True,-9.1695,80.8305,99.1695,,,,3.9444,71.0,18.0,32.82,0.9296,71,4.2941,1.68,1.68,140.0633,-208.1655,0.8561,
37,1.2333,True,-9.7901,80.2099,99.7901,,,,4.0556,73.0,18.0,33.83,0.9165,74,2.7912,1.68,1.68,1.6647,-2.6277,0.8549,
38,1.2667,True,-10.356,79.644,100.356,,,,4.0526,77.0,19.0,34.85,0.931,78,1.8143,1.68,1.68,138.2088,-208.076,0.8536,
39,1.3,True,-10.6424,79.3576,100.6424,,,,4.3889,79.0,18.0,35.34,0.9356,78,-4.4231,1.92,1.92,136.0515,-208.0626,0.8509,
40,1.3333,True,-10.4867,79.5133,100.4867,,,,4.1053,78.0,19.0,35.04,0.9137,78,-8.8172,1.92,1.92,0.768,-1.5449,0.8497,
41,1.3667,True,-10.1325,79.8675,100.1325,,,,4.3158,82.0,19.0,34.2,0.9057,82,-5.7312,1.91,1.91,134.1491,-208.3096,0.8482,
42,1.4,True,-9.6209,80.3791,99.6209,,,,4.8333,87.0,18.0,34.14,0.9183,88,-3.7253,1.91,1.91,218.304,-107.9238,0.8469,
43,1.4333,True,-10.5492,79.4508,100.5492,,,,4.4706,76.0,17.0,34.05,0.9035,76,-3.7934,1.91,1.91,131.9765,-208.3476,0.8456,
44,1.4667,True,-10.2317,79.7683,100.2317,,,,4.8235,82.0,17.0,35.13,0.9007,79,0.2123,1.91,1.91,216.5685,-102.1346,0.8448,
45,1.5,True,-9.6333,80.3667,99.6333,,,,4.8421,92.0,19.0,35.75,0.927,93,1.1794,1.92,1.92,216.3927,-454.2363,0.8441,
46,1.5333,True,-9.8212,80.1788,99.8212,,,,5.0,95.0,19.0,36.22,0.9279,96,4.035,1.92,1.92,129.8219,-208.3113,0.842,
47,1.5667,True,-9.8908,80.1092,99.8908,,,,5.3889,97.0,18.0,34.82,0.9225,95,1.892,1.68,1.68,216.2733,-94.2774,0.8412,
48,1.6,True,-9.7158,80.2842,99.7158,,,,5.5556,100.0,18.0,35.54,0.9301,98,1.9605,1.68,1.68,16.7559,2.3097,0.8411,
49,1.6333,True,-9.6042,80.3958,99.6042,,,,5.6111,101.0,18.0,35.58,0.9243,102,2.381,1.68,1.68,128.1122,-208.0504,0.8393,
50,1.6667,True,-9.7646,80.2354,99.7646,,,,6.0,102.0,17.0,36.35,0.9325,103,1.0352,1.68,1.68,16.5963,2.2113,0.8391,
51,1.7,True,-9.6751,80.3249,99.6751,,,,6.1176,104.0,17.0,36.1,0.9285,105,1.1854,1.68,1.68,125.424,-207.824,0.8379,
52,1.7333,True,-9.6108,80.3892,99.6108,,,,6.0,108.0,18.0,37.43,0.9246,109,1.1983,1.68,1.68,212.123,-454.1351,0.8371,
53,1.7667,True,-9.6931,80.3069,99.6931,,,,6.0556,109.0,18.0,38.68,0.9327,109,0.7789,1.68,1.68,123.1012,-207.8842,0.835,
54,1.8,True,-9.7977,80.2023,99.7977,,,,6.1111,110.0,18.0,38.75,0.9461,111,0.3169,1.68,1.68,16.2928,2.2052,0.8336,
55,1.8333,True,-9.6286,80.3714,99.6286,,,,6.6471,113.0,17.0,37.29,0.9482,114,0.3953,1.68,1.68,16.2277,2.2109,0.8317,
56,1.8667,True,-9.3507,80.6493,99.3507,,,,6.7647,115.0,17.0,37.4,0.9436,115,0.7446,1.68,1.68,119.7383,-208.1222,0.8302,
57,1.9,True,-9.0766,80.9234,99.0766,,,,6.7059,114.0,17.0,37.18,0.9321,114,0.484,1.68,1.68,119.3163,-208.0736,0.8298,
58,1.9333,True,-10.0246,79.9754,100.0246,,,,6.2353,106.0,17.0,37.44,0.9202,106,0.3146,1.68,1.68,119.2996,-208.1753,0.8289,
59,1.9667,True,-10.0526,79.9474,100.0526,,,,6.5625,105.0,16.0,37.57,0.923,104,0.2045,1.68,1.68,209.9527,-62.4226,0.8277,
60,2.0,True,-9.8512,80.1488,99.8512,,,,6.5294,111.0,17.0,37.24,0.9028,112,-2.2047,1.68,1.68,117.2378,-208.1915,0.8267,
61,2.0333,True,-9.7117,80.2883,99.7117,,,,6.875,110.0,16.0,39.1,0.9126,111,-1.433,1.68,1.68,117.2782,-208.1959,0.826,
62,2.0667,True,-9.8751,80.1249,99.8751,,,,6.1765,105.0,17.0,39.12,0.909,99,-1.1819,1.68,1.68,207.8572,-454.3354,0.8253,
63,2.1,True,-9.3882,80.6118,99.3882,,,,6.4118,109.0,17.0,37.16,0.8968,109,-0.5178,1.66,1.66,115.7833,-208.161,0.8237,
64,2.1333,True,-9.5385,80.4615,99.5385,,,,6.0,105.0,17.5,37.15,0.8791,104,1.1286,1.66,1.66,15.8107,2.003,0.823,
65,2.1667,True,-9.4556,80.5444,99.4556,,,,5.7222,103.0,18.0,36.75,0.8592,96,2.5523,1.66,1.66,205.5532,-47.4237,0.8227,
66,2.2,True,-9.3084,80.6916,99.3084,,,,6.0588,103.0,17.0,36.02,0.8588,104,2.5289,1.66,1.66,15.7588,1.8752,0.823,
67,2.2333,True,-9.2225,80.7775,99.2225,,,,6.3125,101.0,16.0,36.07,0.8773,101,2.3523,1.66,1.66,203.6565,-43.6011,0.8228,
68,2.2667,True,-8.3776,81.6224,98.3776,,,,6.7059,114.0,17.0,38.19,0.7506,115,2.3663,1.64,1.64,114.9517,-208.4035,0.8223,
69,2.3,False,-6.2647,83.7353,96.2647,,,,7.8824,134.0,17.0,35.88,0.6872,135,,1.64,1.64,15.5726,1.7531,0.8223,rms_too_big
70,2.3333,True,-8.6466,81.3534,98.6466,,,,5.8824,100.0,17.0,36.1,0.8276,101,,1.63,1.63,202.1977,-454.0065,0.8217,
71,2.3667,False,-5.8649,84.1351,95.8649,,,,8.2941,141.0,17.0,36.48,0.7,142,,1.63,1.63,202.156,-454.1462,0.8211,rms_too_big
72,2.4,True,-7.7769,82.2231,97.7769,,,,6.1176,104.0,17.0,38.55,0.8192,105,,1.63,1.63,15.3891,1.7073,0.8213,
73,2.4333,False,-5.2113,84.7887,95.2113,,,,8.75,140.0,16.0,38.48,0.7,135,,1.63,1.63,113.5433,-208.1465,0.8196,rms_too_big
74,2.4667,False,-4.4612,85.5388,94.4612,,,,8.4118,143.0,17.0,39.51,0.7,144,,1.63,1.63,202.1739,-453.9989,0.8173,rms_too_big
75,2.5,False,-3.8693,86.1307,93.8693,,,,8.5294,145.0,17.0,35.7,0.7,146,,1.63,1.63,202.4848,-454.2742,0.8153,rms_too_big
76,2.5333,False,-3.7252,86.2748,93.7252,,,,8.4118,143.0,17.0,37.46,0.7,144,,1.63,1.63,109.4465,-207.871,0.8143,rms_too_big
77,2.5667,False,-3.3888,86.6112,93.3888,,,,8.6471,147.0,17.0,37.67,0.7,144,,1.63,1.63,108.9877,-207.8676,0.814,rms_too_big
78,2.6,False,-3.7088,86.2912,93.7088,,,,8.4706,144.0,17.0,36.57,0.7,143,,1.61,1.61,200.1059,-20.6343,0.8121,rms_too_big
79,2.6333,False,-2.7761,87.2239,92.7761,,,,8.6111,155.0,18.0,35.8,0.7,156,,1.61,1.61,15.0763,1.3665,0.8126,rms_too_big
80,2.6667,False,-2.8234,87.1766,92.8234,,,,8.7647,149.0,17.0,36.49,0.7,146,,1.61,1.61,197.6844,-454.1517,0.8119,rms_too_big
81,2.7,False,-1.9739,88.0261,91.9739,,,,8.7778,158.0,18.0,36.15,0.7,149,,1.61,1.61,15.1073,1.1876,0.8124,rms_too_big
82,2.7333,False,-2.0028,87.9972,92.0028,,,,9.0588,154.0,17.0,36.4,0.7,144,,1.59,1.59,195.7185,-11.8303,0.8122,rms_too_big
83,2.7667,False,-1.6578,88.3422,91.6578,,,,8.9444,161.0,18.0,34.98,0.7,148,,1.59,1.59,195.9471,-10.164,0.8117,rms_too_big
84,2.8,False,-1.7734,88.2266,91.7734,,,,8.6667,156.0,18.0,36.59,0.7,148,,1.59,1.59,107.5619,-207.7675,0.8113,rms_too_big
85,2.8333,False,-0.8045,89.1955,90.8045,,,,9.4706,161.0,17.0,35.3,0.7,146,,1.59,1.59,108.0325,-207.7946,0.8109,rms_too_big
86,2.8667,False,-0.6932,89.3068,90.6932,,,,9.1111,164.0,18.0,34.96,0.7,146,,1.59,1.59,107.7684,-207.6671,0.8113,rms_too_big
87,2.9,False,-0.1943,89.8057,90.1943,,,,9.7647,166.0,17.0,34.9,0.7,147,,1.59,1.59,107.5141,-207.5729,0.8112,rms_too_big
88,2.9333,False,-0.1372,89.8628,90.1372,,,,9.6471,164.0,17.0,36.37,0.7,147,,1.59,1.59,107.5308,-207.584,0.8105,rms_too_big
89,2.9667,False,0.2404,89.7596,89.7596,,,,9.4444,170.0,18.0,36.1,0.7,150,,1.59,1.59,191.9416,-0.8793,0.8093,rms_too_big
90,3.0,False,-0.0565,89.9435,90.0565,,,,9.1667,165.0,18.0,37.58,0.7,147,,1.59,1.59,192.0861,-454.1061,0.8091,rms_too_big
91,3.0333,False,0.9679,89.0321,89.0321,,,,9.6667,174.0,18.0,37.04,0.7,150,,1.59,1.59,106.3773,-207.6149,0.8073,rms_too_big
92,3.0667,False,1.7546,88.2454,88.2454,,,,9.7778,176.0,18.0,36.74,0.7,152,,1.59,1.59,192.1229,4.1066,0.806,rms_too_big
93,3.1,False,1.6311,88.3689,88.3689,,,,9.6667,174.0,18.0,36.42,0.7,149,,1.59,1.59,102.9789,-207.8772,0.8037,rms_too_big
94,3.1333,False,1.8463,88.1537,88.1537,,,,9.7222,175.0,18.0,36.87,0.7,151,,1.59,1.59,102.9441,-207.8863,0.8029,rms_too_big
95,3.1667,False,2.2517,87.7483,87.7483,,,,9.6111,173.0,18.0,34.82,0.7,151,,1.59,1.59,102.9706,-207.9311,0.8022,rms_too_big
96,3.2,False,3.0634,86.9366,86.9366,,,,9.7778,176.0,18.0,36.1,0.7,157,,1.57,1.57,103.3746,-207.8364,0.802,rms_too_big
97,3.2333,False,3.7895,86.2105,86.2105,,,,10.1667,183.0,18.0,35.92,0.7,166,,1.59,1.59,14.7198,0.6934,0.8006,rms_too_big
98,3.2667,False,4.4358,85.5642,85.5642,,,,10.4444,188.0,18.0,37.46,0.7,169,,1.59,1.59,189.9747,22.0864,0.7989,rms_too_big
99,3.3,False,5.1712,84.8288,84.8288,,,,10.4444,188.0,18.0,36.53,0.7,160,,1.61,1.61,98.8425,-200.1348,0.7952,rms_too_big
100,3.3333,False,5.5299,84.4701,84.4701,,,,10.5556,190.0,18.0,37.9,0.7,158,,1.57,1.57,14.5495,0.5232,0.801,rms_too_big
101,3.3667,False,,,,,,,,,,,0.0,0,,1.57,1.57,14.5685,0.5353,0.8048,no_mask
102,3.4,False,,,,,,,,,,,0.0,0,,1.57,1.57,14.6178,0.5109,0.8074,no_mask
103,3.4333,False,,,,,,,,,,,0.0,0,,1.57,1.57,14.5767,0.5435,0.8102,no_mask
104,3.4667,True,-5.6743,84.3257,95.6743,,,,6.75,108.0,16.0,37.17,0.9082,109,,1.57,1.57,14.5669,0.5903,0.8131,
105,3.5,True,-5.5179,84.4821,95.5179,,,,6.8125,109.0,16.0,35.54,0.8596,107,23.2425,1.57,1.57,183.917,25.6489,0.8146,
106,3.5333,True,-5.9614,84.0386,95.9614,,,,6.625,106.0,16.0,35.05,0.8923,105,14.2862,1.57,1.57,14.5818,0.5356,0.8157,
107,3.5667,False,,,,,,,,,,,0.0,0,,1.57,1.57,183.5463,19.773,0.8131,no_mask
108,3.6,False,,,,,,,,,,,0.0,0,,1.57,1.57,183.8863,17.9383,0.8132,no_mask
109,3.6333,False,,,,,,,,,,,0.0,0,,1.59,1.59,92.01,-174.0828,0.8092,no_mask
110,3.6667,True,-5.8341,84.1659,95.8341,,,,6.375,102.0,16.0,34.99,0.8713,101,,1.59,1.59,92.2175,-231.938,0.8088,
111,3.7,True,-6.0797,83.9203,96.0797,,,,6.2353,106.0,17.0,33.21,0.8552,107,3.8895,1.59,1.59,14.6794,0.3344,0.8091,
112,3.7333,True,-5.8502,84.1498,95.8502,,,,5.8889,106.0,18.0,33.96,0.8486,107,3.6494,1.61,1.61,90.6461,-237.9634,0.8078,
113,3.7667,False,,,,,,,,,,,0.0,0,,1.59,1.59,89.0923,-172.0622,0.811,no_mask
114,3.8,False,,,,,,,,,,,0.0,0,,1.59,1.59,14.3232,0.1841,0.8143,no_mask
115,3.8333,False,,,,,,,,,,,0.0,0,,1.59,1.59,14.1767,0.0742,0.8174,no_mask
116,3.8667,True,-4.4586,85.5414,94.4586,,,,6.75,108.0,16.0,31.28,0.8671,107,,1.59,1.59,14.1495,0.136,0.8183,
117,3.9,True,-4.6434,85.3566,94.6434,,,,6.1176,104.0,17.0,30.26,0.8599,104,12.626,1.59,1.59,90.124,-152.0404,0.8212,
118,3.9333,True,-4.3599,85.6401,94.3599,,,,6.2941,107.0,17.0,30.32,0.8624,105,9.1771,1.59,1.59,14.1467,0.0688,0.8226,
119,3.9667,True,-3.944,86.056,93.944,,,,6.2941,107.0,17.0,29.09,0.8443,106,6.4833,1.57,1.57,14.0486,0.1121,0.8234,
120,4.0,False,,,,,,,,,,,0.0,0,,1.57,1.57,14.0316,0.0867,0.8246,no_mask
121,4.0333,False,,,,,,,,,,,0.0,0,,1.57,1.57,160.2327,53.9565,0.8245,no_mask
122,4.0667,False,,,,,,,,,,,0.0,0,,1.57,1.57,14.0335,0.0195,0.8258,no_mask
123,4.1,False,,,,,,,,,,,0.0,0,,1.33,1.33,157.6021,59.9254,0.8265,no_mask
124,4.1333,False,,,,,,,,,,,0.0,0,,1.33,1.33,157.5695,61.7361,0.8263,no_mask
125,4.1667,False,,,,,,,,,,,0.0,0,,-0.24,-0.24,14.0928,0.0631,0.827,no_mask
126,4.2,False,,,,,,,,,,,0.0,0,,-0.24,-0.24,14.0313,0.0254,0.8267,no_mask
127,4.2333,False,,,,,,,,,,,0.0,0,,-0.24,-0.24,88.4879,-181.8817,0.8261,no_mask
128,4.2667,False,,,,,,,,,,,0.0,0,,-0.24,-0.24,14.007,0.024,0.8261,no_mask
129,4.3,False,,,,,,,,,,,0.0,0,,-0.24,-0.24,14.0729,0.0359,0.826,no_mask
130,4.3333,False,,,,,,,,,,,0.0,0,,-0.24,-0.24,14.0732,0.0164,0.8259,no_mask
131,4.3667,False,,,,,,,,,,,0.0,0,,-0.24,-0.24,14.0985,0.0343,0.8256,no_mask
132,4.4,False,,,,,,,,,,,0.0,0,,-0.24,-0.24,14.0125,0.021,0.8251,no_mask
133,4.4333,False,,,,,,,,,,,0.0,0,,-0.24,-0.24,81.6006,-173.7449,0.8254,no_mask
134,4.4667,False,,,,,,,,,,,0.0,0,,-0.25,-0.25,154.1484,75.5215,0.8262,no_mask
135,4.5,False,,,,,,,,,,,0.0,0,,-0.26,-0.26,79.723,-133.8266,0.8272,no_mask
136,4.5333,False,,,,,,,,,,,0.0,0,,-0.26,-0.26,13.6945,-0.0711,0.8277,no_mask
137,4.5667,False,,,,,,,,,,,0.0,0,,-0.95,-0.95,149.8322,87.9502,0.8315,no_mask
138,4.6,False,,,,,,,,,,,0.0,0,,-1.26,-1.26,13.5759,-0.0895,0.8338,no_mask
139,4.6333,False,,,,,,,,,,,0.0,0,,-0.95,-0.95,78.3254,-158.1899,0.8328,no_mask
140,4.6667,False,,,,,,,,,,,0.0,0,,-0.95,-0.95,13.1905,-0.1516,0.8339,no_mask
141,4.7,False,,,,,,,,,,,0.0,0,,-0.95,-0.95,77.486,-126.3187,0.8354,no_mask
142,4.7333,False,,,,,,,,,,,0.0,0,,-0.95,-0.95,77.4463,-126.3499,0.837,no_mask
143,4.7667,False,,,,,,,,,,,0.0,0,,-0.95,-0.95,142.0716,91.2729,0.8373,no_mask
144,4.8,False,,,,,,,,,,,0.0,0,,-0.95,-0.95,77.5054,-128.4352,0.8382,no_mask
145,4.8333,False,,,,,,,,,,,0.0,0,,-0.95,-0.95,12.77,-0.3514,0.8384,no_mask
146,4.8667,False,,,,,,,,,,,0.0,0,,-0.95,-0.95,12.4419,-0.4501,0.8371,no_mask
147,4.9,False,,,,,,,,,,,0.0,0,,-1.26,-1.26,12.162,-0.5375,0.8382,no_mask
148,4.9333,False,,,,,,,,,,,0.0,0,,-1.28,-1.28,11.8595,-0.4768,0.8382,no_mask
149,4.9667,False,,,,,,,,,,,0.0,0,,-1.28,-1.28,11.6141,-0.4858,0.8372,no_mask
150,5.0,False,,,,,,,,,,,0.0,0,,-1.3,-1.3,11.3452,-0.4902,0.8377,no_mask
151,5.0333,False,,,,,,,,,,,0.0,0,,-1.3,-1.3,11.0771,-0.4926,0.839,no_mask
152,5.0667,False,,,,,,,,,,,0.0,0,,-1.3,-1.3,10.8328,-0.4661,0.8404,no_mask
153,5.1,False,,,,,,,,,,,0.0,0,,-1.3,-1.3,10.5521,-0.4486,0.841,no_mask
154,5.1333,False,,,,,,,,,,,0.0,0,,-1.28,-1.28,138.7939,117.7172,0.8413,no_mask
155,5.1667,False,,,,,,,,,,,0.0,0,,-1.28,-1.28,10.9677,-0.3591,0.8411,no_mask
156,5.2,False,,,,,,,,,,,0.0,0,,-1.28,-1.28,10.6575,-0.4608,0.8431,no_mask
157,5.2333,False,,,,,,,,,,,0.0,0,,-1.28,-1.28,63.9788,-123.9614,0.8427,no_mask
158,5.2667,False,,,,,,,,,,,0.0,0,,-1.3,-1.3,10.0275,-0.612,0.8454,no_mask
159,5.3,False,,,,,,,,,,,0.0,0,,-1.32,-1.32,62.1439,-123.0508,0.846,no_mask
160,5.3333,False,,,,,,,,,,,0.0,0,,-1.61,-1.61,62.2156,-124.2618,0.8476,no_mask
161,5.3667,False,,,,,,,,,,,0.0,0,,-1.63,-1.63,9.3278,-0.8695,0.849,no_mask
162,5.4,False,,,,,,,,,,,0.0,0,,-1.63,-1.63,9.1272,-0.9371,0.8511,no_mask
163,5.4333,False,,,,,,,,,,,0.0,0,,-1.63,-1.63,59.9692,-121.8269,0.851,no_mask
164,5.4667,False,,,,,,,,,,,0.0,0,,-1.64,-1.64,8.7584,-0.9809,0.8516,no_mask
165,5.5,False,,,,,,,,,,,0.0,0,,-1.66,-1.66,58.1197,-121.7624,0.8514,no_mask
166,5.5333,False,,,,,,,,,,,0.0,0,,-1.95,-1.95,8.3589,-0.9808,0.8544,no_mask
167,5.5667,False,,,,,,,,,,,0.0,0,,-1.95,-1.95,8.264,-1.0279,0.8554,no_mask
168,5.6,False,,,,,,,,,,,0.0,0,,-1.97,-1.97,8.0468,-1.0208,0.8579,no_mask
169,5.6333,False,,,,,,,,,,,0.0,0,,-2.25,-2.25,9.4518,-0.8995,0.8636,no_mask
170,5.6667,False,,,,,,,,,,,0.0,0,,-2.25,-2.25,9.2977,-0.9466,0.8702,no_mask
171,5.7,False,,,,,,,,,,,0.0,0,,-2.25,-2.25,9.0417,-0.9321,0.873,no_mask
172,5.7333,False,,,,,,,,,,,0.0,0,,-2.25,-2.25,56.4947,-99.7648,0.8759,no_mask
173,5.7667,False,,,,,,,,,,,0.0,0,,-2.0,-2.0,8.6052,-0.9981,0.875,no_mask
174,5.8,False,,,,,,,,,,,0.0,0,,-1.99,-1.99,8.3661,-1.0253,0.8779,no_mask
175,5.8333,False,,,,,,,,,,,0.0,0,,-1.97,-1.97,8.0679,-1.0199,0.8792,no_mask
176,5.8667,False,,,,,,,,,,,0.0,0,,-1.97,-1.97,7.7924,-1.0767,0.8791,no_mask
177,5.9,False,,,,,,,,,,,0.0,0,,-1.99,-1.99,7.5223,-1.0063,0.8824,no_mask
178,5.9333,False,,,,,,,,,,,0.0,0,,-2.25,-2.25,7.5055,-1.0189,0.898,no_mask
179,5.9667,False,,,,,,,,,,,0.0,0,,-2.25,-2.25,7.3015,-1.0373,0.9064,no_mask
180,6.0,False,,,,,,,,,,,0.0,0,,-2.25,-2.25,7.2248,-1.0222,0.9077,no_mask
181,6.0333,False,,,,,,,,,,,0.0,0,,-2.25,-2.25,7.1198,-1.0615,0.9078,no_mask
182,6.0667,False,,,,,,,,,,,0.0,0,,-2.25,-2.25,7.0335,-1.0489,0.9082,no_mask
183,6.1,False,,,,,,,,,,,0.0,0,,-2.25,-2.25,6.9075,-1.0507,0.9074,no_mask
184,6.1333,False,,,,,,,,,,,0.0,0,,-2.25,-2.25,8.6782,-1.016,0.9106,no_mask
185,6.1667,False,,,,,,,,,,,0.0,0,,-2.23,-2.23,8.2716,-1.0093,0.9103,no_mask
186,6.2,False,,,,,,,,,,,0.0,0,,-2.19,-2.19,8.047,-1.0341,0.9101,no_mask
187,6.2333,False,,,,,,,,,,,0.0,0,,-2.17,-2.17,8.0974,-1.0695,0.9112,no_mask
188,6.2667,False,,,,,,,,,,,0.0,0,,-2.05,-2.05,7.4763,-0.9946,0.9128,no_mask
189,6.3,False,,,,,,,,,,,0.0,0,,-1.91,-1.91,7.2443,-0.9956,0.9162,no_mask
190,6.3333,False,,,,,,,,,,,0.0,0,,-1.93,-1.93,7.2205,-1.0688,0.918,no_mask
191,6.3667,False,,,,,,,,,,,0.0,0,,-1.93,-1.93,6.6449,-1.0301,0.919,no_mask
192,6.4,False,,,,,,,,,,,0.0,0,,-1.84,-1.84,6.3858,-1.0078,0.9221,no_mask
193,6.4333,False,,,,,,,,,,,0.0,0,,-1.86,-1.86,6.0868,-1.0574,0.9246,no_mask
194,6.4667,False,,,,,,,,,,,0.0,0,,-1.66,-1.66,6.0864,-1.0429,0.9276,no_mask
195,6.5,False,,,,,,,,,,,0.0,0,,-1.66,-1.66,5.622,-0.9617,0.9285,no_mask
196,6.5333,False,,,,,,,,,,,0.0,0,,-1.57,-1.57,5.3532,-0.9121,0.93,no_mask
197,6.5667,False,,,,,,,,,,,0.0,0,,-1.57,-1.57,5.0868,-0.8293,0.9309,no_mask
198,6.6,False,,,,,,,,,,,0.0,0,,-1.36,-1.36,4.9747,-0.7871,0.9336,no_mask
199,6.6333,False,,,,,,,,,,,0.0,0,,-1.35,-1.35,4.5983,-0.6871,0.9349,no_mask
200,6.6667,True,2.4365,87.5635,87.5635,,,,7.0,112.0,16.0,27.02,0.8968,113,,-1.28,-1.28,4.5379,-0.4092,0.9404,
201,6.7,True,2.4734,87.5266,87.5266,,,,6.5294,111.0,17.0,26.77,0.8919,111,49.6553,-0.95,-0.95,4.3621,-0.4065,0.9441,
202,6.7333,True,2.9407,87.0593,87.0593,,,,6.2778,113.0,18.0,28.12,0.8793,114,32.4698,-0.68,-0.68,3.9685,-0.2728,0.9465,
203,6.7667,True,2.2072,87.7928,87.7928,,,,6.4118,109.0,17.0,27.85,0.8767,104,20.9115,-0.68,-0.68,3.9731,-0.2831,0.9473,
204,6.8,True,2.5242,87.4758,87.4758,,,,6.1765,105.0,17.0,28.59,0.8822,106,13.7863,-0.57,-0.57,3.7001,-0.3543,0.9486,
205,6.8333,True,2.9273,87.0727,87.0727,,,,7.0,112.0,16.0,28.67,0.8687,102,9.4941,-0.57,-0.57,3.5118,-0.2968,0.9502,
206,6.8667,True,2.717,87.283,87.283,,,,6.3529,108.0,17.0,29.03,0.8857,109,8.1957,-0.28,-0.28,3.3032,-0.1782,0.9522,
207,6.9,True,2.6952,87.3048,87.3048,,,,6.3529,108.0,17.0,29.48,0.8775,109,5.0985,-0.26,-0.26,2.9831,-0.2058,0.9538,
208,6.9333,True,2.7996,87.2004,87.2004,,,,6.3529,108.0,17.0,29.56,0.8734,108,3.5427,-0.26,-0.26,2.9273,-0.1431,0.9547,
209,6.9667,True,3.0097,86.9903,86.9903,,,,6.9375,111.0,16.0,28.72,0.8738,112,3.1699,-0.26,-0.26,2.6043,-0.1825,0.9564,
210,7.0,False,,,,,,,,,,,0.0,0,,-0.2,-0.2,2.5273,-0.2374,0.9575,no_mask
211,7.0333,False,,,,,,,,,,,0.0,0,,-0.2,-0.2,2.3041,-0.2058,0.9581,no_mask
212,7.0667,False,,,,,,,,,,,0.0,0,,-0.2,-0.2,2.0921,-0.5171,0.9612,no_mask
213,7.1,True,3.0724,86.9276,86.9276,,,,7.0625,113.0,16.0,30.51,0.8796,114,,-0.2,-0.2,3.0554,-0.6895,0.9626,
214,7.1333,True,3.4112,86.5888,86.5888,,,,6.5882,112.0,17.0,31.36,0.857,113,5.0952,-0.16,-0.16,3.1111,-0.6772,0.9655,
215,7.1667,True,3.5719,86.4281,86.4281,,,,6.6471,113.0,17.0,32.19,0.8713,114,5.091,-0.16,-0.16,2.6372,-0.4579,0.9669,
216,7.2,False,,,,,,,,,,,0.0,0,,-0.2,-0.2,2.5478,-0.3714,0.9703,no_mask
217,7.2333,False,,,,,,,,,,,0.0,0,,-0.2,-0.2,2.4216,-0.3543,0.9724,no_mask
218,7.2667,False,,,,,,,,,,,0.0,0,,-0.16,-0.16,2.6137,-0.1003,0.9731,no_mask
219,7.3,True,3.8558,86.1442,86.1442,,,,6.5294,111.0,17.0,32.54,0.8469,112,,-0.16,-0.16,2.5376,-0.0164,0.9752,
220,7.3333,True,3.6876,86.3124,86.3124,,,,6.4706,110.0,17.0,33.57,0.8546,111,4.8239,-0.16,-0.16,2.9057,-0.7369,0.9752,
221,7.3667,True,3.6402,86.3598,86.3598,,,,6.5882,112.0,17.0,33.08,0.8542,113,2.2525,-0.16,-0.16,2.698,-0.5306,0.9767,
222,7.4,True,3.7898,86.2102,86.2102,,,,7.125,114.0,16.0,34.84,0.8428,114,2.0007,-0.16,-0.16,2.4694,-0.38,0.9772,
223,7.4333,True,3.8208,86.1792,86.1792,,,,7.125,114.0,16.0,34.81,0.8283,115,1.837,-0.16,-0.16,2.3768,-0.4645,0.9788,
224,7.4667,True,4.1827,85.8173,85.8173,,,,6.7059,114.0,17.0,36.15,0.8375,115,1.1941,-0.16,-0.16,2.2063,-0.381,0.9799,
225,7.5,True,4.4424,85.5576,85.5576,,,,6.7059,114.0,17.0,35.47,0.8426,115,1.1015,-0.18,-0.18,2.1376,-0.3883,0.9823,
226,7.5333,True,4.3464,85.6536,85.6536,,,,7.0,112.0,16.0,36.13,0.8614,111,4.5156,-0.18,-0.18,1.9038,-0.292,0.983,
227,7.5667,True,4.361,85.639,85.639,,,,6.7647,115.0,17.0,35.95,0.8674,115,4.6536,-0.18,-0.18,1.7374,-0.3056,0.9848,
228,7.6,True,4.1465,85.8535,85.8535,,,,7.0,112.0,16.0,37.0,0.9014,113,3.0248,-0.18,-0.18,1.5032,-0.2235,0.9863,
229,7.6333,True,3.9006,86.0994,86.0994,,,,7.125,114.0,16.0,37.09,0.888,115,1.9661,-0.24,-0.24,1.4695,-0.0935,0.9885,
230,7.6667,True,5.7269,84.2731,84.2731,,,,7.4706,127.0,17.0,38.62,0.7085,128,1.278,-0.24,-0.24,1.2677,-0.3323,0.9898,
231,7.7,True,4.0392,85.9608,85.9608,,,,6.7059,114.0,17.0,39.06,0.8603,111,-1.2674,-0.24,-0.24,0.9386,0.622,0.9933,
232,7.7333,True,3.942,86.058,86.058,,,,6.2941,107.0,17.0,40.35,0.8587,106,-1.9507,-0.14,-0.14,0.4616,-0.0287,0.9958,
233,7.7667,True,4.2033,85.7967,85.7967,,,,6.6471,113.0,17.0,37.12,0.8886,113,-1.2679,-0.09,-0.09,0.3236,-0.0101,0.9973,
234,7.8,True,4.0215,85.9785,85.9785,,,,6.5294,111.0,17.0,36.26,0.9105,109,-0.8242,0.0,0.0,0.0,0.0,1.0,
235,7.8333,True,3.6589,86.3411,86.3411,,,,6.3529,108.0,17.0,36.24,0.9059,109,-0.7218,0.05,0.05,-0.1704,0.4166,0.9984,
236,7.8667,True,4.0003,85.9997,85.9997,,,,6.3529,108.0,17.0,36.29,0.8677,107,-0.6922,0.14,0.14,-0.515,-0.0689,0.9947,
237,7.9,True,3.9321,86.0679,86.0679,,,,6.2353,106.0,17.0,35.65,0.8682,105,-0.4499,0.14,0.14,-0.6044,0.9933,0.991,
238,7.9333,True,4.2525,85.7475,85.7475,,,,6.4118,109.0,17.0,37.84,0.8764,108,-0.2924,0.14,0.14,-0.6201,0.0123,0.9887,
239,7.9667,True,4.3994,85.6006,85.6006,,,,6.5294,111.0,17.0,37.97,0.8699,110,-0.1901,0.24,0.24,-0.8198,0.3126,0.9857,
240,8.0,True,4.4607,85.5393,85.5393,,,,6.5294,111.0,17.0,38.86,0.884,112,2.5254,0.47,0.47,-0.9374,0.2498,0.9836,
241,8.0333,True,4.4683,85.5317,85.5317,,,,6.5882,112.0,17.0,36.27,0.8782,113,3.1839,0.59,0.59,-1.0812,0.2631,0.9828,
242,8.0667,True,4.3596,85.6404,85.6404,,,,6.4706,110.0,17.0,35.73,0.8787,110,2.0696,0.59,0.59,-1.1478,0.3889,0.9795,
243,8.1,True,4.13,85.87,85.87,,,,6.2941,107.0,17.0,35.35,0.8785,106,1.3452,0.57,0.57,-1.2595,0.5024,0.9772,
244,8.1333,True,3.892,86.108,86.108,,,,6.0588,103.0,17.0,36.48,0.8632,104,0.4562,0.57,0.57,-1.3321,0.5707,0.9746,
245,8.1667,True,4.0732,85.9268,85.9268,,,,6.1765,105.0,17.0,35.06,0.873,106,-2.1148,0.84,0.84,-1.4408,0.6335,0.9718,
246,8.2,True,4.0579,85.9421,85.9421,,,,6.0,102.0,17.0,35.61,0.8736,103,-1.9701,0.84,0.84,-1.5457,0.7192,0.9697,
247,8.2333,True,4.2274,85.7726,85.7726,,,,6.0,102.0,17.0,35.03,0.8733,100,-1.2806,0.86,0.86,-1.6757,0.7869,0.9689,
248,8.2667,True,4.1988,85.8012,85.8012,,,,6.3125,101.0,16.0,35.12,0.8762,101,-0.8324,0.97,0.97,-1.8242,0.8677,0.9664,
249,8.3,True,4.1896,85.8104,85.8104,,,,6.2353,106.0,17.0,33.92,0.8651,104,0.6807,0.97,0.97,-1.993,0.9566,0.9658,
250,8.3333,True,4.2832,85.7168,85.7168,,,,6.2941,107.0,17.0,35.03,0.8887,108,0.5393,0.99,0.99,-2.1566,1.0896,0.9638,
251,8.3667,True,4.4775,85.5225,85.5225,,,,6.4706,110.0,17.0,35.8,0.8793,110,0.6503,0.99,0.99,-2.2799,1.1522,0.9624,
252,8.4,True,4.6174,85.3826,85.3826,,,,6.4118,109.0,17.0,37.29,0.886,110,1.0086,1.26,1.26,-2.3316,1.1774,0.9617,
253,8.4333,True,4.8464,85.1536,85.1536,,,,6.4118,109.0,17.0,37.53,0.8769,108,2.6958,1.35,1.35,-2.5222,1.3245,0.9607,
254,8.4667,True,4.8994,85.1006,85.1006,,,,6.0556,109.0,18.0,38.66,0.8658,103,3.2212,1.61,1.61,-2.615,1.4064,0.96,
255,8.5,True,4.949,85.051,85.051,,,,6.1667,111.0,18.0,39.46,0.8769,109,4.4981,1.66,1.66,-2.6943,1.4078,0.9596,
256,8.5333,True,4.7501,85.2499,85.2499,,,,6.1111,110.0,18.0,40.04,0.8844,111,2.9237,1.97,1.97,-2.8467,1.5005,0.9577,
257,8.5667,True,4.9122,85.0878,85.0878,,,,6.6471,113.0,17.0,39.06,0.8741,110,2.4576,2.05,2.05,-2.9401,1.5589,0.9546,
258,8.6,True,4.8606,85.1394,85.1394,,,,6.1667,111.0,18.0,40.81,0.8659,108,1.5974,1.99,1.99,-3.0241,1.625,0.9506,
259,8.6333,True,4.9013,85.0987,85.0987,,,,6.6471,113.0,17.0,41.63,0.8608,111,1.058,1.68,1.68,-3.1485,1.6514,0.9476,
260,8.6667,True,4.7102,85.2898,85.2898,,,,6.2778,113.0,18.0,42.01,0.8571,111,0.2607,1.68,1.68,-3.3101,1.7189,0.9445,
261,8.7,True,4.8986,85.1014,85.1014,,,,6.4706,110.0,17.0,41.07,0.8591,109,0.5684,1.66,1.66,-3.4953,1.7729,0.9435,
262,8.7333,True,5.6763,84.3237,84.3237,,,,7.1765,122.0,17.0,43.2,0.7959,123,0.3694,1.66,1.66,-2.1637,1.0408,0.9417,
263,8.7667,True,5.7009,84.2991,84.2991,,,,7.1765,122.0,17.0,43.26,0.7922,123,0.2682,1.57,1.57,-2.191,1.0334,0.9419,
264,8.8,False,9.2478,80.7522,80.7522,,,,9.5294,162.0,17.0,44.06,0.7,158,,1.57,1.57,-2.5808,1.0647,0.9396,rms_too_big
265,8.8333,True,5.6151,84.3849,84.3849,,,,7.0,119.0,17.0,41.81,0.7633,120,,1.57,1.57,-2.7076,1.05,0.9382,
266,8.8667,True,5.6779,84.3221,84.3221,,,,7.0,119.0,17.0,43.95,0.7672,120,5.5235,1.57,1.57,-2.9181,1.1858,0.9363,
267,8.9,True,4.6477,85.3523,85.3523,,,,6.3529,108.0,17.0,42.88,0.8678,108,3.2689,1.64,1.64,-3.2964,1.2312,0.932,
268,8.9333,True,4.6563,85.3437,85.3437,,,,6.3529,108.0,17.0,43.23,0.8833,109,-3.2383,1.66,1.66,-3.5036,1.3444,0.9307,
269,8.9667,True,4.7736,85.2264,85.2264,,,,6.4118,109.0,17.0,40.97,0.8826,108,-5.9068,1.93,1.93,-3.6697,1.3829,0.9266,
270,9.0,True,4.8247,85.1753,85.1753,,,,6.4706,110.0,17.0,41.62,0.8897,110,-3.8394,1.66,1.66,-3.8854,1.4876,0.9222,
271,9.0333,True,4.9397,85.0603,85.0603,,,,6.5294,111.0,17.0,40.58,0.8917,112,-2.4956,1.65,1.65,-3.9358,1.559,0.9197,
272,9.0667,True,4.7987,85.2013,85.2013,,,,6.5294,111.0,17.0,41.59,0.8891,112,-1.3591,1.63,1.63,-4.3125,1.6407,0.9176,
273,9.1,True,4.853,85.147,85.147,,,,6.1111,110.0,18.0,41.35,0.8786,107,-0.6104,1.59,1.59,-4.3196,1.7175,0.9161,
274,9.1333,True,4.956,85.044,85.044,,,,6.1667,111.0,18.0,42.96,0.8665,112,-0.0994,1.33,1.33,-4.6638,1.7951,0.9125,
275,9.1667,True,5.1264,84.8736,84.8736,,,,6.6471,113.0,17.0,42.85,0.8783,114,0.8459,1.32,1.32,-4.8951,2.1186,0.9119,
276,9.2,True,5.118,84.882,84.882,,,,6.3333,114.0,18.0,44.83,0.8594,114,0.7214,1.32,1.32,-5.3766,2.229,0.9123,
277,9.2333,True,4.9755,85.0245,85.0245,,,,6.1111,110.0,18.0,46.27,0.8502,111,0.673,1.61,1.61,-5.4758,2.1365,0.9122,
278,9.2667,True,5.6278,84.3722,84.3722,,,,6.4444,116.0,18.0,47.15,0.8154,117,1.9339,1.61,1.61,-5.7629,2.1512,0.912,
279,9.3,True,5.6377,84.3623,84.3623,,,,6.6111,119.0,18.0,42.85,0.8212,120,1.3455,1.61,1.61,-6.0485,2.1744,0.9121,
280,9.3333,True,5.7531,84.2469,84.2469,,,,6.5556,118.0,18.0,42.19,0.8034,119,6.1392,1.63,1.63,-6.3102,2.2069,0.9115,
281,9.3667,True,6.1368,83.8632,83.8632,,,,6.6667,120.0,18.0,,0.7643,121,4.0945,1.63,1.63,-6.6277,2.1959,0.9115,
282,9.4,False,6.7363,83.2637,83.2637,,,,6.9444,125.0,18.0,40.16,0.6975,126,,1.63,1.63,-6.8967,2.3021,0.9111,rms_too_big
283,9.4333,True,5.0908,84.9092,84.9092,,,,6.2222,112.0,18.0,40.95,0.843,113,,1.63,1.63,-7.1288,2.364,0.9102,
284,9.4667,True,6.4345,83.5655,83.5655,,,,6.7778,122.0,18.0,39.62,0.7359,123,4.744,1.65,1.65,-7.4258,2.4446,0.9101,
285,9.5,False,8.407,81.593,81.593,,,,8.3333,150.0,18.0,39.07,0.6867,151,,1.65,1.65,-7.723,2.5095,0.9101,rms_too_big
286,9.5333,False,9.3045,80.6955,80.6955,,,,8.9444,161.0,18.0,38.83,0.7,160,,1.65,1.65,-8.0925,2.5853,0.9094,rms_too_big
287,9.5667,False,,,,,,,,,,,0.0,0,,1.64,1.64,-6.7142,2.4994,0.9103,no_mask
288,9.6,False,,,,,,,,,,,0.0,0,,1.64,1.64,-6.9551,2.5875,0.9102,no_mask
289,9.6333,False,,,,,,,,,,,0.0,0,,1.64,1.64,-7.2706,2.6664,0.9094,no_mask
290,9.6667,True,4.7468,85.2532,85.2532,,,,6.5294,111.0,17.0,35.28,0.8543,109,,1.66,1.66,-7.5708,2.6715,0.909,
291,9.7,False,11.3065,78.6935,78.6935,,,,10.0556,181.0,18.0,34.37,0.7,172,,1.66,1.66,-7.8613,2.7012,0.909,rms_too_big
292,9.7333,False,10.2146,79.7854,79.7854,,,,10.1667,183.0,18.0,34.49,0.6946,165,,1.66,1.66,-8.0968,2.6818,0.9083,rms_too_big
293,9.7667,False,,,,,,,,,,,0.0,0,,0.95,0.95,-8.3576,2.6612,0.8886,no_mask
294,9.8,False,,,,,,,,,,,0.0,0,,0.93,0.93,-8.7383,2.6324,0.8864,no_mask
295,9.8333,False,,,,,,,,,,,0.0,0,,0.25,0.25,-30.3344,93.2404,0.8796,no_mask
296,9.8667,True,4.861,85.139,85.139,,,,6.5882,112.0,17.0,33.84,0.886,112,,0.24,0.24,-9.2988,2.6078,0.8747,
297,9.9,False,10.207,79.793,79.793,,,,9.2778,167.0,18.0,33.25,0.7,164,,0.24,0.24,-9.6248,2.6033,0.8728,rms_too_big
298,9.9333,False,10.4727,79.5273,79.5273,,,,9.3889,169.0,18.0,33.2,0.7,169,,0.24,0.24,-8.3423,2.5354,0.8723,rms_too_big
299,9.9667,False,10.4391,79.5609,79.5609,,,,9.4444,170.0,18.0,33.11,0.7,168,,0.22,0.22,-8.5615,2.4412,0.8723,rms_too_big
300,10.0,False,,,,,,,,,,,0.0,0,,0.22,0.22,-8.8101,2.3364,0.8724,no_mask
301,10.0333,False,,,,,,,,,,,0.0,0,,0.24,0.24,-9.0332,2.2575,0.8734,no_mask
302,10.0667,False,,,,,,,,,,,0.0,0,,0.24,0.24,-28.0468,100.4395,0.8737,no_mask
303,10.1,False,,,,,,,,,,,0.0,0,,0.24,0.24,-9.4695,2.0735,0.8734,no_mask
304,10.1333,False,,,,,,,,,,,0.0,0,,0.24,0.24,-9.7152,2.0045,0.873,no_mask
305,10.1667,False,,,,,,,,,,,0.0,0,,0.24,0.24,-9.9142,1.8802,0.8728,no_mask
306,10.2,False,,,,,,,,,,,0.0,0,,0.24,0.24,-10.2058,1.8481,0.8697,no_mask
307,10.2333,False,,,,,,,,,,,0.0,0,,0.25,0.25,-10.4876,1.8689,0.8693,no_mask
308,10.2667,False,,,,,,,,,,,0.0,0,,0.25,0.25,-1.7517,0.6378,0.8671,no_mask
309,10.3,False,,,,,,,,,,,0.0,0,,0.24,0.24,-35.5953,91.9156,0.8641,no_mask
310,10.3333,False,,,,,,,,,,,0.0,0,,0.24,0.24,-1.2433,0.2789,0.863,no_mask
311,10.3667,False,,,,,,,,,,,0.0,0,,0.24,0.24,-10.8398,2.0017,0.861,no_mask
312,10.4,False,,,,,,,,,,,0.0,0,,0.24,0.24,-11.1234,1.9204,0.8582,no_mask
313,10.4333,False,,,,,,,,,,,0.0,0,,0.24,0.24,-11.3963,1.9683,0.8571,no_mask
314,10.4667,False,,,,,,,,,,,0.0,0,,0.24,0.24,-11.6395,1.919,0.8542,no_mask
315,10.5,False,,,,,,,,,,,0.0,0,,0.22,0.22,-11.8584,1.7741,0.8515,no_mask
316,10.5333,False,,,,,,,,,,,0.0,0,,0.22,0.22,-12.1007,1.6519,0.8496,no_mask
317,10.5667,False,,,,,,,,,,,0.0,0,,-0.22,-0.22,-12.3228,1.5893,0.8468,no_mask
318,10.6,False,,,,,,,,,,,0.0,0,,-0.22,-0.22,-12.5326,1.5157,0.8447,no_mask
319,10.6333,False,,,,,,,,,,,0.0,0,,-0.22,-0.22,-12.7896,1.4198,0.8435,no_mask
320,10.6667,False,,,,,,,,,,,0.0,0,,-0.22,-0.22,-41.4174,131.8579,0.8402,no_mask
321,10.7,False,,,,,,,,,,,0.0,0,,-0.22,-0.22,-40.0767,124.1352,0.8468,no_mask
322,10.7333,False,,,,,,,,,,,0.0,0,,-0.22,-0.22,-13.4453,1.1235,0.845,no_mask
323,10.7667,False,,,,,,,,,,,0.0,0,,-0.22,-0.22,0.6419,-1.249,0.8447,no_mask
324,10.8,False,,,,,,,,,,,0.0,0,,-0.22,-0.22,0.8362,-0.9691,0.8442,no_mask
325,10.8333,False,,,,,,,,,,,0.0,0,,-0.22,-0.22,-42.0409,132.0101,0.8422,no_mask
326,10.8667,False,,,,,,,,,,,0.0,0,,-0.22,-0.22,-41.8173,147.9618,0.8414,no_mask
327,10.9,False,,,,,,,,,,,0.0,0,,-0.24,-0.24,-13.2002,0.689,0.8407,no_mask
328,10.9333,False,,,,,,,,,,,0.0,0,,-0.24,-0.24,-13.4055,0.6172,0.8391,no_mask
329,10.9667,False,,,,,,,,,,,0.0,0,,-0.24,-0.24,-13.5573,0.5897,0.839,no_mask
330,11.0,False,,,,,,,,,,,0.0,0,,-0.24,-0.24,-13.7715,0.595,0.8381,no_mask
331,11.0333,False,,,,,,,,,,,0.0,0,,-0.25,-0.25,-13.9933,0.637,0.8362,no_mask
332,11.0667,False,,,,,,,,,,,0.0,0,,-0.25,-0.25,-44.0898,155.9355,0.8354,no_mask
333,11.1,False,,,,,,,,,,,0.0,0,,-0.25,-0.25,-14.3575,0.5815,0.8348,no_mask
334,11.1333,False,,,,,,,,,,,0.0,0,,-0.25,-0.25,-14.5252,0.5537,0.8345,no_mask
335,11.1667,False,,,,,,,,,,,0.0,0,,-0.25,-0.25,-14.7291,0.5428,0.8338,no_mask
336,11.2,False,,,,,,,,,,,0.0,0,,-0.26,-0.26,-46.2271,162.0123,0.8313,no_mask
337,11.2333,False,,,,,,,,,,,0.0,0,,-0.26,-0.26,-46.3338,164.0311,0.8307,no_mask
338,11.2667,False,,,,,,,,,,,0.0,0,,-0.26,-0.26,-46.6988,156.0205,0.831,no_mask
339,11.3,False,,,,,,,,,,,0.0,0,,-0.26,-0.26,-14.5053,0.4705,0.83,no_mask
340,11.3333,False,,,,,,,,,,,0.0,0,,-0.26,-0.26,-14.64,0.4099,0.8291,no_mask
341,11.3667,False,,,,,,,,,,,0.0,0,,-0.26,-0.26,-14.7673,0.3614,0.829,no_mask
342,11.4,False,,,,,,,,,,,0.0,0,,-1.35,-1.35,-14.968,0.2466,0.8927,no_mask
343,11.4333,False,,,,,,,,,,,0.0,0,,-1.35,-1.35,-15.1195,0.1751,0.8928,no_mask
344,11.4667,False,,,,,,,,,,,0.0,0,,-1.35,-1.35,-15.2688,0.1144,0.8925,no_mask
345,11.5,False,,,,,,,,,,,0.0,0,,-1.35,-1.35,-15.4514,0.0474,0.8925,no_mask
346,11.5333,False,,,,,,,,,,,0.0,0,,-1.35,-1.35,-15.6264,-0.0327,0.8924,no_mask
347,11.5667,False,,,,,,,,,,,0.0,0,,-1.35,-1.35,-15.7954,-0.0514,0.8924,no_mask
348,11.6,False,,,,,,,,,,,0.0,0,,-1.35,-1.35,-15.9642,-0.1209,0.8922,no_mask
349,11.6333,False,,,,,,,,,,,0.0,0,,-1.35,-1.35,-16.152,-0.1546,0.8921,no_mask
350,11.6667,False,,,,,,,,,,,0.0,0,,-1.35,-1.35,-16.2954,-0.2172,0.892,no_mask
351,11.7,False,,,,,,,,,,,0.0,0,,-1.35,-1.35,-16.4678,-0.2947,0.8921,no_mask
352,11.7333,False,,,,,,,,,,,0.0,0,,-1.35,-1.35,-16.6343,-0.3059,0.8918,no_mask
353,11.7667,False,,,,,,,,,,,0.0,0,,-1.55,-1.55,-16.8039,-0.3493,0.8917,no_mask
354,11.8,False,,,,,,,,,,,0.0,0,,-1.57,-1.57,-16.9804,-0.3696,0.8916,no_mask
355,11.8333,False,,,,,,,,,,,0.0,0,,-1.57,-1.57,-17.1777,-0.3842,0.8915,no_mask
356,11.8667,False,,,,,,,,,,,0.0,0,,-1.57,-1.57,-16.545,-0.2568,0.8913,no_mask
357,11.9,False,,,,,,,,,,,0.0,0,,-1.57,-1.57,-16.741,-0.2883,0.8912,no_mask
358,11.9333,False,,,,,,,,,,,0.0,0,,-1.57,-1.57,-16.9341,-0.3027,0.891,no_mask
359,11.9667,False,,,,,,,,,,,0.0,0,,-1.57,-1.57,-17.1566,-0.3022,0.891,no_mask
360,12.0,False,,,,,,,,,,,0.0,0,,-1.57,-1.57,-17.3616,-0.3515,0.8907,no_mask
361,12.0333,False,,,,,,,,,,,0.0,0,,-1.57,-1.57,-17.5592,-0.3788,0.8907,no_mask
362,12.0667,False,,,,,,,,,,,0.0,0,,-1.57,-1.57,-17.7606,-0.4091,0.8906,no_mask
363,12.1,False,,,,,,,,,,,0.0,0,,-1.57,-1.57,-17.9987,-0.4539,0.8906,no_mask
364,12.1333,False,,,,,,,,,,,0.0,0,,-1.35,-1.35,-18.2031,-0.4975,0.8904,no_mask
365,12.1667,False,,,,,,,,,,,0.0,0,,-1.35,-1.35,-18.4344,-0.5275,0.8903,no_mask
366,12.2,False,,,,,,,,,,,0.0,0,,-1.35,-1.35,-18.6433,-0.5712,0.8902,no_mask
367,12.2333,False,,,,,,,,,,,0.0,0,,-1.35,-1.35,-18.8537,-0.6273,0.8902,no_mask
368,12.2667,False,,,,,,,,,,,0.0,0,,-1.35,-1.35,-18.9968,-0.6699,0.89,no_mask
369,12.3,False,,,,,,,,,,,0.0,0,,-1.35,-1.35,-19.1711,-0.6952,0.8899,no_mask
370,12.3333,False,,,,,,,,,,,0.0,0,,-1.35,-1.35,-18.4676,-0.5303,0.8897,no_mask
371,12.3667,False,,,,,,,,,,,0.0,0,,-1.35,-1.35,-18.6463,-0.5693,0.8897,no_mask
372,12.4,False,,,,,,,,,,,0.0,0,,-1.35,-1.35,-18.7607,-0.5849,0.8895,no_mask
373,12.4333,False,,,,,,,,,,,0.0,0,,-1.35,-1.35,-18.8405,-0.6154,0.8895,no_mask
374,12.4667,False,,,,,,,,,,,0.0,0,,-1.35,-1.35,-18.9223,-0.673,0.8894,no_mask
375,12.5,False,,,,,,,,,,,0.0,0,,-1.35,-1.35,-19.0253,-0.7111,0.8895,no_mask
376,12.5333,False,,,,,,,,,,,0.0,0,,-1.35,-1.35,-19.1002,-0.7267,0.8893,no_mask
377,12.5667,False,,,,,,,,,,,0.0,0,,-1.35,-1.35,-19.1794,-0.732,0.8893,no_mask
378,12.6,False,,,,,,,,,,,0.0,0,,-1.33,-1.33,-19.2378,-0.7579,0.8892,no_mask
379,12.6333,False,,,,,,,,,,,0.0,0,,-1.35,-1.35,-19.3026,-0.7803,0.8892,no_mask
380,12.6667,False,,,,,,,,,,,0.0,0,,-1.35,-1.35,-19.406,-0.8044,0.889,no_mask
381,12.7,False,,,,,,,,,,,0.0,0,,-1.35,-1.35,-19.4915,-0.8363,0.889,no_mask
382,12.7333,False,,,,,,,,,,,0.0,0,,-1.35,-1.35,-19.5765,-0.8559,0.8889,no_mask
383,12.7667,False,,,,,,,,,,,0.0,0,,-1.35,-1.35,-19.657,-0.857,0.889,no_mask
384,12.8,False,,,,,,,,,,,0.0,0,,-1.33,-1.33,-19.7657,-0.863,0.8887,no_mask
385,12.8333,False,,,,,,,,,,,0.0,0,,-1.3,-1.3,22.5894,447.6368,0.8355,no_mask
386,12.8667,False,,,,,,,,,,,0.0,0,,-1.3,-1.3,22.5498,447.6856,0.8353,no_mask
387,12.9,False,,,,,,,,,,,0.0,0,,-1.3,-1.3,22.5499,447.643,0.8355,no_mask
388,12.9333,False,,,,,,,,,,,0.0,0,,-1.3,-1.3,-20.1345,-0.8399,0.8335,no_mask
389,12.9667,False,,,,,,,,,,,0.0,0,,-1.3,-1.3,-20.2392,-0.8688,0.8332,no_mask
390,13.0,False,,,,,,,,,,,0.0,0,,-1.3,-1.3,-20.3503,-0.9047,0.8319,no_mask
391,13.0333,False,,,,,,,,,,,0.0,0,,-1.3,-1.3,-20.5009,-0.8902,0.8316,no_mask
392,13.0667,False,,,,,,,,,,,0.0,0,,-1.3,-1.3,-44.2321,230.1955,0.8319,no_mask
393,13.1,False,,,,,,,,,,,0.0,0,,-1.3,-1.3,24.285,-16.0577,0.8302,no_mask
394,13.1333,False,,,,,,,,,,,0.0,0,,-1.3,-1.3,23.853,456.2327,0.8297,no_mask
395,13.1667,False,,,,,,,,,,,0.0,0,,-1.3,-1.3,-21.1021,-0.9442,0.8305,no_mask
396,13.2,False,,,,,,,,,,,0.0,0,,-1.3,-1.3,-21.2439,-1.0144,0.8301,no_mask
397,13.2333,False,,,,,,,,,,,0.0,0,,-1.28,-1.28,-20.4979,-0.8626,0.8297,no_mask
398,13.2667,False,,,,,,,,,,,0.0,0,,-1.28,-1.28,-20.628,-0.8487,0.829,no_mask
399,13.3,False,,,,,,,,,,,0.0,0,,-1.28,-1.28,-20.7943,-0.8359,0.8289,no_mask
400,13.3333,True,1.0481,88.9519,88.9519,,,,6.2353,106.0,17.0,28.29,0.8985,102,,-1.28,-1.28,-20.9284,-0.8063,0.8281,
401,13.3667,True,0.6355,89.3645,89.3645,,,,5.4118,92.0,17.0,29.16,0.925,91,-30.291,-1.28,-1.28,-21.0295,-0.8595,0.8275,
402,13.4,True,0.6791,89.3209,89.3209,,,,5.8235,99.0,17.0,29.3,0.896,93,-21.3973,-1.26,-1.26,-21.1293,-0.9288,0.8271,
403,13.4333,True,0.6422,89.3578,89.3578,,,,5.6571,99.0,17.5,29.23,0.904,96,-14.1017,-1.26,-1.26,-21.263,-0.9545,0.8257,
404,13.4667,True,0.8026,89.1974,89.1974,,,,5.5,99.0,18.0,29.94,0.9213,99,-8.9726,-1.28,-1.28,-21.4011,-1.0174,0.825,
405,13.5,True,0.7501,89.2499,89.2499,,,,5.5556,100.0,18.0,30.25,0.9143,95,-5.8322,-1.28,-1.28,-46.2533,225.9612,0.823,
406,13.5333,True,0.7377,89.2623,89.2623,,,,5.6667,102.0,18.0,30.44,0.9255,101,-3.1757,-1.28,-1.28,-46.3955,227.9507,0.8226,
407,13.5667,False,,,,,,,,,,,0.0,0,,-1.3,-1.3,-21.6879,-1.0898,0.8208,no_mask
408,13.6,False,,,,,,,,,,,0.0,0,,-1.3,-1.3,-21.8433,-1.1044,0.8202,no_mask
409,13.6333,False,,,,,,,,,,,0.0,0,,-1.3,-1.3,-21.9789,-1.0703,0.8214,no_mask
410,13.6667,True,0.3867,89.6133,89.6133,,,,6.2222,112.0,18.0,29.02,0.9159,113,,-1.3,-1.3,-22.1273,-1.0637,0.8214,
411,13.7,True,0.0,90.0,90.0,,,,5.5,99.0,18.0,27.66,0.8925,77,-6.4123,-1.3,-1.3,-22.2854,-1.0644,0.8221,
412,13.7333,True,0.1747,89.8253,89.8253,,,,5.6667,102.0,18.0,28.05,0.9019,93,-4.3642,-1.3,-1.3,-22.4223,-1.0538,0.8232,
413,13.7667,False,,,,,,,,,,,0.0,0,,-1.28,-1.28,-46.2792,240.2203,0.8237,no_mask
414,13.8,False,,,,,,,,,,,0.0,0,,-1.28,-1.28,-46.391,240.3812,0.8241,no_mask
415,13.8333,False,,,,,,,,,,,0.0,0,,-1.28,-1.28,-22.857,-0.9798,0.826,no_mask
416,13.8667,True,0.5799,89.4201,89.4201,,,,6.4706,110.0,17.0,27.49,0.8956,111,,-1.28,-1.28,-46.1946,242.0141,0.8252,
417,13.9,True,-0.0,90.0,90.0,,,,5.2941,90.0,17.0,27.47,0.9283,86,-1.3779,-1.28,-1.28,-23.1266,-0.8613,0.8258,
418,13.9333,True,-0.0,90.0,90.0,,,,5.7059,97.0,17.0,27.44,0.8643,63,-3.9403,-1.28,-1.28,-5.3217,2.5323,0.8254,
419,13.9667,True,0.1068,89.8932,89.8932,,,,6.2941,107.0,17.0,27.43,0.9001,102,-2.0005,-1.3,-1.3,-46.306,245.7137,0.8265,
420,14.0,False,,,,,,,,,,,0.0,0,,-1.28,-1.28,-46.3673,247.9765,0.8264,no_mask
421,14.0333,False,,,,,,,,,,,0.0,0,,-1.28,-1.28,-46.4709,249.9123,0.8265,no_mask
422,14.0667,False,,,,,,,,,,,0.0,0,,-1.28,-1.28,-46.3368,251.8041,0.8265,no_mask
423,14.1,True,0.0,90.0,90.0,,,,5.8235,99.0,17.0,26.8,0.9071,87,,-1.28,-1.28,-2.7115,2.0853,0.8284,
424,14.1333,True,-0.2081,89.7919,90.2081,,,,5.8824,100.0,17.0,27.4,0.8604,77,-2.4982,-1.28,-1.28,18.7266,7.4927,0.8286,
425,14.1667,True,-0.0,90.0,90.0,,,,5.9375,95.0,16.0,28.0,0.8653,65,-0.5315,-1.26,-1.26,-46.4072,253.8782,0.8267,
426,14.2,False,,,,,,,,,,,0.0,0,,-1.26,-1.26,-46.4052,245.88,0.8261,no_mask
427,14.2333,False,,,,,,,,,,,0.0,0,,-1.26,-1.26,19.9996,7.9445,0.8246,no_mask
428,14.2667,False,,,,,,,,,,,0.0,0,,-1.26,-1.26,-23.5791,-0.3075,0.8225,no_mask
429,14.3,True,0.0,90.0,90.0,,,,6.625,106.0,16.0,29.85,0.9121,82,,-0.97,-0.97,-48.2817,250.9594,0.821,
430,14.3333,True,0.0,90.0,90.0,,,,6.0,102.0,17.0,29.88,0.9368,90,-0.2246,-0.95,-0.95,-23.801,-0.2409,0.82,
431,14.3667,True,0.0,90.0,90.0,,,,6.0588,103.0,17.0,29.86,0.9162,80,-0.146,-0.95,-0.95,-23.9079,-0.2477,0.8199,
432,14.4,True,-0.0,90.0,90.0,,,,5.5294,94.0,17.0,30.09,0.8679,61,-0.0949,-0.95,-0.95,-50.0158,255.4648,0.8179,
433,14.4333,False,,,,,,,,,,,0.0,0,,-0.95,-0.95,-50.0494,255.7391,0.8178,no_mask
434,14.4667,False,,,,,,,,,,,0.0,0,,-0.93,-0.93,-50.0509,255.9321,0.8174,no_mask
435,14.5,False,,,,,,,,,,,0.0,0,,-0.93,-0.93,-2.1216,0.1333,0.8167,no_mask
436,14.5333,False,,,,,,,,,,,0.0,0,,-0.93,-0.93,21.8049,501.324,0.8164,no_mask
437,14.5667,False,,,,,,,,,,,0.0,0,,-0.93,-0.93,21.2251,5.9645,0.816,no_mask
438,14.6,False,,,,,,,,,,,0.0,0,,-0.62,-0.62,21.4679,3.7553,0.8153,no_mask
439,14.6333,False,,,,,,,,,,,0.0,0,,-0.62,-0.62,21.6998,504.1863,0.8151,no_mask
440,14.6667,False,,,,,,,,,,,0.0,0,,-0.62,-0.62,21.5295,506.2177,0.8139,no_mask
441,14.7,False,,,,,,,,,,,0.0,0,,-0.62,-0.62,-25.3174,-0.2049,0.8123,no_mask
442,14.7333,False,,,,,,,,,,,0.0,0,,-0.62,-0.62,-51.9921,246.3274,0.8114,no_mask
443,14.7667,False,,,,,,,,,,,0.0,0,,-0.62,-0.62,-25.7157,-0.297,0.8111,no_mask
444,14.8,False,,,,,,,,,,,0.0,0,,-0.62,-0.62,-25.9659,-0.28,0.81,no_mask
445,14.8333,False,,,,,,,,,,,0.0,0,,-0.61,-0.61,-26.1616,-0.1803,0.809,no_mask
446,14.8667,False,,,,,,,,,,,0.0,0,,-0.61,-0.61,-26.3572,-0.1648,0.8088,no_mask
447,14.9,False,,,,,,,,,,,0.0,0,,-0.61,-0.61,-26.6242,-0.2242,0.8086,no_mask
448,14.9333,False,,,,,,,,,,,0.0,0,,-0.62,-0.62,-0.6862,1.1473,0.8081,no_mask
449,14.9667,False,,,,,,,,,,,0.0,0,,-0.62,-0.62,22.2863,520.0147,0.8087,no_mask
450,15.0,False,,,,,,,,,,,0.0,0,,-0.62,-0.62,0.7847,0.4876,0.8085,no_mask
451,15.0333,False,,,,,,,,,,,0.0,0,,-0.62,-0.62,-53.6254,275.7121,0.807,no_mask
452,15.0667,False,,,,,,,,,,,0.0,0,,-0.62,-0.62,-53.6631,275.69,0.8068,no_mask
453,15.1,False,,,,,,,,,,,0.0,0,,-0.62,-0.62,-53.8594,247.8254,0.8064,no_mask
454,15.1333,False,,,,,,,,,,,0.0,0,,-0.62,-0.62,-26.6203,-0.703,0.8061,no_mask
455,15.1667,False,,,,,,,,,,,0.0,0,,-0.64,-0.64,-26.87,-0.6166,0.8072,no_mask
456,15.2,False,,,,,,,,,,,0.0,0,,-0.64,-0.64,-27.0756,-0.6756,0.8078,no_mask
457,15.2333,False,,,,,,,,,,,0.0,0,,-0.64,-0.64,-56.1332,258.0177,0.8067,no_mask
458,15.2667,False,,,,,,,,,,,0.0,0,,-0.64,-0.64,-27.5604,-0.7236,0.8069,no_mask
459,15.3,False,,,,,,,,,,,0.0,0,,-0.64,-0.64,-56.2964,259.7498,0.8074,no_mask
460,15.3333,False,,,,,,,,,,,0.0,0,,-0.64,-0.64,-56.3129,259.8028,0.8071,no_mask
461,15.3667,False,,,,,,,,,,,0.0,0,,-0.64,-0.64,1.5358,-0.6137,0.8071,no_mask
462,15.4,False,,,,,,,,,,,0.0,0,,-0.64,-0.64,1.5568,-0.9016,0.807,no_mask
463,15.4333,False,,,,,,,,,,,0.0,0,,-0.91,-0.91,1.5602,-1.8063,0.8079,no_mask
464,15.4667,False,,,,,,,,,,,0.0,0,,-0.91,-0.91,21.8774,19.4844,0.8086,no_mask
465,15.5,False,,,,,,,,,,,0.0,0,,-0.91,-0.91,1.9015,-2.6511,0.809,no_mask
466,15.5333,False,,,,,,,,,,,0.0,0,,-0.91,-0.91,1.4207,-2.4594,0.8088,no_mask
467,15.5667,False,,,,,,,,,,,0.0,0,,-0.91,-0.91,-28.171,-0.7467,0.8094,no_mask
468,15.6,False,,,,,,,,,,,0.0,0,,-0.91,-0.91,1.526,-2.2047,0.8104,no_mask
469,15.6333,False,,,,,,,,,,,0.0,0,,-0.91,-0.91,-28.3412,-0.7581,0.8092,no_mask
470,15.6667,False,,,,,,,,,,,0.0,0,,-0.93,-0.93,-28.4329,-0.7573,0.8086,no_mask
471,15.7,False,,,,,,,,,,,0.0,0,,-0.93,-0.93,21.6189,24.7354,0.8096,no_mask
472,15.7333,False,,,,,,,,,,,0.0,0,,-0.93,-0.93,-55.946,274.3051,0.8122,no_mask
473,15.7667,False,,,,,,,,,,,0.0,0,,-0.93,-0.93,-28.8958,-0.7861,0.8131,no_mask
474,15.8,False,,,,,,,,,,,0.0,0,,-0.93,-0.93,-55.9955,278.1102,0.8137,no_mask
475,15.8333,False,,,,,,,,,,,0.0,0,,-0.93,-0.93,-29.2678,-0.773,0.8147,no_mask
476,15.8667,False,,,,,,,,,,,0.0,0,,-0.93,-0.93,-29.3286,-0.7174,0.8164,no_mask
477,15.9,False,,,,,,,,,,,0.0,0,,-0.93,-0.93,-55.9742,285.805,0.8173,no_mask
478,15.9333,False,,,,,,,,,,,0.0,0,,-0.93,-0.93,-30.0271,-0.6491,0.8208,no_mask
479,15.9667,False,,,,,,,,,,,0.0,0,,-0.93,-0.93,-30.3154,-0.6061,0.8225,no_mask
480,16.0,False,,,,,,,,,,,0.0,0,,-0.93,-0.93,-30.5684,-0.552,0.8225,no_mask
481,16.0333,False,,,,,,,,,,,0.0,0,,-0.93,-0.93,-30.8271,-0.4883,0.823,no_mask
482,16.0667,False,,,,,,,,,,,0.0,0,,-0.93,-0.93,13.0713,49.998,0.8238,no_mask
483,16.1,False,,,,,,,,,,,0.0,0,,-0.91,-0.91,-30.425,-0.3021,0.8253,no_mask
484,16.1333,False,,,,,,,,,,,0.0,0,,-0.91,-0.91,-54.1098,299.6439,0.8261,no_mask
485,16.1667,False,,,,,,,,,,,0.0,0,,-0.91,-0.91,-54.2974,300.9279,0.8271,no_mask
486,16.2,False,,,,,,,,,,,0.0,0,,-0.64,-0.64,-54.1138,303.6768,0.8284,no_mask
487,16.2333,False,,,,,,,,,,,0.0,0,,-0.64,-0.64,-53.7991,306.9642,0.8288,no_mask
488,16.2667,False,,,,,,,,,,,0.0,0,,-0.64,-0.64,-31.3435,-0.1277,0.8294,no_mask
489,16.3,False,,,,,,,,,,,0.0,0,,-0.64,-0.64,-31.5274,-0.1401,0.831,no_mask
490,16.3333,False,,,,,,,,,,,0.0,0,,-0.62,-0.62,-31.7234,-0.1048,0.8313,no_mask
491,16.3667,False,,,,,,,,,,,0.0,0,,-0.62,-0.62,-31.91,-0.0957,0.8332,no_mask
492,16.4,False,,,,,,,,,,,0.0,0,,-0.62,-0.62,-32.0481,-0.1082,0.8345,no_mask
493,16.4333,False,,,,,,,,,,,0.0,0,,-0.62,-0.62,-32.1749,-0.1043,0.8351,no_mask
494,16.4667,False,,,,,,,,,,,0.0,0,,-0.62,-0.62,-32.3231,-0.0676,0.8355,no_mask
495,16.5,False,,,,,,,,,,,0.0,0,,-0.62,-0.62,-32.4751,-0.0499,0.8369,no_mask
496,16.5333,False,,,,,,,,,,,0.0,0,,-0.62,-0.62,-32.5987,-0.0269,0.8371,no_mask
497,16.5667,False,,,,,,,,,,,0.0,0,,-0.62,-0.62,-32.7649,0.0024,0.8381,no_mask
498,16.6,False,,,,,,,,,,,0.0,0,,-0.62,-0.62,-52.2723,325.4257,0.8392,no_mask
499,16.6333,False,,,,,,,,,,,0.0,0,,-0.62,-0.62,-52.1686,327.4739,0.8395,no_mask
500,16.6667,False,,,,,,,,,,,0.0,0,,-0.62,-0.62,-52.3286,329.7059,0.8402,no_mask
501,16.7,False,,,,,,,,,,,0.0,0,,-0.26,-0.26,-0.6863,-0.9743,0.8786,no_mask
502,16.7333,False,,,,,,,,,,,0.0,0,,-0.26,-0.26,-0.0784,-1.0861,0.8785,no_mask
503,16.7667,False,,,,,,,,,,,0.0,0,,-0.26,-0.26,-0.25,-0.9562,0.8785,no_mask
504,16.8,False,,,,,,,,,,,0.0,0,,-0.26,-0.26,-0.4418,-1.1218,0.8784,no_mask
505,16.8333,False,,,,,,,,,,,0.0,0,,-0.26,-0.26,-0.6653,-1.2569,0.8783,no_mask
506,16.8667,False,,,,,,,,,,,0.0,0,,-0.26,-0.26,-0.2928,-1.0904,0.8782,no_mask
507,16.9,False,,,,,,,,,,,0.0,0,,-0.26,-0.26,-0.2402,-1.1325,0.8781,no_mask
508,16.9333,False,,,,,,,,,,,0.0,0,,-0.26,-0.26,-0.1259,-1.0897,0.878,no_mask
509,16.9667,False,,,,,,,,,,,0.0,0,,-0.26,-0.26,-33.0892,0.7886,0.8778,no_mask
510,17.0,False,,,,,,,,,,,0.0,0,,-0.26,-0.26,-33.217,0.7356,0.8777,no_mask
511,17.0333,False,,,,,,,,,,,0.0,0,,-0.26,-0.26,-33.3824,0.7042,0.8776,no_mask
512,17.0667,False,,,,,,,,,,,0.0,0,,-0.26,-0.26,-33.5308,0.7024,0.8775,no_mask
513,17.1,False,,,,,,,,,,,0.0,0,,-0.26,-0.26,-33.725,0.6789,0.8774,no_mask
514,17.1333,False,,,,,,,,,,,0.0,0,,-0.26,-0.26,-33.8948,0.6243,0.8772,no_mask
515,17.1667,False,,,,,,,,,,,0.0,0,,-0.26,-0.26,-34.1038,0.5897,0.8771,no_mask
516,17.2,False,,,,,,,,,,,0.0,0,,-0.26,-0.26,-34.2817,0.544,0.877,no_mask
517,17.2333,False,,,,,,,,,,,0.0,0,,-0.26,-0.26,-34.506,0.5323,0.8768,no_mask
518,17.2667,False,,,,,,,,,,,0.0,0,,-0.26,-0.26,0.5143,-1.2967,0.8767,no_mask
519,17.3,False,,,,,,,,,,,0.0,0,,-0.26,-0.26,0.2936,-1.047,0.8767,no_mask
520,17.3333,False,,,,,,,,,,,0.0,0,,-0.26,-0.26,0.0618,-0.9077,0.8765,no_mask
521,17.3667,False,,,,,,,,,,,0.0,0,,-0.26,-0.26,-0.0468,-0.9277,0.8764,no_mask
522,17.4,False,,,,,,,,,,,0.0,0,,-0.26,-0.26,-0.0996,-1.0223,0.8763,no_mask
523,17.4333,False,,,,,,,,,,,0.0,0,,-0.26,-0.26,-0.235,-1.0228,0.8762,no_mask
524,17.4667,False,,,,,,,,,,,0.0,0,,-0.26,-0.26,-0.24,-1.0711,0.876,no_mask
525,17.5,False,,,,,,,,,,,0.0,0,,-0.26,-0.26,-0.3858,-1.0442,0.8758,no_mask
526,17.5333,False,,,,,,,,,,,0.0,0,,-0.26,-0.26,-0.3537,-1.1089,0.8757,no_mask
527,17.5667,False,,,,,,,,,,,0.0,0,,-0.26,-0.26,-0.3912,-0.9103,0.8757,no_mask
528,17.6,False,,,,,,,,,,,0.0,0,,-0.26,-0.26,-0.3757,-0.9298,0.8756,no_mask
529,17.6333,False,,,,,,,,,,,0.0,0,,-0.26,-0.26,-0.4197,-0.7367,0.8755,no_mask
530,17.6667,False,,,,,,,,,,,0.0,0,,-0.26,-0.26,-0.3737,-0.7306,0.8754,no_mask
531,17.7,False,,,,,,,,,,,0.0,0,,-0.26,-0.26,-0.4751,-0.673,0.8753,no_mask
532,17.7333,False,,,,,,,,,,,0.0,0,,-0.26,-0.26,-0.6308,-0.7872,0.8751,no_mask
533,17.7667,False,,,,,,,,,,,0.0,0,,-0.26,-0.26,-36.7303,0.9097,0.8749,no_mask
534,17.8,False,,,,,,,,,,,0.0,0,,-0.26,-0.26,-0.5366,-0.7095,0.8748,no_mask
535,17.8333,False,,,,,,,,,,,0.0,0,,-0.26,-0.26,-0.5625,-0.6618,0.8748,no_mask
536,17.8667,False,,,,,,,,,,,0.0,0,,-0.26,-0.26,-0.6504,-0.5556,0.8747,no_mask
537,17.9,False,,,,,,,,,,,0.0,0,,-0.26,-0.26,-0.6033,-0.4159,0.8746,no_mask
538,17.9333,False,,,,,,,,,,,0.0,0,,-0.26,-0.26,-0.5898,-0.3354,0.8744,no_mask
539,17.9667,False,,,,,,,,,,,0.0,0,,-0.25,-0.25,-0.6336,-0.4685,0.8743,no_mask
540,18.0,False,,,,,,,,,,,0.0,0,,-0.25,-0.25,-37.701,0.818,0.8741,no_mask
541,18.0333,False,,,,,,,,,,,0.0,0,,-0.25,-0.25,-38.0227,0.8689,0.8739,no_mask
542,18.0667,False,,,,,,,,,,,0.0,0,,-0.25,-0.25,-38.2951,0.905,0.8737,no_mask
543,18.1,False,,,,,,,,,,,0.0,0,,-0.25,-0.25,-38.5597,0.9685,0.8737,no_mask
544,18.1333,False,,,,,,,,,,,0.0,0,,-0.25,-0.25,-0.5736,-0.3607,0.8736,no_mask
545,18.1667,False,,,,,,,,,,,0.0,0,,-0.25,-0.25,-0.3391,-0.5692,0.8735,no_mask
546,18.2,False,,,,,,,,,,,0.0,0,,-0.25,-0.25,-0.2689,-0.5918,0.8733,no_mask
547,18.2333,False,,,,,,,,,,,0.0,0,,-0.25,-0.25,-0.2764,-0.6077,0.8732,no_mask
548,18.2667,False,,,,,,,,,,,0.0,0,,-0.25,-0.25,-0.2454,-0.7085,0.873,no_mask
549,18.3,False,,,,,,,,,,,0.0,0,,-0.25,-0.25,-38.837,1.2284,0.8729,no_mask
550,18.3333,False,,,,,,,,,,,0.0,0,,-0.25,-0.25,0.0574,-0.6886,0.8728,no_mask
551,18.3667,False,,,,,,,,,,,0.0,0,,-0.25,-0.25,-39.2961,1.2634,0.8728,no_mask
552,18.4,False,,,,,,,,,,,0.0,0,,-0.24,-0.24,-39.5251,1.234,0.8727,no_mask
553,18.4333,False,,,,,,,,,,,0.0,0,,-0.24,-0.24,-39.7633,1.2269,0.8726,no_mask
554,18.4667,False,,,,,,,,,,,0.0,0,,-0.24,-0.24,-39.99,1.2301,0.8725,no_mask
555,18.5,False,,,,,,,,,,,0.0,0,,-0.24,-0.24,-40.2286,1.2244,0.8724,no_mask
556,18.5333,False,,,,,,,,,,,0.0,0,,-0.24,-0.24,-40.4838,1.1978,0.8722,no_mask
557,18.5667,False,,,,,,,,,,,0.0,0,,-0.24,-0.24,-40.7542,1.1845,0.8721,no_mask
558,18.6,False,,,,,,,,,,,0.0,0,,-0.24,-0.24,-40.9699,1.1719,0.8719,no_mask
559,18.6333,False,,,,,,,,,,,0.0,0,,-0.24,-0.24,0.5037,-0.2188,0.8719,no_mask
560,18.6667,False,,,,,,,,,,,0.0,0,,-0.24,-0.24,0.59,-0.12,0.8718,no_mask
561,18.7,False,,,,,,,,,,,0.0,0,,-0.24,-0.24,0.4801,-0.2917,0.8718,no_mask
562,18.7333,False,,,,,,,,,,,0.0,0,,-0.24,-0.24,0.4222,-0.3438,0.8716,no_mask
563,18.7667,False,,,,,,,,,,,0.0,0,,-0.24,-0.24,0.2967,-0.4337,0.8714,no_mask
564,18.8,False,,,,,,,,,,,0.0,0,,-0.24,-0.24,0.1879,-0.5367,0.8713,no_mask
565,18.8333,False,,,,,,,,,,,0.0,0,,-0.24,-0.24,0.1235,-0.4674,0.8711,no_mask
566,18.8667,False,,,,,,,,,,,0.0,0,,-0.24,-0.24,-41.1753,1.1681,0.871,no_mask
567,18.9,False,,,,,,,,,,,0.0,0,,-0.24,-0.24,-41.4088,1.1598,0.871,no_mask
568,18.9333,False,,,,,,,,,,,0.0,0,,-0.24,-0.24,-41.6159,1.1563,0.8709,no_mask
569,18.9667,False,,,,,,,,,,,0.0,0,,-0.24,-0.24,-41.8441,1.1389,0.8709,no_mask
570,19.0,False,,,,,,,,,,,0.0,0,,-0.24,-0.24,-42.0993,1.1427,0.8707,no_mask
571,19.0333,False,,,,,,,,,,,0.0,0,,-0.24,-0.24,-42.2974,1.1767,0.8706,no_mask
572,19.0667,False,,,,,,,,,,,0.0,0,,-0.24,-0.24,-42.5053,1.1721,0.8705,no_mask
573,19.1,False,,,,,,,,,,,0.0,0,,-0.24,-0.24,-42.7244,1.1911,0.8703,no_mask
574,19.1333,False,,,,,,,,,,,0.0,0,,-0.24,-0.24,-42.9019,1.252,0.8702,no_mask
575,19.1667,False,,,,,,,,,,,0.0,0,,-0.22,-0.22,-43.0865,1.3291,0.8702,no_mask
576,19.2,False,,,,,,,,,,,0.0,0,,-0.22,-0.22,-43.2671,1.3996,0.8701,no_mask
577,19.2333,False,,,,,,,,,,,0.0,0,,-0.22,-0.22,-0.4313,-0.9152,0.8701,no_mask
578,19.2667,False,,,,,,,,,,,0.0,0,,-0.22,-0.22,-0.3489,-0.7922,0.87,no_mask
579,19.3,False,,,,,,,,,,,0.0,0,,-0.22,-0.22,-0.2896,-0.6976,0.8699,no_mask
580,19.3333,False,,,,,,,,,,,0.0,0,,-0.22,-0.22,-0.4326,-1.0439,0.8697,no_mask
581,19.3667,False,,,,,,,,,,,0.0,0,,-0.22,-0.22,-0.4176,-0.9017,0.8696,no_mask
582,19.4,False,,,,,,,,,,,0.0,0,,-0.22,-0.22,-42.8463,1.8811,0.8696,no_mask
583,19.4333,False,,,,,,,,,,,0.0,0,,-0.22,-0.22,-43.1136,1.8967,0.8696,no_mask
584,19.4667,False,,,,,,,,,,,0.0,0,,-0.22,-0.22,-43.4314,1.9384,0.8695,no_mask
585,19.5,False,,,,,,,,,,,0.0,0,,-0.22,-0.22,-43.7342,1.9305,0.8695,no_mask
586,19.5333,False,,,,,,,,,,,0.0,0,,-0.22,-0.22,-44.0392,1.9373,0.8694,no_mask
587,19.5667,False,,,,,,,,,,,0.0,0,,-0.22,-0.22,-44.3413,1.9525,0.8693,no_mask
588,19.6,False,,,,,,,,,,,0.0,0,,-0.22,-0.22,-44.6236,1.9898,0.8692,no_mask
589,19.6333,False,,,,,,,,,,,0.0,0,,-0.22,-0.22,-44.9146,2.0372,0.8691,no_mask
590,19.6667,False,,,,,,,,,,,0.0,0,,-0.22,-0.22,-45.1183,2.0769,0.869,no_mask
591,19.7,False,,,,,,,,,,,0.0,0,,-0.22,-0.22,-45.295,2.1149,0.869,no_mask
592,19.7333,False,,,,,,,,,,,0.0,0,,-0.22,-0.22,-45.4521,2.1559,0.8689,no_mask
593,19.7667,False,,,,,,,,,,,0.0,0,,-0.22,-0.22,-45.654,2.2184,0.8688,no_mask
594,19.8,False,,,,,,,,,,,0.0,0,,-0.22,-0.22,-44.3853,2.2428,0.8686,no_mask
595,19.8333,False,,,,,,,,,,,0.0,0,,-0.22,-0.22,-44.5621,2.2787,0.8686,no_mask
596,19.8667,False,,,,,,,,,,,0.0,0,,-0.22,-0.22,-44.7564,2.3004,0.8684,no_mask
597,19.9,False,,,,,,,,,,,0.0,0,,-0.22,-0.22,-44.9668,2.3713,0.8682,no_mask
598,19.9333,False,,,,,,,,,,,0.0,0,,-0.22,-0.22,-45.1907,2.3683,0.8681,no_mask
599,19.9667,False,,,,,,,,,,,0.0,0,,-0.22,-0.22,-45.3907,2.346,0.8682,no_mask
600,20.0,False,,,,,,,,,,,0.0,0,,-0.22,-0.22,-45.614,2.3644,0.8681,no_mask
601,20.0333,False,,,,,,,,,,,0.0,0,,-0.22,-0.22,-45.8193,2.3727,0.8681,no_mask
602,20.0667,False,,,,,,,,,,,0.0,0,,-0.22,-0.22,-46.0616,2.3966,0.868,no_mask
603,20.1,False,,,,,,,,,,,0.0,0,,-0.22,-0.22,-46.2929,2.3894,0.8679,no_mask
604,20.1333,False,,,,,,,,,,,0.0,0,,-0.22,-0.22,-46.4911,2.3746,0.8678,no_mask
605,20.1667,False,,,,,,,,,,,0.0,0,,-0.22,-0.22,-46.7303,2.3799,0.8677,no_mask
606,20.2,False,,,,,,,,,,,0.0,0,,-0.22,-0.22,-46.8884,2.3393,0.8677,no_mask
607,20.2333,False,,,,,,,,,,,0.0,0,,-0.22,-0.22,-47.0174,2.3384,0.8677,no_mask
608,20.2667,False,,,,,,,,,,,0.0,0,,-0.22,-0.22,-47.1309,2.3279,0.8676,no_mask
609,20.3,False,,,,,,,,,,,0.0,0,,-0.22,-0.22,-47.2604,2.3075,0.8677,no_mask
610,20.3333,False,,,,,,,,,,,0.0,0,,-0.24,-0.24,-47.3987,2.3027,0.8676,no_mask
611,20.3667,False,,,,,,,,,,,0.0,0,,-0.24,-0.24,-47.4946,2.2895,0.8675,no_mask
612,20.4,False,,,,,,,,,,,0.0,0,,-0.24,-0.24,-47.5811,2.2933,0.8675,no_mask
613,20.4333,False,,,,,,,,,,,0.0,0,,-0.24,-0.24,-46.3201,2.3618,0.8674,no_mask
614,20.4667,False,,,,,,,,,,,0.0,0,,-0.24,-0.24,-46.4493,2.3346,0.8674,no_mask
615,20.5,False,,,,,,,,,,,0.0,0,,-0.24,-0.24,-46.6085,2.2856,0.8673,no_mask
616,20.5333,False,,,,,,,,,,,0.0,0,,-0.24,-0.24,-46.7677,2.2502,0.8673,no_mask
617,20.5667,False,,,,,,,,,,,0.0,0,,-0.24,-0.24,-46.926,2.185,0.8673,no_mask
618,20.6,False,,,,,,,,,,,0.0,0,,-0.24,-0.24,-47.1086,2.1534,0.8671,no_mask
619,20.6333,False,,,,,,,,,,,0.0,0,,-0.24,-0.24,-47.2832,2.0717,0.8671,no_mask
620,20.6667,False,,,,,,,,,,,0.0,0,,-0.24,-0.24,-47.4651,2.0242,0.8669,no_mask
621,20.7,False,,,,,,,,,,,0.0,0,,-0.24,-0.24,-47.6183,1.9459,0.8669,no_mask
622,20.7333,False,,,,,,,,,,,0.0,0,,-0.24,-0.24,-47.876,1.9477,0.8668,no_mask
623,20.7667,False,,,,,,,,,,,0.0,0,,-0.24,-0.24,-48.1387,1.9468,0.8668,no_mask
624,20.8,False,,,,,,,,,,,0.0,0,,-0.24,-0.24,-48.3524,1.9612,0.8667,no_mask
625,20.8333,False,,,,,,,,,,,0.0,0,,-0.24,-0.24,-48.6021,1.9453,0.8666,no_mask
626,20.8667,False,,,,,,,,,,,0.0,0,,-0.24,-0.24,-48.6642,1.9473,0.8667,no_mask
627,20.9,False,,,,,,,,,,,0.0,0,,-0.24,-0.24,-48.8961,1.7105,0.8664,no_mask
628,20.9333,False,,,,,,,,,,,0.0,0,,-0.24,-0.24,-49.0814,1.6827,0.8663,no_mask
629,20.9667,False,,,,,,,,,,,0.0,0,,-0.24,-0.24,-49.2654,1.6918,0.8663,no_mask
630,21.0,False,,,,,,,,,,,0.0,0,,-0.24,-0.24,-49.4525,1.6554,0.8663,no_mask
631,21.0333,False,,,,,,,,,,,0.0,0,,-0.24,-0.24,-48.3467,1.7066,0.8662,no_mask
632,21.0667,False,,,,,,,,,,,0.0,0,,-0.24,-0.24,-48.5192,1.7115,0.8661,no_mask
633,21.1,False,,,,,,,,,,,0.0,0,,-0.24,-0.24,-48.7077,1.7097,0.866,no_mask
634,21.1333,False,,,,,,,,,,,0.0,0,,-0.24,-0.24,-48.8746,1.7087,0.8659,no_mask
635,21.1667,False,,,,,,,,,,,0.0,0,,-0.24,-0.24,-49.0452,1.7274,0.8658,no_mask
636,21.2,False,,,,,,,,,,,0.0,0,,-0.24,-0.24,-49.2103,1.6724,0.8656,no_mask
637,21.2333,False,,,,,,,,,,,0.0,0,,-0.24,-0.24,-49.3881,1.6476,0.8656,no_mask
638,21.2667,False,,,,,,,,,,,0.0,0,,-0.24,-0.24,-49.5552,1.6537,0.8654,no_mask
639,21.3,False,,,,,,,,,,,0.0,0,,-0.24,-0.24,-49.7466,1.6289,0.8654,no_mask
640,21.3333,False,,,,,,,,,,,0.0,0,,-0.24,-0.24,-49.9118,1.604,0.8651,no_mask
641,21.3667,False,,,,,,,,,,,0.0,0,,-0.24,-0.24,-50.1029,1.5941,0.865,no_mask
642,21.4,False,,,,,,,,,,,0.0,0,,-0.24,-0.24,-50.2899,1.5618,0.8649,no_mask
643,21.4333,False,,,,,,,,,,,0.0,0,,-0.24,-0.24,-50.4633,1.5251,0.8647,no_mask
644,21.4667,False,,,,,,,,,,,0.0,0,,-0.24,-0.24,-50.6994,1.5554,0.8645,no_mask
645,21.5,False,,,,,,,,,,,0.0,0,,-0.24,-0.24,-50.9479,1.5296,0.8645,no_mask
646,21.5333,False,,,,,,,,,,,0.0,0,,-0.24,-0.24,-51.2072,1.4934,0.8644,no_mask
647,21.5667,False,,,,,,,,,,,0.0,0,,-0.24,-0.24,-51.4559,1.485,0.8643,no_mask
648,21.6,False,,,,,,,,,,,0.0,0,,-0.24,-0.24,-1.0206,-1.121,0.8641,no_mask
649,21.6333,False,,,,,,,,,,,0.0,0,,-0.24,-0.24,-50.5559,1.5693,0.864,no_mask
650,21.6667,False,,,,,,,,,,,0.0,0,,-0.24,-0.24,-50.7786,1.595,0.8639,no_mask
651,21.7,False,,,,,,,,,,,0.0,0,,-0.24,-0.24,-51.0146,1.6053,0.8638,no_mask
652,21.7333,False,,,,,,,,,,,0.0,0,,-0.24,-0.24,-51.4273,1.508,0.8636,no_mask
653,21.7667,False,,,,,,,,,,,0.0,0,,-0.24,-0.24,-51.8397,1.442,0.8636,no_mask
654,21.8,False,,,,,,,,,,,0.0,0,,-0.24,-0.24,-52.2746,1.3592,0.8634,no_mask
655,21.8333,False,,,,,,,,,,,0.0,0,,-0.24,-0.24,-52.7135,1.2685,0.8634,no_mask
656,21.8667,False,,,,,,,,,,,0.0,0,,-0.24,-0.24,-53.0079,1.2275,0.8631,no_mask
657,21.9,False,,,,,,,,,,,0.0,0,,-0.24,-0.24,-53.2213,1.15,0.8629,no_mask
658,21.9333,False,,,,,,,,,,,0.0,0,,-0.24,-0.24,-0.3657,-0.846,0.8627,no_mask
659,21.9667,False,,,,,,,,,,,0.0,0,,-0.24,-0.24,-0.1256,-1.1298,0.8626,no_mask
660,22.0,False,,,,,,,,,,,0.0,0,,-0.24,-0.24,-0.2478,-0.8046,0.8623,no_mask
661,22.0333,False,,,,,,,,,,,0.0,0,,-0.24,-0.24,-0.3093,-0.9747,0.8622,no_mask
662,22.0667,False,,,,,,,,,,,0.0,0,,-0.24,-0.24,-0.5524,-0.8917,0.8619,no_mask
663,22.1,False,,,,,,,,,,,0.0,0,,-0.24,-0.24,-53.1992,1.1207,0.8618,no_mask
664,22.1333,False,,,,,,,,,,,0.0,0,,-0.24,-0.24,-53.4403,1.0307,0.8615,no_mask
665,22.1667,False,,,,,,,,,,,0.0,0,,-0.24,-0.24,-53.6637,0.9873,0.8613,no_mask
666,22.2,False,,,,,,,,,,,0.0,0,,-0.24,-0.24,-53.8904,0.9035,0.861,no_mask
667,22.2333,False,,,,,,,,,,,0.0,0,,-0.24,-0.24,-54.1518,0.8434,0.8609,no_mask
668,22.2667,False,,,,,,,,,,,0.0,0,,-0.24,-0.24,-54.3263,0.7504,0.8605,no_mask
669,22.3,False,,,,,,,,,,,0.0,0,,-0.24,-0.24,-54.528,0.6492,0.8604,no_mask
670,22.3333,False,,,,,,,,,,,0.0,0,,-0.24,-0.24,-54.7223,0.5852,0.8601,no_mask
671,22.3667,False,,,,,,,,,,,0.0,0,,-0.24,-0.24,-54.8974,0.5214,0.86,no_mask
672,22.4,False,,,,,,,,,,,0.0,0,,-0.24,-0.24,-55.0932,0.4413,0.8596,no_mask
673,22.4333,False,,,,,,,,,,,0.0,0,,-0.24,-0.24,-55.259,0.3775,0.8594,no_mask
674,22.4667,False,,,,,,,,,,,0.0,0,,-0.24,-0.24,-55.4197,0.3003,0.8591,no_mask
675,22.5,False,,,,,,,,,,,0.0,0,,-0.24,-0.24,-55.5738,0.2298,0.859,no_mask
676,22.5333,False,,,,,,,,,,,0.0,0,,-0.24,-0.24,-54.5615,0.3108,0.8585,no_mask
677,22.5667,False,,,,,,,,,,,0.0,0,,-0.25,-0.25,-54.8128,0.2342,0.8583,no_mask
678,22.6,False,,,,,,,,,,,0.0,0,,-0.25,-0.25,-55.0923,0.1349,0.8579,no_mask
679,22.6333,False,,,,,,,,,,,0.0,0,,-0.25,-0.25,-55.3983,0.0746,0.8577,no_mask
680,22.6667,False,,,,,,,,,,,0.0,0,,-0.25,-0.25,-55.7096,0.0235,0.8571,no_mask
681,22.7,False,,,,,,,,,,,0.0,0,,-0.25,-0.25,-55.9998,-0.0916,0.8568,no_mask
682,22.7333,False,,,,,,,,,,,0.0,0,,-0.25,-0.25,-56.2911,-0.1493,0.8564,no_mask
683,22.7667,False,,,,,,,,,,,0.0,0,,-0.25,-0.25,-56.5628,-0.2244,0.8561,no_mask
684,22.8,False,,,,,,,,,,,0.0,0,,-0.25,-0.25,-56.878,-0.2716,0.8556,no_mask
685,22.8333,False,,,,,,,,,,,0.0,0,,-0.25,-0.25,-57.2051,-0.2595,0.8554,no_mask
686,22.8667,False,,,,,,,,,,,0.0,0,,-0.25,-0.25,-57.554,-0.3127,0.8551,no_mask
687,22.9,False,,,,,,,,,,,0.0,0,,-0.25,-0.25,-0.5397,0.3493,0.8549,no_mask
688,22.9333,False,,,,,,,,,,,0.0,0,,-0.25,-0.25,-0.3811,0.4446,0.8544,no_mask
689,22.9667,False,,,,,,,,,,,0.0,0,,-0.26,-0.26,-57.3847,-0.3681,0.8541,no_mask
690,23.0,False,,,,,,,,,,,0.0,0,,-0.26,-0.26,-57.7865,-0.4056,0.8538,no_mask
691,23.0333,False,,,,,,,,,,,0.0,0,,-0.26,-0.26,-58.1417,-0.4146,0.8535,no_mask
692,23.0667,False,,,,,,,,,,,0.0,0,,-0.26,-0.26,-58.4373,-0.498,0.8531,no_mask
693,23.1,False,,,,,,,,,,,0.0,0,,-0.26,-0.26,-58.7485,-0.487,0.8531,no_mask
694,23.1333,False,,,,,,,,,,,0.0,0,,-0.26,-0.26,-59.0024,-0.5087,0.8528,no_mask
695,23.1667,False,,,,,,,,,,,0.0,0,,-0.26,-0.26,-59.3209,-0.545,0.8528,no_mask
696,23.2,False,,,,,,,,,,,0.0,0,,-0.26,-0.26,-59.5797,-0.5494,0.8525,no_mask
697,23.2333,False,,,,,,,,,,,0.0,0,,-0.26,-0.26,-0.2807,0.2058,0.8525,no_mask
698,23.2667,False,,,,,,,,,,,0.0,0,,-0.26,-0.26,-0.4224,0.274,0.8533,no_mask
699,23.3,False,,,,,,,,,,,0.0,0,,-0.26,-0.26,-59.0934,-0.4741,0.8536,no_mask
700,23.3333,False,,,,,,,,,,,0.0,0,,-0.26,-0.26,-59.3627,-0.4998,0.8534,no_mask
701,23.3667,False,,,,,,,,,,,0.0,0,,-0.26,-0.26,-59.5905,-0.5187,0.8535,no_mask
702,23.4,False,,,,,,,,,,,0.0,0,,-0.26,-0.26,-59.8096,-0.5153,0.8536,no_mask
703,23.4333,False,,,,,,,,,,,0.0,0,,-0.26,-0.26,-60.0589,-0.4965,0.8538,no_mask
704,23.4667,False,,,,,,,,,,,0.0,0,,-0.26,-0.26,-60.292,-0.4977,0.8536,no_mask
705,23.5,False,,,,,,,,,,,0.0,0,,-0.26,-0.26,-60.5109,-0.5164,0.8536,no_mask
706,23.5333,False,,,,,,,,,,,0.0,0,,-0.26,-0.26,-60.7465,-0.5567,0.8534,no_mask
707,23.5667,False,,,,,,,,,,,0.0,0,,-0.26,-0.26,-60.9733,-0.531,0.8535,no_mask
708,23.6,False,,,,,,,,,,,0.0,0,,-0.26,-0.26,-61.2016,-0.5278,0.853,no_mask
709,23.6333,False,,,,,,,,,,,0.0,0,,-0.26,-0.26,-61.5075,-0.554,0.8529,no_mask
710,23.6667,False,,,,,,,,,,,0.0,0,,-0.28,-0.28,0.2608,-0.9577,0.8525,no_mask
711,23.7,False,,,,,,,,,,,0.0,0,,-0.59,-0.59,-0.0452,-0.7108,0.8525,no_mask
712,23.7333,False,,,,,,,,,,,0.0,0,,-0.59,-0.59,0.2783,-0.6489,0.852,no_mask
713,23.7667,False,,,,,,,,,,,0.0,0,,-0.59,-0.59,-61.5759,-0.612,0.8519,no_mask
714,23.8,False,,,,,,,,,,,0.0,0,,-0.59,-0.59,-61.8774,-0.6307,0.8515,no_mask
715,23.8333,False,,,,,,,,,,,0.0,0,,-0.61,-0.61,-62.1766,-0.6276,0.8514,no_mask
716,23.8667,False,,,,,,,,,,,0.0,0,,-0.61,-0.61,-62.4803,-0.6482,0.8509,no_mask
717,23.9,False,,,,,,,,,,,0.0,0,,-0.61,-0.61,0.5388,-2.0626,0.8508,no_mask
718,23.9333,False,,,,,,,,,,,0.0,0,,-0.61,-0.61,0.7695,-2.1017,0.8505,no_mask
719,23.9667,False,,,,,,,,,,,0.0,0,,-0.61,-0.61,0.9147,-2.3702,0.8504,no_mask
720,24.0,False,,,,,,,,,,,0.0,0,,-0.61,-0.61,-0.0612,-1.5948,0.8492,no_mask
721,24.0333,False,,,,,,,,,,,0.0,0,,-0.62,-0.62,-0.1489,-2.2415,0.8493,no_mask
722,24.0667,False,,,,,,,,,,,0.0,0,,-0.62,-0.62,-0.2965,-2.7625,0.8492,no_mask
723,24.1,False,,,,,,,,,,,0.0,0,,-0.62,-0.62,-0.4389,-1.8242,0.8486,no_mask
724,24.1333,False,,,,,,,,,,,0.0,0,,-0.62,-0.62,-0.4267,-2.1052,0.8482,no_mask
725,24.1667,False,,,,,,,,,,,0.0,0,,-0.62,-0.62,-0.5271,-1.8912,0.8482,no_mask
726,24.2,False,,,,,,,,,,,0.0,0,,-0.62,-0.62,-0.2842,-2.1881,0.847,no_mask
727,24.2333,False,,,,,,,,,,,0.0,0,,-0.64,-0.64,-0.1523,-1.4952,0.8467,no_mask
728,24.2667,False,,,,,,,,,,,0.0,0,,-0.64,-0.64,-0.352,-1.0666,0.8461,no_mask
729,24.3,False,,,,,,,,,,,0.0,0,,-0.9,-0.9,-0.3744,-1.0659,0.8457,no_mask
730,24.3333,False,,,,,,,,,,,0.0,0,,-0.91,-0.91,-0.707,-0.4989,0.8452,no_mask
731,24.3667,False,,,,,,,,,,,0.0,0,,-0.93,-0.93,-1.4162,-0.5482,0.8449,no_mask
732,24.4,False,,,,,,,,,,,0.0,0,,-0.93,-0.93,-1.3903,0.8399,0.8456,no_mask
733,24.4333,False,,,,,,,,,,,0.0,0,,-0.93,-0.93,-1.9708,0.7874,0.8458,no_mask
734,24.4667,False,,,,,,,,,,,0.0,0,,-0.93,-0.93,-2.244,1.1755,0.8461,no_mask
735,24.5,False,,,,,,,,,,,0.0,0,,-0.93,-0.93,-2.5748,1.7672,0.8466,no_mask
736,24.5333,False,,,,,,,,,,,0.0,0,,-0.93,-0.93,-2.9854,1.0715,0.8462,no_mask
737,24.5667,False,,,,,,,,,,,0.0,0,,-0.93,-0.93,-3.1742,0.4719,0.8464,no_mask
738,24.6,False,,,,,,,,,,,0.0,0,,-0.93,-0.93,-3.2078,1.783,0.8463,no_mask
739,24.6333,False,,,,,,,,,,,0.0,0,,-0.93,-0.93,-2.4641,1.8783,0.8464,no_mask
740,24.6667,False,,,,,,,,,,,0.0,0,,-0.93,-0.93,-0.8819,2.3625,0.8459,no_mask
741,24.7,False,,,,,,,,,,,0.0,0,,-0.93,-0.93,0.9313,1.9351,0.8461,no_mask
742,24.7333,False,,,,,,,,,,,0.0,0,,-0.93,-0.93,0.2866,1.8368,0.846,no_mask
743,24.7667,False,,,,,,,,,,,0.0,0,,-0.93,-0.93,1.6922,2.9206,0.8461,no_mask
744,24.8,False,,,,,,,,,,,0.0,0,,-0.93,-0.93,1.9182,3.3261,0.8457,no_mask
745,24.8333,False,,,,,,,,,,,0.0,0,,-0.95,-0.95,3.8686,3.5538,0.8455,no_mask
746,24.8667,False,,,,,,,,,,,0.0,0,,-0.93,-0.93,6.5888,8.353,0.8455,no_mask
747,24.9,False,,,,,,,,,,,0.0,0,,-0.95,-0.95,18.6768,22.5246,0.8455,no_mask
748,24.9333,False,,,,,,,,,,,0.0,0,,-0.95,-0.95,7.0946,6.8995,0.8451,no_mask
749,24.9667,False,,,,,,,,,,,0.0,0,,-0.95,-0.95,6.3855,5.3235,0.8451,no_mask
750,25.0,False,,,,,,,,,,,0.0,0,,-0.95,-0.95,5.2998,3.8607,0.8448,no_mask
751,25.0333,False,,,,,,,,,,,0.0,0,,-0.95,-0.95,4.7475,2.7787,0.8449,no_mask
752,25.0667,False,,,,,,,,,,,0.0,0,,-0.95,-0.95,3.4793,1.819,0.8444,no_mask
753,25.1,False,,,,,,,,,,,0.0,0,,-0.95,-0.95,4.778,2.2479,0.8443,no_mask
754,25.1333,False,,,,,,,,,,,0.0,0,,-0.95,-0.95,5.199,2.0531,0.8441,no_mask
755,25.1667,False,,,,,,,,,,,0.0,0,,-0.95,-0.95,5.3133,2.3256,0.8441,no_mask
756,25.2,False,,,,,,,,,,,0.0,0,,-0.95,-0.95,6.2081,2.1175,0.8437,no_mask
757,25.2333,False,,,,,,,,,,,0.0,0,,-0.95,-0.95,5.6619,2.1791,0.8437,no_mask
758,25.2667,False,,,,,,,,,,,0.0,0,,-0.97,-0.97,5.8515,1.6718,0.8435,no_mask
759,25.3,False,,,,,,,,,,,0.0,0,,-0.97,-0.97,5.787,1.3813,0.8436,no_mask
760,25.3333,False,,,,,,,,,,,0.0,0,,-0.97,-0.97,5.4174,1.0637,0.8432,no_mask
761,25.3667,False,,,,,,,,,,,0.0,0,,-0.97,-0.97,5.4573,1.4937,0.8432,no_mask
762,25.4,False,,,,,,,,,,,0.0,0,,-0.97,-0.97,5.5122,1.6747,0.843,no_mask
763,25.4333,False,,,,,,,,,,,0.0,0,,-0.97,-0.97,6.2077,1.8824,0.8432,no_mask
764,25.4667,False,,,,,,,,,,,0.0,0,,-0.97,-0.97,5.7997,2.2519,0.8428,no_mask
765,25.5,False,,,,,,,,,,,0.0,0,,-0.97,-0.97,5.7224,2.4246,0.8427,no_mask
766,25.5333,False,,,,,,,,,,,0.0,0,,-0.97,-0.97,7.3519,2.9492,0.8425,no_mask
767,25.5667,False,,,,,,,,,,,0.0,0,,-0.97,-0.97,7.7536,2.6032,0.8426,no_mask
768,25.6,False,,,,,,,,,,,0.0,0,,-0.97,-0.97,7.5993,2.4722,0.8422,no_mask
769,25.6333,False,,,,,,,,,,,0.0,0,,-0.97,-0.97,7.4662,3.0827,0.8422,no_mask
770,25.6667,False,,,,,,,,,,,0.0,0,,-0.97,-0.97,9.0886,3.4765,0.8419,no_mask
771,25.7,False,,,,,,,,,,,0.0,0,,-0.97,-0.97,12.3601,4.2649,0.842,no_mask
772,25.7333,False,,,,,,,,,,,0.0,0,,-0.97,-0.97,11.8004,4.2411,0.8418,no_mask
773,25.7667,False,,,,,,,,,,,0.0,0,,-0.97,-0.97,11.642,4.4455,0.8418,no_mask
774,25.8,False,,,,,,,,,,,0.0,0,,-0.97,-0.97,11.0841,4.2477,0.8416,no_mask
775,25.8333,False,,,,,,,,,,,0.0,0,,-0.97,-0.97,10.7936,4.4964,0.8416,no_mask
776,25.8667,False,,,,,,,,,,,0.0,0,,-0.97,-0.97,10.8104,4.3825,0.8415,no_mask
777,25.9,False,,,,,,,,,,,0.0,0,,-0.99,-0.99,-70.6914,-1.8446,0.841,no_mask
778,25.9333,False,,,,,,,,,,,0.0,0,,-0.99,-0.99,5.6794,0.9404,0.8406,no_mask
779,25.9667,False,,,,,,,,,,,0.0,0,,-0.99,-0.99,4.8107,0.521,0.8406,no_mask
780,26.0,False,,,,,,,,,,,0.0,0,,-1.0,-1.0,3.7829,0.5802,0.8403,no_mask
781,26.0333,False,,,,,,,,,,,0.0,0,,-1.0,-1.0,3.3549,0.3921,0.8404,no_mask
782,26.0667,False,,,,,,,,,,,0.0,0,,-1.22,-1.22,2.9678,0.457,0.84,no_mask
783,26.1,False,,,,,,,,,,,0.0,0,,-1.24,-1.24,3.0737,0.2859,0.8399,no_mask
784,26.1333,False,,,,,,,,,,,0.0,0,,-1.24,-1.24,2.879,0.3588,0.8397,no_mask
785,26.1667,False,,,,,,,,,,,0.0,0,,-1.24,-1.24,3.2449,0.2848,0.8397,no_mask
786,26.2,False,,,,,,,,,,,0.0,0,,-1.24,-1.24,2.953,0.4943,0.8392,no_mask
787,26.2333,False,,,,,,,,,,,0.0,0,,-1.24,-1.24,2.8142,0.4371,0.8392,no_mask
788,26.2667,False,,,,,,,,,,,0.0,0,,-1.24,-1.24,2.6998,0.5163,0.839,no_mask
789,26.3,False,,,,,,,,,,,0.0,0,,-1.25,-1.25,2.3894,0.5792,0.8391,no_mask
790,26.3333,False,,,,,,,,,,,0.0,0,,-1.25,-1.25,2.5289,0.6903,0.8387,no_mask
791,26.3667,False,,,,,,,,,,,0.0,0,,-1.25,-1.25,2.1864,0.5783,0.8387,no_mask
792,26.4,False,,,,,,,,,,,0.0,0,,-1.25,-1.25,2.1076,0.634,0.8385,no_mask
793,26.4333,False,,,,,,,,,,,0.0,0,,-1.25,-1.25,2.1098,0.7283,0.8386,no_mask
794,26.4667,False,,,,,,,,,,,0.0,0,,-1.26,-1.26,1.9108,0.6327,0.8383,no_mask
795,26.5,False,,,,,,,,,,,0.0,0,,-1.26,-1.26,1.7961,0.4857,0.8382,no_mask
796,26.5333,False,,,,,,,,,,,0.0,0,,-1.26,-1.26,1.553,0.4736,0.8381,no_mask
797,26.5667,False,,,,,,,,,,,0.0,0,,-1.26,-1.26,1.4686,0.451,0.8382,no_mask
798,26.6,False,,,,,,,,,,,0.0,0,,-1.26,-1.26,1.2624,0.5264,0.8379,no_mask
799,26.6333,False,,,,,,,,,,,0.0,0,,-1.28,-1.28,1.1789,0.2951,0.8379,no_mask
800,26.6667,False,,,,,,,,,,,0.0,0,,-1.28,-1.28,1.1469,0.2898,0.8377,no_mask
801,26.7,False,,,,,,,,,,,0.0,0,,-1.28,-1.28,0.8678,0.1973,0.838,no_mask
802,26.7333,False,,,,,,,,,,,0.0,0,,-1.28,-1.28,0.5699,0.4616,0.8376,no_mask
803,26.7667,False,,,,,,,,,,,0.0,0,,-1.28,-1.28,0.5508,0.5906,0.8375,no_mask
804,26.8,False,,,,,,,,,,,0.0,0,,-1.3,-1.3,0.4292,0.7516,0.8373,no_mask
805,26.8333,False,,,,,,,,,,,0.0,0,,-1.3,-1.3,0.1336,0.9914,0.8374,no_mask
806,26.8667,False,,,,,,,,,,,0.0,0,,-1.3,-1.3,-0.0013,1.071,0.8371,no_mask
807,26.9,False,,,,,,,,,,,0.0,0,,-1.3,-1.3,-0.0235,1.2146,0.8371,no_mask
808,26.9333,False,,,,,,,,,,,0.0,0,,-1.3,-1.3,-0.1388,1.2301,0.8368,no_mask
809,26.9667,False,,,,,,,,,,,0.0,0,,-1.3,-1.3,-0.1946,1.2521,0.8371,no_mask
810,27.0,False,,,,,,,,,,,0.0,0,,-1.3,-1.3,-0.3995,1.2546,0.8366,no_mask
811,27.0333,False,,,,,,,,,,,0.0,0,,-1.32,-1.32,-0.411,1.2246,0.8365,no_mask
812,27.0667,False,,,,,,,,,,,0.0,0,,-1.32,-1.32,-0.4703,1.1772,0.8362,no_mask
813,27.1,False,,,,,,,,,,,0.0,0,,-1.32,-1.32,-0.5047,1.3832,0.8364,no_mask
814,27.1333,False,,,,,,,,,,,0.0,0,,-1.32,-1.32,-0.575,1.2794,0.8359,no_mask
815,27.1667,False,,,,,,,,,,,0.0,0,,-1.32,-1.32,-0.7081,1.4013,0.8359,no_mask
816,27.2,False,,,,,,,,,,,0.0,0,,-1.32,-1.32,-1.0497,1.4116,0.8356,no_mask
817,27.2333,False,,,,,,,,,,,0.0,0,,-1.32,-1.32,-0.9957,1.4876,0.8358,no_mask
818,27.2667,False,,,,,,,,,,,0.0,0,,-1.34,-1.34,-1.2383,1.5225,0.8354,no_mask
819,27.3,False,,,,,,,,,,,0.0,0,,-1.34,-1.34,-1.1773,1.4044,0.8355,no_mask
820,27.3333,False,,,,,,,,,,,0.0,0,,-1.34,-1.34,-1.4236,1.1671,0.8353,no_mask
821,27.3667,False,,,,,,,,,,,0.0,0,,-1.34,-1.34,-1.4195,0.905,0.8355,no_mask
822,27.4,False,,,,,,,,,,,0.0,0,,-1.34,-1.34,-1.3668,0.5752,0.8352,no_mask
823,27.4333,False,,,,,,,,,,,0.0,0,,-1.35,-1.35,-1.4826,0.5783,0.8352,no_mask
824,27.4667,False,,,,,,,,,,,0.0,0,,-1.35,-1.35,-1.4859,0.6815,0.8351,no_mask
825,27.5,False,,,,,,,,,,,0.0,0,,-1.35,-1.35,-1.3678,0.5239,0.8354,no_mask
826,27.5333,False,,,,,,,,,,,0.0,0,,-1.35,-1.35,-1.8076,0.5474,0.8349,no_mask
827,27.5667,False,,,,,,,,,,,0.0,0,,-1.35,-1.35,-1.969,0.5539,0.8349,no_mask
828,27.6,False,,,,,,,,,,,0.0,0,,-1.35,-1.35,-2.1891,0.6953,0.8347,no_mask
829,27.6333,False,,,,,,,,,,,0.0,0,,-1.35,-1.35,-2.2726,0.6016,0.8349,no_mask
830,27.6667,False,,,,,,,,,,,0.0,0,,-1.37,-1.37,-2.2424,0.6322,0.8345,no_mask
831,27.7,False,,,,,,,,,,,0.0,0,,-1.37,-1.37,-2.6019,0.6655,0.8345,no_mask
832,27.7333,False,,,,,,,,,,,0.0,0,,-1.53,-1.53,-2.9183,0.5951,0.8343,no_mask
833,27.7667,False,,,,,,,,,,,0.0,0,,-1.53,-1.53,-75.616,-0.5136,0.8346,no_mask
834,27.8,False,,,,,,,,,,,0.0,0,,-1.53,-1.53,-75.6158,-0.466,0.8343,no_mask
835,27.8333,False,,,,,,,,,,,0.0,0,,-1.53,-1.53,-75.6234,-0.3742,0.8342,no_mask
836,27.8667,False,,,,,,,,,,,0.0,0,,-1.53,-1.53,-75.6639,-0.3269,0.8341,no_mask
837,27.9,False,,,,,,,,,,,0.0,0,,-1.53,-1.53,-75.6586,-0.2458,0.8342,no_mask
838,27.9333,False,,,,,,,,,,,0.0,0,,-1.53,-1.53,-75.6451,-0.1786,0.8339,no_mask
839,27.9667,False,,,,,,,,,,,0.0,0,,-1.37,-1.37,-75.6865,-0.0886,0.834,no_mask
840,28.0,False,,,,,,,,,,,0.0,0,,-1.37,-1.37,-75.7024,-0.0329,0.8338,no_mask
841,28.0333,False,,,,,,,,,,,0.0,0,,-1.35,-1.35,-75.7175,-0.011,0.8341,no_mask
842,28.0667,False,,,,,,,,,,,0.0,0,,-1.35,-1.35,-75.6993,0.0861,0.8336,no_mask
843,28.1,False,,,,,,,,,,,0.0,0,,-1.35,-1.35,-75.6664,0.1607,0.8336,no_mask
844,28.1333,False,,,,,,,,,,,0.0,0,,-1.35,-1.35,-75.6651,0.2265,0.8335,no_mask
845,28.1667,False,,,,,,,,,,,0.0,0,,-1.35,-1.35,-75.6433,0.2893,0.8337,no_mask
846,28.2,False,,,,,,,,,,,0.0,0,,-1.35,-1.35,-75.6129,0.3715,0.8334,no_mask
847,28.2333,False,,,,,,,,,,,0.0,0,,-1.35,-1.35,-75.6197,0.4468,0.8334,no_mask
848,28.2667,False,,,,,,,,,,,0.0,0,,-1.35,-1.35,-75.599,0.524,0.8333,no_mask
849,28.3,False,,,,,,,,,,,0.0,0,,-1.35,-1.35,-75.5891,0.5905,0.8336,no_mask
850,28.3333,False,,,,,,,,,,,0.0,0,,-1.35,-1.35,-75.5688,0.5492,0.8332,no_mask
851,28.3667,False,,,,,,,,,,,0.0,0,,-1.35,-1.35,-75.5635,0.4986,0.8332,no_mask
852,28.4,False,,,,,,,,,,,0.0,0,,-1.35,-1.35,-75.5824,0.4815,0.8331,no_mask
853,28.4333,False,,,,,,,,,,,0.0,0,,-1.35,-1.35,-75.5718,0.4262,0.8333,no_mask
854,28.4667,False,,,,,,,,,,,0.0,0,,-1.35,-1.35,-75.5869,0.3978,0.833,no_mask
855,28.5,False,,,,,,,,,,,0.0,0,,-1.35,-1.35,-75.583,0.343,0.8331,no_mask
856,28.5333,False,,,,,,,,,,,0.0,0,,-1.35,-1.35,-75.5821,0.311,0.833,no_mask
857,28.5667,False,,,,,,,,,,,0.0,0,,-1.35,-1.35,-75.6038,0.2615,0.8332,no_mask
858,28.6,False,,,,,,,,,,,0.0,0,,-1.35,-1.35,-75.583,0.2556,0.8329,no_mask
859,28.6333,False,,,,,,,,,,,0.0,0,,-1.35,-1.35,-75.5585,0.2692,0.833,no_mask
860,28.6667,False,,,,,,,,,,,0.0,0,,-1.35,-1.35,-75.5236,0.291,0.8328,no_mask
861,28.7,False,,,,,,,,,,,0.0,0,,-1.35,-1.35,-75.4591,0.3231,0.833,no_mask
862,28.7333,False,,,,,,,,,,,0.0,0,,-1.37,-1.37,-75.4283,0.351,0.8327,no_mask
863,28.7667,False,,,,,,,,,,,0.0,0,,-1.35,-1.35,-75.4451,0.3399,0.8328,no_mask
864,28.8,False,,,,,,,,,,,0.0,0,,-1.35,-1.35,-75.4123,0.347,0.8327,no_mask
865,28.8333,False,,,,,,,,,,,0.0,0,,-1.35,-1.35,-75.4203,0.3277,0.8331,no_mask
866,28.8667,False,,,,,,,,,,,0.0,0,,-1.35,-1.35,-75.3796,0.4076,0.8328,no_mask
867,28.9,False,,,,,,,,,,,0.0,0,,-1.35,-1.35,-75.3639,0.4628,0.8328,no_mask
868,28.9333,False,,,,,,,,,,,0.0,0,,-1.35,-1.35,-75.3111,0.5175,0.8327,no_mask
869,28.9667,False,,,,,,,,,,,0.0,0,,-1.35,-1.35,-75.2021,0.7748,0.833,no_mask
870,29.0,False,,,,,,,,,,,0.0,0,,-1.35,-1.35,-75.1785,0.8163,0.8327,no_mask
871,29.0333,False,,,,,,,,,,,0.0,0,,-1.35,-1.35,-75.1431,0.8509,0.8328,no_mask
872,29.0667,False,,,,,,,,,,,0.0,0,,-1.35,-1.35,-75.1385,0.8787,0.8327,no_mask
873,29.1,False,,,,,,,,,,,0.0,0,,-1.35,-1.35,-75.104,0.9173,0.8331,no_mask
874,29.1333,False,,,,,,,,,,,0.0,0,,-1.35,-1.35,-74.9886,0.9679,0.8326,no_mask
875,29.1667,False,,,,,,,,,,,0.0,0,,-1.35,-1.35,-74.8797,1.023,0.8327,no_mask
876,29.2,False,,,,,,,,,,,0.0,0,,-1.35,-1.35,-74.7776,1.0992,0.8325,no_mask
877,29.2333,False,,,,,,,,,,,0.0,0,,-1.35,-1.35,-74.7179,1.1819,0.8328,no_mask
878,29.2667,False,,,,,,,,,,,0.0,0,,-1.35,-1.35,-74.6694,1.2541,0.8325,no_mask
879,29.3,False,,,,,,,,,,,0.0,0,,-1.35,-1.35,-74.6315,1.2988,0.8326,no_mask
880,29.3333,False,,,,,,,,,,,0.0,0,,-1.35,-1.35,-75.5811,1.3103,0.8325,no_mask
881,29.3667,False,,,,,,,,,,,0.0,0,,-1.35,-1.35,-75.5282,1.3865,0.8328,no_mask
882,29.4,False,,,,,,,,,,,0.0,0,,-1.35,-1.35,-75.578,1.4244,0.8323,no_mask
883,29.4333,False,,,,,,,,,,,0.0,0,,-1.35,-1.35,-75.6002,1.4791,0.8323,no_mask
884,29.4667,False,,,,,,,,,,,0.0,0,,-1.35,-1.35,-74.6653,1.5518,0.8322,no_mask
885,29.5,False,,,,,,,,,,,0.0,0,,-1.35,-1.35,-74.7004,1.6231,0.8324,no_mask
886,29.5333,False,,,,,,,,,,,0.0,0,,-1.35,-1.35,-74.7511,1.6683,0.8321,no_mask
887,29.5667,False,,,,,,,,,,,0.0,0,,-1.35,-1.35,-74.7694,1.7245,0.8322,no_mask
888,29.6,False,,,,,,,,,,,0.0,0,,-1.35,-1.35,-74.8308,1.7706,0.832,no_mask
889,29.6333,False,,,,,,,,,,,0.0,0,,-1.35,-1.35,-74.8852,1.8359,0.8324,no_mask
890,29.6667,False,,,,,,,,,,,0.0,0,,-1.35,-1.35,-74.8508,1.9068,0.832,no_mask
891,29.7,False,,,,,,,,,,,0.0,0,,-1.35,-1.35,-74.7996,2.0008,0.8321,no_mask
892,29.7333,False,,,,,,,,,,,0.0,0,,-1.35,-1.35,-74.7736,2.0973,0.832,no_mask
893,29.7667,False,,,,,,,,,,,0.0,0,,-1.35,-1.35,-75.6796,2.1477,0.8323,no_mask
894,29.8,False,,,,,,,,,,,0.0,0,,-1.35,-1.35,-75.6321,2.2251,0.832,no_mask
895,29.8333,False,,,,,,,,,,,0.0,0,,-1.35,-1.35,-75.5895,2.332,0.8321,no_mask
896,29.8667,False,,,,,,,,,,,0.0,0,,-1.35,-1.35,-75.553,2.3851,0.8321,no_mask
897,29.9,False,,,,,,,,,,,0.0,0,,-1.35,-1.35,-75.5119,2.4372,0.8325,no_mask
898,29.9333,False,,,,,,,,,,,0.0,0,,-1.35,-1.35,-75.4937,2.4751,0.8321,no_mask
899,29.9667,False,,,,,,,,,,,0.0,0,,-1.35,-1.35,-75.4734,2.4801,0.8321,no_mask
900,30.0,False,,,,,,,,,,,0.0,0,,-1.34,-1.34,-75.4583,2.4896,0.8319,no_mask
901,30.0333,False,,,,,,,,,,,0.0,0,,-1.34,-1.34,-75.4138,2.4863,0.8323,no_mask
902,30.0667,False,,,,,,,,,,,0.0,0,,-1.34,-1.34,-75.4137,2.4983,0.8319,no_mask
903,30.1,False,,,,,,,,,,,0.0,0,,-1.34,-1.34,-75.361,2.5073,0.832,no_mask
904,30.1333,False,,,,,,,,,,,0.0,0,,-1.34,-1.34,-75.3464,2.5437,0.8319,no_mask
905,30.1667,False,,,,,,,,,,,0.0,0,,-1.34,-1.34,-75.3137,2.5346,0.8324,no_mask
906,30.2,False,,,,,,,,,,,0.0,0,,-1.34,-1.34,-75.4639,2.5597,0.8319,no_mask
907,30.2333,False,,,,,,,,,,,0.0,0,,-1.34,-1.34,-75.5764,2.598,0.8319,no_mask
908,30.2667,False,,,,,,,,,,,0.0,0,,-1.34,-1.34,-74.7734,2.6183,0.8317,no_mask
909,30.3,False,,,,,,,,,,,0.0,0,,-1.34,-1.34,-74.9162,2.6394,0.832,no_mask
910,30.3333,False,,,,,,,,,,,0.0,0,,-1.34,-1.34,-75.1186,2.6265,0.8316,no_mask
911,30.3667,False,,,,,,,,,,,0.0,0,,-1.35,-1.35,-75.297,2.6199,0.8317,no_mask
912,30.4,False,,,,,,,,,,,0.0,0,,-1.35,-1.35,-75.493,2.6148,0.8315,no_mask
913,30.4333,False,,,,,,,,,,,0.0,0,,-1.35,-1.35,-75.6812,2.6078,0.832,no_mask
914,30.4667,False,,,,,,,,,,,0.0,0,,-1.35,-1.35,-75.8341,2.6148,0.8315,no_mask
915,30.5,False,,,,,,,,,,,0.0,0,,-1.35,-1.35,-75.9659,2.6451,0.8315,no_mask
916,30.5333,False,,,,,,,,,,,0.0,0,,-1.35,-1.35,-76.1128,2.6878,0.8314,no_mask
917,30.5667,False,,,,,,,,,,,0.0,0,,-1.35,-1.35,-76.231,2.6366,0.8317,no_mask
918,30.6,False,,,,,,,,,,,0.0,0,,-1.35,-1.35,-76.3375,2.6333,0.8313,no_mask
919,30.6333,False,,,,,,,,,,,0.0,0,,-1.35,-1.35,-76.4432,2.6844,0.8314,no_mask
920,30.6667,False,,,,,,,,,,,0.0,0,,-1.55,-1.55,-76.5588,2.7149,0.8313,no_mask
921,30.7,False,,,,,,,,,,,0.0,0,,-1.55,-1.55,-76.6781,2.735,0.8317,no_mask
922,30.7333,False,,,,,,,,,,,0.0,0,,-1.55,-1.55,-76.7143,2.8206,0.8313,no_mask
923,30.7667,False,,,,,,,,,,,0.0,0,,-1.55,-1.55,-76.7293,2.9242,0.8313,no_mask
924,30.8,False,,,,,,,,,,,0.0,0,,-1.55,-1.55,-76.7812,3.0528,0.8311,no_mask
925,30.8333,False,,,,,,,,,,,0.0,0,,-1.55,-1.55,-76.8315,3.1438,0.8311,no_mask
926,30.8667,False,,,,,,,,,,,0.0,0,,-1.55,-1.55,-76.8534,3.1496,0.8311,no_mask
927,30.9,False,,,,,,,,,,,0.0,0,,-1.55,-1.55,-77.1303,3.2347,0.8315,no_mask
928,30.9333,False,,,,,,,,,,,0.0,0,,-1.55,-1.55,-77.1752,3.3023,0.831,no_mask
929,30.9667,False,,,,,,,,,,,0.0,0,,-1.55,-1.55,-77.2043,3.3664,0.831,no_mask
930,31.0,False,,,,,,,,,,,0.0,0,,-1.55,-1.55,-77.2339,3.4251,0.8309,no_mask
931,31.0333,False,,,,,,,,,,,0.0,0,,-1.55,-1.55,-77.2817,3.4813,0.831,no_mask
932,31.0667,False,,,,,,,,,,,0.0,0,,-1.55,-1.55,-77.3012,3.5542,0.8307,no_mask
933,31.1,False,,,,,,,,,,,0.0,0,,-1.55,-1.55,-77.3644,3.6139,0.8307,no_mask
934,31.1333,False,,,,,,,,,,,0.0,0,,-1.55,-1.55,-77.395,3.6644,0.8306,no_mask
935,31.1667,False,,,,,,,,,,,0.0,0,,-1.55,-1.55,-77.4177,3.7435,0.8309,no_mask
936,31.2,False,,,,,,,,,,,0.0,0,,-1.57,-1.57,-77.4147,3.7718,0.8304,no_mask
937,31.2333,False,,,,,,,,,,,0.0,0,,-1.57,-1.57,-77.4118,3.8111,0.8305,no_mask
938,31.2667,False,,,,,,,,,,,0.0,0,,-1.57,-1.57,-77.4211,3.8398,0.8304,no_mask
939,31.3,False,,,,,,,,,,,0.0,0,,-1.57,-1.57,-77.4381,3.8921,0.8306,no_mask
940,31.3333,False,,,,,,,,,,,0.0,0,,-1.57,-1.57,-77.4486,3.8963,0.8303,no_mask
941,31.3667,False,,,,,,,,,,,0.0,0,,-1.57,-1.57,-77.4427,3.9528,0.8305,no_mask
942,31.4,False,,,,,,,,,,,0.0,0,,-1.57,-1.57,-77.4525,3.9895,0.8304,no_mask
943,31.4333,False,,,,,,,,,,,0.0,0,,-1.57,-1.57,-77.4335,4.0271,0.8308,no_mask
944,31.4667,False,,,,,,,,,,,0.0,0,,-1.57,-1.57,-77.4996,4.0934,0.8303,no_mask
945,31.5,False,,,,,,,,,,,0.0,0,,-1.57,-1.57,-77.5606,4.1641,0.8304,no_mask
946,31.5333,False,,,,,,,,,,,0.0,0,,-1.57,-1.57,-77.6355,4.2294,0.8302,no_mask
947,31.5667,False,,,,,,,,,,,0.0,0,,-1.57,-1.57,-77.7448,4.2825,0.8305,no_mask
948,31.6,False,,,,,,,,,,,0.0,0,,-1.57,-1.57,-77.8256,4.3626,0.8301,no_mask
949,31.6333,False,,,,,,,,,,,0.0,0,,-1.57,-1.57,-76.7951,4.6024,0.8302,no_mask
950,31.6667,False,,,,,,,,,,,0.0,0,,-1.57,-1.57,-76.8633,4.6665,0.83,no_mask
951,31.7,False,,,,,,,,,,,0.0,0,,-1.57,-1.57,-76.9578,4.6962,0.8305,no_mask
952,31.7333,False,,,,,,,,,,,0.0,0,,-1.57,-1.57,-77.0711,4.6831,0.8299,no_mask
953,31.7667,False,,,,,,,,,,,0.0,0,,-1.57,-1.57,-77.1693,4.6577,0.8299,no_mask
954,31.8,False,,,,,,,,,,,0.0,0,,-1.57,-1.57,-77.3091,4.6541,0.8298,no_mask
955,31.8333,False,,,,,,,,,,,0.0,0,,-1.57,-1.57,-77.4126,4.6213,0.8299,no_mask
956,31.8667,False,,,,,,,,,,,0.0,0,,-1.57,-1.57,-77.5471,4.6268,0.8296,no_mask
957,31.9,False,,,,,,,,,,,0.0,0,,-1.57,-1.57,-77.6561,4.6032,0.8297,no_mask
958,31.9333,False,,,,,,,,,,,0.0,0,,-1.57,-1.57,-77.7773,4.5836,0.8296,no_mask
959,31.9667,False,,,,,,,,,,,0.0,0,,-1.57,-1.57,-77.9001,4.5945,0.8299,no_mask
960,32.0,False,,,,,,,,,,,0.0,0,,-1.59,-1.59,-78.1545,4.5965,0.8294,no_mask
961,32.0333,False,,,,,,,,,,,0.0,0,,-1.59,-1.59,-78.4089,4.6305,0.8294,no_mask
962,32.0667,False,,,,,,,,,,,0.0,0,,-1.59,-1.59,-78.6532,4.6941,0.8291,no_mask
963,32.1,False,,,,,,,,,,,0.0,0,,-1.61,-1.61,-3.6818,-0.9299,0.8293,no_mask
964,32.1333,False,,,,,,,,,,,0.0,0,,-1.61,-1.61,-3.7319,-1.0902,0.829,no_mask
965,32.1667,False,,,,,,,,,,,0.0,0,,-1.61,-1.61,-3.8383,-0.9137,0.8291,no_mask
966,32.2,False,,,,,,,,,,,0.0,0,,-1.61,-1.61,-4.3534,-1.3028,0.829,no_mask
967,32.2333,False,,,,,,,,,,,0.0,0,,-1.61,-1.61,-3.646,-1.1692,0.8294,no_mask
968,32.2667,False,,,,,,,,,,,0.0,0,,-1.61,-1.61,-3.3582,-1.0661,0.8288,no_mask
969,32.3,False,,,,,,,,,,,0.0,0,,-1.61,-1.61,-4.0753,-1.1992,0.8289,no_mask
970,32.3333,False,,,,,,,,,,,0.0,0,,-1.61,-1.61,-4.1152,-1.4608,0.8287,no_mask
971,32.3667,False,,,,,,,,,,,0.0,0,,-1.61,-1.61,-4.0306,-1.1857,0.829,no_mask
972,32.4,False,,,,,,,,,,,0.0,0,,-1.61,-1.61,-3.6795,-1.5586,0.8287,no_mask
973,32.4333,False,,,,,,,,,,,0.0,0,,-1.61,-1.61,-3.6124,-1.8007,0.8288,no_mask
974,32.4667,False,,,,,,,,,,,0.0,0,,-1.61,-1.61,-3.9806,-2.3974,0.8287,no_mask
975,32.5,False,,,,,,,,,,,0.0,0,,-1.61,-1.61,-3.3338,-2.8401,0.8291,no_mask
976,32.5333,False,,,,,,,,,,,0.0,0,,-1.63,-1.63,-4.4133,-3.0086,0.8287,no_mask
977,32.5667,False,,,,,,,,,,,0.0,0,,-1.63,-1.63,-4.1316,-3.2702,0.8288,no_mask
978,32.6,False,,,,,,,,,,,0.0,0,,-1.63,-1.63,-4.7904,-2.6746,0.8287,no_mask
979,32.6333,False,,,,,,,,,,,0.0,0,,-1.63,-1.63,-4.0943,-1.7032,0.829,no_mask
980,32.6667,False,,,,,,,,,,,0.0,0,,-1.63,-1.63,-3.9254,-1.2002,0.8287,no_mask
981,32.7,False,,,,,,,,,,,0.0,0,,-1.63,-1.63,-3.9044,-0.8413,0.8289,no_mask
982,32.7333,False,,,,,,,,,,,0.0,0,,-1.64,-1.64,-2.6778,-0.5207,0.8289,no_mask
983,32.7667,False,,,,,,,,,,,0.0,0,,-1.64,-1.64,-79.1865,4.7596,0.8294,no_mask
984,32.8,False,,,,,,,,,,,0.0,0,,-1.64,-1.64,-79.3391,4.7875,0.829,no_mask
985,32.8333,False,,,,,,,,,,,0.0,0,,-1.64,-1.64,-79.4687,4.8018,0.829,no_mask
986,32.8667,False,,,,,,,,,,,0.0,0,,-1.64,-1.64,-79.6351,4.818,0.8289,no_mask
987,32.9,False,,,,,,,,,,,0.0,0,,-1.64,-1.64,-79.811,4.8301,0.8292,no_mask
988,32.9333,False,,,,,,,,,,,0.0,0,,-1.66,-1.66,-79.9686,4.8482,0.829,no_mask
989,32.9667,False,,,,,,,,,,,0.0,0,,-1.66,-1.66,-80.1392,4.837,0.829,no_mask
990,33.0,False,,,,,,,,,,,0.0,0,,-1.66,-1.66,-1.2058,-0.1849,0.829,no_mask
991,33.0333,False,,,,,,,,,,,0.0,0,,-1.66,-1.66,-80.4363,4.8612,0.8294,no_mask
992,33.0667,False,,,,,,,,,,,0.0,0,,-1.66,-1.66,-80.5254,4.8719,0.8288,no_mask
993,33.1,False,,,,,,,,,,,0.0,0,,-1.66,-1.66,-80.6032,4.864,0.8289,no_mask
994,33.1333,False,,,,,,,,,,,0.0,0,,-1.66,-1.66,-0.9626,-0.1909,0.8287,no_mask
995,33.1667,False,,,,,,,,,,,0.0,0,,-1.66,-1.66,-0.618,0.0518,0.829,no_mask
996,33.2,False,,,,,,,,,,,0.0,0,,-1.66,-1.66,-0.289,0.2798,0.8287,no_mask
997,33.2333,False,,,,,,,,,,,0.0,0,,-1.66,-1.66,-0.1158,0.1783,0.8288,no_mask
998,33.2667,False,,,,,,,,,,,0.0,0,,-1.66,-1.66,-0.0625,-0.142,0.8287,no_mask
999,33.3,False,,,,,,,,,,,0.0,0,,-1.66,-1.66,-0.1187,0.0356,0.8292,no_mask
1000,33.3333,False,,,,,,,,,,,0.0,0,,-1.66,-1.66,-0.1275,-0.0206,0.8287,no_mask
1001,33.3667,False,,,,,,,,,,,0.0,0,,-1.66,-1.66,0.2426,0.2214,0.8288,no_mask
1002,33.4,False,,,,,,,,,,,0.0,0,,-1.66,-1.66,0.561,0.2812,0.8287,no_mask
1003,33.4333,False,,,,,,,,,,,0.0,0,,-1.66,-1.66,0.6148,0.1181,0.8291,no_mask
1004,33.4667,False,,,,,,,,,,,0.0,0,,-1.66,-1.66,0.8058,0.1004,0.8288,no_mask
1005,33.5,False,,,,,,,,,,,0.0,0,,-1.66,-1.66,0.8668,0.0469,0.829,no_mask
1006,33.5333,False,,,,,,,,,,,0.0,0,,-1.66,-1.66,1.4901,0.1309,0.8289,no_mask
1007,33.5667,False,,,,,,,,,,,0.0,0,,-1.66,-1.66,1.5072,0.1572,0.8295,no_mask
1008,33.6,False,,,,,,,,,,,0.0,0,,-1.66,-1.66,1.4176,0.1137,0.829,no_mask
1009,33.6333,False,,,,,,,,,,,0.0,0,,-1.66,-1.66,1.3193,-0.1031,0.829,no_mask
1010,33.6667,False,,,,,,,,,,,0.0,0,,-1.66,-1.66,1.315,-0.0823,0.8288,no_mask
1011,33.7,False,,,,,,,,,,,0.0,0,,-1.66,-1.66,1.4185,-0.2941,0.8291,no_mask
1012,33.7333,False,,,,,,,,,,,0.0,0,,-1.66,-1.66,1.3478,-0.4972,0.8287,no_mask
1013,33.7667,False,,,,,,,,,,,0.0,0,,-1.66,-1.66,1.6364,-0.6722,0.8288,no_mask
1014,33.8,False,,,,,,,,,,,0.0,0,,-1.66,-1.66,-81.9734,5.1435,0.8286,no_mask
1015,33.8333,False,,,,,,,,,,,0.0,0,,-1.66,-1.66,-82.1458,5.1727,0.8291,no_mask
1016,33.8667,False,,,,,,,,,,,0.0,0,,-1.66,-1.66,-82.2392,5.1938,0.8285,no_mask
1017,33.9,False,,,,,,,,,,,0.0,0,,-1.66,-1.66,-82.3211,5.1951,0.8285,no_mask
1018,33.9333,False,,,,,,,,,,,0.0,0,,-1.66,-1.66,-82.4149,5.1987,0.8284,no_mask
1019,33.9667,False,,,,,,,,,,,0.0,0,,-1.66,-1.66,-82.4902,5.1973,0.8287,no_mask
1020,34.0,False,,,,,,,,,,,0.0,0,,-1.66,-1.66,-82.5709,5.1891,0.8283,no_mask
1021,34.0333,False,,,,,,,,,,,0.0,0,,-1.66,-1.66,-82.6489,5.1777,0.8284,no_mask
1022,34.0667,False,,,,,,,,,,,0.0,0,,-1.66,-1.66,-82.7322,5.1647,0.8283,no_mask
1023,34.1,False,,,,,,,,,,,0.0,0,,-1.66,-1.66,-82.8108,5.1847,0.8287,no_mask
1024,34.1333,False,,,,,,,,,,,0.0,0,,-1.66,-1.66,-82.7598,5.2561,0.8284,no_mask
1025,34.1667,False,,,,,,,,,,,0.0,0,,-1.66,-1.66,-82.7436,5.2935,0.8285,no_mask
1026,34.2,False,,,,,,,,,,,0.0,0,,-1.66,-1.66,-82.6855,5.3501,0.8284,no_mask
1027,34.2333,False,,,,,,,,,,,0.0,0,,-1.66,-1.66,-82.6547,5.3947,0.8287,no_mask
1028,34.2667,False,,,,,,,,,,,0.0,0,,-1.66,-1.66,-82.6194,5.4591,0.8285,no_mask
1029,34.3,False,,,,,,,,,,,0.0,0,,-1.66,-1.66,-82.5675,5.526,0.8286,no_mask
1030,34.3333,False,,,,,,,,,,,0.0,0,,-1.66,-1.66,-82.5423,5.5885,0.8286,no_mask
1031,34.3667,False,,,,,,,,,,,0.0,0,,-1.66,-1.66,-82.4734,5.6363,0.829,no_mask
1032,34.4,False,,,,,,,,,,,0.0,0,,-1.66,-1.66,-82.5013,5.6395,0.8286,no_mask
1033,34.4333,False,,,,,,,,,,,0.0,0,,-1.66,-1.66,-82.5436,5.633,0.8286,no_mask
1034,34.4667,False,,,,,,,,,,,0.0,0,,-1.66,-1.66,-82.5523,5.6743,0.8285,no_mask
1035,34.5,False,,,,,,,,,,,0.0,0,,-1.68,-1.68,-82.5755,5.6764,0.8286,no_mask
1036,34.5333,False,,,,,,,,,,,0.0,0,,-1.68,-1.68,-82.6025,5.6894,0.8283,no_mask
1037,34.5667,False,,,,,,,,,,,0.0,0,,-1.68,-1.68,-82.6048,5.6822,0.8284,no_mask
1038,34.6,False,,,,,,,,,,,0.0,0,,-1.68,-1.68,-82.636,5.703,0.8283,no_mask
1039,34.6333,False,,,,,,,,,,,0.0,0,,-1.68,-1.68,-82.6433,5.7379,0.8286,no_mask
1040,34.6667,False,,,,,,,,,,,0.0,0,,-1.68,-1.68,-82.6226,5.7031,0.8284,no_mask
1041,34.7,False,,,,,,,,,,,0.0,0,,-1.68,-1.68,-82.6167,5.7029,0.8287,no_mask
1042,34.7333,False,,,,,,,,,,,0.0,0,,-1.68,-1.68,-82.6105,5.7381,0.8286,no_mask
1043,34.7667,False,,,,,,,,,,,0.0,0,,-1.68,-1.68,-82.5986,5.7337,0.8289,no_mask
1044,34.8,False,,,,,,,,,,,0.0,0,,-1.9,-1.9,-82.5527,5.7063,0.8286,no_mask
1045,34.8333,False,,,,,,,,,,,0.0,0,,-1.9,-1.9,-82.5293,5.7051,0.8289,no_mask
1046,34.8667,False,,,,,,,,,,,0.0,0,,-1.91,-1.91,-82.5372,5.6882,0.8288,no_mask
1047,34.9,False,,,,,,,,,,,0.0,0,,-1.91,-1.91,-82.5067,5.6708,0.8296,no_mask
1048,34.9333,False,,,,,,,,,,,0.0,0,,-1.91,-1.91,-82.4986,5.669,0.8292,no_mask
1049,34.9667,False,,,,,,,,,,,0.0,0,,-1.93,-1.93,-82.4523,5.6604,0.8293,no_mask
1050,35.0,False,,,,,,,,,,,0.0,0,,-1.93,-1.93,-82.4494,5.6429,0.8292,no_mask
1051,35.0333,False,,,,,,,,,,,0.0,0,,-1.93,-1.93,-82.4107,5.6408,0.8295,no_mask
1052,35.0667,False,,,,,,,,,,,0.0,0,,-1.93,-1.93,-82.3746,5.6187,0.8293,no_mask
1053,35.1,False,,,,,,,,,,,0.0,0,,-1.93,-1.93,-82.3186,5.5936,0.8295,no_mask
1054,35.1333,False,,,,,,,,,,,0.0,0,,-1.93,-1.93,-82.2953,5.5903,0.8294,no_mask
1055,35.1667,False,,,,,,,,,,,0.0,0,,-1.93,-1.93,-82.2257,5.589,0.8299,no_mask
1056,35.2,False,,,,,,,,,,,0.0,0,,-1.93,-1.93,-82.2194,5.5987,0.8295,no_mask
1057,35.2333,False,,,,,,,,,,,0.0,0,,-1.93,-1.93,-82.237,5.6209,0.8296,no_mask
1058,35.2667,False,,,,,,,,,,,0.0,0,,-1.95,-1.95,-82.2256,5.6164,0.8295,no_mask
1059,35.3,False,,,,,,,,,,,0.0,0,,-1.95,-1.95,-82.2301,5.621,0.8298,no_mask
1060,35.3333,False,,,,,,,,,,,0.0,0,,-1.95,-1.95,-82.2243,5.649,0.8296,no_mask
1061,35.3667,False,,,,,,,,,,,0.0,0,,-1.95,-1.95,-82.2121,5.6776,0.8298,no_mask
1062,35.4,False,,,,,,,,,,,0.0,0,,-1.95,-1.95,-82.2152,5.6963,0.8297,no_mask
1063,35.4333,False,,,,,,,,,,,0.0,0,,-1.95,-1.95,-82.2308,5.689,0.8302,no_mask
1064,35.4667,False,,,,,,,,,,,0.0,0,,-1.95,-1.95,-82.2073,5.6207,0.8299,no_mask
1065,35.5,False,,,,,,,,,,,0.0,0,,-1.95,-1.95,-82.1956,5.5787,0.83,no_mask
1066,35.5333,False,,,,,,,,,,,0.0,0,,-1.97,-1.97,-82.1712,5.5109,0.83,no_mask
1067,35.5667,False,,,,,,,,,,,0.0,0,,-1.97,-1.97,-82.1737,5.469,0.8303,no_mask
1068,35.6,False,,,,,,,,,,,0.0,0,,-1.97,-1.97,-82.1639,5.4565,0.8301,no_mask
1069,35.6333,False,,,,,,,,,,,0.0,0,,-1.97,-1.97,-82.1335,5.4269,0.8303,no_mask
1070,35.6667,False,,,,,,,,,,,0.0,0,,-1.97,-1.97,-82.1089,5.4018,0.8303,no_mask
1071,35.7,False,,,,,,,,,,,0.0,0,,-1.97,-1.97,-82.1216,5.3564,0.8307,no_mask
1072,35.7333,False,,,,,,,,,,,0.0,0,,-1.97,-1.97,-82.2006,5.3549,0.8305,no_mask
1073,35.7667,False,,,,,,,,,,,0.0,0,,-1.97,-1.97,-82.2764,5.3622,0.8305,no_mask
1074,35.8,False,,,,,,,,,,,0.0,0,,-1.97,-1.97,-82.3661,5.3691,0.8304,no_mask
1075,35.8333,False,,,,,,,,,,,0.0,0,,-1.97,-1.97,-82.423,5.3602,0.8305,no_mask
1076,35.8667,False,,,,,,,,,,,0.0,0,,-1.97,-1.97,-82.4477,5.3573,0.8305,no_mask
1077,35.9,False,,,,,,,,,,,0.0,0,,-1.99,-1.99,-82.883,5.0237,0.8316,no_mask
1078,35.9333,False,,,,,,,,,,,0.0,0,,-1.99,-1.99,-82.9542,5.0047,0.8312,no_mask
1079,35.9667,False,,,,,,,,,,,0.0,0,,-1.99,-1.99,-83.0178,4.9404,0.8313,no_mask
1080,36.0,False,,,,,,,,,,,0.0,0,,-1.99,-1.99,-83.0805,4.9152,0.8312,no_mask
1081,36.0333,False,,,,,,,,,,,0.0,0,,-1.99,-1.99,-83.1366,4.8747,0.8315,no_mask
1082,36.0667,False,,,,,,,,,,,0.0,0,,-1.99,-1.99,-83.2163,4.8579,0.8313,no_mask
1083,36.1,False,,,,,,,,,,,0.0,0,,-1.99,-1.99,-83.2677,4.8324,0.8315,no_mask
1084,36.1333,False,,,,,,,,,,,0.0,0,,-1.99,-1.99,-83.3334,4.8219,0.8314,no_mask
1085,36.1667,False,,,,,,,,,,,0.0,0,,-1.99,-1.99,-83.3971,4.8039,0.832,no_mask
1086,36.2,False,,,,,,,,,,,0.0,0,,-2.0,-2.0,-83.5717,4.7782,0.8316,no_mask
1087,36.2333,False,,,,,,,,,,,0.0,0,,-2.0,-2.0,-82.7801,4.7702,0.8316,no_mask
1088,36.2667,False,,,,,,,,,,,0.0,0,,-2.0,-2.0,-82.9557,4.7317,0.8315,no_mask
1089,36.3,False,,,,,,,,,,,0.0,0,,-2.0,-2.0,-83.1501,4.7001,0.8319,no_mask
1090,36.3333,False,,,,,,,,,,,0.0,0,,-2.0,-2.0,-83.3421,4.6629,0.8317,no_mask
1091,36.3667,False,,,,,,,,,,,0.0,0,,-2.0,-2.0,-83.5327,4.6162,0.8318,no_mask
1092,36.4,False,,,,,,,,,,,0.0,0,,-2.0,-2.0,-83.7077,4.588,0.8317,no_mask
1093,36.4333,False,,,,,,,,,,,0.0,0,,-2.0,-2.0,-83.8934,4.5649,0.8322,no_mask
1094,36.4667,False,,,,,,,,,,,0.0,0,,-2.01,-2.01,-84.1407,4.5361,0.8319,no_mask
1095,36.5,False,,,,,,,,,,,0.0,0,,-2.01,-2.01,-84.4044,4.5015,0.8319,no_mask
1096,36.5333,False,,,,,,,,,,,0.0,0,,-2.01,-2.01,-84.6517,4.437,0.8318,no_mask
1097,36.5667,False,,,,,,,,,,,0.0,0,,-2.01,-2.01,-84.9101,4.38,0.8322,no_mask
1098,36.6,False,,,,,,,,,,,0.0,0,,-2.01,-2.01,-85.1586,4.3361,0.8319,no_mask
1099,36.6333,False,,,,,,,,,,,0.0,0,,-2.01,-2.01,-84.4412,4.3118,0.832,no_mask
1100,36.6667,False,,,,,,,,,,,0.0,0,,-2.01,-2.01,-84.6617,4.2188,0.8319,no_mask
1101,36.7,False,,,,,,,,,,,0.0,0,,-2.01,-2.01,-84.882,4.1486,0.8325,no_mask
1102,36.7333,False,,,,,,,,,,,0.0,0,,-2.03,-2.03,-84.9757,4.1253,0.8321,no_mask
1103,36.7667,False,,,,,,,,,,,0.0,0,,-2.03,-2.03,-85.0718,4.0857,0.8322,no_mask
1104,36.8,False,,,,,,,,,,,0.0,0,,-2.03,-2.03,-85.1671,4.06,0.8322,no_mask
1105,36.8333,False,,,,,,,,,,,0.0,0,,-2.03,-2.03,-85.2457,4.0411,0.8325,no_mask
1106,36.8667,False,,,,,,,,,,,0.0,0,,-2.25,-2.25,-85.3337,4.036,0.8323,no_mask
1107,36.9,False,,,,,,,,,,,0.0,0,,-2.25,-2.25,-85.4082,4.0202,0.8323,no_mask
1108,36.9333,False,,,,,,,,,,,0.0,0,,-2.25,-2.25,-85.4834,4.0008,0.8323,no_mask
1109,36.9667,False,,,,,,,,,,,0.0,0,,-2.25,-2.25,-85.5634,3.9868,0.8327,no_mask
1110,37.0,False,,,,,,,,,,,0.0,0,,-2.25,-2.25,-85.6928,3.9887,0.8324,no_mask
1111,37.0333,False,,,,,,,,,,,0.0,0,,-2.25,-2.25,-85.8052,3.9993,0.8325,no_mask
1112,37.0667,False,,,,,,,,,,,0.0,0,,-2.25,-2.25,-85.9321,3.9996,0.8324,no_mask
1113,37.1,False,,,,,,,,,,,0.0,0,,-2.25,-2.25,-86.0695,4.0022,0.8327,no_mask
1114,37.1333,False,,,,,,,,,,,0.0,0,,-2.25,-2.25,-86.1852,3.9992,0.8325,no_mask
1115,37.1667,False,,,,,,,,,,,0.0,0,,-2.25,-2.25,-86.3104,4.0024,0.8327,no_mask
1116,37.2,False,,,,,,,,,,,0.0,0,,-2.25,-2.25,-86.4653,4.0061,0.8326,no_mask
1117,37.2333,False,,,,,,,,,,,0.0,0,,-2.25,-2.25,-86.576,4.0251,0.8332,no_mask
1118,37.2667,False,,,,,,,,,,,0.0,0,,-2.25,-2.25,-86.7521,4.0135,0.8329,no_mask
1119,37.3,False,,,,,,,,,,,0.0,0,,-2.25,-2.25,-86.9201,4.0044,0.8329,no_mask
1120,37.3333,False,,,,,,,,,,,0.0,0,,-2.25,-2.25,-87.0727,4.0149,0.8328,no_mask
1121,37.3667,False,,,,,,,,,,,0.0,0,,-2.25,-2.25,-1.188,-3.2953,0.8331,no_mask
1122,37.4,False,,,,,,,,,,,0.0,0,,-2.25,-2.25,-86.7528,3.9081,0.8329,no_mask
1123,37.4333,False,,,,,,,,,,,0.0,0,,-2.25,-2.25,-86.9026,3.9025,0.833,no_mask
1124,37.4667,False,,,,,,,,,,,0.0,0,,-2.25,-2.25,-87.0405,3.877,0.8329,no_mask
1125,37.5,False,,,,,,,,,,,0.0,0,,-2.25,-2.25,-87.1906,3.8627,0.8334,no_mask
1126,37.5333,False,,,,,,,,,,,0.0,0,,-2.25,-2.25,-87.2714,3.8623,0.8331,no_mask
1127,37.5667,False,,,,,,,,,,,0.0,0,,-2.25,-2.25,-87.3369,3.8646,0.8332,no_mask
1128,37.6,False,,,,,,,,,,,0.0,0,,-2.25,-2.25,-87.4267,3.8566,0.8331,no_mask
1129,37.6333,False,,,,,,,,,,,0.0,0,,-2.25,-2.25,-87.5017,3.8836,0.8336,no_mask
1130,37.6667,False,,,,,,,,,,,0.0,0,,-2.25,-2.25,-87.6487,3.8621,0.8334,no_mask
1131,37.7,False,,,,,,,,,,,0.0,0,,-2.25,-2.25,-87.8297,3.8747,0.8336,no_mask
1132,37.7333,False,,,,,,,,,,,0.0,0,,-2.25,-2.25,-87.9813,3.8898,0.8335,no_mask
1133,37.7667,False,,,,,,,,,,,0.0,0,,-2.25,-2.25,-3.2741,-5.4214,0.8343,no_mask
1134,37.8,False,,,,,,,,,,,0.0,0,,-2.25,-2.25,-3.3519,-5.3727,0.834,no_mask
1135,37.8333,False,,,,,,,,,,,0.0,0,,-2.25,-2.25,-3.4336,-5.1191,0.834,no_mask
1136,37.8667,False,,,,,,,,,,,0.0,0,,-2.25,-2.25,-3.7725,-5.2103,0.8339,no_mask
1137,37.9,False,,,,,,,,,,,0.0,0,,-2.25,-2.25,-3.5443,-4.5732,0.8341,no_mask
1138,37.9333,False,,,,,,,,,,,0.0,0,,-2.25,-2.25,-3.6253,-4.677,0.8339,no_mask
1139,37.9667,False,,,,,,,,,,,0.0,0,,-2.25,-2.25,-4.1952,-4.9356,0.834,no_mask
1140,38.0,False,,,,,,,,,,,0.0,0,,-2.23,-2.23,-3.747,-4.4577,0.8339,no_mask
1141,38.0333,False,,,,,,,,,,,0.0,0,,-2.03,-2.03,-4.5616,-4.2728,0.8343,no_mask
1142,38.0667,False,,,,,,,,,,,0.0,0,,-2.23,-2.23,-3.6377,-3.8222,0.8339,no_mask
1143,38.1,False,,,,,,,,,,,0.0,0,,-2.03,-2.03,-4.0079,-3.8137,0.8339,no_mask
1144,38.1333,False,,,,,,,,,,,0.0,0,,-2.03,-2.03,-3.8003,-3.5819,0.8338,no_mask
1145,38.1667,False,,,,,,,,,,,0.0,0,,-2.03,-2.03,-3.9112,-3.4413,0.8339,no_mask
1146,38.2,False,,,,,,,,,,,0.0,0,,-2.03,-2.03,-3.5679,-3.4303,0.8337,no_mask
1147,38.2333,False,,,,,,,,,,,0.0,0,,-2.01,-2.01,-3.26,-3.1479,0.8337,no_mask
1148,38.2667,False,,,,,,,,,,,0.0,0,,-2.01,-2.01,-3.5741,-3.7014,0.8336,no_mask
1149,38.3,False,,,,,,,,,,,0.0,0,,-2.01,-2.01,-3.4718,-4.0928,0.8341,no_mask
1150,38.3333,False,,,,,,,,,,,0.0,0,,-2.01,-2.01,-3.5873,-3.6903,0.8338,no_mask
1151,38.3667,False,,,,,,,,,,,0.0,0,,-2.01,-2.01,-3.1017,-3.3732,0.8339,no_mask
1152,38.4,False,,,,,,,,,,,0.0,0,,-2.0,-2.0,-2.9664,-3.6002,0.8338,no_mask
1153,38.4333,False,,,,,,,,,,,0.0,0,,-2.0,-2.0,-3.2305,-3.6766,0.8341,no_mask
1154,38.4667,False,,,,,,,,,,,0.0,0,,-2.0,-2.0,-3.443,-3.6104,0.8339,no_mask
1155,38.5,False,,,,,,,,,,,0.0,0,,-2.0,-2.0,-3.2227,-4.292,0.834,no_mask
1156,38.5333,False,,,,,,,,,,,0.0,0,,-1.99,-1.99,-3.6095,-3.7986,0.834,no_mask
1157,38.5667,False,,,,,,,,,,,0.0,0,,-1.99,-1.99,-4.2785,-5.173,0.8345,no_mask
1158,38.6,False,,,,,,,,,,,0.0,0,,-1.99,-1.99,-3.9366,-4.7178,0.8342,no_mask
1159,38.6333,False,,,,,,,,,,,0.0,0,,-1.99,-1.99,-2.5628,-3.6801,0.8343,no_mask
1160,38.6667,False,,,,,,,,,,,0.0,0,,-1.97,-1.97,-2.2417,-3.5517,0.8343,no_mask
1161,38.7,False,,,,,,,,,,,0.0,0,,-1.97,-1.97,-2.4715,-3.297,0.8345,no_mask
1162,38.7333,False,,,,,,,,,,,0.0,0,,-1.97,-1.97,-2.1315,-2.7488,0.8344,no_mask
1163,38.7667,False,,,,,,,,,,,0.0,0,,-1.97,-1.97,-1.8102,-2.6159,0.8345,no_mask
1164,38.8,False,,,,,,,,,,,0.0,0,,-1.97,-1.97,-1.6752,-2.3811,0.8344,no_mask
1165,38.8333,False,,,,,,,,,,,0.0,0,,-1.97,-1.97,-1.5586,-2.2153,0.8348,no_mask
1166,38.8667,False,,,,,,,,,,,0.0,0,,-1.97,-1.97,-1.6118,-2.1593,0.8345,no_mask
1167,38.9,False,,,,,,,,,,,0.0,0,,-1.97,-1.97,-1.4935,-1.9923,0.8345,no_mask
1168,38.9333,False,,,,,,,,,,,0.0,0,,-1.97,-1.97,-1.3982,-2.3068,0.8345,no_mask
1169,38.9667,False,,,,,,,,,,,0.0,0,,-1.97,-1.97,-1.6407,-1.7684,0.8348,no_mask
1170,39.0,False,,,,,,,,,,,0.0,0,,-1.97,-1.97,-1.2833,-1.9302,0.8346,no_mask
1171,39.0333,False,,,,,,,,,,,0.0,0,,-1.97,-1.97,-1.1442,-2.1932,0.8347,no_mask
1172,39.0667,False,,,,,,,,,,,0.0,0,,-1.97,-1.97,-1.1902,-2.4324,0.8347,no_mask
1173,39.1,False,,,,,,,,,,,0.0,0,,-1.95,-1.95,-1.1238,-1.6329,0.8353,no_mask
1174,39.1333,False,,,,,,,,,,,0.0,0,,-1.97,-1.97,-1.3041,-1.7797,0.835,no_mask
1175,39.1667,False,,,,,,,,,,,0.0,0,,-1.97,-1.97,-2.0845,-1.8503,0.8351,no_mask
1176,39.2,False,,,,,,,,,,,0.0,0,,-1.97,-1.97,-2.1278,-1.0654,0.8351,no_mask
1177,39.2333,False,,,,,,,,,,,0.0,0,,-1.97,-1.97,-2.2958,-0.8216,0.8354,no_mask
1178,39.2667,False,,,,,,,,,,,0.0,0,,-1.97,-1.97,-2.6528,-0.7574,0.8353,no_mask
1179,39.3,False,,,,,,,,,,,0.0,0,,-1.97,-1.97,-2.2722,-0.1648,0.8355,no_mask
1180,39.3333,False,,,,,,,,,,,0.0,0,,-1.97,-1.97,-2.4942,-0.0642,0.8355,no_mask
1181,39.3667,False,,,,,,,,,,,0.0,0,,-1.97,-1.97,-3.3403,-0.132,0.8361,no_mask
1182,39.4,False,,,,,,,,,,,0.0,0,,-1.99,-1.99,-3.2082,-0.0737,0.8357,no_mask
1183,39.4333,False,,,,,,,,,,,0.0,0,,-1.99,-1.99,-3.2079,-0.1493,0.8358,no_mask
1184,39.4667,False,,,,,,,,,,,0.0,0,,-1.99,-1.99,-2.7723,-0.6389,0.8358,no_mask
1185,39.5,False,,,,,,,,,,,0.0,0,,-1.99,-1.99,-2.8536,-0.423,0.8361,no_mask
1186,39.5333,False,,,,,,,,,,,0.0,0,,-1.99,-1.99,-1.9771,-0.1712,0.836,no_mask
1187,39.5667,False,,,,,,,,,,,0.0,0,,-1.99,-1.99,-2.1249,-1.0828,0.8361,no_mask
1188,39.6,False,,,,,,,,,,,0.0,0,,-2.0,-2.0,-2.8981,-1.0297,0.8361,no_mask
1189,39.6333,False,,,,,,,,,,,0.0,0,,-1.99,-1.99,-3.1197,-1.273,0.8367,no_mask
1190,39.6667,False,,,,,,,,,,,0.0,0,,-1.99,-1.99,-2.847,-1.2154,0.8365,no_mask
1191,39.7,False,,,,,,,,,,,0.0,0,,-2.0,-2.0,-2.6441,-1.4142,0.8366,no_mask
1192,39.7333,False,,,,,,,,,,,0.0,0,,-2.0,-2.0,-3.033,-1.5723,0.8366,no_mask
1193,39.7667,False,,,,,,,,,,,0.0,0,,-2.0,-2.0,-3.112,-2.1183,0.8369,no_mask
1194,39.8,False,,,,,,,,,,,0.0,0,,-2.0,-2.0,-2.885,-1.7679,0.8368,no_mask
1195,39.8333,False,,,,,,,,,,,0.0,0,,-2.0,-2.0,-3.4325,-1.9628,0.837,no_mask
1196,39.8667,False,,,,,,,,,,,0.0,0,,-2.0,-2.0,-3.6751,-2.4584,0.837,no_mask
1197,39.9,False,,,,,,,,,,,0.0,0,,-2.0,-2.0,-4.95,-3.2257,0.8376,no_mask
1198,39.9333,False,,,,,,,,,,,0.0,0,,-2.0,-2.0,-4.6762,-2.8493,0.8373,no_mask
1199,39.9667,False,,,,,,,,,,,0.0,0,,-2.01,-2.01,-4.6521,-2.522,0.8374,no_mask
1200,40.0,False,,,,,,,,,,,0.0,0,,-2.01,-2.01,-4.09,-2.5884,0.8374,no_mask
1201,40.0333,False,,,,,,,,,,,0.0,0,,-2.01,-2.01,-4.0005,-2.1196,0.8378,no_mask
1202,40.0667,False,,,,,,,,,,,0.0,0,,-2.01,-2.01,-4.0087,-2.265,0.8377,no_mask
1203,40.1,False,,,,,,,,,,,0.0,0,,-2.01,-2.01,-3.919,-2.2429,0.8378,no_mask
1204,40.1333,False,,,,,,,,,,,0.0,0,,-2.01,-2.01,-4.7836,-2.7174,0.8379,no_mask
1205,40.1667,False,,,,,,,,,,,0.0,0,,-2.01,-2.01,-4.9391,-2.3145,0.8385,no_mask
1206,40.2,False,,,,,,,,,,,0.0,0,,-2.01,-2.01,-5.2407,-2.9814,0.8382,no_mask
1207,40.2333,False,,,,,,,,,,,0.0,0,,-2.01,-2.01,-5.986,-2.8454,0.8382,no_mask
1208,40.2667,False,,,,,,,,,,,0.0,0,,-2.01,-2.01,-6.7564,-3.1563,0.8382,no_mask
1209,40.3,False,,,,,,,,,,,0.0,0,,-2.03,-2.03,-6.4816,-2.9902,0.8384,no_mask
1210,40.3333,False,,,,,,,,,,,0.0,0,,-2.03,-2.03,-6.2979,-3.1815,0.8383,no_mask
1211,40.3667,False,,,,,,,,,,,0.0,0,,-2.03,-2.03,-5.9897,-3.1916,0.8384,no_mask
1212,40.4,False,,,,,,,,,,,0.0,0,,-2.03,-2.03,-6.6849,-2.8182,0.8384,no_mask
1213,40.4333,False,,,,,,,,,,,0.0,0,,-2.03,-2.03,-5.5609,-2.3307,0.8389,no_mask
1214,40.4667,False,,,,,,,,,,,0.0,0,,-2.25,-2.25,-6.0265,-2.6757,0.8388,no_mask
1215,40.5,False,,,,,,,,,,,0.0,0,,-2.25,-2.25,-6.9452,-2.8624,0.839,no_mask
1216,40.5333,False,,,,,,,,,,,0.0,0,,-2.25,-2.25,-8.0439,-3.5061,0.839,no_mask
1217,40.5667,False,,,,,,,,,,,0.0,0,,-2.25,-2.25,-8.4463,-3.7896,0.8396,no_mask
1218,40.6,False,,,,,,,,,,,0.0,0,,-2.25,-2.25,-8.8579,-4.9958,0.8395,no_mask
1219,40.6333,False,,,,,,,,,,,0.0,0,,-2.25,-2.25,-10.2993,-5.0651,0.8399,no_mask
1220,40.6667,False,,,,,,,,,,,0.0,0,,-2.25,-2.25,-9.8272,-5.3622,0.8399,no_mask
1221,40.7,False,,,,,,,,,,,0.0,0,,-2.25,-2.25,-8.97,-5.9865,0.8406,no_mask
1222,40.7333,False,,,,,,,,,,,0.0,0,,-2.25,-2.25,-8.3803,-6.4064,0.8406,no_mask
1223,40.7667,False,,,,,,,,,,,0.0,0,,-2.25,-2.25,-8.5539,-7.3913,0.8406,no_mask
1224,40.8,False,,,,,,,,,,,0.0,0,,-2.25,-2.25,-6.852,-6.1059,0.8406,no_mask
1225,40.8333,False,,,,,,,,,,,0.0,0,,-2.25,-2.25,-7.5837,-7.1769,0.8407,no_mask
1226,40.8667,False,,,,,,,,,,,0.0,0,,-2.25,-2.25,-7.2482,-6.9974,0.8408,no_mask
1227,40.9,False,,,,,,,,,,,0.0,0,,-2.25,-2.25,-5.2666,-3.4278,0.8405,no_mask
1228,40.9333,False,,,,,,,,,,,0.0,0,,-2.25,-2.25,-5.2159,-2.8369,0.8403,no_mask
1229,40.9667,False,,,,,,,,,,,0.0,0,,-2.25,-2.25,-4.3299,-3.2012,0.8404,no_mask
1230,41.0,False,,,,,,,,,,,0.0,0,,-2.25,-2.25,-4.2943,-3.0321,0.8404,no_mask
1231,41.0333,False,,,,,,,,,,,0.0,0,,-2.25,-2.25,-3.3984,-3.1914,0.8407,no_mask
1232,41.0667,False,,,,,,,,,,,0.0,0,,-2.25,-2.25,-3.2723,-3.8077,0.8406,no_mask
1233,41.1,False,,,,,,,,,,,0.0,0,,-2.25,-2.25,-2.5383,-3.3397,0.8408,no_mask
1234,41.1333,False,,,,,,,,,,,0.0,0,,-2.25,-2.25,-2.5645,-3.4973,0.8408,no_mask
1235,41.1667,False,,,,,,,,,,,0.0,0,,-2.25,-2.25,-2.9325,-4.0182,0.8413,no_mask
1236,41.2,False,,,,,,,,,,,0.0,0,,-2.25,-2.25,-3.2877,-6.2901,0.841,no_mask
1237,41.2333,False,,,,,,,,,,,0.0,0,,-2.25,-2.25,-2.6392,-5.7723,0.841,no_mask
1238,41.2667,False,,,,,,,,,,,0.0,0,,-2.25,-2.25,-2.9368,-5.4573,0.841,no_mask
1239,41.3,False,,,,,,,,,,,0.0,0,,-2.25,-2.25,-3.6167,-6.3664,0.8412,no_mask
1240,41.3333,False,,,,,,,,,,,0.0,0,,-2.25,-2.25,-4.1702,-6.9278,0.8411,no_mask
1241,41.3667,False,,,,,,,,,,,0.0,0,,-2.25,-2.25,-4.4151,-6.2098,0.8412,no_mask
1242,41.4,False,,,,,,,,,,,0.0,0,,-2.25,-2.25,-88.6449,6.2596,0.8412,no_mask
1243,41.4333,False,,,,,,,,,,,0.0,0,,-2.25,-2.25,-88.6085,6.2717,0.8417,no_mask
1244,41.4667,False,,,,,,,,,,,0.0,0,,-2.25,-2.25,-88.6227,6.2736,0.8415,no_mask
1245,41.5,False,,,,,,,,,,,0.0,0,,-2.25,-2.25,-88.6151,6.2915,0.8415,no_mask
1246,41.5333,False,,,,,,,,,,,0.0,0,,-2.25,-2.25,-88.6119,6.2979,0.8415,no_mask
1247,41.5667,False,,,,,,,,,,,0.0,0,,-2.25,-2.25,-88.6173,6.3001,0.8418,no_mask
1248,41.6,False,,,,,,,,,,,0.0,0,,-2.25,-2.25,-88.6126,6.3326,0.8416,no_mask
1249,41.6333,False,,,,,,,,,,,0.0,0,,-2.25,-2.25,-88.6369,6.3251,0.8418,no_mask
1250,41.6667,False,,,,,,,,,,,0.0,0,,-2.25,-2.25,-88.6389,6.3385,0.8417,no_mask
1251,41.7,False,,,,,,,,,,,0.0,0,,-2.25,-2.25,-88.6328,6.3593,0.8423,no_mask
1252,41.7333,False,,,,,,,,,,,0.0,0,,-2.25,-2.25,-88.5854,6.3779,0.842,no_mask
1253,41.7667,False,,,,,,,,,,,0.0,0,,-2.25,-2.25,-88.552,6.3904,0.8421,no_mask
1254,41.8,False,,,,,,,,,,,0.0,0,,-2.25,-2.25,-88.5024,6.409,0.842,no_mask
1255,41.8333,False,,,,,,,,,,,0.0,0,,-2.25,-2.25,-88.4686,6.4414,0.8423,no_mask
1256,41.8667,False,,,,,,,,,,,0.0,0,,-2.25,-2.25,-88.4143,6.4613,0.8422,no_mask
1257,41.9,False,,,,,,,,,,,0.0,0,,-2.25,-2.25,-88.3611,6.4728,0.8423,no_mask
1258,41.9333,False,,,,,,,,,,,0.0,0,,-2.25,-2.25,-88.3104,6.4879,0.8423,no_mask
1259,41.9667,False,,,,,,,,,,,0.0,0,,-2.25,-2.25,-88.2672,6.5152,0.8427,no_mask
1260,42.0,False,,,,,,,,,,,0.0,0,,-2.25,-2.25,-88.269,6.5474,0.8425,no_mask
1261,42.0333,False,,,,,,,,,,,0.0,0,,-2.25,-2.25,-88.2517,6.5801,0.8425,no_mask
1262,42.0667,False,,,,,,,,,,,0.0,0,,-2.25,-2.25,-88.2388,6.6066,0.8425,no_mask
1263,42.1,False,,,,,,,,,,,0.0,0,,-2.25,-2.25,-88.2224,6.6636,0.8428,no_mask
1264,42.1333,False,,,,,,,,,,,0.0,0,,-2.25,-2.25,-88.2122,6.685,0.8427,no_mask
1265,42.1667,False,,,,,,,,,,,0.0,0,,-2.25,-2.25,-88.2046,6.7143,0.8428,no_mask
1266,42.2,False,,,,,,,,,,,0.0,0,,-2.25,-2.25,-88.1939,6.7351,0.8428,no_mask
1267,42.2333,False,,,,,,,,,,,0.0,0,,-2.25,-2.25,-88.1959,6.8108,0.8434,no_mask
1268,42.2667,False,,,,,,,,,,,0.0,0,,-2.25,-2.25,-88.2097,6.8092,0.8431,no_mask
1269,42.3,False,,,,,,,,,,,0.0,0,,-2.25,-2.25,-88.2184,6.8271,0.8432,no_mask
1270,42.3333,False,,,,,,,,,,,0.0,0,,-2.25,-2.25,-88.2181,6.8377,0.8431,no_mask
1271,42.3667,False,,,,,,,,,,,0.0,0,,-2.25,-2.25,-88.2201,6.8415,0.8434,no_mask
1272,42.4,False,,,,,,,,,,,0.0,0,,-2.25,-2.25,-88.1714,6.9824,0.8433,no_mask
1273,42.4333,False,,,,,,,,,,,0.0,0,,-2.25,-2.25,-88.1842,6.9715,0.8434,no_mask
1274,42.4667,False,,,,,,,,,,,0.0,0,,-2.25,-2.25,-88.1885,6.9805,0.8434,no_mask
1275,42.5,False,,,,,,,,,,,0.0,0,,-2.25,-2.25,-88.1944,6.9948,0.8439,no_mask
1276,42.5333,False,,,,,,,,,,,0.0,0,,-2.25,-2.25,-88.222,6.9859,0.8436,no_mask
1277,42.5667,False,,,,,,,,,,,0.0,0,,-2.25,-2.25,-88.2381,6.9812,0.8437,no_mask
1278,42.6,False,,,,,,,,,,,0.0,0,,-2.25,-2.25,-88.2448,6.9665,0.8436,no_mask
1279,42.6333,False,,,,,,,,,,,0.0,0,,-2.25,-2.25,-88.2777,6.9547,0.8439,no_mask
1280,42.6667,False,,,,,,,,,,,0.0,0,,-2.25,-2.25,-88.3132,6.8898,0.8438,no_mask
1281,42.7,False,,,,,,,,,,,0.0,0,,-2.25,-2.25,-88.3278,6.9678,0.8439,no_mask
1282,42.7333,False,,,,,,,,,,,0.0,0,,-2.25,-2.25,-88.3265,6.8652,0.8439,no_mask
1283,42.7667,False,,,,,,,,,,,0.0,0,,-2.25,-2.25,-88.353,6.9615,0.8444,no_mask
1284,42.8,False,,,,,,,,,,,0.0,0,,-2.25,-2.25,-88.3444,6.9242,0.8441,no_mask
1285,42.8333,False,,,,,,,,,,,0.0,0,,-2.25,-2.25,-88.3206,6.818,0.8442,no_mask
1286,42.8667,False,,,,,,,,,,,0.0,0,,-2.25,-2.25,-88.3432,6.7887,0.8442,no_mask
1287,42.9,False,,,,,,,,,,,0.0,0,,-2.25,-2.25,-88.3339,6.7783,0.8445,no_mask
1288,42.9333,False,,,,,,,,,,,0.0,0,,-2.25,-2.25,-88.3379,6.7487,0.8444,no_mask
1289,42.9667,False,,,,,,,,,,,0.0,0,,-2.25,-2.25,-88.3129,6.7282,0.8446,no_mask
1290,43.0,False,,,,,,,,,,,0.0,0,,-2.25,-2.25,-88.3117,6.7118,0.8446,no_mask
1291,43.0333,False,,,,,,,,,,,0.0,0,,-2.25,-2.25,-88.2973,6.693,0.8452,no_mask
1292,43.0667,False,,,,,,,,,,,0.0,0,,-2.25,-2.25,-88.4248,6.6462,0.845,no_mask
1293,43.1,False,,,,,,,,,,,0.0,0,,-2.25,-2.25,-88.522,6.6197,0.845,no_mask
1294,43.1333,False,,,,,,,,,,,0.0,0,,-2.25,-2.25,-88.628,6.5915,0.8449,no_mask
1295,43.1667,False,,,,,,,,,,,0.0,0,,-2.25,-2.25,-88.7239,6.5821,0.8451,no_mask
1296,43.2,False,,,,,,,,,,,0.0,0,,-2.25,-2.25,-88.8374,6.5553,0.845,no_mask
1297,43.2333,False,,,,,,,,,,,0.0,0,,-2.25,-2.25,-88.9319,6.5405,0.845,no_mask
1298,43.2667,False,,,,,,,,,,,0.0,0,,-2.25,-2.25,-89.0308,6.5207,0.845,no_mask
1299,43.3,False,,,,,,,,,,,0.0,0,,-2.25,-2.25,-4.4502,0.8058,0.8454,no_mask
1300,43.3333,False,,,,,,,,,,,0.0,0,,-2.25,-2.25,-4.1006,0.3899,0.8451,no_mask
1301,43.3667,False,,,,,,,,,,,0.0,0,,-2.25,-2.25,-4.2647,0.3849,0.8451,no_mask
1302,43.4,False,,,,,,,,,,,0.0,0,,-2.25,-2.25,-4.5845,0.3959,0.8451,no_mask
1303,43.4333,False,,,,,,,,,,,0.0,0,,-2.25,-2.25,-4.5816,0.685,0.8454,no_mask
1304,43.4667,False,,,,,,,,,,,0.0,0,,-2.25,-2.25,-4.6563,0.9136,0.8452,no_mask
1305,43.5,False,,,,,,,,,,,0.0,0,,-2.25,-2.25,-4.7345,0.8512,0.8453,no_mask
1306,43.5333,False,,,,,,,,,,,0.0,0,,-2.25,-2.25,-4.4795,0.8299,0.8453,no_mask
1307,43.5667,False,,,,,,,,,,,0.0,0,,-2.25,-2.25,-4.5384,0.7894,0.8459,no_mask
