frame,t,ok,has,reason,area,n_comp,x1,y1,x2,y2,cx,cy,iou_box,contain,area_ratio,center_off,escape,esc_tol,w_row_med,h_rows,prompted,reanchored,bad_run
0,0.0,1,1,,894.0,1,232.0,65.0,259.0,134.0,244.9933,99.547,0.9464,0.9749,0.4775,0.0245,1.28,9.387,12.0,67,1,0,0
1,0.0333,1,1,,933.0,1,232.0,66.0,259.0,135.0,245.1254,100.7524,0.939,0.9741,0.4951,0.0311,1.5093,9.4129,13.0,67,0,0,0
2,0.0667,1,1,,934.0,1,232.0,66.0,259.0,135.0,245.1071,100.7837,0.9458,0.978,0.4953,0.0278,1.1415,9.3978,13.0,67,0,0,0
3,0.1,1,1,,940.0,1,232.0,67.0,259.0,137.0,245.1128,102.3181,0.9116,0.9514,0.4998,0.0437,2.7805,9.3631,13.0,68,0,0,0
4,0.1333,1,1,,935.0,1,232.0,67.0,259.0,137.0,245.1198,102.369,0.9299,0.9582,0.5004,0.0345,2.1774,9.3456,12.5,68,0,0,0
5,0.1667,1,1,,937.0,1,232.0,67.0,259.0,137.0,245.1451,102.3234,0.9375,0.9597,0.5042,0.03,2.058,9.3436,13.0,68,0,0,0
6,0.2,1,1,,938.0,1,232.0,69.0,259.0,140.0,245.2537,104.936,0.8755,0.9177,0.5066,0.0639,5.1334,9.348,12.0,69,0,0,0
7,0.2333,1,1,,958.0,1,232.0,69.0,259.0,141.0,245.0783,105.7401,0.8996,0.9277,0.5139,0.0557,4.574,9.3736,12.0,70,0,0,0
8,0.2667,1,1,,964.0,1,232.0,69.0,259.0,142.0,245.0747,105.8133,0.9177,0.9351,0.5126,0.0409,4.1852,9.3984,12.0,71,0,0,0
9,0.3,1,1,,952.0,1,231.0,71.0,259.0,144.0,244.9128,108.3015,0.856,0.8887,0.5025,0.0641,5.2524,9.4132,12.0,71,0,0,0
10,0.3333,1,1,,952.0,1,231.0,71.0,259.0,144.0,244.9391,108.2258,0.8818,0.9041,0.5011,0.0472,3.7279,9.3371,12.0,71,0,0,0
11,0.3667,1,1,,950.0,1,231.0,71.0,259.0,144.0,244.9495,108.2326,0.8967,0.9142,0.4978,0.036,2.5194,9.2791,12.0,71,0,0,0
12,0.4,1,1,,990.0,1,231.0,73.0,259.0,146.0,244.9404,109.9162,0.8592,0.896,0.5159,0.0506,3.6623,9.2451,13.0,71,0,0,0
13,0.4333,1,1,,995.0,1,231.0,74.0,259.0,147.0,244.9106,110.991,0.8779,0.9155,0.5079,0.0463,2.9483,9.3497,13.0,71,0,0,0
14,0.4667,1,1,,994.0,1,231.0,74.0,259.0,147.0,244.9326,110.9266,0.9188,0.9459,0.4986,0.0278,1.2896,9.4363,13.0,71,0,0,0
15,0.5,1,1,,999.0,1,231.0,75.0,259.0,148.0,244.8589,112.1451,0.9215,0.9539,0.4942,0.0325,1.2124,9.506,13.0,71,0,0,0
16,0.5333,1,1,,999.0,1,231.0,75.0,259.0,148.0,244.8699,112.2593,0.95,0.9738,0.4893,0.0222,0.3903,9.5593,13.0,71,0,0,0
17,0.5667,1,1,,1000.0,1,231.0,75.0,259.0,148.0,244.879,112.244,0.9544,0.9798,0.4862,0.0154,0.3286,9.6016,13.0,71,0,0,0
18,0.6,1,1,,1013.0,1,232.0,76.0,259.0,151.0,245.0089,113.6367,0.9118,0.9637,0.4901,0.03,2.2027,9.631,13.0,73,0,0,0
19,0.6333,1,1,,1036.0,1,232.0,76.0,259.0,152.0,245.0434,114.1931,0.9186,0.9642,0.498,0.0281,2.2873,9.6361,13.0,74,0,0,0
20,0.6667,1,1,,1030.0,1,232.0,77.0,259.0,152.0,245.0408,114.3369,0.923,0.9761,0.4921,0.0226,1.4319,9.6251,13.0,73,0,0,0
21,0.7,1,1,,1047.0,1,232.0,77.0,259.0,153.0,245.0726,114.7822,0.922,0.9709,0.4983,0.0227,1.7613,9.5998,13.0,74,0,0,0
22,0.7333,1,1,,1044.0,1,232.0,77.0,259.0,153.0,245.0259,114.9157,0.9315,0.9756,0.4974,0.0212,1.3528,9.5525,13.0,74,0,0,0
23,0.7667,1,1,,1045.0,1,232.0,77.0,259.0,153.0,245.0498,114.9043,0.9396,0.9784,0.4995,0.0182,1.0718,9.5094,13.0,74,0,0,0
24,0.8,1,1,,1085.0,1,231.0,77.0,259.0,155.0,244.9604,116.0885,0.908,0.9304,0.5202,0.0318,2.9969,9.4817,13.0,76,0,0,0
25,0.8333,1,1,,1087.0,1,231.0,77.0,259.0,155.0,244.9457,116.0984,0.917,0.9387,0.5171,0.0297,2.729,9.5332,13.0,76,0,0,0
26,0.8667,1,1,,1087.0,1,231.0,77.0,259.0,155.0,244.9439,116.1822,0.9252,0.9469,0.5129,0.0287,2.4588,9.5821,13.0,76,0,0,0
27,0.9,1,1,,1098.0,1,231.0,77.0,259.0,156.0,244.9199,116.7514,0.9203,0.9418,0.5143,0.0341,3.2155,9.6213,13.0,77,0,0,0
28,0.9333,1,1,,1097.0,1,231.0,77.0,259.0,156.0,244.9717,116.6882,0.9287,0.9503,0.5094,0.0305,2.7936,9.6538,13.0,77,0,0,0
29,0.9667,1,1,,1089.0,1,231.0,77.0,259.0,156.0,244.9862,116.831,0.9363,0.958,0.5017,0.0294,2.3721,9.6791,13.0,77,0,0,0
30,1.0,1,1,,1110.0,1,231.0,77.0,259.0,157.0,245.0045,117.4739,0.932,0.9525,0.5085,0.0341,2.9645,9.6933,13.0,78,0,0,0
31,1.0333,1,1,,1124.0,1,231.0,77.0,259.0,157.0,245.0472,117.8274,0.9349,0.956,0.5128,0.035,2.5066,9.6871,13.0,78,0,0,0
32,1.0667,1,1,,1129.0,1,231.0,77.0,259.0,157.0,245.0345,117.8964,0.937,0.9592,0.5129,0.0328,2.0615,9.6796,13.0,78,0,0,0
33,1.1,1,1,,1137.0,1,231.0,77.0,259.0,157.0,245.1398,118.0932,0.9404,0.9628,0.5145,0.0316,1.6215,9.6797,13.0,78,0,0,0
34,1.1333,1,1,,1139.0,1,231.0,77.0,259.0,157.0,245.1414,118.122,0.942,0.9675,0.5113,0.028,1.106,9.7119,13.0,78,0,0,0
35,1.1667,1,1,,1142.0,1,231.0,77.0,259.0,157.0,245.1585,118.0718,0.9445,0.9722,0.5091,0.0244,0.6691,9.7367,14.0,78,0,0,0
36,1.2,1,1,,1138.0,1,231.0,78.0,259.0,159.0,245.2074,119.1494,0.9129,0.9521,0.5043,0.0344,2.3157,9.7596,13.0,79,0,0,0
37,1.2333,1,1,,1142.0,1,231.0,78.0,259.0,159.0,245.1961,119.1926,0.9216,0.9605,0.5021,0.0291,1.6136,9.7853,13.0,79,0,0,0
38,1.2667,1,1,,1144.0,1,231.0,78.0,259.0,159.0,245.2273,119.1582,0.9309,0.97,0.4984,0.0238,0.9635,9.8175,13.0,79,0,0,0
39,1.3,1,1,,1159.0,1,231.0,78.0,260.0,160.0,245.5582,119.8576,0.936,0.9539,0.5009,0.027,1.3583,9.8455,13.0,80,0,0,0
40,1.3333,1,1,,1155.0,1,231.0,78.0,260.0,160.0,245.5411,120.0087,0.9515,0.9672,0.4938,0.023,0.6124,9.8906,13.0,80,0,0,0
41,1.3667,1,1,,1156.0,1,231.0,79.0,260.0,160.0,245.532,119.9723,0.9521,0.9777,0.4899,0.0178,0.3261,9.9238,13.0,79,0,0,0
42,1.4,1,1,,1161.0,1,232.0,80.0,260.0,163.0,245.5969,121.6029,0.9025,0.9593,0.4887,0.0327,2.4928,9.9481,13.0,81,0,0,0
43,1.4333,1,1,,1184.0,1,231.0,81.0,260.0,164.0,245.5988,122.56,0.9174,0.955,0.4939,0.0345,2.5217,9.9973,14.0,81,0,0,0
44,1.4667,1,1,,1185.0,1,232.0,81.0,260.0,165.0,245.5916,122.6397,0.8997,0.9619,0.4887,0.0252,2.3747,10.0516,13.0,82,0,0,0
45,1.5,1,1,,1210.0,1,231.0,82.0,260.0,166.0,245.5083,123.8744,0.9223,0.9625,0.4937,0.0312,2.4464,10.098,14.0,82,0,0,0
46,1.5333,1,1,,1213.0,1,231.0,82.0,260.0,166.0,245.4839,124.0643,0.9402,0.9767,0.4903,0.0236,1.3118,10.1293,14.0,82,0,0,0
47,1.5667,1,1,,1207.0,1,231.0,82.0,260.0,166.0,245.4921,124.1682,0.952,0.9862,0.4847,0.0185,0.5219,10.1389,14.0,82,0,0,0
48,1.6,1,1,,1236.0,1,232.0,82.0,260.0,167.0,245.8115,125.2775,0.9173,0.9811,0.4943,0.0267,0.9526,10.1418,14.0,83,0,0,0
49,1.6333,1,1,,1251.0,1,232.0,82.0,260.0,168.0,245.8449,125.6811,0.9327,0.9848,0.4992,0.0245,1.2085,10.1226,14.0,84,0,0,0
50,1.6667,1,1,,1250.0,1,232.0,82.0,260.0,168.0,245.8744,125.5888,0.9447,0.9927,0.4975,0.0189,0.6309,10.1083,14.0,84,0,0,0
51,1.7,1,1,,1253.0,1,232.0,83.0,260.0,168.0,245.8699,126.2666,0.9406,0.9973,0.4978,0.0233,0.2274,10.0935,14.0,83,0,0,0
52,1.7333,1,1,,1255.0,1,232.0,83.0,260.0,169.0,245.8653,126.3371,0.9392,0.9899,0.4992,0.0214,0.8677,10.0513,14.0,84,0,0,0
53,1.7667,1,1,,1254.0,1,232.0,83.0,260.0,169.0,245.8636,126.3692,0.9455,0.9926,0.4995,0.0202,0.6322,10.0166,14.0,84,0,0,0
54,1.8,1,1,,1284.0,1,232.0,83.0,260.0,170.0,246.1028,127.3902,0.9398,0.9832,0.5121,0.0299,1.463,9.995,14.0,85,0,0,0
55,1.8333,1,1,,1289.0,1,232.0,83.0,260.0,170.0,246.1885,127.3406,0.9485,0.9866,0.5153,0.0272,1.163,9.9467,14.0,85,0,0,0
56,1.8667,1,1,,1291.0,1,232.0,83.0,261.0,170.0,246.2122,127.3153,0.9433,0.9665,0.5163,0.0252,0.8985,9.9164,14.0,85,0,0,0
57,1.9,1,1,,1283.0,1,232.0,83.0,261.0,170.0,246.4053,127.5129,0.9439,0.9666,0.5133,0.0263,0.6978,9.8901,14.0,85,0,0,0
58,1.9333,1,1,,1279.0,1,232.0,83.0,261.0,170.0,246.4371,127.4722,0.9499,0.9707,0.5108,0.022,0.5295,9.8752,13.0,85,0,0,0
59,1.9667,1,1,,1278.0,1,232.0,84.0,261.0,170.0,246.4468,127.5485,0.9392,0.9715,0.5094,0.0197,0.4713,9.8606,13.0,84,0,0,0
60,2.0,1,1,,1297.0,1,233.0,84.0,261.0,172.0,246.7217,128.239,0.9205,0.968,0.5163,0.0249,1.4356,9.8481,14.0,86,0,0,0
61,2.0333,1,1,,1310.0,1,233.0,84.0,261.0,173.0,246.7573,128.745,0.9239,0.9647,0.5211,0.0257,1.9027,9.8292,13.0,87,0,0,0
62,2.0667,1,1,,1306.0,1,233.0,84.0,261.0,173.0,246.7795,128.742,0.9346,0.9713,0.5186,0.022,1.423,9.8164,13.0,87,0,0,0
63,2.1,1,1,,1328.0,1,233.0,84.0,261.0,174.0,246.9608,129.3464,0.9319,0.9656,0.5261,0.0258,2.0346,9.8109,14.0,88,0,0,0
64,2.1333,1,1,,1321.0,1,233.0,84.0,261.0,174.0,246.9803,129.3437,0.9478,0.9754,0.5219,0.0227,1.6037,9.8019,14.0,88,0,0,0
65,2.1667,1,1,,1321.0,1,233.0,84.0,261.0,174.0,246.9849,129.5481,0.9591,0.9829,0.5201,0.0226,1.2481,9.8013,13.5,88,0,0,0
66,2.2,1,1,,1362.0,1,234.0,84.0,261.0,175.0,247.2709,129.928,0.9227,0.9775,0.5346,0.0253,1.9838,9.8026,14.0,89,0,0,0
67,2.2333,1,1,,1365.0,1,234.0,84.0,261.0,175.0,247.3385,130.1275,0.9215,0.9816,0.5308,0.0259,1.6787,9.8547,14.0,89,0,0,0
68,2.2667,1,1,,1353.0,1,234.0,84.0,262.0,175.0,247.5092,130.0939,0.9178,0.9662,0.5212,0.0237,1.2666,9.8966,14.0,89,0,0,0
69,2.3,1,1,,1365.0,1,234.0,84.0,262.0,176.0,247.844,130.1956,0.9181,0.9648,0.5217,0.0231,1.86,9.9264,13.0,90,0,0,0
70,2.3333,1,1,,1368.0,1,234.0,83.0,262.0,176.0,247.8801,130.1053,0.9414,0.9762,0.5185,0.0213,1.5774,9.9581,13.0,91,0,0,0
71,2.3667,1,1,,1371.0,1,234.0,83.0,262.0,176.0,247.9088,130.0941,0.9485,0.9834,0.5161,0.0209,1.3535,9.9804,13.0,91,0,0,0
72,2.4,1,1,,1400.0,1,235.0,83.0,262.0,176.0,248.1243,130.2929,0.9194,0.9878,0.5249,0.0226,1.1347,9.9845,14.0,91,0,0,0
73,2.4333,1,1,,1396.0,1,235.0,83.0,262.0,176.0,248.1261,130.3245,0.9215,0.9877,0.5247,0.0245,1.1472,9.923,14.0,91,0,0,0
74,2.4667,1,1,,1397.0,1,235.0,83.0,262.0,176.0,248.1346,130.3286,0.9246,0.9882,0.5264,0.0254,1.0984,9.8679,14.0,91,0,0,0
75,2.5,1,1,,1399.0,1,235.0,83.0,262.0,176.0,248.2102,130.5633,0.9277,0.9892,0.5279,0.0283,1.0082,9.8235,14.0,91,0,0,0
76,2.5333,1,1,,1403.0,1,235.0,83.0,262.0,176.0,248.2466,130.5317,0.9306,0.9915,0.5286,0.0274,0.7864,9.8019,14.0,91,0,0,0
77,2.5667,1,1,,1402.0,1,235.0,83.0,262.0,176.0,248.2618,130.4558,0.9315,0.9942,0.526,0.0258,0.5425,9.8076,14.0,91,0,0,0
78,2.6,1,1,,1419.0,1,236.0,82.0,263.0,177.0,249.1557,130.5814,0.8798,0.9561,0.5305,0.0278,1.2941,9.8134,14.0,93,0,0,0
79,2.6333,1,1,,1433.0,1,236.0,82.0,263.0,177.0,249.1647,130.7299,0.905,0.9718,0.5343,0.0296,1.2714,9.8003,14.0,93,0,0,0
80,2.6667,1,1,,1432.0,1,236.0,82.0,263.0,177.0,249.236,130.7996,0.9249,0.9851,0.5317,0.0302,1.1247,9.8037,14.0,93,0,0,0
81,2.7,1,1,,1477.0,1,236.0,81.0,263.0,177.0,249.415,130.6459,0.9411,0.9901,0.5468,0.0283,0.9496,9.8009,14.0,94,0,0,0
82,2.7333,1,1,,1470.0,1,236.0,81.0,263.0,178.0,249.4993,130.5442,0.9317,0.9797,0.5443,0.0293,1.9723,9.7604,14.0,95,0,0,0
83,2.7667,1,1,,1467.0,1,236.0,81.0,263.0,178.0,249.5017,130.5412,0.9353,0.981,0.5439,0.0296,1.8466,9.7115,14.0,95,0,0,0
84,2.8,1,1,,1479.0,1,237.0,81.0,264.0,177.0,250.2306,130.5321,0.8876,0.959,0.5489,0.0306,0.9278,9.6728,14.0,94,0,0,0
85,2.8333,1,1,,1485.0,1,237.0,81.0,264.0,178.0,250.2067,130.765,0.9047,0.9609,0.5543,0.0315,1.4931,9.5891,14.0,95,0,0,0
86,2.8667,1,1,,1463.0,1,237.0,81.0,264.0,178.0,250.404,130.5277,0.9257,0.971,0.5477,0.0283,1.2977,9.5365,14.0,95,0,0,0
87,2.9,1,1,,1454.0,1,237.0,80.0,264.0,178.0,250.7338,130.2985,0.9551,0.9794,0.5469,0.0254,1.1258,9.4748,14.0,96,0,0,0
88,2.9333,1,1,,1454.0,1,237.0,80.0,264.0,178.0,250.7469,130.2792,0.9705,0.9869,0.5474,0.0255,1.1124,9.4465,14.0,96,0,0,0
89,2.9667,1,1,,1457.0,1,237.0,80.0,264.0,178.0,250.7632,130.2759,0.9575,0.9801,0.5486,0.0255,1.047,9.4308,14.0,96,0,0,0
90,3.0,1,1,,1497.0,1,238.0,80.0,264.0,178.0,251.344,130.0027,0.9401,0.9902,0.563,0.0232,0.9589,9.4281,14.0,96,0,0,0
91,3.0333,1,1,,1500.0,1,238.0,80.0,264.0,179.0,251.362,130.4393,0.9288,0.9789,0.5642,0.0297,2.0869,9.3974,14.0,97,0,0,0
92,3.0667,1,1,,1504.0,1,238.0,80.0,264.0,179.0,251.361,130.5406,0.9297,0.9802,0.5648,0.0312,1.9608,9.3742,14.0,97,0,0,0
93,3.1,1,1,,1504.0,1,240.0,80.0,265.0,179.0,252.0698,130.0811,0.8778,0.9721,0.5629,0.0269,1.6866,9.3664,14.0,97,0,0,0
94,3.1333,1,1,,1510.0,1,240.0,79.0,265.0,179.0,252.102,129.9344,0.9052,0.9858,0.562,0.024,1.4224,9.3835,14.0,98,0,0,0
95,3.1667,1,1,,1508.0,1,240.0,79.0,265.0,179.0,252.0862,130.1313,0.9047,0.9878,0.5587,0.0253,1.22,9.3936,14.0,98,0,0,0
96,3.2,1,1,,1552.0,1,240.0,79.0,265.0,180.0,252.2519,130.0954,0.8965,0.9798,0.573,0.0245,2.0356,9.4003,14.0,99,0,0,0
97,3.2333,1,1,,1556.0,1,241.0,79.0,265.0,180.0,252.7648,130.9184,0.8671,0.9844,0.5733,0.0305,1.5802,9.3761,14.0,99,0,0,0
98,3.2667,1,1,,1554.0,1,241.0,79.0,265.0,180.0,252.7921,130.9524,0.8717,0.991,0.5684,0.0268,0.9051,9.3921,14.0,99,0,0,0
99,3.3,1,1,,1582.0,1,241.0,80.0,266.0,181.0,253.1144,131.5386,0.8949,0.9874,0.5744,0.029,1.271,9.4099,14.0,99,0,0,0
100,3.3333,1,1,,1579.0,1,241.0,80.0,266.0,181.0,253.159,131.6669,0.9016,0.9944,0.5699,0.0253,0.57,9.4249,15.0,99,0,0,0
101,3.3667,1,1,,1589.0,1,241.0,79.0,266.0,181.0,253.141,131.4525,0.9145,0.9993,0.5707,0.02,0.075,9.4417,15.0,100,0,0,0
102,3.4,1,1,,1599.0,1,241.0,81.0,266.0,182.0,253.7286,133.065,0.8907,0.9926,0.5721,0.0335,0.7518,9.4572,15.0,99,0,0,0
103,3.4333,1,1,,1611.0,1,242.0,81.0,267.0,183.0,254.1688,133.1471,0.8866,0.9906,0.5702,0.0289,0.9559,9.5242,15.0,100,0,0,0
104,3.4667,1,1,,1607.0,1,242.0,81.0,267.0,183.0,254.1811,133.2757,0.8867,0.997,0.562,0.0252,0.3055,9.6037,15.0,100,0,0,0
105,3.5,1,1,,1616.0,1,242.0,81.0,267.0,184.0,254.5854,134.1652,0.8786,0.9919,0.5599,0.0308,0.8332,9.6627,15.0,101,0,0,0
106,3.5333,1,1,,1618.0,1,242.0,81.0,267.0,184.0,254.5711,134.2033,0.878,0.9977,0.5541,0.0268,0.2359,9.7441,15.0,101,0,0,0
107,3.5667,1,1,,1617.0,1,242.0,81.0,268.0,184.0,254.6017,134.18,0.9089,1.0,0.5488,0.0239,-0.1868,9.8046,15.0,101,0,0,0
108,3.6,1,1,,1629.0,1,243.0,82.0,268.0,187.0,255.3033,135.3223,0.8461,0.9757,0.5497,0.0339,2.5476,9.8414,15.0,103,0,0,0
109,3.6333,1,1,,1652.0,1,244.0,82.0,268.0,188.0,255.5981,135.9231,0.8195,0.9736,0.559,0.0333,2.7968,9.7874,15.0,104,0,0,0
110,3.6667,1,1,,1711.0,1,243.0,81.0,268.0,188.0,255.0508,135.6242,0.877,0.9799,0.583,0.0255,2.1554,9.6893,15.0,105,0,0,0
111,3.7,1,1,,1707.0,1,243.0,82.0,268.0,189.0,255.7124,136.6579,0.8755,0.976,0.5851,0.0308,2.5693,9.6069,15.0,105,0,0,0
112,3.7333,1,1,,1697.0,1,243.0,82.0,268.0,189.0,255.7242,136.7519,0.8973,0.9817,0.5897,0.0274,1.9585,9.4483,15.0,105,0,0,0
113,3.7667,1,1,,1693.0,1,243.0,82.0,268.0,189.0,255.7431,136.8175,0.9137,0.986,0.5941,0.0249,1.4929,9.3343,15.0,105,0,0,0
114,3.8,1,1,,1704.0,1,244.0,83.0,269.0,190.0,256.3468,137.6719,0.9074,0.98,0.6009,0.0302,2.1383,9.2737,15.0,105,0,0,0
115,3.8333,1,1,,1693.0,1,245.0,83.0,269.0,191.0,256.8252,138.0266,0.8795,0.9769,0.6006,0.029,2.5001,9.1924,14.0,106,0,0,0
116,3.8667,1,1,,1690.0,1,244.0,83.0,269.0,191.0,256.7787,138.358,0.9273,0.9773,0.607,0.0282,1.8906,9.0449,14.0,106,0,0,0
117,3.9,1,1,,1732.0,1,245.0,83.0,269.0,192.0,257.302,138.9925,0.9085,0.9783,0.6275,0.0307,2.3701,8.937,15.0,107,0,0,0
118,3.9333,1,1,,1726.0,1,245.0,83.0,269.0,192.0,257.3343,138.9328,0.9003,0.9856,0.6107,0.0256,1.5723,9.1132,15.0,107,0,0,0
119,3.9667,1,1,,1713.0,1,245.0,83.0,269.0,192.0,257.3841,139.0601,0.8809,0.9848,0.5938,0.024,0.9567,9.2663,15.0,107,0,0,0
120,4.0,1,1,,1748.0,1,246.0,84.0,270.0,193.0,257.877,139.6848,0.8693,0.9862,0.5963,0.026,1.5094,9.3881,15.0,107,0,0,0
121,4.0333,1,1,,1750.0,1,247.0,84.0,270.0,193.0,258.0697,139.964,0.8253,0.9906,0.5861,0.0256,1.025,9.5305,15.0,107,0,0,0
122,4.0667,1,1,,1757.0,1,247.0,84.0,270.0,193.0,258.0888,139.8349,0.8169,0.9942,0.5786,0.0225,0.6297,9.6633,15.0,107,0,0,0
123,4.1,1,1,,1790.0,1,247.0,83.0,271.0,194.0,259.0078,139.6687,0.8459,0.9878,0.5815,0.0192,1.3548,9.7691,15.0,109,0,0,0
124,4.1333,1,1,,1778.0,1,247.0,83.0,271.0,194.0,259.0585,139.6895,0.842,0.9901,0.5724,0.0188,1.0994,9.8188,15.0,109,0,0,0
125,4.1667,1,1,,1773.0,1,247.0,83.0,271.0,194.0,259.0457,139.6261,0.8399,0.9927,0.5666,0.0178,0.8064,9.8547,15.0,109,0,0,0
126,4.2,1,1,,1738.0,1,248.0,83.0,271.0,195.0,259.8654,140.4597,0.7965,0.9863,0.551,0.024,1.5374,9.9018,14.0,110,0,0,0
127,4.2333,1,1,,1733.0,1,248.0,83.0,271.0,194.0,260.0415,140.1748,0.8071,0.9983,0.5495,0.0201,0.1868,9.8623,15.0,109,0,0,0
128,4.2667,1,1,,1749.0,1,249.0,83.0,271.0,195.0,260.1035,140.2127,0.7719,0.9925,0.5553,0.0191,0.8422,9.8144,15.0,110,0,0,0
129,4.3,1,1,,1765.0,1,250.0,83.0,272.0,195.0,260.8187,140.4419,0.7765,0.9949,0.5613,0.0208,0.5713,9.766,15.0,110,0,0,0
130,4.3333,1,1,,1748.0,1,250.0,83.0,272.0,195.0,260.905,140.4211,0.779,0.997,0.5555,0.0201,0.3306,9.7321,15.0,110,0,0,0
131,4.3667,1,1,,1747.0,1,250.0,83.0,272.0,195.0,260.9181,140.4745,0.7828,0.9995,0.5554,0.02,0.0504,9.6887,15.0,110,0,0,0
132,4.4,1,1,,1813.0,1,250.0,83.0,272.0,196.0,261.433,141.1429,0.7821,0.9929,0.5776,0.0253,0.7968,9.6343,15.0,111,0,0,0
133,4.4333,1,1,,1811.0,1,251.0,83.0,273.0,196.0,261.9045,141.2076,0.8035,0.9961,0.5895,0.0247,0.4389,9.3923,15.0,111,0,0,0
134,4.4667,1,1,,1809.0,1,251.0,83.0,273.0,196.0,261.9403,141.3892,0.8232,0.9989,0.6002,0.0253,0.124,9.1781,15.0,111,0,0,0
135,4.5,1,1,,1832.0,1,252.0,83.0,273.0,197.0,262.5109,141.6305,0.7978,0.9931,0.6182,0.0263,0.7831,8.9924,15.0,112,0,0,0
136,4.5333,1,1,,1837.0,1,252.0,83.0,273.0,197.0,262.5035,141.5253,0.8186,0.9963,0.6323,0.0238,0.4188,8.7839,15.0,112,0,0,0
137,4.5667,1,1,,1840.0,1,252.0,83.0,273.0,198.0,262.5152,141.5739,0.8309,0.9905,0.6443,0.0229,1.0932,8.6103,15.0,113,0,0,0
138,4.6,1,1,,1911.0,1,252.0,82.0,274.0,199.0,263.3721,142.1193,0.8848,0.9835,0.678,0.0279,1.9279,8.4754,15.0,115,0,0,0
139,4.6333,1,1,,1911.0,1,253.0,82.0,274.0,199.0,263.5201,142.203,0.8384,0.9858,0.6697,0.0273,1.6662,8.5549,15.0,115,0,0,0
140,4.6667,1,1,,1912.0,1,253.0,82.0,274.0,199.0,263.5209,142.2212,0.8266,0.989,0.6564,0.0258,1.2818,8.7007,15.0,115,0,0,0
141,4.7,1,1,,1947.0,1,253.0,82.0,275.0,199.0,264.1135,142.774,0.8492,0.9922,0.6517,0.0288,0.908,8.8939,15.0,115,0,0,0
142,4.7333,1,1,,1950.0,1,253.0,82.0,275.0,199.0,264.0846,142.9569,0.8336,0.9953,0.637,0.0293,0.5506,9.0798,15.0,115,0,0,0
143,4.7667,1,1,,1953.0,1,253.0,82.0,275.0,199.0,264.0732,142.9739,0.8193,0.9982,0.6236,0.0285,0.2061,9.2581,15.0,115,0,0,0
144,4.8,1,1,,1907.0,1,255.0,82.0,277.0,200.0,265.4274,142.8595,0.8029,0.9922,0.5982,0.026,0.9209,9.3998,14.5,116,0,0,0
145,4.8333,1,1,,1942.0,1,255.0,82.0,277.0,200.0,265.7616,143.3811,0.7924,0.995,0.5981,0.0286,0.589,9.5454,14.5,116,0,0,0
146,4.8667,1,1,,1946.0,1,255.0,82.0,277.0,200.0,265.777,143.4445,0.7901,0.9983,0.594,0.0278,0.1977,9.5987,14.5,116,0,0,0
147,4.9,1,1,,1991.0,1,255.0,82.0,278.0,201.0,266.4947,143.1552,0.8197,0.993,0.6041,0.0236,0.8385,9.6291,15.0,117,0,0,0
148,4.9333,1,1,,1999.0,1,255.0,82.0,278.0,201.0,266.4712,143.1441,0.8195,0.9956,0.6034,0.0229,0.5209,9.6479,15.0,117,0,0,0
149,4.9667,1,1,,2005.0,1,255.0,82.0,278.0,201.0,266.4549,143.1332,0.8205,0.998,0.6032,0.0223,0.2327,9.653,15.0,117,0,0,0
150,5.0,1,1,,2058.0,1,255.0,82.0,279.0,202.0,267.0496,143.4427,0.8516,0.9916,0.6181,0.023,1.0042,9.6475,15.5,118,0,0,0
151,5.0333,1,1,,2095.0,1,255.0,82.0,279.0,202.0,267.3718,143.6697,0.8541,0.994,0.6283,0.0241,0.7184,9.6303,16.0,118,0,0,0
152,5.0667,1,1,,2095.0,1,256.0,82.0,279.0,202.0,267.3484,143.7695,0.8242,0.9972,0.6288,0.024,0.3367,9.5835,16.0,118,0,0,0
153,5.1,1,1,,2106.0,1,256.0,81.0,279.0,203.0,267.6415,143.8148,0.8313,0.9923,0.6329,0.0227,0.9387,9.5362,16.0,120,0,0,0
154,5.1333,1,1,,2100.0,1,256.0,81.0,279.0,203.0,267.6457,143.8238,0.8391,0.9945,0.6343,0.023,0.668,9.4422,16.0,120,0,0,0
155,5.1667,1,1,,2103.0,1,256.0,81.0,279.0,203.0,267.6752,143.7751,0.8466,0.9974,0.6376,0.022,0.3208,9.3663,16.0,120,0,0,0
156,5.2,1,1,,2092.0,1,256.0,82.0,280.0,203.0,268.6611,144.0225,0.8824,1.0,0.6357,0.0228,-0.0265,9.311,16.0,119,0,0,0
157,5.2333,1,1,,2109.0,1,256.0,82.0,280.0,204.0,268.6904,144.4476,0.8687,0.9952,0.6314,0.0249,0.5817,9.4087,16.0,120,0,0,0
158,5.2667,1,1,,2115.0,1,256.0,82.0,280.0,204.0,268.6898,144.4293,0.864,0.9994,0.6247,0.0232,0.0696,9.4907,16.0,120,0,0,0
159,5.3,1,1,,2121.0,1,257.0,82.0,281.0,204.0,269.5233,144.5233,0.8557,1.0,0.6199,0.0215,-0.4492,9.5531,16.0,120,0,0,0
160,5.3333,1,1,,2116.0,1,257.0,82.0,281.0,204.0,269.4929,144.5317,0.8641,1.0,0.6244,0.0184,-0.6295,9.4303,16.0,120,0,0,0
161,5.3667,1,1,,2131.0,1,256.0,82.0,280.0,204.0,269.3984,144.3135,0.8218,0.9682,0.6349,0.015,0.7631,9.3196,16.0,120,0,0,0
162,5.4,1,1,,2176.0,1,257.0,81.0,281.0,206.0,270.1994,145.2826,0.8986,0.9988,0.6532,0.0197,0.148,9.2362,16.0,123,0,0,0
163,5.4333,1,1,,2181.0,1,257.0,81.0,281.0,206.0,270.2031,144.7932,0.8643,0.9831,0.6488,0.015,0.4057,9.3043,16.0,123,0,0,0
164,5.4667,1,1,,2181.0,1,257.0,81.0,281.0,206.0,270.2077,144.6859,0.8329,0.9719,0.6384,0.0163,0.6743,9.4335,16.0,123,0,0,0
165,5.5,1,1,,2161.0,1,257.0,81.0,282.0,207.0,270.634,144.9875,0.849,0.9644,0.6235,0.0182,0.7497,9.5491,16.0,124,0,0,0
166,5.5333,1,1,,2154.0,1,257.0,81.0,282.0,207.0,270.7057,145.0952,0.8274,0.964,0.6056,0.0195,0.7979,9.7718,16.0,124,0,0,0
167,5.5667,1,1,,2147.0,1,257.0,81.0,282.0,207.0,270.7769,145.5645,0.8153,0.9678,0.5902,0.0228,0.7491,9.9675,16.0,124,0,0,0
168,5.6,1,1,,2206.0,1,257.0,81.0,283.0,208.0,271.568,146.0839,0.8339,0.9629,0.5978,0.0245,1.0675,10.089,16.0,125,0,0,0
169,5.6333,1,1,,2221.0,1,258.0,81.0,284.0,209.0,272.1769,146.4034,0.8573,0.9871,0.5862,0.0252,1.6456,10.3238,16.0,126,0,0,0
170,5.6667,1,1,,2234.0,1,258.0,81.0,284.0,209.0,272.1231,146.4257,0.8416,0.9885,0.5772,0.0239,1.0883,10.5005,16.0,126,0,0,0
171,5.7,1,1,,2217.0,1,258.0,80.0,284.0,209.0,272.7452,146.4804,0.8326,0.9877,0.5631,0.0218,0.5823,10.6382,16.0,127,0,0,0
172,5.7333,1,1,,2222.0,1,258.0,80.0,284.0,209.0,272.7444,146.5909,0.8191,0.9838,0.5591,0.0216,0.4139,10.6835,16.0,127,0,0,0
173,5.7667,1,1,,2222.0,1,258.0,81.0,284.0,209.0,272.7381,146.7066,0.8006,0.9784,0.5562,0.021,0.5625,10.6867,16.0,126,0,0,0
174,5.8,1,1,,2233.0,1,259.0,81.0,285.0,211.0,273.4344,147.1652,0.8329,0.9921,0.5583,0.0216,1.0267,10.656,16.0,128,0,0,0
175,5.8333,1,1,,2231.0,1,259.0,81.0,286.0,211.0,273.6347,147.4836,0.8633,0.996,0.5529,0.0223,0.5261,10.7051,16.0,128,0,0,0
176,5.8667,1,1,,2234.0,1,259.0,81.0,286.0,211.0,273.637,147.4897,0.8615,0.9991,0.5492,0.021,0.0554,10.7512,16.0,128,0,0,0
177,5.9,1,1,,2290.0,1,260.0,81.0,286.0,212.0,274.2764,147.7987,0.8241,0.9951,0.559,0.0211,0.6361,10.7909,16.0,129,0,0,0
178,5.9333,1,1,,2291.0,1,260.0,81.0,286.0,212.0,274.2549,147.8145,0.828,0.9981,0.5589,0.0201,0.2442,10.7662,16.0,129,0,0,0
179,5.9667,1,1,,2294.0,1,259.0,81.0,286.0,212.0,274.2393,147.7624,0.8238,0.9751,0.5597,0.019,0.6731,10.7386,16.0,129,0,0,0
180,6.0,1,1,,2370.0,1,260.0,80.0,287.0,213.0,274.8232,147.9561,0.8681,0.9945,0.5789,0.0189,0.7299,10.7097,16.0,131,0,0,0
181,6.0333,1,1,,2365.0,1,260.0,80.0,288.0,214.0,275.0228,148.1433,0.8852,0.9771,0.5832,0.0197,1.4588,10.5814,16.0,132,0,0,0
182,6.0667,1,1,,2362.0,1,260.0,80.0,288.0,214.0,275.0491,148.1321,0.8614,0.9626,0.5829,0.0193,1.1151,10.5394,16.0,132,0,0,0
183,6.1,1,1,,2402.0,1,260.0,80.0,288.0,214.0,275.8626,148.51,0.8478,0.9541,0.5931,0.02,1.1347,10.5015,17.0,132,0,0,0
184,6.1333,1,1,,2402.0,1,260.0,80.0,288.0,214.0,275.8447,148.56,0.8307,0.9448,0.5915,0.0193,1.4727,10.4988,17.0,132,0,0,0
185,6.1667,1,1,,2403.0,1,260.0,81.0,288.0,214.0,275.8231,148.6529,0.8146,0.939,0.5911,0.0192,1.7034,10.4869,17.0,131,0,0,0
186,6.2,1,1,,2414.0,1,261.0,80.0,288.0,215.0,276.3587,149.3658,0.8367,0.9639,0.5935,0.0223,0.8284,10.4752,17.0,133,0,0,0
187,6.2333,1,1,,2454.0,1,261.0,80.0,289.0,215.0,276.5326,149.8525,0.8577,0.9623,0.5988,0.0246,0.9634,10.5349,17.0,133,0,0,0
188,6.2667,1,1,,2445.0,1,261.0,80.0,289.0,215.0,276.5076,149.9059,0.8474,0.9618,0.5897,0.0241,1.0388,10.6334,17.0,133,0,0,0
189,6.3,1,1,,2514.0,1,262.0,80.0,291.0,216.0,277.1392,150.9427,0.9278,0.9927,0.5998,0.0302,0.8962,10.7254,17.0,134,0,0,0
190,6.3333,1,1,,2503.0,1,262.0,80.0,291.0,216.0,277.1035,150.8154,0.8862,0.9889,0.5744,0.0291,0.6026,11.1242,17.0,134,0,0,0
191,6.3667,1,1,,2503.0,1,262.0,80.0,291.0,216.0,277.1466,150.9784,0.8616,0.9905,0.5567,0.0301,0.3365,11.4531,17.0,134,0,0,0
192,6.4,1,1,,2619.0,1,261.0,80.0,292.0,217.0,277.6697,152.2283,0.8477,0.9565,0.5684,0.0372,1.1088,11.7173,18.0,135,0,0,0
193,6.4333,1,1,,2656.0,1,261.0,80.0,293.0,218.0,277.9597,152.8694,0.8437,0.9515,0.5573,0.0404,1.6671,12.0849,17.0,136,0,0,0
194,6.4667,1,1,,2662.0,1,261.0,80.0,294.0,218.0,278.0188,152.9144,0.8449,0.9547,0.5389,0.0399,1.2237,12.4841,17.0,136,0,0,0
195,6.5,1,1,,2695.0,1,262.0,80.0,295.0,219.0,278.7581,153.8857,0.8734,0.9829,0.5301,0.0443,1.7579,12.8,17.0,137,0,0,0
196,6.5333,1,1,,2717.0,1,262.0,80.0,295.0,219.0,278.8031,153.8907,0.8605,0.9896,0.5197,0.0433,1.2446,13.1072,18.0,137,0,0,0
197,6.5667,1,1,,2702.0,1,262.0,80.0,295.0,219.0,278.8309,154.0418,0.8518,0.9946,0.5068,0.0428,0.749,13.3158,17.0,137,0,0,0
198,6.6,1,1,,2799.0,1,262.0,80.0,299.0,221.0,279.2737,156.2755,0.9347,0.9835,0.5181,0.0554,2.3333,13.4508,17.0,139,0,0,0
199,6.6333,1,1,,2821.0,1,262.0,80.0,299.0,221.0,279.4314,156.8263,0.9084,0.9868,0.5039,0.0566,1.8651,13.897,17.0,139,0,0,0
200,6.6667,1,1,,2808.0,1,262.0,80.0,300.0,221.0,279.8454,157.1617,0.9074,0.9901,0.4846,0.0563,1.3899,14.3456,17.0,139,1,0,0
201,6.7,1,1,,2888.0,1,262.0,80.0,303.0,222.0,280.1804,157.8134,0.8941,0.9541,0.4857,0.0588,2.024,14.6914,17.0,140,0,0,0
202,6.7333,1,1,,2872.0,1,262.0,80.0,303.0,222.0,280.3109,157.9352,0.9122,0.9818,0.4662,0.0586,1.7543,15.1873,17.0,140,0,0,0
203,6.7667,1,1,,2856.0,1,262.0,80.0,303.0,222.0,280.396,158.2395,0.9024,0.9892,0.452,0.0599,1.5357,15.5507,17.0,140,0,0,0
204,6.8,1,1,,2957.0,1,260.0,80.0,306.0,223.0,280.4687,158.8651,0.9085,0.9418,0.4595,0.0635,2.3655,15.8153,17.0,141,0,0,0
205,6.8333,1,1,,2979.0,1,260.0,80.0,308.0,223.0,280.9564,159.672,0.8954,0.9347,0.4435,0.0668,2.5335,16.4533,17.0,141,0,0,0
206,6.8667,1,1,,2979.0,1,260.0,80.0,308.0,223.0,280.9443,159.713,0.9258,0.9739,0.4231,0.0652,1.3269,17.1852,17.0,141,0,0,0
207,6.9,1,1,,3018.0,1,257.0,80.0,310.0,224.0,281.0911,160.6352,0.9334,0.9439,0.414,0.0693,1.8318,17.7358,17.0,142,0,0,0
208,6.9333,1,1,,3028.0,1,257.0,80.0,310.0,224.0,281.0991,160.5657,0.9687,0.9861,0.3951,0.0662,1.159,18.5627,17.0,142,0,0,0
209,6.9667,1,1,,3026.0,1,257.0,80.0,310.0,224.0,281.1626,160.5096,0.9537,0.9964,0.3808,0.0632,0.5136,19.1681,17.0,142,0,0,0
210,7.0,1,1,,3058.0,1,256.0,80.0,312.0,225.0,281.6599,161.2796,0.9556,0.9788,0.3754,0.0651,0.9604,19.5817,17.0,143,0,0,0
211,7.0333,1,1,,3087.0,1,255.0,80.0,313.0,225.0,281.827,161.3806,0.9843,0.9957,0.3644,0.0638,0.3475,20.2877,18.0,143,0,0,0
212,7.0667,1,1,,3088.0,1,255.0,80.0,313.0,225.0,281.8297,161.3902,0.9569,0.9997,0.3515,0.0639,0.0397,20.9435,18.0,143,0,0,0
213,7.1,1,1,,3174.0,1,254.0,80.0,314.0,226.0,282.0365,161.7331,0.9632,0.9953,0.3522,0.0652,0.684,21.3977,18.0,144,0,0,0
214,7.1333,1,1,,3171.0,1,254.0,80.0,314.0,226.0,282.0823,161.7588,0.9418,0.9983,0.3421,0.0644,0.2524,21.9316,18.0,144,0,0,0
215,7.1667,1,1,,3168.0,1,254.0,80.0,314.0,226.0,282.0751,161.7061,0.9273,1.0,0.3353,0.0628,-0.17,22.2865,18.0,144,0,0,0
216,7.2,1,1,,3223.0,1,253.0,80.0,317.0,228.0,282.6115,163.1083,0.9713,0.9898,0.3373,0.0692,1.5059,22.498,19.0,146,0,0,0
217,7.2333,1,1,,3257.0,1,252.0,80.0,318.0,228.0,282.7771,163.6147,0.9686,0.9827,0.3343,0.0711,1.1716,22.8818,19.0,146,0,0,0
218,7.2667,1,1,,3255.0,1,252.0,80.0,318.0,228.0,282.7865,163.4707,0.9633,0.9884,0.3285,0.0694,0.8051,23.2084,19.0,146,0,0,0
219,7.3,1,1,,3308.0,1,252.0,80.0,318.0,229.0,282.8259,163.5184,0.9549,0.9864,0.33,0.0686,1.4459,23.4157,19.0,147,0,0,0
220,7.3333,1,1,,3309.0,1,252.0,80.0,318.0,229.0,282.8075,163.4581,0.9367,0.9773,0.3297,0.0684,1.0892,23.3896,19.0,147,0,0,0
221,7.3667,1,1,,3312.0,1,252.0,80.0,318.0,229.0,282.8228,163.4478,0.9264,0.971,0.3304,0.0682,1.5685,23.3185,19.0,147,0,0,0
222,7.4,1,1,,3341.0,1,252.0,80.0,319.0,232.0,283.6082,164.9542,0.9167,0.9474,0.3344,0.0753,3.6066,23.2138,19.0,150,0,0,0
223,7.4333,1,1,,3385.0,1,252.0,80.0,319.0,233.0,283.5459,165.662,0.857,0.8929,0.3533,0.0825,5.5799,22.1757,19.0,151,0,0,0
224,7.4667,1,1,,3385.0,1,252.0,80.0,319.0,233.0,283.5129,165.5563,0.8135,0.84,0.3784,0.0846,9.5802,20.6089,19.0,151,0,0,0
225,7.5,1,1,,3470.0,1,253.0,80.0,319.0,236.0,284.0236,166.3144,0.7852,0.8004,0.4111,0.0878,11.3516,19.3594,19.0,154,0,0,0
226,7.5333,1,1,,3472.0,1,253.0,80.0,319.0,236.0,284.0501,166.5141,0.7913,0.8008,0.4149,0.0854,11.7328,19.0455,19.0,154,0,0,0
227,7.5667,1,1,,3443.0,1,253.0,80.0,319.0,236.0,284.072,166.5385,0.7965,0.8045,0.4105,0.0808,11.5242,18.9356,19.0,154,0,0,0
228,7.6,1,1,,3539.0,1,253.0,80.0,319.0,240.0,284.3984,167.4713,0.784,0.7919,0.4178,0.0804,11.1611,18.9823,19.0,158,0,0,0
229,7.6333,1,1,,3568.0,1,254.0,80.0,319.0,241.0,284.4235,168.1668,0.82,0.8273,0.4078,0.0745,8.5056,19.4223,19.0,159,0,0,0
230,7.6667,1,1,,3559.0,1,254.0,80.0,319.0,241.0,284.4777,168.1613,0.855,0.8617,0.3911,0.0648,6.543,19.9943,19.0,159,0,0,0
231,7.7,1,1,,3612.0,1,255.0,80.0,319.0,245.0,284.9186,169.4025,0.8768,0.8833,0.384,0.0639,5.5808,20.4781,20.0,163,0,0,0
232,7.7333,1,1,,3615.0,1,255.0,80.0,319.0,245.0,284.9037,169.4053,0.9,0.907,0.3743,0.0587,3.9267,20.811,20.0,163,0,0,0
233,7.7667,1,1,,3612.0,1,255.0,80.0,319.0,245.0,284.9175,169.4305,0.919,0.9266,0.3659,0.0547,3.346,21.0678,19.0,163,0,0,0
234,7.8,1,1,,3703.0,1,256.0,81.0,320.0,249.0,285.3354,170.6838,0.9051,0.9179,0.3695,0.0574,5.2522,21.2254,19.0,166,0,0,0
235,7.8333,1,1,,3727.0,1,256.0,80.0,320.0,249.0,285.3265,170.3882,0.9085,0.9164,0.3725,0.0539,3.8332,21.0035,19.0,167,0,0,0
236,7.8667,1,1,,3719.0,1,256.0,80.0,320.0,249.0,285.3748,170.4246,0.9036,0.9134,0.372,0.0535,4.3769,20.7989,19.0,167,0,0,0
237,7.9,1,1,,3718.0,1,256.0,79.0,320.0,250.0,285.809,170.4774,0.9,0.9062,0.372,0.0514,4.9599,20.6297,20.0,169,0,0,0
238,7.9333,1,1,,3725.0,1,256.0,79.0,320.0,250.0,285.8011,170.4277,0.8902,0.9051,0.3692,0.0525,5.33,20.6658,20.0,169,0,0,0
239,7.9667,1,1,,3722.0,1,256.0,79.0,320.0,250.0,285.8184,170.4487,0.8845,0.9057,0.3658,0.0525,5.5103,20.7109,19.0,169,0,0,0
240,8.0,1,1,,3827.0,1,256.0,78.0,321.0,252.0,286.0609,170.1267,0.8868,0.895,0.3742,0.0499,5.6386,20.7157,19.0,172,0,0,0
241,8.0333,1,1,,3825.0,1,256.0,77.0,321.0,251.0,286.0742,169.7634,0.8955,0.9018,0.3721,0.0489,5.7937,20.7062,19.0,172,0,0,0
242,8.0667,1,1,,3826.0,1,256.0,77.0,321.0,251.0,286.1022,169.7013,0.884,0.8987,0.3696,0.0501,6.1704,20.7395,19.0,172,0,0,0
243,8.1,1,1,,3934.0,1,256.0,76.0,323.0,252.0,286.4293,169.2466,0.8711,0.8766,0.3779,0.0475,6.3751,20.7684,20.0,174,0,0,0
244,8.1333,1,1,,3844.0,1,256.0,76.0,323.0,252.0,286.93,169.3814,0.8755,0.8833,0.3654,0.0474,6.2848,20.9127,19.0,174,0,0,0
245,8.1667,1,1,,3868.0,1,256.0,76.0,323.0,252.0,286.8374,169.4031,0.8798,0.8888,0.3649,0.048,6.1496,21.0271,19.0,174,0,0,0
246,8.2,1,1,,3945.0,1,256.0,75.0,323.0,252.0,287.1724,169.3747,0.8883,0.8934,0.37,0.0469,6.0726,21.1198,20.0,175,0,0,0
247,8.2333,1,1,,3970.0,1,256.0,74.0,323.0,251.0,287.3247,168.7781,0.8994,0.9046,0.3677,0.0471,6.1223,21.3543,20.0,175,0,0,0
248,8.2667,1,1,,3974.0,1,256.0,74.0,323.0,251.0,287.342,168.8015,0.8874,0.9034,0.3637,0.051,5.9959,21.5623,20.0,175,0,0,0
249,8.3,1,1,,4026.0,1,255.0,73.0,323.0,251.0,287.6721,168.5623,0.8756,0.893,0.3644,0.0507,6.7255,21.7537,20.0,176,0,0,0
250,8.3333,1,1,,4021.0,1,255.0,73.0,323.0,251.0,287.7212,168.6566,0.8691,0.8942,0.3599,0.0534,6.536,21.9414,20.0,176,0,0,0
251,8.3667,1,1,,4031.0,1,256.0,73.0,323.0,251.0,287.7261,168.5001,0.8819,0.912,0.3572,0.0533,5.2272,22.115,20.0,176,0,0,0
252,8.4,1,1,,4077.0,1,255.0,72.0,324.0,251.0,288.013,168.105,0.8897,0.9042,0.3586,0.0505,5.9805,22.2481,20.0,177,0,0,0
253,8.4333,1,1,,4092.0,1,255.0,72.0,324.0,251.0,288.0357,167.9558,0.8899,0.9089,0.3561,0.0522,5.4934,22.4216,20.0,177,0,0,0
254,8.4667,1,1,,4100.0,1,255.0,72.0,324.0,251.0,288.0395,168.0407,0.8884,0.9123,0.3534,0.0545,5.1787,22.5612,20.0,177,0,0,0
255,8.5,1,1,,4176.0,1,256.0,71.0,325.0,251.0,288.3364,167.2749,0.9126,0.9261,0.3573,0.0507,3.9683,22.6579,21.0,178,0,0,0
256,8.5333,1,1,,4165.0,1,256.0,71.0,325.0,251.0,288.3868,167.4497,0.9135,0.9289,0.3546,0.0516,3.8762,22.6984,20.0,178,0,0,0
257,8.5667,1,1,,4166.0,1,256.0,71.0,325.0,251.0,288.4121,167.6023,0.9151,0.9313,0.3535,0.0515,3.8456,22.7089,20.0,178,0,0,0
258,8.6,1,1,,4240.0,1,256.0,69.0,324.0,251.0,288.7288,166.8257,0.9202,0.9363,0.3592,0.0462,3.8549,22.6981,20.0,180,0,0,0
259,8.6333,1,1,,4204.0,1,256.0,69.0,324.0,251.0,288.8518,167.0017,0.9221,0.9375,0.356,0.0486,3.6875,22.6429,20.0,180,0,0,0
260,8.6667,1,1,,4233.0,1,256.0,69.0,324.0,251.0,288.8578,166.8639,0.9259,0.941,0.3572,0.0495,3.3811,22.6506,20.0,180,0,0,0
261,8.7,1,1,,4248.0,1,256.0,68.0,324.0,251.0,288.9779,166.4331,0.9316,0.943,0.3574,0.0479,3.1822,22.6581,20.0,181,0,0,0
262,8.7333,1,1,,4246.0,1,256.0,68.0,324.0,251.0,289.0005,166.4515,0.9288,0.9433,0.3558,0.0496,3.1014,22.6748,20.0,181,0,0,0
263,8.7667,1,1,,4240.0,1,256.0,68.0,324.0,251.0,289.0547,166.4625,0.931,0.9472,0.3533,0.0497,2.8771,22.7481,20.0,181,0,0,0
264,8.8,1,1,,4296.0,1,257.0,66.0,324.0,252.0,289.3075,165.7155,0.9526,0.9598,0.3563,0.0453,2.404,22.8029,21.0,184,0,0,0
265,8.8333,1,1,,4287.0,1,257.0,66.0,324.0,252.0,289.3555,165.2571,0.9427,0.954,0.3561,0.0453,2.5711,22.7046,20.0,184,0,0,0
266,8.8667,1,1,,4310.0,1,257.0,66.0,324.0,252.0,289.3241,165.1169,0.9258,0.9462,0.3572,0.0476,2.771,22.6855,20.0,184,0,0,0
267,8.9,1,1,,4316.0,1,257.0,65.0,325.0,252.0,289.611,164.6863,0.9279,0.9395,0.3565,0.0464,2.8953,22.689,20.0,185,0,0,0
268,8.9333,1,1,,4303.0,1,257.0,65.0,325.0,252.0,289.6461,165.026,0.9275,0.9419,0.3534,0.0495,3.0105,22.7483,20.0,185,0,0,0
269,8.9667,1,1,,4296.0,1,257.0,65.0,325.0,252.0,289.6753,165.0626,0.925,0.9432,0.3509,0.0498,2.9979,22.8147,20.0,185,0,0,0
270,9.0,1,1,,4358.0,1,257.0,63.0,325.0,252.0,290.1099,164.0351,0.9359,0.9462,0.3543,0.0439,2.8871,22.8727,20.0,187,0,0,0
271,9.0333,1,1,,4387.0,1,257.0,62.0,325.0,252.0,290.1862,163.5482,0.935,0.9457,0.3548,0.0448,2.7782,22.9145,21.0,188,0,0,0
272,9.0667,1,1,,4347.0,1,257.0,62.0,325.0,252.0,290.3129,163.7065,0.9292,0.9444,0.3502,0.048,2.8565,22.9138,21.0,188,0,0,0
273,9.1,1,1,,4323.0,1,257.0,60.0,326.0,251.0,290.7196,162.7571,0.9341,0.9393,0.3472,0.0442,2.8321,22.897,20.0,189,0,0,0
274,9.1333,1,1,,4328.0,1,257.0,60.0,326.0,251.0,290.7274,162.6345,0.9243,0.935,0.347,0.0475,2.974,22.8452,20.0,189,0,0,0
275,9.1667,1,1,,4329.0,1,257.0,60.0,326.0,251.0,290.7524,162.6426,0.9189,0.9326,0.3467,0.0491,3.0817,22.7872,20.0,189,0,0,0
276,9.2,1,1,,4415.0,1,257.0,58.0,327.0,250.0,291.0086,160.8125,0.9169,0.9231,0.3533,0.0404,3.1585,22.7399,20.0,190,0,0,0
277,9.2333,1,1,,4450.0,1,257.0,57.0,327.0,249.0,291.0778,160.089,0.9207,0.9288,0.3532,0.0416,2.8247,22.8434,20.0,190,0,0,0
278,9.2667,1,1,,4442.0,1,257.0,57.0,327.0,249.0,291.1153,159.9581,0.9167,0.9309,0.3492,0.0457,2.5854,22.9783,20.0,190,0,0,0
279,9.3,1,1,,4474.0,1,257.0,55.0,327.0,249.0,291.3903,158.6971,0.9258,0.9345,0.349,0.0416,2.41,23.0857,20.0,192,0,0,0
280,9.3333,1,1,,4467.0,1,257.0,55.0,327.0,248.0,291.4052,158.3855,0.9279,0.9423,0.3452,0.0444,2.1771,23.2356,20.0,191,0,0,0
281,9.3667,1,1,,4464.0,1,257.0,55.0,327.0,248.0,291.4082,158.2728,0.9288,0.9462,0.3424,0.0456,2.0094,23.3509,20.0,191,0,0,0
282,9.4,1,1,,4482.0,1,257.0,53.0,328.0,248.0,291.6905,157.3467,0.9276,0.9369,0.3419,0.0414,2.1422,23.4368,20.0,193,0,0,0
283,9.4333,1,1,,4475.0,1,258.0,51.0,328.0,247.0,291.7068,156.0016,0.9492,0.9563,0.3384,0.0405,1.7801,23.5716,20.0,194,0,0,0
284,9.4667,1,1,,4487.0,1,257.0,51.0,328.0,247.0,291.7056,155.836,0.9282,0.9425,0.3366,0.0456,2.0513,23.6694,20.0,194,0,0,0
285,9.5,1,1,,4493.0,1,257.0,50.0,328.0,246.0,292.1059,154.7432,0.9342,0.9484,0.335,0.0429,1.8499,23.7267,20.0,194,0,0,0
286,9.5333,1,1,,4498.0,1,257.0,50.0,328.0,246.0,292.1227,154.5036,0.9251,0.9456,0.334,0.0468,2.1471,23.7387,20.0,194,0,0,0
287,9.5667,1,1,,4479.0,1,257.0,50.0,328.0,246.0,292.1552,154.6848,0.9216,0.9454,0.3314,0.0496,2.3481,23.7439,20.0,194,0,0,0
288,9.6,1,1,,4525.0,1,257.0,48.0,328.0,245.0,292.6347,153.7951,0.9352,0.9516,0.3338,0.0454,2.4444,23.7526,20.0,195,0,0,0
289,9.6333,1,1,,4511.0,1,257.0,48.0,328.0,245.0,292.7107,154.1547,0.9324,0.953,0.3308,0.0497,2.4376,23.8198,20.0,195,0,0,0
290,9.6667,1,1,,4522.0,1,257.0,47.0,328.0,245.0,292.72,154.0349,0.9367,0.956,0.3294,0.0507,2.3242,23.8998,20.0,196,0,0,0
291,9.7,1,1,,4528.0,1,257.0,46.0,328.0,244.0,292.8768,153.3602,0.9473,0.9641,0.3281,0.0478,2.22,23.9572,20.0,196,0,0,0
292,9.7333,1,1,,4525.0,1,257.0,46.0,328.0,244.0,292.8888,153.3684,0.9433,0.9643,0.3263,0.0504,2.1405,23.9888,20.0,196,0,0,0
293,9.7667,1,1,,4519.0,1,257.0,46.0,328.0,244.0,292.9002,153.2925,0.9411,0.9643,0.3251,0.0508,2.2114,23.972,20.0,196,0,0,0
294,9.8,1,1,,4635.0,1,258.0,46.0,329.0,246.0,293.2265,154.1937,0.9311,0.9551,0.3328,0.0548,1.8231,23.9516,20.0,198,0,0,0
295,9.8333,1,1,,4643.0,1,258.0,46.0,330.0,247.0,293.2641,155.0571,0.9235,0.9465,0.3303,0.057,2.2141,24.1166,20.0,199,0,0,0
296,9.8667,1,1,,4643.0,1,258.0,46.0,330.0,247.0,293.2595,155.0771,0.9339,0.9562,0.3273,0.0547,2.0628,24.2735,20.0,199,0,0,0
297,9.9,1,1,,4674.0,1,258.0,46.0,330.0,248.0,293.6252,155.2627,0.9379,0.9594,0.3272,0.0534,1.975,24.3924,20.0,200,0,0,0
298,9.9333,1,1,,4658.0,1,258.0,46.0,330.0,248.0,293.6168,155.2486,0.9451,0.9653,0.3246,0.0505,1.818,24.4446,20.0,200,0,0,0
299,9.9667,1,1,,4648.0,1,258.0,46.0,330.0,248.0,293.6261,155.2222,0.9504,0.9695,0.323,0.0483,1.6998,24.4778,20.0,200,0,0,0
300,10.0,1,1,,4700.0,1,259.0,46.0,330.0,249.0,293.687,155.7038,0.9454,0.9721,0.326,0.0494,1.6277,24.4942,21.0,201,0,0,0
301,10.0333,1,1,,4735.0,1,258.0,46.0,331.0,249.0,294.0131,156.2154,0.9369,0.9551,0.3278,0.0512,2.5099,24.4913,21.0,201,0,0,0
302,10.0667,1,1,,4717.0,1,258.0,46.0,331.0,249.0,294.0273,156.3375,0.941,0.96,0.3248,0.0511,1.9949,24.5769,21.0,201,0,0,0
303,10.1,1,1,,4770.0,1,258.0,46.0,331.0,250.0,294.2746,156.5099,0.9402,0.96,0.3265,0.0517,1.6513,24.6695,20.5,202,0,0,0
304,10.1333,1,1,,4773.0,1,258.0,46.0,331.0,250.0,294.2875,156.5181,0.9457,0.9659,0.3247,0.0507,1.4152,24.7668,20.5,202,0,0,0
305,10.1667,1,1,,4757.0,1,258.0,46.0,331.0,250.0,294.2878,156.6578,0.9503,0.9706,0.322,0.0504,1.272,24.8402,20.0,202,0,0,0
306,10.2,1,1,,4798.0,1,259.0,46.0,331.0,252.0,294.6888,157.3041,0.9518,0.9743,0.3242,0.0522,1.9654,24.8533,21.0,204,0,0,0
307,10.2333,1,1,,4856.0,1,259.0,45.0,332.0,251.0,294.7181,156.6159,0.9543,0.9694,0.3278,0.0478,1.8916,24.8303,21.0,204,0,0,0
308,10.2667,1,1,,4856.0,1,259.0,45.0,332.0,251.0,294.7438,156.6637,0.9563,0.9712,0.3272,0.047,1.637,24.8293,21.0,204,0,0,0
309,10.3,1,1,,4887.0,1,259.0,46.0,332.0,252.0,294.9276,157.1267,0.9486,0.9679,0.3289,0.0483,1.5108,24.8253,21.0,204,0,0,0
310,10.3333,1,1,,4893.0,1,259.0,46.0,332.0,252.0,294.9608,157.1876,0.9496,0.9689,0.329,0.0474,1.5883,24.7968,21.0,204,0,0,0
311,10.3667,1,1,,4876.0,1,259.0,46.0,332.0,252.0,295.0234,157.047,0.9499,0.9695,0.3275,0.0457,1.7176,24.7703,21.0,204,0,0,0
312,10.4,1,1,,4953.0,1,260.0,46.0,333.0,253.0,295.2528,157.9657,0.9337,0.9587,0.3326,0.0488,2.8391,24.7344,21.0,205,0,0,0
313,10.4333,1,1,,5016.0,1,260.0,45.0,333.0,254.0,295.7687,158.4338,0.9433,0.9571,0.3383,0.0491,2.8296,24.5766,21.0,207,0,0,0
314,10.4667,1,1,,5026.0,1,260.0,45.0,333.0,255.0,295.803,158.5589,0.9399,0.9522,0.3396,0.0477,2.7666,24.4742,21.0,208,0,0,0
315,10.5,1,1,,5034.0,1,260.0,45.0,333.0,255.0,295.8772,158.6043,0.9401,0.952,0.3404,0.0463,2.7335,24.4019,21.0,208,0,0,0
316,10.5333,1,1,,5046.0,1,260.0,45.0,333.0,255.0,295.9241,158.4727,0.9395,0.9513,0.3415,0.0443,2.6253,24.3166,21.0,208,0,0,0
317,10.5667,1,1,,5015.0,1,260.0,45.0,333.0,255.0,296.0626,158.6,0.9361,0.9492,0.3397,0.0434,2.582,24.2514,20.0,208,0,0,0
318,10.6,1,1,,5167.0,1,260.0,45.0,334.0,255.0,296.4701,159.071,0.919,0.933,0.3507,0.0446,3.5453,24.1641,21.0,208,0,0,0
319,10.6333,1,1,,5197.0,1,260.0,45.0,334.0,256.0,296.6681,159.1414,0.9218,0.934,0.3514,0.0455,3.1704,24.2068,21.0,209,0,0,0
320,10.6667,1,1,,5183.0,1,260.0,45.0,334.0,256.0,296.6533,159.1785,0.9228,0.9369,0.3486,0.0462,2.9397,24.2682,21.0,209,0,0,0
321,10.7,1,1,,5249.0,1,260.0,45.0,334.0,256.0,296.8455,159.6104,0.9234,0.9394,0.3513,0.0481,2.8105,24.3315,22.0,209,0,0,0
322,10.7333,1,1,,5206.0,1,260.0,45.0,334.0,256.0,296.8874,160.0359,0.9256,0.9443,0.3457,0.0508,2.4847,24.4581,21.0,209,0,0,0
323,10.7667,1,1,,5232.0,1,260.0,45.0,334.0,256.0,296.9125,159.8582,0.9271,0.9483,0.345,0.05,2.2662,24.5606,21.0,209,0,0,0
324,10.8,1,1,,5273.0,1,260.0,45.0,335.0,257.0,297.0313,159.6835,0.9195,0.938,0.3461,0.0482,3.184,24.6254,22.0,210,0,0,0
325,10.8333,1,1,,5275.0,1,261.0,45.0,335.0,257.0,297.0622,159.8087,0.9248,0.9446,0.3481,0.0458,2.981,24.4662,22.0,210,0,0,0
326,10.8667,1,1,,5282.0,1,261.0,45.0,335.0,257.0,297.0928,159.8179,0.9175,0.938,0.3506,0.0434,2.8703,24.2946,22.0,210,0,0,0
327,10.9,1,1,,5311.0,1,261.0,45.0,335.0,258.0,297.6637,160.4001,0.9157,0.9327,0.3542,0.0445,2.8644,24.1573,22.0,211,0,0,0
328,10.9333,1,1,,5305.0,1,261.0,45.0,335.0,258.0,297.6296,160.505,0.918,0.9363,0.352,0.0444,2.6092,24.2506,22.0,211,0,0,0
329,10.9667,1,1,,5301.0,1,261.0,45.0,335.0,257.0,297.7155,160.3846,0.917,0.9406,0.3497,0.0434,2.3986,24.3616,22.0,210,0,0,0
330,11.0,1,1,,5344.0,1,261.0,46.0,336.0,260.0,297.9927,162.3685,0.9119,0.9296,0.3509,0.0516,3.2663,24.454,22.0,212,0,0,0
331,11.0333,1,1,,5416.0,1,262.0,46.0,336.0,261.0,298.0964,162.8761,0.9302,0.9457,0.3537,0.0502,3.1464,24.5498,22.0,213,0,0,0
332,11.0667,1,1,,5425.0,1,261.0,46.0,336.0,261.0,298.1292,162.9088,0.9252,0.9402,0.3517,0.0474,2.7571,24.6806,22.0,213,0,0,0
333,11.1,1,1,,5464.0,1,261.0,46.0,337.0,262.0,298.4008,164.4286,0.9201,0.9326,0.3517,0.0518,3.5112,24.8076,22.0,214,0,0,0
334,11.1333,1,1,,5467.0,1,261.0,46.0,337.0,262.0,298.4745,164.4419,0.9214,0.9362,0.3497,0.0498,3.3518,24.9024,22.0,214,0,0,0
335,11.1667,1,1,,5463.0,1,261.0,46.0,337.0,262.0,298.4759,164.4745,0.9237,0.9406,0.347,0.0485,3.288,25.0213,22.0,214,0,0,0
336,11.2,1,1,,5591.0,1,261.0,48.0,338.0,264.0,298.7936,165.9209,0.9115,0.9307,0.3532,0.0539,4.2469,25.107,22.0,214,0,0,0
337,11.2333,1,1,,5471.0,1,262.0,48.0,338.0,264.0,298.9496,166.4124,0.9166,0.937,0.3474,0.0523,4.1316,24.924,22.0,214,0,0,0
338,11.2667,1,1,,5472.0,1,262.0,48.0,338.0,264.0,299.017,166.3677,0.9043,0.9252,0.3516,0.0474,4.3759,24.609,22.0,214,0,0,0
339,11.3,1,1,,5506.0,1,262.0,48.0,338.0,266.0,299.3453,166.6596,0.904,0.9173,0.3566,0.046,4.4514,24.4,22.0,216,0,0,0
340,11.3333,1,1,,5525.0,1,262.0,48.0,338.0,266.0,299.2597,166.7263,0.8947,0.9082,0.3612,0.0443,4.5259,24.1586,22.0,216,0,0,0
341,11.3667,1,1,,5502.0,1,262.0,48.0,338.0,266.0,299.4158,166.7981,0.8877,0.9014,0.3622,0.0438,4.6339,23.9764,22.0,216,0,0,0
342,11.4,1,1,,5578.0,1,262.0,48.0,338.0,266.0,299.6052,166.92,0.8817,0.8955,0.3695,0.0441,4.7397,23.8198,23.0,216,0,0,0
343,11.4333,1,1,,5691.0,1,262.0,46.0,338.0,265.0,299.3469,166.0185,0.8831,0.8934,0.3778,0.0408,4.8391,23.7642,23.0,217,0,0,0
344,11.4667,1,1,,5560.0,1,262.0,47.0,338.0,265.0,299.6498,166.4527,0.8827,0.8973,0.3672,0.0454,4.4846,23.868,22.0,216,0,0,0
345,11.5,1,1,,5739.0,1,262.0,45.0,339.0,265.0,299.7099,165.1634,0.8816,0.8893,0.3773,0.0416,5.2251,23.9666,23.0,218,0,0,0
346,11.5333,1,1,,5717.0,1,262.0,45.0,339.0,265.0,299.7511,165.1426,0.8774,0.8859,0.3769,0.0449,5.1503,23.8744,23.0,218,0,0,0
347,11.5667,1,1,,5739.0,1,262.0,45.0,339.0,265.0,299.7351,164.9822,0.872,0.8812,0.38,0.0461,5.2803,23.7475,23.0,218,0,0,0
348,11.6,1,1,,5831.0,1,263.0,43.0,339.0,264.0,299.9657,164.1281,0.8789,0.8853,0.389,0.0432,5.4719,23.5493,23.0,219,0,0,0
349,11.6333,1,1,,5729.0,1,264.0,43.0,340.0,263.0,300.5854,163.9089,0.8654,0.8758,0.386,0.0458,6.5959,23.2959,23.0,218,0,0,0
350,11.6667,1,1,,5725.0,1,264.0,43.0,340.0,263.0,300.716,164.1066,0.8536,0.8645,0.3903,0.0501,6.6444,22.9957,23.0,218,0,0,0
351,11.7,1,1,,5789.0,1,265.0,41.0,340.0,262.0,301.1202,162.8219,0.8565,0.865,0.3992,0.0468,6.9838,22.7051,22.0,219,0,0,0
352,11.7333,1,1,,5817.0,1,265.0,41.0,340.0,262.0,301.0684,162.7425,0.8455,0.855,0.4051,0.0494,7.3583,22.444,22.0,219,0,0,0
353,11.7667,1,1,,5830.0,1,265.0,41.0,340.0,262.0,301.0535,162.6314,0.8394,0.8501,0.4077,0.0503,7.7,22.314,23.0,219,0,0,0
354,11.8,1,1,,5800.0,1,264.0,39.0,341.0,260.0,301.4809,161.5522,0.8184,0.8298,0.404,0.0465,8.6958,22.3629,22.0,219,0,0,0
355,11.8333,1,1,,5773.0,1,264.0,39.0,341.0,260.0,301.4954,161.2747,0.8293,0.8433,0.3944,0.0504,8.2584,22.7265,22.0,219,0,0,0
356,11.8667,1,1,,5759.0,1,265.0,39.0,341.0,260.0,301.5192,161.1898,0.8505,0.868,0.3859,0.053,7.845,23.0883,22.0,219,0,0,0
357,11.9,1,1,,5741.0,1,265.0,37.0,342.0,259.0,301.7889,159.9138,0.8536,0.8702,0.3775,0.0488,8.5376,23.4513,22.0,220,0,0,0
358,11.9333,1,1,,5728.0,1,265.0,37.0,342.0,259.0,301.7772,159.8123,0.8697,0.8894,0.3674,0.0495,7.5452,23.9683,22.0,220,0,0,0
359,11.9667,1,1,,5721.0,1,265.0,37.0,342.0,259.0,301.796,160.0474,0.8826,0.9048,0.3599,0.0505,6.7749,24.3839,22.0,220,0,0,0
360,12.0,1,1,,5771.0,1,266.0,36.0,343.0,259.0,302.4185,159.8189,0.8774,0.9062,0.3579,0.0496,7.22,24.6933,22.0,221,0,0,0
361,12.0333,1,1,,5767.0,1,266.0,36.0,343.0,259.0,302.4661,159.7931,0.8783,0.9087,0.356,0.0498,7.0296,24.7727,22.0,221,0,0,0
362,12.0667,1,1,,5784.0,1,266.0,35.0,343.0,259.0,302.487,159.5878,0.8825,0.9098,0.3564,0.0489,6.9438,24.7955,22.0,222,0,0,0
363,12.1,1,1,,5756.0,1,267.0,35.0,343.0,260.0,302.9201,159.053,0.875,0.9101,0.3543,0.0469,6.8324,24.8141,22.0,223,0,0,0
364,12.1333,1,1,,5770.0,1,267.0,35.0,343.0,260.0,302.9435,159.0229,0.8789,0.9112,0.356,0.0468,6.7501,24.7421,22.0,223,0,0,0
365,12.1667,1,1,,5757.0,1,267.0,35.0,343.0,260.0,302.9715,159.1676,0.8816,0.9093,0.3579,0.0474,6.8924,24.545,22.0,223,0,0,0
366,12.2,1,1,,5780.0,1,267.0,34.0,343.0,260.0,303.4166,159.0675,0.875,0.8867,0.3739,0.0471,7.8694,23.5871,22.0,224,0,0,0
367,12.2333,1,1,,5778.0,1,267.0,34.0,344.0,260.0,303.4919,158.9763,0.8143,0.8249,0.3963,0.0482,9.7613,22.2303,22.0,224,0,0,0
368,12.2667,1,1,,5773.0,1,267.0,34.0,344.0,260.0,303.497,158.9111,0.775,0.7852,0.4156,0.0489,10.6407,21.16,22.0,224,0,0,0
369,12.3,1,1,,5831.0,1,267.0,34.0,344.0,260.0,303.7918,159.0031,0.7473,0.7574,0.4347,0.0496,11.242,20.4108,23.0,224,0,0,0
370,12.3333,1,1,,5823.0,1,269.0,34.0,344.0,260.0,303.8288,158.2617,0.7461,0.7566,0.4458,0.0467,11.6475,19.8605,23.0,224,0,0,0
371,12.3667,1,1,,5839.0,1,269.0,34.0,344.0,260.0,303.8923,158.1415,0.7328,0.7433,0.4546,0.0462,11.9489,19.5118,23.0,224,0,0,0
372,12.4,1,1,,5845.0,1,270.0,33.0,344.0,260.0,304.2527,157.5461,0.7376,0.7461,0.4592,0.0435,12.2085,19.3246,23.0,225,0,0,0
373,12.4333,1,1,,5859.0,1,270.0,33.0,343.0,259.0,304.2958,157.633,0.7417,0.7532,0.462,0.0435,11.3836,19.2442,22.0,224,0,0,0
374,12.4667,1,1,,5863.0,1,269.0,33.0,343.0,259.0,304.3392,157.2396,0.6946,0.7049,0.4871,0.0412,12.0143,18.2565,23.0,224,0,0,0
375,12.5,1,1,,5890.0,1,270.0,33.0,343.0,260.0,304.4645,157.1433,0.6643,0.6718,0.5203,0.0403,13.2995,17.1641,23.0,225,0,0,0
376,12.5333,1,1,,5900.0,1,270.0,33.0,343.0,260.0,304.5112,157.1095,0.6332,0.6402,0.5468,0.0405,14.0601,16.3561,23.0,225,0,0,0
377,12.5667,1,1,,5882.0,1,270.0,33.0,343.0,260.0,304.5248,157.1326,0.6091,0.6156,0.5667,0.0417,14.6207,15.7292,23.0,225,0,0,0
378,12.6,1,1,,5864.0,1,270.0,33.0,343.0,260.0,304.6849,157.3276,0.5901,0.5964,0.5829,0.0443,14.9963,15.2379,23.0,225,0,0,0
379,12.6333,0,1,mask_escaped_box,5858.0,1,270.0,33.0,342.0,260.0,304.7651,157.2301,0.5737,0.5798,0.6071,0.0448,15.6075,14.6106,23.0,225,1,1,1
380,12.6667,0,1,mask_escaped_box,5798.0,1,271.0,33.0,340.0,260.0,304.8174,156.5302,0.5808,0.5871,0.619,0.0426,15.3455,14.1795,22.0,225,0,0,2
381,12.7,0,1,mask_escaped_box,5859.0,1,271.0,33.0,340.0,260.0,305.0862,156.4822,0.5701,0.5762,0.6373,0.0425,15.7495,13.9158,23.0,225,0,0,3
382,12.7333,0,0,no_track,,,,,,,,,,,,,,,,,,,
383,12.7667,0,0,no_track,,,,,,,,,,,,,,,,,,,
384,12.8,0,0,no_track,,,,,,,,,,,,,,,,,,,
385,12.8333,1,1,,5181.0,1,284.0,34.0,323.0,257.0,305.9757,148.5692,0.8517,0.934,0.5781,0.0093,2.5739,13.592,22.0,221,1,1,0
386,12.8667,1,1,,5204.0,1,285.0,33.0,323.0,257.0,305.7961,147.9324,0.8906,0.9661,0.5817,0.0073,1.2864,13.5778,22.0,222,0,0,0
387,12.9,1,1,,5197.0,1,284.0,33.0,323.0,258.0,305.8286,147.1539,0.8799,0.9453,0.5808,0.0046,2.1315,13.5907,22.0,223,0,0,0
388,12.9333,1,1,,5155.0,1,284.0,33.0,323.0,257.0,305.8035,146.6508,0.8646,0.9345,0.5812,0.0025,2.5563,13.4795,22.0,222,0,0,0
389,12.9667,1,1,,5125.0,1,284.0,33.0,323.0,257.0,305.8451,146.5056,0.8591,0.9254,0.5852,0.0015,2.909,13.324,22.0,222,0,0,0
390,13.0,1,1,,5168.0,1,285.0,34.0,323.0,259.0,306.3168,148.2783,0.8803,0.9414,0.5979,0.0083,2.225,13.166,22.0,223,0,0,0
391,13.0333,1,1,,5157.0,1,285.0,35.0,323.0,260.0,306.3473,148.8259,0.8917,0.9248,0.627,0.0097,2.8571,12.559,22.0,223,0,0,0
392,13.0667,1,1,,5056.0,1,286.0,35.0,324.0,259.0,306.9203,148.7994,0.8883,0.9041,0.6443,0.01,2.5451,12.0245,22.0,222,0,0,0
393,13.1,1,1,,5040.0,1,286.0,36.0,324.0,260.0,307.1403,149.0625,0.8591,0.8711,0.669,0.0118,3.1106,11.5855,22.0,222,0,0,0
394,13.1333,1,1,,5137.0,1,284.0,36.0,324.0,260.0,306.6056,148.9574,0.7776,0.7863,0.719,0.0091,5.9525,11.0077,22.0,222,0,0,0
395,13.1667,1,1,,5145.0,1,284.0,36.0,324.0,260.0,306.6126,148.8433,0.748,0.7562,0.7484,0.0069,6.5751,10.5869,22.0,222,0,0,0
396,13.2,1,1,,5209.0,1,285.0,38.0,323.0,263.0,306.6567,151.9311,0.7598,0.7699,0.7779,0.018,6.0063,10.2989,22.0,223,0,0,0
397,13.2333,1,1,,5042.0,1,286.0,38.0,324.0,261.0,307.186,150.8897,0.721,0.7306,0.7999,0.0112,6.5477,9.7167,22.0,221,0,0,0
398,13.2667,1,1,,5033.0,1,286.0,38.0,324.0,262.0,307.237,150.7135,0.6938,0.6987,0.8378,0.0085,7.6134,9.2975,22.0,222,0,0,0
399,13.3,1,1,,5083.0,1,287.0,39.0,325.0,264.0,307.4507,152.0657,0.6799,0.6855,0.8569,0.013,6.8985,9.2006,22.0,223,0,0,0
400,13.3333,1,1,,4749.0,1,291.0,40.0,322.0,263.0,307.6549,152.2278,0.8468,0.8563,0.7919,0.0102,2.9291,9.2986,21.0,221,1,0,0
401,13.3667,1,1,,4644.0,1,293.0,40.0,322.0,263.0,307.8689,151.8484,0.9274,0.9394,0.754,0.0062,1.0638,9.5347,20.0,221,0,0,0
402,13.4,1,1,,4660.0,1,293.0,41.0,322.0,264.0,308.0796,153.1397,0.9555,0.9707,0.7303,0.01,0.7192,9.8526,21.0,221,0,0,0
403,13.4333,1,1,,4676.0,1,293.0,41.0,322.0,264.0,308.0535,152.9675,0.9536,0.9853,0.7099,0.0067,0.4274,10.1298,21.0,221,0,0,0
404,13.4667,1,1,,4708.0,1,293.0,40.0,322.0,264.0,308.0055,153.048,0.9418,0.9907,0.6952,0.0048,0.2705,10.3477,21.0,222,0,0,0
405,13.5,1,1,,4703.0,1,293.0,40.0,322.0,264.0,307.9796,153.0706,0.9296,0.9955,0.6789,0.0057,0.1291,10.5284,21.0,222,0,0,0
406,13.5333,1,1,,4704.0,1,293.0,40.0,322.0,265.0,307.9991,153.0538,0.9068,1.0,0.6537,0.0074,-0.7079,10.8786,21.0,223,0,0,0
407,13.5667,1,1,,4718.0,1,293.0,40.0,322.0,266.0,308.0227,153.5689,0.8723,1.0,0.6279,0.0076,-1.0785,11.3039,21.0,224,0,0,0
408,13.6,1,1,,4844.0,1,292.0,40.0,322.0,266.0,308.0737,152.7133,0.8735,1.0,0.6241,0.013,-1.0581,11.6289,21.0,224,0,0,0
409,13.6333,1,1,,4813.0,1,292.0,40.0,322.0,266.0,308.0929,152.5265,0.8539,1.0,0.6062,0.0143,-1.1722,11.848,21.0,224,0,0,0
410,13.6667,1,1,,4836.0,1,292.0,40.0,322.0,266.0,308.1148,152.8528,0.8416,1.0,0.6003,0.0142,-1.1539,11.9623,21.0,224,0,0,0
411,13.7,1,1,,4864.0,1,292.0,40.0,322.0,267.0,308.1258,153.2155,0.8351,1.0,0.5964,0.0146,-1.2413,12.0496,21.0,225,0,0,0
412,13.7333,1,1,,4843.0,1,292.0,40.0,322.0,267.0,308.1441,153.0533,0.8291,1.0,0.5897,0.0173,-1.3203,12.08,21.0,225,0,0,0
413,13.7667,1,1,,4833.0,1,292.0,40.0,322.0,267.0,308.1906,152.6182,0.8288,1.0,0.5882,0.0209,-1.3993,12.0409,21.0,225,0,0,0
414,13.8,1,1,,4879.0,1,293.0,39.0,322.0,267.0,308.4003,152.6538,0.8335,1.0,0.615,0.0195,-0.9849,11.6386,21.0,226,0,0,0
415,13.8333,1,1,,4852.0,1,293.0,39.0,322.0,267.0,308.4085,152.4093,0.8608,1.0,0.6317,0.0173,-1.4419,11.3006,21.0,226,0,0,0
416,13.8667,1,1,,4864.0,1,293.0,39.0,322.0,266.0,308.4737,151.9587,0.8465,1.0,0.6254,0.0178,-1.4543,11.4427,21.0,225,0,0,0
417,13.9,1,1,,4814.0,1,293.0,39.0,323.0,262.0,308.6203,150.2262,0.8497,1.0,0.6114,0.0251,-1.4967,11.5675,21.0,221,0,0,0
418,13.9333,1,1,,4752.0,1,293.0,39.0,323.0,261.0,308.7309,149.6124,0.8364,1.0,0.5968,0.0284,-1.5694,11.6696,20.0,220,0,0,0
419,13.9667,1,1,,4716.0,1,293.0,39.0,322.0,261.0,308.778,149.0008,0.8004,1.0,0.5863,0.032,-1.6251,11.7506,20.0,220,0,0,0
420,14.0,1,1,,4774.0,1,293.0,39.0,323.0,263.0,309.0078,149.6089,0.8303,1.0,0.5898,0.0305,-1.7012,11.7949,21.0,222,0,0,0
421,14.0333,1,1,,4705.0,1,293.0,39.0,323.0,260.0,309.0064,148.0527,0.8146,1.0,0.5781,0.037,-1.6744,11.8556,21.0,219,0,0,0
422,14.0667,1,1,,4697.0,1,293.0,39.0,323.0,259.0,309.0786,147.6723,0.8112,1.0,0.5773,0.0388,-1.5381,11.8634,21.0,218,0,0,0
423,14.1,1,1,,4722.0,1,293.0,38.0,323.0,260.0,309.1347,147.7061,0.8189,1.0,0.5806,0.0385,-0.8607,11.8743,20.0,220,0,0,0
424,14.1333,1,1,,4701.0,1,293.0,38.0,323.0,260.0,309.2487,147.4914,0.8218,1.0,0.58,0.0384,-0.9557,11.8483,20.0,220,0,0,0
425,14.1667,1,1,,4721.0,1,293.0,38.0,323.0,261.0,309.2067,148.1245,0.8353,1.0,0.5895,0.0346,-1.104,11.7242,20.0,221,0,0,0
426,14.2,1,1,,4832.0,1,293.0,39.0,323.0,264.0,309.3549,149.3516,0.8734,1.0,0.6253,0.0269,-0.6029,11.3255,20.0,223,0,0,0
427,14.2333,1,1,,4914.0,1,293.0,39.0,324.0,266.0,309.4886,151.2216,0.9378,1.0,0.6549,0.0176,-0.1219,11.0061,21.0,225,0,0,0
428,14.2667,1,1,,4881.0,1,293.0,39.0,324.0,265.0,309.4899,150.7759,0.9221,0.9885,0.6569,0.0193,0.3572,10.9106,21.0,224,0,0,0
429,14.3,1,1,,4906.0,1,293.0,40.0,324.0,267.0,309.5167,152.041,0.9073,0.9745,0.6649,0.0151,0.7906,10.8284,21.0,225,0,0,0
430,14.3333,1,1,,4878.0,1,293.0,40.0,324.0,266.0,309.5724,151.0133,0.8922,0.9655,0.6646,0.0203,1.0682,10.7595,21.0,224,0,0,0
431,14.3667,1,1,,4874.0,1,293.0,40.0,324.0,268.0,309.6202,151.5542,0.8909,0.9592,0.6657,0.0192,1.2655,10.7162,21.0,226,0,0,0
432,14.4,1,1,,4770.0,1,294.0,42.0,325.0,270.0,310.1453,152.869,0.9217,0.9664,0.6649,0.0149,0.5358,10.4859,20.0,226,0,0,0
433,14.4333,1,1,,4814.0,1,295.0,42.0,325.0,271.0,310.0488,154.1427,0.8956,0.9496,0.6939,0.0136,1.5133,10.1302,20.0,227,0,0,0
434,14.4667,1,1,,4861.0,1,295.0,42.0,326.0,272.0,310.0448,155.7422,0.8535,0.8964,0.7202,0.0104,3.212,9.8488,20.0,228,0,0,0
435,14.5,1,1,,4882.0,1,295.0,42.0,325.0,272.0,310.1489,156.773,0.8722,0.9152,0.7335,0.0093,2.5436,9.6956,20.0,228,0,0,0
436,14.5333,1,1,,4842.0,1,295.0,42.0,326.0,273.0,310.3286,156.6146,0.846,0.8801,0.7346,0.0124,3.7165,9.5863,20.0,229,0,0,0
437,14.5667,1,1,,4858.0,1,295.0,43.0,326.0,274.0,310.3042,157.2915,0.841,0.8726,0.7454,0.0119,3.9009,9.4676,20.0,229,0,0,0
438,14.6,1,1,,4898.0,1,295.0,43.0,325.0,275.0,310.3614,157.2405,0.8635,0.894,0.7574,0.0131,2.9898,9.3865,20.0,230,0,0,0
439,14.6333,1,1,,4912.0,1,295.0,43.0,325.0,275.0,310.3774,158.021,0.8654,0.8965,0.757,0.0107,2.6869,9.4128,20.0,230,0,0,0
440,14.6667,1,1,,4877.0,1,295.0,43.0,325.0,276.0,310.454,157.6871,0.8771,0.9056,0.7438,0.0121,2.2455,9.5083,20.0,231,0,0,0
441,14.7,1,1,,4751.0,1,295.0,44.0,328.0,275.0,310.8994,153.8417,0.8162,0.8479,0.7028,0.0292,4.516,9.7934,20.0,229,0,0,0
442,14.7333,1,1,,4638.0,1,295.0,44.0,326.0,271.0,310.8098,151.4301,0.9237,0.983,0.6294,0.0413,0.527,10.6667,20.0,225,0,0,0
443,14.7667,1,1,,4597.0,1,295.0,44.0,326.0,270.0,310.8105,150.8334,0.8635,0.9878,0.5798,0.0458,0.3787,11.4634,20.0,224,0,0,0
444,14.8,1,1,,4548.0,1,295.0,45.0,325.0,271.0,311.0616,150.5976,0.7983,1.0,0.5355,0.0503,-0.1425,12.2005,20.0,224,0,0,0
445,14.8333,1,1,,4508.0,1,295.0,45.0,325.0,271.0,311.0867,150.1038,0.7404,1.0,0.4923,0.0583,-1.1252,13.0508,20.0,224,0,0,0
446,14.8667,1,1,,4433.0,1,295.0,45.0,325.0,270.0,311.247,149.4471,0.7,1.0,0.4598,0.0678,-1.8845,13.6554,20.0,223,0,0,0
447,14.9,1,1,,4459.0,1,295.0,46.0,325.0,269.0,311.1319,150.4873,0.6698,1.0,0.4465,0.0685,-2.4992,14.0779,20.0,221,0,0,0
448,14.9333,1,1,,4376.0,1,295.0,46.0,325.0,268.0,311.2557,149.3053,0.6898,1.0,0.4533,0.0728,-1.9006,13.697,20.0,220,0,0,0
449,14.9667,1,1,,4395.0,1,295.0,46.0,324.0,268.0,311.1877,149.7117,0.6943,1.0,0.474,0.0677,-1.6188,13.298,20.0,220,0,0,0
450,15.0,1,1,,4793.0,1,295.0,47.0,325.0,277.0,311.052,155.4492,0.7719,1.0,0.5362,0.0397,-1.4205,12.9673,20.0,228,0,0,0
451,15.0333,1,1,,4870.0,1,295.0,48.0,325.0,279.0,311.0768,157.1255,0.7985,1.0,0.5612,0.0295,-1.1199,12.7152,21.0,229,0,0,0
452,15.0667,1,1,,4895.0,1,295.0,48.0,325.0,279.0,311.103,157.8149,0.815,1.0,0.5756,0.0237,-1.0575,12.5604,21.0,229,0,0,0
453,15.1,1,1,,5034.0,1,295.0,48.0,326.0,281.0,311.0592,160.9354,0.8599,0.9987,0.6008,0.0091,0.3138,12.4544,21.0,231,0,0,0
454,15.1333,1,1,,5060.0,1,295.0,48.0,326.0,281.0,310.9895,161.7374,0.8652,0.9949,0.612,0.005,1.1987,12.3472,21.0,231,0,0,0
455,15.1667,1,1,,5082.0,1,295.0,48.0,326.0,281.0,311.0246,162.4847,0.8699,0.9922,0.6212,0.0032,1.8264,12.2651,21.0,231,0,0,0
456,15.2,1,1,,5246.0,1,295.0,48.0,326.0,283.0,311.0326,165.1304,0.8753,0.9817,0.6527,0.0125,4.2957,12.0842,22.0,233,0,0,0
457,15.2333,1,1,,5303.0,1,295.0,48.0,326.0,284.0,311.0064,166.1101,0.8966,0.9727,0.6854,0.0157,5.0662,11.6298,22.0,234,0,0,0
458,15.2667,1,1,,5337.0,1,295.0,48.0,326.0,285.0,310.9644,167.0272,0.8944,0.9535,0.7124,0.0183,5.5925,11.2421,22.0,235,0,0,0
459,15.3,1,1,,5472.0,1,295.0,48.0,328.0,287.0,311.1542,169.301,0.9047,0.911,0.7558,0.0264,7.0216,10.8407,22.0,237,0,0,0
460,15.3333,1,1,,5282.0,1,295.0,48.0,328.0,287.0,311.596,166.9629,0.8799,0.8857,0.7506,0.0155,6.696,10.5242,21.0,237,0,0,0
461,15.3667,1,1,,5302.0,1,294.0,48.0,328.0,287.0,311.4955,166.9981,0.8443,0.8495,0.7625,0.016,6.7554,10.4035,21.0,237,0,0,0
462,15.4,1,1,,5376.0,1,294.0,48.0,328.0,286.0,311.1955,167.941,0.8387,0.8454,0.7785,0.023,6.4558,10.3408,21.5,236,0,0,0
463,15.4333,1,1,,5375.0,1,294.0,48.0,328.0,285.0,311.2393,167.1306,0.8266,0.8343,0.7906,0.0215,6.1829,10.1943,22.0,235,0,0,0
464,15.4667,1,1,,5379.0,1,294.0,48.0,327.0,285.0,311.2365,167.1398,0.8406,0.8493,0.8,0.0234,6.8743,10.1028,22.0,235,0,0,0
465,15.5,1,1,,5260.0,1,294.0,48.0,326.0,284.0,311.4333,164.4338,0.8647,0.8779,0.7797,0.0133,6.4428,10.1567,21.0,234,0,0,0
466,15.5333,1,1,,4686.0,1,295.0,48.0,326.0,281.0,311.9149,155.028,0.9005,0.9184,0.6914,0.0266,3.7352,10.2224,20.0,231,0,0,0
467,15.5667,1,1,,4925.0,1,293.0,48.0,326.0,282.0,311.7663,158.696,0.8335,0.8584,0.7181,0.0109,4.9098,10.361,21.0,232,0,0,0
468,15.6,1,1,,5188.0,1,294.0,48.0,326.0,283.0,311.8144,163.5023,0.8541,0.8797,0.7584,0.0101,6.4616,10.3756,21.0,233,0,0,0
469,15.6333,1,1,,5082.0,1,293.0,48.0,326.0,283.0,311.8552,161.8528,0.8336,0.8521,0.7495,0.0036,7.1518,10.3341,21.0,233,0,0,0
470,15.6667,1,1,,5061.0,1,293.0,48.0,326.0,282.0,311.7186,161.0344,0.8432,0.8561,0.7521,0.0005,6.5276,10.2828,21.0,232,0,0,0
471,15.7,1,1,,5050.0,1,293.0,48.0,326.0,282.0,311.7701,159.9309,0.8477,0.8574,0.7527,0.0045,6.6035,10.2597,21.0,232,0,0,0
472,15.7333,1,1,,4533.0,1,295.0,48.0,326.0,278.0,312.0276,151.1696,0.9223,0.9311,0.6759,0.0425,2.5505,10.2506,20.0,228,0,0,0
473,15.7667,1,1,,4474.0,1,294.0,48.0,326.0,276.0,311.9819,149.0923,0.9059,0.9118,0.6678,0.0516,2.6199,10.2294,20.0,226,0,0,0
474,15.8,1,1,,5119.0,1,293.0,46.0,325.0,279.0,311.4206,159.2127,0.8542,0.8731,0.7669,0.0079,3.6195,10.185,21.0,231,0,0,0
475,15.8333,1,1,,5104.0,1,293.0,46.0,325.0,280.0,311.4632,159.3756,0.8397,0.861,0.7691,0.0021,5.4256,10.1206,21.0,232,0,0,0
476,15.8667,1,1,,5073.0,1,292.0,46.0,325.0,281.0,311.3426,158.8654,0.8017,0.8242,0.7675,0.0003,7.2452,10.073,21.0,233,0,0,0
477,15.9,1,1,,4904.0,1,292.0,46.0,325.0,280.0,311.4965,155.9123,0.7989,0.8236,0.7433,0.011,6.6049,10.0454,21.0,232,0,0,0
478,15.9333,1,1,,4853.0,1,292.0,45.0,325.0,279.0,311.5147,154.7161,0.805,0.826,0.7376,0.0156,5.5927,10.0054,21.0,232,0,0,0
479,15.9667,1,1,,4834.0,1,291.0,45.0,325.0,277.0,311.3914,153.7549,0.786,0.8074,0.7342,0.0196,6.1326,9.9978,21.0,230,0,0,0
480,16.0,1,1,,4936.0,1,293.0,45.0,325.0,280.0,311.3979,155.4889,0.8275,0.848,0.7522,0.0124,6.2272,9.9518,21.0,233,0,0,0
481,16.0333,1,1,,4933.0,1,293.0,45.0,325.0,280.0,311.4667,154.6669,0.8381,0.8477,0.7634,0.0125,7.2595,9.8164,21.0,233,0,0,0
482,16.0667,1,1,,5021.0,1,293.0,44.0,325.0,280.0,311.2742,156.4545,0.8297,0.8363,0.7875,0.0022,8.3989,9.7122,21.0,234,0,0,0
483,16.1,1,1,,4953.0,1,292.0,44.0,324.0,280.0,311.1224,154.9671,0.7893,0.8094,0.7857,0.0042,9.4732,9.623,20.0,234,0,0,0
484,16.1333,0,1,mask_escaped_box,4934.0,1,291.0,44.0,324.0,281.0,311.3271,153.9131,0.7587,0.776,0.7898,0.0072,10.9573,9.5437,21.0,235,1,1,1
485,16.1667,0,1,mask_escaped_box,4982.0,1,291.0,44.0,324.0,281.0,311.2122,154.3127,0.755,0.7713,0.8035,0.0049,11.0736,9.4719,21.0,235,0,0,2
486,16.2,0,1,mask_escaped_box,4868.0,1,291.0,44.0,324.0,281.0,311.2958,152.0212,0.7535,0.7656,0.7963,0.014,11.1445,9.3326,20.0,235,0,0,3
487,16.2333,0,0,no_track,,,,,,,,,,,,,,,,,,,
488,16.2667,0,0,no_track,,,,,,,,,,,,,,,,,,,
489,16.3,0,0,no_track,,,,,,,,,,,,,,,,,,,
490,16.3333,1,1,,4790.0,1,297.0,44.0,325.0,271.0,312.1996,148.3505,0.9164,0.9283,0.8006,0.0313,1.1412,9.1358,21.0,225,1,1,0
491,16.3667,1,1,,4728.0,1,297.0,44.0,325.0,272.0,311.6394,149.9357,0.9156,0.9269,0.7886,0.0242,2.0943,9.1675,21.0,226,0,0,0
492,16.4,1,1,,4165.0,1,298.0,44.0,325.0,249.0,312.0912,137.8185,0.8639,0.9703,0.6882,0.0765,0.803,9.2709,20.0,203,0,0,0
493,16.4333,1,1,,4222.0,1,298.0,44.0,325.0,249.0,312.1492,138.8065,0.8753,0.9851,0.6869,0.0731,0.4033,9.4066,20.0,203,0,0,0
494,16.4667,1,1,,4249.0,1,298.0,44.0,325.0,249.0,312.1944,139.1777,0.8762,0.9954,0.6785,0.0744,0.1252,9.5253,20.0,203,0,0,0
495,16.5,1,1,,4224.0,1,298.0,44.0,325.0,250.0,312.2502,138.696,0.8697,0.9942,0.6677,0.08,0.1568,9.5491,20.0,204,0,0,0
496,16.5333,1,1,,4176.0,1,298.0,44.0,325.0,250.0,312.2038,138.0266,0.8597,0.9929,0.654,0.0867,0.1909,9.554,20.0,204,0,0,0
497,16.5667,1,1,,4194.0,1,298.0,44.0,325.0,251.0,312.2368,138.4425,0.8602,1.0,0.6455,0.089,-0.0606,9.6316,20.0,205,0,0,0
498,16.6,1,1,,4232.0,1,298.0,44.0,325.0,255.0,312.2991,139.268,0.8568,1.0,0.6365,0.0893,-0.3875,9.7684,20.0,209,0,0,0
499,16.6333,1,1,,4166.0,1,298.0,44.0,325.0,250.0,312.2804,137.8068,0.7993,1.0,0.5987,0.0988,-0.4494,10.1556,20.0,204,0,0,0
500,16.6667,1,1,,4146.0,1,298.0,44.0,325.0,249.0,312.2815,137.3123,0.7651,1.0,0.5731,0.1025,-0.5092,10.5329,20.0,203,0,0,0
501,16.7,1,1,,4110.0,1,298.0,44.0,325.0,244.0,312.338,136.2015,0.7243,1.0,0.5513,0.1075,-0.6856,10.8556,21.0,198,0,0,0
502,16.7333,1,1,,4130.0,1,298.0,44.0,325.0,245.0,312.3332,136.5642,0.7122,1.0,0.542,0.1057,-0.9604,11.1092,21.0,199,0,0,0
503,16.7667,1,1,,4117.0,1,298.0,44.0,325.0,245.0,312.3359,136.6425,0.6966,1.0,0.5284,0.1047,-1.153,11.3781,21.0,199,0,0,0
504,16.8,1,1,,4255.0,1,298.0,44.0,326.0,255.0,312.3821,139.938,0.7546,1.0,0.5435,0.0898,-1.4002,11.469,21.0,209,0,0,0
505,16.8333,1,1,,4134.0,1,298.0,44.0,326.0,245.0,312.3483,136.7828,0.7542,1.0,0.554,0.0881,-1.1095,11.2748,21.0,199,0,0,0
506,16.8667,1,1,,4188.0,1,298.0,44.0,326.0,248.0,312.3608,137.7051,0.8112,1.0,0.5948,0.0646,-0.8575,11.0921,21.0,202,0,0,0
507,16.9,1,1,,4259.0,1,298.0,44.0,326.0,252.0,312.4231,139.2646,0.8745,1.0,0.6395,0.0389,-0.6529,10.9165,21.0,206,0,0,0
508,16.9333,1,1,,4306.0,1,298.0,44.0,326.0,255.0,312.477,140.3848,0.8678,0.9648,0.677,0.0181,7.4204,10.7627,21.0,209,0,0,0
509,16.9667,0,1,mask_escaped_box,4340.0,1,298.0,44.0,326.0,256.0,312.4645,140.7924,0.8534,0.9352,0.7091,0.0038,13.7295,10.6257,21.0,210,1,1,1
510,17.0,0,1,mask_escaped_box,4389.0,1,298.0,44.0,326.0,266.0,312.689,141.3689,0.8109,0.8775,0.7359,0.0083,27.2037,10.5344,21.0,220,0,0,2
511,17.0333,0,1,mask_escaped_box,4387.0,1,298.0,44.0,326.0,260.0,312.6506,141.0873,0.824,0.8915,0.7451,0.0127,23.4269,10.5164,21.0,214,0,0,3
512,17.0667,0,0,no_track,,,,,,,,,,,,,,,,,,,
513,17.1,0,0,no_track,,,,,,,,,,,,,,,,,,,
514,17.1333,0,0,no_track,,,,,,,,,,,,,,,,,,,
515,17.1667,1,1,,4305.0,1,298.0,43.0,334.0,236.0,313.2502,135.2232,0.8441,0.8548,0.7143,0.0113,4.8609,10.8465,22.0,191,1,1,0
516,17.2,1,1,,4276.0,1,298.0,43.0,327.0,240.0,312.3742,136.3625,0.8847,0.9681,0.7045,0.0077,5.8416,10.9421,21.0,195,0,0,0
517,17.2333,1,1,,4076.0,1,298.0,43.0,328.0,233.0,312.7471,132.368,0.9435,0.9993,0.6757,0.0254,0.0219,10.8808,21.0,188,0,0,0
518,17.2667,1,1,,4041.0,1,298.0,43.0,328.0,232.0,312.7916,131.0678,0.9367,0.9958,0.673,0.0347,0.1262,10.7895,21.0,187,0,0,0
519,17.3,1,1,,4023.0,1,298.0,43.0,328.0,231.0,312.7718,130.8479,0.9288,0.9899,0.6756,0.0373,0.3023,10.6805,21.0,186,0,0,0
520,17.3333,1,1,,3944.0,1,298.0,43.0,328.0,226.0,312.6988,129.1288,0.9018,0.9879,0.6632,0.0475,0.3634,10.6375,21.0,181,0,0,0
521,17.3667,1,1,,3927.0,1,298.0,43.0,328.0,225.0,312.7711,128.9778,0.9039,0.9979,0.6527,0.0496,0.063,10.7289,21.0,180,0,0,0
522,17.4,1,1,,3894.0,1,298.0,43.0,329.0,224.0,312.7748,127.6864,0.9117,0.9991,0.6338,0.0571,0.0278,10.9267,21.0,179,0,0,0
523,17.4333,1,1,,3961.0,1,299.0,43.0,329.0,225.0,312.8455,128.4895,0.8741,1.0,0.6341,0.0511,-0.272,11.146,21.5,180,0,0,0
524,17.4667,1,1,,3933.0,1,298.0,43.0,330.0,224.0,312.985,128.1627,0.8963,0.9857,0.6256,0.0491,0.4589,11.2861,21.0,179,0,0,0
525,17.5,1,1,,3934.0,1,299.0,43.0,330.0,224.0,312.9962,127.7186,0.8758,0.9885,0.6276,0.047,0.3571,11.3485,21.0,179,0,0,0
526,17.5333,1,1,,3925.0,1,299.0,43.0,329.0,223.0,312.9776,127.5169,0.866,1.0,0.6295,0.044,-0.6932,11.3837,21.0,178,0,0,0
527,17.5667,1,1,,3948.0,1,299.0,43.0,330.0,224.0,313.0094,127.8523,0.8885,0.9904,0.6366,0.0391,0.2964,11.4044,21.0,179,0,0,0
528,17.6,1,1,,3821.0,1,299.0,43.0,330.0,217.0,312.9971,125.202,0.8553,0.9879,0.6198,0.0509,0.3758,11.3906,21.0,172,0,0,0
529,17.6333,1,1,,3888.0,1,298.0,43.0,330.0,219.0,312.9223,126.0538,0.8733,0.9801,0.6262,0.0584,0.6355,11.2086,21.0,174,0,0,0
530,17.6667,1,1,,3891.0,1,299.0,43.0,330.0,220.0,312.9357,126.5585,0.8138,0.9726,0.6072,0.0763,0.8492,11.056,21.0,175,0,0,0
531,17.7,1,1,,3891.0,1,299.0,43.0,330.0,222.0,313.0537,127.0437,0.7977,0.9675,0.5941,0.0888,1.0082,10.9192,21.0,177,0,0,0
532,17.7333,1,1,,3886.0,1,299.0,43.0,330.0,223.0,313.08,127.1858,0.8052,0.9757,0.5864,0.0958,0.7524,10.8003,21.0,178,0,0,0
533,17.7667,1,1,,3919.0,1,299.0,43.0,330.0,225.0,313.0913,128.011,0.8216,0.9819,0.5902,0.097,0.5616,10.6631,21.0,180,0,0,0
534,17.8,1,1,,3914.0,1,300.0,40.0,331.0,224.0,313.3199,126.7215,0.8639,0.9513,0.6519,0.0645,1.4801,10.5613,21.0,182,0,0,0
535,17.8333,1,1,,3812.0,1,299.0,39.0,330.0,217.0,313.3085,123.3573,0.9532,0.9841,0.6796,0.0393,0.4331,10.6777,21.0,176,0,0,0
536,17.8667,1,1,,3650.0,1,299.0,39.0,330.0,210.0,313.309,119.5622,0.9623,0.9919,0.6733,0.0285,0.2524,10.9127,21.0,169,0,0,0
537,17.9,1,1,,3661.0,1,300.0,39.0,330.0,210.0,313.3849,119.5206,0.8943,0.9628,0.6865,0.0103,6.3541,11.1766,21.0,169,0,0,0
538,17.9333,1,1,,3542.0,1,300.0,39.0,329.0,203.0,313.4938,116.7521,0.8515,0.9721,0.6687,0.0098,4.5819,11.4241,21.0,162,0,0,0
539,17.9667,1,1,,3563.0,1,300.0,39.0,329.0,203.0,313.4412,117.1485,0.8247,0.9502,0.6795,0.0148,8.1597,11.5377,21.0,162,0,0,0
540,18.0,1,1,,3459.0,1,300.0,39.0,330.0,199.0,313.588,114.3744,0.8474,0.9579,0.6622,0.01,6.7413,11.6396,21.0,158,0,0,0
541,18.0333,1,1,,3474.0,1,300.0,39.0,330.0,199.0,313.6117,114.6649,0.8246,0.9417,0.6678,0.0185,9.3229,11.7415,21.0,158,0,0,0
542,18.0667,0,1,mask_escaped_box,3485.0,1,300.0,39.0,330.0,199.0,313.5785,114.8918,0.8025,0.9256,0.6729,0.0294,11.9046,11.8434,21.0,158,0,0,1
543,18.1,1,1,,3524.0,1,300.0,39.0,330.0,200.0,313.5548,115.7582,0.8296,0.9382,0.6824,0.0192,9.9441,11.7111,21.0,159,0,0,0
544,18.1333,1,1,,3522.0,1,300.0,39.0,330.0,201.0,313.5758,115.9926,0.8506,0.9416,0.6911,0.0112,9.466,11.542,21.0,160,0,0,0
545,18.1667,1,1,,3489.0,1,300.0,39.0,330.0,199.0,313.6426,115.4443,0.8745,0.9561,0.6926,0.003,6.7356,11.4057,21.0,158,0,0,0
546,18.2,1,1,,3525.0,1,300.0,39.0,330.0,199.0,313.6757,115.5827,0.8595,0.9442,0.7043,0.0046,7.294,11.4053,22.0,158,0,0,0
547,18.2333,1,1,,3495.0,1,300.0,39.0,330.0,198.0,313.7353,115.2535,0.8799,0.9622,0.694,0.0026,6.01,11.426,22.0,157,0,0,0
548,18.2667,1,1,,3493.0,1,301.0,39.0,330.0,198.0,313.7506,115.274,0.8476,0.9639,0.688,0.006,5.7432,11.4568,22.0,157,0,0,0
549,18.3,1,1,,3508.0,1,300.0,39.0,330.0,198.0,313.7568,115.1351,0.8741,0.9668,0.6855,0.0076,5.2851,11.4866,22.0,157,0,0,0
550,18.3333,1,1,,3502.0,1,301.0,39.0,329.0,198.0,313.7667,115.3872,0.8142,0.9694,0.6781,0.0095,4.8664,11.5438,22.0,157,0,0,0
551,18.3667,1,1,,3541.0,1,300.0,39.0,329.0,199.0,313.7857,115.366,0.8367,0.9658,0.6814,0.0102,5.4762,11.5761,22.0,158,0,0,0
552,18.4,1,1,,3495.0,1,300.0,39.0,329.0,199.0,313.9173,114.9319,0.8383,0.9681,0.6708,0.0092,5.1077,11.5724,22.0,158,0,0,0
553,18.4333,1,1,,3543.0,1,300.0,39.0,329.0,202.0,313.9142,116.0144,0.8535,0.952,0.7021,0.0092,7.8178,11.1791,21.0,161,0,0,0
554,18.4667,1,1,,3540.0,1,300.0,39.0,329.0,201.0,313.9237,115.9107,0.8844,0.9595,0.7215,0.0077,6.5641,10.8452,21.0,160,0,0,0
555,18.5,1,1,,3572.0,1,300.0,39.0,329.0,203.0,313.9457,116.6257,0.8958,0.949,0.7447,0.0098,8.3583,10.5857,21.0,162,0,0,0
556,18.5333,1,1,,3576.0,1,300.0,39.0,329.0,204.0,313.913,117.2718,0.9029,0.9397,0.7622,0.0133,9.3727,10.3585,21.0,163,0,0,0
557,18.5667,1,1,,3584.0,1,300.0,39.0,329.0,203.0,313.8834,116.9205,0.9009,0.9332,0.7776,0.0122,8.5293,10.1899,21.5,162,0,0,0
558,18.6,1,1,,3568.0,1,300.0,39.0,329.0,203.0,313.9526,117.035,0.8901,0.9214,0.7842,0.0136,8.7812,10.0774,21.0,162,0,0,0
559,18.6333,1,1,,3537.0,1,300.0,39.0,329.0,203.0,313.9576,117.0794,0.883,0.9124,0.7864,0.0151,9.0963,9.98,21.0,162,0,0,0
560,18.6667,0,1,mask_escaped_box,3564.0,1,300.0,39.0,329.0,204.0,313.9762,117.3659,0.8593,0.8887,0.8072,0.0188,10.5242,9.8194,21.0,163,1,1,1
561,18.7,0,1,mask_escaped_box,3598.0,1,300.0,39.0,329.0,205.0,313.9472,118.037,0.8468,0.8718,0.8291,0.0242,11.941,9.6724,21.0,164,0,0,2
562,18.7333,0,1,mask_escaped_box,3617.0,1,300.0,39.0,329.0,206.0,313.8908,118.5256,0.8418,0.8613,0.8444,0.0283,13.31,9.5668,21.0,165,0,0,3
563,18.7667,0,0,no_track,,,,,,,,,,,,,,,,,,,
564,18.8,0,0,no_track,,,,,,,,,,,,,,,,,,,
565,18.8333,0,0,no_track,,,,,,,,,,,,,,,,,,,
566,18.8667,1,1,,3353.0,1,301.0,39.0,332.0,192.0,314.6863,113.1658,0.8828,0.9006,0.7678,0.0076,2.8752,9.7714,21.0,151,1,1,0
567,18.9,1,1,,3420.0,1,301.0,39.0,330.0,194.0,314.3842,114.3292,0.9458,0.9629,0.7756,0.0045,1.2983,9.8561,21.0,153,0,0,0
568,18.9333,1,1,,3409.0,1,301.0,39.0,330.0,194.0,314.3834,113.8343,0.9449,0.9653,0.7685,0.0056,1.4531,9.9327,21.0,153,0,0,0
569,18.9667,1,1,,3373.0,1,302.0,39.0,330.0,193.0,314.4687,113.3255,0.9147,0.9707,0.7581,0.0067,0.8775,9.9953,21.0,152,0,0,0
570,19.0,1,1,,3355.0,1,302.0,39.0,331.0,192.0,314.6235,112.749,0.8876,0.9432,0.7518,0.0079,1.5704,10.0574,21.0,151,0,0,0
571,19.0333,1,1,,3355.0,1,302.0,39.0,331.0,192.0,314.6867,112.7633,0.8978,0.9575,0.7385,0.0069,1.1028,10.2468,21.0,151,0,0,0
572,19.0667,1,1,,3361.0,1,302.0,39.0,331.0,192.0,314.6694,112.7492,0.9045,0.9709,0.7253,0.0071,0.7441,10.4455,21.0,151,0,0,0
573,19.1,1,1,,3368.0,1,302.0,39.0,331.0,192.0,314.7749,112.6345,0.9089,0.9824,0.7139,0.0079,0.5752,10.621,21.0,151,0,0,0
574,19.1333,1,1,,3363.0,1,302.0,39.0,330.0,192.0,314.7098,112.8653,0.8889,0.9985,0.6997,0.0075,0.2273,10.7962,21.0,151,0,0,0
575,19.1667,1,1,,3364.0,1,302.0,39.0,331.0,192.0,314.7872,112.5321,0.9067,0.9986,0.6893,0.0104,0.0409,10.9377,21.0,151,0,0,0
576,19.2,1,1,,3349.0,1,302.0,39.0,330.0,191.0,314.6742,111.974,0.8612,1.0,0.6777,0.0155,-1.0684,11.0503,21.0,150,0,0,0
577,19.2333,1,1,,3386.0,1,302.0,39.0,330.0,193.0,314.7398,112.7646,0.8731,1.0,0.6856,0.0134,-0.5926,10.9836,21.0,152,0,0,0
578,19.2667,1,1,,3362.0,1,302.0,39.0,330.0,193.0,314.71,112.8742,0.8724,1.0,0.6802,0.016,-0.2367,10.924,21.0,152,0,0,0
579,19.3,1,1,,3376.0,1,302.0,39.0,330.0,193.0,314.6931,113.0261,0.869,0.9956,0.686,0.0179,0.1231,10.8186,21.0,152,0,0,0
580,19.3333,1,1,,3344.0,1,302.0,39.0,330.0,193.0,314.8439,112.5015,0.8661,0.989,0.6857,0.0226,0.3086,10.6895,21.0,152,0,0,0
581,19.3667,1,1,,3372.0,1,302.0,39.0,330.0,192.0,314.6421,112.723,0.861,0.9847,0.6975,0.0215,0.4279,10.5824,21.0,151,0,0,0
582,19.4,1,1,,3387.0,1,301.0,39.0,330.0,192.0,314.7142,112.3581,0.8918,0.9864,0.6987,0.0248,0.3949,10.5836,21.0,151,0,0,0
583,19.4333,1,1,,3385.0,1,302.0,39.0,330.0,193.0,314.6759,112.7708,0.8695,0.9954,0.6885,0.0235,0.1283,10.7022,21.0,152,0,0,0
584,19.4667,1,1,,3407.0,1,301.0,39.0,330.0,193.0,314.6152,112.7678,0.8863,1.0,0.6761,0.025,-0.1937,10.9294,21.0,152,0,0,0
585,19.5,1,1,,3379.0,1,302.0,39.0,330.0,192.0,314.7789,112.3028,0.8317,1.0,0.656,0.0295,-0.5161,11.1308,21.0,151,0,0,0
586,19.5333,1,1,,3311.0,1,301.0,39.0,330.0,189.0,314.72,110.9625,0.8274,1.0,0.6298,0.0398,-0.7377,11.3126,21.0,148,0,0,0
587,19.5667,1,1,,3337.0,1,302.0,39.0,330.0,190.0,314.6859,111.3704,0.7927,1.0,0.6256,0.0421,-0.9032,11.448,22.0,149,0,0,0
588,19.6,1,1,,3277.0,1,302.0,39.0,330.0,187.0,314.8505,109.8868,0.7737,1.0,0.6118,0.0538,-0.9702,11.4858,21.0,146,0,0,0
589,19.6333,1,1,,3353.0,1,302.0,39.0,330.0,188.0,314.6755,111.0435,0.7884,1.0,0.6336,0.043,-0.8273,11.382,22.0,147,0,0,0
590,19.6667,1,1,,3365.0,1,302.0,39.0,330.0,190.0,314.7079,111.8315,0.8107,1.0,0.6452,0.0336,-0.6942,11.286,21.0,149,0,0,0
591,19.7,1,1,,3311.0,1,302.0,39.0,330.0,190.0,314.8873,111.3201,0.8209,1.0,0.6428,0.0323,-0.6068,11.2211,21.0,149,0,0,0
592,19.7333,1,1,,3277.0,1,302.0,39.0,330.0,189.0,315.0165,110.7641,0.8242,1.0,0.6431,0.0321,-0.5307,11.1657,21.0,148,0,0,0
593,19.7667,1,1,,3273.0,1,302.0,39.0,330.0,189.0,315.0186,110.8506,0.8348,1.0,0.6506,0.0289,-0.5038,11.0752,21.0,148,0,0,0
594,19.8,1,1,,3256.0,1,302.0,39.0,330.0,188.0,315.1047,110.0826,0.8384,1.0,0.6543,0.0316,-0.4723,10.9975,21.0,147,0,0,0
595,19.8333,1,1,,3222.0,1,302.0,39.0,330.0,188.0,315.1673,109.7657,0.8461,1.0,0.6534,0.034,-0.4714,10.9414,21.0,147,0,0,0
596,19.8667,1,1,,3250.0,1,302.0,39.0,330.0,188.0,315.0649,110.3514,0.8532,1.0,0.6647,0.0297,-0.4562,10.9008,21.0,147,0,0,0
597,19.9,1,1,,3244.0,1,301.0,39.0,330.0,188.0,315.1131,110.1378,0.8909,1.0,0.6688,0.0293,-0.4607,10.8594,21.0,147,0,0,0
598,19.9333,1,1,,3256.0,1,301.0,39.0,330.0,188.0,315.101,110.1665,0.8959,1.0,0.6751,0.0264,-0.4528,10.8312,21.0,147,0,0,0
599,19.9667,1,1,,3260.0,1,301.0,39.0,330.0,188.0,315.1037,110.2721,0.8962,1.0,0.6762,0.0238,-0.5244,10.8484,21.0,147,0,0,0
600,20.0,1,1,,3307.0,1,300.0,39.0,330.0,190.0,314.9153,110.5909,0.939,1.0,0.6855,0.0207,-0.4752,10.8671,21.0,149,1,0,0
601,20.0333,1,1,,3276.0,1,302.0,39.0,329.0,187.0,315.1441,109.9576,0.8565,1.0,0.7022,0.0253,-0.9338,10.5376,22.0,146,0,0,0
602,20.0667,1,1,,3267.0,1,302.0,39.0,329.0,186.0,315.1662,109.8219,0.8812,1.0,0.7253,0.0243,-0.4658,10.2438,21.0,145,0,0,0
603,20.1,1,1,,3261.0,1,302.0,39.0,329.0,186.0,315.1892,109.7559,0.908,1.0,0.7461,0.0217,-0.1179,10.0182,21.0,145,0,0,0
604,20.1333,1,1,,3268.0,1,302.0,39.0,329.0,186.0,315.213,109.7528,0.9237,0.9987,0.7625,0.0187,0.0349,9.891,21.0,145,0,0,0
605,20.1667,1,1,,3278.0,1,302.0,39.0,329.0,186.0,315.2148,109.8456,0.9301,0.9952,0.7754,0.0153,0.1297,9.8089,22.0,145,0,0,0
606,20.2,1,1,,3264.0,1,302.0,39.0,329.0,185.0,315.2577,109.5101,0.9312,0.9964,0.7764,0.0156,0.0973,9.7926,21.5,144,0,0,0
607,20.2333,1,1,,3269.0,1,302.0,39.0,329.0,185.0,315.2619,109.521,0.9374,0.998,0.7804,0.0136,0.0551,9.7966,22.0,144,0,0,0
608,20.2667,1,1,,3271.0,1,302.0,39.0,330.0,186.0,315.2247,109.7777,0.9152,0.9633,0.7823,0.0103,1.0089,9.8128,21.0,145,0,0,0
609,20.3,1,1,,3285.0,1,302.0,39.0,329.0,186.0,315.2651,110.2253,0.9435,0.9968,0.7857,0.0064,0.4639,9.8359,22.0,145,0,0,0
610,20.3333,1,1,,3293.0,1,302.0,39.0,329.0,187.0,315.239,110.4534,0.9367,0.9886,0.7893,0.0043,1.6847,9.8296,22.0,146,0,0,0
611,20.3667,1,1,,3289.0,1,302.0,39.0,330.0,187.0,315.2396,110.2977,0.9037,0.9516,0.79,0.005,1.7801,9.8158,21.5,146,0,0,0
612,20.4,1,1,,3245.0,1,302.0,39.0,330.0,185.0,315.2696,109.7054,0.9132,0.9635,0.7793,0.0088,1.0219,9.818,22.0,144,0,0,0
613,20.4333,1,1,,3330.0,1,302.0,39.0,330.0,186.0,315.1949,110.3129,0.9198,0.9666,0.7952,0.005,0.7956,9.8795,22.0,145,0,0,0
614,20.4667,1,1,,3332.0,1,302.0,39.0,330.0,185.0,315.1537,110.1612,0.9288,0.978,0.7906,0.0062,0.6171,9.9498,22.0,144,0,0,0
615,20.5,1,1,,3328.0,1,302.0,39.0,330.0,185.0,315.1445,109.9444,0.9346,0.9845,0.7843,0.0076,0.4329,10.0237,22.0,144,0,0,0
616,20.5333,1,1,,3395.0,1,301.0,39.0,330.0,188.0,314.985,110.8286,0.956,0.9732,0.7926,0.0028,2.8748,10.1225,22.0,147,0,0,0
617,20.5667,1,1,,3369.0,1,301.0,39.0,330.0,189.0,315.0567,110.9745,0.9488,0.9769,0.7694,0.0036,3.0144,10.2881,22.0,148,0,0,0
618,20.6,1,1,,3383.0,1,301.0,39.0,330.0,189.0,315.0902,110.9249,0.9492,0.9876,0.7565,0.0075,1.8593,10.4257,22.0,148,0,0,0
619,20.6333,1,1,,3385.0,1,301.0,39.0,330.0,189.0,315.0886,110.9321,0.9469,0.9953,0.7437,0.0112,0.7062,10.5304,22.0,148,0,0,0
620,20.6667,1,1,,3344.0,1,301.0,39.0,330.0,188.0,315.0954,110.8026,0.9362,1.0,0.7245,0.015,-0.2566,10.6102,22.0,147,0,0,0
621,20.7,1,1,,3347.0,1,302.0,39.0,330.0,188.0,315.1285,110.9689,0.8923,1.0,0.7159,0.0156,-0.4647,10.7037,22.0,147,0,0,0
622,20.7333,1,1,,3348.0,1,302.0,39.0,330.0,188.0,315.1186,111.0508,0.886,1.0,0.711,0.0152,-0.6095,10.7679,22.0,147,0,0,0
623,20.7667,1,1,,3339.0,1,302.0,39.0,330.0,188.0,315.127,111.2204,0.8857,1.0,0.7089,0.0127,-0.699,10.7969,22.0,147,0,0,0
624,20.8,1,1,,3355.0,1,302.0,39.0,330.0,187.0,315.27,110.8036,0.8832,1.0,0.715,0.0134,-0.7027,10.7968,22.0,146,0,0,0
625,20.8333,1,1,,3376.0,1,302.0,39.0,330.0,188.0,315.2586,111.3507,0.8954,1.0,0.7246,0.0108,-0.4555,10.7021,22.0,147,0,0,0
626,20.8667,1,1,,3383.0,1,302.0,39.0,330.0,188.0,315.2672,111.2489,0.8966,1.0,0.727,0.0148,-0.2584,10.6184,22.0,147,0,0,0
627,20.9,1,1,,3384.0,1,302.0,39.0,330.0,188.0,315.2923,111.3534,0.8959,1.0,0.7267,0.0182,-0.135,10.5431,22.0,147,0,0,0
628,20.9333,1,1,,3385.0,1,302.0,39.0,330.0,188.0,315.296,111.3631,0.8951,1.0,0.7263,0.0218,-0.0506,10.475,22.0,147,0,0,0
629,20.9667,1,1,,3386.0,1,302.0,39.0,330.0,188.0,315.2918,111.5487,0.8932,0.9989,0.7265,0.0234,0.0318,10.4091,22.0,147,0,0,0
630,21.0,1,1,,3339.0,1,302.0,39.0,330.0,188.0,315.4822,111.6487,0.8903,0.994,0.7207,0.025,0.1677,10.2993,22.0,147,0,0,0
631,21.0333,1,1,,3353.0,1,302.0,39.0,331.0,188.0,315.4414,111.4966,0.8652,0.9563,0.731,0.0261,1.2683,10.1967,22.0,147,0,0,0
632,21.0667,1,1,,3346.0,1,302.0,39.0,330.0,188.0,315.4196,111.6757,0.8982,0.9879,0.7373,0.024,0.3391,10.1101,22.0,147,0,0,0
633,21.1,1,1,,3254.0,1,303.0,39.0,331.0,185.0,315.6807,110.3334,0.8267,0.9498,0.7245,0.0303,1.4059,10.0413,22.0,144,0,0,0
634,21.1333,1,1,,3257.0,1,303.0,39.0,331.0,185.0,315.7169,110.4756,0.8347,0.9482,0.7348,0.0254,1.449,9.9841,22.0,144,0,0,0
635,21.1667,1,1,,3243.0,1,303.0,39.0,331.0,185.0,315.7647,110.7496,0.8429,0.9475,0.7403,0.0194,1.4697,9.9502,22.0,144,0,0,0
636,21.2,1,1,,3273.0,1,302.0,39.0,330.0,185.0,315.641,110.9426,0.9104,0.9825,0.754,0.0142,0.489,9.9371,22.0,144,0,0,0
637,21.2333,1,1,,3267.0,1,302.0,39.0,330.0,184.0,315.6474,110.73,0.9067,0.9834,0.7534,0.0124,0.464,9.9931,22.0,143,0,0,0
638,21.2667,1,1,,3285.0,1,302.0,39.0,330.0,184.0,315.6371,110.8521,0.9136,0.9886,0.7557,0.0085,0.3182,10.0849,22.0,143,0,0,0
639,21.3,1,1,,3368.0,1,302.0,39.0,330.0,188.0,314.9192,111.9902,0.9288,0.9841,0.7736,0.0036,1.4906,10.1705,22.0,147,0,0,0
640,21.3333,1,1,,3302.0,1,302.0,39.0,330.0,184.0,315.6024,110.8607,0.9292,0.9983,0.7581,0.0026,0.0472,10.2375,22.0,143,0,0,0
641,21.3667,1,1,,3308.0,1,302.0,39.0,330.0,184.0,315.6385,110.7198,0.9355,0.9999,0.7624,0.002,0.0031,10.2551,22.0,143,0,0,0
642,21.4,1,1,,3300.0,1,302.0,39.0,330.0,184.0,315.6524,110.7018,0.9404,1.0,0.7644,0.0022,-0.0292,10.2509,22.0,143,0,0,0
643,21.4333,1,1,,3298.0,1,302.0,39.0,330.0,184.0,315.6928,110.8347,0.9426,0.9973,0.7697,0.004,0.2131,10.2053,22.0,143,0,0,0
644,21.4667,1,1,,3304.0,1,302.0,39.0,330.0,184.0,315.6528,110.9355,0.9407,0.9932,0.7758,0.0054,0.5101,10.1663,22.0,143,0,0,0
645,21.5,1,1,,3302.0,1,302.0,39.0,330.0,184.0,315.6696,110.9294,0.9435,0.995,0.7749,0.0052,0.5721,10.1838,22.0,143,0,0,0
646,21.5333,1,1,,3289.0,1,302.0,39.0,330.0,184.0,315.6966,110.8772,0.9444,0.9985,0.7672,0.0037,0.1923,10.2226,22.0,143,0,0,0
647,21.5667,1,1,,3283.0,1,302.0,39.0,330.0,184.0,315.6878,110.8474,0.9406,1.0,0.7606,0.0023,-0.0191,10.2571,22.0,143,0,0,0
648,21.6,1,1,,3301.0,1,302.0,39.0,330.0,184.0,315.6174,110.7437,0.9357,1.0,0.7608,0.0025,-0.0079,10.2723,22.0,143,0,0,0
649,21.6333,1,1,,3327.0,1,302.0,39.0,331.0,184.0,315.6619,111.0054,0.9019,0.9586,0.7746,0.0026,1.2001,10.1445,22.0,143,0,0,0
650,21.6667,1,1,,3323.0,1,302.0,39.0,331.0,185.0,315.6964,110.8941,0.9055,0.953,0.7806,0.0037,1.3633,10.0398,22.0,144,0,0,0
651,21.7,1,1,,3298.0,1,302.0,39.0,331.0,183.0,315.7041,110.3181,0.8932,0.9504,0.7785,0.0073,1.4379,9.9806,22.0,142,0,0,0
652,21.7333,1,1,,3287.0,1,302.0,39.0,331.0,183.0,315.7408,110.2878,0.895,0.952,0.7749,0.0082,1.391,9.9742,22.0,142,0,0,0
653,21.7667,1,1,,3321.0,1,302.0,39.0,331.0,184.0,315.6697,110.9187,0.9024,0.9547,0.7799,0.005,1.3144,9.9902,22.0,143,0,0,0
654,21.8,1,1,,3321.0,1,302.0,39.0,331.0,184.0,315.6655,110.8856,0.9026,0.958,0.7747,0.0062,1.2173,10.0407,22.0,143,0,0,0
655,21.8333,1,1,,3330.0,1,302.0,39.0,331.0,184.0,315.6826,111.0447,0.9029,0.9604,0.7733,0.0098,1.1475,10.0889,22.0,143,0,0,0
656,21.8667,1,1,,3327.0,1,302.0,39.0,331.0,183.0,315.6982,110.9414,0.8955,0.9593,0.773,0.0129,1.1798,10.0998,22.5,142,0,0,0
657,21.9,1,1,,3341.0,1,302.0,39.0,331.0,184.0,315.642,110.7626,0.9019,0.9587,0.7777,0.0147,1.1979,10.1024,23.0,143,0,0,0
658,21.9333,1,1,,3343.0,1,302.0,39.0,331.0,184.0,315.6494,110.8361,0.9035,0.9596,0.7781,0.0096,1.1712,10.1142,23.0,143,0,0,0
659,21.9667,1,1,,3355.0,1,302.0,39.0,331.0,184.0,315.634,111.1154,0.9046,0.9605,0.7805,0.0045,1.1458,10.1242,23.0,143,0,0,0
660,22.0,1,1,,3341.0,1,302.0,39.0,331.0,184.0,315.6794,110.7716,0.905,0.9609,0.7769,0.0054,1.1346,10.131,23.0,143,0,0,0
661,22.0333,1,1,,3299.0,1,302.0,39.0,331.0,184.0,315.7226,110.5826,0.9054,0.9613,0.7669,0.0054,1.1234,10.1377,22.0,143,0,0,0
662,22.0667,1,1,,3307.0,1,302.0,39.0,331.0,184.0,315.7209,110.5467,0.9058,0.9616,0.7685,0.0044,1.1122,10.1445,22.0,143,0,0,0
663,22.1,1,1,,3331.0,1,302.0,39.0,331.0,185.0,315.6617,110.8625,0.9122,0.962,0.7738,0.0018,1.101,10.1512,23.0,144,0,0,0
664,22.1333,1,1,,3318.0,1,302.0,39.0,331.0,186.0,315.7318,111.2562,0.9054,0.9552,0.7705,0.0043,1.1094,10.158,22.0,145,0,0,0
665,22.1667,1,1,,3335.0,1,302.0,39.0,331.0,186.0,315.704,111.4432,0.919,0.9617,0.776,0.0015,1.0005,10.1532,22.0,145,0,0,0
666,22.2,1,1,,3322.0,1,302.0,39.0,331.0,185.0,315.724,111.1601,0.9215,0.9664,0.773,0.0016,0.9746,10.1584,22.0,144,0,0,0
667,22.2333,1,1,,3325.0,1,302.0,39.0,331.0,185.0,315.7402,111.2084,0.9232,0.9673,0.7736,0.0014,0.9488,10.1635,22.0,144,0,0,0
668,22.2667,1,1,,3319.0,1,302.0,39.0,331.0,185.0,315.8017,111.5526,0.9248,0.9682,0.7722,0.003,0.9229,10.1687,22.0,144,0,0,0
669,22.3,1,1,,3329.0,1,302.0,39.0,331.0,186.0,315.8354,111.7609,0.921,0.9628,0.7745,0.0046,0.9454,10.1739,22.0,145,0,0,0
670,22.3333,1,1,,3346.0,1,302.0,39.0,331.0,186.0,315.821,111.8443,0.9215,0.9631,0.7785,0.0054,1.0357,10.1791,22.0,145,0,0,0
671,22.3667,1,1,,3354.0,1,302.0,39.0,331.0,186.0,315.802,111.8956,0.922,0.9634,0.7803,0.006,1.126,10.1843,22.0,145,0,0,0
672,22.4,1,1,,3396.0,1,302.0,39.0,332.0,187.0,315.6726,111.3251,0.8873,0.9253,0.79,0.0025,2.2163,10.1895,23.0,146,0,0,0
673,22.4333,1,1,,3376.0,1,302.0,39.0,332.0,186.0,315.6822,111.2894,0.8935,0.9319,0.7854,0.0026,1.7937,10.1947,23.0,145,0,0,0
674,22.4667,1,1,,3451.0,1,302.0,39.0,331.0,190.0,314.9397,112.6668,0.9001,0.9387,0.8028,0.013,5.3969,10.1999,23.0,149,0,0,0
675,22.5,1,1,,3445.0,1,302.0,39.0,331.0,190.0,314.9106,112.7324,0.9006,0.939,0.8014,0.0139,5.4872,10.2051,22.0,149,0,0,0
676,22.5333,1,1,,3447.0,1,302.0,39.0,331.0,190.0,314.9196,112.8132,0.901,0.9393,0.8018,0.0147,5.5775,10.2103,23.0,149,0,0,0
677,22.5667,1,1,,3402.0,1,302.0,39.0,330.0,189.0,314.8401,112.3413,0.9186,0.9689,0.7913,0.0125,4.6678,10.2154,22.0,148,0,0,0
678,22.6,1,1,,3407.0,1,302.0,39.0,330.0,190.0,314.8107,112.5001,0.9117,0.9619,0.7925,0.0139,5.7581,10.2206,22.0,149,0,0,0
679,22.6333,1,1,,3406.0,1,302.0,39.0,330.0,190.0,314.8168,112.591,0.9106,0.9613,0.7922,0.0148,5.8484,10.2258,22.0,149,0,0,0
680,22.6667,1,1,,3415.0,1,302.0,39.0,330.0,190.0,314.7704,112.5265,0.9095,0.9607,0.7943,0.015,5.9388,10.231,22.0,149,0,0,0
681,22.7,1,1,,3446.0,1,302.0,39.0,330.0,191.0,314.7237,113.2028,0.9028,0.9538,0.8015,0.0196,7.0291,10.2362,22.0,150,0,0,0
682,22.7333,1,1,,3471.0,1,302.0,39.0,330.0,191.0,314.6914,113.6122,0.8957,0.9659,0.781,0.0121,5.1874,10.5747,23.0,150,0,0,0
683,22.7667,1,1,,3481.0,1,301.0,39.0,330.0,191.0,314.7305,113.5984,0.9114,0.9659,0.77,0.0104,4.8922,10.778,22.5,150,0,0,0
684,22.8,1,1,,3457.0,1,302.0,39.0,331.0,190.0,315.3769,112.5178,0.913,0.9717,0.762,0.0052,3.7157,10.822,22.0,149,0,0,0
685,22.8333,1,1,,3492.0,1,301.0,39.0,330.0,191.0,314.5727,113.4069,0.9029,0.9623,0.7706,0.0125,5.735,10.8307,22.0,150,0,0,0
686,22.8667,1,1,,3422.0,1,302.0,39.0,331.0,190.0,315.3583,112.3206,0.8938,0.9611,0.754,0.0089,5.8694,10.867,22.0,149,0,0,0
687,22.9,1,1,,3383.0,1,302.0,39.0,331.0,189.0,315.3207,111.8085,0.8903,0.9627,0.7449,0.0094,5.588,10.8909,22.0,148,0,0,0
688,22.9333,1,1,,3360.0,1,302.0,39.0,331.0,189.0,315.1786,111.5488,0.882,0.959,0.7382,0.011,6.1526,10.9261,21.0,148,0,0,0
689,22.9667,1,1,,3299.0,1,302.0,39.0,331.0,188.0,315.0188,110.4668,0.879,0.9616,0.7233,0.0072,5.7173,10.9612,21.0,147,0,0,0
690,23.0,1,1,,3287.0,1,302.0,39.0,331.0,188.0,315.0192,110.2157,0.8708,0.9578,0.7191,0.0086,6.2819,10.9963,21.0,147,0,0,0
691,23.0333,1,1,,3303.0,1,302.0,39.0,331.0,190.0,314.9376,110.7145,0.8513,0.9408,0.7211,0.0151,8.8466,11.0315,21.0,149,0,0,0
692,23.0667,1,1,,3287.0,1,302.0,39.0,331.0,189.0,314.7949,110.0274,0.8462,0.942,0.7161,0.0138,8.4112,11.0666,21.0,148,0,0,0
693,23.1,1,1,,3243.0,1,302.0,39.0,331.0,189.0,314.761,110.0907,0.8361,0.9369,0.705,0.0174,8.9759,11.1018,20.0,148,0,0,0
694,23.1333,1,1,,3264.0,1,302.0,39.0,332.0,190.0,314.6581,110.0849,0.7969,0.8948,0.7081,0.0207,10.5405,11.1369,21.0,149,0,0,0
695,23.1667,0,1,mask_escaped_box,3262.0,1,302.0,39.0,331.0,191.0,314.5812,110.3688,0.8069,0.9145,0.7063,0.0259,12.1052,11.1721,21.0,150,1,1,1
696,23.2,0,1,mask_escaped_box,3337.0,1,302.0,39.0,331.0,191.0,314.5364,110.2604,0.7975,0.9095,0.721,0.0284,12.6699,11.2072,21.0,150,0,0,2
697,23.2333,0,1,mask_escaped_box,3343.0,1,302.0,39.0,332.0,190.0,314.5148,110.1935,0.7696,0.8801,0.7208,0.0312,12.2345,11.2423,21.0,149,0,0,3
698,23.2667,0,0,no_track,,,,,,,,,,,,,,,,,,,
699,23.3,0,0,no_track,,,,,,,,,,,,,,,,,,,
700,23.3333,0,0,no_track,,,,,,,,,,,,,,,,,,,
701,23.3667,1,1,,2994.0,1,300.0,38.0,332.0,180.0,314.1483,104.1597,0.8379,0.9249,0.6404,0.0037,4.4931,11.3829,19.0,140,1,1,0
702,23.4,1,1,,3086.0,1,302.0,39.0,331.0,181.0,314.3535,105.2784,0.7873,0.9416,0.6588,0.0145,6.0578,11.418,20.0,140,0,0,0
703,23.4333,1,1,,3219.0,1,302.0,39.0,331.0,185.0,314.1998,107.5306,0.7602,0.9107,0.6858,0.0331,10.6224,11.4532,20.0,144,0,0,0
704,23.4667,1,1,,3191.0,1,302.0,39.0,331.0,185.0,314.1576,107.1492,0.7514,0.9056,0.6785,0.0339,11.1871,11.4883,20.0,144,0,0,0
705,23.5,1,1,,3163.0,1,302.0,39.0,331.0,184.0,314.1587,106.6955,0.7469,0.9067,0.6712,0.0341,10.7517,11.5235,20.0,143,0,0,0
706,23.5333,1,1,,3142.0,1,302.0,39.0,331.0,184.0,314.2209,107.1305,0.7382,0.9015,0.6655,0.0405,11.3164,11.5586,20.0,143,0,0,0
707,23.5667,0,1,mask_escaped_box,3134.0,1,302.0,39.0,331.0,185.0,314.358,107.3765,0.7255,0.8902,0.6625,0.0456,12.881,11.5938,20.0,144,0,0,1
708,23.6,0,0,no_box,,0,,,,,,,,,,,,,,0,0,0,0
709,23.6333,0,0,no_box,,0,,,,,,,,,,,,,,0,0,0,0
710,23.6667,0,0,no_box,,0,,,,,,,,,,,,,,0,0,0,0
711,23.7,0,0,no_box,,0,,,,,,,,,,,,,,0,0,0,0
712,23.7333,0,0,no_box,,0,,,,,,,,,,,,,,0,0,0,0
713,23.7667,0,0,no_box,,0,,,,,,,,,,,,,,0,0,0,0
714,23.8,0,0,no_box,,0,,,,,,,,,,,,,,0,0,0,0
715,23.8333,0,0,no_box,,0,,,,,,,,,,,,,,0,0,0,0
716,23.8667,0,0,no_box,,0,,,,,,,,,,,,,,0,0,0,0
717,23.9,0,0,no_box,,0,,,,,,,,,,,,,,0,0,0,0
718,23.9333,0,0,no_box,,0,,,,,,,,,,,,,,0,0,0,0
719,23.9667,0,0,no_box,,0,,,,,,,,,,,,,,0,0,0,0
720,24.0,0,0,no_box,,0,,,,,,,,,,,,,,0,0,0,0
721,24.0333,0,0,no_box,,0,,,,,,,,,,,,,,0,0,0,0
722,24.0667,0,0,no_box,,0,,,,,,,,,,,,,,0,0,0,0
723,24.1,0,0,no_box,,0,,,,,,,,,,,,,,0,0,0,0
724,24.1333,0,0,no_box,,0,,,,,,,,,,,,,,0,0,0,0
725,24.1667,0,0,no_box,,0,,,,,,,,,,,,,,0,0,0,0
726,24.2,0,0,no_box,,0,,,,,,,,,,,,,,0,0,0,0
727,24.2333,0,0,no_box,,0,,,,,,,,,,,,,,0,0,0,0
728,24.2667,0,0,no_box,,0,,,,,,,,,,,,,,0,0,0,0
729,24.3,0,0,no_box,,0,,,,,,,,,,,,,,0,0,0,0
730,24.3333,0,0,no_box,,0,,,,,,,,,,,,,,0,0,0,0
731,24.3667,0,0,no_box,,0,,,,,,,,,,,,,,0,0,0,0
732,24.4,0,0,no_box,,0,,,,,,,,,,,,,,0,0,0,0
733,24.4333,0,0,no_box,,0,,,,,,,,,,,,,,0,0,0,0
734,24.4667,0,0,no_box,,0,,,,,,,,,,,,,,0,0,0,0
735,24.5,0,0,no_box,,0,,,,,,,,,,,,,,0,0,0,0
736,24.5333,0,0,no_box,,0,,,,,,,,,,,,,,0,0,0,0
737,24.5667,0,0,no_box,,0,,,,,,,,,,,,,,0,0,0,0
738,24.6,0,0,no_box,,0,,,,,,,,,,,,,,0,0,0,0
739,24.6333,0,0,no_box,,0,,,,,,,,,,,,,,0,0,0,0
740,24.6667,0,0,no_box,,0,,,,,,,,,,,,,,0,0,0,0
741,24.7,0,0,no_box,,0,,,,,,,,,,,,,,0,0,0,0
742,24.7333,0,0,no_box,,0,,,,,,,,,,,,,,0,0,0,0
743,24.7667,0,0,no_box,,0,,,,,,,,,,,,,,0,0,0,0
744,24.8,0,0,no_box,,0,,,,,,,,,,,,,,0,0,0,0
745,24.8333,0,0,no_box,,0,,,,,,,,,,,,,,0,0,0,0
746,24.8667,0,0,no_box,,0,,,,,,,,,,,,,,0,0,0,0
747,24.9,0,0,no_box,,0,,,,,,,,,,,,,,0,0,0,0
748,24.9333,0,0,no_box,,0,,,,,,,,,,,,,,0,0,0,0
749,24.9667,0,0,no_box,,0,,,,,,,,,,,,,,0,0,0,0
750,25.0,1,1,,2329.0,1,302.0,39.0,332.0,145.0,315.9575,88.6599,0.3692,0.9428,0.2934,0.2999,1.64,11.1265,21.0,104,0,0,0
751,25.0333,1,1,,2291.0,1,302.0,39.0,332.0,144.0,315.9127,87.8874,0.3657,0.9417,0.289,0.3021,1.7488,11.0817,21.0,103,0,0,0
752,25.0667,1,1,,2242.0,1,302.0,39.0,332.0,143.0,316.0098,86.9139,0.3608,0.9385,0.283,0.3054,1.8444,11.0423,21.0,102,0,0,0
753,25.1,1,1,,2226.0,1,302.0,39.0,332.0,142.0,315.9901,86.5544,0.3565,0.9373,0.2807,0.3067,1.8804,11.0247,21.0,101,0,0,0
754,25.1333,1,1,,2215.0,1,302.0,39.0,332.0,142.0,316.0339,86.465,0.3558,0.9365,0.2791,0.3072,1.9048,11.0137,21.0,101,0,0,0
755,25.1667,1,1,,2195.0,1,302.0,39.0,332.0,141.0,316.1244,86.046,0.3516,0.9362,0.2761,0.3094,1.9151,11.016,21.0,100,0,0,0
756,25.2,1,1,,2156.0,1,302.0,38.0,334.0,141.0,316.4912,84.9754,0.3428,0.8703,0.2715,0.314,4.0119,10.9883,20.0,101,0,0,0
757,25.2333,1,1,,2143.0,1,302.0,38.0,334.0,141.0,316.5245,84.5623,0.3457,0.8708,0.272,0.3145,4.0966,10.8859,20.0,101,0,0,0
758,25.2667,1,1,,2150.0,1,302.0,38.0,334.0,141.0,316.5177,84.8712,0.3472,0.8704,0.2744,0.3123,4.1478,10.8137,20.0,101,0,0,0
759,25.3,1,1,,2138.0,1,302.0,38.0,334.0,142.0,316.573,84.9397,0.3519,0.8699,0.2743,0.3117,4.1618,10.746,20.0,102,0,0,0
760,25.3333,1,1,,2130.0,1,302.0,38.0,334.0,141.0,316.5531,84.6423,0.3503,0.8725,0.2735,0.3125,4.0799,10.7281,20.0,101,0,0,0
761,25.3667,1,1,,2131.0,1,302.0,38.0,334.0,142.0,316.5373,84.6391,0.3545,0.8741,0.2737,0.3122,4.029,10.7195,20.0,102,0,0,0
762,25.4,1,1,,2168.0,1,302.0,38.0,334.0,142.0,316.4663,85.4663,0.354,0.8742,0.2779,0.309,4.0261,10.7294,20.0,102,0,0,0
763,25.4333,1,1,,2130.0,1,302.0,38.0,334.0,141.0,316.3535,84.4066,0.3499,0.8736,0.2726,0.313,4.0447,10.7366,20.0,101,0,0,0
764,25.4667,1,1,,2406.0,1,301.0,39.0,335.0,144.0,315.8616,88.6958,0.3632,0.849,0.3082,0.2963,5.1343,10.7189,22.0,103,0,0,0
765,25.5,1,1,,2416.0,1,301.0,39.0,335.0,145.0,315.9205,89.0112,0.3654,0.8468,0.3097,0.2952,5.2081,10.7039,22.0,104,0,0,0
766,25.5333,1,1,,2422.0,1,301.0,39.0,335.0,145.0,315.7663,88.9277,0.3645,0.8444,0.311,0.2954,5.292,10.691,22.0,104,0,0,0
767,25.5667,1,1,,2404.0,1,301.0,39.0,335.0,145.0,315.8386,88.8012,0.3626,0.8397,0.3095,0.2957,5.4518,10.6727,22.0,104,0,0,0
768,25.6,1,1,,2391.0,1,301.0,39.0,333.0,143.0,315.8126,88.4228,0.3638,0.8888,0.3081,0.297,3.5595,10.6719,22.0,102,0,0,0
769,25.6333,1,1,,2401.0,1,301.0,39.0,334.0,144.0,315.8763,88.7959,0.3606,0.8612,0.3081,0.2956,4.581,10.7221,22.0,103,0,0,0
770,25.6667,1,1,,2406.0,1,301.0,39.0,334.0,145.0,315.8894,89.1018,0.3632,0.8631,0.3071,0.2944,4.5162,10.7782,22.0,104,0,0,0
771,25.7,1,1,,2420.0,1,301.0,39.0,334.0,145.0,315.8554,89.2,0.363,0.8654,0.3075,0.2941,4.4434,10.82,22.0,104,0,0,0
772,25.7333,1,1,,2413.0,1,301.0,39.0,334.0,145.0,315.828,89.0974,0.363,0.8675,0.3056,0.2946,4.3736,10.8535,22.0,104,0,0,0
773,25.7667,1,1,,2409.0,1,301.0,39.0,334.0,145.0,315.8298,89.0295,0.3629,0.8696,0.3039,0.295,4.3021,10.8909,22.0,104,0,0,0
774,25.8,1,1,,2425.0,1,301.0,39.0,334.0,145.0,315.781,89.3913,0.3628,0.8713,0.305,0.2937,4.2462,10.9219,22.0,104,0,0,0
775,25.8333,1,1,,2436.0,1,300.0,39.0,334.0,145.0,315.7274,89.5616,0.375,0.8769,0.3051,0.2931,4.1856,10.9621,22.0,104,0,0,0
776,25.8667,1,1,,2434.0,1,300.0,39.0,334.0,145.0,315.7264,89.5177,0.3747,0.8782,0.304,0.2934,4.1425,10.9911,22.0,104,0,0,0
777,25.9,1,1,,2422.0,1,301.0,39.0,333.0,145.0,315.6453,89.2713,0.3667,0.903,0.3018,0.2944,3.1054,11.013,22.0,104,0,0,0
778,25.9333,1,1,,2418.0,1,301.0,39.0,334.0,145.0,315.6691,89.2233,0.3617,0.876,0.3008,0.2948,4.0911,11.0315,22.0,104,0,0,0
779,25.9667,1,1,,2425.0,1,300.0,39.0,333.0,145.0,315.6111,89.4404,0.3787,0.9067,0.3013,0.2942,3.0793,11.044,22.0,104,0,0,0
780,26.0,1,1,,2354.0,1,301.0,39.0,333.0,143.0,315.5977,87.8696,0.3592,0.9038,0.2922,0.3006,3.0776,11.0495,21.0,102,0,0,0
781,26.0333,1,1,,2410.0,1,301.0,39.0,334.0,144.0,315.6166,89.0187,0.3571,0.8722,0.3005,0.2964,4.2181,11.0059,22.0,103,0,0,0
782,26.0667,1,1,,2409.0,1,301.0,39.0,333.0,144.0,315.6131,89.1789,0.3613,0.8947,0.3024,0.2958,3.3695,10.9372,22.0,103,0,0,0
783,26.1,1,1,,2363.0,1,301.0,39.0,333.0,143.0,315.4363,88.2768,0.3581,0.8913,0.2983,0.2993,3.4794,10.8811,22.0,102,0,0,0
784,26.1333,1,1,,2382.0,1,301.0,39.0,333.0,143.0,315.4433,88.4748,0.3574,0.8851,0.3031,0.2996,3.6776,10.8036,22.0,102,0,0,0
785,26.1667,1,1,,2381.0,1,301.0,39.0,334.0,144.0,315.4645,88.5233,0.3558,0.854,0.3048,0.3,4.8175,10.7471,22.0,103,0,0,0
786,26.2,1,1,,2046.0,1,302.0,39.0,333.0,135.0,316.0024,82.5122,0.3184,0.8736,0.2627,0.3233,3.9192,10.7218,21.0,94,0,0,0
787,26.2333,1,1,,2016.0,1,302.0,38.0,332.0,135.0,315.9797,81.938,0.3248,0.8997,0.2595,0.3251,2.9962,10.7003,21.0,95,0,0,0
788,26.2667,1,1,,2369.0,1,301.0,39.0,334.0,144.0,315.5534,88.1777,0.3545,0.8462,0.3062,0.3,5.0765,10.6564,22.0,103,0,0,0
789,26.3,1,1,,2010.0,1,302.0,38.0,333.0,134.0,315.9836,81.5652,0.3181,0.867,0.2605,0.3253,4.1231,10.6251,21.0,94,0,0,0
790,26.3333,1,1,,2023.0,1,302.0,38.0,333.0,134.0,315.9441,81.738,0.3182,0.8662,0.2626,0.3243,4.1468,10.6045,21.0,94,0,0,0
791,26.3667,1,1,,2003.0,1,302.0,38.0,332.0,134.0,315.8298,81.4393,0.3232,0.8953,0.2609,0.3259,3.1402,10.5669,21.0,94,0,0,0
792,26.4,1,1,,2390.0,1,302.0,39.0,332.0,146.0,315.8515,89.1079,0.3597,0.8955,0.3122,0.2962,3.1344,10.5396,21.0,105,0,0,0
793,26.4333,1,1,,2432.0,1,302.0,39.0,332.0,146.0,315.713,89.8553,0.3617,0.9008,0.3169,0.2929,2.9768,10.5657,22.0,105,0,0,0
794,26.4667,1,1,,2445.0,1,302.0,39.0,332.0,146.0,315.6581,90.1329,0.3633,0.9062,0.3173,0.2916,2.8128,10.6081,22.0,105,0,0,0
795,26.5,1,1,,2467.0,1,302.0,39.0,332.0,147.0,315.7402,90.439,0.3668,0.91,0.3184,0.2905,2.6986,10.6656,22.0,106,0,0,0
796,26.5333,1,1,,2068.0,1,302.0,39.0,332.0,144.0,316.2703,83.9749,0.3565,0.9128,0.2655,0.3161,2.6151,10.722,21.0,103,0,0,0
797,26.5667,1,1,,2496.0,2,302.0,39.0,332.0,147.0,315.7468,91.0493,0.3662,0.9151,0.3191,0.2886,2.5466,10.7631,22.0,106,0,0,0
798,26.6,1,1,,2162.0,1,302.0,39.0,332.0,145.0,316.2239,85.926,0.3594,0.9174,0.2752,0.3088,2.4778,10.808,21.0,104,0,0,0
799,26.6333,1,1,,2200.0,1,302.0,39.0,332.0,145.0,316.1455,86.7273,0.3591,0.9189,0.2792,0.3052,2.4321,10.8413,21.0,104,0,0,0
800,26.6667,1,1,,5931.0,1,299.0,38.0,334.0,290.0,315.5358,162.1914,0.8554,0.874,0.7507,0.0117,4.4108,10.8738,23.0,250,1,0,0
801,26.7,1,1,,5958.0,1,299.0,39.0,332.0,289.0,315.1851,162.8886,0.8986,0.9271,0.7532,0.0082,2.4058,10.8941,23.0,248,0,0,0
802,26.7333,1,1,,5952.0,1,299.0,39.0,332.0,289.0,315.1655,162.8187,0.8995,0.9253,0.7563,0.0082,2.4664,10.8444,23.0,248,0,0,0
803,26.7667,1,1,,5966.0,1,299.0,39.0,332.0,289.0,315.149,162.5952,0.9002,0.9236,0.7615,0.0088,2.5202,10.8009,23.0,248,0,0,0
804,26.8,1,1,,5940.0,1,299.0,39.0,332.0,289.0,315.2929,162.6692,0.9023,0.9232,0.7609,0.0085,2.5354,10.7644,23.0,248,0,0,0
805,26.8333,1,1,,5944.0,1,299.0,39.0,332.0,289.0,315.3042,162.6228,0.906,0.924,0.7634,0.0083,2.5089,10.7373,23.0,248,0,0,0
806,26.8667,1,1,,5945.0,1,299.0,39.0,332.0,289.0,315.2935,162.6715,0.9103,0.926,0.764,0.008,2.4433,10.7314,23.0,248,0,0,0
807,26.9,1,1,,5942.0,1,299.0,39.0,332.0,289.0,315.3095,162.901,0.9127,0.9271,0.7638,0.0073,2.405,10.7281,23.0,248,0,0,0
808,26.9333,1,1,,5929.0,1,299.0,39.0,332.0,289.0,315.2066,162.888,0.9144,0.9278,0.7626,0.0073,2.3822,10.721,23.0,248,0,0,0
809,26.9667,1,1,,5953.0,1,298.0,39.0,332.0,289.0,315.1755,162.5889,0.888,0.9004,0.7659,0.0085,2.3793,10.7152,23.0,248,0,0,0
810,27.0,1,1,,5942.0,1,298.0,39.0,332.0,289.0,315.2316,162.8443,0.8887,0.9013,0.7636,0.008,2.3902,10.7256,23.0,248,0,0,0
811,27.0333,1,1,,5996.0,1,298.0,39.0,333.0,289.0,315.1805,163.4465,0.8642,0.8762,0.7698,0.0061,3.4032,10.7338,23.0,248,0,0,0
812,27.0667,1,1,,6018.0,1,298.0,39.0,333.0,290.0,315.1386,163.4666,0.8682,0.8774,0.7715,0.0062,3.4322,10.7478,23.0,249,0,0,0
813,27.1,1,1,,6020.0,1,298.0,39.0,332.0,290.0,315.2007,163.635,0.8935,0.9035,0.7713,0.0061,2.4823,10.7513,23.0,249,0,0,0
814,27.1333,1,1,,6023.0,1,298.0,39.0,333.0,290.0,315.2336,163.7984,0.8681,0.8779,0.7711,0.0057,3.5114,10.7539,23.0,249,0,0,0
815,27.1667,1,1,,6014.0,1,297.0,39.0,333.0,289.0,315.1906,163.3966,0.8407,0.8532,0.7698,0.0066,3.5202,10.75,23.0,248,0,0,0
816,27.2,1,1,,6117.0,1,298.0,39.0,332.0,290.0,314.964,164.1954,0.8919,0.9032,0.7827,0.0038,2.5173,10.7478,23.0,249,0,0,0
817,27.2333,1,1,,6070.0,1,298.0,39.0,332.0,290.0,314.8667,164.3527,0.8928,0.9043,0.7755,0.0035,2.4985,10.7608,23.0,249,0,0,0
818,27.2667,1,1,,6074.0,1,297.0,39.0,332.0,290.0,314.8405,164.4457,0.8692,0.8802,0.7744,0.0036,2.4857,10.7828,23.0,249,0,0,0
819,27.3,1,1,,6100.0,1,297.0,39.0,332.0,290.0,314.9148,164.6889,0.8707,0.8817,0.7764,0.0036,2.4727,10.8013,23.0,249,0,0,0
820,27.3333,1,1,,6108.0,1,297.0,39.0,333.0,290.0,314.9527,164.6455,0.8508,0.8611,0.7742,0.0039,3.4257,10.8498,23.0,249,0,0,0
821,27.3667,1,1,,6120.0,1,297.0,39.0,333.0,290.0,314.993,164.9216,0.8555,0.8655,0.7722,0.0036,3.3415,10.905,23.0,249,0,0,0
822,27.4,1,1,,6136.0,1,297.0,39.0,333.0,290.0,314.9637,164.6923,0.8579,0.8674,0.7729,0.0037,3.3177,10.9298,23.0,249,0,0,0
823,27.4333,1,1,,6142.0,1,297.0,39.0,332.0,290.0,314.9668,164.3509,0.8827,0.8922,0.7743,0.0042,2.3223,10.9292,23.0,249,0,0,0
824,27.4667,1,1,,6146.0,1,297.0,39.0,333.0,290.0,314.9683,164.3583,0.8562,0.8646,0.7778,0.0041,3.4013,10.8943,23.0,249,0,0,0
825,27.5,1,1,,6168.0,1,297.0,39.0,333.0,290.0,314.9888,164.7349,0.8534,0.8614,0.784,0.0039,3.501,10.8533,23.0,249,0,0,0
826,27.5333,1,1,,6168.0,1,297.0,39.0,333.0,290.0,314.9721,164.3684,0.8516,0.8594,0.7859,0.0041,3.5404,10.8284,23.0,249,0,0,0
827,27.5667,1,1,,6196.0,1,297.0,39.0,333.0,290.0,314.9987,164.6562,0.8511,0.8589,0.7899,0.0041,3.5782,10.8223,23.0,249,0,0,0
828,27.6,1,1,,6214.0,1,297.0,38.0,332.0,290.0,314.9464,163.8293,0.8795,0.8845,0.7914,0.0054,2.5627,10.8355,23.0,250,0,0,0
829,27.6333,1,1,,6223.0,1,296.0,38.0,333.0,290.0,314.9712,163.973,0.8381,0.8426,0.7871,0.0053,3.5817,10.9114,23.0,250,0,0,0
830,27.6667,1,1,,6240.0,1,296.0,38.0,332.0,290.0,314.9513,163.8296,0.8683,0.873,0.7831,0.0055,2.5039,10.9993,23.0,250,0,0,0
831,27.7,1,1,,6245.0,1,297.0,38.0,332.0,290.0,314.9616,164.1041,0.8989,0.904,0.7784,0.0051,2.4216,11.0739,23.0,250,0,0,0
832,27.7333,1,1,,6223.0,1,297.0,38.0,332.0,290.0,314.9511,163.7763,0.9032,0.9084,0.7718,0.0057,2.3565,11.1279,23.0,250,0,0,0
833,27.7667,1,1,,6215.0,1,297.0,38.0,332.0,290.0,314.9435,163.8465,0.9024,0.9078,0.7712,0.0054,2.3474,11.1202,23.0,250,0,0,0
834,27.8,1,1,,6219.0,1,296.0,39.0,332.0,290.0,314.8677,164.3158,0.8727,0.881,0.7729,0.0045,2.3749,11.1005,23.0,249,0,0,0
835,27.8333,1,1,,6246.0,1,296.0,39.0,332.0,290.0,314.8934,164.4257,0.8713,0.88,0.7766,0.0047,2.4073,11.0886,24.0,249,0,0,0
836,27.8667,1,1,,6261.0,1,296.0,38.0,332.0,290.0,314.8824,164.3627,0.8732,0.8795,0.7782,0.0051,2.4591,11.0819,24.0,250,0,0,0
837,27.9,1,1,,6260.0,1,296.0,38.0,332.0,290.0,314.8647,164.3708,0.8721,0.8791,0.7778,0.0053,2.4869,11.077,24.0,250,0,0,0
838,27.9333,1,1,,6265.0,1,296.0,38.0,332.0,290.0,314.8019,164.0648,0.8698,0.8773,0.7795,0.006,2.4904,11.0543,24.0,250,0,0,0
839,27.9667,1,1,,6237.0,1,296.0,39.0,332.0,290.0,314.8831,164.9133,0.866,0.8767,0.7764,0.0044,2.4528,11.0467,24.0,249,0,0,0
840,28.0,1,1,,6302.0,1,295.0,39.0,332.0,290.0,314.6619,166.2269,0.8412,0.8512,0.7862,0.0055,3.0903,11.0231,24.0,249,0,0,0
841,28.0333,1,1,,6289.0,1,295.0,39.0,332.0,290.0,314.6643,166.1948,0.8391,0.8493,0.7861,0.0055,3.1568,10.9984,24.0,249,0,0,0
842,28.0667,1,1,,6283.0,1,295.0,39.0,332.0,290.0,314.7332,166.2865,0.8378,0.8484,0.7858,0.0061,3.1578,10.9861,24.0,249,0,0,0
843,28.1,1,1,,6293.0,1,294.0,39.0,332.0,290.0,314.7132,166.4953,0.8153,0.8256,0.787,0.0068,4.1407,10.9809,24.0,249,0,0,0
844,28.1333,1,1,,6332.0,1,292.0,39.0,332.0,290.0,314.6379,166.9514,0.7737,0.7833,0.7926,0.0082,6.1321,10.9665,24.0,249,0,0,0
845,28.1667,1,1,,6343.0,1,292.0,39.0,332.0,290.0,314.6026,166.997,0.772,0.7819,0.7949,0.0081,6.1253,10.9469,24.0,249,0,0,0
846,28.2,1,1,,6358.0,1,290.0,39.0,333.0,290.0,314.6235,167.983,0.7163,0.7252,0.7987,0.0112,8.1097,10.914,24.0,249,0,0,0
847,28.2333,1,1,,6368.0,1,290.0,39.0,333.0,290.0,314.6173,167.9449,0.7134,0.7226,0.8022,0.0105,8.1581,10.8752,24.0,249,0,0,0
848,28.2667,1,1,,6379.0,1,291.0,39.0,333.0,290.0,314.6004,167.6263,0.7261,0.736,0.8073,0.0089,7.2405,10.8186,24.0,249,0,0,0
849,28.3,1,1,,6367.0,1,290.0,39.0,333.0,290.0,314.6036,167.9405,0.7057,0.7152,0.8095,0.0097,8.313,10.7642,24.0,249,0,0,0
850,28.3333,1,1,,6386.0,1,290.0,39.0,333.0,290.0,314.5817,167.774,0.7032,0.7126,0.8151,0.0092,8.3695,10.7242,24.0,249,0,0,0
851,28.3667,1,1,,6338.0,1,292.0,39.0,333.0,290.0,314.6598,167.1642,0.7373,0.7472,0.8095,0.0076,6.3548,10.723,24.0,249,0,0,0
852,28.4,1,1,,6292.0,1,291.0,39.0,333.0,290.0,314.7517,167.1537,0.7205,0.7297,0.8039,0.0081,7.3401,10.7265,23.0,249,0,0,0
853,28.4333,1,1,,6324.0,1,292.0,39.0,334.0,290.0,314.7124,166.8982,0.7192,0.728,0.8103,0.0078,6.3217,10.702,23.0,249,0,0,0
854,28.4667,1,1,,6335.0,1,292.0,39.0,334.0,290.0,314.7163,166.7452,0.718,0.7263,0.8145,0.0073,6.3411,10.676,24.0,249,0,0,0
855,28.5,1,1,,6387.0,1,291.0,39.0,334.0,290.0,314.6008,167.168,0.6986,0.7061,0.8255,0.0092,7.3499,10.6268,24.0,249,0,0,0
856,28.5333,1,1,,6216.0,1,297.0,39.0,335.0,290.0,315.4403,165.6182,0.7868,0.7961,0.8067,0.0081,6.3743,10.5881,23.0,249,0,0,0
857,28.5667,1,1,,6205.0,1,298.0,39.0,335.0,290.0,315.5417,165.5286,0.8061,0.8155,0.8077,0.0086,6.4276,10.5607,23.0,249,0,0,0
858,28.6,1,1,,6258.0,1,297.0,39.0,335.0,290.0,315.5382,165.6355,0.7837,0.7923,0.8169,0.0091,6.4778,10.5369,23.0,249,0,0,0
859,28.6333,1,1,,6275.0,1,296.0,39.0,335.0,290.0,315.4886,165.989,0.7628,0.7705,0.8212,0.0098,6.5067,10.5172,23.0,249,0,0,0
860,28.6667,1,1,,6284.0,1,295.0,39.0,335.0,290.0,315.4309,166.242,0.7429,0.75,0.8242,0.0106,6.5983,10.4993,23.0,249,0,0,0
861,28.7,1,1,,6279.0,1,295.0,39.0,335.0,290.0,315.4243,166.2419,0.7417,0.7484,0.8258,0.0109,6.6503,10.477,23.0,249,0,0,0
862,28.7333,1,1,,6243.0,1,295.0,39.0,335.0,290.0,315.5201,166.1221,0.7409,0.7473,0.8226,0.0112,6.7096,10.4624,23.0,249,0,0,0
863,28.7667,1,1,,6230.0,1,295.0,39.0,334.0,290.0,315.5228,166.2721,0.7592,0.7654,0.8229,0.012,5.7364,10.447,23.0,249,0,0,0
864,28.8,1,1,,6064.0,1,298.0,39.0,335.0,290.0,315.7472,164.6896,0.7957,0.8017,0.8068,0.0098,6.8005,10.3823,23.0,249,0,0,0
865,28.8333,1,1,,6078.0,1,297.0,39.0,336.0,290.0,315.7749,164.6849,0.7522,0.757,0.8133,0.01,7.8483,10.3331,23.0,249,0,0,0
866,28.8667,1,1,,6127.0,1,297.0,39.0,335.0,290.0,315.6641,165.1107,0.7683,0.773,0.8244,0.0105,6.8706,10.2814,23.0,249,0,0,0
867,28.9,1,1,,6113.0,1,297.0,39.0,335.0,290.0,315.681,164.5611,0.7638,0.7685,0.8274,0.0098,6.971,10.2224,23.0,249,0,0,0
868,28.9333,1,1,,6164.0,1,296.0,39.0,335.0,290.0,315.5702,165.0028,0.7409,0.7455,0.8376,0.0105,7.046,10.1799,23.0,249,0,0,0
869,28.9667,1,1,,6174.0,1,295.0,39.0,335.0,289.0,315.5484,165.3204,0.7201,0.7264,0.8397,0.0114,7.1593,10.1697,23.0,248,0,0,0
870,29.0,1,1,,6204.0,1,294.0,39.0,335.0,289.0,315.4915,165.6946,0.7022,0.7083,0.844,0.0122,7.2364,10.1648,23.0,248,0,0,0
871,29.0333,1,1,,6211.0,1,294.0,39.0,335.0,289.0,315.4734,165.6915,0.7018,0.7082,0.8448,0.012,7.2775,10.1621,23.0,248,0,0,0
872,29.0667,1,1,,6215.0,1,294.0,39.0,335.0,289.0,315.4407,165.8563,0.7015,0.7081,0.8451,0.0122,7.2894,10.1615,23.0,248,0,0,0
873,29.1,1,1,,6196.0,1,294.0,39.0,335.0,289.0,315.4503,165.7942,0.7018,0.7086,0.8415,0.0118,7.263,10.1689,23.0,248,0,0,0
874,29.1333,1,1,,6190.0,1,293.0,39.0,335.0,289.0,315.4053,165.6976,0.6859,0.6926,0.8394,0.0116,7.2221,10.1809,23.0,248,0,0,0
875,29.1667,1,1,,6175.0,1,292.0,39.0,335.0,289.0,315.416,165.9402,0.6714,0.6779,0.8354,0.0124,7.1545,10.2028,23.0,248,0,0,0
876,29.2,1,1,,6183.0,1,293.0,38.0,334.0,289.0,315.4614,166.9523,0.7072,0.7124,0.8348,0.0157,6.0994,10.2228,24.0,249,0,0,0
877,29.2333,1,1,,6193.0,1,293.0,38.0,334.0,289.0,315.4799,166.798,0.7092,0.7139,0.8353,0.0151,6.0282,10.2438,24.0,249,0,0,0
878,29.2667,1,1,,6203.0,1,293.0,38.0,334.0,289.0,315.4823,166.5937,0.7114,0.7154,0.8359,0.0144,5.9283,10.2662,24.0,249,0,0,0
879,29.3,1,1,,6181.0,1,293.0,38.0,334.0,289.0,315.4606,166.7023,0.7133,0.7166,0.8327,0.0149,5.8634,10.2835,24.0,249,0,0,0
880,29.3333,1,1,,6237.0,1,293.0,38.0,334.0,289.0,315.385,166.566,0.7127,0.7155,0.8424,0.0146,5.8491,10.2674,24.0,249,0,0,0
881,29.3667,1,1,,6250.0,1,292.0,38.0,334.0,289.0,315.3366,166.5981,0.6952,0.6975,0.8461,0.0149,6.8535,10.253,24.0,249,0,0,0
882,29.4,1,1,,6253.0,1,292.0,38.0,334.0,289.0,315.3339,166.8833,0.6943,0.6963,0.8485,0.0162,6.8812,10.235,24.0,249,0,0,0
883,29.4333,1,1,,6294.0,1,293.0,38.0,334.0,290.0,315.2547,167.2703,0.7089,0.7105,0.8549,0.0175,5.9085,10.2296,24.0,250,0,0,0
884,29.4667,1,1,,6258.0,1,293.0,38.0,334.0,290.0,315.3217,167.2397,0.7097,0.7109,0.8498,0.0174,5.9633,10.2359,24.0,250,0,0,0
885,29.5,1,1,,6321.0,1,292.0,38.0,334.0,290.0,315.2731,168.0443,0.6931,0.6941,0.8585,0.0203,6.7398,10.2402,24.0,250,0,0,0
886,29.5333,1,1,,6346.0,1,292.0,38.0,334.0,290.0,315.2082,168.1142,0.6927,0.6937,0.8626,0.0206,6.6863,10.2358,24.0,250,0,0,0
887,29.5667,1,1,,6309.0,1,292.0,38.0,334.0,289.0,315.2181,167.7507,0.6943,0.6954,0.8588,0.0192,6.6486,10.2219,24.0,249,0,0,0
888,29.6,1,1,,6386.0,1,290.0,39.0,334.0,290.0,314.9264,169.5905,0.6581,0.6606,0.8704,0.0255,8.5997,10.2074,24.0,249,0,0,0
889,29.6333,1,1,,6365.0,1,290.0,39.0,334.0,290.0,315.0039,169.4052,0.659,0.6614,0.8666,0.0249,8.409,10.2169,24.0,249,0,0,0
890,29.6667,1,1,,6374.0,1,291.0,39.0,334.0,290.0,314.9981,169.4035,0.6748,0.6774,0.867,0.025,7.2901,10.2253,24.0,249,0,0,0
891,29.7,1,1,,6385.0,1,291.0,39.0,335.0,290.0,315.0034,169.4929,0.659,0.6616,0.8688,0.0255,7.4912,10.2198,24.0,249,0,0,0
892,29.7333,1,1,,6409.0,1,291.0,39.0,335.0,290.0,314.9672,169.7614,0.6584,0.6611,0.8723,0.0267,7.4455,10.2143,24.0,249,0,0,0
893,29.7667,1,1,,6405.0,1,291.0,39.0,336.0,290.0,314.9833,169.8395,0.6439,0.6465,0.8715,0.0269,8.3889,10.2146,24.0,249,0,0,0
894,29.8,1,1,,6428.0,1,291.0,39.0,337.0,290.0,314.9536,169.7609,0.6307,0.6332,0.8736,0.0265,9.3355,10.2256,24.0,249,0,0,0
895,29.8333,1,1,,6432.0,1,291.0,39.0,337.0,290.0,314.9544,169.8882,0.6314,0.634,0.873,0.0269,9.2905,10.2369,24.0,249,0,0,0
896,29.8667,1,1,,6427.0,1,291.0,39.0,337.0,290.0,314.944,169.969,0.6324,0.6354,0.8695,0.0279,9.191,10.2667,24.0,249,0,0,0
897,29.9,1,1,,6428.0,1,291.0,39.0,337.0,290.0,314.9357,170.0428,0.6334,0.6367,0.8673,0.0286,9.1237,10.2903,24.0,249,0,0,0
898,29.9333,1,1,,6429.0,1,290.0,39.0,337.0,290.0,314.9135,170.1686,0.6208,0.6242,0.8657,0.0293,9.0863,10.307,24.0,249,0,0,0
899,29.9667,1,1,,6434.0,1,290.0,39.0,337.0,290.0,314.9081,170.2541,0.6218,0.6252,0.8648,0.0296,9.0795,10.3223,24.0,249,0,0,0
900,30.0,0,1,mask_escaped_box,6546.0,1,282.0,39.0,334.0,290.0,314.5749,170.5136,0.5625,0.565,0.8811,0.0293,16.3785,10.3089,24.0,249,1,1,1
901,30.0333,0,1,mask_escaped_box,6570.0,1,282.0,39.0,334.0,290.0,314.5135,170.7411,0.5536,0.5557,0.8997,0.0292,16.9453,10.1338,24.0,249,0,0,2
902,30.0667,0,1,mask_escaped_box,6583.0,1,281.0,39.0,334.0,290.0,314.4376,170.9028,0.5356,0.5371,0.9167,0.0284,18.3948,9.9724,24.0,249,0,0,3
903,30.1,0,0,no_track,,,,,,,,,,,,,,,,,,,
904,30.1333,0,0,no_track,,,,,,,,,,,,,,,,,,,
905,30.1667,0,0,no_track,,,,,,,,,,,,,,,,,,,
906,30.2,1,1,,5945.0,1,300.0,38.0,331.0,290.0,315.296,164.0649,0.8835,0.8835,0.8614,0.006,3.4555,9.6124,23.0,250,1,1,0
907,30.2333,1,1,,6185.0,1,298.0,39.0,332.0,289.0,315.1895,165.1428,0.8021,0.8052,0.8994,0.008,4.52,9.5814,24.0,248,0,0,0
908,30.2667,1,1,,6190.0,1,296.0,39.0,330.0,290.0,314.4656,165.3226,0.7987,0.8011,0.9021,0.0072,4.1148,9.5636,24.0,249,0,0,0
909,30.3,1,1,,6159.0,1,296.0,39.0,330.0,290.0,314.5074,164.9812,0.7979,0.8004,0.8983,0.0063,4.1098,9.5578,24.0,249,0,0,0
910,30.3333,1,1,,6209.0,1,296.0,39.0,330.0,290.0,314.4009,164.755,0.7993,0.8016,0.9043,0.0054,4.0196,9.5742,24.0,249,0,0,0
911,30.3667,1,1,,6204.0,1,296.0,39.0,330.0,290.0,314.4075,164.9563,0.8024,0.8047,0.9003,0.0062,3.9489,9.613,24.0,249,0,0,0
912,30.4,1,1,,6202.0,1,296.0,39.0,330.0,290.0,314.4068,164.9956,0.8058,0.808,0.8963,0.0065,3.8627,9.6565,24.0,249,0,0,0
913,30.4333,1,1,,6214.0,1,296.0,39.0,330.0,290.0,314.3915,165.0769,0.809,0.8114,0.894,0.0071,3.8036,9.702,24.0,249,0,0,0
914,30.4667,1,1,,6226.0,1,296.0,39.0,330.0,290.0,314.377,165.0583,0.8114,0.8141,0.8926,0.0073,3.7664,9.7372,24.0,249,0,0,0
915,30.5,1,1,,6224.0,1,296.0,39.0,330.0,290.0,314.3715,165.0882,0.8132,0.816,0.89,0.0076,3.7356,9.7625,24.0,249,0,0,0
916,30.5333,1,1,,6242.0,1,296.0,39.0,330.0,290.0,314.3223,165.1572,0.8137,0.8167,0.8917,0.0079,3.7041,9.7712,24.0,249,0,0,0
917,30.5667,1,1,,6235.0,1,296.0,39.0,330.0,290.0,314.3086,165.203,0.814,0.817,0.8902,0.0082,3.6532,9.7763,24.0,249,0,0,0
918,30.6,1,1,,6237.0,1,296.0,39.0,330.0,290.0,314.3149,165.1687,0.8137,0.8167,0.8908,0.0082,3.6184,9.7742,24.0,249,0,0,0
919,30.6333,1,1,,6243.0,1,296.0,39.0,330.0,290.0,314.3308,165.1522,0.8135,0.8166,0.8918,0.0084,3.5786,9.7745,24.0,249,0,0,0
920,30.6667,1,1,,6248.0,1,296.0,39.0,330.0,290.0,314.3281,165.1868,0.8134,0.8164,0.8926,0.0087,3.5604,9.7759,24.0,249,0,0,0
921,30.7,1,1,,6222.0,1,296.0,39.0,330.0,290.0,314.3102,165.3668,0.8141,0.8171,0.8884,0.0093,3.5356,9.7842,24.0,249,0,0,0
922,30.7333,1,1,,6223.0,1,296.0,39.0,330.0,290.0,314.3002,165.3474,0.8149,0.8177,0.888,0.009,3.5231,9.7901,24.0,249,0,0,0
923,30.7667,1,1,,6225.0,1,297.0,39.0,330.0,290.0,314.2901,165.2432,0.8414,0.8443,0.8866,0.0085,2.5158,9.809,24.0,249,0,0,0
924,30.8,1,1,,6243.0,1,296.0,39.0,330.0,290.0,314.184,165.1983,0.8188,0.8215,0.887,0.0081,3.3706,9.8315,24.0,249,0,0,0
925,30.8333,1,1,,6242.0,1,296.0,39.0,330.0,290.0,314.1935,165.1559,0.8191,0.8221,0.8859,0.0087,3.1655,9.8438,24.0,249,0,0,0
926,30.8667,1,1,,6237.0,1,297.0,39.0,330.0,290.0,314.1959,165.1454,0.8454,0.8488,0.883,0.0094,2.8494,9.8694,24.0,249,0,0,0
927,30.9,1,1,,6247.0,1,297.0,39.0,330.0,290.0,314.2199,165.1883,0.8458,0.8493,0.8837,0.0101,2.9565,9.8793,24.0,249,0,0,0
928,30.9333,1,1,,6230.0,1,297.0,39.0,330.0,290.0,314.1978,165.0361,0.8463,0.8499,0.8806,0.0098,3.0104,9.8899,24.0,249,0,0,0
929,30.9667,1,1,,6223.0,1,297.0,39.0,330.0,290.0,314.1928,164.9658,0.8471,0.8507,0.8787,0.0098,3.0185,9.9012,24.0,249,0,0,0
930,31.0,1,1,,6229.0,1,297.0,39.0,330.0,289.0,314.2138,165.031,0.8514,0.8551,0.8785,0.01,2.9892,9.9132,24.0,248,0,0,0
931,31.0333,1,1,,6222.0,1,297.0,39.0,330.0,290.0,314.2142,164.9335,0.8489,0.8526,0.8766,0.0096,2.9278,9.9235,24.0,249,0,0,0
932,31.0667,1,1,,6208.0,1,296.0,39.0,330.0,290.0,314.2321,164.8847,0.824,0.8274,0.8748,0.0095,2.9056,9.9232,24.0,249,0,0,0
933,31.1,1,1,,6220.0,1,296.0,39.0,330.0,290.0,314.2072,164.877,0.8229,0.8263,0.8776,0.0094,2.8933,9.911,24.0,249,0,0,0
934,31.1333,1,1,,6224.0,1,296.0,39.0,330.0,289.0,314.2057,164.9557,0.8237,0.8271,0.8808,0.0097,2.9739,9.8826,24.0,248,0,0,0
935,31.1667,1,1,,6213.0,1,297.0,39.0,330.0,289.0,314.2174,164.802,0.8453,0.8488,0.8828,0.0092,3.0485,9.8429,24.0,248,0,0,0
936,31.2,1,1,,6247.0,1,296.0,39.0,330.0,290.0,314.1788,165.3685,0.8143,0.8176,0.8909,0.011,3.0997,9.8054,24.0,249,0,0,0
937,31.2333,1,1,,6250.0,1,296.0,39.0,330.0,290.0,314.1622,165.4466,0.8108,0.8139,0.8956,0.0108,3.0892,9.7569,24.0,249,0,0,0
938,31.2667,1,1,,6241.0,1,296.0,39.0,330.0,290.0,314.1469,165.3507,0.8084,0.8113,0.8974,0.0097,3.2466,9.7187,24.0,249,0,0,0
939,31.3,1,1,,6250.0,1,296.0,39.0,330.0,290.0,314.1522,165.3787,0.8067,0.8094,0.9011,0.0093,3.3444,9.6885,24.0,249,0,0,0
940,31.3333,1,1,,6258.0,1,296.0,39.0,330.0,290.0,314.116,165.2347,0.8051,0.8076,0.9044,0.0083,3.3942,9.6618,24.0,249,0,0,0
941,31.3667,1,1,,6269.0,1,296.0,39.0,330.0,290.0,314.0743,165.547,0.8032,0.8062,0.907,0.0091,3.3912,9.6311,24.0,249,0,0,0
942,31.4,1,1,,6267.0,1,296.0,39.0,330.0,290.0,314.0715,165.6523,0.8043,0.8077,0.9045,0.0089,3.3094,9.6271,24.0,249,0,0,0
943,31.4333,1,1,,6283.0,1,295.0,39.0,330.0,290.0,314.0326,165.7328,0.7821,0.7859,0.9043,0.0083,4.2493,9.6275,24.0,249,0,0,0
944,31.4667,1,1,,6342.0,1,298.0,39.0,331.0,289.0,314.7646,165.2015,0.8258,0.8345,0.9096,0.0082,4.2801,9.6389,24.0,248,0,0,0
945,31.5,1,1,,6294.0,1,295.0,39.0,330.0,290.0,314.0257,165.8499,0.7829,0.7896,0.8977,0.0071,4.1323,9.6724,24.0,249,0,0,0
946,31.5333,1,1,,6333.0,1,298.0,39.0,331.0,289.0,314.789,164.9741,0.8314,0.843,0.8957,0.0074,4.1564,9.7366,24.0,248,0,0,0
947,31.5667,1,1,,6330.0,1,298.0,39.0,331.0,289.0,314.7965,165.0226,0.8355,0.8483,0.8885,0.0073,4.0538,9.7979,24.0,248,0,0,0
948,31.6,1,1,,6313.0,1,298.0,39.0,331.0,289.0,314.86,165.1532,0.8387,0.8523,0.881,0.0074,3.9603,9.8446,24.0,248,0,0,0
949,31.6333,1,1,,6319.0,1,298.0,39.0,331.0,289.0,314.8283,165.1261,0.8387,0.8525,0.8816,0.0068,3.8228,9.846,24.0,248,0,0,0
950,31.6667,1,1,,6317.0,1,298.0,39.0,331.0,289.0,314.8572,165.0218,0.8387,0.8521,0.8821,0.0065,3.7358,9.8414,24.0,248,0,0,0
951,31.7,1,1,,6345.0,1,298.0,39.0,331.0,289.0,314.8358,165.2572,0.8385,0.8513,0.8875,0.0064,3.6956,9.8326,24.0,248,0,0,0
952,31.7333,1,1,,6324.0,1,298.0,39.0,331.0,289.0,314.876,165.1814,0.8382,0.8505,0.886,0.0065,3.6856,9.8235,24.0,248,0,0,0
953,31.7667,1,1,,6327.0,1,298.0,39.0,331.0,289.0,314.8713,165.3352,0.8378,0.8497,0.8878,0.0067,3.6928,9.8135,24.0,248,0,0,0
954,31.8,1,1,,6333.0,1,298.0,39.0,331.0,289.0,314.8607,165.3482,0.8368,0.8483,0.8905,0.0068,3.7346,9.7976,24.0,248,0,0,0
955,31.8333,1,1,,6349.0,1,298.0,39.0,331.0,289.0,314.8504,165.3292,0.8363,0.8475,0.8939,0.0069,3.7755,9.789,24.0,248,0,0,0
956,31.8667,1,1,,6354.0,1,298.0,39.0,331.0,289.0,314.8045,165.3193,0.836,0.8469,0.8955,0.0069,3.8067,9.7821,24.0,248,0,0,0
957,31.9,1,1,,6355.0,1,298.0,39.0,331.0,289.0,314.8055,165.2448,0.8361,0.8469,0.8959,0.0068,3.8112,9.7814,24.0,248,0,0,0
958,31.9333,1,1,,6358.0,1,298.0,39.0,331.0,289.0,314.8281,165.2274,0.8369,0.8477,0.8955,0.0069,3.8042,9.7904,24.0,248,0,0,0
959,31.9667,1,1,,6357.0,1,298.0,39.0,331.0,289.0,314.8244,165.3173,0.8372,0.848,0.895,0.007,3.8088,9.7946,24.0,248,0,0,0
960,32.0,1,1,,6328.0,1,298.0,39.0,331.0,289.0,314.8388,164.9254,0.8368,0.8476,0.8913,0.0066,3.8033,9.7899,24.0,248,0,0,0
961,32.0333,1,1,,6338.0,1,298.0,39.0,331.0,289.0,314.8425,164.758,0.8355,0.8465,0.8937,0.0065,3.7919,9.7768,24.0,248,0,0,0
962,32.0667,1,1,,6329.0,1,298.0,39.0,331.0,289.0,314.8491,164.7729,0.8368,0.8479,0.8909,0.0063,3.6794,9.7929,24.0,248,0,0,0
963,32.1,1,1,,6338.0,1,298.0,39.0,331.0,289.0,314.8324,164.7827,0.8385,0.8497,0.8901,0.0061,3.584,9.8142,24.0,248,0,0,0
964,32.1333,1,1,,6349.0,1,298.0,39.0,331.0,289.0,314.8208,164.6429,0.8399,0.8512,0.8901,0.0058,3.5134,9.8313,24.0,248,0,0,0
965,32.1667,1,1,,6347.0,1,298.0,39.0,331.0,289.0,314.8242,164.636,0.8403,0.8516,0.8893,0.0057,3.4766,9.8363,24.0,248,0,0,0
966,32.2,1,1,,6343.0,1,298.0,39.0,331.0,289.0,314.8327,164.5127,0.8406,0.852,0.8883,0.0055,3.4515,9.8405,24.0,248,0,0,0
967,32.2333,1,1,,6359.0,1,298.0,39.0,331.0,289.0,314.7973,164.668,0.8404,0.8519,0.8905,0.0055,3.4553,9.8395,24.0,248,0,0,0
968,32.2667,1,1,,6377.0,1,298.0,39.0,331.0,289.0,314.799,164.5667,0.8401,0.8518,0.893,0.0054,3.465,9.8378,24.0,248,0,0,0
969,32.3,1,1,,6382.0,1,298.0,39.0,331.0,289.0,314.7653,164.6012,0.8399,0.8517,0.8935,0.0053,3.4771,9.837,24.0,248,0,0,0
970,32.3333,1,1,,6374.0,1,298.0,39.0,331.0,289.0,314.7441,164.6734,0.8414,0.8536,0.89,0.0053,3.4497,9.8589,24.0,248,0,0,0
971,32.3667,1,1,,6364.0,1,298.0,39.0,331.0,289.0,314.739,164.6865,0.8432,0.8558,0.8859,0.0051,3.3984,9.8842,24.0,248,0,0,0
972,32.4,1,1,,6357.0,1,298.0,39.0,332.0,289.0,314.7164,164.5144,0.8208,0.833,0.882,0.0047,4.3166,9.9129,24.0,248,0,0,0
973,32.4333,1,1,,6359.0,1,298.0,39.0,332.0,289.0,314.7256,164.5021,0.8214,0.8344,0.88,0.0046,4.2551,9.9289,24.0,248,0,0,0
974,32.4667,1,1,,6359.0,1,298.0,39.0,332.0,289.0,314.7319,164.488,0.8209,0.8345,0.879,0.0044,4.2044,9.9306,24.0,248,0,0,0
975,32.5,1,1,,6356.0,1,298.0,39.0,332.0,289.0,314.7214,164.5138,0.82,0.8343,0.878,0.0042,4.1709,9.9278,24.0,248,0,0,0
976,32.5333,1,1,,6356.0,1,298.0,39.0,332.0,289.0,314.7259,164.5102,0.8192,0.8339,0.8777,0.0041,4.1576,9.924,24.0,248,0,0,0
977,32.5667,1,1,,6362.0,1,298.0,39.0,332.0,289.0,314.7468,164.6015,0.8185,0.8336,0.8785,0.0042,4.1626,9.9197,24.0,248,0,0,0
978,32.6,1,1,,6361.0,1,298.0,39.0,332.0,289.0,314.723,164.5821,0.8178,0.8331,0.8785,0.0042,4.2032,9.9143,24.0,248,0,0,0
979,32.6333,1,1,,6355.0,1,298.0,39.0,332.0,289.0,314.7457,164.5924,0.8165,0.8318,0.8789,0.0044,4.2473,9.899,24.0,248,0,0,0
980,32.6667,1,1,,6367.0,1,298.0,39.0,331.0,289.0,314.7033,164.7289,0.8399,0.8563,0.8813,0.0044,3.2829,9.8898,24.0,248,0,0,0
981,32.7,1,1,,6369.0,1,298.0,39.0,331.0,289.0,314.7076,164.6808,0.8404,0.8567,0.8811,0.0043,3.2601,9.8952,24.0,248,0,0,0
982,32.7333,1,1,,6369.0,1,298.0,39.0,331.0,289.0,314.7069,164.7549,0.8413,0.8575,0.8804,0.0043,3.2295,9.9046,24.0,248,0,0,0
983,32.7667,1,1,,6376.0,1,298.0,39.0,331.0,289.0,314.6929,164.7923,0.8424,0.8585,0.8806,0.0042,3.194,9.9157,24.0,248,0,0,0
984,32.8,1,1,,6376.0,1,298.0,39.0,331.0,289.0,314.7147,164.7621,0.8433,0.8593,0.8801,0.0042,3.1692,9.9246,25.0,248,0,0,0
985,32.8333,1,1,,6377.0,1,298.0,39.0,331.0,289.0,314.6897,164.9366,0.843,0.8582,0.8822,0.0045,3.2407,9.9117,25.0,248,0,0,0
986,32.8667,1,1,,6383.0,1,298.0,39.0,331.0,289.0,314.6906,164.9715,0.8432,0.8574,0.8849,0.0048,3.2949,9.9031,25.0,248,0,0,0
987,32.9,1,1,,6388.0,1,298.0,39.0,331.0,289.0,314.6875,164.9541,0.8436,0.8569,0.8873,0.005,3.3262,9.8972,25.0,248,0,0,0
988,32.9333,1,1,,6386.0,1,298.0,39.0,331.0,289.0,314.6932,164.9745,0.8441,0.8565,0.8884,0.0052,3.3438,9.8926,25.0,248,0,0,0
989,32.9667,1,1,,6386.0,1,298.0,39.0,331.0,289.0,314.6887,165.0085,0.8432,0.8548,0.8912,0.0055,3.3595,9.8731,25.0,248,0,0,0
990,33.0,1,1,,6382.0,1,298.0,39.0,331.0,289.0,314.6758,165.0215,0.8426,0.8534,0.893,0.0059,3.3744,9.8566,24.0,248,0,0,0
991,33.0333,1,1,,6386.0,1,298.0,39.0,331.0,289.0,314.6838,164.9317,0.8423,0.8525,0.8953,0.006,3.3819,9.8464,25.0,248,0,0,0
992,33.0667,1,1,,6392.0,1,298.0,39.0,331.0,289.0,314.6752,164.9717,0.8431,0.8529,0.8963,0.0064,3.3656,9.8508,25.0,248,0,0,0
993,33.1,1,1,,6410.0,1,298.0,39.0,331.0,289.0,314.6479,165.1,0.8439,0.8533,0.8988,0.0069,3.3525,9.8554,25.0,248,0,0,0
994,33.1333,1,1,,6402.0,1,298.0,39.0,331.0,289.0,314.6557,165.0208,0.8451,0.8545,0.8965,0.0066,3.314,9.8692,25.0,248,0,0,0
995,33.1667,1,1,,6411.0,1,298.0,39.0,331.0,289.0,314.6235,165.0594,0.8463,0.8558,0.8963,0.0066,3.2887,9.8842,25.0,248,0,0,0
996,33.2,1,1,,6417.0,1,298.0,39.0,331.0,289.0,314.7064,164.6802,0.8477,0.8573,0.8954,0.0059,3.3166,9.9021,25.0,248,0,0,0
997,33.2333,1,1,,6423.0,1,298.0,39.0,331.0,289.0,314.6953,164.6122,0.842,0.8517,0.902,0.0063,3.6248,9.8367,25.0,248,0,0,0
998,33.2667,1,1,,6430.0,1,298.0,39.0,331.0,289.0,314.7034,164.6023,0.8355,0.845,0.91,0.0067,3.8521,9.7602,25.0,248,0,0,0
999,33.3,1,1,,6429.0,1,298.0,39.0,331.0,289.0,314.7026,164.5999,0.8307,0.8402,0.9151,0.0069,3.9841,9.7044,25.0,248,0,0,0
1000,33.3333,1,1,,6194.0,2,299.0,38.0,331.0,290.0,314.5957,164.4448,0.8586,0.8627,0.8854,0.0063,4.0614,9.6625,24.0,250,1,0,0
1001,33.3667,1,1,,6225.0,1,298.0,39.0,330.0,290.0,314.1459,165.0157,0.8531,0.8602,0.8924,0.0062,3.0972,9.6337,24.0,249,0,0,0
1002,33.4,1,1,,6238.0,1,298.0,39.0,330.0,290.0,314.13,165.1209,0.852,0.8592,0.8952,0.0064,3.0758,9.6229,24.0,249,0,0,0
1003,33.4333,1,1,,6236.0,1,298.0,39.0,330.0,290.0,314.1286,165.1414,0.8515,0.8587,0.8954,0.0064,3.0511,9.6171,24.0,249,0,0,0
1004,33.4667,1,1,,6237.0,1,298.0,39.0,330.0,290.0,314.1148,165.0548,0.851,0.8583,0.8959,0.0061,3.0368,9.6126,24.0,249,0,0,0
1005,33.5,1,1,,6250.0,1,298.0,39.0,330.0,290.0,314.1158,165.2624,0.8504,0.8576,0.8984,0.0067,3.0298,9.605,24.0,249,0,0,0
1006,33.5333,1,1,,6251.0,1,298.0,39.0,330.0,290.0,314.1265,165.2676,0.8471,0.8543,0.902,0.0067,3.034,9.5681,24.0,249,0,0,0
1007,33.5667,1,1,,6259.0,1,298.0,39.0,330.0,290.0,314.1315,165.3272,0.8437,0.8509,0.9066,0.0067,3.0456,9.5303,24.0,249,0,0,0
1008,33.6,1,1,,6231.0,1,299.0,39.0,330.0,290.0,314.1356,165.186,0.8682,0.876,0.9049,0.0061,3.0533,9.5049,24.0,249,0,0,0
1009,33.6333,1,1,,6233.0,1,299.0,39.0,330.0,290.0,314.111,165.1593,0.8673,0.8751,0.9062,0.0058,3.0393,9.4947,24.0,249,0,0,0
1010,33.6667,1,1,,6231.0,1,299.0,39.0,330.0,290.0,314.1225,165.1536,0.8671,0.8746,0.9065,0.0054,2.9761,9.4897,24.0,249,0,0,0
1011,33.7,1,1,,6233.0,1,299.0,39.0,330.0,290.0,314.1255,165.1996,0.8667,0.8741,0.9076,0.0054,2.9329,9.4839,24.0,249,0,0,0
1012,33.7333,1,1,,6238.0,1,298.0,39.0,330.0,290.0,314.1258,165.2793,0.8388,0.8457,0.9096,0.0056,2.9326,9.4714,24.0,249,0,0,0
1013,33.7667,1,1,,6252.0,1,298.0,39.0,330.0,290.0,314.0925,165.3564,0.8377,0.8445,0.9128,0.0059,2.9467,9.4588,24.0,249,0,0,0
1014,33.8,1,1,,6249.0,1,298.0,39.0,330.0,290.0,314.0999,165.3053,0.8363,0.8433,0.9135,0.0057,2.9574,9.4449,24.0,249,0,0,0
1015,33.8333,1,1,,6248.0,1,299.0,39.0,330.0,290.0,314.1028,165.3139,0.8619,0.8698,0.9137,0.0057,2.9647,9.4369,24.0,249,0,0,0
1016,33.8667,1,1,,6244.0,1,299.0,39.0,330.0,290.0,314.1139,165.3333,0.8609,0.8692,0.9131,0.0056,2.9656,9.4312,24.0,249,0,0,0
1017,33.9,1,1,,6238.0,1,299.0,39.0,330.0,290.0,314.1238,165.3269,0.8593,0.8681,0.9127,0.0052,2.9444,9.4192,24.0,249,0,0,0
1018,33.9333,1,1,,6238.0,1,299.0,39.0,330.0,290.0,314.1321,165.2664,0.8577,0.867,0.9134,0.0046,2.9289,9.4064,24.0,249,0,0,0
1019,33.9667,1,1,,6242.0,1,299.0,39.0,330.0,290.0,314.137,165.3025,0.8566,0.8663,0.9142,0.0044,2.9031,9.3989,24.0,249,0,0,0
1020,34.0,1,1,,6259.0,1,299.0,39.0,330.0,290.0,314.1026,165.2631,0.8554,0.8653,0.9173,0.0039,2.8853,9.3887,24.0,249,0,0,0
1021,34.0333,1,1,,6275.0,1,299.0,39.0,330.0,290.0,314.0714,165.2261,0.8508,0.8608,0.9243,0.0037,2.968,9.3394,24.0,249,0,0,0
1022,34.0667,1,1,,6285.0,1,299.0,39.0,330.0,290.0,314.0508,165.2375,0.8469,0.857,0.9295,0.0036,3.0444,9.2988,24.0,249,0,0,0
1023,34.1,1,1,,6257.0,1,300.0,39.0,331.0,290.0,314.747,164.8969,0.843,0.8533,0.9291,0.0046,4.1042,9.2583,24.0,249,0,0,0
1024,34.1333,1,1,,6299.0,1,299.0,39.0,330.0,290.0,314.061,165.1569,0.8398,0.8502,0.9386,0.0032,3.165,9.2242,24.0,249,0,0,0
1025,34.1667,1,1,,6299.0,1,299.0,39.0,331.0,290.0,314.5704,164.9713,0.8108,0.8205,0.942,0.0042,4.2454,9.1899,24.0,249,0,0,0
1026,34.2,1,1,,6321.0,1,299.0,39.0,331.0,290.0,314.5474,164.9097,0.8087,0.8184,0.9477,0.004,4.2995,9.166,24.0,249,0,0,0
1027,34.2333,1,1,,6359.0,1,299.0,39.0,331.0,290.0,314.4325,165.1068,0.8074,0.8171,0.9548,0.004,4.3331,9.1519,24.0,249,0,0,0
1028,34.2667,1,1,,6361.0,1,299.0,39.0,331.0,290.0,314.4274,165.1352,0.807,0.8167,0.9557,0.0041,4.3468,9.1466,24.0,249,0,0,0
1029,34.3,1,1,,6360.0,1,299.0,39.0,331.0,290.0,314.4456,165.091,0.8069,0.8166,0.9557,0.004,4.3494,9.1457,24.0,249,0,0,0
1030,34.3333,1,1,,6367.0,1,299.0,39.0,331.0,290.0,314.4183,165.1932,0.8053,0.8149,0.9587,0.0042,4.3696,9.1272,24.0,249,0,0,0
1031,34.3667,1,1,,6381.0,1,299.0,39.0,331.0,290.0,314.436,165.1175,0.8036,0.8132,0.9628,0.004,4.3766,9.1076,24.0,249,0,0,0
1032,34.4,1,1,,6350.0,1,299.0,39.0,331.0,290.0,314.3887,165.6283,0.8023,0.812,0.9595,0.0053,4.3814,9.0942,24.0,249,0,0,0
1033,34.4333,1,1,,6357.0,1,299.0,39.0,331.0,290.0,314.3686,165.6877,0.8073,0.8169,0.955,0.0055,4.2608,9.1492,24.0,249,0,0,0
1034,34.4667,1,1,,6370.0,1,299.0,39.0,331.0,290.0,314.3898,165.4738,0.8123,0.8217,0.9518,0.0049,4.1429,9.2026,24.0,249,0,0,0
1035,34.5,1,1,,6360.0,1,299.0,39.0,331.0,290.0,314.4643,165.2382,0.8166,0.8258,0.9459,0.0044,4.0394,9.2494,24.0,249,0,0,0
1036,34.5333,1,1,,6344.0,1,299.0,39.0,331.0,290.0,314.5454,165.1173,0.8201,0.8291,0.9402,0.0043,3.9578,9.2859,24.0,249,0,0,0
1037,34.5667,1,1,,6332.0,1,299.0,39.0,331.0,290.0,314.6,165.0081,0.8227,0.8315,0.936,0.0042,3.9049,9.3131,24.0,249,0,0,0
1038,34.6,1,1,,6324.0,1,299.0,39.0,331.0,290.0,314.672,165.0359,0.8243,0.8328,0.9338,0.0045,3.8751,9.3277,24.0,249,0,0,0
1039,34.6333,1,1,,6324.0,1,300.0,39.0,331.0,290.0,314.6611,165.0255,0.8512,0.8601,0.9336,0.0044,3.8777,9.332,24.0,249,0,0,0
1040,34.6667,1,1,,6313.0,1,300.0,39.0,331.0,290.0,314.6788,164.9946,0.8528,0.8615,0.9307,0.0045,3.8823,9.3477,24.0,249,0,0,0
1041,34.7,1,1,,6294.0,1,300.0,39.0,331.0,290.0,314.7625,164.8151,0.8535,0.8622,0.9273,0.0045,3.8996,9.3545,24.0,249,0,0,0
1042,34.7333,1,1,,6279.0,1,300.0,39.0,331.0,290.0,314.7703,164.8723,0.8537,0.8619,0.9258,0.005,3.9848,9.3521,24.0,249,0,0,0
1043,34.7667,1,1,,6279.0,1,300.0,39.0,331.0,290.0,314.7869,164.9955,0.8538,0.8616,0.9268,0.0057,4.042,9.3482,24.0,249,0,0,0
1044,34.8,1,1,,6307.0,1,300.0,39.0,331.0,290.0,314.7227,165.0468,0.8557,0.8607,0.9354,0.0067,4.0931,9.3389,24.0,249,0,0,0
1045,34.8333,1,1,,6320.0,1,300.0,39.0,331.0,290.0,314.7366,164.9122,0.854,0.8582,0.941,0.0078,4.0688,9.3464,24.0,249,0,0,0
1046,34.8667,1,1,,6317.0,1,300.0,39.0,331.0,290.0,314.7459,164.9359,0.8515,0.8555,0.9437,0.0096,4.0239,9.3576,24.0,249,0,0,0
1047,34.9,1,1,,6316.0,1,300.0,39.0,331.0,290.0,314.7559,164.9326,0.848,0.852,0.9476,0.0112,3.9801,9.3544,24.0,249,0,0,0
1048,34.9333,1,1,,6316.0,1,300.0,39.0,331.0,290.0,314.7598,164.9536,0.845,0.8489,0.951,0.0127,3.9517,9.3497,24.0,249,0,0,0
1049,34.9667,1,1,,6372.0,1,299.0,39.0,330.0,290.0,314.089,165.3363,0.8425,0.8465,0.9621,0.0148,4.2991,9.3443,24.0,249,0,0,0
1050,35.0,1,1,,6414.0,1,298.0,39.0,330.0,290.0,314.0723,165.2421,0.8144,0.8181,0.9706,0.0152,4.676,9.3372,24.0,249,0,0,0
1051,35.0333,1,1,,6410.0,1,298.0,39.0,330.0,290.0,314.0643,165.2076,0.8073,0.811,0.9786,0.0154,4.8605,9.2622,24.0,249,0,0,0
1052,35.0667,1,1,,6402.0,1,298.0,39.0,330.0,290.0,314.0761,165.2181,0.8046,0.8081,0.9809,0.0155,4.9121,9.2319,24.0,249,0,0,0
1053,35.1,1,1,,6394.0,1,298.0,39.0,330.0,290.0,314.0718,165.2751,0.8031,0.8066,0.9816,0.0156,4.885,9.2131,24.0,249,0,0,0
1054,35.1333,1,1,,6392.0,1,298.0,39.0,330.0,290.0,314.0673,165.3248,0.8021,0.8055,0.9827,0.0156,4.801,9.1981,24.0,249,0,0,0
1055,35.1667,1,1,,6385.0,1,298.0,39.0,330.0,290.0,314.0525,165.3323,0.8012,0.8046,0.9828,0.0154,4.6987,9.1838,24.0,249,0,0,0
1056,35.2,1,1,,6332.0,1,298.0,39.0,330.0,290.0,314.0054,165.8211,0.8001,0.8035,0.976,0.0171,4.5805,9.1667,24.0,249,0,0,0
1057,35.2333,1,1,,6335.0,1,298.0,39.0,330.0,290.0,313.9787,165.8077,0.7939,0.798,0.982,0.0169,4.19,9.0895,24.0,249,0,0,0
1058,35.2667,1,1,,6334.0,1,298.0,39.0,330.0,290.0,313.9806,165.8158,0.7894,0.794,0.986,0.0159,3.5253,9.0193,24.0,249,0,0,0
1059,35.3,1,1,,6335.0,1,298.0,39.0,330.0,290.0,313.9785,165.7867,0.7869,0.7917,0.9887,0.0145,3.4181,8.9668,24.0,249,0,0,0
1060,35.3333,1,1,,6326.0,1,298.0,39.0,330.0,290.0,313.961,165.8071,0.7851,0.79,0.9893,0.0133,3.4519,8.9225,24.0,249,0,0,0
1061,35.3667,1,1,,6315.0,1,298.0,39.0,330.0,290.0,313.9376,165.7997,0.7835,0.7883,0.9897,0.0121,3.4793,8.8831,24.0,249,0,0,0
1062,35.4,1,1,,6277.0,1,299.0,39.0,330.0,289.0,314.6183,165.614,0.8111,0.8161,0.9848,0.0105,3.1953,8.8581,24.0,248,0,0,0
1063,35.4333,1,1,,6332.0,1,298.0,39.0,330.0,290.0,313.964,165.8181,0.7823,0.7869,0.9944,0.0104,3.5048,8.8399,24.0,249,0,0,0
1064,35.4667,1,1,,6288.0,1,299.0,39.0,330.0,289.0,314.6163,165.5956,0.8082,0.8142,0.9875,0.0093,3.2577,8.8338,24.0,248,0,0,0
1065,35.5,1,1,,6334.0,1,298.0,39.0,330.0,290.0,313.9638,165.8142,0.7827,0.7872,0.9945,0.0097,3.4999,8.8333,24.0,249,0,0,0
1066,35.5333,1,1,,6291.0,1,299.0,39.0,330.0,289.0,314.5953,165.592,0.8077,0.814,0.9878,0.009,3.248,8.8321,24.0,248,0,0,0
1067,35.5667,1,1,,6297.0,1,299.0,39.0,331.0,289.0,314.6475,165.3332,0.7828,0.7887,0.9887,0.0081,4.2318,8.8331,24.0,248,0,0,0
1068,35.6,1,1,,6264.0,1,299.0,39.0,331.0,289.0,314.7441,165.3293,0.783,0.7886,0.9838,0.0083,4.2195,8.8328,24.0,248,0,0,0
1069,35.6333,1,1,,6327.0,1,298.0,39.0,330.0,290.0,314.0074,165.8024,0.7824,0.787,0.9936,0.0099,3.5471,8.8323,24.0,249,0,0,0
1070,35.6667,1,1,,6299.0,1,299.0,39.0,331.0,289.0,314.6433,165.4032,0.7817,0.7877,0.99,0.0084,4.2531,8.8218,24.0,248,0,0,0
1071,35.7,1,1,,6290.0,1,299.0,39.0,331.0,289.0,314.6841,165.2665,0.7808,0.7869,0.9893,0.0078,4.2921,8.8136,24.0,248,0,0,0
1072,35.7333,1,1,,6334.0,1,298.0,39.0,330.0,290.0,314.0406,165.7289,0.7806,0.7851,0.9972,0.0091,3.5128,8.8036,24.0,249,0,0,0
1073,35.7667,1,1,,6310.0,1,299.0,39.0,331.0,289.0,314.5979,165.3743,0.7794,0.7855,0.994,0.0078,4.3606,8.798,24.0,248,0,0,0
1074,35.8,1,1,,6303.0,1,299.0,39.0,331.0,289.0,314.6378,165.2843,0.7791,0.7852,0.9934,0.0075,4.3743,8.7948,24.0,248,0,0,0
1075,35.8333,1,1,,6334.0,1,299.0,39.0,331.0,289.0,314.5475,165.3578,0.7776,0.7836,1.0006,0.0077,4.3652,8.7761,24.0,248,0,0,0
1076,35.8667,1,1,,6362.0,1,299.0,39.0,331.0,289.0,314.4915,165.3923,0.776,0.7818,1.0075,0.0079,4.3803,8.7563,24.0,248,0,0,0
1077,35.9,1,1,,6388.0,1,299.0,39.0,331.0,289.0,314.3637,165.739,0.775,0.7807,1.0132,0.0093,4.3949,8.744,24.0,248,0,0,0
1078,35.9333,1,1,,6380.0,1,299.0,39.0,331.0,289.0,314.3411,165.7812,0.7745,0.7802,1.0127,0.0095,4.4027,8.738,24.0,248,0,0,0
1079,35.9667,1,1,,6383.0,1,299.0,39.0,331.0,289.0,314.3541,165.7017,0.7742,0.7799,1.0136,0.0092,4.4078,8.7347,24.0,248,0,0,0
1080,36.0,1,1,,6392.0,1,299.0,39.0,331.0,289.0,314.3232,165.844,0.7738,0.7795,1.0155,0.0097,4.3767,8.7301,24.0,248,0,0,0
1081,36.0333,1,1,,6402.0,1,299.0,39.0,331.0,289.0,314.2938,165.8604,0.7751,0.7791,1.0203,0.0109,4.3474,8.7299,24.0,248,0,0,0
1082,36.0667,1,1,,6407.0,1,299.0,39.0,331.0,289.0,314.3034,165.7976,0.775,0.7789,1.0217,0.0124,4.3629,8.7597,24.0,248,0,0,0
1083,36.1,1,1,,6413.0,1,299.0,39.0,331.0,289.0,314.2927,165.7834,0.7741,0.7783,1.0228,0.0134,4.478,8.7661,24.0,248,0,0,0
1084,36.1333,1,1,,6425.0,1,299.0,39.0,331.0,289.0,314.2984,165.7552,0.7742,0.7786,1.0239,0.0134,4.5637,8.7677,24.0,248,0,0,0
1085,36.1667,1,1,,6428.0,1,299.0,39.0,331.0,289.0,314.2925,165.7592,0.7735,0.778,1.0251,0.0129,4.6646,8.7515,24.0,248,0,0,0
1086,36.2,1,1,,6444.0,1,298.0,39.0,331.0,290.0,314.2786,165.8074,0.747,0.7512,1.0279,0.0125,4.7278,8.7371,24.0,249,0,0,0
1087,36.2333,1,1,,6239.0,1,299.0,39.0,330.0,289.0,314.4616,164.971,0.7975,0.8022,0.9961,0.0088,3.7855,8.7188,24.0,248,0,0,0
1088,36.2667,1,1,,6231.0,1,299.0,39.0,330.0,289.0,314.4911,164.7933,0.7976,0.8022,0.995,0.0075,3.8189,8.7082,24.0,248,0,0,0
1089,36.3,1,1,,6427.0,1,299.0,39.0,331.0,290.0,314.3373,165.6395,0.7699,0.7742,1.0262,0.0101,4.829,8.7017,24.0,249,0,0,0
1090,36.3333,1,1,,6420.0,1,299.0,39.0,331.0,290.0,314.3181,165.7869,0.7702,0.7745,1.0247,0.0103,4.8246,8.6987,24.0,249,0,0,0
1091,36.3667,1,1,,6415.0,1,299.0,39.0,331.0,290.0,314.3143,165.81,0.7726,0.7769,1.0208,0.0101,4.7381,8.7215,24.0,249,0,0,0
1092,36.4,1,1,,6411.0,1,299.0,39.0,331.0,290.0,314.3102,165.8808,0.7752,0.7795,1.0166,0.0102,4.6434,8.7488,24.0,249,0,0,0
1093,36.4333,1,1,,6408.0,1,299.0,39.0,330.0,290.0,314.3013,165.8884,0.8042,0.8089,1.0109,0.0114,3.3823,8.8169,24.0,249,0,0,0
1094,36.4667,1,1,,6411.0,1,299.0,39.0,330.0,290.0,314.3012,165.9069,0.8064,0.8108,1.0092,0.013,3.2001,8.8688,24.0,249,0,0,0
1095,36.5,1,1,,6423.0,1,299.0,39.0,330.0,289.0,314.3139,165.7616,0.81,0.8143,1.0111,0.0141,3.103,8.9036,24.0,248,0,0,0
1096,36.5333,1,1,,6416.0,1,299.0,39.0,330.0,290.0,314.3033,165.9214,0.8048,0.809,1.0127,0.0164,3.7574,8.911,24.0,249,0,0,0
1097,36.5667,1,1,,6418.0,1,299.0,39.0,330.0,290.0,314.3074,165.9087,0.8026,0.8068,1.0158,0.0178,4.4723,8.9123,24.0,249,0,0,0
1098,36.6,1,1,,6416.0,1,299.0,39.0,330.0,290.0,314.2993,165.9065,0.8006,0.8048,1.0178,0.019,5.013,8.9104,24.0,249,0,0,0
1099,36.6333,1,1,,6416.0,1,299.0,39.0,330.0,290.0,314.2994,165.8901,0.798,0.8021,1.0215,0.0195,5.3504,8.8925,24.0,249,0,0,0
1100,36.6667,1,1,,6416.0,1,299.0,39.0,330.0,290.0,314.3031,165.8973,0.7957,0.7996,1.0248,0.0199,5.5339,8.8717,24.0,249,0,0,0
1101,36.7,1,1,,6411.0,1,299.0,39.0,330.0,290.0,314.2934,165.8411,0.794,0.7979,1.0264,0.0198,5.6174,8.855,24.0,249,0,0,0
1102,36.7333,1,1,,6420.0,1,299.0,39.0,330.0,290.0,314.296,165.809,0.7931,0.797,1.029,0.0197,5.6409,8.8459,24.0,249,0,0,0
1103,36.7667,1,1,,6417.0,1,299.0,39.0,330.0,290.0,314.3034,165.8485,0.7928,0.7967,1.0288,0.0199,5.6276,8.8422,24.0,249,0,0,0
1104,36.8,1,1,,6408.0,1,299.0,39.0,330.0,290.0,314.306,165.8419,0.7922,0.7962,1.0278,0.0199,5.5991,8.8362,24.0,249,0,0,0
1105,36.8333,1,1,,6406.0,1,299.0,39.0,330.0,290.0,314.3091,165.7953,0.794,0.798,1.025,0.0196,5.5265,8.8537,24.0,249,0,0,0
1106,36.8667,1,1,,6410.0,1,299.0,39.0,330.0,289.0,314.3162,165.7858,0.8,0.8042,1.0218,0.0194,4.4427,8.8833,24.0,248,0,0,0
1107,36.9,1,1,,6408.0,1,299.0,39.0,330.0,290.0,314.3163,165.8358,0.8,0.8042,1.0174,0.0194,5.3285,8.915,24.0,249,0,0,0
1108,36.9333,1,1,,6405.0,1,299.0,39.0,330.0,290.0,314.3144,165.8373,0.8012,0.8054,1.0153,0.0192,5.2328,8.9248,24.0,249,0,0,0
1109,36.9667,1,1,,6406.0,1,299.0,39.0,330.0,290.0,314.3205,165.8353,0.8019,0.8062,1.0145,0.019,5.1379,8.9299,24.0,249,0,0,0
1110,37.0,1,1,,6410.0,1,299.0,39.0,330.0,290.0,314.3122,165.853,0.8013,0.8057,1.0156,0.019,5.0743,8.9222,24.0,249,0,0,0
1111,37.0333,1,1,,6410.0,1,299.0,39.0,330.0,290.0,314.3086,165.8203,0.8008,0.8052,1.0161,0.0188,5.0095,8.9147,24.0,249,0,0,0
1112,37.0667,1,1,,6410.0,1,299.0,39.0,330.0,290.0,314.3086,165.8203,0.8007,0.8051,1.0162,0.0187,4.9474,8.9113,24.0,249,0,0,0
1113,37.1,1,1,,6413.0,1,299.0,39.0,330.0,290.0,314.3058,165.8701,0.8014,0.8059,1.0155,0.0189,4.9049,8.9185,24.0,249,0,0,0
1114,37.1333,1,1,,6410.0,1,299.0,39.0,330.0,290.0,314.312,165.8568,0.8026,0.8072,1.0134,0.0187,4.8633,8.9308,24.0,249,0,0,0
1115,37.1667,1,1,,6414.0,1,299.0,39.0,330.0,290.0,314.3042,165.8313,0.8062,0.8109,1.0093,0.0186,4.8527,8.9714,24.0,249,0,0,0
1116,37.2,1,1,,6399.0,1,299.0,39.0,330.0,290.0,314.3068,165.8662,0.8093,0.8141,1.003,0.0188,4.8549,9.0069,24.0,249,0,0,0
1117,37.2333,1,1,,6416.0,1,299.0,39.0,331.0,290.0,314.3064,165.7933,0.7873,0.7919,1.0012,0.0187,4.9073,9.0465,24.0,249,0,0,0
1118,37.2667,1,1,,6420.0,1,299.0,39.0,331.0,290.0,314.3017,165.8368,0.7908,0.7957,0.9969,0.0192,4.9902,9.0922,24.0,249,0,0,0
1119,37.3,1,1,,6422.0,1,299.0,39.0,331.0,290.0,314.2977,165.8493,0.7949,0.7998,0.9922,0.0193,5.049,9.1411,24.0,249,0,0,0
1120,37.3333,1,1,,6419.0,1,299.0,39.0,330.0,290.0,314.3033,165.8504,0.8237,0.8288,0.9879,0.0194,5.1059,9.1793,24.0,249,0,0,0
1121,37.3667,1,1,,6418.0,1,299.0,39.0,331.0,290.0,314.306,165.8264,0.7992,0.804,0.9865,0.0194,5.1551,9.1932,24.0,249,0,0,0
1122,37.4,1,1,,6417.0,1,299.0,39.0,331.0,290.0,314.3106,165.8479,0.7996,0.8044,0.9858,0.0195,5.1959,9.2001,24.0,249,0,0,0
1123,37.4333,1,1,,6414.0,1,299.0,39.0,331.0,290.0,314.321,165.7981,0.8,0.8048,0.9849,0.0194,5.2217,9.2053,24.0,249,0,0,0
1124,37.4667,1,1,,6418.0,1,299.0,39.0,331.0,290.0,314.3208,165.795,0.7987,0.8033,0.9875,0.0192,5.2063,9.1878,24.0,249,0,0,0
1125,37.5,1,1,,6417.0,1,299.0,39.0,331.0,290.0,314.3145,165.8185,0.7974,0.802,0.9891,0.0193,5.1978,9.1721,24.0,249,0,0,0
1126,37.5333,1,1,,6419.0,1,299.0,39.0,331.0,290.0,314.3184,165.7808,0.7965,0.8012,0.9903,0.0192,5.2226,9.1636,24.0,249,0,0,0
1127,37.5667,1,1,,6417.0,1,299.0,39.0,331.0,290.0,314.3146,165.7781,0.7965,0.8011,0.99,0.0193,5.2322,9.1638,24.0,249,0,0,0
1128,37.6,1,1,,6401.0,1,299.0,39.0,330.0,290.0,314.2821,165.8925,0.8218,0.8269,0.9874,0.0198,5.2372,9.1635,24.0,249,0,0,0
1129,37.6333,1,1,,6419.0,1,299.0,39.0,330.0,290.0,314.274,165.8885,0.817,0.8221,0.9959,0.0198,5.2241,9.1097,24.0,249,0,0,0
1130,37.6667,1,1,,6423.0,1,299.0,39.0,330.0,290.0,314.269,165.9223,0.8133,0.8182,1.0015,0.0197,5.15,9.0639,24.0,249,0,0,0
1131,37.7,1,1,,6419.0,1,299.0,39.0,330.0,290.0,314.2866,165.8508,0.8107,0.8153,1.0049,0.0191,5.0671,9.0281,24.0,249,0,0,0
1132,37.7333,1,1,,6423.0,1,299.0,39.0,330.0,290.0,314.2739,165.8666,0.8084,0.8128,1.0088,0.0189,5.0276,8.9992,24.0,249,0,0,0
1133,37.7667,1,1,,6425.0,1,299.0,39.0,330.0,290.0,314.2693,165.8837,0.8069,0.8113,1.011,0.019,5.0454,8.9833,24.0,249,0,0,0
1134,37.8,1,1,,6422.0,1,299.0,39.0,330.0,290.0,314.2633,165.8354,0.8064,0.8108,1.011,0.0189,5.0732,8.9791,24.0,249,0,0,0
1135,37.8333,1,1,,6426.0,1,299.0,39.0,330.0,290.0,314.2589,165.8232,0.8078,0.8124,1.0096,0.019,5.0981,8.9969,24.0,249,0,0,0
1136,37.8667,1,1,,6426.0,1,299.0,39.0,330.0,290.0,314.2589,165.8232,0.8109,0.8155,1.0057,0.019,5.1134,9.032,24.0,249,0,0,0
1137,37.9,1,1,,6429.0,1,299.0,39.0,330.0,290.0,314.2607,165.8211,0.8135,0.8181,1.0029,0.0191,5.1245,9.0616,24.0,249,0,0,0
1138,37.9333,1,1,,6432.0,1,299.0,39.0,330.0,290.0,314.2623,165.8285,0.8157,0.8204,1.0004,0.0192,5.141,9.0878,24.0,249,0,0,0
1139,37.9667,1,1,,6433.0,1,299.0,39.0,330.0,290.0,314.2643,165.8453,0.8169,0.8218,0.9987,0.0193,5.1303,9.1026,24.0,249,0,0,0
1140,38.0,1,1,,6409.0,1,299.0,39.0,330.0,289.0,314.2922,165.7644,0.8213,0.8264,0.9933,0.019,4.0981,9.1155,24.0,248,0,0,0
1141,38.0333,1,1,,6422.0,1,299.0,39.0,330.0,289.0,314.286,165.7305,0.819,0.8241,0.9979,0.0188,4.0479,9.0888,24.0,248,0,0,0
1142,38.0667,1,1,,6425.0,1,299.0,39.0,331.0,289.0,314.2967,165.7071,0.7915,0.7964,1.0008,0.0187,4.0118,9.0648,24.0,248,0,0,0
1143,38.1,1,1,,6426.0,1,299.0,39.0,331.0,289.0,314.286,165.7221,0.7899,0.7946,1.0033,0.0185,3.9481,9.0427,24.0,248,0,0,0
1144,38.1333,1,1,,6425.0,1,299.0,39.0,331.0,289.0,314.284,165.7178,0.7883,0.7928,1.0057,0.0183,3.9055,9.0206,24.0,248,0,0,0
1145,38.1667,1,1,,6424.0,1,299.0,39.0,331.0,289.0,314.2858,165.7281,0.7863,0.7907,1.0084,0.0182,3.8892,8.9956,24.0,248,0,0,0
1146,38.2,1,1,,6424.0,1,299.0,39.0,331.0,289.0,314.2858,165.7281,0.7847,0.789,1.0106,0.0182,3.8908,8.9767,24.0,248,0,0,0
1147,38.2333,1,1,,6426.0,1,299.0,39.0,330.0,289.0,314.281,165.7602,0.8102,0.8149,1.0103,0.0184,3.8864,8.9816,24.0,248,0,0,0
1148,38.2667,1,1,,6427.0,1,299.0,39.0,330.0,289.0,314.2787,165.7708,0.8109,0.8157,1.0093,0.0185,3.8792,8.9897,24.0,248,0,0,0
1149,38.3,1,1,,6426.0,1,299.0,39.0,330.0,289.0,314.2773,165.7415,0.8115,0.8164,1.0081,0.0184,3.8627,8.9975,24.0,248,0,0,0
1150,38.3333,1,1,,6425.0,1,299.0,39.0,330.0,289.0,314.2788,165.7595,0.8125,0.8175,1.0065,0.0185,3.8733,9.0093,24.0,248,0,0,0
1151,38.3667,1,1,,6423.0,1,299.0,39.0,330.0,289.0,314.2832,165.738,0.8134,0.8184,1.005,0.0185,3.8939,9.0204,24.0,248,0,0,0
1152,38.4,1,1,,6402.0,1,299.0,39.0,330.0,290.0,314.2937,165.8532,0.8109,0.8159,1.0008,0.0191,4.9455,9.0305,24.0,249,0,0,0
1153,38.4333,1,1,,6417.0,1,299.0,39.0,330.0,290.0,314.2819,165.866,0.8149,0.8201,0.9979,0.0194,5.0393,9.0799,24.0,249,0,0,0
1154,38.4667,1,1,,6420.0,1,299.0,39.0,330.0,290.0,314.2791,165.8858,0.819,0.8243,0.9932,0.0198,5.1447,9.1307,24.0,249,0,0,0
1155,38.5,1,1,,6422.0,1,299.0,39.0,330.0,290.0,314.2789,165.8933,0.8233,0.8286,0.9882,0.02,5.2398,9.1825,24.0,249,0,0,0
1156,38.5333,1,1,,6422.0,1,299.0,39.0,330.0,290.0,314.2828,165.9014,0.8284,0.8338,0.9821,0.0202,5.3102,9.2423,24.0,249,0,0,0
1157,38.5667,1,1,,6422.0,1,299.0,39.0,330.0,290.0,314.2789,165.9098,0.8336,0.8391,0.9759,0.0203,5.3512,9.3029,24.0,249,0,0,0
1158,38.6,1,1,,6425.0,1,299.0,39.0,330.0,290.0,314.2733,165.8934,0.8375,0.8431,0.9718,0.0202,5.3732,9.3473,24.0,249,0,0,0
1159,38.6333,1,1,,6427.0,1,299.0,39.0,330.0,290.0,314.2731,165.8875,0.8401,0.8457,0.9691,0.0203,5.3891,9.3766,24.0,249,0,0,0
1160,38.6667,1,1,,6425.0,1,299.0,39.0,330.0,290.0,314.2697,165.901,0.8417,0.8473,0.9669,0.0203,5.3858,9.3949,24.0,249,0,0,0
1161,38.7,1,1,,6422.0,1,299.0,39.0,330.0,290.0,314.2755,165.9223,0.8426,0.8482,0.9654,0.0204,5.3702,9.4046,24.0,249,0,0,0
1162,38.7333,1,1,,6429.0,1,299.0,39.0,331.0,290.0,314.2912,165.7785,0.8171,0.8224,0.9657,0.0198,5.356,9.4114,24.0,249,0,0,0
1163,38.7667,1,1,,6430.0,1,299.0,39.0,331.0,290.0,314.2933,165.7412,0.8167,0.822,0.9662,0.0196,5.3433,9.4072,24.0,249,0,0,0
1164,38.8,1,1,,6420.0,1,299.0,39.0,331.0,290.0,314.2882,165.84,0.8154,0.8207,0.9663,0.02,5.3338,9.3913,24.0,249,0,0,0
1165,38.8333,1,1,,6439.0,1,299.0,39.0,331.0,290.0,314.289,165.7889,0.8138,0.8191,0.9711,0.0198,5.3265,9.3725,24.0,249,0,0,0
1166,38.8667,1,1,,6442.0,1,299.0,39.0,331.0,290.0,314.2952,165.7623,0.8119,0.8171,0.9739,0.0197,5.3621,9.3512,24.0,249,0,0,0
1167,38.9,1,1,,6440.0,1,299.0,39.0,331.0,290.0,314.295,165.7745,0.8103,0.8154,0.9756,0.0199,5.4208,9.3345,24.0,249,0,0,0
1168,38.9333,1,1,,6439.0,1,299.0,39.0,331.0,290.0,314.2996,165.7424,0.8093,0.8144,0.9768,0.0199,5.4936,9.3256,24.0,249,0,0,0
1169,38.9667,1,1,,6438.0,1,299.0,39.0,331.0,290.0,314.3052,165.7199,0.8087,0.8138,0.9774,0.0199,5.5672,9.3211,24.0,249,0,0,0
1170,39.0,1,1,,6441.0,1,299.0,39.0,331.0,290.0,314.3017,165.7303,0.8078,0.8128,0.979,0.0201,5.6206,9.3123,24.0,249,0,0,0
1171,39.0333,1,1,,6448.0,1,299.0,39.0,331.0,290.0,314.2821,165.7913,0.8065,0.8116,0.9815,0.0204,5.6649,9.3,24.0,249,0,0,0
1172,39.0667,1,1,,6448.0,1,299.0,39.0,331.0,290.0,314.2779,165.7923,0.8053,0.8104,0.9829,0.0205,5.6931,9.2874,24.0,249,0,0,0
1173,39.1,1,1,,6447.0,1,299.0,39.0,331.0,290.0,314.2759,165.8011,0.805,0.8101,0.9832,0.0206,5.7085,9.2839,24.0,249,0,0,0
1174,39.1333,1,1,,6452.0,1,299.0,39.0,331.0,290.0,314.2739,165.8072,0.8049,0.81,0.9839,0.0207,5.7284,9.2844,24.0,249,0,0,0
1175,39.1667,1,1,,6446.0,1,299.0,39.0,331.0,290.0,314.276,165.7986,0.805,0.8102,0.9828,0.0207,5.7308,9.2857,24.0,249,0,0,0
1176,39.2,1,1,,6428.0,1,299.0,39.0,331.0,290.0,314.2512,166.0006,0.8052,0.8104,0.9797,0.0215,5.7227,9.2886,24.0,249,0,0,0
1177,39.2333,1,1,,6454.0,1,299.0,39.0,331.0,290.0,314.2251,166.0474,0.8069,0.8122,0.9812,0.0218,5.7407,9.31,24.0,249,0,0,0
1178,39.2667,1,1,,6458.0,1,299.0,39.0,331.0,289.0,314.2203,166.0573,0.8129,0.8185,0.978,0.022,4.7705,9.346,24.0,248,0,0,0
1179,39.3,1,1,,6461.0,1,299.0,39.0,331.0,289.0,314.23,165.9861,0.8152,0.821,0.9753,0.0218,4.7884,9.3746,24.0,248,0,0,0
1180,39.3333,1,1,,6459.0,1,299.0,39.0,331.0,289.0,314.2257,165.9845,0.8166,0.8225,0.9732,0.0219,4.7973,9.3919,24.0,248,0,0,0
1181,39.3667,1,1,,6456.0,1,299.0,39.0,330.0,289.0,314.2401,165.9401,0.8433,0.8496,0.9719,0.0218,4.8098,9.3994,24.0,248,0,0,0
1182,39.4,1,1,,6451.0,1,299.0,39.0,330.0,289.0,314.2335,166.0284,0.8439,0.8503,0.9703,0.0222,4.7948,9.406,24.0,248,0,0,0
1183,39.4333,1,1,,6452.0,1,299.0,39.0,330.0,289.0,314.2289,165.9814,0.8447,0.8511,0.9696,0.0219,4.7486,9.4131,24.0,248,0,0,0
1184,39.4667,1,1,,6453.0,1,299.0,39.0,330.0,290.0,314.23,166.0138,0.842,0.8484,0.9689,0.0219,5.6911,9.4184,24.0,249,0,0,0
1185,39.5,1,1,,6454.0,1,299.0,39.0,330.0,290.0,314.2278,166.0297,0.8425,0.8488,0.9686,0.0218,5.6346,9.4213,24.0,249,0,0,0
1186,39.5333,1,1,,6455.0,1,299.0,39.0,330.0,290.0,314.2225,166.0572,0.8424,0.8488,0.9686,0.0219,5.5992,9.4201,24.0,249,0,0,0
1187,39.5667,1,1,,6463.0,1,299.0,39.0,330.0,290.0,314.222,166.0478,0.8415,0.848,0.9707,0.0219,5.5761,9.4099,24.0,249,0,0,0
1188,39.6,1,1,,6433.0,1,298.0,39.0,330.0,290.0,314.2274,166.1533,0.8136,0.8197,0.9682,0.0223,5.5477,9.3883,24.0,249,0,0,0
1189,39.6333,1,1,,6454.0,1,298.0,39.0,330.0,290.0,314.2228,166.2275,0.8148,0.8212,0.9693,0.0228,5.5809,9.4062,24.0,249,0,0,0
1190,39.6667,1,1,,6459.0,1,298.0,39.0,330.0,290.0,314.2205,166.2234,0.8175,0.8238,0.9672,0.0226,5.5198,9.4335,24.0,249,0,0,0
1191,39.7,1,1,,6461.0,1,298.0,39.0,330.0,290.0,314.2207,166.2137,0.8197,0.8258,0.9652,0.0224,5.4896,9.4563,24.0,249,0,0,0
1192,39.7333,1,1,,6464.0,1,298.0,39.0,331.0,290.0,314.2234,166.1812,0.7967,0.8023,0.9642,0.0221,5.4514,9.4726,24.0,249,0,0,0
1193,39.7667,1,1,,6467.0,1,298.0,39.0,331.0,290.0,314.2173,166.1786,0.7975,0.803,0.964,0.0219,5.4322,9.4797,24.0,249,0,0,0
1194,39.8,1,1,,6455.0,1,299.0,39.0,331.0,290.0,314.2411,166.0203,0.8226,0.8285,0.9618,0.0212,5.4286,9.4839,24.0,249,0,0,0
1195,39.8333,1,1,,6457.0,1,299.0,39.0,331.0,290.0,314.2407,166.0291,0.825,0.8309,0.9592,0.0214,5.4632,9.5136,24.0,249,0,0,0
1196,39.8667,1,1,,6458.0,1,299.0,39.0,331.0,290.0,314.2426,166.0155,0.8268,0.8328,0.9571,0.0214,5.493,9.5362,24.0,249,0,0,0
1197,39.9,1,1,,6457.0,1,299.0,39.0,331.0,290.0,314.2407,166.0242,0.8281,0.8342,0.9554,0.0215,5.5191,9.5526,24.0,249,0,0,0
1198,39.9333,1,1,,6459.0,1,299.0,39.0,331.0,290.0,314.2403,166.0245,0.8287,0.8348,0.9549,0.0216,5.5392,9.5602,24.0,249,0,0,0
1199,39.9667,1,1,,6458.0,1,299.0,39.0,331.0,290.0,314.2465,166.041,0.8288,0.835,0.9545,0.0217,5.5565,9.5632,24.0,249,0,0,0
1200,40.0,1,1,,6214.0,2,300.0,38.0,331.0,289.0,314.6397,164.1967,0.8618,0.8654,0.9185,0.0144,4.5713,9.5638,24.0,249,1,0,0
1201,40.0333,1,1,,6257.0,2,296.0,39.0,329.0,290.0,314.1601,165.1349,0.7927,0.7981,0.9385,0.018,5.5661,9.4267,24.0,249,0,0,0
1202,40.0667,1,1,,6263.0,2,296.0,39.0,329.0,290.0,314.1563,165.1467,0.7836,0.7886,0.9511,0.0179,5.5776,9.3151,24.0,249,0,0,0
1203,40.1,1,1,,6274.0,2,296.0,39.0,329.0,290.0,314.1578,165.1753,0.7772,0.782,0.9611,0.018,5.6183,9.2384,24.0,249,0,0,0
1204,40.1333,1,1,,6278.0,2,296.0,39.0,329.0,290.0,314.162,165.1803,0.7733,0.7779,0.9669,0.0181,5.6864,9.1933,24.0,249,0,0,0
1205,40.1667,1,1,,6286.0,2,296.0,39.0,329.0,290.0,314.1567,165.2437,0.7707,0.7752,0.9716,0.0185,5.7609,9.1643,24.0,249,0,0,0
1206,40.2,1,1,,6291.0,2,296.0,39.0,329.0,290.0,314.1491,165.3254,0.7692,0.7737,0.9743,0.0189,5.8293,9.1482,24.0,249,0,0,0
1207,40.2333,1,1,,6297.0,2,296.0,39.0,329.0,290.0,314.1485,165.3754,0.7683,0.7728,0.9764,0.0193,5.8832,9.1397,24.0,249,0,0,0
1208,40.2667,1,1,,6300.0,2,296.0,39.0,329.0,290.0,314.146,165.3798,0.7679,0.7724,0.9773,0.0194,5.9215,9.1367,24.0,249,0,0,0
1209,40.3,1,1,,6301.0,2,296.0,39.0,329.0,290.0,314.1439,165.3884,0.7675,0.7721,0.9778,0.0195,5.9486,9.1339,24.0,249,0,0,0
1210,40.3333,1,1,,6305.0,2,296.0,39.0,329.0,290.0,314.14,165.3689,0.7667,0.7713,0.9794,0.0194,5.9527,9.1247,24.0,249,0,0,0
1211,40.3667,1,1,,6308.0,2,296.0,39.0,329.0,290.0,314.1419,165.3855,0.7665,0.7711,0.9802,0.0194,5.9292,9.1212,24.0,249,0,0,0
1212,40.4,1,1,,6297.0,2,296.0,39.0,329.0,290.0,314.1108,165.32,0.7666,0.7711,0.9784,0.0191,5.9076,9.121,24.0,249,0,0,0
1213,40.4333,1,1,,6299.0,2,296.0,39.0,329.0,290.0,314.1119,165.3586,0.7662,0.7709,0.9787,0.0195,5.9338,9.1194,24.0,249,0,0,0
1214,40.4667,1,1,,6306.0,2,296.0,39.0,329.0,290.0,314.12,165.3187,0.767,0.7722,0.9772,0.0184,5.608,9.1118,24.0,249,0,0,0
1215,40.5,1,1,,6309.0,2,296.0,39.0,329.0,290.0,314.1352,165.3054,0.7686,0.7741,0.9748,0.0166,5.5726,9.099,24.0,249,0,0,0
1216,40.5333,1,1,,6311.0,2,296.0,39.0,329.0,290.0,314.1314,165.3185,0.7713,0.777,0.9713,0.0149,5.5621,9.098,24.0,249,0,0,0
1217,40.5667,1,1,,6314.0,2,296.0,39.0,329.0,290.0,314.1334,165.3134,0.7737,0.7795,0.9685,0.0133,5.5799,9.0975,24.0,249,0,0,0
1218,40.6,1,1,,6308.0,2,296.0,39.0,329.0,290.0,314.1314,165.2858,0.7762,0.782,0.9647,0.0118,5.6083,9.1017,24.0,249,0,0,0
1219,40.6333,1,1,,6310.0,2,296.0,39.0,329.0,290.0,314.1307,165.3257,0.7774,0.7831,0.9638,0.0109,5.635,9.0968,24.0,249,0,0,0
1220,40.6667,1,1,,6316.0,2,296.0,39.0,329.0,290.0,314.1542,165.3919,0.7787,0.7843,0.9633,0.0105,5.6412,9.0993,24.0,249,0,0,0
1221,40.7,1,1,,6317.0,2,296.0,39.0,330.0,290.0,314.1521,165.2704,0.7562,0.7615,0.9632,0.0096,5.6519,9.095,24.0,249,0,0,0
1222,40.7333,1,1,,6314.0,2,296.0,39.0,329.0,290.0,314.15,165.2585,0.7794,0.785,0.9623,0.0093,5.6604,9.0954,24.0,249,0,0,0
1223,40.7667,1,1,,6316.0,2,296.0,39.0,330.0,290.0,314.1537,165.2321,0.757,0.7622,0.9622,0.009,5.6639,9.0962,24.0,249,0,0,0
1224,40.8,1,1,,6274.0,1,297.0,39.0,330.0,289.0,314.7549,164.8849,0.7811,0.7875,0.9556,0.0073,4.6682,9.0961,24.0,248,0,0,0
1225,40.8333,1,1,,6297.0,1,297.0,39.0,330.0,289.0,314.7593,164.7192,0.7803,0.7857,0.963,0.0078,4.7033,9.0871,24.0,248,0,0,0
1226,40.8667,1,1,,6306.0,1,297.0,39.0,330.0,289.0,314.7507,164.644,0.7767,0.7818,0.9695,0.0093,4.7448,9.0766,24.0,248,0,0,0
1227,40.9,1,1,,6310.0,1,297.0,39.0,330.0,289.0,314.7623,164.629,0.7735,0.7784,0.9746,0.0111,4.7753,9.0731,24.0,248,0,0,0
1228,40.9333,1,1,,6316.0,1,297.0,39.0,330.0,289.0,314.7535,164.6004,0.7717,0.7765,0.978,0.0127,4.7561,9.0837,24.0,248,0,0,0
1229,40.9667,1,1,,6317.0,1,297.0,39.0,330.0,289.0,314.7602,164.5637,0.7703,0.7752,0.9799,0.014,4.7327,9.0939,24.0,248,0,0,0
1230,41.0,1,1,,6315.0,1,297.0,39.0,330.0,289.0,314.769,164.5367,0.7702,0.7749,0.9801,0.0148,4.6979,9.1092,24.0,248,0,0,0
1231,41.0333,1,1,,6320.0,1,297.0,39.0,330.0,289.0,314.7631,164.5614,0.7695,0.7742,0.9818,0.0156,4.7348,9.1144,24.0,248,0,0,0
1232,41.0667,1,1,,6324.0,1,297.0,39.0,330.0,289.0,314.7568,164.5631,0.7691,0.7737,0.983,0.0162,4.975,9.1182,24.0,248,0,0,0
1233,41.1,1,1,,6337.0,1,297.0,39.0,330.0,289.0,314.7346,164.6027,0.769,0.7738,0.9847,0.0167,5.106,9.1241,24.0,248,0,0,0
1234,41.1333,1,1,,6343.0,1,297.0,39.0,330.0,289.0,314.7268,164.658,0.7709,0.7762,0.9817,0.0161,4.5533,9.1306,24.0,248,0,0,0
1235,41.1667,1,1,,6336.0,1,297.0,39.0,330.0,289.0,314.7418,164.602,0.7723,0.7775,0.9792,0.0151,4.549,9.133,24.0,248,0,0,0
1236,41.2,1,1,,6315.0,1,297.0,39.0,330.0,289.0,314.7622,164.5349,0.775,0.7802,0.9726,0.0146,4.5004,9.1608,24.0,248,0,0,0
1237,41.2333,1,1,,6317.0,1,297.0,39.0,330.0,289.0,314.7545,164.5811,0.7859,0.7912,0.9596,0.0147,4.3573,9.2897,24.0,248,0,0,0
1238,41.2667,1,1,,6321.0,1,297.0,39.0,330.0,289.0,314.7519,164.6353,0.7946,0.8,0.9497,0.015,4.2422,9.3945,24.0,248,0,0,0
1239,41.3,1,1,,6356.0,2,295.0,39.0,329.0,290.0,314.1229,165.1462,0.7747,0.7797,0.9474,0.0171,6.1583,9.472,24.0,249,0,0,0
1240,41.3333,1,1,,6345.0,2,295.0,39.0,329.0,290.0,314.092,165.1297,0.779,0.7839,0.9407,0.0171,6.0903,9.5247,24.0,249,0,0,0
1241,41.3667,1,1,,6334.0,2,295.0,39.0,329.0,290.0,314.1017,165.1272,0.7835,0.7885,0.9337,0.017,5.9599,9.5807,24.0,249,0,0,0
1242,41.4,1,1,,6329.0,2,295.0,39.0,329.0,290.0,314.0978,165.1206,0.7867,0.7918,0.9291,0.017,5.8512,9.6209,24.0,249,0,0,0
1243,41.4333,1,1,,6322.0,2,295.0,39.0,329.0,290.0,314.1036,165.1718,0.7888,0.7939,0.9256,0.0172,5.7777,9.6461,24.0,249,0,0,0
1244,41.4667,1,1,,6321.0,2,295.0,39.0,329.0,290.0,314.0979,165.1199,0.7898,0.7949,0.9242,0.0169,5.7164,9.6584,24.0,249,0,0,0
1245,41.5,1,1,,6317.0,2,295.0,39.0,329.0,290.0,314.094,165.1431,0.7894,0.7945,0.924,0.017,5.6746,9.6529,24.0,249,0,0,0
1246,41.5333,1,1,,6323.0,2,295.0,39.0,329.0,290.0,314.1055,165.2051,0.7881,0.7933,0.9262,0.0173,5.6425,9.6387,24.0,249,0,0,0
1247,41.5667,1,1,,6319.0,2,295.0,39.0,329.0,290.0,314.1097,165.1676,0.7865,0.7917,0.9275,0.0172,5.6341,9.6198,24.0,249,0,0,0
1248,41.6,1,1,,6310.0,2,295.0,39.0,329.0,290.0,314.0943,165.2664,0.7844,0.7897,0.9285,0.0176,5.6595,9.5948,24.0,249,0,0,0
1249,41.6333,1,1,,6318.0,2,295.0,39.0,329.0,290.0,314.1049,165.198,0.7774,0.7826,0.9381,0.0173,5.7617,9.5072,24.0,249,0,0,0
1250,41.6667,1,1,,6317.0,2,295.0,39.0,329.0,290.0,314.0948,165.23,0.7712,0.7765,0.9451,0.0159,5.8419,9.4026,24.0,249,0,0,0
1251,41.7,1,1,,6311.0,2,295.0,39.0,329.0,290.0,314.0949,165.1729,0.7676,0.7729,0.9482,0.0136,5.918,9.319,24.0,249,0,0,0
1252,41.7333,1,1,,6295.0,1,297.0,39.0,330.0,290.0,314.671,165.2446,0.7891,0.7949,0.9474,0.0119,3.971,9.2616,24.0,249,0,0,0
1253,41.7667,1,1,,6314.0,1,297.0,39.0,330.0,290.0,314.6615,165.208,0.7889,0.7947,0.9505,0.01,4.0151,9.2246,24.0,249,0,0,0
1254,41.8,1,1,,6320.0,1,297.0,39.0,330.0,290.0,314.6574,165.2131,0.7894,0.7952,0.9507,0.0086,4.0372,9.2041,24.0,249,0,0,0
1255,41.8333,1,1,,6322.0,1,297.0,39.0,330.0,290.0,314.6621,165.1851,0.7904,0.7961,0.9501,0.0075,4.0544,9.1958,24.0,249,0,0,0
1256,41.8667,1,1,,6326.0,1,297.0,39.0,330.0,289.0,314.6641,165.1192,0.7894,0.7961,0.9529,0.0073,4.1006,9.1954,24.0,248,0,0,0
1257,41.9,1,1,,6327.0,1,297.0,39.0,330.0,289.0,314.6701,165.1302,0.7914,0.796,0.9563,0.0085,4.1268,9.1994,24.0,248,0,0,0
1258,41.9333,1,1,,6323.0,1,297.0,39.0,330.0,289.0,314.6831,165.0968,0.7887,0.7932,0.9594,0.0102,4.1338,9.2027,24.0,248,0,0,0
1259,41.9667,1,1,,6328.0,1,297.0,39.0,330.0,289.0,314.6779,165.1136,0.7862,0.7906,0.9634,0.0121,4.135,9.2069,24.0,248,0,0,0
1260,42.0,1,1,,6297.0,1,297.0,39.0,330.0,289.0,314.7564,164.8136,0.7841,0.7885,0.9611,0.0126,4.1293,9.2123,24.0,248,0,0,0
1261,42.0333,1,1,,6315.0,1,297.0,39.0,330.0,289.0,314.7321,164.8608,0.7872,0.7918,0.9598,0.0141,4.0204,9.2735,24.0,248,0,0,0
1262,42.0667,1,1,,6325.0,1,297.0,39.0,330.0,289.0,314.7123,164.8756,0.7939,0.7985,0.9531,0.0151,3.9158,9.37,24.0,248,0,0,0
1263,42.1,1,1,,6328.0,1,297.0,39.0,330.0,289.0,314.716,164.9162,0.7991,0.8037,0.9475,0.0159,4.1857,9.441,24.0,248,0,0,0
1264,42.1333,1,1,,6329.0,1,297.0,39.0,330.0,289.0,314.7189,164.872,0.8025,0.8071,0.9437,0.016,4.3339,9.4869,24.0,248,0,0,0
1265,42.1667,1,1,,6332.0,1,297.0,39.0,330.0,289.0,314.7134,164.8503,0.8032,0.8084,0.9419,0.0155,3.8777,9.4837,24.0,248,0,0,0
1266,42.2,1,1,,6334.0,1,297.0,39.0,330.0,289.0,314.7097,164.8282,0.8048,0.8105,0.9391,0.0143,3.1938,9.4787,24.0,248,0,0,0
1267,42.2333,1,1,,6335.0,1,297.0,39.0,330.0,289.0,314.7118,164.8107,0.8067,0.8126,0.9364,0.0128,3.1674,9.4697,24.0,248,0,0,0
1268,42.2667,1,1,,6374.0,2,295.0,39.0,329.0,290.0,314.0926,165.2993,0.7814,0.7871,0.9402,0.0126,5.1855,9.4562,24.0,249,0,0,0
1269,42.3,1,1,,6310.0,1,297.0,39.0,330.0,289.0,314.7491,164.8444,0.8079,0.814,0.931,0.0101,3.2292,9.4272,24.0,248,0,0,0
1270,42.3333,1,1,,6365.0,2,295.0,39.0,329.0,290.0,314.1038,165.3051,0.7787,0.7842,0.9425,0.0099,5.3431,9.3726,24.0,249,0,0,0
1271,42.3667,1,1,,6356.0,2,295.0,39.0,329.0,290.0,314.0892,165.3203,0.7759,0.7813,0.9448,0.009,5.4356,9.3227,24.0,249,0,0,0
1272,42.4,1,1,,6305.0,2,295.0,39.0,329.0,290.0,314.1021,165.0815,0.7735,0.7788,0.9405,0.0075,5.5105,9.2826,24.0,249,0,0,0
1273,42.4333,1,1,,6304.0,2,295.0,39.0,329.0,290.0,314.0995,165.0777,0.7747,0.7798,0.9393,0.007,5.5891,9.2896,24.0,249,0,0,0
1274,42.4667,1,1,,6292.0,1,297.0,39.0,330.0,289.0,314.7772,164.7241,0.8001,0.8074,0.934,0.0064,3.5889,9.3258,24.0,248,0,0,0
1275,42.5,1,1,,6315.0,2,295.0,39.0,329.0,290.0,314.1089,165.0846,0.7809,0.7859,0.9339,0.0069,5.5609,9.3628,24.0,249,0,0,0
1276,42.5333,1,1,,6311.0,2,295.0,39.0,329.0,290.0,314.0965,165.1051,0.7831,0.7881,0.9308,0.0072,5.5253,9.3922,24.0,249,0,0,0
1277,42.5667,1,1,,6301.0,2,295.0,39.0,329.0,290.0,314.0962,165.0186,0.7847,0.7898,0.9273,0.007,5.49,9.4155,24.0,249,0,0,0
1278,42.6,1,1,,6287.0,1,297.0,39.0,330.0,289.0,314.7713,164.7091,0.8098,0.8164,0.9242,0.0068,3.4717,9.4297,24.0,248,0,0,0
1279,42.6333,1,1,,6297.0,2,295.0,39.0,329.0,290.0,314.1018,164.9622,0.7862,0.7912,0.925,0.0071,5.4561,9.4396,24.0,249,0,0,0
1280,42.6667,1,1,,6303.0,2,295.0,39.0,329.0,290.0,314.1063,164.9602,0.7863,0.7914,0.9257,0.0073,5.4484,9.4449,24.0,249,0,0,0
1281,42.7,1,1,,6289.0,1,297.0,39.0,330.0,289.0,314.7639,164.7194,0.8112,0.8172,0.9245,0.0072,3.4823,9.4384,24.0,248,0,0,0
1282,42.7333,1,1,,6290.0,1,297.0,39.0,330.0,289.0,314.7653,164.7178,0.8108,0.8166,0.9255,0.0073,3.5123,9.4318,24.0,248,0,0,0
1283,42.7667,1,1,,6291.0,1,297.0,39.0,330.0,289.0,314.7714,164.6826,0.8107,0.8165,0.9259,0.0073,3.5365,9.4302,24.0,248,0,0,0
1284,42.8,1,1,,6297.0,1,297.0,39.0,330.0,289.0,314.7783,164.67,0.8102,0.8159,0.9274,0.0073,3.5472,9.4238,24.0,248,0,0,0
1285,42.8333,1,1,,6299.0,1,297.0,39.0,330.0,289.0,314.7709,164.7295,0.8123,0.818,0.9255,0.0079,3.4555,9.4505,24.0,248,0,0,0
1286,42.8667,1,1,,6306.0,1,297.0,39.0,330.0,290.0,314.7691,164.7337,0.8097,0.8155,0.9256,0.0084,3.3822,9.4648,24.0,249,0,0,0
1287,42.9,1,1,,6307.0,1,297.0,39.0,330.0,290.0,314.781,164.7438,0.8102,0.8159,0.9251,0.0087,3.3342,9.4756,24.0,249,0,0,0
1288,42.9333,1,1,,6306.0,1,297.0,39.0,330.0,290.0,314.7796,164.7204,0.8105,0.8162,0.9248,0.0088,3.3107,9.482,24.0,249,0,0,0
1289,42.9667,1,1,,6318.0,1,297.0,39.0,330.0,290.0,314.7586,164.8085,0.8121,0.8179,0.9247,0.0092,3.3103,9.5045,24.0,249,0,0,0
1290,43.0,1,1,,6318.0,1,297.0,39.0,330.0,290.0,314.7586,164.8109,0.8153,0.8211,0.9211,0.0093,3.2367,9.5446,24.0,249,0,0,0
1291,43.0333,1,1,,6315.0,1,297.0,39.0,330.0,290.0,314.761,164.7832,0.8179,0.8237,0.9178,0.0093,3.1785,9.5765,24.0,249,0,0,0
1292,43.0667,1,1,,6320.0,1,297.0,39.0,330.0,290.0,314.7508,164.809,0.8198,0.8256,0.9163,0.0095,3.1338,9.6011,24.0,249,0,0,0
1293,43.1,1,1,,6324.0,1,297.0,39.0,330.0,290.0,314.7454,164.8208,0.821,0.8269,0.9155,0.0096,3.1039,9.6171,24.0,249,0,0,0
1294,43.1333,1,1,,6321.0,1,297.0,39.0,330.0,290.0,314.7515,164.8008,0.822,0.8277,0.9142,0.0096,3.0822,9.6283,24.0,249,0,0,0
1295,43.1667,1,1,,6325.0,1,297.0,39.0,330.0,290.0,314.7439,164.7806,0.8224,0.8281,0.9144,0.0095,3.07,9.6336,24.0,249,0,0,0
1296,43.2,1,1,,6298.0,1,297.0,39.0,330.0,290.0,314.7834,164.7266,0.8226,0.8284,0.9102,0.0094,3.0459,9.6366,24.0,249,0,0,0
1297,43.2333,1,1,,6307.0,1,297.0,39.0,330.0,290.0,314.7658,164.7144,0.8229,0.8287,0.9112,0.0094,3.0363,9.6403,24.0,249,0,0,0
1298,43.2667,1,1,,6305.0,1,297.0,39.0,330.0,290.0,314.7664,164.7372,0.8217,0.8277,0.9116,0.0097,3.0089,9.6301,24.0,249,0,0,0
1299,43.3,1,1,,6357.0,2,295.0,39.0,329.0,290.0,314.1444,165.314,0.7978,0.8037,0.9185,0.0114,4.9811,9.6331,24.0,249,0,0,0
1300,43.3333,1,1,,6305.0,1,297.0,39.0,330.0,290.0,314.7627,164.822,0.8219,0.8282,0.9107,0.0102,2.9404,9.6334,24.0,249,0,0,0
1301,43.3667,1,1,,6362.0,2,295.0,39.0,329.0,290.0,314.1542,165.3655,0.7969,0.8029,0.92,0.0116,4.9082,9.6201,24.0,249,0,0,0
1302,43.4,1,1,,6301.0,1,297.0,39.0,330.0,290.0,314.7627,164.8778,0.8198,0.8261,0.9122,0.0105,2.9042,9.6065,24.0,249,0,0,0
1303,43.4333,1,1,,6301.0,1,297.0,39.0,330.0,290.0,314.7627,164.8513,0.8192,0.8256,0.9128,0.0103,2.919,9.5988,24.0,249,0,0,0
1304,43.4667,1,1,,6309.0,1,297.0,39.0,330.0,290.0,314.7524,164.8721,0.8189,0.8253,0.9143,0.0103,2.9313,9.594,24.0,249,0,0,0
1305,43.5,1,1,,6313.0,1,297.0,39.0,330.0,290.0,314.7437,164.8863,0.8184,0.8248,0.9154,0.0103,2.892,9.5848,24.0,249,0,0,0
1306,43.5333,1,1,,6309.0,1,297.0,39.0,330.0,290.0,314.757,164.8364,0.8186,0.8249,0.9147,0.0101,2.8275,9.5835,24.0,249,0,0,0
1307,43.5667,1,1,,6317.0,1,297.0,39.0,330.0,290.0,314.7366,164.8886,0.8188,0.8251,0.9157,0.0102,2.8307,9.5831,24.0,249,0,0,0
1308,43.6,1,1,,6300.0,1,297.0,39.0,330.0,290.0,314.7817,164.8727,0.8186,0.8249,0.9135,0.011,2.8572,9.6017,24.0,249,0,0,0
1309,43.6333,1,1,,6366.0,2,295.0,39.0,329.0,290.0,314.1533,165.3985,0.7957,0.8016,0.9222,0.0135,4.9354,9.6425,24.0,249,0,0,0
1310,43.6667,1,1,,6367.0,2,295.0,39.0,329.0,290.0,314.1481,165.4043,0.7969,0.8027,0.921,0.0151,5.0285,9.6877,24.0,249,0,0,0
1311,43.7,1,1,,6362.0,2,295.0,39.0,329.0,290.0,314.1421,165.4233,0.7977,0.8035,0.9194,0.0166,5.0744,9.7252,24.0,249,0,0,0
1312,43.7333,1,1,,6359.0,2,295.0,39.0,329.0,290.0,314.1475,165.3908,0.7982,0.8041,0.9183,0.0176,5.0839,9.7532,24.0,249,0,0,0
1313,43.7667,1,1,,6353.0,2,295.0,39.0,329.0,290.0,314.1473,165.4513,0.7984,0.8044,0.917,0.0187,5.1584,9.773,24.0,249,0,0,0
1314,43.8,1,1,,6351.0,2,295.0,39.0,329.0,290.0,314.1427,165.4629,0.7996,0.8056,0.9152,0.0193,5.4301,9.7987,24.0,249,0,0,0
1315,43.8333,1,1,,6353.0,2,295.0,39.0,329.0,290.0,314.1291,165.5377,0.8006,0.8066,0.9143,0.02,5.5915,9.8176,24.0,249,0,0,0
1316,43.8667,1,1,,6349.0,2,295.0,39.0,329.0,290.0,314.1292,165.5321,0.8014,0.8075,0.9129,0.0201,5.6422,9.8298,24.0,249,0,0,0
1317,43.9,1,1,,6348.0,2,295.0,39.0,329.0,290.0,314.1388,165.5402,0.8023,0.8084,0.9117,0.02,5.6279,9.8402,24.0,249,0,0,0
1318,43.9333,1,1,,6347.0,2,295.0,39.0,329.0,290.0,314.1371,165.5645,0.8043,0.8103,0.9094,0.0199,5.5507,9.8609,24.0,249,0,0,0
1319,43.9667,1,1,,6343.0,2,295.0,39.0,329.0,290.0,314.137,165.5395,0.8066,0.8126,0.9064,0.0196,5.4483,9.8843,24.0,249,0,0,0
1320,44.0,1,1,,6310.0,2,295.0,39.0,329.0,290.0,314.1125,165.3699,0.8084,0.8144,0.8997,0.0187,5.3428,9.9019,24.0,249,0,0,0
1321,44.0333,1,1,,6323.0,2,295.0,39.0,329.0,290.0,314.1162,165.3604,0.8083,0.8144,0.9014,0.0186,5.2742,9.8996,24.0,249,0,0,0
1322,44.0667,1,1,,6325.0,2,295.0,39.0,329.0,290.0,314.1203,165.3949,0.8084,0.8147,0.9012,0.0187,5.2053,9.8998,24.0,249,0,0,0
1323,44.1,1,1,,6320.0,2,295.0,39.0,329.0,290.0,314.1142,165.3408,0.8089,0.8151,0.9,0.0183,5.1037,9.9014,24.0,249,0,0,0
1324,44.1333,1,1,,6316.0,2,295.0,39.0,329.0,290.0,314.1183,165.3051,0.8092,0.8155,0.8989,0.018,5.0319,9.9035,24.0,249,0,0,0
1325,44.1667,1,1,,6316.0,2,295.0,39.0,329.0,290.0,314.11,165.3037,0.8098,0.8161,0.8983,0.0178,4.9522,9.9072,24.0,249,0,0,0
1326,44.2,1,1,,6286.0,1,297.0,39.0,330.0,290.0,314.7278,165.0022,0.835,0.8418,0.893,0.0169,4.9037,9.9161,24.0,249,0,0,0
1327,44.2333,1,1,,6291.0,1,297.0,39.0,330.0,290.0,314.7226,164.9603,0.8356,0.8424,0.893,0.0166,4.8657,9.9222,24.0,249,0,0,0
1328,44.2667,1,1,,6294.0,1,297.0,39.0,330.0,290.0,314.7248,164.9182,0.8352,0.842,0.8938,0.0164,4.8479,9.9169,24.0,249,0,0,0
1329,44.3,1,1,,6293.0,1,297.0,39.0,330.0,290.0,314.7445,164.854,0.8348,0.8415,0.8942,0.0162,4.8591,9.9116,24.0,249,0,0,0
1330,44.3333,1,1,,6300.0,1,297.0,39.0,330.0,290.0,314.7554,164.7548,0.8363,0.8431,0.8935,0.0159,4.8828,9.9309,24.0,249,0,0,0
1331,44.3667,1,1,,6296.0,1,297.0,39.0,330.0,290.0,314.7678,164.7066,0.8378,0.8446,0.8913,0.0157,4.8974,9.9495,24.0,249,0,0,0
1332,44.4,1,1,,6304.0,1,297.0,39.0,330.0,290.0,314.7866,164.662,0.8387,0.8456,0.8913,0.0157,4.9205,9.9625,24.0,249,0,0,0
1333,44.4333,1,1,,6311.0,1,297.0,39.0,330.0,290.0,314.7728,164.7262,0.8351,0.8421,0.8958,0.0159,4.9009,9.92,24.0,249,0,0,0
1334,44.4667,1,1,,6309.0,1,297.0,39.0,330.0,290.0,314.7776,164.6817,0.83,0.8372,0.9003,0.0152,4.4404,9.8442,24.0,249,0,0,0
1335,44.5,1,1,,6313.0,1,297.0,39.0,330.0,290.0,314.7733,164.6992,0.8273,0.8347,0.9033,0.0141,3.7629,9.7879,24.0,249,0,0,0
1336,44.5333,1,1,,6310.0,1,297.0,39.0,330.0,290.0,314.775,164.7309,0.826,0.8335,0.9041,0.013,3.0687,9.746,24.0,249,0,0,0
1337,44.5667,1,1,,6307.0,1,297.0,39.0,330.0,290.0,314.773,164.7259,0.8257,0.8332,0.9041,0.0119,2.8102,9.7177,24.0,249,0,0,0
1338,44.6,1,1,,6306.0,1,297.0,39.0,330.0,290.0,314.7751,164.7344,0.8252,0.8326,0.9046,0.0112,2.7648,9.694,24.0,249,0,0,0
1339,44.6333,1,1,,6309.0,1,297.0,39.0,330.0,290.0,314.7771,164.7255,0.8247,0.832,0.9059,0.0106,2.7413,9.6752,24.0,249,0,0,0
1340,44.6667,1,1,,6313.0,1,297.0,39.0,330.0,290.0,314.7852,164.671,0.8248,0.832,0.9064,0.0102,2.7093,9.6694,24.0,249,0,0,0
1341,44.7,1,1,,6311.0,1,297.0,39.0,330.0,290.0,314.7726,164.6638,0.825,0.8322,0.906,0.01,2.6949,9.6681,24.0,249,0,0,0
1342,44.7333,1,1,,6307.0,1,297.0,39.0,330.0,290.0,314.7807,164.6344,0.825,0.8321,0.9057,0.0098,2.7015,9.6641,24.0,249,0,0,0
1343,44.7667,1,1,,6306.0,1,297.0,39.0,330.0,290.0,314.7867,164.6132,0.8247,0.8317,0.9063,0.0095,2.7313,9.6575,24.0,249,0,0,0
1344,44.8,1,1,,6310.0,1,297.0,39.0,330.0,290.0,314.7992,164.9301,0.8244,0.8312,0.9075,0.0105,2.758,9.653,24.0,249,0,0,0
1345,44.8333,1,1,,6314.0,1,297.0,39.0,330.0,290.0,314.7911,164.9371,0.8171,0.8235,0.9169,0.0101,3.1366,9.5682,24.0,249,0,0,0
1346,44.8667,1,1,,6315.0,1,297.0,39.0,330.0,290.0,314.7891,164.946,0.8112,0.8174,0.9241,0.0102,3.4047,9.5061,24.0,249,0,0,0
1347,44.9,1,1,,6316.0,1,297.0,39.0,330.0,290.0,314.795,164.9161,0.8066,0.8126,0.9298,0.0104,3.5675,9.4596,24.0,249,0,0,0
1348,44.9333,1,1,,6359.0,2,295.0,39.0,329.0,290.0,314.1223,165.3334,0.7799,0.7855,0.94,0.0121,5.6479,9.4289,24.0,249,0,0,0
1349,44.9667,1,1,,6357.0,2,295.0,39.0,329.0,290.0,314.1098,165.3849,0.7774,0.7829,0.9428,0.0126,5.6716,9.4045,24.0,249,0,0,0
1350,45.0,1,1,,6353.0,1,296.0,39.0,330.0,289.0,314.7171,165.0545,0.7789,0.7844,0.9442,0.0118,4.6707,9.3894,24.0,248,0,0,0
1351,45.0333,1,1,,6378.0,1,296.0,39.0,330.0,289.0,314.7045,165.1422,0.7841,0.7896,0.9419,0.0117,4.5855,9.4451,24.0,248,0,0,0
1352,45.0667,1,1,,6432.0,2,294.0,39.0,329.0,290.0,314.1164,165.6323,0.766,0.7711,0.9413,0.0128,6.5314,9.5225,24.0,249,0,0,0
1353,45.1,1,1,,6378.0,1,296.0,39.0,330.0,289.0,314.699,165.2104,0.7976,0.8031,0.9263,0.0107,4.5264,9.5865,24.0,248,0,0,0
1354,45.1333,1,1,,6378.0,1,296.0,39.0,330.0,289.0,314.662,165.2817,0.8025,0.808,0.9207,0.0105,4.5109,9.6372,24.0,248,0,0,0
1355,45.1667,1,1,,6377.0,1,296.0,39.0,330.0,289.0,314.6683,165.2471,0.8062,0.8118,0.9163,0.0101,4.4908,9.6768,24.0,248,0,0,0
1356,45.2,1,1,,6371.0,1,296.0,39.0,330.0,289.0,314.6365,165.334,0.809,0.8146,0.9124,0.0101,4.4647,9.7055,24.0,248,0,0,0
1357,45.2333,1,1,,6396.0,1,296.0,39.0,330.0,289.0,314.6096,165.329,0.8113,0.817,0.9133,0.0102,4.447,9.7354,24.0,248,0,0,0
1358,45.2667,1,1,,6393.0,1,296.0,39.0,330.0,289.0,314.5947,165.3412,0.8124,0.8181,0.9116,0.0104,4.4719,9.7523,24.0,248,0,0,0
1359,45.3,1,1,,6399.0,1,296.0,39.0,330.0,289.0,314.6157,165.3236,0.8138,0.8195,0.9108,0.0105,4.5042,9.7737,24.0,248,0,0,0
1360,45.3333,1,1,,6400.0,1,296.0,39.0,330.0,289.0,314.6139,165.3194,0.8148,0.8201,0.911,0.0111,4.5431,9.7978,24.0,248,0,0,0
1361,45.3667,1,1,,6400.0,1,296.0,39.0,330.0,289.0,314.6139,165.3194,0.8143,0.8193,0.9123,0.0122,4.5603,9.8139,24.0,248,0,0,0
1362,45.4,1,1,,6401.0,1,296.0,39.0,330.0,289.0,314.6115,165.3384,0.8127,0.818,0.9135,0.0131,4.5373,9.8109,24.0,248,0,0,0
1363,45.4333,1,1,,6401.0,1,296.0,39.0,330.0,289.0,314.6115,165.3384,0.8115,0.817,0.9142,0.0133,4.5138,9.7997,24.0,248,0,0,0
1364,45.4667,1,1,,6402.0,1,296.0,39.0,330.0,289.0,314.6025,165.3544,0.8108,0.8164,0.9147,0.0132,4.4992,9.7871,24.0,248,0,0,0
1365,45.5,1,1,,6403.0,1,296.0,39.0,330.0,289.0,314.6007,165.345,0.8104,0.8162,0.915,0.0129,4.4902,9.7765,24.0,248,0,0,0
1366,45.5333,1,1,,6401.0,1,296.0,39.0,330.0,289.0,314.6032,165.3478,0.8104,0.8163,0.9143,0.0126,4.4979,9.7706,24.0,248,0,0,0
1367,45.5667,1,1,,6403.0,1,296.0,39.0,330.0,289.0,314.5996,165.318,0.8115,0.8175,0.9131,0.0121,4.5119,9.7768,24.0,248,0,0,0
1368,45.6,1,1,,6387.0,1,296.0,39.0,330.0,289.0,314.6152,165.3362,0.8132,0.8193,0.9088,0.0118,4.4923,9.7896,24.0,248,0,0,0
1369,45.6333,1,1,,6405.0,1,296.0,39.0,330.0,289.0,314.602,165.2924,0.8137,0.8198,0.9109,0.0112,4.4676,9.7881,24.0,248,0,0,0
1370,45.6667,1,1,,6403.0,1,296.0,39.0,330.0,289.0,314.6016,165.2939,0.8136,0.8196,0.9108,0.0109,4.4779,9.7793,24.0,248,0,0,0
1371,45.7,1,1,,6399.0,1,296.0,39.0,330.0,289.0,314.6035,165.2929,0.8139,0.8199,0.9099,0.0106,4.5038,9.7776,24.0,248,0,0,0
1372,45.7333,1,1,,6400.0,1,296.0,39.0,330.0,289.0,314.6056,165.2605,0.814,0.82,0.91,0.0103,4.5268,9.7749,24.0,248,0,0,0
1373,45.7667,1,1,,6399.0,1,296.0,39.0,330.0,289.0,314.6074,165.2507,0.8141,0.8201,0.9097,0.0101,4.5479,9.7738,24.0,248,0,0,0
1374,45.8,1,1,,6398.0,1,296.0,39.0,330.0,289.0,314.6075,165.2752,0.8143,0.8203,0.9095,0.0101,4.5665,9.7741,24.0,248,0,0,0
1375,45.8333,1,1,,6399.0,1,296.0,39.0,330.0,289.0,314.6095,165.2932,0.8153,0.8213,0.9085,0.0101,4.5907,9.7859,24.0,248,0,0,0
1376,45.8667,1,1,,6399.0,1,296.0,39.0,330.0,289.0,314.6095,165.2932,0.8157,0.8219,0.9075,0.0104,4.6067,9.7955,24.0,248,0,0,0
1377,45.9,1,1,,6399.0,1,296.0,39.0,330.0,289.0,314.6095,165.2932,0.8161,0.8224,0.9068,0.0106,4.6114,9.8029,24.0,248,0,0,0
1378,45.9333,1,1,,6398.0,1,296.0,39.0,330.0,289.0,314.6113,165.2974,0.8164,0.8228,0.9061,0.0107,4.609,9.8083,24.0,248,0,0,0
1379,45.9667,1,1,,6399.0,1,296.0,39.0,330.0,289.0,314.6095,165.2932,0.8163,0.8227,0.9064,0.0107,4.6046,9.8075,24.0,248,0,0,0
1380,46.0,1,1,,6384.0,1,296.0,39.0,330.0,289.0,314.6264,165.2752,0.8161,0.8225,0.9045,0.0107,4.6,9.8063,24.0,248,0,0,0
1381,46.0333,1,1,,6395.0,1,296.0,39.0,330.0,289.0,314.6167,165.1992,0.815,0.821,0.9081,0.0109,4.5964,9.8048,24.0,248,0,0,0
1382,46.0667,1,1,,6400.0,1,296.0,39.0,330.0,289.0,314.6139,165.2081,0.8137,0.8196,0.9107,0.0121,4.5906,9.8113,24.0,248,0,0,0
1383,46.1,1,1,,6397.0,1,296.0,39.0,330.0,289.0,314.6167,165.2051,0.8119,0.8176,0.9127,0.0132,4.5984,9.8128,24.0,248,0,0,0
1384,46.1333,1,1,,6396.0,1,296.0,39.0,330.0,289.0,314.6146,165.2079,0.8102,0.8158,0.9146,0.0144,4.6035,9.8137,24.0,248,0,0,0
1385,46.1667,1,1,,6399.0,1,296.0,39.0,330.0,289.0,314.6081,165.22,0.8087,0.8142,0.9168,0.0153,4.6106,9.813,24.0,248,0,0,0
1386,46.2,1,1,,6401.0,1,296.0,39.0,330.0,289.0,314.6147,165.1792,0.8075,0.8131,0.9184,0.0158,4.615,9.8121,24.0,248,0,0,0
1387,46.2333,1,1,,6403.0,1,296.0,39.0,330.0,289.0,314.6213,165.2055,0.807,0.8131,0.9179,0.0162,4.6258,9.8088,24.0,248,0,0,0
1388,46.2667,1,1,,6405.0,1,296.0,39.0,330.0,289.0,314.6278,165.1708,0.8076,0.8142,0.9163,0.0155,4.6434,9.8061,24.0,248,0,0,0
1389,46.3,1,1,,6406.0,1,296.0,39.0,330.0,289.0,314.6257,165.1822,0.809,0.8158,0.9143,0.0147,4.6556,9.805,24.0,248,0,0,0
1390,46.3333,1,1,,6412.0,1,296.0,39.0,330.0,289.0,314.6316,165.1962,0.8106,0.8176,0.9131,0.0136,4.6666,9.803,24.0,248,0,0,0
1391,46.3667,1,1,,6410.0,1,296.0,39.0,330.0,289.0,314.6356,165.1889,0.8099,0.8169,0.9136,0.0125,4.7163,9.7727,24.0,248,0,0,0
1392,46.4,1,1,,6382.0,1,296.0,39.0,331.0,289.0,314.6589,165.2587,0.7866,0.7931,0.9102,0.0118,4.7537,9.7484,24.0,248,0,0,0
1393,46.4333,1,1,,6396.0,1,296.0,39.0,330.0,289.0,314.6462,165.3225,0.8099,0.8168,0.9119,0.0113,4.7675,9.7389,24.0,248,0,0,0
1394,46.4667,1,1,,6406.0,1,296.0,39.0,330.0,289.0,314.6555,165.3275,0.8107,0.8175,0.9126,0.0108,4.7803,9.7385,24.0,248,0,0,0
1395,46.5,1,1,,6405.0,1,296.0,39.0,330.0,289.0,314.6532,165.3187,0.8107,0.8175,0.9122,0.0106,4.8279,9.7337,24.0,248,0,0,0
1396,46.5333,1,1,,6431.0,2,295.0,39.0,330.0,290.0,314.0969,165.6976,0.7846,0.7911,0.9157,0.0122,5.8627,9.7309,24.0,249,0,0,0
1397,46.5667,1,1,,6405.0,1,296.0,39.0,330.0,289.0,314.6525,165.41,0.8105,0.8176,0.9118,0.0107,4.8814,9.7297,24.0,248,0,0,0
1398,46.6,1,1,,6433.0,2,294.0,39.0,330.0,290.0,314.0951,165.7144,0.763,0.7692,0.9158,0.0121,6.8971,9.7273,24.0,249,0,0,0
1399,46.6333,1,1,,6432.0,2,294.0,39.0,330.0,290.0,314.0805,165.713,0.7626,0.7688,0.9161,0.0121,6.8995,9.7215,24.0,249,0,0,0
1400,46.6667,1,1,,6312.0,2,299.0,38.0,331.0,290.0,314.4292,165.3736,0.8599,0.8648,0.8991,0.0106,2.3405,9.7209,24.0,250,1,0,0
1401,46.7,1,1,,6380.0,2,295.0,39.0,329.0,290.0,314.1381,166.1381,0.8071,0.8141,0.9086,0.0138,5.8768,9.7245,24.0,249,0,0,0
1402,46.7333,1,1,,6398.0,2,295.0,39.0,329.0,290.0,314.1061,166.1874,0.807,0.8141,0.911,0.0141,5.8735,9.7269,24.0,249,0,0,0
1403,46.7667,1,1,,6403.0,2,295.0,39.0,329.0,290.0,314.1034,166.2012,0.8072,0.8144,0.9114,0.0143,5.8724,9.7314,24.0,249,0,0,0
1404,46.8,1,1,,6383.0,2,295.0,39.0,329.0,290.0,314.1324,166.3414,0.8086,0.8157,0.9072,0.0149,5.8353,9.7491,24.0,249,0,0,0
1405,46.8333,1,1,,6412.0,2,295.0,39.0,329.0,290.0,314.0992,166.248,0.8103,0.8173,0.9097,0.0147,5.8143,9.7726,24.0,249,0,0,0
1406,46.8667,1,1,,6417.0,2,295.0,39.0,329.0,290.0,314.082,166.2895,0.8119,0.8189,0.9088,0.0151,5.8272,9.7969,24.0,249,0,0,0
1407,46.9,1,1,,6424.0,2,295.0,39.0,329.0,290.0,314.0674,166.3053,0.8136,0.8205,0.9081,0.0155,5.8372,9.8223,24.0,249,0,0,0
1408,46.9333,1,1,,6431.0,2,295.0,39.0,329.0,290.0,314.0558,166.3373,0.8153,0.8221,0.9073,0.0158,5.8212,9.8471,24.0,249,0,0,0
1409,46.9667,1,1,,6432.0,2,295.0,39.0,329.0,290.0,314.0535,166.352,0.8168,0.8238,0.9055,0.016,5.8027,9.871,24.0,249,0,0,0
1410,47.0,1,1,,6435.0,2,295.0,39.0,329.0,290.0,314.0563,166.3332,0.8165,0.8242,0.9045,0.0159,5.7883,9.887,24.0,249,0,0,0
1411,47.0333,1,1,,6441.0,2,295.0,39.0,329.0,290.0,314.047,166.3333,0.8165,0.8246,0.9045,0.0158,5.7825,9.894,24.0,249,0,0,0
1412,47.0667,1,1,,6443.0,2,294.0,39.0,329.0,290.0,314.0416,166.3613,0.7923,0.8001,0.9055,0.0159,6.818,9.8836,24.0,249,0,0,0
1413,47.1,1,1,,6447.0,2,294.0,39.0,329.0,290.0,314.0333,166.4396,0.7914,0.7993,0.9069,0.0162,6.8527,9.8709,24.0,249,0,0,0
1414,47.1333,1,1,,6448.0,2,295.0,39.0,329.0,290.0,314.0408,166.3213,0.814,0.8222,0.9078,0.0157,5.8774,9.8593,24.0,249,0,0,0
1415,47.1667,1,1,,6453.0,2,294.0,39.0,329.0,290.0,314.0372,166.3665,0.7906,0.7984,0.9089,0.0158,6.8972,9.8527,24.0,249,0,0,0
1416,47.2,1,1,,6424.0,2,294.0,39.0,329.0,290.0,314.0746,166.3076,0.7913,0.7988,0.9047,0.0153,6.8886,9.8529,24.0,249,0,0,0
1417,47.2333,1,1,,6445.0,2,294.0,39.0,329.0,290.0,314.0242,166.3691,0.7922,0.798,0.9109,0.0155,6.8687,9.838,24.0,249,0,0,0
1418,47.2667,1,1,,6447.0,2,294.0,39.0,329.0,290.0,314.024,166.3789,0.7893,0.7945,0.9161,0.0161,6.8744,9.8145,24.0,249,0,0,0
1419,47.3,1,1,,6452.0,2,294.0,39.0,329.0,290.0,314.0262,166.34,0.7855,0.7904,0.9221,0.0169,6.904,9.7878,24.0,249,0,0,0
1420,47.3333,1,1,,6454.0,2,294.0,39.0,329.0,290.0,314.027,166.3266,0.7823,0.787,0.9265,0.0179,6.9326,9.7696,24.0,249,0,0,0
1421,47.3667,1,1,,6456.0,2,294.0,39.0,329.0,290.0,314.0221,166.3493,0.7795,0.7841,0.9302,0.0191,6.9598,9.7553,24.0,249,0,0,0
1422,47.4,1,1,,6456.0,2,294.0,39.0,329.0,290.0,314.0265,166.3796,0.7773,0.7819,0.9328,0.0201,6.9893,9.7442,24.0,249,0,0,0
1423,47.4333,1,1,,6457.0,2,294.0,39.0,329.0,290.0,314.0283,166.3686,0.7773,0.7819,0.9329,0.0208,7.0404,9.7566,24.0,249,0,0,0
1424,47.4667,1,1,,6456.0,2,294.0,39.0,329.0,290.0,314.0265,166.3796,0.7769,0.7816,0.9331,0.0213,7.1042,9.7613,24.0,249,0,0,0
1425,47.5,1,1,,6456.0,2,294.0,39.0,329.0,290.0,314.0265,166.3796,0.7745,0.7801,0.9332,0.0216,7.1485,9.7649,24.0,249,0,0,0
1426,47.5333,1,1,,6456.0,2,294.0,39.0,329.0,290.0,314.0265,166.3796,0.773,0.7794,0.9331,0.0218,7.1686,9.7685,24.0,249,0,0,0
1427,47.5667,1,1,,6456.0,2,294.0,39.0,329.0,290.0,314.0265,166.3796,0.7726,0.7793,0.9327,0.0218,7.1726,9.7718,24.0,249,0,0,0
1428,47.6,1,1,,6420.0,1,296.0,39.0,330.0,290.0,314.6112,166.3322,0.8002,0.8053,0.9269,0.0212,5.1633,9.7759,24.0,249,0,0,0
1429,47.6333,1,1,,6443.0,1,296.0,39.0,330.0,290.0,314.6027,166.2879,0.8012,0.8066,0.9282,0.0214,5.1265,9.7931,24.0,249,0,0,0
1430,47.6667,1,1,,6477.0,2,294.0,39.0,329.0,290.0,314.0199,166.3982,0.7743,0.7824,0.9298,0.0223,7.0626,9.8231,24.0,249,0,0,0
1431,47.7,1,1,,6478.0,2,294.0,39.0,329.0,290.0,314.0239,166.3864,0.7739,0.783,0.9278,0.0222,7.0504,9.841,24.0,249,0,0,0
1432,47.7333,1,1,,6450.0,1,296.0,39.0,330.0,290.0,314.6186,166.2378,0.8065,0.8124,0.922,0.0211,5.0326,9.8565,24.0,249,0,0,0
1433,47.7667,1,1,,6457.0,1,296.0,39.0,330.0,290.0,314.6206,166.2402,0.8077,0.8135,0.922,0.0208,5.0225,9.8652,24.0,249,0,0,0
1434,47.8,1,1,,6459.0,1,296.0,39.0,330.0,290.0,314.6547,166.0865,0.8086,0.8143,0.9215,0.0198,5.0157,9.8707,25.0,249,0,0,0
1435,47.8333,1,1,,6467.0,1,296.0,39.0,330.0,290.0,314.6464,166.1059,0.8092,0.8148,0.9222,0.0197,5.0116,9.8737,25.0,249,0,0,0
1436,47.8667,1,1,,6469.0,1,296.0,39.0,330.0,290.0,314.6338,166.1679,0.8094,0.815,0.9224,0.0198,5.0141,9.8736,25.0,249,0,0,0
1437,47.9,1,1,,6471.0,1,296.0,39.0,330.0,290.0,314.6423,166.0989,0.8095,0.8149,0.9228,0.0194,5.0162,9.8712,25.0,249,0,0,0
1438,47.9333,1,1,,6492.0,2,295.0,39.0,329.0,290.0,314.0935,166.2596,0.7976,0.8081,0.9264,0.0203,6.0369,9.8649,24.0,249,0,0,0
1439,47.9667,1,1,,6492.0,2,295.0,39.0,329.0,290.0,314.0796,166.2087,0.7967,0.8074,0.9268,0.02,6.0639,9.8604,24.0,249,0,0,0
1440,48.0,1,1,,6473.0,2,295.0,39.0,329.0,290.0,314.1007,166.0984,0.796,0.8068,0.9245,0.0195,6.0823,9.8563,24.0,249,0,0,0
1441,48.0333,1,1,,6470.0,1,296.0,39.0,330.0,290.0,314.6794,166.127,0.8079,0.8137,0.9236,0.019,5.0844,9.8414,25.0,249,0,0,0
1442,48.0667,1,1,,6474.0,1,296.0,39.0,330.0,290.0,314.6708,166.0947,0.8061,0.8122,0.9254,0.018,5.1842,9.8029,25.0,249,0,0,0
1443,48.1,1,1,,6499.0,2,295.0,39.0,329.0,290.0,314.0776,166.1106,0.7932,0.8048,0.9295,0.0178,6.2826,9.7907,24.0,249,0,0,0
1444,48.1333,1,1,,6478.0,1,296.0,39.0,330.0,290.0,314.6416,166.1375,0.8061,0.8115,0.9277,0.0172,5.3504,9.7822,25.0,249,0,0,0
1445,48.1667,1,1,,6479.0,1,296.0,39.0,330.0,290.0,314.6481,166.1344,0.8053,0.8105,0.9291,0.0174,5.3921,9.7756,25.0,249,0,0,0
1446,48.2,1,1,,6501.0,2,295.0,39.0,329.0,290.0,314.0823,166.104,0.7874,0.8,0.9335,0.0181,6.4111,9.7716,24.0,249,0,0,0
1447,48.2333,1,1,,6496.0,2,295.0,39.0,329.0,290.0,314.0839,166.1054,0.7862,0.7987,0.9344,0.0185,6.4358,9.7628,24.0,249,0,0,0
1448,48.2667,1,1,,6489.0,2,295.0,39.0,329.0,290.0,314.0808,166.1301,0.7854,0.7977,0.9349,0.0189,6.4503,9.7544,24.0,249,0,0,0
1449,48.3,1,1,,6471.0,1,296.0,39.0,330.0,290.0,314.6466,166.1677,0.8008,0.8059,0.9335,0.0189,5.4548,9.7477,25.0,249,0,0,0
1450,48.3333,1,1,,6473.0,1,296.0,39.0,330.0,290.0,314.6682,166.1806,0.8002,0.8053,0.9344,0.0192,5.4463,9.7457,25.0,249,0,0,0
1451,48.3667,1,1,,6474.0,1,296.0,39.0,330.0,290.0,314.662,166.1728,0.8002,0.8052,0.9348,0.0192,5.4348,9.7475,25.0,249,0,0,0
1452,48.4,1,1,,6477.0,2,295.0,39.0,329.0,290.0,314.0727,166.0279,0.7862,0.7975,0.9348,0.0193,6.4084,9.7544,24.0,249,0,0,0
1453,48.4333,1,1,,6487.0,2,295.0,39.0,329.0,290.0,314.0621,166.129,0.7905,0.7997,0.9369,0.0195,6.3628,9.7284,24.0,249,0,0,0
1454,48.4667,1,1,,6468.0,1,296.0,39.0,330.0,290.0,314.6484,166.1177,0.7972,0.8034,0.9345,0.0183,5.3358,9.6975,25.0,249,0,0,0
1455,48.5,1,1,,6485.0,2,295.0,39.0,329.0,290.0,314.0956,166.0955,0.7968,0.8032,0.9366,0.0177,6.3291,9.6736,24.0,249,0,0,0
1456,48.5333,1,1,,6486.0,2,295.0,39.0,329.0,290.0,314.0809,166.0879,0.7983,0.8049,0.9346,0.0167,6.2765,9.6722,24.0,249,0,0,0
1457,48.5667,1,1,,6479.0,2,295.0,39.0,329.0,290.0,314.0678,166.1758,0.8,0.8066,0.9317,0.016,6.2474,9.6729,24.0,249,0,0,0
1458,48.6,1,1,,6462.0,1,296.0,39.0,330.0,290.0,314.6309,166.165,0.8015,0.8081,0.9277,0.0147,5.2342,9.6751,24.0,249,0,0,0
1459,48.6333,1,1,,6482.0,2,295.0,39.0,329.0,290.0,314.0583,166.1355,0.8047,0.8113,0.927,0.0143,6.1727,9.7023,24.0,249,0,0,0
1460,48.6667,1,1,,6475.0,2,295.0,39.0,329.0,290.0,314.0669,166.1669,0.8075,0.814,0.9231,0.014,6.122,9.7274,24.0,249,0,0,0
1461,48.7,1,1,,6465.0,1,296.0,39.0,330.0,290.0,314.6292,166.152,0.81,0.8164,0.919,0.0132,5.0609,9.7522,25.0,249,0,0,0
1462,48.7333,1,1,,6470.0,1,296.0,39.0,330.0,290.0,314.636,166.2011,0.8115,0.8179,0.918,0.0134,5.0185,9.7692,25.0,249,0,0,0
1463,48.7667,1,1,,6485.0,2,295.0,39.0,329.0,290.0,314.0678,166.1178,0.8109,0.8174,0.9207,0.0134,6.0338,9.7622,24.0,249,0,0,0
1464,48.8,1,1,,6424.0,1,296.0,39.0,330.0,290.0,314.67,166.0528,0.8096,0.8161,0.9134,0.0128,5.0445,9.747,24.0,249,0,0,0
1465,48.8333,1,1,,6465.0,2,295.0,39.0,329.0,290.0,314.0852,166.1595,0.8083,0.8147,0.921,0.0135,6.0554,9.7305,24.0,249,0,0,0
1466,48.8667,1,1,,6462.0,2,295.0,39.0,329.0,290.0,314.0864,166.1555,0.8065,0.8127,0.9228,0.0135,6.0723,9.7087,24.0,249,0,0,0
1467,48.9,1,1,,6455.0,2,295.0,39.0,329.0,290.0,314.1004,166.1498,0.8043,0.8105,0.9245,0.0135,6.1185,9.6822,24.0,249,0,0,0
1468,48.9333,1,1,,6452.0,2,295.0,39.0,329.0,290.0,314.0944,166.1643,0.8024,0.8085,0.9263,0.0136,6.1693,9.6593,24.0,249,0,0,0
1469,48.9667,1,1,,6432.0,1,296.0,39.0,330.0,290.0,314.628,166.1144,0.8011,0.8072,0.9249,0.013,5.2126,9.6433,24.0,249,0,0,0
1470,49.0,1,1,,6455.0,2,295.0,39.0,329.0,290.0,314.0874,166.2195,0.8002,0.8063,0.9293,0.0138,6.2416,9.632,24.0,249,0,0,0
1471,49.0333,1,1,,6465.0,2,295.0,39.0,329.0,290.0,314.054,166.2636,0.7983,0.8044,0.9329,0.0139,6.306,9.6062,24.0,249,0,0,0
1472,49.0667,1,1,,6461.0,2,295.0,39.0,329.0,290.0,314.0573,166.2709,0.796,0.8021,0.935,0.0137,6.3598,9.5745,24.0,249,0,0,0
1473,49.1,1,1,,6457.0,2,295.0,39.0,329.0,290.0,314.0652,166.2681,0.7946,0.8007,0.936,0.0134,6.396,9.5511,24.0,249,0,0,0
1474,49.1333,1,1,,6452.0,2,295.0,39.0,329.0,290.0,314.0699,166.2624,0.7937,0.7998,0.9364,0.013,6.4178,9.5335,24.0,249,0,0,0
1475,49.1667,1,1,,6450.0,2,295.0,39.0,329.0,290.0,314.0781,166.3059,0.7932,0.7993,0.9366,0.0129,6.4305,9.522,24.0,249,0,0,0
1476,49.2,1,1,,6443.0,2,295.0,39.0,329.0,290.0,314.0574,166.2901,0.7936,0.7996,0.9352,0.0126,6.4207,9.5211,24.0,249,0,0,0
1477,49.2333,1,1,,6447.0,2,295.0,39.0,329.0,290.0,314.0425,166.3794,0.796,0.8022,0.9326,0.0132,6.436,9.5538,24.0,249,0,0,0
1478,49.2667,1,1,,6447.0,2,295.0,39.0,329.0,290.0,314.043,166.3467,0.798,0.8044,0.9299,0.0135,6.4492,9.5843,24.0,249,0,0,0
1479,49.3,1,1,,6449.0,2,295.0,39.0,329.0,290.0,314.0519,166.3681,0.7994,0.8059,0.9282,0.0139,6.4761,9.6072,24.0,249,0,0,0
1480,49.3333,1,1,,6445.0,2,295.0,39.0,329.0,290.0,314.059,166.3803,0.8,0.8071,0.9255,0.0144,6.4985,9.6311,24.0,249,0,0,0
1481,49.3667,1,1,,6448.0,2,295.0,39.0,329.0,290.0,314.049,166.3792,0.7981,0.8067,0.9243,0.0147,6.5029,9.6506,24.0,249,0,0,0
1482,49.4,1,1,,6453.0,2,295.0,39.0,329.0,290.0,314.0294,166.3135,0.7976,0.807,0.9235,0.0146,6.4868,9.6673,24.0,249,0,0,0
1483,49.4333,1,1,,6457.0,2,295.0,39.0,329.0,290.0,314.0201,166.3618,0.8003,0.8093,0.922,0.0146,6.409,9.6896,24.0,249,0,0,0
1484,49.4667,1,1,,6457.0,2,295.0,39.0,329.0,290.0,314.0201,166.3618,0.8044,0.8123,0.9203,0.0144,6.3109,9.7081,24.0,249,0,0,0
1485,49.5,1,1,,6454.0,2,295.0,39.0,329.0,290.0,314.0304,166.3606,0.8077,0.8145,0.9191,0.0142,6.2411,9.7164,24.0,249,0,0,0
1486,49.5333,1,1,,6453.0,2,295.0,39.0,329.0,290.0,314.0373,166.3662,0.8079,0.8145,0.9191,0.014,6.1959,9.7153,24.0,249,0,0,0
1487,49.5667,1,1,,6453.0,2,295.0,39.0,329.0,290.0,314.0373,166.3662,0.8077,0.8143,0.9194,0.014,6.1754,9.7125,24.0,249,0,0,0
1488,49.6,1,1,,6431.0,2,295.0,39.0,329.0,290.0,314.0746,166.5512,0.808,0.8145,0.9161,0.0146,6.142,9.7169,24.0,249,0,0,0
1489,49.6333,1,1,,6439.0,2,295.0,39.0,329.0,290.0,314.0593,166.5036,0.8086,0.815,0.917,0.0144,6.0426,9.7239,24.0,249,0,0,0
1490,49.6667,1,1,,6444.0,2,295.0,39.0,329.0,290.0,314.0492,166.5065,0.809,0.8152,0.9177,0.0143,5.9827,9.7285,24.0,249,0,0,0
1491,49.7,1,1,,6444.0,2,295.0,39.0,329.0,290.0,314.0495,166.4747,0.809,0.8151,0.918,0.0142,5.952,9.7302,24.0,249,0,0,0
1492,49.7333,1,1,,6446.0,2,295.0,39.0,329.0,290.0,314.0448,166.4749,0.8088,0.8148,0.9187,0.0143,5.941,9.7294,24.0,249,0,0,0
1493,49.7667,1,1,,6446.0,2,295.0,39.0,329.0,290.0,314.0448,166.4749,0.8083,0.8144,0.9191,0.0144,5.9417,9.7268,24.0,249,0,0,0
1494,49.8,1,1,,6447.0,2,295.0,39.0,329.0,290.0,314.0456,166.4224,0.8074,0.8134,0.9203,0.0143,5.9437,9.7173,24.0,249,0,0,0
1495,49.8333,1,1,,6447.0,2,295.0,39.0,329.0,290.0,314.0456,166.4224,0.8055,0.8112,0.9232,0.015,5.9307,9.7092,24.0,249,0,0,0
1496,49.8667,1,1,,6447.0,2,295.0,39.0,329.0,290.0,314.0391,166.4202,0.8031,0.8086,0.9265,0.0162,5.9229,9.7037,24.0,249,0,0,0
1497,49.9,1,1,,6447.0,2,295.0,39.0,329.0,290.0,314.0391,166.4202,0.8012,0.8065,0.929,0.0175,5.9269,9.7053,24.0,249,0,0,0
1498,49.9333,1,1,,6447.0,2,295.0,39.0,329.0,290.0,314.0368,166.4179,0.7996,0.805,0.9308,0.0186,5.934,9.7091,24.0,249,0,0,0
1499,49.9667,1,1,,6449.0,2,295.0,39.0,329.0,290.0,314.0343,166.4467,0.7986,0.804,0.9322,0.0197,5.936,9.7146,24.0,249,0,0,0
1500,50.0,1,1,,6389.0,2,295.0,39.0,329.0,290.0,314.1451,166.2329,0.798,0.8033,0.9242,0.0195,5.9322,9.7203,24.0,249,0,0,0
1501,50.0333,1,1,,6400.0,2,295.0,39.0,329.0,290.0,314.1402,166.1202,0.7989,0.8046,0.924,0.0196,5.7986,9.7431,24.0,249,0,0,0
1502,50.0667,1,1,,6405.0,2,295.0,39.0,329.0,290.0,314.1354,166.141,0.7995,0.8054,0.9233,0.02,5.6866,9.7567,24.0,249,0,0,0
1503,50.1,1,1,,6406.0,2,295.0,39.0,329.0,290.0,314.1294,166.098,0.8005,0.8067,0.9216,0.02,5.621,9.7714,24.0,249,0,0,0
1504,50.1333,1,1,,6408.0,2,295.0,39.0,329.0,290.0,314.1336,166.1074,0.8019,0.8082,0.92,0.0199,5.5731,9.7856,24.0,249,0,0,0
1505,50.1667,1,1,,6409.0,2,295.0,39.0,329.0,290.0,314.1357,166.117,0.8033,0.8097,0.9185,0.0196,5.545,9.7971,24.0,249,0,0,0
1506,50.2,1,1,,6406.0,2,295.0,39.0,329.0,290.0,314.1339,166.1001,0.8043,0.8108,0.9169,0.0192,5.5326,9.8038,24.0,249,0,0,0
1507,50.2333,1,1,,6410.0,2,295.0,39.0,329.0,290.0,314.1271,166.1376,0.8051,0.8115,0.9166,0.019,5.5347,9.8067,24.0,249,0,0,0
1508,50.2667,1,1,,6409.0,2,295.0,39.0,329.0,290.0,314.1315,166.091,0.8056,0.812,0.9159,0.0186,5.541,9.8077,24.0,249,0,0,0
1509,50.3,1,1,,6408.0,2,295.0,39.0,329.0,290.0,314.1297,166.1024,0.8061,0.8124,0.9153,0.0184,5.5443,9.8086,24.0,249,0,0,0
1510,50.3333,1,1,,6409.0,2,295.0,39.0,329.0,290.0,314.1289,166.1393,0.8072,0.8137,0.9141,0.0184,5.5577,9.8199,24.0,249,0,0,0
1511,50.3667,1,1,,6409.0,2,295.0,39.0,329.0,290.0,314.1289,166.1393,0.8082,0.8147,0.9129,0.0183,5.5663,9.8294,24.0,249,0,0,0
1512,50.4,1,1,,6397.0,2,295.0,39.0,329.0,290.0,314.1301,166.1496,0.809,0.8155,0.9103,0.0182,5.5696,9.8361,24.0,249,0,0,0
1513,50.4333,1,1,,6403.0,2,295.0,39.0,329.0,290.0,314.1157,166.1779,0.808,0.8145,0.9123,0.0181,5.513,9.8222,24.0,249,0,0,0
1514,50.4667,1,1,,6408.0,2,295.0,39.0,329.0,290.0,314.1222,166.169,0.807,0.8134,0.9144,0.018,5.4758,9.8076,24.0,249,0,0,0
1515,50.5,1,1,,6408.0,2,295.0,39.0,329.0,290.0,314.1194,166.1782,0.8064,0.8127,0.9151,0.018,5.4413,9.8002,24.0,249,0,0,0
1516,50.5333,1,1,,6414.0,2,295.0,39.0,329.0,290.0,314.1151,166.1607,0.8052,0.8115,0.9172,0.018,5.4193,9.7862,24.0,249,0,0,0
1517,50.5667,1,1,,6413.0,2,295.0,39.0,329.0,290.0,314.1123,166.1731,0.8035,0.81,0.9185,0.0183,5.404,9.7694,24.0,249,0,0,0
1518,50.6,1,1,,6410.0,2,295.0,39.0,329.0,290.0,314.1187,166.1633,0.8022,0.8088,0.9193,0.0183,5.4076,9.7553,24.0,249,0,0,0
1519,50.6333,1,1,,6410.0,2,295.0,39.0,329.0,290.0,314.1187,166.1633,0.8014,0.808,0.9201,0.0183,5.4184,9.7449,24.0,249,0,0,0
1520,50.6667,1,1,,6411.0,2,295.0,39.0,329.0,290.0,314.1168,166.1554,0.8008,0.8075,0.9209,0.0182,5.4316,9.7377,24.0,249,0,0,0
1521,50.7,1,1,,6413.0,2,295.0,39.0,329.0,290.0,314.118,166.192,0.8011,0.8077,0.9209,0.0183,5.4442,9.7399,24.0,249,0,0,0
1522,50.7333,1,1,,6411.0,2,295.0,39.0,329.0,290.0,314.1187,166.1575,0.8015,0.8081,0.9202,0.0181,5.4536,9.7439,24.0,249,0,0,0
1523,50.7667,1,1,,6413.0,2,295.0,39.0,329.0,290.0,314.123,166.1762,0.8014,0.808,0.9208,0.0181,5.4783,9.7411,24.0,249,0,0,0
1524,50.8,1,1,,6388.0,2,295.0,39.0,329.0,290.0,314.1528,166.1811,0.8014,0.8079,0.9173,0.018,5.504,9.7394,24.0,249,0,0,0
1525,50.8333,1,1,,6366.0,1,296.0,39.0,330.0,290.0,314.7116,165.7482,0.8051,0.8115,0.9103,0.0161,4.5731,9.7801,24.0,249,0,0,0
1526,50.8667,1,1,,6379.0,1,296.0,39.0,330.0,290.0,314.7219,165.7341,0.8074,0.8136,0.91,0.0157,4.6491,9.8017,24.0,249,0,0,0
1527,50.9,1,1,,6385.0,1,296.0,39.0,330.0,290.0,314.7214,165.7009,0.8087,0.8149,0.9095,0.0154,4.684,9.8161,24.0,249,0,0,0
1528,50.9333,1,1,,6393.0,1,296.0,39.0,330.0,290.0,314.7446,165.6674,0.8097,0.816,0.9095,0.0153,4.6886,9.8277,24.0,249,0,0,0
1529,50.9667,1,1,,6394.0,1,296.0,39.0,330.0,290.0,314.749,165.6556,0.8106,0.8168,0.9086,0.0152,4.6709,9.838,24.0,249,0,0,0
1530,51.0,1,1,,6394.0,1,297.0,39.0,330.0,290.0,314.7652,165.6528,0.8359,0.8426,0.9075,0.0152,3.6333,9.8496,24.0,249,0,0,0
1531,51.0333,1,1,,6396.0,1,297.0,39.0,330.0,290.0,314.7949,165.6839,0.8373,0.844,0.9063,0.0153,3.5876,9.8644,24.0,249,0,0,0
1532,51.0667,1,1,,6405.0,1,297.0,39.0,330.0,290.0,314.8056,165.592,0.839,0.8458,0.9057,0.0147,3.5289,9.8819,24.0,249,0,0,0
1533,51.1,1,1,,6405.0,1,297.0,39.0,330.0,290.0,314.81,165.5647,0.8411,0.8479,0.9034,0.0144,3.4748,9.9025,24.0,249,0,0,0
1534,51.1333,1,1,,6406.0,1,297.0,39.0,330.0,290.0,314.8163,165.5582,0.843,0.8499,0.9014,0.0143,3.4442,9.9232,24.0,249,0,0,0
1535,51.1667,1,1,,6408.0,1,297.0,39.0,330.0,290.0,314.8204,165.5317,0.8441,0.851,0.9004,0.0141,3.438,9.9345,24.0,249,0,0,0
1536,51.2,1,1,,6388.0,1,297.0,39.0,330.0,290.0,314.775,165.4192,0.8446,0.8516,0.8969,0.0136,3.4346,9.9392,24.0,249,0,0,0
1537,51.2333,1,1,,6412.0,1,297.0,39.0,330.0,290.0,314.8141,165.42,0.8446,0.8515,0.9004,0.0136,3.4175,9.9387,24.0,249,0,0,0
1538,51.2667,1,1,,6413.0,1,297.0,39.0,330.0,290.0,314.816,165.4234,0.8432,0.8501,0.9022,0.0136,3.3977,9.9228,24.0,249,0,0,0
1539,51.3,1,1,,6413.0,1,297.0,39.0,330.0,290.0,314.816,165.4234,0.8415,0.8483,0.9041,0.0137,3.4081,9.9041,24.0,249,0,0,0
1540,51.3333,1,1,,6416.0,1,297.0,39.0,330.0,290.0,314.8217,165.4144,0.8401,0.8468,0.9062,0.0137,3.4232,9.8884,24.0,249,0,0,0
1541,51.3667,1,1,,6416.0,1,297.0,39.0,330.0,290.0,314.8256,165.4154,0.8389,0.8456,0.9076,0.0137,3.4439,9.8746,24.0,249,0,0,0
1542,51.4,1,1,,6459.0,2,295.0,39.0,329.0,290.0,314.168,165.8634,0.8133,0.8195,0.915,0.0156,5.4906,9.8604,24.0,249,0,0,0
1543,51.4333,1,1,,6453.0,2,295.0,39.0,329.0,290.0,314.1592,165.8909,0.8124,0.8186,0.9151,0.0157,5.5248,9.8497,24.0,249,0,0,0
1544,51.4667,1,1,,6414.0,1,297.0,39.0,330.0,290.0,314.8293,165.4744,0.8362,0.8428,0.9102,0.0139,3.5476,9.842,24.0,249,0,0,0
1545,51.5,1,1,,6447.0,2,295.0,39.0,329.0,290.0,314.1585,165.8818,0.8113,0.8176,0.9155,0.0156,5.5602,9.8357,24.0,249,0,0,0
1546,51.5333,1,1,,6438.0,2,295.0,39.0,329.0,290.0,314.1555,165.9447,0.8102,0.8164,0.9155,0.0158,5.5839,9.8213,24.0,249,0,0,0
1547,51.5667,1,1,,6406.0,1,297.0,39.0,330.0,290.0,314.808,165.5259,0.8333,0.8398,0.9123,0.0141,3.6012,9.8061,24.0,249,0,0,0
1548,51.6,1,1,,6380.0,1,297.0,39.0,330.0,290.0,314.7451,165.6194,0.8324,0.839,0.9095,0.0145,3.6088,9.7961,24.0,249,0,0,0
1549,51.6333,1,1,,6397.0,1,297.0,39.0,330.0,290.0,314.7799,165.6423,0.8368,0.8434,0.9072,0.0145,3.6294,9.8471,24.0,249,0,0,0
1550,51.6667,1,1,,6404.0,1,297.0,39.0,330.0,290.0,314.8092,165.5423,0.8403,0.847,0.9042,0.0142,3.6304,9.8895,24.0,249,0,0,0
1551,51.7,1,1,,6402.0,1,297.0,39.0,330.0,290.0,314.7874,165.5987,0.8428,0.8497,0.901,0.0144,3.6244,9.9198,24.0,249,0,0,0
1552,51.7333,1,1,,6402.0,1,297.0,39.0,330.0,290.0,314.8005,165.5459,0.8448,0.8517,0.8988,0.0142,3.6085,9.9429,24.0,249,0,0,0
1553,51.7667,1,1,,6403.0,1,297.0,39.0,330.0,290.0,314.8193,165.5654,0.8466,0.8536,0.897,0.0141,3.5761,9.963,24.0,249,0,0,0
1554,51.8,1,1,,6404.0,1,297.0,39.0,330.0,290.0,314.8175,165.5568,0.8481,0.8551,0.8956,0.014,3.5447,9.9793,24.0,249,0,0,0
1555,51.8333,1,1,,6404.0,1,297.0,39.0,330.0,290.0,314.8175,165.5568,0.8491,0.856,0.8947,0.014,3.5204,9.9902,24.0,249,0,0,0
1556,51.8667,1,1,,6405.0,1,297.0,39.0,330.0,290.0,314.8187,165.5753,0.8496,0.8566,0.8942,0.0141,3.5036,9.9968,24.0,249,0,0,0
1557,51.9,1,1,,6398.0,1,297.0,39.0,330.0,290.0,314.8042,165.5152,0.8494,0.8564,0.8934,0.0139,3.4942,9.9942,24.0,249,0,0,0
1558,51.9333,1,1,,6398.0,1,297.0,39.0,330.0,290.0,314.8042,165.5152,0.8489,0.8558,0.8941,0.0138,3.503,9.9857,24.0,249,0,0,0
1559,51.9667,1,1,,6395.0,1,297.0,39.0,330.0,290.0,314.7975,165.4971,0.8483,0.8551,0.8944,0.0136,3.5135,9.9775,24.0,249,0,0,0
1560,52.0,1,1,,6401.0,1,297.0,39.0,330.0,290.0,314.8107,165.7094,0.8483,0.8551,0.8954,0.0143,3.503,9.9757,24.0,249,0,0,0
1561,52.0333,1,1,,6408.0,1,297.0,39.0,330.0,290.0,314.8182,165.674,0.8484,0.8551,0.8964,0.0142,3.4635,9.9761,24.0,249,0,0,0
1562,52.0667,1,1,,6414.0,1,297.0,39.0,330.0,290.0,314.8227,165.6202,0.8479,0.8546,0.8978,0.014,3.4096,9.9714,24.0,249,0,0,0
1563,52.1,1,1,,6457.0,2,295.0,39.0,330.0,290.0,314.1745,166.0142,0.799,0.805,0.9047,0.0158,5.376,9.964,24.0,249,0,0,0
1564,52.1333,1,1,,6410.0,1,297.0,39.0,330.0,290.0,314.8251,165.6343,0.8465,0.8533,0.8986,0.0144,3.3529,9.9601,24.0,249,0,0,0
1565,52.1667,1,1,,6446.0,2,295.0,39.0,329.0,290.0,314.1663,165.9583,0.8213,0.8276,0.9043,0.0157,5.3421,9.9537,24.0,249,0,0,0
1566,52.2,1,1,,6410.0,1,297.0,39.0,330.0,290.0,314.8211,165.6535,0.8457,0.8523,0.8997,0.0144,3.342,9.9487,24.0,249,0,0,0
1567,52.2333,1,1,,6411.0,1,297.0,39.0,330.0,290.0,314.8194,165.6648,0.8452,0.8518,0.9005,0.0143,3.3448,9.9416,24.0,249,0,0,0
1568,52.2667,1,1,,6417.0,1,297.0,39.0,330.0,290.0,314.8072,165.657,0.8451,0.8516,0.9015,0.0143,3.3386,9.9397,24.0,249,0,0,0
1569,52.3,1,1,,6416.0,1,297.0,39.0,330.0,290.0,314.7882,165.6666,0.8453,0.8518,0.9011,0.0143,3.3398,9.9421,24.0,249,0,0,0
1570,52.3333,1,1,,6414.0,1,297.0,39.0,330.0,290.0,314.8257,165.5705,0.8457,0.8523,0.9003,0.014,3.3549,9.948,24.0,249,0,0,0
1571,52.3667,1,1,,6417.0,1,297.0,39.0,330.0,290.0,314.7994,165.6257,0.8461,0.8527,0.9003,0.0142,3.3687,9.9519,24.0,249,0,0,0
1572,52.4,1,1,,6450.0,2,295.0,39.0,330.0,290.0,314.1521,165.9868,0.7982,0.8041,0.9048,0.0157,5.37,9.9539,24.0,249,0,0,0
1573,52.4333,1,1,,6448.0,2,295.0,39.0,330.0,290.0,314.1563,165.9929,0.798,0.8038,0.905,0.0156,5.3797,9.9497,24.0,249,0,0,0
1574,52.4667,1,1,,6412.0,1,297.0,39.0,330.0,290.0,314.8205,165.803,0.8424,0.8487,0.904,0.0148,3.4417,9.9071,24.0,249,0,0,0
1575,52.5,1,1,,6415.0,1,297.0,39.0,330.0,290.0,314.82,165.8569,0.8387,0.8449,0.9086,0.0152,3.5105,9.866,24.0,249,0,0,0
1576,52.5333,1,1,,6420.0,1,297.0,39.0,330.0,290.0,314.81,165.8148,0.8355,0.8417,0.9128,0.0152,3.5661,9.8329,24.0,249,0,0,0
1577,52.5667,1,1,,6418.0,1,297.0,39.0,330.0,290.0,314.8068,165.7537,0.8329,0.839,0.9155,0.0151,3.6079,9.8049,24.0,249,0,0,0
1578,52.6,1,1,,6426.0,1,296.0,39.0,330.0,290.0,314.7852,165.7947,0.8054,0.8111,0.9202,0.0155,4.6915,9.7699,24.0,249,0,0,0
1579,52.6333,1,1,,6424.0,1,297.0,39.0,330.0,290.0,314.8012,165.7385,0.8271,0.8332,0.9227,0.0154,3.748,9.7433,24.0,249,0,0,0
1580,52.6667,1,1,,6426.0,1,297.0,39.0,330.0,290.0,314.8326,165.7227,0.8247,0.8308,0.9256,0.0156,3.7995,9.7193,24.0,249,0,0,0
1581,52.7,1,1,,6430.0,1,297.0,39.0,330.0,290.0,314.825,165.6818,0.8231,0.8291,0.9281,0.0156,3.831,9.7032,24.0,249,0,0,0
1582,52.7333,1,1,,6429.0,1,297.0,39.0,330.0,290.0,314.8287,165.6721,0.8228,0.8288,0.9283,0.0157,3.8353,9.7039,24.0,249,0,0,0
1583,52.7667,1,1,,6425.0,1,297.0,39.0,330.0,290.0,314.8416,165.6766,0.8232,0.8291,0.9275,0.0158,3.8229,9.7097,24.0,249,0,0,0
1584,52.8,1,1,,6417.0,1,297.0,39.0,330.0,290.0,314.8082,165.7516,0.8234,0.8293,0.9261,0.0162,3.8012,9.7145,24.0,249,0,0,0
1585,52.8333,1,1,,6424.0,1,297.0,39.0,330.0,290.0,314.8138,165.7992,0.8234,0.8294,0.9269,0.0167,3.7815,9.7189,24.0,249,0,0,0
1586,52.8667,1,1,,6425.0,1,297.0,39.0,330.0,290.0,314.8173,165.796,0.8224,0.8287,0.9274,0.0172,3.7958,9.7157,24.0,249,0,0,0
1587,52.9,1,1,,6426.0,1,297.0,39.0,330.0,290.0,314.8161,165.7764,0.8223,0.8289,0.927,0.0174,3.8112,9.7209,24.0,249,0,0,0
1588,52.9333,1,1,,6439.0,1,297.0,39.0,330.0,290.0,314.8143,165.7242,0.8229,0.8297,0.9279,0.0173,3.8192,9.7306,24.0,249,0,0,0
1589,52.9667,1,1,,6437.0,1,297.0,39.0,330.0,290.0,314.806,165.7463,0.8236,0.8306,0.9262,0.0177,3.8678,9.7434,24.0,249,0,0,0
1590,53.0,1,1,,6437.0,1,297.0,39.0,330.0,290.0,314.8102,165.7272,0.8242,0.8314,0.9249,0.0178,3.883,9.7539,24.0,249,0,0,0
1591,53.0333,1,1,,6437.0,1,297.0,39.0,330.0,290.0,314.8102,165.7272,0.825,0.8324,0.9237,0.0179,3.8653,9.7645,24.0,249,0,0,0
1592,53.0667,1,1,,6437.0,1,297.0,39.0,330.0,290.0,314.8024,165.7555,0.8257,0.8331,0.9228,0.0179,3.8165,9.7713,24.0,249,0,0,0
1593,53.1,1,1,,6439.0,1,297.0,39.0,330.0,290.0,314.8096,165.7287,0.8262,0.8337,0.9224,0.0177,3.7522,9.7751,24.0,249,0,0,0
1594,53.1333,1,1,,6436.0,1,297.0,39.0,330.0,290.0,314.8112,165.7651,0.8269,0.8345,0.9211,0.0177,3.6611,9.7808,24.0,249,0,0,0
1595,53.1667,1,1,,6436.0,1,297.0,39.0,330.0,290.0,314.8151,165.7631,0.8278,0.8353,0.9202,0.0175,3.5595,9.7859,24.0,249,0,0,0
1596,53.2,1,1,,6418.0,1,297.0,39.0,330.0,290.0,314.8221,165.7926,0.8283,0.8358,0.9171,0.0173,3.5316,9.7871,24.0,249,0,0,0
1597,53.2333,1,1,,6424.0,1,297.0,39.0,330.0,290.0,314.8342,165.7953,0.8268,0.8342,0.9198,0.0171,3.4984,9.7631,24.0,249,0,0,0
1598,53.2667,1,1,,6429.0,1,296.0,39.0,330.0,290.0,314.8317,165.7973,0.7997,0.8067,0.9239,0.0168,4.5007,9.7225,24.0,249,0,0,0
1599,53.3,1,1,,6428.0,1,297.0,39.0,330.0,290.0,314.8346,165.7797,0.8209,0.8283,0.927,0.0166,3.5188,9.6854,24.0,249,0,0,0
1600,53.3333,1,1,,6150.0,2,299.0,38.0,331.0,290.0,314.5872,165.2784,0.8471,0.8519,0.8893,0.0144,3.0134,9.6568,23.0,250,1,0,0
1601,53.3667,1,1,,6214.0,2,295.0,39.0,329.0,290.0,314.2071,166.0341,0.7935,0.8003,0.9002,0.0173,5.5687,9.6381,24.0,249,0,0,0
1602,53.4,1,1,,6221.0,2,294.0,39.0,329.0,290.0,314.1903,166.1181,0.7703,0.7767,0.902,0.0176,6.5781,9.6288,24.0,249,0,0,0
1603,53.4333,1,1,,6222.0,2,294.0,39.0,329.0,290.0,314.1872,166.1197,0.77,0.7765,0.9023,0.0177,6.5729,9.626,24.0,249,0,0,0
1604,53.4667,1,1,,6225.0,2,294.0,39.0,329.0,290.0,314.1818,166.0718,0.7697,0.7762,0.9029,0.0176,6.573,9.6236,24.0,249,0,0,0
1605,53.5,1,1,,6237.0,2,294.0,39.0,329.0,290.0,314.1618,166.085,0.7697,0.7764,0.9045,0.0177,6.5699,9.6258,24.0,249,0,0,0
1606,53.5333,1,1,,6243.0,2,294.0,39.0,329.0,290.0,314.148,166.1219,0.7703,0.7769,0.9046,0.0179,6.5449,9.6336,24.0,249,0,0,0
1607,53.5667,1,1,,6249.0,2,294.0,39.0,329.0,290.0,314.1447,166.1938,0.7708,0.7776,0.9047,0.0182,6.5263,9.641,24.0,249,0,0,0
1608,53.6,1,1,,6244.0,2,294.0,39.0,329.0,290.0,314.1392,166.2468,0.7714,0.7782,0.9031,0.0184,6.513,9.6477,24.0,249,0,0,0
1609,53.6333,1,1,,6251.0,2,294.0,39.0,329.0,290.0,314.1545,166.2206,0.7708,0.7782,0.9032,0.019,6.508,9.6523,24.0,249,0,0,0
1610,53.6667,1,1,,6257.0,2,294.0,39.0,329.0,290.0,314.1624,166.223,0.7701,0.7779,0.9038,0.0193,6.4664,9.6469,24.0,249,0,0,0
1611,53.7,1,1,,6257.0,2,294.0,39.0,329.0,290.0,314.1624,166.223,0.7694,0.7775,0.9039,0.0193,6.438,9.6391,24.0,249,0,0,0
1612,53.7333,1,1,,6255.0,2,294.0,39.0,329.0,290.0,314.1594,166.2547,0.7694,0.7776,0.9033,0.0193,6.4271,9.6364,24.0,249,0,0,0
1613,53.7667,1,1,,6253.0,2,294.0,39.0,329.0,290.0,314.1545,166.2225,0.7687,0.7775,0.9022,0.0198,6.4474,9.6368,24.0,249,0,0,0
1614,53.8,1,1,,6256.0,2,294.0,39.0,329.0,290.0,314.1571,166.2278,0.7683,0.7775,0.9021,0.0201,6.4683,9.6363,24.0,249,0,0,0
1615,53.8333,1,1,,6259.0,2,294.0,39.0,329.0,290.0,314.1553,166.232,0.7679,0.7768,0.9038,0.0196,6.4709,9.6212,24.0,249,0,0,0
1616,53.8667,1,1,,6262.0,2,294.0,39.0,329.0,290.0,314.1565,166.213,0.7658,0.7742,0.9078,0.0188,6.5112,9.5839,24.0,249,0,0,0
1617,53.9,1,1,,6266.0,2,294.0,39.0,329.0,290.0,314.1521,166.2421,0.7641,0.7721,0.9114,0.0185,6.5456,9.5544,24.0,249,0,0,0
1618,53.9333,1,1,,6269.0,2,294.0,39.0,329.0,290.0,314.1499,166.2697,0.7625,0.7702,0.9145,0.0183,6.5821,9.5299,24.0,249,0,0,0
1619,53.9667,1,1,,6271.0,2,294.0,39.0,329.0,290.0,314.1459,166.2663,0.7617,0.7691,0.9165,0.018,6.6118,9.5144,24.0,249,0,0,0
1620,54.0,1,1,,6255.0,2,294.0,39.0,329.0,290.0,314.1557,166.2991,0.7612,0.7684,0.9154,0.0179,6.6322,9.5041,24.0,249,0,0,0
1621,54.0333,1,1,,6267.0,2,294.0,39.0,329.0,290.0,314.1854,166.3228,0.7596,0.7668,0.9191,0.0181,6.8718,9.4854,24.0,249,0,0,0
1622,54.0667,1,1,,6271.0,2,294.0,39.0,329.0,290.0,314.1772,166.3489,0.7593,0.7664,0.9201,0.0185,7.0404,9.485,24.0,249,0,0,0
1623,54.1,1,1,,6273.0,2,294.0,39.0,329.0,290.0,314.1769,166.3477,0.7606,0.7678,0.9186,0.0188,7.0948,9.5076,24.0,249,0,0,0
1624,54.1333,1,1,,6275.0,2,294.0,39.0,329.0,290.0,314.1771,166.3619,0.7619,0.7693,0.9171,0.0191,7.0958,9.5297,24.0,249,0,0,0
1625,54.1667,1,1,,6275.0,2,294.0,39.0,329.0,290.0,314.1727,166.3388,0.7632,0.7706,0.9155,0.0193,7.0689,9.5494,24.0,249,0,0,0
1626,54.2,1,1,,6276.0,2,294.0,39.0,329.0,290.0,314.1707,166.323,0.7648,0.7722,0.9136,0.0193,7.0134,9.5722,24.0,249,0,0,0
1627,54.2333,1,1,,6274.0,2,294.0,39.0,329.0,290.0,314.1619,166.2813,0.7663,0.7737,0.9116,0.0192,6.9558,9.5924,24.0,249,0,0,0
1628,54.2667,1,1,,6280.0,2,294.0,39.0,329.0,290.0,314.1621,166.3139,0.7676,0.775,0.911,0.0193,6.911,9.6076,24.0,249,0,0,0
1629,54.3,1,1,,6279.0,2,294.0,39.0,329.0,290.0,314.1554,166.2871,0.7677,0.7751,0.9109,0.019,6.9044,9.6046,24.0,249,0,0,0
1630,54.3333,1,1,,6278.0,2,294.0,39.0,329.0,290.0,314.1536,166.2996,0.7675,0.7749,0.9109,0.0188,6.9121,9.5984,24.0,249,0,0,0
1631,54.3667,1,1,,6278.0,2,294.0,39.0,329.0,290.0,314.1536,166.2996,0.7674,0.7747,0.9111,0.0186,6.9214,9.5924,24.0,249,0,0,0
1632,54.4,1,1,,6262.0,2,294.0,39.0,329.0,290.0,314.1448,166.2625,0.7671,0.7745,0.9091,0.0183,6.9297,9.5856,24.0,249,0,0,0
1633,54.4333,0,0,no_mask,,0,,,,,,,,,,,,,,0,0,0,0
1634,54.4667,0,0,no_mask,,0,,,,,,,,,,,,,,0,0,0,0
1635,54.5,0,0,no_mask,,0,,,,,,,,,,,,,,0,0,0,0
1636,54.5333,0,0,no_mask,,0,,,,,,,,,,,,,,0,0,0,0
1637,54.5667,0,0,no_mask,,0,,,,,,,,,,,,,,0,0,0,0
1638,54.6,0,0,no_mask,,0,,,,,,,,,,,,,,0,0,0,0
1639,54.6333,0,0,no_mask,,0,,,,,,,,,,,,,,0,0,0,0
1640,54.6667,0,0,no_mask,,0,,,,,,,,,,,,,,0,0,0,0
1641,54.7,0,0,no_mask,,0,,,,,,,,,,,,,,0,0,0,0
1642,54.7333,0,0,no_mask,,0,,,,,,,,,,,,,,0,0,0,0
1643,54.7667,0,0,no_mask,,0,,,,,,,,,,,,,,0,0,0,0
1644,54.8,0,0,no_mask,,0,,,,,,,,,,,,,,0,0,0,0
1645,54.8333,0,0,no_mask,,0,,,,,,,,,,,,,,0,0,0,0
1646,54.8667,0,0,no_mask,,0,,,,,,,,,,,,,,0,0,0,0
1647,54.9,0,0,no_mask,,0,,,,,,,,,,,,,,0,0,0,0
1648,54.9333,0,0,no_mask,,0,,,,,,,,,,,,,,0,0,0,0
1649,54.9667,0,0,no_mask,,0,,,,,,,,,,,,,,0,0,0,0
1650,55.0,0,0,no_mask,,0,,,,,,,,,,,,,,0,0,0,0
1651,55.0333,0,0,no_mask,,0,,,,,,,,,,,,,,0,0,0,0
1652,55.0667,0,0,no_mask,,0,,,,,,,,,,,,,,0,0,0,0
1653,55.1,0,0,no_box,,0,,,,,,,,,,,,,,0,0,0,0
1654,55.1333,0,0,no_box,,0,,,,,,,,,,,,,,0,0,0,0
1655,55.1667,0,0,no_box,,0,,,,,,,,,,,,,,0,0,0,0
1656,55.2,0,0,no_box,,0,,,,,,,,,,,,,,0,0,0,0
1657,55.2333,0,0,no_box,,0,,,,,,,,,,,,,,0,0,0,0
1658,55.2667,0,0,no_box,,0,,,,,,,,,,,,,,0,0,0,0
1659,55.3,0,0,no_box,,0,,,,,,,,,,,,,,0,0,0,0
1660,55.3333,0,0,no_box,,0,,,,,,,,,,,,,,0,0,0,0
1661,55.3667,0,0,no_box,,0,,,,,,,,,,,,,,0,0,0,0
1662,55.4,0,0,no_box,,0,,,,,,,,,,,,,,0,0,0,0
1663,55.4333,0,0,no_box,,0,,,,,,,,,,,,,,0,0,0,0
1664,55.4667,0,0,no_box,,0,,,,,,,,,,,,,,0,0,0,0
1665,55.5,0,0,no_box,,0,,,,,,,,,,,,,,0,0,0,0
1666,55.5333,0,0,no_box,,0,,,,,,,,,,,,,,0,0,0,0
1667,55.5667,0,0,no_box,,0,,,,,,,,,,,,,,0,0,0,0
1668,55.6,0,0,no_box,,0,,,,,,,,,,,,,,0,0,0,0
1669,55.6333,0,0,no_box,,0,,,,,,,,,,,,,,0,0,0,0
1670,55.6667,0,0,no_box,,0,,,,,,,,,,,,,,0,0,0,0
1671,55.7,0,0,no_box,,0,,,,,,,,,,,,,,0,0,0,0
1672,55.7333,0,0,no_box,,0,,,,,,,,,,,,,,0,0,0,0
1673,55.7667,0,0,no_box,,0,,,,,,,,,,,,,,0,0,0,0
1674,55.8,0,0,no_box,,0,,,,,,,,,,,,,,0,0,0,0
1675,55.8333,0,0,no_box,,0,,,,,,,,,,,,,,0,0,0,0
1676,55.8667,0,0,no_box,,0,,,,,,,,,,,,,,0,0,0,0
1677,55.9,0,0,no_box,,0,,,,,,,,,,,,,,0,0,0,0
1678,55.9333,0,0,no_box,,0,,,,,,,,,,,,,,0,0,0,0
1679,55.9667,0,0,no_box,,0,,,,,,,,,,,,,,0,0,0,0
1680,56.0,0,0,no_box,,0,,,,,,,,,,,,,,0,0,0,0
1681,56.0333,0,0,no_box,,0,,,,,,,,,,,,,,0,0,0,0
1682,56.0667,0,0,no_box,,0,,,,,,,,,,,,,,0,0,0,0
1683,56.1,0,0,no_box,,0,,,,,,,,,,,,,,0,0,0,0
1684,56.1333,0,0,no_box,,0,,,,,,,,,,,,,,0,0,0,0
1685,56.1667,0,0,no_box,,0,,,,,,,,,,,,,,0,0,0,0
1686,56.2,0,0,no_box,,0,,,,,,,,,,,,,,0,0,0,0
1687,56.2333,0,0,no_box,,0,,,,,,,,,,,,,,0,0,0,0
1688,56.2667,0,0,no_box,,0,,,,,,,,,,,,,,0,0,0,0
1689,56.3,0,0,no_box,,0,,,,,,,,,,,,,,0,0,0,0
1690,56.3333,0,0,no_box,,0,,,,,,,,,,,,,,0,0,0,0
1691,56.3667,0,0,no_box,,0,,,,,,,,,,,,,,0,0,0,0
1692,56.4,0,0,no_box,,0,,,,,,,,,,,,,,0,0,0,0
1693,56.4333,0,0,no_box,,0,,,,,,,,,,,,,,0,0,0,0
1694,56.4667,0,0,no_box,,0,,,,,,,,,,,,,,0,0,0,0
1695,56.5,0,0,no_box,,0,,,,,,,,,,,,,,0,0,0,0
1696,56.5333,0,0,no_box,,0,,,,,,,,,,,,,,0,0,0,0
1697,56.5667,0,0,no_box,,0,,,,,,,,,,,,,,0,0,0,0
1698,56.6,0,0,no_box,,0,,,,,,,,,,,,,,0,0,0,0
1699,56.6333,0,0,no_box,,0,,,,,,,,,,,,,,0,0,0,0
1700,56.6667,0,0,no_box,,0,,,,,,,,,,,,,,0,0,0,0
1701,56.7,0,0,no_box,,0,,,,,,,,,,,,,,0,0,0,0
1702,56.7333,0,0,no_box,,0,,,,,,,,,,,,,,0,0,0,0
1703,56.7667,0,0,no_box,,0,,,,,,,,,,,,,,0,0,0,0
1704,56.8,0,0,no_box,,0,,,,,,,,,,,,,,0,0,0,0
1705,56.8333,0,0,no_box,,0,,,,,,,,,,,,,,0,0,0,0
1706,56.8667,0,0,no_box,,0,,,,,,,,,,,,,,0,0,0,0
1707,56.9,0,0,no_box,,0,,,,,,,,,,,,,,0,0,0,0
1708,56.9333,0,0,no_box,,0,,,,,,,,,,,,,,0,0,0,0
1709,56.9667,0,0,no_box,,0,,,,,,,,,,,,,,0,0,0,0
1710,57.0,0,0,no_box,,0,,,,,,,,,,,,,,0,0,0,0
1711,57.0333,0,0,no_box,,0,,,,,,,,,,,,,,0,0,0,0
1712,57.0667,0,0,no_box,,0,,,,,,,,,,,,,,0,0,0,0
1713,57.1,0,0,no_box,,0,,,,,,,,,,,,,,0,0,0,0
1714,57.1333,0,0,no_box,,0,,,,,,,,,,,,,,0,0,0,0
1715,57.1667,0,0,no_box,,0,,,,,,,,,,,,,,0,0,0,0
1716,57.2,0,0,no_box,,0,,,,,,,,,,,,,,0,0,0,0
1717,57.2333,0,0,no_box,,0,,,,,,,,,,,,,,0,0,0,0
1718,57.2667,0,0,no_box,,0,,,,,,,,,,,,,,0,0,0,0
1719,57.3,0,0,no_box,,0,,,,,,,,,,,,,,0,0,0,0
1720,57.3333,0,0,no_box,,0,,,,,,,,,,,,,,0,0,0,0
1721,57.3667,0,0,no_box,,0,,,,,,,,,,,,,,0,0,0,0
1722,57.4,0,0,no_box,,0,,,,,,,,,,,,,,0,0,0,0
1723,57.4333,0,0,no_box,,0,,,,,,,,,,,,,,0,0,0,0
1724,57.4667,0,0,no_box,,0,,,,,,,,,,,,,,0,0,0,0
1725,57.5,0,0,no_box,,0,,,,,,,,,,,,,,0,0,0,0
1726,57.5333,0,0,no_box,,0,,,,,,,,,,,,,,0,0,0,0
1727,57.5667,0,0,no_box,,0,,,,,,,,,,,,,,0,0,0,0
1728,57.6,0,0,no_box,,0,,,,,,,,,,,,,,0,0,0,0
1729,57.6333,0,0,no_box,,0,,,,,,,,,,,,,,0,0,0,0
1730,57.6667,0,0,no_box,,0,,,,,,,,,,,,,,0,0,0,0
1731,57.7,0,0,no_box,,0,,,,,,,,,,,,,,0,0,0,0
1732,57.7333,0,0,no_box,,0,,,,,,,,,,,,,,0,0,0,0
1733,57.7667,0,0,no_box,,0,,,,,,,,,,,,,,0,0,0,0
1734,57.8,0,0,no_box,,0,,,,,,,,,,,,,,0,0,0,0
1735,57.8333,0,0,no_box,,0,,,,,,,,,,,,,,0,0,0,0
1736,57.8667,0,0,no_box,,0,,,,,,,,,,,,,,0,0,0,0
1737,57.9,0,0,no_box,,0,,,,,,,,,,,,,,0,0,0,0
1738,57.9333,0,0,no_box,,0,,,,,,,,,,,,,,0,0,0,0
1739,57.9667,0,0,no_box,,0,,,,,,,,,,,,,,0,0,0,0
1740,58.0,0,0,no_box,,0,,,,,,,,,,,,,,0,0,0,0
1741,58.0333,0,0,no_box,,0,,,,,,,,,,,,,,0,0,0,0
1742,58.0667,0,0,no_box,,0,,,,,,,,,,,,,,0,0,0,0
1743,58.1,0,0,no_box,,0,,,,,,,,,,,,,,0,0,0,0
1744,58.1333,0,0,no_box,,0,,,,,,,,,,,,,,0,0,0,0
1745,58.1667,0,0,no_box,,0,,,,,,,,,,,,,,0,0,0,0
1746,58.2,0,0,no_box,,0,,,,,,,,,,,,,,0,0,0,0
1747,58.2333,0,0,no_box,,0,,,,,,,,,,,,,,0,0,0,0
1748,58.2667,0,0,no_box,,0,,,,,,,,,,,,,,0,0,0,0
1749,58.3,0,0,no_box,,0,,,,,,,,,,,,,,0,0,0,0
1750,58.3333,0,0,no_box,,0,,,,,,,,,,,,,,0,0,0,0
1751,58.3667,0,0,no_box,,0,,,,,,,,,,,,,,0,0,0,0
1752,58.4,0,0,no_box,,0,,,,,,,,,,,,,,0,0,0,0
