frame,t,ok,has,reason,area,n_comp,x1,y1,x2,y2,cx,cy,iou_box,contain,area_ratio,center_off,escape,esc_tol,w_row_med,h_rows,prompted,reanchored,bad_run
0,0.0,0,0,no_track,,,,,,,,,,,,,,,,,,,
1,0.0333,0,0,no_track,,,,,,,,,,,,,,,,,,,
2,0.0667,0,0,no_track,,,,,,,,,,,,,,,,,,,
3,0.1,0,0,no_track,,,,,,,,,,,,,,,,,,,
4,0.1333,0,0,no_track,,,,,,,,,,,,,,,,,,,
5,0.1667,0,0,no_track,,,,,,,,,,,,,,,,,,,
6,0.2,0,0,no_track,,,,,,,,,,,,,,,,,,,
7,0.2333,0,0,no_track,,,,,,,,,,,,,,,,,,,
8,0.2667,0,0,no_track,,,,,,,,,,,,,,,,,,,
9,0.3,0,0,no_track,,,,,,,,,,,,,,,,,,,
10,0.3333,0,0,no_track,,,,,,,,,,,,,,,,,,,
11,0.3667,0,0,no_track,,,,,,,,,,,,,,,,,,,
12,0.4,0,0,no_track,,,,,,,,,,,,,,,,,,,
13,0.4333,0,0,no_track,,,,,,,,,,,,,,,,,,,
14,0.4667,0,0,no_track,,,,,,,,,,,,,,,,,,,
15,0.5,0,0,no_track,,,,,,,,,,,,,,,,,,,
16,0.5333,0,0,no_track,,,,,,,,,,,,,,,,,,,
17,0.5667,0,0,no_track,,,,,,,,,,,,,,,,,,,
18,0.6,0,0,no_track,,,,,,,,,,,,,,,,,,,
19,0.6333,0,0,no_track,,,,,,,,,,,,,,,,,,,
20,0.6667,0,0,no_track,,,,,,,,,,,,,,,,,,,
21,0.7,0,0,no_track,,,,,,,,,,,,,,,,,,,
22,0.7333,0,0,no_track,,,,,,,,,,,,,,,,,,,
23,0.7667,0,0,no_track,,,,,,,,,,,,,,,,,,,
24,0.8,0,0,no_track,,,,,,,,,,,,,,,,,,,
25,0.8333,0,0,no_track,,,,,,,,,,,,,,,,,,,
26,0.8667,0,0,no_track,,,,,,,,,,,,,,,,,,,
27,0.9,0,0,no_track,,,,,,,,,,,,,,,,,,,
28,0.9333,0,0,no_track,,,,,,,,,,,,,,,,,,,
29,0.9667,0,0,no_track,,,,,,,,,,,,,,,,,,,
30,1.0,0,0,no_track,,,,,,,,,,,,,,,,,,,
31,1.0333,0,0,no_track,,,,,,,,,,,,,,,,,,,
32,1.0667,0,0,no_track,,,,,,,,,,,,,,,,,,,
33,1.1,0,0,no_track,,,,,,,,,,,,,,,,,,,
34,1.1333,0,0,no_track,,,,,,,,,,,,,,,,,,,
35,1.1667,0,0,no_track,,,,,,,,,,,,,,,,,,,
36,1.2,0,0,no_track,,,,,,,,,,,,,,,,,,,
37,1.2333,0,0,no_track,,,,,,,,,,,,,,,,,,,
38,1.2667,0,0,no_track,,,,,,,,,,,,,,,,,,,
39,1.3,0,0,no_track,,,,,,,,,,,,,,,,,,,
40,1.3333,0,0,no_track,,,,,,,,,,,,,,,,,,,
41,1.3667,0,0,no_track,,,,,,,,,,,,,,,,,,,
42,1.4,0,0,no_track,,,,,,,,,,,,,,,,,,,
43,1.4333,0,0,no_track,,,,,,,,,,,,,,,,,,,
44,1.4667,0,0,no_track,,,,,,,,,,,,,,,,,,,
45,1.5,0,0,no_track,,,,,,,,,,,,,,,,,,,
46,1.5333,0,0,no_track,,,,,,,,,,,,,,,,,,,
47,1.5667,0,0,no_track,,,,,,,,,,,,,,,,,,,
48,1.6,0,0,no_track,,,,,,,,,,,,,,,,,,,
49,1.6333,0,0,no_track,,,,,,,,,,,,,,,,,,,
50,1.6667,0,0,no_track,,,,,,,,,,,,,,,,,,,
51,1.7,0,0,no_track,,,,,,,,,,,,,,,,,,,
52,1.7333,0,0,no_track,,,,,,,,,,,,,,,,,,,
53,1.7667,0,0,no_track,,,,,,,,,,,,,,,,,,,
54,1.8,0,0,no_track,,,,,,,,,,,,,,,,,,,
55,1.8333,0,0,no_track,,,,,,,,,,,,,,,,,,,
56,1.8667,0,0,no_track,,,,,,,,,,,,,,,,,,,
57,1.9,0,0,no_track,,,,,,,,,,,,,,,,,,,
58,1.9333,0,0,no_track,,,,,,,,,,,,,,,,,,,
59,1.9667,0,0,no_track,,,,,,,,,,,,,,,,,,,
60,2.0,0,0,no_track,,,,,,,,,,,,,,,,,,,
61,2.0333,0,0,no_track,,,,,,,,,,,,,,,,,,,
62,2.0667,0,0,no_track,,,,,,,,,,,,,,,,,,,
63,2.1,0,0,no_track,,,,,,,,,,,,,,,,,,,
64,2.1333,0,0,no_track,,,,,,,,,,,,,,,,,,,
65,2.1667,0,0,no_track,,,,,,,,,,,,,,,,,,,
66,2.2,0,0,no_track,,,,,,,,,,,,,,,,,,,
67,2.2333,0,0,no_track,,,,,,,,,,,,,,,,,,,
68,2.2667,0,0,no_track,,,,,,,,,,,,,,,,,,,
69,2.3,0,0,no_track,,,,,,,,,,,,,,,,,,,
70,2.3333,0,0,no_track,,,,,,,,,,,,,,,,,,,
71,2.3667,0,0,no_track,,,,,,,,,,,,,,,,,,,
72,2.4,0,0,no_track,,,,,,,,,,,,,,,,,,,
73,2.4333,0,0,no_track,,,,,,,,,,,,,,,,,,,
74,2.4667,0,0,no_track,,,,,,,,,,,,,,,,,,,
75,2.5,0,0,no_track,,,,,,,,,,,,,,,,,,,
76,2.5333,0,0,no_track,,,,,,,,,,,,,,,,,,,
77,2.5667,0,0,no_track,,,,,,,,,,,,,,,,,,,
78,2.6,0,0,no_track,,,,,,,,,,,,,,,,,,,
79,2.6333,0,0,no_track,,,,,,,,,,,,,,,,,,,
80,2.6667,0,0,no_track,,,,,,,,,,,,,,,,,,,
81,2.7,0,0,no_track,,,,,,,,,,,,,,,,,,,
82,2.7333,0,0,no_track,,,,,,,,,,,,,,,,,,,
83,2.7667,0,0,no_track,,,,,,,,,,,,,,,,,,,
84,2.8,0,0,no_track,,,,,,,,,,,,,,,,,,,
85,2.8333,0,0,no_track,,,,,,,,,,,,,,,,,,,
86,2.8667,0,0,no_track,,,,,,,,,,,,,,,,,,,
87,2.9,0,0,no_track,,,,,,,,,,,,,,,,,,,
88,2.9333,0,0,no_track,,,,,,,,,,,,,,,,,,,
89,2.9667,0,0,no_track,,,,,,,,,,,,,,,,,,,
90,3.0,0,0,no_track,,,,,,,,,,,,,,,,,,,
91,3.0333,0,0,no_track,,,,,,,,,,,,,,,,,,,
92,3.0667,0,0,no_track,,,,,,,,,,,,,,,,,,,
93,3.1,0,0,no_track,,,,,,,,,,,,,,,,,,,
94,3.1333,0,0,no_track,,,,,,,,,,,,,,,,,,,
95,3.1667,0,0,no_track,,,,,,,,,,,,,,,,,,,
96,3.2,0,0,no_track,,,,,,,,,,,,,,,,,,,
97,3.2333,0,0,no_track,,,,,,,,,,,,,,,,,,,
98,3.2667,0,0,no_track,,,,,,,,,,,,,,,,,,,
99,3.3,0,0,no_track,,,,,,,,,,,,,,,,,,,
100,3.3333,0,0,no_track,,,,,,,,,,,,,,,,,,,
101,3.3667,0,0,no_track,,,,,,,,,,,,,,,,,,,
102,3.4,0,0,no_track,,,,,,,,,,,,,,,,,,,
103,3.4333,0,0,no_track,,,,,,,,,,,,,,,,,,,
104,3.4667,0,0,no_track,,,,,,,,,,,,,,,,,,,
105,3.5,0,0,no_track,,,,,,,,,,,,,,,,,,,
106,3.5333,0,0,no_track,,,,,,,,,,,,,,,,,,,
107,3.5667,0,0,no_track,,,,,,,,,,,,,,,,,,,
108,3.6,0,0,no_track,,,,,,,,,,,,,,,,,,,
109,3.6333,0,0,no_track,,,,,,,,,,,,,,,,,,,
110,3.6667,0,0,no_track,,,,,,,,,,,,,,,,,,,
111,3.7,0,0,no_track,,,,,,,,,,,,,,,,,,,
112,3.7333,0,0,no_track,,,,,,,,,,,,,,,,,,,
113,3.7667,0,0,no_track,,,,,,,,,,,,,,,,,,,
114,3.8,0,0,no_track,,,,,,,,,,,,,,,,,,,
115,3.8333,0,0,no_track,,,,,,,,,,,,,,,,,,,
116,3.8667,0,0,no_track,,,,,,,,,,,,,,,,,,,
117,3.9,0,0,no_track,,,,,,,,,,,,,,,,,,,
118,3.9333,0,0,no_track,,,,,,,,,,,,,,,,,,,
119,3.9667,0,0,no_track,,,,,,,,,,,,,,,,,,,
120,4.0,0,0,no_track,,,,,,,,,,,,,,,,,,,
121,4.0333,0,0,no_track,,,,,,,,,,,,,,,,,,,
122,4.0667,0,0,no_track,,,,,,,,,,,,,,,,,,,
123,4.1,0,0,no_track,,,,,,,,,,,,,,,,,,,
124,4.1333,0,0,no_track,,,,,,,,,,,,,,,,,,,
125,4.1667,0,0,no_track,,,,,,,,,,,,,,,,,,,
126,4.2,0,0,no_track,,,,,,,,,,,,,,,,,,,
127,4.2333,0,0,no_track,,,,,,,,,,,,,,,,,,,
128,4.2667,0,0,no_track,,,,,,,,,,,,,,,,,,,
129,4.3,0,0,no_track,,,,,,,,,,,,,,,,,,,
130,4.3333,0,0,no_track,,,,,,,,,,,,,,,,,,,
131,4.3667,0,0,no_track,,,,,,,,,,,,,,,,,,,
132,4.4,0,0,no_track,,,,,,,,,,,,,,,,,,,
133,4.4333,0,0,no_track,,,,,,,,,,,,,,,,,,,
134,4.4667,0,0,no_track,,,,,,,,,,,,,,,,,,,
135,4.5,0,0,no_track,,,,,,,,,,,,,,,,,,,
136,4.5333,0,0,no_track,,,,,,,,,,,,,,,,,,,
137,4.5667,0,0,no_track,,,,,,,,,,,,,,,,,,,
138,4.6,0,0,no_track,,,,,,,,,,,,,,,,,,,
139,4.6333,0,0,no_track,,,,,,,,,,,,,,,,,,,
140,4.6667,0,0,no_track,,,,,,,,,,,,,,,,,,,
141,4.7,0,0,no_track,,,,,,,,,,,,,,,,,,,
142,4.7333,0,0,no_track,,,,,,,,,,,,,,,,,,,
143,4.7667,0,0,no_track,,,,,,,,,,,,,,,,,,,
144,4.8,0,0,no_track,,,,,,,,,,,,,,,,,,,
145,4.8333,0,0,no_track,,,,,,,,,,,,,,,,,,,
146,4.8667,0,0,no_track,,,,,,,,,,,,,,,,,,,
147,4.9,0,0,no_track,,,,,,,,,,,,,,,,,,,
148,4.9333,0,0,no_track,,,,,,,,,,,,,,,,,,,
149,4.9667,0,0,no_track,,,,,,,,,,,,,,,,,,,
150,5.0,0,0,no_track,,,,,,,,,,,,,,,,,,,
151,5.0333,0,0,no_track,,,,,,,,,,,,,,,,,,,
152,5.0667,0,0,no_track,,,,,,,,,,,,,,,,,,,
153,5.1,0,0,no_track,,,,,,,,,,,,,,,,,,,
154,5.1333,0,0,no_track,,,,,,,,,,,,,,,,,,,
155,5.1667,0,0,no_track,,,,,,,,,,,,,,,,,,,
156,5.2,0,0,no_track,,,,,,,,,,,,,,,,,,,
157,5.2333,0,0,no_track,,,,,,,,,,,,,,,,,,,
158,5.2667,0,0,no_track,,,,,,,,,,,,,,,,,,,
159,5.3,0,0,no_track,,,,,,,,,,,,,,,,,,,
160,5.3333,0,0,no_track,,,,,,,,,,,,,,,,,,,
161,5.3667,0,0,no_track,,,,,,,,,,,,,,,,,,,
162,5.4,0,0,no_track,,,,,,,,,,,,,,,,,,,
163,5.4333,0,0,no_track,,,,,,,,,,,,,,,,,,,
164,5.4667,0,0,no_track,,,,,,,,,,,,,,,,,,,
165,5.5,0,0,no_track,,,,,,,,,,,,,,,,,,,
166,5.5333,0,0,no_track,,,,,,,,,,,,,,,,,,,
167,5.5667,0,0,no_track,,,,,,,,,,,,,,,,,,,
168,5.6,0,0,no_track,,,,,,,,,,,,,,,,,,,
169,5.6333,0,0,no_track,,,,,,,,,,,,,,,,,,,
170,5.6667,0,0,no_track,,,,,,,,,,,,,,,,,,,
171,5.7,0,0,no_track,,,,,,,,,,,,,,,,,,,
172,5.7333,0,0,no_track,,,,,,,,,,,,,,,,,,,
173,5.7667,0,0,no_track,,,,,,,,,,,,,,,,,,,
174,5.8,0,0,no_track,,,,,,,,,,,,,,,,,,,
175,5.8333,0,0,no_track,,,,,,,,,,,,,,,,,,,
176,5.8667,0,0,no_track,,,,,,,,,,,,,,,,,,,
177,5.9,0,0,no_track,,,,,,,,,,,,,,,,,,,
178,5.9333,0,0,no_track,,,,,,,,,,,,,,,,,,,
179,5.9667,0,0,no_track,,,,,,,,,,,,,,,,,,,
180,6.0,0,0,no_track,,,,,,,,,,,,,,,,,,,
181,6.0333,0,0,no_track,,,,,,,,,,,,,,,,,,,
182,6.0667,0,0,no_track,,,,,,,,,,,,,,,,,,,
183,6.1,0,0,no_track,,,,,,,,,,,,,,,,,,,
184,6.1333,0,0,no_track,,,,,,,,,,,,,,,,,,,
185,6.1667,0,0,no_track,,,,,,,,,,,,,,,,,,,
186,6.2,0,0,no_track,,,,,,,,,,,,,,,,,,,
187,6.2333,0,0,no_track,,,,,,,,,,,,,,,,,,,
188,6.2667,0,0,no_track,,,,,,,,,,,,,,,,,,,
189,6.3,0,0,no_track,,,,,,,,,,,,,,,,,,,
190,6.3333,0,0,no_track,,,,,,,,,,,,,,,,,,,
191,6.3667,0,0,no_track,,,,,,,,,,,,,,,,,,,
192,6.4,0,0,no_track,,,,,,,,,,,,,,,,,,,
193,6.4333,0,0,no_track,,,,,,,,,,,,,,,,,,,
194,6.4667,0,0,no_track,,,,,,,,,,,,,,,,,,,
195,6.5,0,0,no_track,,,,,,,,,,,,,,,,,,,
196,6.5333,0,0,no_track,,,,,,,,,,,,,,,,,,,
197,6.5667,0,0,no_track,,,,,,,,,,,,,,,,,,,
198,6.6,0,0,no_track,,,,,,,,,,,,,,,,,,,
199,6.6333,0,0,no_track,,,,,,,,,,,,,,,,,,,
200,6.6667,0,0,no_track,,,,,,,,,,,,,,,,,,,
201,6.7,0,0,no_track,,,,,,,,,,,,,,,,,,,
202,6.7333,0,0,no_track,,,,,,,,,,,,,,,,,,,
203,6.7667,0,0,no_track,,,,,,,,,,,,,,,,,,,
204,6.8,0,0,no_track,,,,,,,,,,,,,,,,,,,
205,6.8333,0,0,no_track,,,,,,,,,,,,,,,,,,,
206,6.8667,0,0,no_track,,,,,,,,,,,,,,,,,,,
207,6.9,0,0,no_track,,,,,,,,,,,,,,,,,,,
208,6.9333,0,0,no_track,,,,,,,,,,,,,,,,,,,
209,6.9667,0,0,no_track,,,,,,,,,,,,,,,,,,,
210,7.0,0,0,no_track,,,,,,,,,,,,,,,,,,,
211,7.0333,0,0,no_track,,,,,,,,,,,,,,,,,,,
212,7.0667,0,0,no_track,,,,,,,,,,,,,,,,,,,
213,7.1,0,0,no_track,,,,,,,,,,,,,,,,,,,
214,7.1333,0,0,no_track,,,,,,,,,,,,,,,,,,,
215,7.1667,0,0,no_track,,,,,,,,,,,,,,,,,,,
216,7.2,0,0,no_track,,,,,,,,,,,,,,,,,,,
217,7.2333,0,0,no_track,,,,,,,,,,,,,,,,,,,
218,7.2667,0,0,no_track,,,,,,,,,,,,,,,,,,,
219,7.3,0,0,no_track,,,,,,,,,,,,,,,,,,,
220,7.3333,0,0,no_track,,,,,,,,,,,,,,,,,,,
221,7.3667,0,0,no_track,,,,,,,,,,,,,,,,,,,
222,7.4,0,0,no_track,,,,,,,,,,,,,,,,,,,
223,7.4333,0,0,no_track,,,,,,,,,,,,,,,,,,,
224,7.4667,0,0,no_track,,,,,,,,,,,,,,,,,,,
225,7.5,0,0,no_track,,,,,,,,,,,,,,,,,,,
226,7.5333,0,0,no_track,,,,,,,,,,,,,,,,,,,
227,7.5667,0,0,no_track,,,,,,,,,,,,,,,,,,,
228,7.6,1,1,,60.0,1,345.0,179.0,354.0,187.0,349.2667,182.6833,0.6747,0.9622,0.6003,0.0841,0.34,3.5735,7.0,6,1,0,0
229,7.6333,1,1,,61.0,1,344.0,179.0,354.0,188.0,349.082,183.4262,0.6697,0.8402,0.6191,0.1042,1.414,3.5287,7.0,7,0,0,0
230,7.6667,1,1,,60.0,1,344.0,180.0,354.0,188.0,349.0667,183.5,0.6037,0.8326,0.619,0.1077,1.479,3.4893,7.5,6,0,0,0
231,7.7,1,1,,62.0,1,345.0,179.0,354.0,188.0,349.0968,183.0161,0.7295,0.9204,0.6476,0.1003,0.5548,3.45,7.0,7,0,0,0
232,7.7333,1,1,,62.0,1,345.0,179.0,354.0,188.0,349.0968,183.0161,0.7247,0.9131,0.6524,0.0967,0.5833,3.3874,7.0,7,0,0,0
233,7.7667,1,1,,66.0,1,345.0,178.0,354.0,188.0,349.0455,182.697,0.8045,0.9202,0.6891,0.0947,0.5423,3.3665,7.0,8,0,0,0
234,7.8,1,1,,67.0,1,345.0,178.0,354.0,188.0,349.1045,182.5373,0.802,0.9298,0.6836,0.0831,0.4223,3.3852,7.0,8,0,0,0
235,7.8333,1,1,,63.0,1,345.0,178.0,353.0,187.0,348.7619,182.1587,0.6756,0.9636,0.6295,0.1016,0.291,3.3982,6.0,7,0,0,0
236,7.8667,1,1,,65.0,1,345.0,178.0,353.0,187.0,348.7538,182.2154,0.687,0.9849,0.6365,0.0891,0.1211,3.4348,7.0,7,0,0,0
237,7.9,1,1,,66.0,1,345.0,178.0,354.0,187.0,348.8182,182.2727,0.7806,0.9989,0.6373,0.082,0.0099,3.4644,7.0,7,0,0,0
238,7.9333,1,1,,66.0,1,345.0,178.0,353.0,187.0,348.697,182.2727,0.6892,1.0,0.6318,0.0903,-0.0087,3.4977,7.0,7,0,0,0
239,7.9667,1,1,,70.0,1,345.0,178.0,354.0,187.0,348.9429,182.2857,0.7537,0.9859,0.6678,0.0779,0.1265,3.5225,7.0,7,0,0,0
240,8.0,1,1,,81.0,1,344.0,176.0,354.0,187.0,348.5679,180.9877,0.796,0.8652,0.7733,0.0994,0.8232,3.5346,7.0,9,0,0,0
241,8.0333,1,1,,80.0,1,345.0,175.0,354.0,186.0,348.75,180.2875,0.8288,0.9379,0.7556,0.0695,0.6269,3.5919,7.0,9,0,0,0
242,8.0667,1,1,,80.0,1,345.0,175.0,354.0,186.0,348.8375,180.225,0.7955,0.9247,0.7433,0.0465,0.8287,3.6358,7.0,9,0,0,0
243,8.1,1,1,,81.0,1,345.0,174.0,354.0,185.0,348.7284,178.7284,0.8237,0.9495,0.7423,0.0718,0.3127,3.6565,7.0,9,0,0,0
244,8.1333,1,1,,82.0,1,345.0,174.0,354.0,185.0,348.7561,178.7927,0.7846,0.9267,0.7477,0.0443,0.8067,3.6398,7.0,9,0,0,0
245,8.1667,1,1,,81.0,1,345.0,174.0,354.0,185.0,348.7284,178.7284,0.7404,0.8843,0.7585,0.0489,1.2722,3.5065,7.0,9,0,0,0
246,8.2,1,1,,91.0,1,345.0,172.0,354.0,184.0,348.6264,177.3407,0.8424,0.8982,0.8737,0.072,0.7146,3.3824,7.0,10,0,0,0
247,8.2333,1,1,,94.0,1,345.0,171.0,354.0,184.0,348.7872,177.0851,0.8388,0.8609,0.9056,0.0394,1.3454,3.244,7.0,11,0,0,0
248,8.2667,1,1,,94.0,1,345.0,171.0,354.0,184.0,348.7766,176.9362,0.8118,0.8492,0.8973,0.0554,1.7616,3.1282,7.0,11,0,0,0
249,8.3,1,1,,94.0,1,345.0,170.0,354.0,183.0,348.6809,175.7447,0.897,0.9036,0.882,0.0505,0.839,3.0426,7.0,11,0,0,0
250,8.3333,1,1,,95.0,1,345.0,170.0,354.0,183.0,348.7263,175.7579,0.775,0.8316,0.8976,0.0658,1.5348,3.0,7.0,11,0,0,0
251,8.3667,1,1,,101.0,1,345.0,170.0,354.0,183.0,348.8119,175.6931,0.7137,0.7888,0.9656,0.0846,1.9648,3.0,8.0,11,0,0,0
252,8.4,1,1,,98.0,1,344.0,168.0,354.0,182.0,348.5,174.5612,0.7404,0.7404,0.9455,0.0866,1.6351,3.0,7.0,12,0,0,0
253,8.4333,1,1,,104.0,1,344.0,167.0,354.0,181.0,348.5096,173.9135,0.7632,0.7632,0.9734,0.0801,1.4303,3.0,7.0,12,0,0,0
254,8.4667,1,1,,106.0,1,344.0,167.0,354.0,181.0,348.434,173.8679,0.7262,0.7611,0.9357,0.1063,1.8687,3.1554,7.5,12,0,0,0
255,8.5,1,1,,111.0,1,344.0,167.0,354.0,180.0,348.2342,173.0631,0.7258,0.8058,0.9322,0.1051,1.3242,3.2877,8.0,11,0,0,0
256,8.5333,1,1,,111.0,1,344.0,166.0,354.0,180.0,348.1622,172.8468,0.7408,0.8045,0.8903,0.1125,1.7653,3.401,8.0,12,0,0,0
257,8.5667,1,1,,112.0,1,344.0,166.0,354.0,180.0,348.125,172.8214,0.7297,0.8114,0.8663,0.1162,1.8907,3.4864,8.0,12,0,0,0
258,8.6,1,1,,115.0,1,344.0,165.0,354.0,179.0,348.1826,171.5826,0.8392,0.8892,0.8658,0.0836,0.8359,3.5485,8.0,12,0,0,0
259,8.6333,1,1,,118.0,1,344.0,164.0,354.0,179.0,348.1441,170.7712,0.7955,0.8396,0.8788,0.0828,1.6408,3.5782,8.0,13,0,0,0
260,8.6667,1,1,,120.0,1,344.0,164.0,354.0,179.0,348.2167,170.8,0.7378,0.8093,0.8827,0.0907,2.4391,3.5966,8.0,13,0,0,0
261,8.7,1,1,,121.0,1,344.0,163.0,354.0,178.0,348.0992,170.2727,0.8024,0.8504,0.8862,0.0913,1.914,3.593,8.0,13,0,0,0
262,8.7333,1,1,,120.0,1,344.0,163.0,354.0,178.0,348.0583,170.3083,0.7574,0.8255,0.874,0.1113,2.3761,3.5633,8.0,13,0,0,0
263,8.7667,1,1,,124.0,1,344.0,163.0,354.0,178.0,348.129,170.1855,0.7471,0.8207,0.8993,0.1093,2.4877,3.5242,8.0,13,0,0,0
264,8.8,1,1,,132.0,1,344.0,160.0,354.0,176.0,348.1515,167.7424,0.843,0.8531,0.9537,0.0792,1.7139,3.4898,8.0,14,0,0,0
265,8.8333,1,1,,137.0,1,343.0,160.0,354.0,176.0,347.9197,167.3212,0.8069,0.8098,0.9569,0.064,1.5356,3.5057,8.0,14,0,0,0
266,8.8667,1,1,,138.0,1,343.0,160.0,354.0,176.0,347.8261,167.2971,0.7503,0.7942,0.9195,0.0793,2.2656,3.562,8.0,14,0,0,0
267,8.9,1,1,,144.0,1,343.0,157.0,354.0,173.0,347.6806,164.6389,0.8349,0.8581,0.9235,0.0917,1.3158,3.5999,8.0,14,0,0,0
268,8.9333,1,1,,145.0,1,343.0,157.0,354.0,173.0,347.6483,164.6345,0.922,0.9286,0.8805,0.0377,0.4593,3.6387,8.5,14,0,0,0
269,8.9667,1,1,,148.0,1,343.0,157.0,354.0,173.0,347.6622,164.5743,0.8487,0.9092,0.8577,0.0218,0.7572,3.6512,9.0,14,0,0,0
270,9.0,1,1,,148.0,1,343.0,153.0,353.0,171.0,347.4662,161.5676,0.7422,0.8487,0.8288,0.1375,2.724,3.6432,8.0,16,0,0,0
271,9.0333,1,1,,150.0,1,343.0,152.0,353.0,170.0,347.44,160.9067,0.8593,0.9338,0.8166,0.062,1.1469,3.5833,8.0,16,0,0,0
272,9.0667,1,1,,153.0,1,343.0,152.0,354.0,170.0,347.5359,160.8497,0.8609,0.9054,0.8074,0.0192,1.0406,3.533,8.5,16,0,0,0
273,9.1,1,1,,144.0,1,343.0,149.0,353.0,167.0,347.3194,157.4514,0.7953,0.9223,0.7394,0.1231,1.3192,3.4949,8.0,16,0,0,0
274,9.1333,1,1,,149.0,1,343.0,149.0,353.0,167.0,347.4228,157.5436,0.8791,0.9907,0.7406,0.0321,0.093,3.5415,8.0,16,0,0,0
275,9.1667,1,1,,143.0,1,343.0,149.0,353.0,167.0,347.3497,157.4056,0.8587,0.9881,0.6976,0.0254,0.1194,3.58,8.0,16,0,0,0
276,9.2,1,1,,159.0,1,342.0,144.0,353.0,164.0,347.2704,153.3962,0.7356,0.823,0.7674,0.1397,2.5015,3.6217,8.0,18,0,0,0
277,9.2333,1,1,,166.0,1,343.0,142.0,353.0,162.0,347.3735,151.2892,0.7931,0.9058,0.792,0.1151,1.8517,3.6637,8.5,18,0,0,0
278,9.2667,1,1,,162.0,1,343.0,143.0,353.0,162.0,347.4074,151.3765,0.8569,0.9455,0.813,0.0331,1.036,3.606,8.0,17,0,0,0
279,9.3,1,1,,154.0,1,343.0,139.0,353.0,159.0,347.0844,148.3247,0.8552,0.8917,0.8241,0.0873,1.4273,3.5571,8.0,18,0,0,0
280,9.3333,1,1,,157.0,1,343.0,139.0,353.0,159.0,347.1401,148.2484,0.7903,0.8367,0.8768,0.0742,2.9693,3.575,8.0,18,0,0,0
281,9.3667,0,1,mask_escaped_box,150.0,1,343.0,139.0,352.0,158.0,347.0133,148.1733,0.6647,0.8012,0.8715,0.1297,3.6992,3.5834,8.0,17,0,0,1
282,9.4,1,1,,157.0,1,342.0,135.0,352.0,154.0,346.465,143.1975,0.7036,0.7758,0.9406,0.1347,2.1121,3.5962,9.0,17,0,0,0
283,9.4333,1,1,,162.0,1,342.0,133.0,352.0,153.0,346.5123,142.0494,0.7322,0.782,0.9531,0.0692,2.0966,3.7103,8.0,18,0,0,0
284,9.4667,1,1,,160.0,1,342.0,133.0,353.0,152.0,346.5875,141.85,0.7831,0.8056,0.9176,0.0588,3.1403,3.8178,9.0,17,0,0,0
285,9.5,1,1,,161.0,1,341.0,130.0,352.0,149.0,346.1988,138.8323,0.7886,0.82,0.8958,0.0537,1.514,3.901,8.0,17,0,0,0
286,9.5333,1,1,,161.0,1,341.0,130.0,352.0,149.0,346.205,138.6894,0.8088,0.8316,0.896,0.0471,3.1298,3.9505,9.0,17,0,0,0
287,9.5667,1,1,,163.0,1,341.0,130.0,352.0,149.0,346.1902,138.8896,0.725,0.7969,0.8704,0.0986,3.8592,4.0206,9.0,17,0,0,0
288,9.6,1,1,,168.0,1,341.0,125.0,352.0,144.0,345.744,133.994,0.8126,0.853,0.8906,0.0859,2.4172,4.074,9.0,17,0,0,0
289,9.6333,1,1,,169.0,1,341.0,123.0,352.0,143.0,346.0237,132.6272,0.7614,0.8056,0.8895,0.0732,2.9953,4.1274,9.0,18,0,0,0
290,9.6667,1,1,,171.0,1,341.0,123.0,352.0,143.0,346.0117,132.6842,0.7493,0.8008,0.8938,0.0099,2.4105,4.1808,9.0,18,0,0,0
291,9.7,1,1,,178.0,1,340.0,120.0,352.0,141.0,345.309,129.7978,0.8092,0.8233,0.8401,0.0395,1.7521,4.2309,9.0,19,0,0,0
292,9.7333,1,1,,177.0,1,340.0,120.0,352.0,141.0,345.2938,129.8418,0.7213,0.7858,0.8026,0.0794,3.8594,4.2774,9.0,19,0,0,0
293,9.7667,0,1,mask_escaped_box,177.0,1,340.0,120.0,352.0,141.0,345.2429,129.9379,0.6289,0.7311,0.7861,0.133,4.8283,4.2969,9.0,19,0,0,1
294,9.8,1,1,,185.0,1,340.0,117.0,351.0,138.0,344.8649,126.6811,0.8714,0.9718,0.7367,0.0382,0.334,4.3065,9.0,19,0,0,0
295,9.8333,1,1,,189.0,1,340.0,115.0,351.0,137.0,345.0106,125.381,0.8399,0.9851,0.6744,0.0478,0.3272,4.3467,8.0,20,0,0,0
296,9.8667,1,1,,189.0,1,340.0,115.0,351.0,137.0,344.9947,125.4074,0.788,1.0,0.6154,0.0143,-0.0786,4.3794,8.5,20,0,0,0
297,9.9,1,1,,197.0,1,339.0,113.0,351.0,136.0,344.6142,123.6345,0.8381,1.0,0.5982,0.0697,-0.0602,4.4004,9.0,21,0,0,0
298,9.9333,1,1,,199.0,1,339.0,113.0,351.0,136.0,344.5628,123.6583,0.7695,0.9869,0.5679,0.0573,0.1567,4.3959,9.0,21,0,0,0
299,9.9667,1,1,,200.0,1,339.0,113.0,351.0,136.0,344.55,123.715,0.7179,0.9749,0.5437,0.0614,0.3018,4.3827,9.0,21,0,0,0
300,10.0,1,1,,249.0,1,337.0,109.0,351.0,135.0,343.3735,121.8715,0.6776,0.8266,0.6537,0.1334,1.8928,4.3685,9.0,24,0,0,0
301,10.0333,1,1,,245.0,1,337.0,109.0,350.0,135.0,342.9306,121.8898,0.7802,0.9795,0.587,0.0798,0.2669,4.5961,9.0,24,0,0,0
302,10.0667,1,1,,251.0,1,337.0,109.0,350.0,136.0,342.9084,122.0677,0.7757,0.9932,0.5615,0.0436,0.0889,4.7664,9.0,25,0,0,0
303,10.1,1,1,,271.0,1,336.0,106.0,350.0,135.0,342.7122,120.1771,0.7922,0.9533,0.5771,0.0855,0.4906,4.8932,9.0,27,0,0,0
304,10.1333,1,1,,270.0,1,336.0,106.0,350.0,135.0,342.7037,120.0815,0.7652,0.9577,0.55,0.0555,0.5927,5.003,9.0,27,0,0,0
305,10.1667,1,1,,269.0,1,336.0,106.0,350.0,135.0,342.6506,120.0632,0.7384,0.9557,0.53,0.0418,0.6197,5.0829,9.0,27,0,0,0
306,10.2,1,1,,296.0,1,335.0,102.0,349.0,134.0,342.0338,117.7939,0.7805,0.946,0.5706,0.0944,1.7286,5.1348,9.0,30,0,0,0
307,10.2333,1,1,,308.0,1,334.0,101.0,349.0,133.0,341.5097,116.9253,0.8131,0.9434,0.5814,0.0723,0.718,5.1519,9.0,30,0,0,0
308,10.2667,1,1,,311.0,1,334.0,101.0,349.0,133.0,341.4791,117.0418,0.8577,0.9796,0.5776,0.0387,0.2412,5.1431,9.0,30,0,0,0
309,10.3,1,1,,316.0,1,334.0,100.0,349.0,132.0,341.4241,115.4304,0.8423,0.977,0.5791,0.0669,0.2468,5.1291,9.0,30,0,0,0
310,10.3333,1,1,,324.0,1,334.0,100.0,349.0,133.0,341.3395,115.6605,0.8246,0.9795,0.5607,0.0348,0.3075,5.2893,10.0,31,0,0,0
311,10.3667,1,1,,328.0,1,334.0,100.0,349.0,133.0,341.2988,115.8293,0.7841,0.9807,0.5382,0.0239,0.2899,5.4324,10.0,31,0,0,0
312,10.4,1,1,,340.0,1,333.0,96.0,348.0,131.0,340.6147,112.8059,0.7904,0.9764,0.5345,0.095,0.8273,5.5457,10.0,33,0,0,0
313,10.4333,1,1,,348.0,1,333.0,95.0,348.0,130.0,340.5172,112.0287,0.7946,1.0,0.5267,0.0747,-0.1599,5.647,10.0,33,0,0,0
314,10.4667,1,1,,352.0,1,333.0,95.0,348.0,130.0,340.4716,111.8949,0.7779,1.0,0.5216,0.0485,-0.2409,5.6777,10.0,33,0,0,0
315,10.5,1,1,,357.0,1,333.0,92.0,348.0,128.0,340.3109,109.7059,0.7755,0.9893,0.5227,0.0826,0.3864,5.6847,10.0,34,0,0,0
316,10.5333,1,1,,363.0,1,333.0,92.0,348.0,128.0,340.3223,109.6942,0.7815,1.0,0.5253,0.0466,-0.1462,5.6995,10.0,34,0,0,0
317,10.5667,1,1,,361.0,1,333.0,92.0,348.0,128.0,340.338,109.8227,0.776,1.0,0.5188,0.0251,-0.2101,5.703,10.0,34,0,0,0
318,10.6,1,1,,379.0,1,332.0,88.0,348.0,126.0,340.0106,106.5699,0.8217,0.969,0.5429,0.088,1.1796,5.702,10.0,36,0,0,0
319,10.6333,1,1,,378.0,1,332.0,87.0,348.0,125.0,339.9233,105.3228,0.8281,0.9899,0.5245,0.0787,0.3822,5.8463,10.0,36,0,0,0
320,10.6667,1,1,,381.0,1,332.0,87.0,348.0,125.0,339.8268,105.2572,0.8164,0.9947,0.5166,0.0428,0.0853,5.9577,10.0,36,0,0,0
321,10.7,1,1,,391.0,1,331.0,84.0,347.0,124.0,339.1176,103.5678,0.8339,0.9867,0.5222,0.0571,0.5312,6.0397,10.0,38,0,0,0
322,10.7333,1,1,,388.0,1,331.0,84.0,347.0,123.0,339.1082,103.4716,0.8101,1.0,0.5037,0.0229,-0.5868,6.1554,10.0,37,0,0,0
323,10.7667,1,1,,395.0,1,331.0,84.0,347.0,124.0,339.0785,103.5013,0.8104,1.0,0.5002,0.0127,-0.4221,6.2425,10.0,38,0,0,0
324,10.8,1,1,,412.0,1,331.0,80.0,347.0,120.0,338.5607,99.7694,0.7562,0.9724,0.5116,0.0768,1.1047,6.3019,10.0,38,0,0,0
325,10.8333,1,1,,413.0,1,331.0,79.0,348.0,120.0,338.7676,98.6465,0.7858,0.9515,0.5098,0.062,0.7689,6.3147,10.0,39,0,0,0
326,10.8667,1,1,,414.0,1,331.0,79.0,348.0,119.0,338.744,98.4879,0.7622,0.9499,0.509,0.0286,0.8513,6.3366,10.0,38,0,0,0
327,10.9,1,1,,434.0,1,330.0,76.0,347.0,118.0,338.0806,96.1267,0.8682,0.9944,0.5333,0.0526,0.2357,6.3469,10.0,40,0,0,0
328,10.9333,1,1,,437.0,1,330.0,76.0,347.0,118.0,338.0366,96.1487,0.8748,1.0,0.5354,0.0135,-0.0227,6.3523,10.0,40,0,0,0
329,10.9667,1,1,,435.0,1,330.0,76.0,347.0,117.0,338.0414,96.1241,0.8488,0.9983,0.5314,0.0068,0.0283,6.3505,10.0,39,0,0,0
330,11.0,1,1,,439.0,1,329.0,72.0,347.0,114.0,337.6834,92.5809,0.8833,0.9782,0.5348,0.0593,0.8314,6.3473,10.0,40,0,0,0
331,11.0333,1,1,,445.0,1,329.0,70.0,347.0,113.0,337.7753,91.1978,0.8835,0.9807,0.5272,0.0466,0.6037,6.4525,10.0,41,0,0,0
332,11.0667,1,1,,445.0,1,329.0,70.0,347.0,113.0,337.7438,91.0404,0.8886,1.0,0.5109,0.0111,-0.0063,6.5708,10.0,41,0,0,0
333,11.1,1,1,,448.0,1,329.0,68.0,347.0,112.0,337.5112,90.0179,0.8862,1.0,0.5013,0.0126,-0.1102,6.6618,10.0,42,0,0,0
334,11.1333,1,1,,456.0,1,329.0,68.0,347.0,112.0,337.4408,89.9868,0.861,1.0,0.4957,0.0072,-0.0045,6.7633,10.0,42,0,0,0
335,11.1667,1,1,,461.0,1,329.0,68.0,347.0,112.0,337.4555,90.1063,0.8313,0.9954,0.488,0.0168,0.0825,6.8596,10.0,42,0,0,0
336,11.2,1,1,,474.0,1,328.0,66.0,347.0,111.0,337.1751,88.2511,0.877,0.994,0.4918,0.0219,0.1145,6.9276,10.0,43,0,0,0
337,11.2333,1,1,,486.0,1,328.0,66.0,347.0,112.0,337.1111,88.2366,0.8774,0.9936,0.4938,0.0113,0.121,6.9965,10.0,44,0,0,0
338,11.2667,1,1,,484.0,1,328.0,66.0,347.0,112.0,337.0517,88.093,0.8656,0.9957,0.4832,0.0059,0.0808,7.0524,10.0,44,0,0,0
339,11.3,1,1,,486.0,1,327.0,64.0,346.0,111.0,336.5926,87.0905,0.8797,1.0,0.4788,0.021,-0.3084,7.0945,10.0,45,0,0,0
340,11.3333,1,1,,495.0,1,327.0,64.0,346.0,111.0,336.5576,87.1192,0.8658,1.0,0.4799,0.0077,-0.5667,7.1421,10.0,45,0,0,0
341,11.3667,1,1,,502.0,1,327.0,64.0,346.0,111.0,336.5876,87.0339,0.8556,1.0,0.481,0.0042,-0.7308,7.1672,10.0,45,0,0,0
342,11.4,1,1,,526.0,1,327.0,63.0,346.0,111.0,336.0856,86.308,0.867,1.0,0.5001,0.0171,-0.6623,7.1747,10.5,46,0,0,0
343,11.4333,1,1,,531.0,1,326.0,63.0,346.0,111.0,335.8814,86.4652,0.9026,1.0,0.4993,0.0052,-0.1139,7.2001,11.0,46,0,0,0
344,11.4667,1,1,,529.0,1,327.0,63.0,346.0,111.0,335.9433,86.3384,0.8476,1.0,0.4917,0.0043,-0.2398,7.2353,10.5,46,0,0,0
345,11.5,1,1,,546.0,1,326.0,63.0,346.0,112.0,335.7674,86.9487,0.9026,1.0,0.5029,0.017,-0.1198,7.2627,11.0,47,0,0,0
346,11.5333,1,1,,542.0,1,326.0,63.0,346.0,112.0,335.714,86.9391,0.8899,1.0,0.4922,0.0146,-0.0373,7.3176,11.0,47,0,0,0
347,11.5667,1,1,,545.0,1,326.0,63.0,346.0,112.0,335.7193,86.9688,0.8798,1.0,0.4893,0.0107,-0.0218,7.3602,11.0,47,0,0,0
348,11.6,1,1,,573.0,1,325.0,63.0,346.0,113.0,335.2112,88.2391,0.9354,1.0,0.5105,0.0272,-0.039,7.3878,11.0,48,0,0,0
349,11.6333,1,1,,560.0,1,325.0,63.0,346.0,113.0,335.3143,88.0357,0.9175,0.9986,0.4907,0.0155,0.0301,7.4737,11.0,48,0,0,0
350,11.6667,1,1,,565.0,1,325.0,63.0,346.0,113.0,335.2867,88.1805,0.9034,0.997,0.4889,0.011,0.0623,7.5365,11.0,48,0,0,0
351,11.7,1,1,,573.0,1,325.0,63.0,346.0,114.0,335.3316,88.4415,0.9141,0.9973,0.4916,0.011,0.0567,7.5807,11.0,49,0,0,0
352,11.7333,1,1,,574.0,1,325.0,63.0,346.0,114.0,335.3171,88.4599,0.9168,0.9997,0.4916,0.0075,0.0054,7.5967,11.0,49,0,0,0
353,11.7667,1,1,,573.0,1,325.0,64.0,346.0,114.0,335.2827,88.5881,0.9012,1.0,0.4918,0.007,-0.0439,7.5984,11.0,48,0,0,0
354,11.8,1,1,,599.0,1,324.0,64.0,346.0,116.0,334.7596,89.7947,0.9157,0.963,0.5161,0.0287,1.0455,7.5928,11.0,50,0,0,0
355,11.8333,1,1,,600.0,1,324.0,64.0,346.0,116.0,334.7117,90.18,0.9377,0.9821,0.5094,0.0311,0.7141,7.6679,11.0,50,0,0,0
356,11.8667,1,1,,601.0,1,324.0,64.0,346.0,116.0,334.7338,90.2529,0.9414,0.9933,0.501,0.0261,0.1681,7.7454,11.0,50,0,0,0
357,11.9,1,1,,617.0,1,324.0,64.0,346.0,117.0,334.7877,90.3241,0.9255,0.9831,0.5061,0.0222,0.6441,7.803,11.0,51,0,0,0
358,11.9333,1,1,,611.0,1,324.0,64.0,346.0,117.0,334.7774,90.3682,0.9308,0.9919,0.4955,0.0187,0.1928,7.8329,11.0,51,0,0,0
359,11.9667,1,1,,618.0,1,324.0,64.0,346.0,117.0,334.7298,90.1472,0.9312,0.9965,0.4969,0.0123,0.0778,7.8507,11.0,51,0,0,0
360,12.0,1,1,,638.0,1,323.0,64.0,346.0,118.0,334.3166,90.7257,0.9248,0.964,0.5105,0.0211,0.6359,7.8523,11.0,52,0,0,0
361,12.0333,1,1,,638.0,1,323.0,64.0,345.0,118.0,334.0549,91.2476,0.9139,0.9884,0.5019,0.0276,0.2585,7.9118,11.0,52,0,0,0
362,12.0667,1,1,,643.0,1,323.0,64.0,346.0,118.0,334.028,91.1757,0.926,0.9837,0.4949,0.024,0.3749,7.9947,11.0,52,0,0,0
363,12.1,1,1,,645.0,1,323.0,64.0,346.0,118.0,333.9442,91.0419,0.9034,0.9808,0.4869,0.0196,0.4414,8.0633,11.0,52,0,0,0
364,12.1333,1,1,,650.0,1,322.0,64.0,346.0,118.0,333.8938,91.0138,0.9029,0.9675,0.4826,0.0178,0.531,8.1274,11.0,52,0,0,0
365,12.1667,1,1,,647.0,1,322.0,64.0,346.0,118.0,333.9212,90.9536,0.9013,0.9726,0.4747,0.0165,0.5666,8.1698,11.0,52,0,0,0
366,12.2,1,1,,672.0,1,322.0,62.0,345.0,119.0,333.5089,90.7976,0.9533,0.9995,0.4892,0.0134,0.0123,8.1957,11.0,55,0,0,0
367,12.2333,1,1,,678.0,1,322.0,62.0,345.0,119.0,333.4263,90.7802,0.9372,1.0,0.4847,0.0186,-0.1032,8.2973,11.0,55,0,0,0
368,12.2667,1,1,,680.0,1,322.0,62.0,345.0,119.0,333.4397,90.65,0.9233,1.0,0.4789,0.0205,-0.0132,8.3752,11.0,55,0,0,0
369,12.3,1,1,,691.0,1,322.0,62.0,345.0,119.0,333.3329,90.453,0.9123,1.0,0.4808,0.0198,-0.0016,8.4348,11.0,55,0,0,0
370,12.3333,1,1,,699.0,1,321.0,61.0,345.0,119.0,333.2031,90.4735,0.955,0.9987,0.4808,0.0234,0.0741,8.4919,11.0,56,0,0,0
371,12.3667,1,1,,698.0,1,321.0,61.0,345.0,119.0,333.1648,90.3582,0.9464,0.9998,0.4747,0.023,0.012,8.5469,11.0,56,0,0,0
372,12.4,1,1,,719.0,1,321.0,61.0,345.0,120.0,332.9082,90.4367,0.928,0.9853,0.4849,0.0234,0.8672,8.5854,12.0,57,0,0,0
373,12.4333,1,1,,772.0,1,320.0,60.0,345.0,120.0,332.2604,90.4391,0.9444,0.9719,0.5141,0.0276,0.8898,8.6339,12.0,58,0,0,0
374,12.4667,1,1,,740.0,1,321.0,60.0,345.0,120.0,332.7216,90.3432,0.9168,0.9849,0.4851,0.0266,0.7112,8.6966,12.0,58,0,0,0
375,12.5,1,1,,755.0,1,320.0,60.0,345.0,120.0,332.6305,90.2808,0.9449,0.9874,0.4875,0.026,0.4736,8.7514,12.0,58,0,0,0
376,12.5333,1,1,,768.0,1,320.0,60.0,345.0,120.0,332.5742,90.0417,0.9353,0.9893,0.489,0.0231,0.2484,8.7996,12.0,58,0,0,0
377,12.5667,1,1,,774.0,1,320.0,60.0,345.0,120.0,332.4922,90.1021,0.9261,0.9909,0.4865,0.0242,0.2247,8.8414,12.0,58,0,0,0
378,12.6,1,1,,776.0,1,320.0,59.0,345.0,120.0,332.2693,89.9536,0.9274,0.9889,0.4822,0.0211,0.2765,8.877,12.0,59,0,0,0
379,12.6333,1,1,,777.0,1,320.0,59.0,345.0,120.0,332.2098,89.7722,0.904,0.9848,0.4743,0.0176,0.3794,8.9632,12.0,59,0,0,0
380,12.6667,1,1,,777.0,1,320.0,59.0,345.0,120.0,332.139,89.7967,0.8852,0.9814,0.4674,0.0169,0.466,9.0285,12.0,59,0,0,0
381,12.7,1,1,,780.0,1,320.0,59.0,345.0,120.0,332.0949,89.7859,0.8717,0.9785,0.4646,0.0159,0.5386,9.0666,12.0,59,0,0,0
382,12.7333,1,1,,781.0,1,320.0,59.0,345.0,120.0,332.0743,89.6581,0.8614,0.9761,0.4617,0.015,0.5981,9.0975,12.0,59,0,0,0
383,12.7667,1,1,,783.0,1,320.0,59.0,345.0,120.0,332.0536,89.5402,0.8543,0.9747,0.4602,0.0145,0.6335,9.1257,12.0,59,0,0,0
384,12.8,1,1,,791.0,1,319.0,58.0,345.0,120.0,331.9469,89.2516,0.9005,0.9758,0.4631,0.0113,0.6284,9.144,12.0,60,0,0,0
385,12.8333,1,1,,788.0,1,319.0,58.0,345.0,120.0,332.0381,88.9086,0.9005,0.9775,0.4599,0.0112,0.5848,9.1596,12.0,60,0,0,0
386,12.8667,1,1,,790.0,1,319.0,58.0,345.0,120.0,332.0025,88.9468,0.9056,0.9796,0.4617,0.0116,0.5297,9.1462,12.0,60,0,0,0
387,12.9,1,1,,798.0,1,318.0,58.0,345.0,120.0,331.8835,89.0689,0.9173,0.9662,0.4676,0.0131,0.4953,9.1307,12.0,60,0,0,0
388,12.9333,1,1,,795.0,1,318.0,58.0,345.0,120.0,331.883,88.9862,0.9195,0.9668,0.4663,0.0135,0.4829,9.1367,12.0,60,0,0,0
389,12.9667,1,1,,800.0,1,318.0,58.0,345.0,120.0,331.8725,88.8925,0.9219,0.9675,0.4699,0.0133,0.4829,9.1427,12.0,60,0,0,0
390,13.0,1,1,,810.0,1,318.0,58.0,345.0,121.0,331.7642,89.3531,0.9253,0.9611,0.4763,0.0198,0.4864,9.1513,12.0,61,0,0,0
391,13.0333,1,1,,814.0,1,318.0,58.0,345.0,122.0,331.7703,89.4263,0.9173,0.9521,0.4758,0.0207,1.4579,9.2072,12.0,62,0,0,0
392,13.0667,1,1,,816.0,1,318.0,58.0,345.0,121.0,331.7635,89.326,0.9394,0.9755,0.4731,0.0184,0.4123,9.2666,12.0,61,0,0,0
393,13.1,1,1,,819.0,1,319.0,58.0,345.0,122.0,331.6911,89.7314,0.8997,0.968,0.4715,0.0222,1.1495,9.3128,12.0,62,0,0,0
394,13.1333,1,1,,809.0,1,319.0,58.0,345.0,122.0,331.7095,89.7664,0.9108,0.9769,0.4633,0.0187,0.7127,9.3173,12.0,62,0,0,0
395,13.1667,1,1,,807.0,1,319.0,58.0,345.0,122.0,331.71,89.7646,0.922,0.9857,0.4598,0.0143,0.276,9.3166,12.0,62,0,0,0
396,13.2,1,1,,852.0,1,318.0,59.0,345.0,124.0,331.4131,91.196,0.9146,0.9573,0.4835,0.0303,1.8472,9.3113,12.0,63,0,0,0
397,13.2333,1,1,,857.0,1,318.0,59.0,345.0,125.0,331.3512,91.6044,0.9254,0.9616,0.4806,0.0245,1.7021,9.3273,12.0,64,0,0,0
398,13.2667,1,1,,856.0,1,318.0,59.0,345.0,125.0,331.3668,91.8213,0.9381,0.9767,0.4719,0.017,0.5639,9.3796,13.0,64,0,0,0
399,13.3,1,1,,864.0,1,317.0,60.0,345.0,125.0,331.3669,92.441,0.9165,0.962,0.4692,0.0168,0.6529,9.4275,12.0,63,0,0,0
400,13.3333,1,1,,918.0,1,316.0,60.0,344.0,127.0,330.244,93.9597,0.8777,0.9311,0.4933,0.0313,1.6557,9.4445,13.0,65,1,0,0
401,13.3667,1,1,,936.0,1,316.0,60.0,345.0,127.0,330.6047,93.89,0.9019,0.9319,0.4991,0.0222,1.6805,9.4591,13.0,65,0,0,0
402,13.4,1,1,,960.0,1,316.0,60.0,345.0,129.0,330.3177,95.0844,0.886,0.9122,0.5094,0.0348,1.705,9.4673,13.0,67,0,0,0
403,13.4333,1,1,,961.0,1,316.0,61.0,345.0,130.0,330.1041,95.8293,0.8762,0.9091,0.5074,0.0356,1.6871,9.4581,13.0,67,0,0,0
404,13.4667,1,1,,958.0,1,316.0,61.0,345.0,130.0,330.0981,95.977,0.8978,0.925,0.5011,0.0266,1.0358,9.4964,13.0,67,0,0,0
405,13.5,1,1,,972.0,1,315.0,61.0,345.0,131.0,330.1132,96.5576,0.87,0.8918,0.5049,0.0279,1.4866,9.5252,13.0,68,0,0,0
406,13.5333,1,1,,955.0,1,316.0,61.0,345.0,131.0,330.0545,96.888,0.9205,0.9415,0.4878,0.0259,1.4282,9.6196,13.0,68,0,0,0
407,13.5667,1,1,,958.0,1,316.0,62.0,345.0,131.0,330.1357,96.858,0.9117,0.95,0.4826,0.0197,1.4508,9.6926,13.0,67,0,0,0
408,13.6,1,1,,995.0,1,315.0,63.0,345.0,133.0,329.6593,98.7809,0.8732,0.9115,0.496,0.0398,1.4124,9.7489,13.0,68,0,0,0
409,13.6333,1,1,,1001.0,1,315.0,63.0,345.0,134.0,329.6923,99.1459,0.8861,0.9192,0.4913,0.0348,1.2881,9.8298,13.0,69,0,0,0
410,13.6667,1,1,,1000.0,1,315.0,63.0,345.0,134.0,329.709,99.177,0.9073,0.9372,0.4839,0.0271,1.1264,9.8981,13.0,69,0,0,0
411,13.7,1,1,,1045.0,1,314.0,64.0,344.0,136.0,329.2421,100.9081,0.8868,0.9246,0.5001,0.0435,1.7194,9.9493,13.0,70,0,0,0
412,13.7333,1,1,,1048.0,1,314.0,64.0,344.0,136.0,329.2681,100.8922,0.9212,0.9593,0.4849,0.0333,0.9756,10.1848,13.0,70,0,0,0
413,13.7667,1,1,,1044.0,1,314.0,64.0,344.0,136.0,329.273,100.8975,0.9378,0.982,0.4696,0.0241,0.5385,10.3668,13.0,70,0,0,0
414,13.8,1,1,,1114.0,1,313.0,65.0,344.0,139.0,328.2271,102.9417,0.8915,0.9381,0.4904,0.0445,1.676,10.4999,14.0,72,0,0,0
415,13.8333,1,1,,1082.0,1,314.0,65.0,344.0,139.0,328.9455,102.9806,0.9532,0.994,0.47,0.0306,0.4413,10.5774,13.0,72,0,0,0
416,13.8667,1,1,,1084.0,1,314.0,65.0,345.0,139.0,329.0258,102.8653,0.9374,0.9734,0.467,0.0216,0.8239,10.6269,13.0,72,0,0,0
417,13.9,1,1,,1125.0,1,313.0,65.0,345.0,141.0,328.6684,104.4124,0.9139,0.9357,0.4821,0.0368,1.3066,10.6628,13.0,74,0,0,0
418,13.9333,1,1,,1131.0,1,313.0,65.0,345.0,141.0,328.6773,104.3714,0.9396,0.958,0.4757,0.0301,0.8587,10.8311,13.5,74,0,0,0
419,13.9667,1,1,,1127.0,1,313.0,66.0,345.0,141.0,328.6948,104.4579,0.9349,0.9687,0.4673,0.0277,0.8733,10.9553,14.0,73,0,0,0
420,14.0,1,1,,1164.0,1,312.0,67.0,344.0,144.0,328.0,106.6314,0.8997,0.9419,0.4778,0.052,3.0787,11.0418,14.0,75,0,0,0
421,14.0333,1,1,,1172.0,1,312.0,67.0,345.0,144.0,328.2363,106.9608,0.9026,0.9368,0.4732,0.0492,2.3261,11.1573,14.0,75,0,0,0
422,14.0667,1,1,,1164.0,1,312.0,67.0,345.0,144.0,328.2758,107.0112,0.9261,0.9569,0.4627,0.0409,1.3109,11.2504,14.0,75,0,0,0
423,14.1,1,1,,1184.0,1,312.0,68.0,344.0,146.0,327.8294,108.4147,0.9191,0.9678,0.4647,0.0508,2.5136,11.3184,14.0,76,0,0,0
424,14.1333,1,1,,1185.0,1,312.0,68.0,344.0,146.0,327.8439,108.3671,0.9326,0.982,0.4587,0.0404,1.4044,11.3882,14.0,76,0,0,0
425,14.1667,1,1,,1182.0,1,312.0,68.0,344.0,146.0,327.8181,108.4442,0.9422,0.9927,0.4526,0.0346,0.5701,11.4328,13.5,76,0,0,0
426,14.2,1,1,,1226.0,1,311.0,69.0,344.0,148.0,327.4225,110.3002,0.9225,0.9644,0.4657,0.0519,1.9937,11.4589,14.0,77,0,0,0
427,14.2333,1,1,,1245.0,1,311.0,69.0,344.0,149.0,327.2916,110.7912,0.9286,0.9641,0.4705,0.0474,1.887,11.453,14.0,78,0,0,0
428,14.2667,1,1,,1247.0,1,310.0,69.0,344.0,149.0,327.2831,110.8067,0.9035,0.9352,0.4724,0.0411,1.77,11.364,14.0,78,0,0,0
429,14.3,1,1,,1281.0,1,310.0,70.0,344.0,151.0,327.1233,111.9578,0.8715,0.9109,0.4865,0.0505,2.5193,11.285,14.0,79,0,0,0
430,14.3333,1,1,,1282.0,1,310.0,70.0,344.0,151.0,327.124,111.9384,0.8824,0.9171,0.4867,0.0435,2.1383,11.2411,14.0,79,0,0,0
431,14.3667,1,1,,1281.0,1,310.0,70.0,344.0,151.0,327.1351,111.9696,0.8907,0.9222,0.4858,0.0395,2.1778,11.2107,14.0,79,0,0,0
432,14.4,1,1,,1269.0,1,311.0,72.0,345.0,154.0,327.5335,113.9614,0.8523,0.8956,0.481,0.0583,3.8832,11.187,14.0,80,0,0,0
433,14.4333,1,1,,1277.0,1,311.0,72.0,345.0,155.0,327.5247,114.8034,0.8674,0.9026,0.4798,0.0543,3.4614,11.2083,14.0,81,0,0,0
434,14.4667,1,1,,1270.0,1,311.0,72.0,345.0,155.0,327.5717,114.8819,0.8996,0.9273,0.4698,0.0407,1.8666,11.2882,14.0,81,0,0,0
435,14.5,1,1,,1337.0,1,310.0,74.0,344.0,158.0,326.727,116.8691,0.8725,0.9138,0.4871,0.0534,3.6691,11.3704,15.0,82,0,0,0
436,14.5333,1,1,,1298.0,1,310.0,74.0,345.0,158.0,327.3544,117.0362,0.894,0.9238,0.4612,0.0375,1.7896,11.563,14.0,82,0,0,0
437,14.5667,1,1,,1281.0,1,310.0,74.0,345.0,158.0,327.3568,117.2521,0.9333,0.9574,0.4432,0.0282,1.2846,11.779,14.0,82,0,0,0
438,14.6,1,1,,1368.0,1,309.0,75.0,344.0,161.0,326.6659,119.2471,0.9139,0.943,0.4662,0.0414,2.3664,11.8792,15.0,84,0,0,0
439,14.6333,1,1,,1320.0,1,310.0,77.0,344.0,163.0,327.2091,121.0568,0.9039,0.9564,0.445,0.0457,2.7442,11.9605,14.0,84,0,0,0
440,14.6667,1,1,,1316.0,1,310.0,77.0,344.0,163.0,327.2158,121.1505,0.9294,0.9746,0.4398,0.0322,1.1742,12.0135,14.0,84,0,0,0
441,14.7,1,1,,1358.0,1,309.0,79.0,344.0,165.0,326.919,123.3314,0.9294,0.9679,0.447,0.0446,2.1298,12.1583,15.0,84,0,0,0
442,14.7333,1,1,,1354.0,1,309.0,79.0,344.0,165.0,326.9616,123.3419,0.9472,0.986,0.438,0.0308,0.6819,12.3271,15.0,84,0,0,0
443,14.7667,1,1,,1349.0,1,309.0,79.0,344.0,165.0,326.9563,123.4937,0.9516,0.9951,0.4306,0.0246,0.1701,12.4547,15.0,84,0,0,0
444,14.8,1,1,,1370.0,1,310.0,82.0,345.0,170.0,327.0197,126.7445,0.8809,0.9492,0.4332,0.0551,4.3871,12.5428,14.0,86,0,0,0
445,14.8333,1,1,,1385.0,1,310.0,82.0,344.0,171.0,326.891,127.3162,0.8753,0.9618,0.4316,0.0436,3.4027,12.6296,14.0,87,0,0,0
446,14.8667,1,1,,1444.0,1,309.0,82.0,344.0,171.0,326.2368,127.1794,0.9262,0.9833,0.4437,0.0273,1.4896,12.6712,15.0,87,0,0,0
447,14.9,1,1,,1399.0,1,309.0,84.0,344.0,173.0,326.7026,129.7691,0.9039,0.9768,0.4247,0.0436,2.0682,12.6907,15.0,87,0,0,0
448,14.9333,1,1,,1400.0,1,309.0,84.0,344.0,173.0,326.6943,129.8736,0.9339,0.9975,0.4217,0.0296,0.2195,12.6804,15.0,87,0,0,0
449,14.9667,1,1,,1399.0,1,309.0,84.0,344.0,173.0,326.7019,129.8678,0.9334,1.0,0.4192,0.0205,-0.5467,12.6652,15.0,87,0,0,0
450,15.0,1,1,,1450.0,1,309.0,86.0,345.0,177.0,326.7683,132.5979,0.9124,0.9645,0.4332,0.0434,2.3957,12.645,15.0,89,0,0,0
451,15.0333,1,1,,1441.0,1,309.0,88.0,344.0,179.0,326.517,134.4261,0.8967,0.9707,0.4296,0.0463,2.6681,12.617,15.0,89,0,0,0
452,15.0667,1,1,,1442.0,1,309.0,88.0,344.0,179.0,326.5721,134.3558,0.9326,0.9924,0.4285,0.0287,0.6882,12.573,15.0,89,0,0,0
453,15.1,1,1,,1468.0,1,309.0,89.0,345.0,181.0,326.8931,136.2214,0.9266,0.9714,0.4347,0.0367,1.3182,12.5349,15.0,90,0,0,0
454,15.1333,1,1,,1525.0,1,308.0,89.0,344.0,182.0,326.2361,136.1902,0.936,0.9724,0.4505,0.0214,0.7689,12.516,16.0,91,0,0,0
455,15.1667,1,1,,1469.0,1,309.0,89.0,345.0,181.0,326.9006,136.0231,0.9545,0.988,0.4335,0.0113,0.4318,12.5033,15.0,90,0,0,0
456,15.2,1,1,,1494.0,1,309.0,93.0,345.0,186.0,326.7898,139.9585,0.9003,0.9533,0.4409,0.0467,3.3168,12.4949,15.0,91,0,0,0
457,15.2333,1,1,,1527.0,1,309.0,93.0,345.0,187.0,326.5095,140.9077,0.9276,0.9658,0.4482,0.0397,2.5173,12.526,15.0,92,0,0,0
458,15.2667,1,1,,1523.0,1,309.0,93.0,345.0,187.0,326.522,140.8976,0.955,0.9838,0.4439,0.027,1.0349,12.5599,15.0,92,0,0,0
459,15.3,1,1,,1506.0,1,309.0,95.0,344.0,189.0,326.4143,143.5312,0.9125,0.9777,0.4363,0.0453,2.0945,12.5872,15.0,92,0,0,0
460,15.3333,1,1,,1513.0,1,309.0,94.0,344.0,189.0,326.4336,143.386,0.9616,0.9965,0.4406,0.0295,0.3298,12.4376,15.0,93,0,0,0
461,15.3667,1,1,,1494.0,1,309.0,95.0,345.0,189.0,326.4659,143.6171,0.9317,0.9701,0.4365,0.0216,1.0756,12.3146,15.0,92,0,0,0
462,15.4,1,1,,1556.0,1,309.0,98.0,344.0,194.0,326.2436,147.1131,0.9067,0.9589,0.4556,0.0491,3.0933,12.2243,15.0,94,0,0,0
463,15.4333,1,1,,1560.0,1,308.0,99.0,344.0,196.0,326.2282,148.7154,0.9056,0.9451,0.4518,0.0466,2.9455,12.2816,15.0,95,0,0,0
464,15.4667,1,1,,1553.0,1,308.0,99.0,344.0,196.0,326.282,148.6401,0.94,0.9688,0.445,0.0304,1.0208,12.3367,15.0,95,0,0,0
465,15.5,1,1,,1591.0,1,309.0,100.0,344.0,198.0,326.3539,150.0465,0.9155,0.9688,0.4517,0.0346,1.7992,12.385,15.0,96,0,0,0
466,15.5333,1,1,,1647.0,1,308.0,100.0,344.0,198.0,325.6266,150.4038,0.963,0.9844,0.4638,0.0249,0.3715,12.4347,16.0,96,0,0,0
467,15.5667,1,1,,1654.0,1,308.0,100.0,344.0,198.0,325.6185,150.2297,0.9684,0.9903,0.4628,0.0164,0.2726,12.4783,16.0,96,0,0,0
468,15.6,1,1,,1701.0,1,308.0,101.0,344.0,201.0,325.6167,152.361,0.9503,0.973,0.474,0.0335,1.9844,12.5074,16.0,98,0,0,0
469,15.6333,1,1,,1732.0,1,308.0,101.0,344.0,202.0,325.7125,152.7107,0.9583,0.9775,0.4775,0.0291,1.8832,12.5678,16.0,99,0,0,0
470,15.6667,1,1,,1659.0,1,309.0,102.0,344.0,202.0,326.2706,153.0524,0.9394,0.9931,0.4514,0.0246,0.6938,12.6335,16.0,98,0,0,0
471,15.7,1,1,,1667.0,1,308.0,102.0,344.0,202.0,326.204,153.7612,0.9576,0.9944,0.4484,0.0249,0.2033,12.6838,16.0,98,0,0,0
472,15.7333,1,1,,1666.0,1,308.0,102.0,344.0,202.0,326.2305,153.6885,0.9492,0.9944,0.4442,0.0193,0.2028,12.7174,16.0,98,0,0,0
473,15.7667,1,1,,1672.0,1,308.0,102.0,344.0,202.0,326.2243,153.7368,0.9442,0.9948,0.443,0.0158,0.1888,12.7404,16.0,98,0,0,0
474,15.8,1,1,,1709.0,1,308.0,102.0,344.0,204.0,326.1791,154.608,0.9603,0.9954,0.4511,0.0214,0.167,12.7575,16.0,100,0,0,0
475,15.8333,1,1,,1753.0,1,308.0,102.0,344.0,204.0,325.7268,154.4489,0.9596,0.9984,0.4595,0.0192,0.0576,12.8162,16.0,100,0,0,0
476,15.8667,1,1,,1682.0,1,308.0,102.0,344.0,204.0,326.2414,154.6308,0.9564,1.0,0.4381,0.0187,-0.0776,12.8731,15.5,100,0,0,0
477,15.9,1,1,,1782.0,1,307.0,102.0,344.0,206.0,325.72,155.3659,0.936,0.9682,0.4619,0.0246,1.0084,12.9118,16.0,102,0,0,0
478,15.9333,1,1,,1781.0,1,308.0,102.0,344.0,206.0,325.7529,155.2437,0.9545,0.9937,0.4597,0.0217,0.6524,12.9224,16.0,102,0,0,0
479,15.9667,1,1,,1781.0,1,308.0,102.0,344.0,206.0,325.7406,155.2908,0.9583,0.9975,0.4581,0.0202,0.2583,12.9257,16.0,102,0,0,0
480,16.0,1,1,,1824.0,1,308.0,103.0,344.0,208.0,325.67,156.3657,0.935,0.9817,0.4677,0.0279,1.9167,12.9329,16.0,103,0,0,0
481,16.0333,1,1,,1855.0,1,307.0,103.0,344.0,208.0,325.6539,156.9757,0.9243,0.9651,0.4731,0.03,1.2868,12.9362,17.0,103,0,0,0
482,16.0667,1,1,,1853.0,1,307.0,103.0,344.0,208.0,325.6762,156.9174,0.9269,0.9696,0.4696,0.026,0.9263,12.9436,17.0,103,0,0,0
483,16.1,1,1,,1856.0,1,307.0,103.0,344.0,209.0,325.8044,157.431,0.9217,0.9648,0.4679,0.0268,0.9936,12.9482,17.0,104,0,0,0
484,16.1333,1,1,,1795.0,1,308.0,104.0,345.0,209.0,326.4752,157.6256,0.967,0.9956,0.4507,0.0242,0.2668,12.9391,16.0,103,0,0,0
485,16.1667,1,1,,1869.0,1,307.0,103.0,344.0,210.0,325.9337,157.3761,0.9197,0.9623,0.468,0.0203,1.1338,12.9252,17.0,105,0,0,0
486,16.2,1,1,,1841.0,1,308.0,104.0,345.0,211.0,326.4139,158.8441,0.9558,0.9825,0.4602,0.0301,1.382,12.9139,16.0,105,0,0,0
487,16.2333,1,1,,1844.0,1,308.0,104.0,345.0,211.0,326.5141,158.8698,0.964,0.9894,0.4585,0.0258,0.6231,12.9202,16.0,105,0,0,0
488,16.2667,1,1,,1849.0,1,308.0,104.0,345.0,211.0,326.5873,158.795,0.9692,0.9954,0.4568,0.0213,0.171,12.9354,16.0,105,0,0,0
489,16.3,1,1,,1863.0,1,308.0,104.0,345.0,213.0,326.8991,160.5878,0.9578,0.9834,0.4573,0.0339,1.3236,12.9576,16.0,107,0,0,0
490,16.3333,1,1,,1861.0,1,308.0,104.0,345.0,213.0,326.9447,160.5873,0.9693,0.9939,0.4527,0.0256,0.2017,13.0047,16.0,107,0,0,0
491,16.3667,1,1,,1866.0,1,308.0,104.0,345.0,213.0,326.9995,160.5386,0.9613,0.9939,0.4501,0.0192,0.224,13.0506,16.0,107,0,0,0
492,16.4,1,1,,1905.0,1,309.0,106.0,345.0,216.0,327.0178,162.4698,0.9254,0.9867,0.4568,0.0318,1.4603,13.075,16.0,108,0,0,0
493,16.4333,1,1,,1909.0,1,309.0,107.0,345.0,217.0,327.0508,163.4987,0.927,0.9903,0.4554,0.031,1.0617,13.0813,16.0,108,0,0,0
494,16.4667,1,1,,1906.0,1,309.0,107.0,345.0,218.0,327.0614,163.617,0.9353,0.9953,0.4502,0.0221,0.5225,13.1318,16.0,109,0,0,0
495,16.5,1,1,,1990.0,1,308.0,108.0,345.0,220.0,326.6176,165.1407,0.9462,0.9878,0.4654,0.0271,1.3611,13.1916,17.0,110,0,0,0
496,16.5333,1,1,,1916.0,1,309.0,108.0,345.0,219.0,327.179,165.2291,0.9219,1.0,0.442,0.0198,-0.3478,13.2951,16.0,109,0,0,0
497,16.5667,1,1,,1967.0,1,308.0,108.0,345.0,220.0,326.6868,165.241,0.9435,1.0,0.4478,0.0127,-0.6159,13.404,16.0,110,0,0,0
498,16.6,1,1,,1994.0,1,309.0,109.0,345.0,222.0,326.986,166.5471,0.9126,0.9975,0.4495,0.02,0.282,13.4877,17.0,111,0,0,0
499,16.6333,1,1,,2020.0,1,309.0,109.0,346.0,222.0,327.1891,166.8644,0.9397,1.0,0.454,0.0173,-0.0776,13.4768,17.0,111,0,0,0
500,16.6667,1,1,,2018.0,1,309.0,109.0,346.0,222.0,327.162,166.8642,0.9366,1.0,0.4521,0.0128,-0.3303,13.4676,17.0,111,0,0,0
501,16.7,1,1,,2056.0,1,309.0,109.0,346.0,224.0,327.1031,167.7325,0.949,0.9988,0.4596,0.0168,0.1326,13.4525,17.0,113,0,0,0
502,16.7333,1,1,,2058.0,1,309.0,109.0,346.0,224.0,327.1487,167.7556,0.9518,1.0,0.4604,0.0143,-0.3955,13.4019,17.0,113,0,0,0
503,16.7667,1,1,,2054.0,1,309.0,109.0,346.0,224.0,327.0896,167.946,0.9526,1.0,0.4599,0.0138,-0.5846,13.36,17.0,113,0,0,0
504,16.8,1,1,,2088.0,1,309.0,109.0,346.0,226.0,327.4449,168.9229,0.9553,0.9921,0.468,0.0197,0.9246,13.3293,17.0,115,0,0,0
505,16.8333,1,1,,2099.0,1,309.0,109.0,346.0,226.0,327.5064,168.98,0.9623,0.9946,0.4716,0.0188,0.6287,13.2688,17.0,115,0,0,0
506,16.8667,1,1,,2111.0,1,310.0,109.0,346.0,226.0,327.603,168.7248,0.9418,0.9966,0.4752,0.016,0.3999,13.2151,17.0,115,0,0,0
507,16.9,1,1,,2108.0,1,310.0,110.0,346.0,227.0,327.6755,169.9915,0.9305,0.9895,0.4753,0.0256,1.227,13.1683,17.0,115,0,0,0
508,16.9333,1,1,,2097.0,1,310.0,110.0,346.0,227.0,327.7482,170.0615,0.9403,0.9938,0.4739,0.0235,0.7296,13.1039,17.0,115,0,0,0
509,16.9667,1,1,,2086.0,1,310.0,111.0,346.0,227.0,327.7833,170.1918,0.9412,0.9974,0.4725,0.0223,0.2988,13.0398,17.0,114,0,0,0
510,17.0,1,1,,2136.0,1,310.0,111.0,346.0,229.0,327.9686,171.2519,0.9322,0.9837,0.484,0.0286,1.924,13.0102,17.0,116,0,0,0
511,17.0333,1,1,,2129.0,1,310.0,111.0,346.0,230.0,328.0789,171.7097,0.9345,0.9822,0.481,0.0272,2.1195,13.0081,17.0,117,0,0,0
512,17.0667,1,1,,2118.0,1,310.0,111.0,346.0,230.0,328.178,171.6468,0.9404,0.9889,0.4752,0.022,1.3245,13.0507,17.0,117,0,0,0
513,17.1,1,1,,2084.0,1,311.0,112.0,346.0,231.0,328.9323,172.8829,0.9038,0.9859,0.4648,0.0283,1.6836,13.0893,17.0,117,0,0,0
514,17.1333,1,1,,2155.0,1,311.0,112.0,346.0,231.0,328.4608,173.0381,0.9102,0.991,0.4792,0.0259,1.0681,13.0833,17.0,117,0,0,0
515,17.1667,1,1,,2153.0,1,311.0,112.0,346.0,231.0,328.5012,172.6893,0.9155,0.9953,0.4775,0.0204,0.555,13.0781,17.0,117,0,0,0
516,17.2,1,1,,2182.0,1,311.0,111.0,347.0,232.0,328.7071,173.2814,0.9454,0.99,0.483,0.0234,1.2119,13.0736,17.0,119,0,0,0
517,17.2333,1,1,,2194.0,1,311.0,111.0,347.0,232.0,328.918,173.2429,0.9452,0.9923,0.4833,0.0226,0.933,13.0892,17.0,119,0,0,0
518,17.2667,1,1,,2209.0,1,311.0,111.0,347.0,232.0,329.0367,172.9144,0.9449,0.9956,0.4834,0.0191,0.5383,13.1151,17.0,119,0,0,0
519,17.3,1,1,,2223.0,1,312.0,111.0,347.0,232.0,329.5322,172.8228,0.9183,0.9988,0.4832,0.0176,0.1468,13.143,17.0,119,0,0,0
520,17.3333,1,1,,2231.0,1,312.0,111.0,347.0,232.0,329.5096,172.8512,0.911,1.0,0.4799,0.0171,-0.2245,13.2122,17.0,119,0,0,0
521,17.3667,1,1,,2204.0,1,312.0,111.0,347.0,232.0,329.5513,173.0903,0.9028,1.0,0.4699,0.0184,-0.5702,13.2689,17.0,119,0,0,0
522,17.4,1,1,,2264.0,1,312.0,110.0,347.0,233.0,329.9055,173.1484,0.91,0.9992,0.4793,0.0182,0.0981,13.3095,17.0,121,0,0,0
523,17.4333,1,1,,2267.0,1,312.0,110.0,348.0,233.0,330.0393,172.809,0.9356,1.0,0.479,0.0164,-0.0552,13.2761,17.0,121,0,0,0
524,17.4667,1,1,,2260.0,1,312.0,110.0,348.0,233.0,330.0934,172.6487,0.9314,1.0,0.4754,0.0159,-0.2318,13.2775,17.0,121,0,0,0
525,17.5,1,1,,2284.0,1,313.0,109.0,348.0,233.0,330.1843,172.7579,0.9093,1.0,0.4785,0.0169,-0.4581,13.2773,17.0,122,0,0,0
526,17.5333,1,1,,2293.0,1,313.0,109.0,348.0,234.0,330.2673,172.6071,0.9086,0.9983,0.4778,0.0152,0.2119,13.2949,17.0,123,0,0,0
527,17.5667,1,1,,2295.0,1,313.0,109.0,348.0,234.0,330.2919,172.5172,0.9057,1.0,0.4751,0.014,-0.1074,13.3259,17.0,123,0,0,0
528,17.6,1,1,,2339.0,1,314.0,108.0,349.0,234.0,331.3527,172.4609,0.9085,1.0,0.4819,0.0139,-0.4455,13.3468,17.5,124,0,0,0
529,17.6333,1,1,,2349.0,1,314.0,108.0,349.0,234.0,331.433,172.6726,0.9095,1.0,0.4844,0.015,-0.6364,13.2762,17.0,124,0,0,0
530,17.6667,1,1,,2357.0,1,314.0,108.0,349.0,234.0,331.4438,172.6042,0.9078,1.0,0.4852,0.0139,-0.9362,13.2436,17.5,124,0,0,0
531,17.7,1,1,,2379.0,1,314.0,108.0,349.0,235.0,331.839,172.8697,0.9133,1.0,0.4888,0.0154,-0.2445,13.2197,17.0,125,0,0,0
532,17.7333,1,1,,2373.0,1,315.0,108.0,349.0,235.0,331.8411,172.791,0.8872,1.0,0.4876,0.0159,-0.3219,13.1702,17.0,125,0,0,0
533,17.7667,1,1,,2372.0,1,315.0,108.0,349.0,235.0,331.8508,172.7428,0.8888,1.0,0.4883,0.0157,-0.4999,13.1053,17.0,125,0,0,0
534,17.8,1,1,,2333.0,1,316.0,107.0,350.0,235.0,333.0056,172.7428,0.8973,1.0,0.481,0.0169,-0.6836,13.052,17.0,126,0,0,0
535,17.8333,1,1,,2331.0,1,316.0,107.0,350.0,236.0,333.2252,172.897,0.9071,0.9983,0.4837,0.018,0.2209,12.9321,17.0,127,0,0,0
536,17.8667,1,1,,2328.0,1,317.0,107.0,350.0,236.0,333.3999,172.7977,0.8875,0.9998,0.4855,0.0168,0.0286,12.8308,17.0,127,0,0,0
537,17.9,1,1,,2382.0,1,317.0,107.0,351.0,236.0,333.869,172.8056,0.919,1.0,0.4991,0.0168,-0.193,12.7445,17.0,127,0,0,0
538,17.9333,1,1,,2379.0,1,317.0,107.0,351.0,236.0,333.9008,172.9008,0.9246,1.0,0.5015,0.0175,-0.2662,12.6347,17.0,127,0,0,0
539,17.9667,1,1,,2377.0,1,317.0,107.0,352.0,236.0,333.9424,172.7589,0.93,0.9862,0.503,0.0163,0.4835,12.5562,17.0,127,0,0,0
540,18.0,1,1,,2406.0,1,318.0,106.0,352.0,237.0,334.6633,172.4156,0.9151,0.9841,0.5099,0.015,0.437,12.5157,17.0,129,0,0,0
541,18.0333,1,1,,2419.0,1,318.0,106.0,352.0,237.0,334.7329,172.7086,0.9299,0.9937,0.5113,0.0177,0.3922,12.5012,17.0,129,0,0,0
542,18.0667,1,1,,2418.0,1,318.0,106.0,353.0,237.0,334.8424,172.5682,0.9184,0.9746,0.5091,0.0164,0.8649,12.4929,17.0,129,0,0,0
543,18.1,1,1,,2435.0,1,319.0,106.0,353.0,237.0,335.6747,172.4185,0.8981,0.9794,0.511,0.0164,0.7007,12.4835,18.0,129,0,0,0
544,18.1333,1,1,,2445.0,1,319.0,105.0,354.0,237.0,335.7534,172.3219,0.8982,0.9609,0.5134,0.0141,1.3683,12.4339,18.0,130,0,0,0
545,18.1667,1,1,,2438.0,1,319.0,105.0,354.0,237.0,335.8216,172.2892,0.9081,0.9665,0.512,0.0134,1.173,12.4017,18.0,130,0,0,0
546,18.2,1,1,,2493.0,1,320.0,105.0,354.0,238.0,336.1949,172.8744,0.8928,0.9682,0.5238,0.0176,1.0656,12.3721,18.0,131,0,0,0
547,18.2333,1,1,,2573.0,1,320.0,105.0,353.0,239.0,336.1123,173.6292,0.9181,0.9951,0.5393,0.0207,0.6578,12.3618,18.0,132,0,0,0
548,18.2667,1,1,,2576.0,1,320.0,105.0,354.0,239.0,336.1137,173.618,0.9268,0.9875,0.537,0.0173,0.4251,12.3735,18.0,132,0,0,0
549,18.3,1,1,,2635.0,1,320.0,106.0,354.0,241.0,336.5848,175.0281,0.9246,0.9852,0.5463,0.0246,1.2592,12.385,18.0,133,0,0,0
550,18.3333,1,1,,2641.0,1,320.0,106.0,355.0,241.0,336.624,174.8716,0.932,0.9774,0.5447,0.0189,0.698,12.3973,18.0,133,0,0,0
551,18.3667,1,1,,2644.0,1,320.0,106.0,355.0,241.0,336.6399,174.6675,0.95,0.9902,0.542,0.0144,0.3446,12.4291,18.0,133,0,0,0
552,18.4,1,1,,2671.0,1,321.0,107.0,355.0,243.0,337.2366,176.3033,0.9221,0.9892,0.544,0.0236,1.1737,12.4757,18.0,134,0,0,0
553,18.4333,1,1,,2694.0,1,322.0,107.0,356.0,244.0,337.9027,175.7892,0.8905,0.974,0.5416,0.0157,1.1899,12.5757,19.0,135,0,0,0
554,18.4667,1,1,,2681.0,1,322.0,107.0,356.0,244.0,337.9332,175.9579,0.9225,0.9976,0.5334,0.0127,0.2975,12.6436,19.0,135,0,0,0
555,18.5,1,1,,2738.0,1,322.0,107.0,356.0,246.0,338.2882,177.5449,0.9123,0.9885,0.5404,0.0209,1.6003,12.6891,19.0,137,0,0,0
556,18.5333,1,1,,2736.0,1,322.0,107.0,356.0,246.0,338.3012,177.6491,0.9197,0.9963,0.5362,0.0161,0.5114,12.7268,19.0,137,0,0,0
557,18.5667,1,1,,2733.0,1,322.0,107.0,356.0,246.0,338.2869,177.6733,0.9216,1.0,0.533,0.0124,-0.2931,12.7477,19.0,137,0,0,0
558,18.6,1,1,,2769.0,1,324.0,108.0,357.0,248.0,339.5439,179.0123,0.8768,0.9875,0.5382,0.02,1.1967,12.7596,18.5,138,0,0,0
559,18.6333,1,1,,2790.0,1,324.0,108.0,358.0,248.0,339.8484,179.5552,0.8931,0.9849,0.5388,0.0183,0.4431,12.8039,18.0,138,0,0,0
560,18.6667,1,1,,2782.0,1,324.0,109.0,358.0,249.0,339.9148,179.587,0.9119,0.9968,0.5362,0.0138,0.4423,12.7906,18.0,138,0,0,0
561,18.7,1,1,,2804.0,1,325.0,109.0,359.0,250.0,340.6024,180.3274,0.8775,0.9741,0.5394,0.0159,0.7675,12.7814,19.0,139,0,0,0
562,18.7333,1,1,,2704.0,1,325.0,109.0,359.0,249.0,341.1398,180.591,0.8963,0.9873,0.5217,0.0141,0.4313,12.7053,18.0,138,0,0,0
563,18.7667,1,1,,2780.0,1,325.0,109.0,358.0,249.0,340.6363,180.4978,0.8933,1.0,0.5375,0.0092,-0.6902,12.6475,18.5,138,0,0,0
564,18.8,1,1,,2732.0,1,327.0,110.0,359.0,252.0,341.9539,182.4674,0.8568,0.9857,0.5292,0.0222,0.8981,12.6013,18.0,140,0,0,0
565,18.8333,1,1,,2756.0,1,327.0,110.0,360.0,253.0,342.6651,182.9242,0.8667,0.9684,0.5379,0.021,1.0465,12.476,18.0,141,0,0,0
566,18.8667,1,1,,2745.0,1,327.0,110.0,359.0,253.0,342.6995,183.0168,0.9004,0.9982,0.542,0.0165,0.2605,12.2949,18.0,141,0,0,0
567,18.9,1,1,,2780.0,1,328.0,111.0,359.0,255.0,343.1831,184.3504,0.8715,0.9887,0.5545,0.0225,1.6331,12.1385,18.0,142,0,0,0
568,18.9333,1,1,,2776.0,1,328.0,111.0,359.0,255.0,343.2853,184.3934,0.8827,0.9948,0.5543,0.018,0.7436,12.0841,18.0,142,0,0,0
569,18.9667,1,1,,2770.0,1,328.0,112.0,359.0,255.0,343.3144,184.6996,0.8839,0.9996,0.5527,0.0167,0.0509,12.0553,18.0,141,0,0,0
570,19.0,1,1,,2851.0,1,329.0,112.0,360.0,256.0,344.1631,185.5146,0.8833,0.9962,0.5682,0.0205,0.5472,12.0416,18.0,142,0,0,0
571,19.0333,1,1,,2859.0,1,329.0,112.0,359.0,257.0,344.297,186.099,0.8451,0.9944,0.5613,0.0206,0.8136,12.1827,18.0,143,0,0,0
572,19.0667,1,1,,2857.0,1,329.0,112.0,359.0,256.0,344.377,186.0263,0.8341,1.0,0.5516,0.0174,-0.8485,12.341,18.0,142,0,0,0
573,19.1,1,1,,2977.0,1,329.0,111.0,359.0,257.0,344.7907,186.127,0.8336,1.0,0.5666,0.0165,-0.3335,12.4765,19.0,144,0,0,0
574,19.1333,1,1,,2986.0,1,329.0,111.0,359.0,257.0,344.7639,186.0914,0.8221,1.0,0.5605,0.0154,-0.803,12.5971,19.0,144,0,0,0
575,19.1667,1,1,,2978.0,1,329.0,111.0,359.0,257.0,344.7999,186.1404,0.8129,1.0,0.5527,0.0152,-1.2369,12.6899,19.0,144,0,0,0
576,19.2,1,1,,3049.0,1,331.0,111.0,360.0,259.0,346.0725,187.1496,0.7844,0.9971,0.5601,0.0206,0.4286,12.7766,19.0,146,0,0,0
577,19.2333,1,1,,2977.0,1,332.0,111.0,360.0,259.0,346.6187,187.391,0.7596,0.9999,0.5458,0.0213,0.018,12.7561,19.0,146,0,0,0
578,19.2667,1,1,,2987.0,1,332.0,111.0,360.0,259.0,346.6488,187.2903,0.7603,1.0,0.548,0.0197,-0.3453,12.704,19.0,146,0,0,0
579,19.3,1,1,,3099.0,1,332.0,111.0,361.0,260.0,347.0474,187.3659,0.7899,0.9976,0.5689,0.02,0.3556,12.653,19.0,147,0,0,0
580,19.3333,1,1,,3101.0,1,332.0,111.0,361.0,260.0,347.1209,187.4466,0.7943,1.0,0.57,0.0195,-0.0491,12.5896,19.0,147,0,0,0
581,19.3667,1,1,,3098.0,1,332.0,110.0,361.0,260.0,347.1795,187.3021,0.8019,1.0,0.5711,0.0176,-0.4368,12.5102,19.0,148,0,0,0
582,19.4,1,1,,3041.0,1,334.0,111.0,362.0,261.0,348.2378,188.0184,0.7761,0.9985,0.5634,0.022,0.2249,12.4132,18.5,148,0,0,0
583,19.4333,1,1,,3129.0,1,334.0,110.0,363.0,262.0,348.7645,187.6625,0.8166,0.9948,0.5852,0.0189,0.7969,12.2544,19.0,150,0,0,0
584,19.4667,1,1,,3044.0,1,335.0,110.0,363.0,261.0,349.0135,187.5443,0.7967,1.0,0.5736,0.0162,-0.7073,12.1184,19.0,149,0,0,0
585,19.5,1,1,,3025.0,1,335.0,110.0,363.0,262.0,349.4579,187.9144,0.8057,1.0,0.5727,0.0178,-0.0921,12.0191,18.0,150,0,0,0
586,19.5333,1,1,,3029.0,1,335.0,110.0,364.0,262.0,349.5262,187.9736,0.8448,1.0,0.5805,0.0168,-0.5041,11.8315,18.0,150,0,0,0
587,19.5667,1,1,,3023.0,1,336.0,110.0,364.0,262.0,349.6259,188.0741,0.8236,1.0,0.585,0.0164,-0.8752,11.6842,18.0,150,0,0,0
588,19.6,1,1,,3063.0,1,337.0,109.0,365.0,263.0,350.8841,188.2151,0.8378,1.0,0.5951,0.0189,-0.1023,11.608,18.0,152,0,0,0
589,19.6333,1,1,,3065.0,1,337.0,109.0,366.0,263.0,351.0767,188.3181,0.8625,1.0,0.5919,0.0177,-0.3922,11.6477,18.0,152,0,0,0
590,19.6667,1,1,,3139.0,1,336.0,109.0,366.0,264.0,350.8805,188.2641,0.8849,0.9987,0.5988,0.0157,0.197,11.7568,19.0,153,0,0,0
591,19.7,1,1,,3057.0,1,337.0,110.0,367.0,264.0,351.9365,189.2499,0.8719,1.0,0.5769,0.0208,-0.2181,11.8498,18.0,152,0,0,0
592,19.7333,1,1,,3070.0,1,337.0,110.0,368.0,264.0,351.998,189.0248,0.9,1.0,0.5788,0.0175,-0.7124,11.8203,18.0,152,0,0,0
593,19.7667,1,1,,3073.0,1,337.0,110.0,368.0,264.0,352.0163,188.9186,0.8997,1.0,0.5791,0.0161,-0.8687,11.782,18.0,152,0,0,0
594,19.8,1,1,,3123.0,1,337.0,109.0,369.0,265.0,353.1191,189.617,0.9345,0.9972,0.5878,0.0205,0.0881,11.7602,18.0,154,0,0,0
595,19.8333,1,1,,3289.0,1,337.0,109.0,369.0,266.0,353.1861,189.4348,0.9277,0.9993,0.6082,0.0178,0.1085,11.932,19.0,155,0,0,0
596,19.8667,1,1,,3228.0,1,337.0,109.0,369.0,266.0,353.4619,189.46,0.9241,1.0,0.5938,0.0167,-0.3163,11.9554,19.0,155,0,0,0
597,19.9,1,1,,3236.0,1,339.0,109.0,370.0,267.0,354.4385,190.1403,0.894,0.9981,0.5928,0.0201,0.3046,11.9706,19.0,156,0,0,0
598,19.9333,1,1,,3240.0,1,338.0,109.0,371.0,267.0,354.5522,189.8812,0.9483,1.0,0.5893,0.0167,-0.2421,12.0137,19.0,156,0,0,0
599,19.9667,1,1,,3258.0,1,338.0,109.0,371.0,267.0,354.5319,189.8981,0.9433,1.0,0.5894,0.0155,-0.3797,12.0356,19.0,156,0,0,0
600,20.0,1,1,,3378.0,1,338.0,109.0,372.0,268.0,355.1128,191.8295,0.9741,1.0,0.6087,0.0259,-0.1462,12.0501,20.0,157,1,0,0
601,20.0333,1,1,,3448.0,1,339.0,109.0,372.0,269.0,355.7526,191.9147,0.938,0.9977,0.6153,0.0252,0.3686,12.1244,20.0,158,0,0,0
602,20.0667,1,1,,3426.0,1,339.0,109.0,372.0,269.0,355.8646,192.1862,0.9355,1.0,0.607,0.0257,-0.1253,12.1641,20.0,158,0,0,0
603,20.1,1,1,,3427.0,1,339.0,108.0,372.0,269.0,356.2019,192.0368,0.9339,1.0,0.6024,0.0236,-0.058,12.2159,20.0,159,0,0,0
604,20.1333,1,1,,3415.0,1,339.0,108.0,372.0,269.0,356.3239,192.4331,0.9137,0.995,0.593,0.0256,0.1655,12.313,19.0,159,0,0,0
605,20.1667,1,1,,3419.0,1,339.0,108.0,372.0,269.0,356.3516,192.5478,0.8984,0.9925,0.5865,0.0256,0.2483,12.415,20.0,159,0,0,0
606,20.2,1,1,,3487.0,1,340.0,108.0,373.0,271.0,357.961,192.9504,0.9114,0.9994,0.5915,0.0271,0.0991,12.5124,20.0,161,0,0,0
607,20.2333,1,1,,3503.0,1,340.0,108.0,373.0,272.0,358.0548,193.2703,0.9027,0.9972,0.5874,0.0267,0.4605,12.6058,20.0,162,0,0,0
608,20.2667,1,1,,3495.0,1,340.0,108.0,373.0,272.0,358.1079,193.4818,0.881,0.9888,0.5812,0.0257,0.3707,12.657,20.0,162,0,0,0
609,20.3,1,1,,3531.0,1,341.0,108.0,373.0,273.0,358.8267,193.1413,0.872,0.9996,0.5837,0.0214,0.0728,12.6874,21.0,163,0,0,0
610,20.3333,1,1,,3442.0,1,341.0,108.0,373.0,273.0,359.1525,193.1961,0.859,0.9923,0.5682,0.0196,0.2471,12.6589,20.0,163,0,0,0
611,20.3667,1,1,,3446.0,1,341.0,108.0,373.0,273.0,359.1593,193.0937,0.8389,0.9794,0.5691,0.0175,0.6588,12.6153,20.0,163,0,0,0
612,20.4,1,1,,3540.0,1,341.0,108.0,375.0,274.0,360.491,193.1573,0.8851,0.9724,0.5856,0.0167,0.9389,12.5652,20.0,164,0,0,0
613,20.4333,1,1,,3532.0,1,342.0,108.0,375.0,274.0,360.6056,193.0725,0.8731,0.9883,0.5755,0.015,0.3857,12.7278,20.0,164,0,0,0
614,20.4667,1,1,,3698.0,1,341.0,107.0,375.0,274.0,360.103,192.9289,0.8313,0.9522,0.5933,0.0151,1.6246,12.8918,21.0,165,0,0,0
615,20.5,1,1,,3791.0,1,341.0,107.0,375.0,275.0,360.4239,193.9459,0.8232,0.9508,0.6002,0.0206,1.6745,13.032,21.0,166,0,0,0
616,20.5333,1,1,,3774.0,1,342.0,107.0,376.0,275.0,360.4788,193.8304,0.856,0.9795,0.5879,0.0195,0.6966,13.2063,21.0,166,0,0,0
617,20.5667,1,1,,3736.0,1,342.0,107.0,376.0,275.0,360.614,193.8391,0.8443,0.9791,0.5744,0.0188,0.7119,13.345,20.0,166,0,0,0
618,20.6,1,1,,3812.0,1,342.0,107.0,378.0,277.0,361.8901,193.8206,0.8907,0.9773,0.5797,0.0168,0.686,13.4606,21.0,168,0,0,0
619,20.6333,1,1,,3747.0,1,343.0,107.0,378.0,277.0,362.7305,194.0318,0.8883,0.9982,0.5614,0.0168,0.0984,13.612,21.0,168,0,0,0
620,20.6667,1,1,,3736.0,1,343.0,107.0,378.0,277.0,362.7947,194.3378,0.8647,0.9894,0.5539,0.0169,0.3698,13.6996,20.0,168,0,0,0
621,20.7,1,1,,3871.0,1,343.0,107.0,378.0,278.0,363.0121,195.2343,0.8525,0.9826,0.5697,0.0205,0.6085,13.7487,21.0,169,0,0,0
622,20.7333,1,1,,3863.0,1,343.0,107.0,378.0,278.0,363.0707,195.2622,0.8268,0.9684,0.5664,0.0192,1.1075,13.7376,21.0,169,0,0,0
623,20.7667,1,1,,3738.0,1,344.0,107.0,378.0,278.0,363.5498,195.3751,0.827,0.9831,0.5486,0.0178,0.5755,13.6659,20.0,169,0,0,0
624,20.8,1,1,,3914.0,1,344.0,107.0,380.0,280.0,364.0465,196.267,0.8729,0.9743,0.5763,0.0209,0.9268,13.5749,21.0,171,0,0,0
625,20.8333,1,1,,3921.0,1,344.0,107.0,380.0,280.0,364.2874,196.8551,0.845,0.9579,0.5768,0.0225,1.5157,13.5404,21.0,171,0,0,0
626,20.8667,1,1,,3914.0,1,344.0,107.0,380.0,280.0,364.3242,196.8056,0.8219,0.9468,0.572,0.0217,1.9164,13.5837,21.0,171,0,0,0
627,20.9,1,1,,3959.0,1,344.0,107.0,381.0,281.0,365.1089,197.0051,0.8378,0.9431,0.5754,0.0213,2.1057,13.6219,21.0,172,0,0,0
628,20.9333,1,1,,3897.0,1,345.0,107.0,381.0,281.0,365.6572,197.1304,0.8399,0.9599,0.5641,0.0213,1.4432,13.6413,20.0,172,0,0,0
629,20.9667,1,1,,3952.0,1,345.0,107.0,381.0,281.0,365.2363,197.1614,0.83,0.955,0.5706,0.0214,1.619,13.6496,21.0,172,0,0,0
630,21.0,1,1,,4035.0,1,345.0,107.0,382.0,283.0,365.9076,198.1864,0.8518,0.9496,0.5821,0.0261,1.7401,13.6398,21.0,174,0,0,0
631,21.0333,1,1,,4069.0,1,345.0,107.0,382.0,283.0,366.1828,198.6844,0.8338,0.9418,0.5832,0.028,2.1066,13.6906,21.0,174,0,0,0
632,21.0667,1,1,,4066.0,1,345.0,107.0,382.0,283.0,366.211,198.7354,0.8128,0.9335,0.5771,0.0271,2.4615,13.777,21.0,174,0,0,0
633,21.1,1,1,,4075.0,1,347.0,107.0,383.0,284.0,367.6128,198.7031,0.8658,0.9814,0.5736,0.0245,0.6696,13.845,21.0,175,0,0,0
634,21.1333,1,1,,4079.0,1,347.0,107.0,383.0,284.0,367.6438,198.6019,0.8333,0.9641,0.571,0.0217,1.2919,13.8757,21.0,175,0,0,0
635,21.1667,1,1,,4080.0,1,347.0,107.0,383.0,284.0,367.6789,198.7814,0.8139,0.9537,0.569,0.0211,1.6676,13.8881,22.0,175,0,0,0
636,21.2,1,1,,4140.0,1,347.0,107.0,384.0,285.0,368.4094,199.9297,0.8304,0.9481,0.5768,0.0254,1.9196,13.8711,21.0,176,0,0,0
637,21.2333,1,1,,4172.0,1,347.0,107.0,385.0,286.0,368.5523,200.4813,0.8456,0.9451,0.5771,0.027,2.0858,13.9348,22.0,177,0,0,0
638,21.2667,1,1,,4169.0,1,347.0,107.0,385.0,286.0,368.5666,200.4164,0.8356,0.9459,0.5687,0.0253,2.0573,14.0924,22.0,177,0,0,0
639,21.3,1,1,,4305.0,1,347.0,107.0,388.0,288.0,369.5015,202.1048,0.9015,0.9481,0.5803,0.0329,1.9635,14.2254,21.0,179,0,0,0
640,21.3333,1,1,,4292.0,1,348.0,107.0,387.0,288.0,369.4986,202.1228,0.8604,0.9671,0.5573,0.0317,1.2267,14.7293,21.0,179,0,0,0
641,21.3667,1,1,,4297.0,1,348.0,107.0,388.0,288.0,369.5227,202.1392,0.8551,0.964,0.5438,0.0313,1.4398,15.0789,21.0,179,0,0,0
642,21.4,1,1,,4479.0,1,348.0,107.0,392.0,290.0,370.0382,204.1775,0.9201,0.9581,0.5566,0.0408,1.5561,15.331,22.0,181,0,0,0
643,21.4333,1,1,,4521.0,1,348.0,107.0,394.0,290.0,370.5344,205.1175,0.9427,0.9614,0.5474,0.0443,1.5361,15.6827,22.0,181,0,0,0
644,21.4667,1,1,,4534.0,1,348.0,107.0,394.0,290.0,370.5704,205.3796,0.9214,0.9655,0.5316,0.0444,1.5103,16.1338,21.0,181,0,0,0
645,21.5,1,1,,4559.0,1,348.0,107.0,395.0,291.0,371.39,205.6313,0.9281,0.9678,0.5216,0.0433,1.3391,16.4744,21.0,182,0,0,0
646,21.5333,1,1,,4559.0,1,349.0,107.0,395.0,292.0,371.4426,205.8469,0.9392,0.9925,0.5106,0.0429,1.0438,16.7641,21.0,183,0,0,0
647,21.5667,1,1,,4525.0,1,350.0,107.0,395.0,292.0,371.5288,205.6316,0.9143,0.9976,0.4992,0.0401,0.439,16.9583,21.0,183,0,0,0
648,21.6,1,1,,4642.0,1,349.0,107.0,399.0,293.0,372.265,206.9789,0.9435,0.9633,0.5071,0.0451,1.5874,17.0814,22.0,184,0,0,0
649,21.6333,1,1,,4617.0,1,348.0,107.0,400.0,294.0,372.4951,207.6838,0.9446,0.963,0.4832,0.0481,1.5778,17.771,21.0,185,0,0,0
650,21.6667,1,1,,4604.0,1,348.0,107.0,401.0,294.0,372.6755,207.7298,0.9386,0.9703,0.4626,0.0472,1.2705,18.4477,21.0,185,0,0,0
651,21.7,1,1,,4722.0,1,347.0,107.0,405.0,295.0,373.5002,208.8039,0.8954,0.9171,0.4601,0.0513,4.3485,18.9697,22.0,186,0,0,0
652,21.7333,1,1,,4699.0,1,347.0,107.0,405.0,295.0,373.6255,208.7806,0.9235,0.954,0.4366,0.0499,2.3427,19.8293,22.0,186,0,0,0
653,21.7667,1,1,,4683.0,1,347.0,107.0,405.0,295.0,373.7288,208.9908,0.9413,0.9804,0.4203,0.0498,0.9512,20.4721,21.0,186,0,0,0
654,21.8,1,1,,4796.0,1,344.0,107.0,408.0,297.0,373.9535,209.8503,0.9096,0.9236,0.4201,0.0529,3.0668,20.9336,22.0,188,0,0,0
655,21.8333,1,1,,4874.0,1,344.0,107.0,410.0,297.0,374.3892,210.4095,0.929,0.9431,0.4056,0.0532,2.9826,21.9498,22.0,188,0,0,0
656,21.8667,1,1,,4890.0,1,344.0,107.0,410.0,297.0,374.437,210.4121,0.969,0.9871,0.3877,0.0513,0.6389,22.9497,22.0,188,0,0,0
657,21.9,1,1,,5099.0,1,341.0,107.0,413.0,298.0,374.4103,211.6605,0.9223,0.9359,0.39,0.056,2.2286,23.7057,22.0,189,0,0,0
658,21.9333,1,1,,4940.0,1,342.0,107.0,413.0,298.0,374.7399,211.5107,0.9765,0.9943,0.3598,0.0527,0.3517,24.7882,21.0,189,0,0,0
659,21.9667,1,1,,4938.0,1,342.0,107.0,413.0,298.0,374.8593,211.5362,0.9554,1.0,0.3479,0.0505,-0.6668,25.5166,21.0,189,0,0,0
660,22.0,1,1,,5066.0,1,340.0,107.0,416.0,300.0,375.2677,212.7767,0.9596,0.9744,0.3489,0.054,1.6776,26.0087,22.0,191,0,0,0
661,22.0333,1,1,,5076.0,1,339.0,106.0,418.0,300.0,375.602,213.2191,0.9644,0.9751,0.3358,0.0539,1.7385,26.962,22.0,192,0,0,0
662,22.0667,1,1,,5060.0,1,339.0,106.0,418.0,300.0,375.6755,213.3739,0.9788,1.0,0.3231,0.053,-0.0517,27.8159,21.0,192,0,0,0
663,22.1,1,1,,5168.0,1,338.0,107.0,420.0,302.0,375.9021,214.5822,0.9717,0.9871,0.3222,0.0569,0.8054,28.3922,22.0,193,0,0,0
664,22.1333,1,1,,5130.0,1,338.0,107.0,420.0,302.0,376.0203,214.7969,0.9704,1.0,0.3113,0.0568,-0.1163,29.0883,22.0,193,0,0,0
665,22.1667,1,1,,5133.0,1,338.0,107.0,420.0,302.0,376.0245,214.7978,0.9532,1.0,0.306,0.0557,-0.5676,29.5579,22.0,193,0,0,0
666,22.2,1,1,,5433.0,1,337.0,107.0,422.0,304.0,376.1198,216.0031,0.9765,0.9942,0.3205,0.0602,1.1514,29.83,24.0,195,0,0,0
667,22.2333,1,1,,5387.0,1,337.0,107.0,423.0,304.0,376.6471,216.8513,0.9718,0.9896,0.3155,0.0638,0.9072,30.019,23.0,195,0,0,0
668,22.2667,1,1,,5361.0,1,337.0,107.0,423.0,304.0,376.8566,216.8485,0.9558,0.984,0.3122,0.0638,1.1113,30.1405,23.0,195,0,0,0
669,22.3,1,1,,5367.0,1,336.0,106.0,425.0,305.0,377.2037,216.8925,0.9527,0.962,0.3118,0.0635,2.5083,30.1763,22.0,197,0,0,0
670,22.3333,1,1,,5367.0,1,336.0,106.0,425.0,305.0,377.218,216.8724,0.9371,0.9533,0.3122,0.0648,3.6892,30.0641,22.0,197,0,0,0
671,22.3667,1,1,,5368.0,1,336.0,106.0,425.0,305.0,377.2431,216.9521,0.9228,0.9438,0.3136,0.0659,4.6955,29.8639,22.0,197,0,0,0
672,22.4,1,1,,5580.0,1,335.0,107.0,425.0,310.0,377.9097,219.6799,0.8777,0.9025,0.3282,0.0765,6.572,29.5956,23.0,201,0,0,0
673,22.4333,1,1,,5604.0,1,336.0,107.0,426.0,311.0,378.2698,220.2725,0.8398,0.8616,0.3439,0.0823,10.2957,28.2176,23.0,202,0,0,0
674,22.4667,1,1,,5552.0,1,336.0,107.0,426.0,311.0,378.3316,220.2777,0.8023,0.829,0.3507,0.0849,13.7864,27.2282,23.0,202,0,0,0
675,22.5,1,1,,5637.0,1,336.0,107.0,426.0,316.0,378.7458,221.229,0.7655,0.7904,0.3641,0.0879,16.0051,26.4611,23.0,207,0,0,0
676,22.5333,1,1,,5609.0,1,336.0,107.0,426.0,316.0,378.829,221.0802,0.7941,0.8122,0.3571,0.0804,14.5963,26.6204,23.0,207,0,0,0
677,22.5667,1,1,,5588.0,1,336.0,107.0,426.0,316.0,378.9019,221.0714,0.8176,0.8308,0.3508,0.0739,13.277,26.7817,23.0,207,0,0,0
678,22.6,1,1,,5796.0,1,337.0,107.0,426.0,322.0,379.4546,223.7752,0.8146,0.8276,0.359,0.0785,11.2251,26.955,23.0,213,0,0,0
679,22.6333,1,1,,5844.0,1,337.0,107.0,426.0,324.0,379.526,224.2534,0.8323,0.8447,0.352,0.0715,9.0228,27.4535,23.0,215,0,0,0
680,22.6667,1,1,,5864.0,1,337.0,107.0,426.0,324.0,379.5844,224.3186,0.8547,0.8665,0.3449,0.0637,7.4059,27.834,23.0,215,0,0,0
681,22.7,1,1,,5889.0,1,338.0,107.0,426.0,327.0,379.9808,225.4778,0.8678,0.8791,0.3409,0.0625,7.4865,28.031,24.0,218,0,0,0
682,22.7333,1,1,,5895.0,1,338.0,107.0,426.0,327.0,380.0078,225.5452,0.8773,0.8884,0.3379,0.0579,6.5072,28.0214,24.0,218,0,0,0
683,22.7667,1,1,,5859.0,1,338.0,107.0,426.0,327.0,380.0543,225.6086,0.8854,0.8965,0.3329,0.0541,6.961,28.0055,23.0,218,0,0,0
684,22.8,1,1,,5973.0,1,340.0,107.0,426.0,332.0,380.858,227.3628,0.8915,0.9025,0.3374,0.0566,6.4343,27.9652,23.0,223,0,0,0
685,22.8333,1,1,,5994.0,1,340.0,106.0,426.0,333.0,380.9698,226.8263,0.8887,0.8958,0.3397,0.0517,6.7314,27.6334,23.0,225,0,0,0
686,22.8667,1,1,,5974.0,1,340.0,106.0,426.0,333.0,381.1058,226.6764,0.8856,0.8937,0.339,0.049,7.7106,27.3587,23.0,225,0,0,0
687,22.9,1,1,,6027.0,1,341.0,105.0,427.0,335.0,381.5255,226.8698,0.8786,0.8837,0.3426,0.0471,7.4807,27.1085,23.0,228,0,0,0
688,22.9333,1,1,,6023.0,1,341.0,105.0,427.0,335.0,381.5741,226.8175,0.8788,0.8864,0.3403,0.0476,8.1998,27.079,23.0,228,0,0,0
689,22.9667,1,1,,6003.0,1,341.0,105.0,427.0,335.0,381.6338,226.7786,0.8793,0.8883,0.3377,0.0474,8.717,27.0331,23.0,228,0,0,0
690,23.0,1,1,,6152.0,1,341.0,103.0,429.0,336.0,382.1809,226.173,0.8631,0.866,0.3452,0.0437,9.014,26.9936,24.0,231,0,0,0
691,23.0333,1,1,,6197.0,1,341.0,103.0,429.0,336.0,382.2734,226.1428,0.861,0.8673,0.3456,0.0455,9.1822,27.0338,24.0,231,0,0,0
692,23.0667,1,1,,6212.0,1,341.0,103.0,429.0,336.0,382.3017,226.2603,0.8595,0.8683,0.3448,0.0471,9.3689,27.0457,24.0,231,0,0,0
693,23.1,1,1,,6316.0,1,341.0,101.0,430.0,336.0,382.6547,225.6039,0.8567,0.8604,0.3493,0.0444,9.4235,27.0686,24.0,233,0,0,0
694,23.1333,1,1,,6318.0,1,341.0,101.0,430.0,336.0,382.5989,225.5764,0.8569,0.8627,0.3474,0.046,9.4991,27.1503,24.0,233,0,0,0
695,23.1667,1,1,,6325.0,1,341.0,101.0,430.0,336.0,382.6403,225.6416,0.8595,0.8664,0.3458,0.0467,9.4474,27.2591,24.0,233,0,0,0
696,23.2,1,1,,6455.0,1,340.0,100.0,431.0,336.0,382.9348,225.1797,0.8495,0.8536,0.3502,0.0448,10.3075,27.4444,24.0,234,0,0,0
697,23.2333,1,1,,6500.0,1,340.0,99.0,431.0,336.0,383.0768,224.8069,0.8617,0.8654,0.3465,0.0452,9.5923,27.884,25.0,235,0,0,0
698,23.2667,1,1,,6491.0,1,340.0,99.0,431.0,336.0,383.0978,224.7729,0.8735,0.88,0.3391,0.0469,8.8354,28.4073,24.0,235,0,0,0
699,23.3,1,1,,6608.0,1,339.0,98.0,431.0,336.0,383.4476,224.3829,0.8784,0.8831,0.3397,0.0457,9.1982,28.8354,25.0,236,0,0,0
700,23.3333,1,1,,6617.0,1,339.0,98.0,431.0,336.0,383.4256,224.5105,0.884,0.8936,0.3341,0.0487,8.4102,29.2962,25.0,236,0,0,0
701,23.3667,1,1,,6607.0,1,339.0,98.0,431.0,336.0,383.4969,224.6003,0.8836,0.8991,0.3292,0.0499,7.8403,29.6335,25.0,236,0,0,0
702,23.4,1,1,,6691.0,1,340.0,96.0,432.0,335.0,383.7863,224.1278,0.9115,0.9165,0.33,0.0476,6.3939,29.8772,25.0,237,0,0,0
703,23.4333,1,1,,6714.0,1,340.0,96.0,432.0,335.0,383.9126,224.0676,0.9118,0.9213,0.3277,0.0499,5.8795,30.0976,25.0,237,0,0,0
704,23.4667,1,1,,6703.0,1,340.0,96.0,432.0,335.0,383.9543,223.9714,0.9129,0.9255,0.3245,0.0507,5.5395,30.2397,25.0,237,0,0,0
705,23.5,1,1,,6758.0,1,340.0,95.0,432.0,335.0,384.2801,223.6366,0.9188,0.9295,0.3253,0.049,5.3126,30.3298,25.0,238,0,0,0
706,23.5333,1,1,,6749.0,1,340.0,94.0,432.0,335.0,384.3248,223.6011,0.921,0.9308,0.3233,0.0498,5.0803,30.3701,25.0,239,0,0,0
707,23.5667,1,1,,6740.0,1,340.0,94.0,432.0,335.0,384.3579,223.5574,0.9208,0.932,0.322,0.0495,4.9787,30.3712,25.0,239,0,0,0
708,23.6,1,1,,6847.0,1,341.0,93.0,432.0,335.0,384.7132,222.3501,0.9349,0.9432,0.3266,0.0439,3.9701,30.3477,25.0,240,0,0,0
709,23.6333,1,1,,6819.0,1,340.0,92.0,431.0,335.0,384.9321,222.3292,0.9257,0.9371,0.3248,0.0455,4.7676,30.299,24.0,241,0,0,0
710,23.6667,1,1,,6850.0,1,340.0,92.0,431.0,335.0,385.0568,222.095,0.9248,0.9366,0.3263,0.0462,4.631,30.1814,24.0,241,0,0,0
711,23.7,1,1,,6918.0,1,341.0,90.0,431.0,335.0,385.2304,221.4341,0.9376,0.9443,0.3297,0.044,3.6284,30.0622,24.0,243,0,0,0
712,23.7333,1,1,,6909.0,1,341.0,90.0,431.0,335.0,385.2825,221.4595,0.9295,0.9403,0.3291,0.0464,3.7004,29.9598,24.0,243,0,0,0
713,23.7667,1,1,,6889.0,1,341.0,90.0,431.0,335.0,385.3035,221.5297,0.9253,0.9383,0.3281,0.0473,3.8174,29.8658,24.0,243,0,0,0
714,23.8,1,1,,7003.0,1,342.0,88.0,432.0,336.0,385.7327,220.4411,0.9267,0.9334,0.3336,0.0425,3.1306,29.7781,25.0,246,0,0,0
715,23.8333,1,1,,6986.0,1,342.0,87.0,432.0,336.0,385.7956,219.6673,0.9253,0.9317,0.3321,0.0418,3.5661,29.7369,25.0,247,0,0,0
716,23.8667,1,1,,6973.0,1,342.0,87.0,432.0,336.0,385.7771,219.4168,0.9227,0.933,0.3296,0.0436,4.0282,29.799,25.0,247,0,0,0
717,23.9,1,1,,7000.0,1,342.0,86.0,432.0,336.0,386.0561,219.2421,0.9274,0.9363,0.3289,0.0435,4.2083,29.8752,24.0,248,0,0,0
718,23.9333,1,1,,6955.0,1,342.0,86.0,433.0,336.0,386.206,219.3018,0.9162,0.9283,0.3247,0.0455,4.097,29.9669,24.0,248,0,0,0
719,23.9667,1,1,,6959.0,1,342.0,86.0,433.0,336.0,386.1392,219.4399,0.9173,0.9315,0.323,0.0465,3.9534,30.0407,24.0,248,0,0,0
720,24.0,1,1,,7079.0,1,342.0,83.0,433.0,336.0,386.5241,217.1537,0.9295,0.9346,0.327,0.0378,3.8499,30.099,25.0,251,0,0,0
721,24.0333,1,1,,7084.0,1,342.0,82.0,433.0,336.0,386.5562,216.8806,0.931,0.9374,0.3245,0.0401,3.8352,30.24,25.0,252,0,0,0
722,24.0667,1,1,,7120.0,1,342.0,82.0,433.0,336.0,386.6261,216.4607,0.9297,0.9405,0.3235,0.0409,3.7721,30.3568,25.0,252,0,0,0
723,24.1,1,1,,7219.0,1,342.0,80.0,434.0,335.0,387.1067,215.9289,0.9318,0.9378,0.3258,0.0392,3.698,30.4434,25.0,253,0,0,0
724,24.1333,1,1,,7238.0,1,342.0,80.0,434.0,335.0,387.1518,215.7223,0.9268,0.9385,0.3244,0.0422,3.6536,30.5258,25.0,253,0,0,0
725,24.1667,1,1,,7220.0,1,342.0,80.0,434.0,335.0,387.1496,215.8665,0.9253,0.9402,0.3219,0.0441,3.6438,30.5722,25.0,253,0,0,0
726,24.2,1,1,,7311.0,1,342.0,77.0,435.0,333.0,387.6288,213.2202,0.9337,0.9396,0.3246,0.0342,3.6276,30.5997,25.0,254,0,0,0
727,24.2333,1,1,,7331.0,1,342.0,76.0,435.0,332.0,387.8681,211.8665,0.9365,0.945,0.3227,0.0335,3.2563,30.7601,25.0,254,0,0,0
728,24.2667,1,1,,7323.0,1,342.0,76.0,435.0,332.0,387.9331,211.8652,0.9321,0.9461,0.3201,0.0378,2.9871,30.8892,25.0,254,0,0,0
729,24.3,1,1,,7346.0,1,342.0,73.0,435.0,331.0,388.2578,210.8083,0.9449,0.9516,0.3193,0.0358,2.8052,30.9812,25.0,256,0,0,0
730,24.3333,1,1,,7370.0,1,342.0,73.0,435.0,331.0,388.2908,210.7592,0.9395,0.9517,0.3184,0.0401,2.7773,31.0927,25.0,256,0,0,0
731,24.3667,1,1,,7367.0,1,342.0,73.0,435.0,331.0,388.3144,210.5571,0.9377,0.9528,0.3169,0.0413,2.7816,31.1646,25.0,256,0,0,0
732,24.4,1,1,,7405.0,1,343.0,70.0,436.0,330.0,388.7088,208.5657,0.9522,0.9581,0.3176,0.0344,2.0258,31.2052,25.0,258,0,0,0
733,24.4333,1,1,,7440.0,1,342.0,68.0,436.0,329.0,388.7273,207.1806,0.9433,0.9491,0.3175,0.0352,2.9912,31.2731,25.0,259,0,0,0
734,24.4667,1,1,,7470.0,1,342.0,68.0,436.0,329.0,388.8013,207.0805,0.9304,0.9445,0.3173,0.0418,3.1845,31.2928,25.0,259,0,0,0
735,24.5,1,1,,7507.0,1,343.0,66.0,436.0,328.0,389.1801,206.0288,0.9446,0.9571,0.3175,0.0411,2.3023,31.2971,25.0,260,0,0,0
736,24.5333,1,1,,7505.0,1,343.0,66.0,436.0,328.0,389.2093,205.7979,0.9392,0.9565,0.316,0.0434,2.3877,31.3297,25.0,260,0,0,0
737,24.5667,1,1,,7512.0,1,343.0,66.0,436.0,328.0,389.2276,205.7463,0.9387,0.9581,0.315,0.0441,2.3939,31.373,25.0,260,0,0,0
738,24.6,1,1,,7729.0,1,342.0,63.0,437.0,327.0,389.712,204.166,0.9339,0.9436,0.323,0.0383,3.3539,31.4092,26.0,262,0,0,0
739,24.6333,1,1,,7749.0,1,342.0,63.0,437.0,327.0,389.7157,204.0852,0.927,0.9448,0.3205,0.0444,3.0384,31.6013,26.0,262,0,0,0
740,24.6667,1,1,,7781.0,1,342.0,63.0,437.0,327.0,389.775,203.8598,0.9252,0.948,0.3189,0.0466,2.7856,31.7496,26.0,262,0,0,0
741,24.7,1,1,,7854.0,1,343.0,61.0,437.0,327.0,390.0457,203.1704,0.9432,0.9624,0.3196,0.0448,1.608,31.8543,26.0,264,0,0,0
742,24.7333,1,1,,7886.0,1,343.0,62.0,438.0,327.0,390.0469,203.2901,0.9259,0.9501,0.3209,0.0457,2.2499,31.7422,26.0,263,0,0,0
743,24.7667,1,1,,7882.0,1,343.0,61.0,438.0,327.0,390.2035,202.9173,0.9274,0.9489,0.3209,0.0438,2.396,31.6396,27.0,264,0,0,0
744,24.8,1,1,,7978.0,1,343.0,61.0,439.0,328.0,390.7702,203.1893,0.9158,0.9368,0.3243,0.0437,3.1548,31.6171,27.0,265,0,0,0
745,24.8333,1,1,,8284.0,1,343.0,61.0,439.0,330.0,390.6117,204.2059,0.9176,0.9383,0.3339,0.0458,2.8072,31.8242,28.0,267,0,0,0
746,24.8667,1,1,,8088.0,1,344.0,62.0,439.0,330.0,391.0005,204.3152,0.9327,0.9564,0.3236,0.044,2.567,32.0007,27.0,266,0,0,0
747,24.9,1,1,,8359.0,1,343.0,61.0,439.0,331.0,390.9297,205.3721,0.9305,0.9496,0.3324,0.0459,2.3767,32.1416,28.0,268,0,0,0
748,24.9333,1,1,,8192.0,1,343.0,61.0,439.0,331.0,391.1898,205.4324,0.9373,0.9555,0.3242,0.0441,2.2349,32.2436,27.0,268,0,0,0
749,24.9667,1,1,,8364.0,1,343.0,61.0,439.0,331.0,390.8981,205.4244,0.9422,0.9598,0.3298,0.0426,2.1342,32.316,28.0,268,0,0,0
750,25.0,1,1,,8491.0,1,343.0,61.0,439.0,332.0,391.1371,205.4041,0.9419,0.9591,0.3339,0.0416,2.0735,32.3621,28.0,269,0,0,0
751,25.0333,1,1,,8538.0,1,344.0,61.0,440.0,333.0,391.4455,206.3803,0.9366,0.9541,0.3361,0.0444,2.9157,32.2629,28.0,270,0,0,0
752,25.0667,1,1,,8528.0,1,344.0,61.0,440.0,333.0,391.457,206.3485,0.9395,0.9575,0.3344,0.0434,2.3416,32.3108,28.0,270,0,0,0
753,25.1,1,1,,8609.0,1,344.0,61.0,441.0,334.0,391.527,206.9226,0.9292,0.9469,0.3365,0.0445,2.9816,32.3435,28.0,271,0,0,0
754,25.1333,1,1,,8645.0,1,344.0,61.0,441.0,334.0,391.4618,206.9616,0.9284,0.9468,0.3377,0.0442,2.8645,32.2832,28.0,271,0,0,0
755,25.1667,1,1,,8673.0,1,344.0,61.0,440.0,334.0,391.4009,206.8944,0.9374,0.9567,0.3387,0.0433,2.0612,32.229,28.0,271,0,0,0
756,25.2,1,1,,8839.0,1,344.0,61.0,441.0,336.0,391.862,208.0533,0.9224,0.9408,0.3449,0.0463,2.8039,32.2055,28.0,273,0,0,0
757,25.2333,1,1,,8904.0,1,344.0,61.0,442.0,335.0,391.997,207.6396,0.9189,0.9371,0.3466,0.0436,3.3339,32.2111,29.0,272,0,0,0
758,25.2667,1,1,,8867.0,1,344.0,61.0,442.0,335.0,392.0645,207.8871,0.919,0.9377,0.3447,0.044,3.049,32.1763,29.0,272,0,0,0
759,25.3,1,1,,8905.0,1,344.0,61.0,442.0,336.0,392.1919,208.5907,0.9159,0.9348,0.3458,0.0457,3.2839,32.1424,29.0,273,0,0,0
760,25.3333,1,1,,8910.0,1,344.0,61.0,442.0,337.0,392.2285,208.5605,0.9141,0.932,0.3462,0.0436,3.3863,32.064,29.0,274,0,0,0
761,25.3667,1,1,,8947.0,1,344.0,61.0,442.0,337.0,392.3118,208.4314,0.9153,0.9325,0.3477,0.0416,3.4229,32.0024,29.0,274,0,0,0
762,25.4,1,1,,9020.0,1,345.0,61.0,443.0,338.0,392.4912,209.2769,0.9118,0.9292,0.3504,0.044,4.2445,31.963,29.0,275,0,0,0
763,25.4333,1,1,,9133.0,1,345.0,61.0,443.0,339.0,392.9367,210.0,0.91,0.9278,0.3539,0.0457,4.3497,31.9737,29.0,276,0,0,0
764,25.4667,1,1,,9160.0,1,345.0,61.0,443.0,339.0,392.8741,209.8182,0.9195,0.938,0.3509,0.044,3.8477,32.246,29.0,276,0,0,0
765,25.5,1,1,,9190.0,1,345.0,61.0,443.0,340.0,393.1298,210.496,0.9247,0.9436,0.3487,0.045,3.4526,32.4683,29.0,277,0,0,0
766,25.5333,1,1,,9213.0,1,345.0,61.0,443.0,340.0,393.1233,210.4221,0.9288,0.9479,0.3479,0.0435,3.1008,32.5342,29.0,277,0,0,0
767,25.5667,1,1,,9166.0,1,345.0,61.0,443.0,340.0,393.1964,210.6302,0.9284,0.949,0.3452,0.043,2.9273,32.5499,29.0,277,0,0,0
768,25.6,1,1,,9255.0,1,346.0,60.0,445.0,341.0,393.5594,211.2659,0.924,0.9394,0.3479,0.0441,4.8427,32.5508,28.0,279,0,0,0
769,25.6333,1,1,,9293.0,1,346.0,60.0,445.0,341.0,393.679,211.6574,0.921,0.938,0.3492,0.0448,4.5149,32.5032,29.0,279,0,0,0
770,25.6667,1,1,,9279.0,1,346.0,60.0,445.0,341.0,393.7048,211.6124,0.9173,0.936,0.3488,0.0439,4.2541,32.4309,29.0,279,0,0,0
771,25.7,1,1,,9347.0,1,346.0,60.0,445.0,342.0,394.0931,212.8487,0.919,0.9362,0.3506,0.0475,4.0482,32.4392,29.0,280,0,0,0
772,25.7333,1,1,,9333.0,1,346.0,60.0,445.0,342.0,394.1938,212.9854,0.9203,0.94,0.3477,0.049,3.4987,32.5702,29.0,280,0,0,0
773,25.7667,1,1,,9330.0,1,346.0,60.0,445.0,342.0,394.2273,213.0434,0.9217,0.9439,0.3452,0.0494,3.1282,32.7067,29.0,280,0,0,0
774,25.8,1,1,,9375.0,1,346.0,60.0,446.0,343.0,394.7374,214.0501,0.9166,0.9375,0.345,0.0522,3.9119,32.8121,29.0,281,0,0,0
775,25.8333,1,1,,9404.0,1,346.0,60.0,446.0,344.0,394.9005,214.5783,0.9082,0.927,0.3494,0.0511,4.0651,32.4461,29.0,282,0,0,0
776,25.8667,1,1,,9399.0,1,346.0,60.0,446.0,344.0,394.9889,214.6515,0.8982,0.9177,0.3524,0.049,4.2657,32.1178,29.0,282,0,0,0
777,25.9,1,1,,9457.0,1,346.0,60.0,446.0,345.0,395.3009,215.0808,0.8933,0.9102,0.3571,0.0489,4.5487,31.8578,29.0,283,0,0,0
778,25.9333,1,1,,9466.0,1,346.0,60.0,446.0,345.0,395.3406,214.9596,0.8904,0.9079,0.358,0.0476,5.009,31.7773,29.0,283,0,0,0
779,25.9667,1,1,,9455.0,1,346.0,60.0,446.0,345.0,395.3822,214.7623,0.8883,0.9065,0.3579,0.0463,5.2646,31.7282,28.0,283,0,0,0
780,26.0,1,1,,9588.0,1,347.0,61.0,448.0,347.0,395.9655,216.8292,0.8804,0.897,0.3624,0.0526,6.0867,31.7554,29.0,284,0,0,0
781,26.0333,1,1,,9582.0,1,347.0,61.0,448.0,349.0,396.0426,217.8209,0.8836,0.8967,0.3614,0.0513,6.1046,31.8065,28.0,286,0,0,0
782,26.0667,1,1,,9565.0,1,347.0,61.0,448.0,349.0,396.083,218.0549,0.893,0.9044,0.3585,0.048,5.7578,31.9692,28.0,286,0,0,0
783,26.1,1,1,,9645.0,1,347.0,61.0,449.0,350.0,396.427,219.216,0.8902,0.8993,0.3597,0.0488,6.4964,32.1065,28.0,287,0,0,0
784,26.1333,1,1,,9584.0,1,347.0,62.0,449.0,350.0,396.5146,219.4529,0.8844,0.8973,0.3578,0.047,6.4227,32.0346,28.0,286,0,0,0
785,26.1667,1,1,,9573.0,1,347.0,62.0,449.0,350.0,396.5274,219.6879,0.8816,0.8953,0.3577,0.046,6.3979,31.9634,28.0,286,0,0,0
786,26.2,1,1,,9674.0,1,347.0,63.0,449.0,352.0,397.1225,221.6767,0.8818,0.8935,0.3619,0.0515,6.4357,31.8977,29.0,287,0,0,0
787,26.2333,1,1,,9634.0,1,347.0,63.0,449.0,352.0,397.2226,222.0326,0.8712,0.884,0.3636,0.0507,6.2448,31.5605,29.0,287,0,0,0
788,26.2667,1,1,,9606.0,1,348.0,63.0,449.0,352.0,397.2457,222.0304,0.8698,0.8841,0.3654,0.0492,6.1714,31.2543,28.0,287,0,0,0
789,26.3,1,1,,9758.0,1,349.0,64.0,450.0,354.0,397.4175,222.1748,0.8648,0.8776,0.3733,0.0487,7.211,31.0229,29.0,288,0,0,0
790,26.3333,1,1,,9757.0,1,349.0,64.0,450.0,354.0,397.4168,222.0718,0.8552,0.8693,0.3761,0.0478,6.9218,30.7306,29.0,288,0,0,0
791,26.3667,1,1,,9687.0,1,349.0,63.0,450.0,354.0,397.4723,222.3622,0.8494,0.8622,0.3757,0.0483,7.1192,30.4798,29.0,289,0,0,0
792,26.4,1,1,,9810.0,1,349.0,63.0,451.0,354.0,397.9607,222.444,0.835,0.8486,0.3821,0.0479,7.7577,30.296,29.0,289,0,0,0
793,26.4333,1,1,,9832.0,1,349.0,62.0,451.0,354.0,398.1233,221.3331,0.8343,0.8463,0.3835,0.0439,7.9262,30.2143,29.0,290,0,0,0
794,26.4667,1,1,,9612.0,1,349.0,62.0,451.0,354.0,398.48,221.3771,0.8363,0.8493,0.3732,0.0455,7.8654,30.3191,28.0,290,0,0,0
795,26.5,1,1,,9688.0,1,350.0,60.0,452.0,353.0,399.0171,220.4033,0.8412,0.8524,0.3744,0.0434,8.35,30.4306,29.0,291,0,0,0
796,26.5333,1,1,,9733.0,1,350.0,60.0,452.0,353.0,399.0603,220.4354,0.843,0.8552,0.3745,0.047,8.2422,30.531,29.0,291,0,0,0
797,26.5667,1,1,,9647.0,1,350.0,60.0,452.0,353.0,399.221,220.0757,0.8422,0.8553,0.3707,0.0477,8.3757,30.5334,29.0,291,0,0,0
798,26.6,1,1,,9781.0,1,351.0,58.0,453.0,352.0,399.7537,218.1648,0.8423,0.8536,0.3762,0.0423,9.4152,30.4721,29.0,292,0,0,0
799,26.6333,1,1,,9800.0,1,351.0,57.0,453.0,352.0,399.9879,217.6481,0.8372,0.8466,0.3796,0.0443,9.2546,30.2249,29.0,293,0,0,0
800,26.6667,1,1,,9141.0,5,351.0,57.0,453.0,351.0,400.3186,213.1718,0.8273,0.8396,0.3567,0.0321,9.1518,29.9743,28.0,292,1,0,0
801,26.7,1,1,,9068.0,1,352.0,55.0,453.0,350.0,400.895,212.6268,0.8313,0.8418,0.3562,0.0311,9.2451,29.7588,28.0,293,0,0,0
802,26.7333,1,1,,9056.0,1,352.0,55.0,453.0,350.0,400.8885,212.6519,0.8275,0.8393,0.3561,0.0357,10.1971,29.6706,28.0,293,0,0,0
803,26.7667,1,1,,9046.0,1,352.0,55.0,453.0,350.0,400.876,212.5628,0.8226,0.8359,0.3563,0.0379,11.1984,29.5483,28.0,293,0,0,0
804,26.8,1,1,,9182.0,2,352.0,52.0,454.0,349.0,401.3032,211.7083,0.8176,0.8274,0.3611,0.0365,12.8956,29.5389,28.0,295,0,0,0
805,26.8333,1,1,,9141.0,1,353.0,52.0,455.0,348.0,401.49,210.8603,0.8174,0.832,0.3562,0.039,13.9179,29.7034,28.0,294,0,0,0
806,26.8667,1,1,,9113.0,1,353.0,52.0,455.0,348.0,401.4956,210.9596,0.819,0.8361,0.3522,0.0416,13.794,29.8492,28.0,294,0,0,0
807,26.9,1,1,,9144.0,2,353.0,50.0,455.0,347.0,401.772,209.4009,0.8214,0.8382,0.3515,0.0374,13.6209,29.9255,28.0,295,0,0,0
808,26.9333,1,1,,9146.0,2,353.0,49.0,455.0,347.0,401.7878,209.5471,0.8109,0.826,0.3563,0.0364,13.2386,29.4869,28.0,296,0,0,0
809,26.9667,1,1,,9130.0,2,353.0,49.0,455.0,347.0,401.798,209.6368,0.8003,0.8152,0.3602,0.0355,13.1624,29.1031,28.0,296,0,0,0
810,27.0,1,1,,9227.0,1,354.0,48.0,456.0,346.0,402.3432,207.8629,0.7917,0.8062,0.3682,0.0294,14.2015,28.78,28.0,296,0,0,0
811,27.0333,1,1,,9227.0,1,354.0,47.0,456.0,346.0,402.4846,207.8663,0.782,0.7941,0.3737,0.0315,14.0885,28.3488,28.0,297,0,0,0
812,27.0667,1,1,,9255.0,1,354.0,47.0,456.0,346.0,402.6109,207.8734,0.7718,0.7837,0.3798,0.0329,14.1013,27.9773,28.0,297,0,0,0
813,27.1,1,1,,9281.0,2,355.0,47.0,457.0,346.0,403.0053,208.1048,0.7602,0.7719,0.3865,0.0349,15.4413,27.5569,28.0,297,0,0,0
814,27.1333,1,1,,9277.0,3,355.0,47.0,457.0,346.0,403.0651,208.0055,0.7452,0.7566,0.394,0.0353,15.8765,27.011,28.0,297,0,0,0
815,27.1667,1,1,,9270.0,1,355.0,47.0,457.0,346.0,403.0991,208.1708,0.7341,0.7454,0.3995,0.0364,16.2961,26.6106,28.0,297,0,0,0
816,27.2,1,1,,9357.0,1,356.0,46.0,457.0,346.0,403.6036,207.6256,0.7325,0.742,0.409,0.0349,16.7367,26.2314,29.0,298,0,0,0
817,27.2333,1,1,,9618.0,1,355.0,46.0,458.0,347.0,403.5957,209.0864,0.7143,0.7222,0.423,0.0408,18.0913,26.0357,29.0,299,0,0,0
818,27.2667,1,1,,9608.0,1,356.0,46.0,458.0,347.0,403.7627,209.2452,0.716,0.7248,0.4246,0.0417,18.2969,25.8753,29.0,299,0,0,0
819,27.3,1,1,,9636.0,2,356.0,45.0,458.0,347.0,403.9029,208.716,0.7201,0.728,0.4233,0.0398,17.9166,25.9903,29.0,300,0,0,0
820,27.3333,1,1,,9689.0,2,357.0,45.0,458.0,347.0,404.0584,208.7062,0.7372,0.7466,0.4183,0.0398,16.5102,26.3926,29.0,300,0,0,0
821,27.3667,1,1,,9746.0,2,357.0,45.0,458.0,347.0,404.1231,208.3201,0.7464,0.757,0.4143,0.0382,15.4827,26.7617,29.0,300,0,0,0
822,27.4,1,1,,9815.0,2,358.0,44.0,458.0,347.0,404.7598,207.9002,0.763,0.7729,0.4121,0.0364,14.781,27.0531,29.0,301,0,0,0
823,27.4333,1,1,,9881.0,1,358.0,44.0,458.0,347.0,405.0038,208.9504,0.7373,0.7475,0.4284,0.0403,15.6959,26.1614,29.0,301,0,0,0
824,27.4667,1,1,,9886.0,1,358.0,44.0,458.0,347.0,405.0959,208.7172,0.715,0.7253,0.4411,0.0397,16.7429,25.3868,29.0,301,0,0,0
825,27.5,1,1,,9950.0,1,357.0,44.0,458.0,347.0,405.2725,208.9012,0.688,0.6981,0.4562,0.0402,18.0178,24.6763,29.0,301,0,0,0
826,27.5333,1,1,,9956.0,1,357.0,44.0,458.0,348.0,405.4061,208.6041,0.6724,0.6811,0.4672,0.0403,18.9398,24.0771,30.0,302,0,0,0
827,27.5667,1,1,,9953.0,1,358.0,44.0,458.0,348.0,405.4471,208.5809,0.6646,0.6737,0.4763,0.0405,19.7644,23.5805,30.0,302,0,0,0
828,27.6,1,1,,9992.0,1,358.0,44.0,458.0,349.0,405.7595,208.9174,0.6526,0.6605,0.4871,0.0414,20.2442,23.118,30.0,303,0,0,0
829,27.6333,1,1,,9975.0,1,359.0,44.0,458.0,349.0,405.9934,208.6323,0.6265,0.6341,0.5112,0.0401,20.089,21.9709,30.0,303,0,0,0
830,27.6667,1,1,,10031.0,1,359.0,44.0,458.0,349.0,406.1543,208.5551,0.6019,0.6091,0.5348,0.0406,20.1545,21.1052,30.0,303,0,0,0
831,27.7,1,1,,10059.0,2,360.0,44.0,457.0,349.0,406.2384,208.0528,0.5962,0.6034,0.5524,0.0396,19.3876,20.4852,30.0,303,0,0,0
832,27.7333,1,1,,10011.0,2,361.0,44.0,457.0,349.0,406.4618,207.1626,0.5878,0.5947,0.5639,0.0373,19.523,19.9805,30.0,303,0,0,0
833,27.7667,0,1,mask_escaped_box,9925.0,2,368.0,44.0,457.0,349.0,406.7521,206.2446,0.6227,0.6301,0.5695,0.0343,19.844,19.6284,30.0,303,0,0,1
834,27.8,1,1,,9672.0,1,370.0,45.0,455.0,345.0,406.8015,204.4181,0.638,0.6525,0.5618,0.0284,18.1881,19.4119,30.0,298,0,0,0
835,27.8333,1,1,,9591.0,1,373.0,45.0,453.0,345.0,406.8872,202.9816,0.6571,0.6717,0.576,0.0223,17.7649,18.8068,30.0,298,0,0,0
836,27.8667,1,1,,9485.0,1,374.0,45.0,452.0,345.0,407.0462,201.141,0.6527,0.6665,0.5895,0.0153,18.0418,18.1949,30.0,298,0,0,0
837,27.9,0,1,mask_escaped_box,9418.0,1,376.0,45.0,453.0,345.0,407.3398,200.0124,0.6415,0.6543,0.6046,0.0109,20.4069,17.6336,30.0,298,1,1,1
838,27.9333,0,1,mask_escaped_box,9353.0,1,376.0,45.0,453.0,345.0,407.5654,199.1805,0.6151,0.6265,0.6278,0.0078,21.78,16.8831,30.0,298,0,0,2
839,27.9667,0,1,mask_escaped_box,9317.0,1,376.0,45.0,453.0,345.0,407.6695,198.6281,0.5964,0.6066,0.6465,0.0064,22.6812,16.3488,30.0,298,0,0,3
840,28.0,0,0,no_track,,,,,,,,,,,,,,,,,,,
841,28.0333,0,0,no_track,,,,,,,,,,,,,,,,,,,
842,28.0667,0,0,no_track,,,,,,,,,,,,,,,,,,,
843,28.1,1,1,,8968.0,1,387.0,48.0,429.0,348.0,408.281,200.3461,0.948,0.9639,0.7258,0.0125,1.5162,14.2252,29.0,298,1,1,0
844,28.1333,1,1,,9059.0,1,379.0,48.0,428.0,348.0,408.0679,199.9033,0.8183,0.8274,0.7349,0.0088,8.2092,14.1899,30.0,298,0,0,0
845,28.1667,1,1,,9049.0,1,379.0,49.0,428.0,348.0,408.0557,200.1199,0.8101,0.824,0.7343,0.0075,8.6234,14.1667,30.0,297,0,0,0
846,28.2,1,1,,8980.0,1,387.0,50.0,429.0,351.0,408.5853,203.1315,0.9518,0.9649,0.7258,0.016,0.8056,14.1943,30.0,299,0,0,0
847,28.2333,1,1,,8969.0,1,386.0,51.0,429.0,351.0,408.491,203.19,0.917,0.9331,0.7313,0.0123,2.4454,14.0433,30.0,298,0,0,0
848,28.2667,1,1,,9155.0,1,377.0,51.0,432.0,353.0,408.23,203.4076,0.7182,0.7251,0.7501,0.0081,11.8063,13.9587,30.0,300,0,0,0
849,28.3,1,1,,9001.0,1,380.0,53.0,431.0,353.0,408.7558,204.3034,0.7683,0.7811,0.7375,0.0074,8.9202,13.9425,29.0,298,0,0,0
850,28.3333,1,1,,9002.0,1,379.0,53.0,431.0,353.0,408.7244,204.1494,0.7808,0.7949,0.7098,0.0015,9.3871,14.4668,29.0,298,0,0,0
851,28.3667,1,1,,9027.0,1,379.0,53.0,431.0,353.0,408.7298,204.3154,0.805,0.8216,0.6871,0.0027,8.7703,14.9525,29.0,298,0,0,0
852,28.4,1,1,,9152.0,1,380.0,54.0,432.0,359.0,408.9536,206.3357,0.8363,0.8439,0.6764,0.0017,7.1767,15.3597,29.0,303,0,0,0
853,28.4333,1,1,,9172.0,1,379.0,54.0,433.0,359.0,408.9883,206.4437,0.8244,0.8366,0.6541,0.0016,7.5604,15.8109,29.0,303,0,0,0
854,28.4667,1,1,,9174.0,1,378.0,54.0,433.0,359.0,408.9984,206.5572,0.8217,0.8393,0.6355,0.0045,8.0688,16.1559,29.0,303,0,0,0
855,28.5,1,1,,9201.0,1,379.0,54.0,434.0,359.0,409.0889,207.0275,0.8269,0.8494,0.6258,0.0054,6.8844,16.3506,29.0,303,0,0,0
856,28.5333,1,1,,9271.0,1,379.0,54.0,434.0,360.0,409.2082,207.6843,0.832,0.8559,0.6226,0.0051,6.7572,16.4769,29.5,304,0,0,0
857,28.5667,1,1,,9276.0,1,379.0,54.0,434.0,361.0,409.2159,207.6558,0.8381,0.863,0.6153,0.0068,6.7096,16.6136,29.0,305,0,0,0
858,28.6,1,1,,9342.0,1,379.0,54.0,435.0,361.0,409.4303,208.1125,0.8252,0.8519,0.6146,0.007,6.6775,16.6966,29.0,305,0,0,0
859,28.6333,1,1,,9373.0,1,379.0,54.0,435.0,362.0,409.5599,208.542,0.8255,0.8518,0.6149,0.0074,6.8155,16.6956,29.0,306,0,0,0
860,28.6667,1,1,,9333.0,1,379.0,54.0,435.0,364.0,409.7075,208.465,0.824,0.8472,0.6143,0.009,7.0638,16.6044,29.0,308,0,0,0
861,28.7,1,1,,9394.0,1,379.0,53.0,435.0,365.0,409.8742,208.4554,0.8224,0.8425,0.6202,0.0104,7.2532,16.5132,29.0,310,0,0,0
862,28.7333,1,1,,9425.0,1,379.0,53.0,435.0,365.0,409.837,208.9725,0.8171,0.8393,0.6226,0.0068,7.4123,16.4498,29.0,310,0,0,0
863,28.7667,1,1,,9394.0,1,379.0,53.0,435.0,363.0,409.9011,208.2605,0.8068,0.8352,0.6217,0.008,7.6048,16.3698,29.0,308,0,0,0
864,28.8,1,1,,9377.0,1,380.0,53.0,436.0,363.0,410.1284,206.9913,0.8018,0.8312,0.6223,0.0116,6.7524,16.2922,29.0,308,0,0,0
865,28.8333,1,1,,9376.0,1,380.0,52.0,436.0,362.0,410.2443,206.578,0.7914,0.8195,0.6316,0.0153,7.147,16.0628,29.0,308,0,0,0
866,28.8667,1,1,,9327.0,1,380.0,52.0,436.0,361.0,410.4396,205.4137,0.7818,0.8102,0.6368,0.02,7.4414,15.8795,29.0,307,0,0,0
867,28.9,1,1,,9377.0,1,380.0,52.0,436.0,360.0,410.5745,205.3614,0.7743,0.803,0.6472,0.0205,7.6519,15.7391,29.0,306,0,0,0
868,28.9333,1,1,,9316.0,1,380.0,52.0,436.0,360.0,410.7585,204.6597,0.7692,0.7966,0.6491,0.0219,7.8996,15.6125,29.0,306,0,0,0
869,28.9667,1,1,,9270.0,1,380.0,52.0,436.0,359.0,410.8572,204.069,0.7631,0.7916,0.6505,0.0227,8.0904,15.5159,29.0,305,0,0,0
870,29.0,1,1,,9309.0,1,380.0,52.0,436.0,359.0,411.0652,203.8277,0.76,0.7879,0.6566,0.0226,8.2385,15.4433,29.0,305,0,0,0
871,29.0333,1,1,,9298.0,1,380.0,52.0,436.0,359.0,411.1934,203.9415,0.7572,0.7845,0.6591,0.0211,8.3163,15.376,29.0,305,0,0,0
872,29.0667,1,1,,9313.0,1,380.0,51.0,437.0,360.0,411.322,203.4286,0.7414,0.7633,0.6669,0.0215,8.5225,15.2283,29.0,307,0,0,0
873,29.1,1,1,,9296.0,1,380.0,51.0,437.0,360.0,411.438,203.104,0.7366,0.758,0.6707,0.0218,8.6681,15.1212,29.0,307,0,0,0
874,29.1333,1,1,,9319.0,1,380.0,51.0,437.0,360.0,411.5418,203.1875,0.7161,0.7345,0.6959,0.0182,9.2505,14.6542,29.0,307,0,0,0
875,29.1667,1,1,,9364.0,1,380.0,51.0,437.0,360.0,411.5679,204.0106,0.6972,0.7128,0.7233,0.0125,9.8017,14.2196,29.0,307,0,0,0
876,29.2,1,1,,9347.0,1,380.0,52.0,438.0,361.0,411.7824,204.1323,0.6717,0.6844,0.7416,0.0102,10.2267,13.8933,29.0,307,0,0,0
877,29.2333,1,1,,9247.0,1,380.0,53.0,438.0,361.0,411.9868,203.927,0.6724,0.6858,0.7334,0.0116,10.4103,13.9226,29.0,306,0,0,0
878,29.2667,1,1,,9274.0,1,380.0,53.0,438.0,363.0,411.9913,204.5295,0.683,0.693,0.7289,0.0119,10.5315,14.0676,29.0,308,0,0,0
879,29.3,1,1,,9364.0,1,381.0,53.0,438.0,364.0,412.1656,206.25,0.7073,0.7159,0.7255,0.0084,9.5835,14.2824,29.0,309,0,0,0
880,29.3333,0,1,mask_escaped_box,9862.0,1,381.0,53.0,451.0,369.0,412.613,213.888,0.589,0.5912,0.7493,0.0146,18.8658,14.5409,29.0,314,1,1,1
881,29.3667,0,1,mask_escaped_box,9894.0,1,381.0,53.0,451.0,371.0,412.6579,214.4586,0.596,0.5979,0.7396,0.0136,18.2982,14.7356,29.0,316,0,0,2
882,29.4,0,1,mask_escaped_box,9942.0,1,381.0,55.0,454.0,372.0,412.9598,215.6909,0.5757,0.5794,0.7334,0.0153,20.9626,14.8821,30.0,315,0,0,3
883,29.4333,0,0,no_track,,,,,,,,,,,,,,,,,,,
884,29.4667,0,0,no_track,,,,,,,,,,,,,,,,,,,
885,29.5,0,0,no_track,,,,,,,,,,,,,,,,,,,
886,29.5333,1,1,,9354.0,1,391.0,56.0,434.0,372.0,412.857,211.6015,0.8561,0.8645,0.7873,0.0071,4.6908,13.0927,30.0,314,1,1,0
887,29.5667,1,1,,9509.0,1,390.0,56.0,434.0,372.0,412.8145,212.6511,0.8141,0.8212,0.824,0.0089,5.4455,12.7368,30.0,314,0,0,0
888,29.6,1,1,,9580.0,1,390.0,57.0,435.0,372.0,413.0098,213.8814,0.7786,0.7865,0.8485,0.0119,6.9337,12.4822,30.0,313,0,0,0
889,29.6333,1,1,,9593.0,1,390.0,57.0,434.0,373.0,413.0802,214.5222,0.7922,0.7994,0.8535,0.0125,5.7004,12.4494,30.0,314,0,0,0
890,29.6667,1,1,,9599.0,1,390.0,57.0,434.0,373.0,413.1329,215.2066,0.7888,0.7949,0.8603,0.0131,5.4106,12.3828,30.0,314,0,0,0
891,29.7,1,1,,9604.0,1,388.0,58.0,434.0,373.0,412.9218,217.0213,0.7426,0.749,0.8749,0.0172,5.5993,12.1977,30.0,313,0,0,0
892,29.7333,1,1,,9661.0,1,387.0,58.0,434.0,374.0,412.8787,217.8219,0.7145,0.7197,0.8947,0.0188,6.9886,12.0126,30.0,314,0,0,0
893,29.7667,1,1,,9595.0,1,389.0,58.0,434.0,374.0,413.0118,217.3727,0.8466,0.8523,0.7855,0.0116,5.5745,13.5072,29.5,314,0,0,0
894,29.8,1,1,,9650.0,1,390.0,60.0,434.0,374.0,413.2696,218.6681,0.8346,0.9069,0.703,0.0104,4.0981,15.0153,30.0,312,0,0,0
895,29.8333,1,1,,9664.0,1,390.0,60.0,434.0,375.0,413.3225,218.7406,0.8114,0.9428,0.6311,0.0086,2.5173,16.5244,30.0,313,0,0,0
896,29.8667,1,1,,9675.0,1,389.0,60.0,434.0,375.0,413.3057,218.9695,0.7846,0.9511,0.5868,0.0121,2.2011,17.5751,30.0,313,0,0,0
897,29.9,1,1,,9906.0,1,388.0,62.0,437.0,380.0,413.748,224.7696,0.8271,0.957,0.5706,0.008,2.1056,18.3155,30.0,316,0,0,0
898,29.9333,1,1,,9915.0,1,388.0,62.0,437.0,381.0,413.7882,225.1016,0.8781,0.9543,0.6093,0.0059,2.2403,17.2615,30.0,317,0,0,0
899,29.9667,1,1,,9945.0,1,388.0,62.0,437.0,382.0,413.7895,225.3724,0.9241,0.9464,0.6535,0.0106,2.6261,16.3298,30.0,318,0,0,0
900,30.0,1,1,,9903.0,1,392.0,63.0,435.0,382.0,413.7389,224.2217,0.9527,0.9963,0.6928,0.0135,1.1832,15.5403,30.0,317,0,0,0
901,30.0333,1,1,,9933.0,1,391.0,63.0,435.0,381.0,413.7594,224.6663,0.949,0.9665,0.7208,0.0186,3.3547,15.1743,30.0,316,0,0,0
902,30.0667,1,1,,9905.0,1,392.0,63.0,435.0,381.0,413.8317,224.4221,0.9443,0.9637,0.736,0.0211,5.9036,14.9653,30.0,316,0,0,0
903,30.1,1,1,,9932.0,1,390.0,64.0,435.0,381.0,413.859,225.3092,0.8817,0.9029,0.751,0.0261,7.5816,14.8057,30.0,315,0,0,0
904,30.1333,1,1,,9949.0,1,390.0,64.0,435.0,381.0,413.8632,225.4239,0.8685,0.888,0.766,0.0279,8.6853,14.6065,30.0,315,0,0,0
905,30.1667,1,1,,10026.0,1,390.0,64.0,435.0,381.0,413.936,225.919,0.8637,0.8784,0.785,0.0303,9.4751,14.4159,30.0,315,0,0,0
906,30.2,1,1,,10016.0,1,390.0,64.0,435.0,381.0,413.9956,225.3041,0.8596,0.8703,0.7954,0.029,10.0763,14.2507,31.0,315,0,0,0
907,30.2333,1,1,,10038.0,1,390.0,64.0,435.0,381.0,414.0134,225.5937,0.8559,0.8613,0.811,0.0306,10.5167,14.0313,31.0,315,0,0,0
908,30.2667,1,1,,10117.0,1,389.0,64.0,435.0,381.0,413.9668,226.651,0.8233,0.8283,0.8315,0.0344,10.7607,13.8039,31.0,315,0,0,0
909,30.3,1,1,,10219.0,1,390.0,64.0,437.0,383.0,414.3214,228.1083,0.79,0.7947,0.8513,0.0391,12.7813,13.6188,31.0,317,0,0,0
910,30.3333,1,1,,10217.0,1,391.0,64.0,438.0,383.0,414.4863,228.5801,0.7829,0.7878,0.8581,0.0404,12.5296,13.4896,30.0,317,0,0,0
911,30.3667,1,1,,10307.0,1,391.0,63.0,438.0,383.0,414.4479,229.474,0.7815,0.7849,0.8684,0.043,12.1549,13.4212,30.0,318,0,0,0
912,30.4,1,1,,10145.0,1,392.0,63.0,436.0,382.0,414.2657,227.0655,0.8343,0.8388,0.8562,0.0359,11.2561,13.3899,30.0,317,0,0,0
913,30.4333,1,1,,10148.0,1,392.0,64.0,436.0,382.0,414.2908,227.5704,0.8282,0.8353,0.8595,0.0389,11.9435,13.3659,30.0,316,0,0,0
914,30.4667,1,1,,10112.0,1,391.0,64.0,436.0,381.0,414.2025,227.4161,0.8105,0.8172,0.8587,0.0397,11.6883,13.364,30.0,315,0,0,0
915,30.5,1,1,,10027.0,1,391.0,64.0,436.0,380.0,414.2051,227.0054,0.8168,0.823,0.8488,0.0387,11.1228,13.4359,30.0,314,0,0,0
916,30.5333,1,1,,9992.0,1,391.0,64.0,435.0,379.0,414.2547,226.099,0.8406,0.8467,0.8442,0.0361,10.4755,13.4882,30.0,313,0,0,0
917,30.5667,1,1,,10012.0,1,391.0,64.0,436.0,380.0,414.262,227.1551,0.8217,0.8271,0.8446,0.0397,11.7788,13.5309,30.0,314,0,0,0
918,30.6,1,1,,9996.0,1,391.0,64.0,435.0,380.0,414.3465,226.8788,0.8382,0.8434,0.8463,0.0391,12.1282,13.5065,30.0,314,0,0,0
919,30.6333,1,1,,9978.0,1,391.0,64.0,435.0,380.0,414.3581,226.939,0.8393,0.8442,0.8442,0.0396,12.3856,13.5309,30.0,314,0,0,0
920,30.6667,1,1,,9882.0,1,390.0,64.0,435.0,380.0,414.3564,225.879,0.8212,0.8258,0.8359,0.0363,12.5282,13.5429,30.0,314,0,0,0
921,30.7,1,1,,9777.0,1,391.0,64.0,435.0,379.0,414.5919,224.9342,0.8411,0.8461,0.8279,0.0335,11.6321,13.5298,30.0,313,0,0,0
922,30.7333,1,1,,9655.0,1,392.0,64.0,434.0,377.0,414.7401,222.46,0.8809,0.887,0.8216,0.0261,9.7694,13.4592,30.0,311,0,0,0
923,30.7667,1,1,,9604.0,1,392.0,64.0,434.0,376.0,414.7268,222.03,0.8797,0.8863,0.82,0.0256,9.0851,13.4195,30.0,310,0,0,0
924,30.8,1,1,,9599.0,1,393.0,61.0,434.0,374.0,414.7815,218.4285,0.9093,0.9093,0.8226,0.015,7.5487,13.3846,30.0,311,0,0,0
925,30.8333,1,1,,9579.0,1,393.0,61.0,434.0,374.0,414.8522,218.1026,0.8895,0.8929,0.8325,0.0189,9.0488,13.1939,30.0,311,0,0,0
926,30.8667,1,1,,9599.0,1,392.0,61.0,434.0,375.0,414.7953,218.184,0.8506,0.8564,0.8433,0.022,10.7227,13.0336,30.0,312,0,0,0
927,30.9,1,1,,9618.0,1,392.0,60.0,434.0,375.0,414.8395,218.4028,0.8437,0.8488,0.8505,0.0241,10.8753,12.923,30.0,313,0,0,0
928,30.9333,1,1,,9545.0,1,390.0,60.0,434.0,375.0,414.8575,217.0109,0.8005,0.8063,0.8463,0.0205,10.8482,12.8607,29.0,313,0,0,0
929,30.9667,1,1,,9534.0,1,392.0,60.0,434.0,376.0,414.917,217.7154,0.8321,0.8394,0.847,0.0235,11.9102,12.822,29.0,314,0,0,0
930,31.0,1,1,,9535.0,1,392.0,59.0,434.0,375.0,415.198,216.95,0.8364,0.8419,0.8468,0.0215,10.9637,12.8202,29.0,314,0,0,0
931,31.0333,1,1,,9606.0,1,392.0,59.0,434.0,376.0,415.2558,217.9185,0.8274,0.8339,0.8571,0.0259,12.2689,12.7523,30.0,315,0,0,0
932,31.0667,1,1,,9651.0,1,392.0,59.0,434.0,376.0,415.3604,218.3196,0.8223,0.8297,0.8642,0.0281,12.3782,12.6928,30.0,315,0,0,0
933,31.1,1,1,,9543.0,1,390.0,59.0,434.0,376.0,415.291,216.8779,0.7787,0.7859,0.8606,0.0236,12.2132,12.5873,29.0,315,0,0,0
934,31.1333,1,1,,9515.0,1,388.0,59.0,433.0,376.0,415.097,216.0433,0.7571,0.7642,0.8621,0.0209,12.0074,12.5106,29.0,315,0,0,0
935,31.1667,0,1,mask_escaped_box,9391.0,1,388.0,58.0,433.0,377.0,414.973,214.6392,0.756,0.7615,0.851,0.0161,12.7505,12.4926,29.0,317,0,0,1
936,31.2,0,1,mask_escaped_box,9397.0,1,388.0,58.0,433.0,378.0,415.1686,214.459,0.7537,0.7593,0.8511,0.0154,13.5176,12.4864,29.0,318,0,0,2
937,31.2333,1,1,,9308.0,1,388.0,58.0,433.0,377.0,414.878,213.2863,0.7565,0.7622,0.8423,0.0112,12.2632,12.4849,28.0,317,0,0,0
938,31.2667,1,1,,9351.0,1,388.0,58.0,432.0,377.0,414.7997,213.9679,0.7645,0.7743,0.8464,0.0126,11.8395,12.4649,29.0,317,0,0,0
939,31.3,1,1,,9359.0,1,387.0,58.0,432.0,378.0,414.6863,213.9095,0.7481,0.7555,0.8492,0.0114,12.2656,12.4138,29.0,318,0,0,0
940,31.3333,1,1,,9438.0,1,387.0,58.0,432.0,377.0,414.6232,214.4662,0.752,0.7582,0.8579,0.0118,10.5259,12.3637,29.0,317,0,0,0
941,31.3667,1,1,,9347.0,1,387.0,58.0,432.0,377.0,414.7895,213.6289,0.7533,0.7588,0.8498,0.0079,9.7998,12.3355,29.0,317,0,0,0
942,31.4,1,1,,8866.0,1,388.0,58.0,433.0,379.0,415.2823,207.5464,0.7559,0.7612,0.7989,0.0121,11.5349,12.4359,28.0,319,0,0,0
943,31.4333,0,1,mask_escaped_box,8830.0,1,387.0,58.0,433.0,380.0,415.3299,207.1272,0.7287,0.7338,0.8047,0.0026,19.4503,12.5736,28.0,320,1,1,1
944,31.4667,0,1,mask_escaped_box,8122.0,2,395.0,58.0,433.0,371.0,415.5344,196.0537,0.8759,0.8881,0.757,0.024,19.6475,12.6732,28.0,311,0,0,2
945,31.5,0,1,mask_escaped_box,8663.0,1,387.0,58.0,434.0,380.0,415.5354,204.5116,0.6806,0.6854,0.8265,0.0194,37.2584,12.7508,28.0,320,0,0,3
946,31.5333,0,0,no_track,,,,,,,,,,,,,,,,,,,
947,31.5667,0,0,no_track,,,,,,,,,,,,,,,,,,,
948,31.6,0,0,no_track,,,,,,,,,,,,,,,,,,,
949,31.6333,1,1,,8095.0,1,396.0,58.0,433.0,347.0,416.4882,194.8464,0.9255,0.9802,0.7284,0.0261,0.7324,13.2481,28.0,287,1,1,0
950,31.6667,1,1,,7781.0,1,397.0,58.0,433.0,343.0,416.2964,191.1131,0.8928,1.0,0.6771,0.0505,-0.2591,13.3698,28.0,283,0,0,0
951,31.7,1,1,,7667.0,1,397.0,58.0,433.0,339.0,416.339,188.9543,0.8571,1.0,0.6496,0.0665,-0.2709,13.4704,28.0,279,0,0,0
952,31.7333,1,1,,7650.0,1,397.0,58.0,433.0,339.0,416.378,188.5004,0.8382,1.0,0.6339,0.0741,-0.2942,13.5912,28.0,279,0,0,0
953,31.7667,1,1,,7593.0,1,397.0,58.0,433.0,336.0,416.384,187.3956,0.8151,1.0,0.6184,0.0805,-0.404,13.7431,28.0,276,0,0,0
954,31.8,1,1,,7620.0,1,397.0,58.0,433.0,336.0,416.4333,187.6623,0.8056,1.0,0.6133,0.0794,-0.4764,13.916,28.0,276,0,0,0
955,31.8333,1,1,,7605.0,1,397.0,58.0,433.0,335.0,416.4696,187.0978,0.7981,1.0,0.6087,0.0781,-0.5259,14.0839,28.0,275,0,0,0
956,31.8667,1,1,,7631.0,1,397.0,58.0,433.0,336.0,416.4685,187.7276,0.813,1.0,0.6199,0.0624,-0.4053,14.239,28.0,276,0,0,0
957,31.9,1,1,,7609.0,1,397.0,58.0,433.0,336.0,416.507,187.2174,0.8321,1.0,0.6327,0.0481,-0.3031,14.3668,28.0,276,0,0,0
958,31.9333,1,1,,7599.0,1,397.0,58.0,434.0,335.0,416.5717,187.0887,0.8807,1.0,0.653,0.0308,-0.166,14.4212,28.0,275,0,0,0
959,31.9667,1,1,,7670.0,1,397.0,58.0,434.0,336.0,416.6205,187.951,0.8626,0.9716,0.6791,0.0125,7.8929,14.4468,28.0,276,0,0,0
960,32.0,0,1,mask_escaped_box,7720.0,1,397.0,57.0,434.0,339.0,416.6565,188.588,0.846,0.9418,0.7013,0.0021,16.4127,14.3904,28.0,280,1,1,1
961,32.0333,0,1,mask_escaped_box,7675.0,1,397.0,57.0,434.0,336.0,416.6387,187.3326,0.8511,0.9388,0.7136,0.0013,17.0722,14.2717,28.0,277,0,0,2
962,32.0667,0,1,mask_escaped_box,7690.0,1,397.0,57.0,434.0,336.0,416.588,187.2226,0.8506,0.931,0.7263,0.0052,19.2386,14.153,28.0,277,0,0,3
963,32.1,0,0,no_track,,,,,,,,,,,,,,,,,,,
964,32.1333,0,0,no_track,,,,,,,,,,,,,,,,,,,
965,32.1667,0,0,no_track,,,,,,,,,,,,,,,,,,,
966,32.2,1,1,,7353.0,1,397.0,57.0,435.0,314.0,416.4308,181.47,0.9604,1.0,0.7231,0.011,-0.2658,13.6922,28.0,255,1,1,0
967,32.2333,1,1,,7275.0,1,397.0,57.0,434.0,314.0,416.3982,179.4885,0.9377,1.0,0.7174,0.0178,-0.0214,13.6664,28.0,255,0,0,0
968,32.2667,1,1,,7226.0,1,397.0,57.0,434.0,313.0,416.4314,178.6294,0.9356,1.0,0.7138,0.0205,-0.1602,13.6556,28.0,254,0,0,0
969,32.3,1,1,,7194.0,1,397.0,57.0,434.0,312.0,416.4894,177.9415,0.9319,0.9945,0.7183,0.021,0.2051,13.5636,28.0,253,0,0,0
970,32.3333,1,1,,7082.0,1,397.0,57.0,434.0,306.0,416.4574,176.1511,0.9047,0.9839,0.7175,0.0253,0.597,13.4373,28.0,247,0,0,0
971,32.3667,1,1,,7049.0,1,397.0,57.0,434.0,305.0,416.5137,175.4272,0.8995,0.9765,0.7232,0.0258,0.8679,13.3364,28.0,246,0,0,0
972,32.4,1,1,,7105.0,1,397.0,57.0,434.0,305.0,416.4262,175.3789,0.8942,0.9666,0.7391,0.0241,1.2354,13.2095,28.0,246,0,0,0
973,32.4333,1,1,,7075.0,1,397.0,57.0,434.0,306.0,416.5631,175.8743,0.8924,0.9584,0.7439,0.0208,1.5394,13.1107,28.0,247,0,0,0
974,32.4667,1,1,,7093.0,1,397.0,57.0,434.0,306.0,416.6057,175.7963,0.8911,0.9535,0.7522,0.0196,1.7209,13.0464,28.0,247,0,0,0
975,32.5,1,1,,7106.0,1,397.0,57.0,434.0,306.0,416.6832,175.9932,0.8928,0.9517,0.758,0.0172,1.7886,13.018,28.0,247,0,0,0
976,32.5333,1,1,,7126.0,1,397.0,57.0,435.0,306.0,416.7195,175.954,0.9152,0.9478,0.7659,0.0143,1.7888,13.0111,28.0,247,0,0,0
977,32.5667,1,1,,7165.0,1,397.0,57.0,434.0,309.0,416.7394,176.7407,0.8753,0.9299,0.7745,0.0079,6.1855,13.0349,28.0,250,0,0,0
978,32.6,1,1,,7170.0,1,397.0,57.0,434.0,309.0,416.7582,176.7682,0.8619,0.9153,0.7868,0.0026,10.4715,13.062,28.0,250,0,0,0
979,32.6333,0,1,mask_escaped_box,7177.0,1,397.0,57.0,434.0,310.0,416.7623,176.9177,0.8377,0.8894,0.8061,0.0136,16.9242,13.0516,28.0,251,0,0,1
980,32.6667,0,1,mask_escaped_box,7205.0,1,397.0,57.0,435.0,311.0,416.7536,177.0563,0.8334,0.8635,0.8297,0.0258,23.2637,13.0183,28.0,252,0,0,2
981,32.7,0,1,mask_escaped_box,7184.0,1,397.0,57.0,435.0,312.0,416.7404,176.8573,0.8107,0.8399,0.8464,0.0357,29.0295,12.9903,28.0,253,0,0,3
982,32.7333,0,0,no_track,,,,,,,,,,,,,,,,,,,
983,32.7667,0,0,no_track,,,,,,,,,,,,,,,,,,,
984,32.8,0,0,no_track,,,,,,,,,,,,,,,,,,,
985,32.8333,0,0,no_track,,,,,,,,,,,,,,,,,,,
986,32.8667,0,0,no_track,,,,,,,,,,,,,,,,,,,
987,32.9,0,0,no_track,,,,,,,,,,,,,,,,,,,
988,32.9333,0,0,no_track,,,,,,,,,,,,,,,,,,,
989,32.9667,0,0,no_track,,,,,,,,,,,,,,,,,,,
990,33.0,0,0,no_track,,,,,,,,,,,,,,,,,,,
991,33.0333,0,0,no_track,,,,,,,,,,,,,,,,,,,
992,33.0667,0,0,no_track,,,,,,,,,,,,,,,,,,,
993,33.1,0,0,no_track,,,,,,,,,,,,,,,,,,,
994,33.1333,0,0,no_track,,,,,,,,,,,,,,,,,,,
995,33.1667,0,0,no_track,,,,,,,,,,,,,,,,,,,
996,33.2,0,0,no_track,,,,,,,,,,,,,,,,,,,
997,33.2333,0,0,no_track,,,,,,,,,,,,,,,,,,,
998,33.2667,0,0,no_track,,,,,,,,,,,,,,,,,,,
999,33.3,0,0,no_track,,,,,,,,,,,,,,,,,,,
1000,33.3333,1,1,,6693.0,1,398.0,52.0,437.0,283.0,418.0702,161.8215,0.9354,0.9718,0.7351,0.0227,1.1008,13.4441,29.0,229,1,0,0
1001,33.3667,1,1,,6610.0,1,398.0,52.0,436.0,279.0,418.1295,159.5986,0.8931,0.9588,0.7423,0.026,1.5674,13.2956,29.0,225,0,0,0
1002,33.4,1,1,,6585.0,1,398.0,52.0,436.0,277.0,418.1879,159.0169,0.8856,0.9468,0.7581,0.0219,2.0218,13.1429,29.0,223,0,0,0
1003,33.4333,1,1,,6588.0,1,398.0,52.0,437.0,276.0,418.1468,158.6141,0.9109,0.939,0.7776,0.0176,2.3797,12.9835,30.0,222,0,0,0
1004,33.4667,1,1,,6590.0,1,398.0,52.0,436.0,276.0,418.1208,158.6599,0.8802,0.925,0.7934,0.0125,2.5865,12.8707,30.0,222,0,0,0
1005,33.5,1,1,,6555.0,1,398.0,52.0,437.0,276.0,418.1852,158.3178,0.8905,0.9143,0.7973,0.0102,3.6244,12.8521,30.0,222,0,0,0
1006,33.5333,1,1,,6547.0,1,399.0,52.0,437.0,276.0,418.2097,158.1746,0.904,0.9304,0.8016,0.0082,5.035,12.8501,30.0,222,0,0,0
1007,33.5667,1,1,,6531.0,1,399.0,52.0,437.0,276.0,418.2828,158.2416,0.8992,0.9252,0.8042,0.0063,5.9407,12.833,29.0,222,0,0,0
1008,33.6,1,1,,6543.0,1,399.0,52.0,437.0,276.0,418.2817,158.2901,0.8992,0.9227,0.8101,0.0054,6.4171,12.7951,30.0,222,0,0,0
1009,33.6333,1,1,,6533.0,1,399.0,52.0,437.0,276.0,418.3051,158.1953,0.9049,0.9237,0.8126,0.0051,6.6,12.7506,30.0,222,0,0,0
1010,33.6667,1,1,,6539.0,1,399.0,52.0,437.0,276.0,418.3505,157.8781,0.9098,0.9253,0.8153,0.0058,6.7156,12.7301,30.0,222,0,0,0
1011,33.7,1,1,,6546.0,1,399.0,52.0,437.0,276.0,418.3732,157.9882,0.9129,0.927,0.816,0.0051,6.7418,12.7351,30.0,222,0,0,0
1012,33.7333,1,1,,6570.0,1,399.0,52.0,437.0,276.0,418.3919,158.0679,0.9138,0.9283,0.8176,0.0049,6.6897,12.754,30.0,222,0,0,0
1013,33.7667,1,1,,6604.0,1,399.0,52.0,437.0,277.0,418.3775,158.6151,0.9041,0.9219,0.8204,0.0033,7.6837,12.7744,30.0,223,0,0,0
1014,33.8,1,1,,6611.0,1,399.0,52.0,437.0,277.0,418.4134,158.5436,0.9,0.9203,0.82,0.0036,7.712,12.7946,30.0,223,0,0,0
1015,33.8333,1,1,,6623.0,1,399.0,52.0,437.0,277.0,418.4512,158.5585,0.9026,0.9241,0.8172,0.0031,7.7451,12.8628,30.0,223,0,0,0
1016,33.8667,1,1,,6630.0,1,399.0,52.0,437.0,277.0,418.4896,158.3192,0.9058,0.9282,0.8138,0.0036,7.7229,12.9259,30.0,223,0,0,0
1017,33.9,1,1,,6636.0,1,399.0,52.0,437.0,276.0,418.4902,158.2592,0.9138,0.9369,0.8102,0.0037,6.6668,12.9899,30.0,222,0,0,0
1018,33.9333,1,1,,6637.0,1,399.0,52.0,437.0,276.0,418.4924,158.3708,0.9172,0.9408,0.8067,0.0026,6.8694,13.0587,30.0,222,0,0,0
1019,33.9667,1,1,,6634.0,1,399.0,52.0,437.0,276.0,418.5172,158.3049,0.9189,0.943,0.8041,0.0018,7.2675,13.1175,30.0,222,0,0,0
1020,34.0,1,1,,6684.0,1,399.0,52.0,437.0,277.0,418.5387,158.5726,0.9154,0.94,0.8086,0.0008,8.6919,13.1671,30.0,223,0,0,0
1021,34.0333,1,1,,6679.0,1,399.0,52.0,437.0,277.0,418.5477,158.5406,0.918,0.9446,0.8024,0.0013,9.0567,13.2801,30.0,223,0,0,0
1022,34.0667,1,1,,6688.0,1,399.0,52.0,438.0,277.0,418.5401,158.6836,0.9253,0.939,0.7991,0.0022,9.2367,13.3655,30.0,223,0,0,0
1023,34.1,1,1,,6703.0,1,399.0,52.0,438.0,277.0,418.5502,158.731,0.9292,0.9429,0.7977,0.0026,9.3249,13.4267,30.0,223,0,0,0
1024,34.1333,1,1,,6707.0,1,399.0,52.0,438.0,277.0,418.5602,158.6612,0.9315,0.9452,0.7962,0.0028,9.5811,13.4758,30.0,223,0,0,0
1025,34.1667,1,1,,6684.0,1,399.0,52.0,438.0,277.0,418.5607,158.5868,0.9327,0.9465,0.7925,0.0032,9.885,13.5128,30.0,223,0,0,0
1026,34.2,1,1,,6653.0,1,399.0,52.0,438.0,277.0,418.5374,158.4819,0.9334,0.9472,0.7882,0.0034,10.1668,13.5405,30.0,223,0,0,0
1027,34.2333,1,1,,6664.0,1,399.0,52.0,438.0,277.0,418.5368,158.5419,0.933,0.9472,0.7891,0.0042,10.3846,13.5612,30.0,223,0,0,0
1028,34.2667,1,1,,6653.0,1,399.0,52.0,438.0,276.0,418.4998,158.4446,0.9351,0.9501,0.7883,0.0042,9.5747,13.5632,30.0,222,0,0,0
1029,34.3,1,1,,6601.0,1,399.0,52.0,437.0,276.0,418.5208,158.4413,0.9239,0.9567,0.7816,0.0044,9.7023,13.5809,29.0,222,0,0,0
1030,34.3333,1,1,,6595.0,1,399.0,52.0,437.0,276.0,418.4972,158.5212,0.9207,0.9568,0.7779,0.0047,9.6787,13.6307,29.0,222,0,0,0
1031,34.3667,1,1,,6609.0,1,399.0,52.0,437.0,276.0,418.5007,158.56,0.9182,0.9577,0.7759,0.0045,9.4784,13.6816,29.0,222,0,0,0
1032,34.4,1,1,,6623.0,1,400.0,52.0,437.0,276.0,418.5324,158.5372,0.8932,0.9591,0.7737,0.0037,9.1697,13.7281,29.0,222,0,0,0
1033,34.4333,1,1,,6591.0,1,400.0,52.0,437.0,276.0,418.5242,158.3332,0.8878,0.9604,0.7631,0.0023,8.8732,13.8284,29.0,222,0,0,0
1034,34.4667,1,1,,6570.0,1,400.0,52.0,437.0,275.0,418.5651,158.0116,0.8853,0.966,0.7533,0.0009,7.5893,13.9428,29.0,221,0,0,0
1035,34.5,1,1,,6530.0,1,400.0,52.0,437.0,275.0,418.6009,158.141,0.877,0.967,0.7399,0.0011,7.3556,14.0925,29.0,221,0,0,0
1036,34.5333,1,1,,6472.0,1,400.0,52.0,437.0,275.0,418.4581,157.5479,0.87,0.9679,0.7261,0.0028,7.1649,14.2227,29.0,221,0,0,0
1037,34.5667,1,1,,6464.0,1,400.0,52.0,437.0,275.0,418.5057,157.3128,0.8641,0.9683,0.7194,0.0042,7.0617,14.3315,29.0,221,0,0,0
1038,34.6,1,1,,6436.0,1,400.0,52.0,437.0,275.0,418.5099,157.2601,0.8587,0.9681,0.7121,0.0045,7.1184,14.4206,29.0,221,0,0,0
1039,34.6333,1,1,,6428.0,1,400.0,52.0,437.0,275.0,418.5254,157.1383,0.8524,0.9674,0.7068,0.0046,7.2781,14.5189,28.0,221,0,0,0
1040,34.6667,1,1,,6383.0,1,400.0,52.0,437.0,275.0,418.5629,156.8454,0.8447,0.9664,0.6967,0.0053,7.4982,14.6373,28.0,221,0,0,0
1041,34.7,1,1,,6345.0,1,400.0,52.0,437.0,274.0,418.53,156.4878,0.8391,0.9685,0.688,0.0055,6.992,14.7637,28.0,220,0,0,0
1042,34.7333,1,1,,6278.0,1,400.0,52.0,437.0,272.0,418.5223,155.6894,0.8432,0.9731,0.6843,0.0083,5.9267,14.7887,28.0,218,0,0,0
1043,34.7667,1,1,,6227.0,1,400.0,52.0,437.0,272.0,418.4513,155.1461,0.8319,0.946,0.7063,0.0018,11.8878,14.6889,28.0,218,0,0,0
1044,34.8,1,1,,6183.0,1,400.0,52.0,437.0,269.0,418.4999,154.4834,0.8396,0.9363,0.7325,0.008,13.827,14.4527,28.0,215,0,0,0
1045,34.8333,0,1,mask_escaped_box,6163.0,1,400.0,52.0,437.0,269.0,418.522,154.1,0.8386,0.9182,0.7577,0.0155,17.7556,14.2028,28.0,215,1,1,1
1046,34.8667,0,1,mask_escaped_box,6124.0,1,400.0,52.0,437.0,268.0,418.5883,154.1058,0.8525,0.9227,0.7625,0.0152,16.6965,14.0154,28.0,214,0,0,2
1047,34.9,0,1,mask_escaped_box,6122.0,1,400.0,52.0,437.0,268.0,418.5913,154.075,0.8691,0.9328,0.7614,0.0098,14.5216,13.8719,28.0,214,0,0,3
1048,34.9333,0,0,no_track,,,,,,,,,,,,,,,,,,,
1049,34.9667,0,0,no_track,,,,,,,,,,,,,,,,,,,
1050,35.0,0,0,no_track,,,,,,,,,,,,,,,,,,,
1051,35.0333,1,1,,5634.0,1,400.0,52.0,437.0,255.0,418.5667,148.5719,0.9444,1.0,0.7084,0.0222,-0.6205,13.4542,27.0,201,1,1,0
1052,35.0667,1,1,,5665.0,1,400.0,52.0,437.0,254.0,418.7403,148.1573,0.9567,1.0,0.7252,0.0192,-0.2018,13.3115,27.0,200,0,0,0
1053,35.1,1,1,,5601.0,1,400.0,52.0,437.0,252.0,418.8863,147.0777,0.9586,0.9977,0.7289,0.0197,0.0866,13.2012,27.0,198,0,0,0
1054,35.1333,1,1,,5591.0,1,400.0,52.0,437.0,253.0,418.9313,147.0547,0.9524,0.9851,0.7374,0.0158,1.607,13.125,27.0,199,0,0,0
1055,35.1667,1,1,,5587.0,1,401.0,52.0,437.0,253.0,418.9651,147.0286,0.9375,0.9859,0.7441,0.0129,2.8261,13.0739,27.0,199,0,0,0
1056,35.2,1,1,,5570.0,1,401.0,52.0,437.0,252.0,418.9907,146.8738,0.9406,0.987,0.7464,0.0118,2.5906,13.0431,27.0,198,0,0,0
1057,35.2333,1,1,,5558.0,1,401.0,52.0,437.0,252.0,419.0191,146.8057,0.9408,0.985,0.7481,0.0112,3.0079,13.0135,27.0,198,0,0,0
1058,35.2667,1,1,,5815.0,1,400.0,52.0,437.0,256.0,418.6724,149.6069,0.9234,0.9516,0.7845,0.0036,7.1957,12.9971,27.0,202,0,0,0
1059,35.3,1,1,,5588.0,1,401.0,52.0,437.0,252.0,419.0825,146.7214,0.9419,0.9843,0.7539,0.0114,3.1321,12.9922,27.0,198,0,0,0
1060,35.3333,1,1,,5579.0,1,401.0,52.0,438.0,251.0,419.155,146.3899,0.9553,0.9824,0.7497,0.0139,1.6971,13.0134,27.0,197,0,0,0
1061,35.3667,1,1,,5617.0,1,401.0,52.0,438.0,251.0,419.1547,146.7903,0.9568,0.9861,0.7503,0.0132,1.1209,13.0486,27.0,197,0,0,0
1062,35.4,1,1,,5636.0,1,401.0,52.0,438.0,252.0,419.1531,147.384,0.9554,0.9866,0.7473,0.0118,1.4493,13.0989,27.0,198,0,0,0
1063,35.4333,1,1,,5646.0,1,401.0,52.0,438.0,251.0,419.1897,147.2577,0.9587,1.0,0.7352,0.0141,-0.0098,13.2815,27.0,197,0,0,0
1064,35.4667,1,1,,5663.0,1,401.0,52.0,438.0,252.0,419.1506,147.582,0.9477,1.0,0.7253,0.0145,-0.2254,13.4385,27.0,198,0,0,0
1065,35.5,1,1,,5638.0,1,401.0,52.0,438.0,251.0,419.2288,147.3797,0.9238,1.0,0.7074,0.0179,-0.4682,13.6425,27.0,197,0,0,0
1066,35.5333,1,1,,5754.0,1,401.0,52.0,438.0,253.0,419.2556,148.788,0.9149,1.0,0.7078,0.0137,-0.7172,13.8383,28.0,199,0,0,0
1067,35.5667,1,1,,5763.0,1,401.0,52.0,438.0,254.0,419.271,149.252,0.8938,1.0,0.6892,0.014,-0.9916,14.1629,27.5,200,0,0,0
1068,35.6,1,1,,5763.0,1,401.0,52.0,438.0,254.0,419.2754,149.292,0.87,1.0,0.6708,0.0175,-1.2677,14.4385,27.0,200,0,0,0
1069,35.6333,1,1,,5772.0,1,401.0,52.0,438.0,254.0,419.2763,149.1187,0.852,1.0,0.658,0.0219,-1.4591,14.6308,27.0,200,0,0,0
1070,35.6667,1,1,,5770.0,1,401.0,52.0,438.0,254.0,419.2847,149.2685,0.8397,1.0,0.6482,0.0241,-1.6296,14.7551,27.0,200,0,0,0
1071,35.7,1,1,,5752.0,1,401.0,52.0,438.0,254.0,419.2876,149.1067,0.8329,1.0,0.641,0.027,-1.7537,14.807,27.0,200,0,0,0
1072,35.7333,1,1,,5756.0,1,401.0,52.0,438.0,254.0,419.2472,149.0009,0.8297,1.0,0.6389,0.0289,-1.8478,14.8171,27.5,200,0,0,0
1073,35.7667,1,1,,5752.0,1,401.0,52.0,438.0,254.0,419.2535,148.8769,0.8285,1.0,0.6376,0.0304,-1.892,14.807,27.5,200,0,0,0
1074,35.8,1,1,,5742.0,1,401.0,52.0,438.0,254.0,419.3081,149.0265,0.8285,1.0,0.6365,0.0302,-1.9038,14.7901,27.0,200,0,0,0
1075,35.8333,1,1,,5738.0,1,401.0,52.0,438.0,254.0,419.3276,149.1305,0.8295,1.0,0.6369,0.0301,-1.8812,14.7687,27.5,200,0,0,0
1076,35.8667,1,1,,5738.0,1,401.0,52.0,438.0,254.0,419.3498,149.2696,0.8334,1.0,0.6398,0.0295,-1.7201,14.7087,27.5,200,0,0,0
1077,35.9,1,1,,5742.0,1,401.0,52.0,438.0,254.0,419.3755,149.4009,0.838,1.0,0.6438,0.0287,-1.5781,14.6396,28.0,200,0,0,0
1078,35.9333,1,1,,5711.0,1,401.0,52.0,438.0,254.0,419.4243,149.5668,0.843,1.0,0.6442,0.027,-1.4609,14.5742,28.0,200,0,0,0
1079,35.9667,1,1,,5707.0,1,401.0,52.0,438.0,254.0,419.4405,149.7279,0.8473,1.0,0.647,0.0252,-1.3807,14.5225,28.0,200,0,0,0
1080,36.0,1,1,,5711.0,1,401.0,52.0,438.0,254.0,419.4495,149.7659,0.8513,1.0,0.6505,0.0236,-1.3173,14.4747,28.0,200,0,0,0
1081,36.0333,1,1,,5715.0,1,401.0,51.0,438.0,254.0,419.5164,150.1181,0.8588,1.0,0.6534,0.0208,-1.2629,14.4359,28.0,201,0,0,0
1082,36.0667,1,1,,5707.0,1,401.0,51.0,438.0,254.0,419.5448,150.2749,0.8604,1.0,0.6537,0.0196,-1.2225,14.4115,28.0,201,0,0,0
1083,36.1,1,1,,5714.0,1,401.0,52.0,438.0,253.0,419.5539,149.9683,0.8574,1.0,0.6588,0.0198,-1.1795,14.3506,28.0,199,0,0,0
1084,36.1333,1,1,,5680.0,1,401.0,52.0,438.0,253.0,419.612,149.8826,0.8652,1.0,0.6608,0.0185,-1.12,14.27,28.0,199,0,0,0
1085,36.1667,1,1,,5670.0,1,401.0,52.0,438.0,252.0,419.6397,149.6937,0.8727,1.0,0.6686,0.0169,-1.0876,14.1617,28.0,198,0,0,0
1086,36.2,1,1,,5715.0,1,401.0,52.0,438.0,252.0,419.5683,149.4262,0.8862,1.0,0.6844,0.0148,-1.0543,14.0524,29.0,198,0,0,0
1087,36.2333,1,1,,5662.0,1,401.0,52.0,438.0,251.0,419.6416,149.2711,0.897,1.0,0.6897,0.0126,-0.9745,13.9164,28.0,197,0,0,0
1088,36.2667,1,1,,5674.0,1,401.0,52.0,438.0,250.0,419.6734,148.9082,0.9063,1.0,0.7019,0.0112,-0.8837,13.8029,29.0,196,0,0,0
1089,36.3,1,1,,5671.0,1,401.0,52.0,438.0,250.0,419.6782,148.7161,0.9213,1.0,0.7132,0.0094,-0.7337,13.6691,29.0,196,0,0,0
1090,36.3333,1,1,,5664.0,1,401.0,52.0,438.0,248.0,419.6924,148.3806,0.9237,1.0,0.7214,0.0088,-0.6084,13.573,29.0,194,0,0,0
1091,36.3667,1,1,,5675.0,1,401.0,52.0,438.0,248.0,419.7528,148.5036,0.9284,1.0,0.7265,0.0072,-0.591,13.5636,29.0,194,0,0,0
1092,36.4,1,1,,5656.0,1,401.0,52.0,438.0,248.0,419.7942,148.4719,0.9293,1.0,0.7248,0.0074,-0.5863,13.5699,28.5,194,0,0,0
1093,36.4333,1,1,,5676.0,1,401.0,52.0,438.0,248.0,419.775,148.3261,0.928,1.0,0.7264,0.0086,-0.5859,13.5832,29.0,194,0,0,0
1094,36.4667,1,1,,5689.0,1,401.0,52.0,438.0,249.0,419.7694,148.8093,0.9302,1.0,0.726,0.0071,-0.5976,13.602,29.0,195,0,0,0
1095,36.5,1,1,,5696.0,1,401.0,52.0,438.0,249.0,419.7565,148.685,0.9246,1.0,0.7225,0.0086,-0.7032,13.6579,29.0,195,0,0,0
1096,36.5333,1,1,,5718.0,1,401.0,52.0,438.0,249.0,419.716,148.4421,0.9146,1.0,0.7175,0.0115,-0.8879,13.7603,29.0,195,0,0,0
1097,36.5667,1,1,,5729.0,1,401.0,52.0,438.0,249.0,419.7548,148.6891,0.9024,1.0,0.7093,0.0122,-1.1462,13.8954,29.0,195,0,0,0
1098,36.6,1,1,,5750.0,1,401.0,52.0,438.0,249.0,419.7593,148.7014,0.8908,1.0,0.7027,0.0137,-1.3726,14.026,29.0,195,0,0,0
1099,36.6333,1,1,,5755.0,1,401.0,52.0,438.0,250.0,419.7383,149.3048,0.8792,1.0,0.6907,0.0122,-1.7672,14.2303,29.0,196,0,0,0
1100,36.6667,1,1,,5752.0,1,401.0,52.0,438.0,250.0,419.7333,149.1836,0.8661,1.0,0.68,0.0142,-2.0514,14.391,29.0,196,0,0,0
1101,36.7,1,1,,5768.0,1,401.0,52.0,438.0,251.0,419.7535,149.586,0.8599,1.0,0.6736,0.0136,-2.1625,14.5183,29.0,197,0,0,0
1102,36.7333,1,1,,5760.0,1,401.0,52.0,438.0,251.0,419.7109,149.4345,0.8532,1.0,0.6675,0.0155,-2.2436,14.5892,29.0,197,0,0,0
1103,36.7667,1,1,,5769.0,1,401.0,52.0,438.0,251.0,419.7098,149.4692,0.8478,1.0,0.6642,0.0164,-2.3143,14.6507,29.0,197,0,0,0
1104,36.8,1,1,,5751.0,1,401.0,52.0,438.0,251.0,419.7129,149.2172,0.8446,1.0,0.6597,0.0183,-2.3656,14.6849,29.0,197,0,0,0
1105,36.8333,1,1,,5765.0,1,401.0,52.0,438.0,252.0,419.7138,149.532,0.8468,1.0,0.6597,0.0171,-2.3968,14.7119,29.0,198,0,0,0
1106,36.8667,1,1,,5754.0,1,401.0,52.0,438.0,251.0,419.7223,149.2932,0.8422,1.0,0.6582,0.0182,-2.412,14.723,29.0,197,0,0,0
1107,36.9,1,1,,5750.0,1,401.0,52.0,438.0,252.0,419.6845,149.7877,0.846,1.0,0.6574,0.0153,-2.4349,14.7481,29.0,198,0,0,0
1108,36.9333,1,1,,5760.0,1,401.0,52.0,438.0,252.0,419.6878,149.9906,0.8474,1.0,0.6596,0.0165,-1.9964,14.7687,29.0,198,0,0,0
1109,36.9667,1,1,,5751.0,1,401.0,52.0,438.0,252.0,419.6538,149.7185,0.8509,1.0,0.6613,0.0185,-1.4879,14.7623,28.5,198,0,0,0
1110,37.0,1,1,,5757.0,1,401.0,52.0,438.0,252.0,419.6087,149.6248,0.8574,1.0,0.6671,0.0187,-1.1912,14.7017,28.0,198,0,0,0
1111,37.0333,1,1,,5731.0,1,401.0,52.0,438.0,251.0,419.6168,149.0408,0.8596,1.0,0.669,0.0206,-1.0534,14.6379,28.0,197,0,0,0
1112,37.0667,1,1,,5728.0,1,401.0,52.0,438.0,251.0,419.6257,149.0178,0.866,1.0,0.6737,0.0193,-1.0214,14.5811,28.0,197,0,0,0
1113,37.1,1,1,,5718.0,1,401.0,52.0,438.0,251.0,419.6256,148.971,0.8749,1.0,0.6794,0.0141,-1.7899,14.4847,28.0,197,0,0,0
1114,37.1333,1,1,,5681.0,1,401.0,52.0,438.0,250.0,419.6663,148.7889,0.8778,1.0,0.6807,0.0109,-2.0623,14.4087,28.0,196,0,0,0
1115,37.1667,1,1,,5703.0,1,401.0,52.0,438.0,252.0,419.5981,149.233,0.8865,0.9984,0.6853,0.0062,0.3165,14.3963,28.0,198,0,0,0
1116,37.2,1,1,,5703.0,1,401.0,52.0,438.0,252.0,419.5423,149.279,0.8854,0.9969,0.6864,0.0051,0.6246,14.3867,28.0,198,0,0,0
1117,37.2333,1,1,,5701.0,1,401.0,52.0,438.0,252.0,419.5101,149.3549,0.887,0.9963,0.6881,0.0044,0.7375,14.3488,28.0,198,0,0,0
1118,37.2667,1,1,,5712.0,1,401.0,52.0,438.0,252.0,419.4881,149.3514,0.8885,0.9962,0.6908,0.0043,0.7639,14.3175,28.0,198,0,0,0
1119,37.3,1,1,,5712.0,1,401.0,52.0,438.0,252.0,419.5114,149.2827,0.8899,0.9959,0.6922,0.0043,0.8141,14.2837,28.0,198,0,0,0
1120,37.3333,1,1,,5716.0,1,401.0,52.0,438.0,252.0,419.5453,149.1398,0.8908,0.9958,0.6935,0.0045,0.8328,14.2582,28.0,198,0,0,0
1121,37.3667,1,1,,5709.0,1,401.0,52.0,438.0,252.0,419.529,149.2578,0.8914,0.9961,0.6928,0.004,0.7765,14.2465,28.0,198,0,0,0
1122,37.4,1,1,,5671.0,1,401.0,52.0,438.0,252.0,419.5334,149.2717,0.892,0.9967,0.6879,0.0042,0.6689,14.2422,28.0,198,0,0,0
1123,37.4333,1,1,,5696.0,1,401.0,52.0,438.0,253.0,419.5228,149.5414,0.8879,0.9924,0.6899,0.0036,1.5202,14.2549,28.0,199,0,0,0
1124,37.4667,1,1,,5698.0,1,401.0,52.0,438.0,253.0,419.5456,149.609,0.8927,0.9969,0.688,0.0073,0.6219,14.3015,28.0,199,0,0,0
1125,37.5,1,1,,5703.0,1,401.0,52.0,438.0,253.0,419.536,149.6505,0.8951,0.9995,0.687,0.0098,0.0981,14.341,28.0,199,0,0,0
1126,37.5333,1,1,,5700.0,1,402.0,52.0,438.0,253.0,419.5611,149.6975,0.8711,1.0,0.6862,0.0109,-0.1269,14.3604,28.0,199,0,0,0
1127,37.5667,1,1,,5687.0,1,402.0,52.0,438.0,253.0,419.5551,149.6253,0.8716,1.0,0.685,0.0115,-0.1204,14.3603,28.0,199,0,0,0
1128,37.6,1,1,,5688.0,1,402.0,52.0,438.0,253.0,419.5832,149.6714,0.8751,0.999,0.6891,0.0103,0.1984,14.2957,28.0,199,0,0,0
1129,37.6333,1,1,,5674.0,1,402.0,52.0,438.0,253.0,419.5754,149.669,0.8765,0.9968,0.6914,0.0089,0.6363,14.2371,27.0,199,0,0,0
1130,37.6667,1,1,,5665.0,1,402.0,52.0,438.0,253.0,419.5592,149.5146,0.8774,0.9944,0.6942,0.0081,1.1302,14.1818,27.0,199,0,0,0
1131,37.7,1,1,,5681.0,1,402.0,52.0,438.0,253.0,419.5825,149.5682,0.8813,0.9918,0.7028,0.0063,1.6511,14.0774,28.0,199,0,0,0
1132,37.7333,1,1,,5709.0,1,402.0,52.0,438.0,253.0,419.5351,149.8974,0.8879,0.9889,0.7155,0.0031,2.2263,13.9277,28.0,199,0,0,0
1133,37.7667,1,1,,5711.0,1,402.0,52.0,438.0,254.0,419.4924,150.2297,0.891,0.9818,0.7247,0.0007,3.6806,13.7977,28.0,200,0,0,0
1134,37.8,1,1,,5702.0,1,402.0,52.0,438.0,254.0,419.4248,150.3334,0.8956,0.9796,0.7305,0.0006,4.1305,13.7062,27.0,200,0,0,0
1135,37.8333,1,1,,5686.0,1,402.0,52.0,438.0,253.0,419.4193,149.7033,0.9036,0.9828,0.7342,0.0018,3.4666,13.6271,27.0,199,0,0,0
1136,37.8667,1,1,,5699.0,1,402.0,52.0,438.0,254.0,419.3911,149.9714,0.9035,0.9762,0.7416,0.0004,4.8027,13.548,27.0,200,0,0,0
1137,37.9,1,1,,5692.0,1,402.0,52.0,438.0,253.0,419.4122,149.7598,0.8944,0.9984,0.7058,0.0302,0.329,13.5977,27.0,199,0,0,0
1138,37.9333,1,1,,5891.0,1,401.0,52.0,438.0,256.0,419.1611,151.5016,0.9302,0.999,0.7275,0.0226,0.2123,13.6204,28.0,202,0,0,0
1139,37.9667,1,1,,5692.0,1,401.0,52.0,438.0,255.0,419.2073,150.4923,0.9169,0.9952,0.7013,0.0314,0.5195,13.5774,27.0,201,0,0,0
1140,38.0,1,1,,5679.0,1,401.0,52.0,438.0,255.0,419.1842,150.5464,0.9011,0.9873,0.6982,0.0351,0.8267,13.5345,27.0,201,0,0,0
1141,38.0333,1,1,,5672.0,1,401.0,52.0,438.0,255.0,419.208,150.4921,0.8856,0.9794,0.6958,0.0393,1.1339,13.4915,27.0,201,0,0,0
1142,38.0667,1,1,,5684.0,1,402.0,52.0,438.0,255.0,419.1362,150.509,0.831,0.9944,0.6531,0.0565,0.2025,13.6843,27.0,201,0,0,0
1143,38.1,1,1,,5666.0,1,402.0,52.0,438.0,255.0,419.1814,150.5319,0.8187,0.9908,0.6456,0.0601,0.3307,13.6769,27.0,201,0,0,0
1144,38.1333,1,1,,5652.0,1,402.0,52.0,438.0,255.0,419.1534,150.4179,0.7582,0.996,0.5906,0.0909,0.207,13.9145,27.0,201,0,0,0
1145,38.1667,1,1,,5624.0,1,402.0,52.0,438.0,255.0,419.1049,150.3112,0.7473,0.9936,0.5816,0.0949,0.2627,13.944,27.0,201,0,0,0
1146,38.2,1,1,,5606.0,1,402.0,52.0,438.0,255.0,418.9581,150.3562,0.7366,0.9912,0.5738,0.0982,0.3184,13.9735,26.0,201,0,0,0
1147,38.2333,1,1,,5611.0,1,402.0,52.0,438.0,255.0,419.0176,150.2982,0.6703,0.9946,0.5193,0.1278,1.095,14.4236,26.0,201,0,0,0
1148,38.2667,1,1,,5622.0,1,402.0,52.0,438.0,255.0,418.9991,150.4148,0.6301,0.9915,0.4915,0.138,1.7244,14.9201,26.0,201,0,0,0
1149,38.3,1,1,,5641.0,1,402.0,52.0,438.0,255.0,418.9766,150.574,0.6091,0.99,0.4779,0.1428,2.0375,15.2124,26.0,201,0,0,0
1150,38.3333,1,1,,5641.0,1,401.0,52.0,438.0,255.0,418.964,150.4937,0.5647,0.9902,0.4307,0.1746,1.9837,15.3714,26.0,201,0,0,0
1151,38.3667,1,1,,5654.0,1,401.0,52.0,438.0,255.0,418.9922,150.5248,0.5319,0.9911,0.4059,0.1912,1.8159,15.4749,26.0,201,0,0,0
1152,38.4,1,1,,5643.0,1,401.0,52.0,438.0,255.0,418.9945,150.4716,0.5137,0.9959,0.3883,0.1989,0.827,15.587,26.0,201,0,0,0
1153,38.4333,1,1,,5653.0,1,401.0,52.0,438.0,255.0,418.971,150.5684,0.5026,0.9998,0.3784,0.2031,0.0313,15.66,26.0,201,0,0,0
1154,38.4667,1,1,,5631.0,1,401.0,52.0,438.0,255.0,418.9798,150.3637,0.4932,1.0,0.3698,0.2068,-0.4749,15.7179,26.0,201,0,0,0
1155,38.5,1,1,,5666.0,1,401.0,52.0,438.0,255.0,419.1108,150.4606,0.4873,1.0,0.3676,0.2084,-0.8462,15.746,27.0,201,0,0,0
1156,38.5333,1,1,,5702.0,1,401.0,52.0,438.0,255.0,419.0459,150.8713,0.4856,1.0,0.3686,0.2071,-1.7068,15.6766,27.0,201,0,0,0
1157,38.5667,1,1,,5682.0,1,401.0,52.0,438.0,255.0,419.1156,151.3724,0.4852,1.0,0.3671,0.2057,-1.8771,15.5959,27.0,201,0,0,0
1158,38.6,1,1,,5640.0,1,401.0,52.0,438.0,255.0,419.2408,151.2722,0.4861,1.0,0.365,0.2052,-1.7034,15.4911,27.0,201,0,0,0
1159,38.6333,1,1,,5580.0,1,401.0,52.0,438.0,255.0,419.3828,151.1849,0.4874,1.0,0.3621,0.2054,-1.536,15.3941,27.0,201,0,0,0
1160,38.6667,1,1,,5564.0,1,401.0,52.0,438.0,255.0,419.3679,151.2398,0.4908,1.0,0.3636,0.2063,-1.2846,15.2539,26.0,201,0,0,0
1161,38.7,1,1,,5566.0,1,401.0,52.0,438.0,255.0,419.3812,151.4026,0.4944,1.0,0.3664,0.2086,-1.0708,15.1349,27.0,201,0,0,0
1162,38.7333,1,1,,5480.0,1,401.0,52.0,438.0,254.0,419.4797,150.4847,0.4919,1.0,0.3606,0.2126,-0.9602,15.0813,26.0,200,0,0,0
1163,38.7667,1,1,,5504.0,1,401.0,52.0,438.0,255.0,419.4816,150.4433,0.4942,1.0,0.3621,0.2141,-0.8497,15.0276,26.0,201,0,0,0
1164,38.8,1,1,,5505.0,1,401.0,52.0,438.0,254.0,419.4916,150.3869,0.4917,1.0,0.3622,0.2157,-0.7391,14.9739,26.0,200,0,0,0
1165,38.8333,1,1,,5518.0,1,401.0,52.0,438.0,255.0,419.4306,150.5221,0.4941,1.0,0.363,0.2167,-0.6285,14.9202,26.0,201,0,0,0
1166,38.8667,1,1,,5511.0,1,401.0,52.0,438.0,255.0,419.4616,150.4712,0.4999,1.0,0.3668,0.2193,0.0018,14.9093,26.0,201,0,0,0
1167,38.9,1,1,,5531.0,1,401.0,52.0,438.0,255.0,419.4444,150.4873,0.4961,0.9932,0.369,0.2219,1.3715,14.9376,26.0,201,0,0,0
1168,38.9333,1,1,,5523.0,1,401.0,52.0,438.0,255.0,419.4365,150.3755,0.4936,0.99,0.3685,0.2233,2.0326,14.9802,26.0,201,0,0,0
1169,38.9667,1,1,,5522.0,1,401.0,52.0,438.0,255.0,419.4401,150.3854,0.4927,0.9886,0.3685,0.2235,2.3071,15.0084,26.0,201,0,0,0
1170,39.0,1,1,,5579.0,1,401.0,52.0,438.0,255.0,419.2296,150.5646,0.4924,0.9884,0.3722,0.2226,2.3591,15.0365,26.0,201,0,0,0
1171,39.0333,1,1,,5508.0,1,401.0,52.0,438.0,254.0,419.4001,149.8724,0.4894,0.9895,0.3664,0.2236,2.1184,15.098,26.0,200,0,0,0
1172,39.0667,1,1,,5505.0,1,401.0,52.0,438.0,254.0,419.4078,149.8245,0.4916,1.0,0.3621,0.2163,-0.6094,15.2495,26.0,200,0,0,0
1173,39.1,1,1,,5470.0,1,401.0,52.0,438.0,254.0,419.468,149.4466,0.4867,1.0,0.3562,0.2129,-1.3998,15.3706,26.0,200,0,0,0
1174,39.1333,1,1,,5466.0,1,401.0,52.0,438.0,254.0,419.4929,149.5441,0.4846,1.0,0.3544,0.2101,-1.5777,15.4018,26.0,200,0,0,0
1175,39.1667,1,1,,5419.0,1,401.0,52.0,438.0,254.0,419.5835,148.9627,0.4841,1.0,0.351,0.2113,-1.5946,15.3929,25.0,200,0,0,0
1176,39.2,1,1,,5417.0,1,401.0,52.0,438.0,254.0,419.5889,148.9249,0.4866,1.0,0.3527,0.2117,-1.4084,15.2944,25.0,200,0,0,0
1177,39.2333,1,1,,5402.0,1,401.0,52.0,438.0,254.0,419.6266,148.7899,0.4889,1.0,0.3534,0.2127,-1.2501,15.2106,25.0,200,0,0,0
1178,39.2667,1,1,,5392.0,1,401.0,52.0,438.0,254.0,419.6389,148.8229,0.4909,1.0,0.3542,0.2133,-1.1243,15.1421,25.0,200,0,0,0
1179,39.3,1,1,,5432.0,1,401.0,52.0,438.0,255.0,419.5007,149.3901,0.4973,1.0,0.3596,0.2125,-1.1591,15.0561,25.0,201,0,0,0
1180,39.3333,1,1,,5426.0,1,401.0,52.0,438.0,255.0,419.4733,149.4292,0.5015,1.0,0.3623,0.213,-1.2881,14.9782,25.0,201,0,0,0
1181,39.3667,1,1,,5440.0,1,401.0,52.0,438.0,255.0,419.5186,149.6318,0.5056,1.0,0.3662,0.2125,-1.3631,14.9099,25.0,201,0,0,0
1182,39.4,1,1,,5388.0,1,401.0,52.0,438.0,255.0,419.6754,149.4365,0.5094,1.0,0.3654,0.2135,-1.39,14.8491,25.0,201,0,0,0
1183,39.4333,1,1,,5418.0,1,401.0,52.0,438.0,256.0,419.6394,149.8197,0.5161,1.0,0.3704,0.2124,-1.3017,14.7697,25.0,202,0,0,0
1184,39.4667,1,1,,5425.0,1,401.0,52.0,438.0,256.0,419.704,149.9606,0.5244,1.0,0.3769,0.212,-0.6721,14.5535,25.0,202,0,0,0
1185,39.5,1,1,,5432.0,1,401.0,52.0,438.0,256.0,419.6996,150.1145,0.5314,0.9974,0.3839,0.2162,0.5373,14.3307,25.0,202,0,0,0
1186,39.5333,1,1,,5431.0,1,401.0,52.0,438.0,256.0,419.7514,149.9654,0.5285,0.985,0.3891,0.2193,1.6569,14.1633,25.0,202,0,0,0
1187,39.5667,1,1,,5440.0,1,401.0,52.0,438.0,256.0,419.7772,149.952,0.5365,0.9958,0.3892,0.217,0.8606,14.1891,25.0,202,0,0,0
1188,39.6,1,1,,5445.0,1,401.0,52.0,438.0,256.0,419.7642,149.96,0.5402,0.9996,0.39,0.2142,0.0908,14.1979,25.0,202,0,0,0
1189,39.6333,1,1,,5457.0,1,401.0,52.0,438.0,257.0,419.7777,150.0777,0.543,1.0,0.3906,0.2119,-0.3794,14.236,25.0,203,0,0,0
1190,39.6667,1,1,,5458.0,1,401.0,52.0,438.0,257.0,419.7593,150.1621,0.5405,1.0,0.3889,0.2099,-0.7615,14.3319,25.0,203,0,0,0
1191,39.7,1,1,,5486.0,1,401.0,52.0,438.0,258.0,419.7822,150.5787,0.5403,1.0,0.3889,0.2074,-1.01,14.4333,25.0,204,0,0,0
1192,39.7333,1,1,,5490.0,1,401.0,52.0,438.0,259.0,419.8024,150.8388,0.5398,1.0,0.387,0.2057,-1.1401,14.5444,25.0,205,0,0,0
1193,39.7667,1,1,,5519.0,1,401.0,52.0,438.0,260.0,419.7965,151.4064,0.5399,1.0,0.3872,0.2034,-1.1789,14.6369,25.0,206,0,0,0
1194,39.8,1,1,,5559.0,1,401.0,52.0,438.0,261.0,419.7397,151.6692,0.5389,1.0,0.3874,0.2022,-1.1664,14.7531,25.0,207,0,0,0
1195,39.8333,1,1,,5578.0,1,401.0,52.0,438.0,262.0,419.7357,151.9849,0.5364,1.0,0.3851,0.2008,-1.2449,14.906,25.0,208,0,0,0
1196,39.8667,1,1,,5576.0,1,401.0,52.0,438.0,262.0,419.7342,152.0725,0.5324,1.0,0.3821,0.2002,-1.2904,15.0277,25.0,208,0,0,0
1197,39.9,1,1,,5586.0,1,401.0,52.0,438.0,262.0,419.7354,152.2109,0.5295,1.0,0.3806,0.1997,-1.2946,15.1159,25.0,208,0,0,0
1198,39.9333,1,1,,5587.0,1,401.0,52.0,438.0,262.0,419.7401,152.3428,0.5274,1.0,0.3792,0.1993,-1.2692,15.178,25.0,208,0,0,0
1199,39.9667,1,1,,5601.0,1,401.0,52.0,438.0,263.0,419.7286,152.5965,0.5285,1.0,0.3792,0.1986,-1.2441,15.2168,25.0,209,0,0,0
1200,40.0,1,1,,9818.0,1,391.0,51.0,448.0,388.0,420.0338,214.6891,0.7588,0.7637,0.6638,0.0176,6.8922,15.2351,28.0,335,1,0,0
1201,40.0333,1,1,,9861.0,1,390.0,52.0,449.0,387.0,419.9049,213.9567,0.7145,0.7212,0.6829,0.0201,8.5308,14.8923,28.0,333,0,0,0
1202,40.0667,1,1,,9838.0,1,390.0,52.0,449.0,387.0,419.8836,213.7399,0.7012,0.7067,0.6966,0.0206,9.0867,14.5935,28.0,333,0,0,0
1203,40.1,1,1,,9828.0,1,390.0,52.0,449.0,387.0,419.8799,213.6102,0.6905,0.695,0.7088,0.0205,9.5051,14.3512,28.0,333,0,0,0
1204,40.1333,1,1,,9830.0,1,390.0,52.0,449.0,387.0,419.8705,213.5251,0.6822,0.6859,0.7195,0.0202,9.8164,14.1629,28.0,333,0,0,0
1205,40.1667,1,1,,9824.0,1,390.0,52.0,449.0,387.0,419.8736,213.4705,0.6759,0.6789,0.7272,0.0198,10.038,14.0201,28.0,333,0,0,0
1206,40.2,1,1,,9833.0,1,390.0,52.0,449.0,387.0,419.8637,213.4646,0.6713,0.674,0.7338,0.0193,10.1909,13.9173,28.0,333,0,0,0
1207,40.2333,1,1,,9838.0,1,389.0,52.0,449.0,387.0,419.8563,213.4157,0.6573,0.6597,0.738,0.0191,10.2814,13.8528,28.0,333,0,0,0
1208,40.2667,1,1,,9834.0,1,389.0,52.0,449.0,387.0,419.8544,213.4206,0.6557,0.658,0.7397,0.0189,10.3204,13.8174,28.0,333,0,0,0
1209,40.3,1,1,,9843.0,1,389.0,52.0,449.0,387.0,419.9382,213.3429,0.655,0.6572,0.7414,0.019,10.3259,13.8003,28.0,333,0,0,0
1210,40.3333,1,1,,9858.0,1,389.0,52.0,449.0,387.0,419.9362,213.485,0.6534,0.6557,0.744,0.0184,10.4078,13.7694,28.0,333,0,0,0
1211,40.3667,1,1,,9858.0,1,389.0,52.0,449.0,387.0,419.9309,213.417,0.6521,0.6546,0.745,0.0184,10.4867,13.7461,28.0,333,0,0,0
1212,40.4,1,1,,9883.0,1,389.0,52.0,449.0,387.0,419.8284,213.2295,0.6508,0.6535,0.7476,0.0187,10.6002,13.7241,28.0,333,0,0,0
1213,40.4333,1,1,,9850.0,1,389.0,52.0,449.0,387.0,419.8857,213.3373,0.6498,0.6528,0.7454,0.0184,10.7001,13.7089,28.0,333,0,0,0
1214,40.4667,1,1,,9875.0,1,389.0,52.0,449.0,387.0,419.8268,213.2965,0.6492,0.6526,0.7469,0.0186,10.7819,13.7037,28.0,333,0,0,0
1215,40.5,1,1,,9872.0,1,389.0,52.0,449.0,387.0,419.8394,213.3102,0.6495,0.6533,0.7452,0.0188,10.8285,13.7183,28.0,333,0,0,0
1216,40.5333,1,1,,9860.0,1,389.0,51.0,449.0,387.0,419.8427,213.099,0.6512,0.6541,0.7427,0.0197,10.8336,13.7363,28.0,334,0,0,0
1217,40.5667,1,1,,9903.0,1,389.0,51.0,449.0,387.0,419.8757,212.7901,0.6513,0.6544,0.7451,0.0207,10.8074,13.7429,28.0,334,0,0,0
1218,40.6,1,1,,9930.0,1,390.0,51.0,449.0,387.0,419.9002,212.9409,0.661,0.6644,0.7481,0.0205,10.8283,13.7195,28.0,334,0,0,0
1219,40.6333,1,1,,9954.0,1,390.0,51.0,449.0,387.0,419.8931,212.9004,0.66,0.6636,0.7507,0.0207,10.8396,13.7024,28.0,334,0,0,0
1220,40.6667,1,1,,9952.0,1,390.0,51.0,449.0,387.0,419.8967,212.9262,0.6596,0.6633,0.7507,0.0209,10.845,13.6966,29.0,334,0,0,0
1221,40.7,1,1,,9972.0,1,390.0,51.0,449.0,387.0,419.8846,212.9001,0.6603,0.664,0.7512,0.0211,10.8197,13.7123,29.0,334,0,0,0
1222,40.7333,1,1,,9969.0,1,390.0,51.0,449.0,387.0,419.9133,213.0155,0.6629,0.6667,0.7477,0.0211,10.7635,13.7684,29.0,334,0,0,0
1223,40.7667,1,1,,9988.0,1,390.0,51.0,449.0,387.0,419.9214,213.0654,0.6654,0.6694,0.746,0.0211,10.6992,13.8225,29.0,334,0,0,0
1224,40.8,1,1,,10019.0,1,390.0,51.0,449.0,387.0,419.9247,213.2319,0.6675,0.6716,0.7456,0.0208,10.6427,13.8689,29.0,334,0,0,0
1225,40.8333,1,1,,10044.0,1,390.0,51.0,449.0,387.0,419.9648,213.9295,0.6699,0.6741,0.7446,0.0188,10.6151,13.9204,29.0,334,0,0,0
1226,40.8667,1,1,,10027.0,1,389.0,51.0,449.0,387.0,419.975,213.9183,0.6605,0.6647,0.7413,0.0187,10.6133,13.9578,29.0,334,0,0,0
1227,40.9,1,1,,10016.0,1,389.0,51.0,449.0,387.0,419.9503,213.8396,0.6617,0.6659,0.7391,0.0186,10.6054,13.9843,29.0,334,0,0,0
1228,40.9333,1,1,,10030.0,1,389.0,51.0,449.0,387.0,419.9336,213.7963,0.6631,0.6673,0.7386,0.0185,10.5522,14.0133,29.0,334,0,0,0
1229,40.9667,1,1,,10032.0,1,389.0,51.0,449.0,387.0,419.9635,214.0902,0.664,0.6682,0.7378,0.0176,10.5101,14.0316,29.0,334,0,0,0
1230,41.0,1,1,,10044.0,1,389.0,51.0,449.0,387.0,419.9379,213.9815,0.6641,0.6683,0.7386,0.0177,10.4995,14.0333,29.0,334,0,0,0
1231,41.0333,1,1,,10048.0,1,389.0,51.0,449.0,387.0,419.9448,214.0739,0.664,0.6681,0.7392,0.0173,10.4955,14.0299,29.0,334,0,0,0
1232,41.0667,1,1,,10013.0,1,389.0,51.0,449.0,387.0,419.9562,214.3131,0.6637,0.6678,0.737,0.0166,10.502,14.0232,29.0,334,0,0,0
1233,41.1,1,1,,10027.0,1,389.0,52.0,449.0,387.0,419.8909,214.2801,0.6613,0.6666,0.7394,0.0166,10.5541,13.9983,29.0,333,0,0,0
1234,41.1333,1,1,,10041.0,1,389.0,52.0,449.0,387.0,419.9097,214.294,0.659,0.6642,0.7431,0.0166,10.6721,13.949,29.0,333,0,0,0
1235,41.1667,1,1,,10039.0,1,389.0,51.0,449.0,387.0,419.8866,214.3355,0.6576,0.6615,0.7459,0.0166,10.7781,13.8925,29.0,334,0,0,0
1236,41.2,1,1,,10066.0,1,389.0,51.0,449.0,387.0,419.8062,213.9338,0.6549,0.6589,0.751,0.0177,10.8818,13.8365,29.0,334,0,0,0
1237,41.2333,1,1,,10100.0,1,389.0,51.0,449.0,387.0,419.853,214.0108,0.6529,0.6568,0.7558,0.0177,10.9549,13.7935,29.0,334,0,0,0
1238,41.2667,1,1,,10135.0,1,389.0,51.0,449.0,387.0,419.8052,213.9754,0.6523,0.6562,0.7592,0.018,10.9453,13.7795,30.0,334,0,0,0
1239,41.3,1,1,,10140.0,1,389.0,51.0,449.0,387.0,419.8647,214.0392,0.652,0.6559,0.76,0.0181,10.9343,13.773,30.0,334,0,0,0
1240,41.3333,1,1,,10154.0,1,389.0,51.0,449.0,387.0,419.8518,213.7454,0.652,0.6558,0.7614,0.0191,10.9234,13.7712,30.0,334,0,0,0
1241,41.3667,1,1,,10157.0,1,389.0,51.0,449.0,387.0,419.8437,214.3661,0.6531,0.6568,0.7606,0.0174,10.8986,13.7922,30.0,334,0,0,0
1242,41.4,1,1,,10153.0,1,389.0,51.0,449.0,387.0,419.8677,214.4362,0.6558,0.6594,0.7574,0.0173,10.8132,13.8482,30.0,334,0,0,0
1243,41.4333,1,1,,10191.0,1,389.0,51.0,449.0,387.0,419.886,214.6739,0.6587,0.6623,0.7571,0.0166,10.7233,13.9073,30.0,334,0,0,0
1244,41.4667,1,1,,10206.0,1,389.0,51.0,449.0,387.0,419.8687,214.5121,0.6623,0.6659,0.7541,0.0169,10.5786,13.9832,30.0,334,0,0,0
1245,41.5,1,1,,10231.0,1,389.0,51.0,449.0,387.0,419.8333,214.869,0.666,0.6696,0.7518,0.0158,10.425,14.0619,30.0,334,0,0,0
1246,41.5333,1,1,,10221.0,1,389.0,51.0,449.0,387.0,419.8357,214.8884,0.6695,0.6732,0.747,0.0157,10.2872,14.1378,30.0,334,0,0,0
1247,41.5667,1,1,,10230.0,1,389.0,51.0,449.0,387.0,419.8266,214.9113,0.6726,0.6763,0.7442,0.0157,10.1634,14.2031,30.0,334,0,0,0
1248,41.6,1,1,,10195.0,1,389.0,51.0,449.0,387.0,419.7663,215.1362,0.6748,0.6786,0.7392,0.015,10.0815,14.2496,30.0,334,0,0,0
1249,41.6333,1,1,,10216.0,1,389.0,51.0,449.0,387.0,419.7772,215.0366,0.6766,0.6802,0.739,0.0153,10.0152,14.2852,30.0,334,0,0,0
1250,41.6667,1,1,,10216.0,1,389.0,51.0,449.0,387.0,419.802,214.9925,0.6776,0.6812,0.7381,0.0152,9.961,14.3061,30.0,334,0,0,0
1251,41.7,1,1,,10212.0,1,389.0,51.0,449.0,387.0,419.7918,215.0974,0.6783,0.6818,0.7373,0.0147,9.9239,14.318,30.0,334,0,0,0
1252,41.7333,1,1,,10211.0,1,389.0,51.0,449.0,387.0,419.7987,214.9023,0.6781,0.6816,0.7375,0.0151,9.9125,14.3141,30.0,334,0,0,0
1253,41.7667,1,1,,10247.0,1,389.0,51.0,450.0,387.0,419.8483,215.0756,0.6668,0.6702,0.7404,0.0146,10.9077,14.3085,30.0,334,0,0,0
1254,41.8,1,1,,10241.0,1,389.0,51.0,450.0,387.0,419.8208,214.9716,0.667,0.6704,0.7396,0.0147,10.8988,14.3131,30.0,334,0,0,0
1255,41.8333,1,1,,10237.0,1,389.0,51.0,450.0,387.0,419.8643,215.0402,0.6671,0.6706,0.7391,0.0145,10.8905,14.3163,30.0,334,0,0,0
1256,41.8667,1,1,,10223.0,1,389.0,51.0,450.0,387.0,419.8632,215.3847,0.6669,0.6705,0.7381,0.0136,10.888,14.3142,30.0,334,0,0,0
1257,41.9,1,1,,10273.0,1,389.0,52.0,450.0,387.0,419.8867,215.5593,0.6653,0.6702,0.7418,0.0131,10.8901,14.3094,30.0,333,0,0,0
1258,41.9333,1,1,,10274.0,1,389.0,52.0,450.0,387.0,419.8726,215.4422,0.6629,0.668,0.7442,0.0135,10.877,14.2614,30.0,333,0,0,0
1259,41.9667,1,1,,10269.0,1,389.0,52.0,450.0,387.0,419.8913,215.5105,0.6609,0.6661,0.7456,0.0134,10.8811,14.2217,30.0,333,0,0,0
1260,42.0,1,1,,10288.0,1,389.0,52.0,450.0,387.0,419.9103,215.6022,0.6582,0.6635,0.7496,0.0133,10.9861,14.166,30.0,333,0,0,0
1261,42.0333,1,1,,10326.0,1,389.0,52.0,450.0,387.0,419.9583,215.9072,0.6559,0.6615,0.7543,0.0126,11.1184,14.1225,30.0,333,0,0,0
1262,42.0667,1,1,,10334.0,1,389.0,52.0,450.0,387.0,419.9007,215.6452,0.6544,0.6601,0.756,0.0135,11.2372,14.0937,30.0,333,0,0,0
1263,42.1,1,1,,10350.0,1,389.0,52.0,450.0,387.0,419.8933,215.6376,0.6532,0.6591,0.758,0.0137,11.3184,14.0725,30.0,333,0,0,0
1264,42.1333,1,1,,10392.0,1,389.0,52.0,450.0,387.0,419.8232,215.9842,0.6524,0.6584,0.7616,0.0127,11.3848,14.0577,30.0,333,0,0,0
1265,42.1667,1,1,,10443.0,1,389.0,52.0,450.0,387.0,419.8985,215.9424,0.6537,0.6599,0.7633,0.013,11.4523,14.0893,31.0,333,0,0,0
1266,42.2,1,1,,10438.0,1,389.0,52.0,450.0,387.0,419.8723,215.9747,0.6558,0.6621,0.7603,0.0129,11.4209,14.1362,31.0,333,0,0,0
1267,42.2333,1,1,,10461.0,1,389.0,51.0,450.0,387.0,419.9178,216.0813,0.659,0.664,0.76,0.0125,11.3722,14.1766,31.0,334,0,0,0
1268,42.2667,1,1,,10476.0,1,389.0,51.0,450.0,387.0,419.8991,216.2591,0.6609,0.6657,0.7594,0.0118,11.3091,14.2126,31.0,334,0,0,0
1269,42.3,1,1,,10479.0,1,389.0,51.0,450.0,387.0,419.9228,216.2718,0.6631,0.6678,0.7577,0.0116,11.2266,14.2566,31.0,334,0,0,0
1270,42.3333,1,1,,10501.0,1,389.0,51.0,450.0,387.0,419.9215,216.268,0.6675,0.6719,0.7552,0.0113,11.0976,14.3443,31.0,334,0,0,0
1271,42.3667,1,1,,10494.0,1,389.0,51.0,450.0,387.0,419.92,216.2395,0.671,0.675,0.7517,0.011,10.997,14.4122,31.0,334,0,0,0
1272,42.4,1,1,,10508.0,1,389.0,51.0,450.0,387.0,419.8891,216.3866,0.6736,0.6774,0.7506,0.0102,10.9225,14.4624,31.0,334,0,0,0
1273,42.4333,1,1,,10512.0,1,389.0,52.0,450.0,387.0,419.874,216.4595,0.6754,0.6803,0.7481,0.0098,10.893,14.5251,31.0,333,0,0,0
1274,42.4667,1,1,,10516.0,1,389.0,51.0,450.0,387.0,419.8769,216.4119,0.6789,0.6822,0.7469,0.0097,10.9207,14.5641,31.0,334,0,0,0
1275,42.5,1,1,,10519.0,1,389.0,51.0,450.0,387.0,419.8517,216.4497,0.6807,0.6837,0.7458,0.0093,10.9424,14.5974,31.0,334,0,0,0
1276,42.5333,1,1,,10549.0,1,389.0,51.0,450.0,387.0,419.8216,216.6095,0.6826,0.6853,0.7466,0.0087,10.9464,14.632,31.0,334,0,0,0
1277,42.5667,1,1,,10555.0,1,389.0,51.0,450.0,387.0,419.8348,216.7142,0.6849,0.6875,0.745,0.0083,10.9294,14.6784,31.0,334,0,0,0
1278,42.6,1,1,,10591.0,1,389.0,51.0,450.0,387.0,419.7594,216.4733,0.6872,0.6896,0.7455,0.0086,10.9122,14.7229,31.0,334,0,0,0
1279,42.6333,1,1,,10603.0,1,389.0,51.0,450.0,387.0,419.7467,216.4842,0.6895,0.6917,0.7444,0.0086,10.8873,14.7681,31.0,334,0,0,0
1280,42.6667,1,1,,10586.0,1,389.0,51.0,450.0,387.0,419.6697,216.4507,0.6917,0.6937,0.7414,0.0085,10.8712,14.8114,31.0,334,0,0,0
1281,42.7,1,1,,10543.0,1,389.0,52.0,450.0,387.0,419.7378,216.4889,0.692,0.6953,0.737,0.0084,10.8648,14.844,31.0,333,0,0,0
1282,42.7333,1,1,,10550.0,1,389.0,52.0,450.0,387.0,419.7404,216.4787,0.6926,0.6959,0.7368,0.0085,10.8794,14.8575,31.0,333,0,0,0
1283,42.7667,1,1,,10534.0,1,389.0,52.0,450.0,387.0,419.7068,216.5562,0.6923,0.6958,0.7356,0.0085,10.8798,14.8548,31.0,333,0,0,0
1284,42.8,1,1,,10531.0,1,389.0,52.0,450.0,387.0,419.7353,216.3571,0.6911,0.6948,0.7361,0.0094,10.8743,14.8341,31.0,333,0,0,0
1285,42.8333,1,1,,10504.0,1,389.0,52.0,450.0,387.0,419.719,216.4273,0.6899,0.6939,0.7348,0.0097,10.8761,14.8137,31.0,333,0,0,0
1286,42.8667,1,1,,10521.0,1,389.0,52.0,450.0,387.0,419.7246,216.1808,0.6907,0.6948,0.7347,0.0107,10.7976,14.8341,31.0,333,0,0,0
1287,42.9,1,1,,10514.0,1,389.0,52.0,450.0,387.0,419.7006,216.0762,0.6912,0.6955,0.7332,0.0111,10.745,14.849,31.0,333,0,0,0
1288,42.9333,1,1,,10528.0,1,389.0,52.0,450.0,388.0,419.6614,216.2147,0.6929,0.6958,0.7338,0.0108,10.7109,14.8559,30.0,334,0,0,0
1289,42.9667,1,1,,10528.0,1,389.0,52.0,450.0,388.0,419.6706,216.5077,0.6927,0.6955,0.7342,0.0099,10.6958,14.8494,30.0,334,0,0,0
1290,43.0,1,1,,10544.0,1,389.0,52.0,450.0,388.0,419.6665,216.6804,0.6923,0.6951,0.7359,0.0092,10.6921,14.8402,30.0,334,0,0,0
1291,43.0333,1,1,,10544.0,1,389.0,52.0,450.0,388.0,419.692,216.7484,0.6914,0.6942,0.7369,0.009,10.7191,14.8202,30.0,334,0,0,0
1292,43.0667,1,1,,10581.0,1,389.0,52.0,450.0,388.0,419.7479,216.6684,0.6894,0.6921,0.7416,0.0092,10.7913,14.7771,31.0,334,0,0,0
1293,43.1,1,1,,10601.0,1,389.0,52.0,450.0,388.0,419.7593,216.6007,0.6869,0.6897,0.7456,0.0096,10.9138,14.7251,31.0,334,0,0,0
1294,43.1333,1,1,,10590.0,1,389.0,52.0,450.0,388.0,419.745,216.5046,0.6851,0.688,0.7466,0.0101,11.0744,14.6879,31.0,334,0,0,0
1295,43.1667,1,1,,10573.0,1,389.0,52.0,450.0,388.0,419.7658,216.5746,0.6832,0.6862,0.7471,0.0101,11.2202,14.6499,31.0,334,0,0,0
1296,43.2,1,1,,10605.0,1,389.0,52.0,450.0,388.0,419.8405,216.7612,0.6806,0.6837,0.7518,0.0099,11.3169,14.5969,31.0,334,0,0,0
1297,43.2333,1,1,,10604.0,1,389.0,52.0,450.0,388.0,419.9275,216.6154,0.6767,0.6799,0.7558,0.0104,11.4601,14.5149,31.0,334,0,0,0
1298,43.2667,1,1,,10598.0,1,389.0,52.0,450.0,388.0,419.9174,216.401,0.673,0.6763,0.7591,0.0108,11.5822,14.4391,31.0,334,0,0,0
1299,43.3,1,1,,10586.0,1,389.0,52.0,450.0,388.0,419.9082,216.2601,0.6702,0.6735,0.7613,0.011,11.6764,14.3802,31.0,334,0,0,0
1300,43.3333,1,1,,10588.0,1,389.0,52.0,450.0,388.0,419.891,216.0648,0.6679,0.6712,0.764,0.0113,11.7452,14.3311,31.0,334,0,0,0
1301,43.3667,1,1,,10352.0,1,390.0,52.0,451.0,387.0,420.2301,215.543,0.6648,0.6694,0.749,0.0131,12.8083,14.2924,30.0,333,0,0,0
1302,43.4,1,1,,10589.0,1,389.0,51.0,450.0,388.0,419.9009,215.9958,0.6653,0.6672,0.7687,0.0114,11.8478,14.245,31.0,335,0,0,0
1303,43.4333,1,1,,10389.0,1,389.0,51.0,450.0,387.0,420.0632,215.7452,0.6621,0.6653,0.7564,0.0123,11.9065,14.2039,30.0,334,0,0,0
1304,43.4667,1,1,,10385.0,1,389.0,52.0,450.0,387.0,420.0605,215.8074,0.6603,0.6647,0.7568,0.012,11.9675,14.1922,30.0,333,0,0,0
1305,43.5,1,1,,10407.0,1,390.0,52.0,450.0,387.0,420.0912,216.2504,0.6711,0.6756,0.7588,0.0109,12.0057,14.1878,30.0,333,0,0,0
1306,43.5333,1,1,,10398.0,1,389.0,52.0,450.0,387.0,420.0792,216.3421,0.658,0.6622,0.7609,0.0104,12.027,14.1388,30.0,333,0,0,0
1307,43.5667,1,1,,10411.0,1,389.0,52.0,451.0,387.0,420.0889,216.4426,0.6454,0.6493,0.7648,0.0101,13.087,14.0899,30.0,333,0,0,0
1308,43.6,1,1,,10419.0,1,389.0,52.0,451.0,387.0,420.0831,216.41,0.6439,0.6476,0.7678,0.01,13.1391,14.053,30.0,333,0,0,0
1309,43.6333,1,1,,10410.0,1,389.0,52.0,451.0,387.0,420.0709,216.1764,0.6438,0.6473,0.768,0.0104,13.1991,14.0458,30.0,333,0,0,0
1310,43.6667,1,1,,10412.0,1,389.0,52.0,451.0,387.0,420.063,216.08,0.6438,0.6469,0.7693,0.0105,13.3045,14.037,30.0,333,0,0,0
1311,43.7,1,1,,10410.0,1,389.0,52.0,450.0,387.0,420.0668,216.1331,0.6549,0.6577,0.7695,0.0103,12.3735,14.0422,30.0,333,0,0,0
1312,43.7333,1,1,,10417.0,1,389.0,52.0,450.0,387.0,420.0545,215.7367,0.6551,0.6577,0.7705,0.0109,12.4383,14.0466,30.0,333,0,0,0
1313,43.7667,1,1,,10412.0,1,389.0,52.0,450.0,387.0,419.9912,215.8186,0.655,0.6576,0.7702,0.0105,12.4952,14.0564,30.0,333,0,0,0
1314,43.8,1,1,,10417.0,1,389.0,52.0,450.0,387.0,419.9765,215.8232,0.655,0.6576,0.7706,0.0104,12.5211,14.0652,30.0,333,0,0,0
1315,43.8333,1,1,,10419.0,1,389.0,52.0,450.0,386.0,419.8969,216.063,0.6557,0.6585,0.7715,0.0097,12.5738,14.0599,30.0,332,0,0,0
1316,43.8667,1,1,,10408.0,1,389.0,52.0,450.0,387.0,419.8186,216.4208,0.6534,0.6559,0.7721,0.0089,12.6424,14.0404,30.0,333,0,0,0
1317,43.9,1,1,,10366.0,1,389.0,52.0,450.0,386.0,419.816,216.0249,0.6525,0.655,0.7722,0.0095,12.7209,13.9853,29.0,332,0,0,0
1318,43.9333,1,1,,10672.0,1,389.0,52.0,450.0,387.0,419.5626,217.9174,0.647,0.6495,0.7993,0.0066,12.8108,13.911,31.0,333,0,0,0
1319,43.9667,1,1,,10646.0,1,389.0,52.0,450.0,387.0,419.5217,218.1136,0.6433,0.6458,0.8019,0.0065,12.9115,13.833,30.0,333,0,0,0
1320,44.0,1,1,,10611.0,1,389.0,52.0,450.0,387.0,419.5326,218.1949,0.6401,0.6426,0.8031,0.0065,12.9846,13.7661,30.0,333,0,0,0
1321,44.0333,1,1,,10606.0,1,389.0,52.0,450.0,387.0,419.5295,218.2598,0.6368,0.6394,0.8067,0.0066,13.077,13.7014,30.0,333,0,0,0
1322,44.0667,1,1,,10598.0,1,389.0,52.0,450.0,387.0,419.5179,218.2099,0.6342,0.6369,0.809,0.0066,13.1418,13.653,30.0,333,0,0,0
1323,44.1,1,1,,10592.0,1,389.0,52.0,450.0,387.0,419.4613,218.2876,0.6325,0.6352,0.8105,0.0065,13.1816,13.6218,30.0,333,0,0,0
1324,44.1333,1,1,,10588.0,1,389.0,52.0,450.0,387.0,419.4932,218.2838,0.6315,0.6342,0.8114,0.0065,13.1746,13.6031,30.0,333,0,0,0
1325,44.1667,1,1,,10573.0,1,389.0,52.0,450.0,387.0,419.466,218.2398,0.6313,0.634,0.8105,0.0063,13.144,13.5987,30.0,333,0,0,0
1326,44.2,1,1,,10576.0,1,389.0,52.0,450.0,387.0,419.478,218.311,0.6315,0.6342,0.8104,0.0064,13.1071,13.604,30.0,333,0,0,0
1327,44.2333,1,1,,10572.0,1,389.0,52.0,450.0,387.0,419.4786,218.2789,0.6319,0.6347,0.8094,0.0063,13.0606,13.6149,30.0,333,0,0,0
1328,44.2667,1,1,,10554.0,1,389.0,52.0,450.0,387.0,419.4958,218.132,0.6326,0.6354,0.8071,0.0062,13.0207,13.6316,30.0,333,0,0,0
1329,44.3,1,1,,10542.0,1,389.0,52.0,450.0,387.0,419.4715,218.2983,0.6331,0.6359,0.8055,0.0062,12.9885,13.6429,30.0,333,0,0,0
1330,44.3333,1,1,,10551.0,1,389.0,52.0,450.0,387.0,419.481,218.5394,0.6312,0.634,0.8085,0.0064,12.9671,13.6027,30.0,333,0,0,0
1331,44.3667,1,1,,10539.0,1,389.0,52.0,450.0,387.0,419.5258,218.5342,0.6291,0.632,0.8102,0.0064,12.9947,13.5587,30.0,333,0,0,0
1332,44.4,1,1,,10570.0,1,389.0,52.0,450.0,387.0,419.5313,219.033,0.6272,0.63,0.8151,0.0072,13.0606,13.5158,30.0,333,0,0,0
1333,44.4333,1,1,,10569.0,1,389.0,52.0,450.0,387.0,419.5549,218.8437,0.6262,0.629,0.8164,0.007,13.1235,13.4931,30.0,333,0,0,0
1334,44.4667,1,1,,10580.0,1,389.0,52.0,450.0,387.0,419.5441,218.9933,0.6256,0.6283,0.8183,0.0073,13.1795,13.4781,30.0,333,0,0,0
1335,44.5,1,1,,10587.0,1,389.0,52.0,450.0,387.0,419.5308,219.1563,0.6245,0.6273,0.8202,0.0077,13.2724,13.4565,30.0,333,0,0,0
1336,44.5333,1,1,,10551.0,1,389.0,51.0,450.0,388.0,419.5871,219.2406,0.6234,0.6249,0.8181,0.0082,13.3532,13.449,30.0,335,0,0,0
1337,44.5667,1,1,,10549.0,1,389.0,52.0,450.0,388.0,419.6135,219.4474,0.6223,0.625,0.8178,0.0089,13.4363,13.454,30.0,334,0,0,0
1338,44.6,0,1,mask_escaped_box,10558.0,1,389.0,52.0,450.0,388.0,419.6281,219.4949,0.6219,0.6246,0.8191,0.0092,13.5421,13.4432,30.0,334,1,1,1
1339,44.6333,0,1,mask_escaped_box,10577.0,1,389.0,52.0,450.0,388.0,419.6004,219.8792,0.6215,0.6242,0.8212,0.0099,13.6064,13.4307,30.0,334,0,0,2
1340,44.6667,0,1,mask_escaped_box,10606.0,1,389.0,52.0,450.0,388.0,419.5468,219.9262,0.621,0.6237,0.8241,0.0097,13.633,13.4121,30.0,334,0,0,3
1341,44.7,0,0,no_track,,,,,,,,,,,,,,,,,,,
1342,44.7333,0,0,no_track,,,,,,,,,,,,,,,,,,,
1343,44.7667,0,0,no_track,,,,,,,,,,,,,,,,,,,
1344,44.8,1,1,,10113.0,2,400.0,51.0,440.0,387.0,419.2707,215.5754,0.8597,0.9069,0.7822,0.0098,3.6579,13.4437,30.0,334,1,1,0
1345,44.8333,1,1,,10242.0,1,400.0,52.0,440.0,386.0,419.2707,216.6525,0.8582,0.9088,0.7921,0.0078,3.6467,13.4469,31.0,332,0,0,0
1346,44.8667,1,1,,10234.0,1,400.0,52.0,440.0,386.0,419.2788,216.6092,0.8587,0.9089,0.7918,0.008,3.6424,13.446,31.0,332,0,0,0
1347,44.9,1,1,,10223.0,1,400.0,52.0,440.0,386.0,419.255,216.5977,0.8597,0.9091,0.7916,0.0079,3.635,13.4418,31.0,332,0,0,0
1348,44.9333,1,1,,10221.0,1,400.0,52.0,440.0,386.0,419.2492,216.5486,0.8604,0.9092,0.792,0.0079,3.6301,13.4385,31.0,332,0,0,0
1349,44.9667,1,1,,10222.0,1,400.0,52.0,440.0,386.0,419.2475,216.5191,0.8609,0.9092,0.7926,0.0078,3.631,13.4335,31.0,332,0,0,0
1350,45.0,1,1,,10343.0,1,400.0,52.0,439.0,386.0,419.2203,215.4357,0.8822,0.9325,0.8024,0.0099,2.6331,13.4297,30.0,332,0,0,0
1351,45.0333,1,1,,10370.0,1,400.0,52.0,439.0,386.0,419.1861,215.3458,0.9037,0.9396,0.813,0.0093,2.3447,13.3036,30.0,332,0,0,0
1352,45.0667,1,1,,10371.0,1,400.0,52.0,439.0,386.0,419.1935,215.3904,0.9179,0.9431,0.8204,0.0086,2.1757,13.2014,30.0,332,0,0,0
1353,45.1,1,1,,10369.0,1,400.0,52.0,439.0,386.0,419.1911,215.3359,0.9257,0.9438,0.8263,0.0082,2.1088,13.1204,30.0,332,0,0,0
1354,45.1333,1,1,,10369.0,1,400.0,52.0,439.0,386.0,419.1991,215.3752,0.9289,0.9429,0.8309,0.0076,2.1116,13.0598,30.0,332,0,0,0
1355,45.1667,1,1,,10370.0,1,400.0,52.0,439.0,386.0,419.1977,215.3698,0.9288,0.9408,0.8347,0.0072,2.1603,13.0142,30.0,332,0,0,0
1356,45.2,1,1,,10369.0,1,400.0,52.0,439.0,386.0,419.1965,215.356,0.9271,0.9385,0.8373,0.007,2.228,12.981,30.0,332,0,0,0
1357,45.2333,1,1,,10368.0,1,400.0,52.0,439.0,386.0,419.2013,215.3424,0.9247,0.9362,0.8392,0.0068,2.2966,12.9576,30.0,332,0,0,0
1358,45.2667,1,1,,10374.0,1,400.0,52.0,439.0,386.0,419.1954,215.3493,0.9226,0.9342,0.8412,0.0066,2.3552,12.9404,30.0,332,0,0,0
1359,45.3,1,1,,10374.0,1,400.0,52.0,439.0,386.0,419.1816,215.3676,0.9211,0.9329,0.8422,0.0063,2.3923,12.93,30.0,332,0,0,0
1360,45.3333,1,1,,10400.0,1,400.0,52.0,439.0,386.0,419.1505,215.4096,0.9215,0.9332,0.8441,0.006,2.3695,12.937,30.0,332,0,0,0
1361,45.3667,1,1,,10402.0,1,400.0,52.0,439.0,386.0,419.1528,215.3583,0.9222,0.9337,0.844,0.0061,2.3425,12.9423,30.0,332,0,0,0
1362,45.4,1,1,,10401.0,1,400.0,52.0,439.0,386.0,419.1727,215.4019,0.9225,0.934,0.8437,0.0059,2.3278,12.9475,31.0,332,0,0,0
1363,45.4333,1,1,,10419.0,1,400.0,52.0,439.0,386.0,419.1321,215.5474,0.9223,0.9342,0.8445,0.0055,2.3177,12.9576,31.0,332,0,0,0
1364,45.4667,1,1,,10408.0,1,400.0,52.0,439.0,386.0,419.1506,215.4534,0.9206,0.9338,0.8428,0.0059,2.3397,12.9686,31.0,332,0,0,0
1365,45.5,1,1,,10414.0,1,400.0,52.0,439.0,386.0,419.1522,215.582,0.9182,0.9331,0.8422,0.0057,2.3709,12.9845,31.0,332,0,0,0
1366,45.5333,1,1,,10446.0,1,400.0,52.0,439.0,386.0,419.1453,215.6536,0.9163,0.9327,0.8436,0.0056,2.3879,13.0014,31.0,332,0,0,0
1367,45.5667,1,1,,10453.0,1,400.0,52.0,439.0,386.0,419.1196,215.7313,0.914,0.9316,0.844,0.0055,2.4331,13.0036,31.0,332,0,0,0
1368,45.6,1,1,,10456.0,1,400.0,52.0,439.0,386.0,419.1239,215.6232,0.9128,0.9309,0.8443,0.0057,2.4596,13.0015,31.0,332,0,0,0
1369,45.6333,1,1,,10461.0,1,400.0,52.0,439.0,386.0,419.1279,215.6051,0.9122,0.9305,0.8448,0.0058,2.4757,12.9983,31.0,332,0,0,0
1370,45.6667,1,1,,10471.0,1,400.0,52.0,439.0,386.0,419.0776,215.9487,0.9113,0.93,0.8457,0.0049,2.5004,12.9933,31.0,332,0,0,0
1371,45.7,1,1,,10454.0,1,400.0,52.0,439.0,386.0,419.0586,215.9012,0.9092,0.9285,0.8451,0.0052,2.5712,12.9776,31.0,332,0,0,0
1372,45.7333,1,1,,10469.0,1,400.0,52.0,439.0,386.0,419.044,216.1816,0.9068,0.927,0.8466,0.0048,2.6405,12.9685,31.0,332,0,0,0
1373,45.7667,1,1,,10471.0,1,400.0,52.0,439.0,386.0,419.0576,216.1774,0.9048,0.9258,0.8471,0.005,2.7006,12.9593,31.0,332,0,0,0
1374,45.8,1,1,,10525.0,1,400.0,52.0,439.0,386.0,418.9966,216.0568,0.9039,0.9252,0.8517,0.0053,2.7342,12.9525,31.0,332,0,0,0
1375,45.8333,1,1,,10506.0,1,400.0,52.0,439.0,386.0,419.0232,215.8755,0.9024,0.9238,0.8512,0.0059,2.7956,12.9352,31.0,332,0,0,0
1376,45.8667,1,1,,10495.0,1,400.0,52.0,439.0,386.0,419.0425,215.9554,0.9015,0.9229,0.8512,0.0059,2.8323,12.922,31.0,332,0,0,0
1377,45.9,1,1,,10475.0,1,400.0,52.0,439.0,386.0,419.0692,215.7774,0.9019,0.9227,0.8502,0.0063,2.8368,12.9136,31.0,332,0,0,0
1378,45.9333,1,1,,10468.0,1,400.0,52.0,439.0,386.0,419.0809,215.7075,0.9029,0.9231,0.85,0.0064,2.8201,12.9092,31.0,332,0,0,0
1379,45.9667,1,1,,10446.0,1,400.0,52.0,439.0,386.0,419.1096,215.6146,0.905,0.9241,0.8484,0.0066,2.7797,12.9069,31.0,332,0,0,0
1380,46.0,1,1,,10459.0,1,400.0,52.0,439.0,386.0,419.1036,215.4753,0.9072,0.9254,0.8492,0.0069,2.7296,12.9107,30.0,332,0,0,0
1381,46.0333,1,1,,10456.0,1,400.0,52.0,439.0,386.0,419.0948,215.55,0.9095,0.9269,0.8485,0.0066,2.6731,12.917,30.5,332,0,0,0
1382,46.0667,1,1,,10462.0,1,400.0,52.0,439.0,386.0,419.0774,215.5072,0.9122,0.9284,0.849,0.0067,2.6179,12.9169,31.0,332,0,0,0
1383,46.1,1,1,,10495.0,1,400.0,52.0,439.0,386.0,419.0662,215.5557,0.9137,0.9292,0.8516,0.0065,2.587,12.9172,31.0,332,0,0,0
1384,46.1333,1,1,,10508.0,1,400.0,52.0,439.0,386.0,419.0486,215.6262,0.9113,0.928,0.8524,0.0063,2.632,12.92,31.0,332,0,0,0
1385,46.1667,1,1,,10506.0,1,400.0,52.0,439.0,386.0,419.0089,215.6998,0.9094,0.9271,0.852,0.0061,2.6671,12.9225,31.0,332,0,0,0
1386,46.2,1,1,,10542.0,1,400.0,52.0,439.0,386.0,418.968,215.9098,0.9078,0.9274,0.8528,0.0057,2.7085,12.9211,31.0,332,0,0,0
1387,46.2333,1,1,,10574.0,1,400.0,52.0,439.0,386.0,418.9512,216.0044,0.9085,0.9293,0.8525,0.0062,2.7334,12.9189,31.0,332,0,0,0
1388,46.2667,1,1,,10609.0,1,400.0,52.0,439.0,386.0,418.9357,216.0912,0.9058,0.9293,0.8525,0.0071,2.756,12.916,31.0,332,0,0,0
1389,46.3,1,1,,10629.0,1,400.0,52.0,439.0,386.0,418.9078,216.1614,0.8986,0.9256,0.8538,0.0082,2.9015,12.8815,31.0,332,0,0,0
1390,46.3333,1,1,,10670.0,1,400.0,52.0,439.0,386.0,418.8301,216.4515,0.8929,0.9226,0.857,0.0084,3.0195,12.8515,31.0,332,0,0,0
1391,46.3667,1,1,,10676.0,1,400.0,52.0,439.0,386.0,418.8066,216.7329,0.889,0.9204,0.8577,0.0085,3.1063,12.8251,31.0,332,0,0,0
1392,46.4,1,1,,10684.0,1,400.0,52.0,439.0,386.0,418.7856,216.8133,0.8869,0.9191,0.8585,0.009,3.1567,12.8054,31.0,332,0,0,0
1393,46.4333,1,1,,10704.0,1,400.0,52.0,439.0,386.0,418.7189,217.0868,0.8874,0.92,0.859,0.0086,3.1209,12.8124,31.0,332,0,0,0
1394,46.4667,1,1,,10715.0,1,400.0,52.0,439.0,386.0,418.7375,217.1342,0.8887,0.9213,0.8587,0.0088,3.0686,12.8247,31.0,332,0,0,0
1395,46.5,1,1,,10724.0,1,399.0,52.0,439.0,386.0,418.7212,217.3016,0.9042,0.9207,0.8549,0.0084,2.8741,12.8903,31.0,332,0,0,0
1396,46.5333,1,1,,10756.0,1,399.0,52.0,439.0,386.0,418.7073,217.3118,0.91,0.9267,0.8519,0.0084,2.6678,12.9739,31.0,332,0,0,0
1397,46.5667,1,1,,10755.0,1,399.0,52.0,439.0,386.0,418.692,217.3693,0.9147,0.9314,0.8477,0.0082,2.5225,13.0401,31.0,332,0,0,0
1398,46.6,1,1,,10784.0,1,399.0,52.0,439.0,386.0,418.603,217.5973,0.9183,0.9349,0.8471,0.0074,2.4251,13.088,31.0,332,0,0,0
1399,46.6333,1,1,,10806.0,1,399.0,52.0,439.0,386.0,418.5551,217.7123,0.9214,0.9379,0.8463,0.0068,2.3212,13.1304,31.0,332,0,0,0
1400,46.6667,1,1,,10604.0,3,400.0,51.0,439.0,386.0,418.8586,215.3581,0.909,0.9424,0.8289,0.0136,2.2462,13.1575,31.0,333,1,0,0
1401,46.7,1,1,,10582.0,1,400.0,52.0,439.0,386.0,418.8032,214.4673,0.9077,0.9435,0.8264,0.0161,2.202,13.1699,31.0,332,0,0,0
1402,46.7333,1,1,,10563.0,1,400.0,52.0,439.0,386.0,418.8106,214.455,0.9075,0.9433,0.8252,0.0162,2.2118,13.1649,31.0,332,0,0,0
1403,46.7667,1,1,,10577.0,1,400.0,52.0,439.0,386.0,418.7944,214.5298,0.9069,0.9427,0.8267,0.016,2.2346,13.1546,31.0,332,0,0,0
1404,46.8,1,1,,10583.0,1,400.0,52.0,439.0,386.0,418.7858,214.5264,0.9064,0.9421,0.8278,0.016,2.259,13.142,31.0,332,0,0,0
1405,46.8333,1,1,,10597.0,1,400.0,52.0,439.0,386.0,418.7794,214.6171,0.9053,0.9408,0.83,0.0158,2.3072,13.1217,31.0,332,0,0,0
1406,46.8667,1,1,,10628.0,1,400.0,52.0,439.0,386.0,418.7453,214.7263,0.9052,0.9398,0.8342,0.0155,2.3461,13.0912,31.0,332,0,0,0
1407,46.9,1,1,,10617.0,1,400.0,52.0,439.0,386.0,418.7501,214.7448,0.9052,0.939,0.8348,0.0155,2.3783,13.0661,31.0,332,0,0,0
1408,46.9333,1,1,,10648.0,1,400.0,52.0,439.0,386.0,418.7449,214.9361,0.9038,0.9382,0.8374,0.015,2.4111,13.0612,31.0,332,0,0,0
1409,46.9667,1,1,,10638.0,1,400.0,52.0,439.0,386.0,418.7521,214.8456,0.9035,0.9383,0.8361,0.0153,2.4071,13.0652,31.0,332,0,0,0
1410,47.0,1,1,,10638.0,1,400.0,52.0,439.0,386.0,418.724,214.8334,0.905,0.9392,0.8359,0.0154,2.3714,13.0646,31.0,332,0,0,0
1411,47.0333,1,1,,10629.0,1,400.0,52.0,439.0,386.0,418.7346,214.8639,0.9079,0.9416,0.8338,0.0153,2.2784,13.0831,31.0,332,0,0,0
1412,47.0667,1,1,,10623.0,1,400.0,52.0,439.0,386.0,418.7313,214.8378,0.912,0.9453,0.8305,0.0154,2.1316,13.1239,31.0,332,0,0,0
1413,47.1,1,1,,10637.0,1,400.0,52.0,439.0,386.0,418.7083,214.9199,0.9143,0.9479,0.8293,0.0153,2.0319,13.1566,31.0,332,0,0,0
1414,47.1333,1,1,,10628.0,1,399.0,52.0,439.0,386.0,418.6928,215.0104,0.922,0.941,0.8273,0.0152,1.9634,13.1737,31.0,332,0,0,0
1415,47.1667,1,1,,10652.0,1,399.0,52.0,439.0,386.0,418.7137,214.9911,0.9226,0.9419,0.8281,0.0154,1.9221,13.1868,31.0,332,0,0,0
1416,47.2,1,1,,10652.0,1,399.0,52.0,439.0,386.0,418.706,215.0917,0.924,0.9436,0.8264,0.0152,1.8485,13.2104,31.0,332,0,0,0
1417,47.2333,1,1,,10660.0,1,399.0,52.0,439.0,386.0,418.7077,215.1891,0.9249,0.9448,0.8257,0.015,1.7891,13.2275,31.0,332,0,0,0
1418,47.2667,1,1,,10677.0,1,399.0,52.0,439.0,386.0,418.6883,215.2463,0.9257,0.9459,0.8258,0.0149,1.7438,13.2426,31.0,332,0,0,0
1419,47.3,1,1,,10688.0,1,399.0,52.0,439.0,386.0,418.7341,215.2107,0.9259,0.9464,0.826,0.0151,1.7331,13.2491,31.0,332,0,0,0
1420,47.3333,1,1,,10678.0,1,399.0,52.0,439.0,386.0,418.735,215.0638,0.925,0.9458,0.8254,0.0155,1.7509,13.2419,31.0,332,0,0,0
1421,47.3667,1,1,,10689.0,1,399.0,52.0,439.0,386.0,418.7208,215.1141,0.924,0.9451,0.8265,0.0154,1.7686,13.2319,31.0,332,0,0,0
1422,47.4,1,1,,10707.0,1,399.0,52.0,439.0,386.0,418.7571,214.9951,0.9233,0.9447,0.828,0.0159,1.7735,13.226,31.0,332,0,0,0
1423,47.4333,1,1,,10715.0,1,399.0,52.0,439.0,386.0,418.7621,214.9824,0.924,0.9458,0.8273,0.016,1.6937,13.2412,31.0,332,0,0,0
1424,47.4667,1,1,,10714.0,1,399.0,52.0,439.0,386.0,418.7883,214.893,0.9284,0.9467,0.8298,0.0157,1.5889,13.2541,31.0,332,0,0,0
1425,47.5,1,1,,10717.0,1,399.0,52.0,439.0,386.0,418.7957,214.9517,0.9339,0.9475,0.8338,0.0138,1.5183,13.2649,31.0,332,0,0,0
1426,47.5333,1,1,,10723.0,1,399.0,52.0,439.0,386.0,418.7965,215.022,0.94,0.9488,0.8377,0.0115,1.4618,13.2829,31.0,332,0,0,0
1427,47.5667,1,1,,10705.0,1,399.0,52.0,439.0,386.0,418.7863,215.0492,0.9456,0.9502,0.839,0.0093,1.4201,13.3021,31.0,332,0,0,0
1428,47.6,1,1,,10707.0,1,399.0,52.0,439.0,386.0,418.7794,215.2473,0.9434,0.9479,0.8412,0.0069,1.3905,13.3197,31.0,332,0,0,0
1429,47.6333,1,1,,10721.0,1,399.0,52.0,439.0,386.0,418.7736,215.3528,0.9414,0.946,0.8439,0.0051,2.2066,13.3323,31.0,332,0,0,0
1430,47.6667,1,1,,10726.0,1,399.0,52.0,439.0,386.0,418.7607,215.3889,0.9389,0.9436,0.8463,0.0039,2.9009,13.3268,31.0,332,0,0,0
1431,47.7,1,1,,10725.0,1,399.0,52.0,439.0,386.0,418.7612,215.3498,0.9371,0.9419,0.8476,0.0033,3.3231,13.3196,31.0,332,0,0,0
1432,47.7333,1,1,,10731.0,1,399.0,52.0,439.0,386.0,418.7591,215.431,0.9359,0.9408,0.849,0.0027,3.5284,13.3125,31.0,332,0,0,0
1433,47.7667,1,1,,10740.0,1,399.0,52.0,439.0,386.0,418.7586,215.4914,0.9353,0.9403,0.8502,0.0024,3.5759,13.306,31.0,332,0,0,0
1434,47.8,1,1,,10753.0,1,399.0,52.0,439.0,386.0,418.755,215.4974,0.9347,0.9397,0.8516,0.0025,3.5035,13.2958,31.0,332,0,0,0
1435,47.8333,1,1,,10769.0,1,399.0,52.0,439.0,386.0,418.7367,215.5848,0.9337,0.9387,0.8537,0.0025,3.3607,13.2758,31.0,332,0,0,0
1436,47.8667,1,1,,10765.0,1,399.0,52.0,439.0,386.0,418.7473,215.5699,0.9292,0.9355,0.8552,0.0035,2.3604,13.1896,31.0,332,0,0,0
1437,47.9,1,1,,10768.0,1,399.0,52.0,439.0,386.0,418.7425,215.597,0.9278,0.9348,0.8554,0.0053,2.1891,13.1186,31.0,332,0,0,0
1438,47.9333,1,1,,10770.0,1,399.0,52.0,439.0,386.0,418.7267,215.5489,0.9238,0.9332,0.8546,0.0075,2.3484,13.0642,31.0,332,0,0,0
1439,47.9667,1,1,,10749.0,1,399.0,52.0,439.0,386.0,418.7112,215.5994,0.9172,0.93,0.8523,0.0092,2.434,13.02,31.0,332,0,0,0
1440,48.0,1,1,,10757.0,1,399.0,52.0,439.0,386.0,418.7378,215.5746,0.9124,0.9279,0.8522,0.0109,2.4957,12.9904,31.0,332,0,0,0
1441,48.0333,1,1,,10731.0,1,399.0,52.0,439.0,386.0,418.7474,215.5426,0.908,0.9252,0.8506,0.0121,2.564,12.9531,31.0,332,0,0,0
1442,48.0667,1,1,,10745.0,1,399.0,52.0,439.0,386.0,418.7676,215.6355,0.9049,0.9234,0.8521,0.0127,2.6001,12.9279,31.0,332,0,0,0
1443,48.1,1,1,,10734.0,1,399.0,52.0,439.0,386.0,418.7787,215.6178,0.9018,0.921,0.8527,0.0134,2.6621,12.894,31.0,332,0,0,0
1444,48.1333,1,1,,10736.0,1,399.0,52.0,439.0,386.0,418.7819,215.6101,0.8987,0.9181,0.8551,0.0139,2.7262,12.854,31.0,332,0,0,0
1445,48.1667,1,1,,10724.0,1,399.0,52.0,439.0,386.0,418.7826,215.6178,0.8954,0.9147,0.8574,0.014,2.8374,12.8056,31.0,332,0,0,0
1446,48.2,1,1,,10738.0,1,399.0,52.0,439.0,386.0,418.8031,215.4864,0.8926,0.9116,0.8616,0.0144,2.9191,12.7621,31.0,332,0,0,0
1447,48.2333,1,1,,10739.0,1,399.0,52.0,439.0,386.0,418.8026,215.4932,0.8868,0.9052,0.868,0.0141,3.0774,12.6734,31.0,332,0,0,0
1448,48.2667,1,1,,10734.0,1,399.0,52.0,439.0,386.0,418.8111,215.4363,0.8812,0.8991,0.8739,0.0139,3.1986,12.5877,31.0,332,0,0,0
1449,48.3,1,1,,10733.0,1,399.0,52.0,439.0,386.0,418.8165,215.4913,0.8771,0.8946,0.8785,0.0135,3.2813,12.5241,31.0,332,0,0,0
1450,48.3333,1,1,,10734.0,1,399.0,52.0,439.0,386.0,418.8173,215.5072,0.8746,0.8916,0.8818,0.0133,3.3322,12.4828,31.0,332,0,0,0
1451,48.3667,1,1,,10731.0,1,399.0,52.0,439.0,386.0,418.8282,215.45,0.8731,0.89,0.8834,0.0133,3.3381,12.4596,31.0,332,0,0,0
1452,48.4,1,1,,10730.0,1,399.0,52.0,439.0,386.0,418.828,215.4103,0.8727,0.8894,0.884,0.0134,3.3389,12.4516,31.0,332,0,0,0
1453,48.4333,1,1,,10734.0,1,399.0,52.0,439.0,386.0,418.8232,215.4666,0.8731,0.8898,0.884,0.0131,3.302,12.4574,31.0,332,0,0,0
1454,48.4667,1,1,,10733.0,1,399.0,52.0,439.0,386.0,418.8321,215.4891,0.8738,0.8905,0.8832,0.0131,3.2704,12.4674,31.0,332,0,0,0
1455,48.5,1,1,,10742.0,1,399.0,52.0,439.0,386.0,418.8508,215.3478,0.8748,0.8916,0.8828,0.0135,3.236,12.4819,31.0,332,0,0,0
1456,48.5333,1,1,,10748.0,1,399.0,52.0,439.0,386.0,418.8393,215.4219,0.8785,0.8955,0.8794,0.0133,3.0403,12.5369,31.0,332,0,0,0
1457,48.5667,1,1,,10755.0,1,399.0,52.0,439.0,386.0,418.8273,215.4529,0.8811,0.8981,0.8774,0.0132,2.8923,12.574,31.0,332,0,0,0
1458,48.6,1,1,,10754.0,1,399.0,52.0,439.0,386.0,418.8434,215.3361,0.8826,0.8997,0.8758,0.0135,2.774,12.596,31.0,332,0,0,0
1459,48.6333,1,1,,10757.0,1,399.0,52.0,439.0,386.0,418.8198,215.3792,0.8841,0.9012,0.8746,0.0133,2.6411,12.6174,31.0,332,0,0,0
1460,48.6667,1,1,,10772.0,1,399.0,52.0,439.0,386.0,418.8239,215.483,0.885,0.9021,0.875,0.013,2.5612,12.63,31.0,332,0,0,0
1461,48.7,1,1,,10769.0,1,399.0,52.0,439.0,386.0,418.819,215.4319,0.8851,0.9022,0.8748,0.0131,2.5215,12.6304,31.0,332,0,0,0
1462,48.7333,1,1,,10780.0,1,399.0,52.0,439.0,386.0,418.7929,215.5376,0.8851,0.9021,0.8759,0.0128,2.5109,12.6292,32.0,332,0,0,0
1463,48.7667,1,1,,10754.0,1,399.0,52.0,439.0,386.0,418.7917,215.5134,0.8851,0.9021,0.8738,0.0128,2.5085,12.6292,31.0,332,0,0,0
1464,48.8,1,1,,10759.0,1,399.0,52.0,439.0,386.0,418.7874,215.5606,0.8846,0.9016,0.8745,0.0126,2.5012,12.6225,31.0,332,0,0,0
1465,48.8333,1,1,,10761.0,1,399.0,52.0,439.0,386.0,418.7895,215.5521,0.8841,0.9012,0.8749,0.0127,2.4998,12.6174,31.0,332,0,0,0
1466,48.8667,1,1,,10760.0,1,399.0,52.0,439.0,386.0,418.7723,215.5139,0.8834,0.9008,0.875,0.013,2.4876,12.6105,31.0,332,0,0,0
1467,48.9,1,1,,10762.0,1,399.0,52.0,439.0,386.0,418.764,215.459,0.8836,0.9012,0.8746,0.0133,2.4321,12.6163,31.5,332,0,0,0
1468,48.9333,1,1,,10753.0,1,399.0,52.0,439.0,386.0,418.7672,215.5258,0.8838,0.9017,0.8731,0.0133,2.3636,12.6233,31.0,332,0,0,0
1469,48.9667,1,1,,10750.0,1,399.0,52.0,439.0,386.0,418.7666,215.5134,0.8839,0.902,0.8724,0.0135,2.3061,12.6275,31.0,332,0,0,0
1470,49.0,1,1,,10766.0,1,399.0,52.0,439.0,386.0,418.7531,215.4861,0.8841,0.9023,0.8733,0.0137,2.2603,12.6318,32.0,332,0,0,0
1471,49.0333,1,1,,10766.0,1,399.0,52.0,439.0,386.0,418.7534,215.4957,0.8843,0.9025,0.873,0.0138,2.2375,12.6349,32.0,332,0,0,0
1472,49.0667,1,1,,10764.0,1,399.0,52.0,439.0,386.0,418.7503,215.506,0.8841,0.9024,0.8729,0.0139,2.2477,12.6335,32.0,332,0,0,0
1473,49.1,1,1,,10764.0,1,399.0,52.0,439.0,386.0,418.7502,215.5124,0.8838,0.9021,0.873,0.014,2.2696,12.6297,32.0,332,0,0,0
1474,49.1333,1,1,,10764.0,1,399.0,52.0,439.0,386.0,418.7444,215.5461,0.8832,0.9016,0.8735,0.014,2.2847,12.6217,32.0,332,0,0,0
1475,49.1667,1,1,,10756.0,1,399.0,52.0,439.0,386.0,418.7377,215.5508,0.8826,0.901,0.8733,0.014,2.2967,12.614,31.0,332,0,0,0
1476,49.2,1,1,,10757.0,1,399.0,52.0,439.0,386.0,418.731,215.5767,0.8806,0.899,0.8753,0.014,2.3454,12.5861,31.0,332,0,0,0
1477,49.2333,1,1,,10750.0,1,399.0,52.0,439.0,386.0,418.7201,215.6123,0.8788,0.8972,0.8764,0.014,2.3907,12.5604,31.0,332,0,0,0
1478,49.2667,1,1,,10744.0,1,399.0,52.0,439.0,386.0,418.7132,215.6206,0.8773,0.8957,0.8773,0.014,2.418,12.5396,31.0,332,0,0,0
1479,49.3,1,1,,10746.0,1,399.0,52.0,439.0,386.0,418.7106,215.7215,0.8759,0.8942,0.879,0.0137,2.4378,12.5185,31.0,332,0,0,0
1480,49.3333,1,1,,10753.0,1,399.0,52.0,439.0,386.0,418.711,215.7258,0.8733,0.8913,0.8826,0.0136,2.4887,12.478,31.0,332,0,0,0
1481,49.3667,1,1,,10755.0,1,399.0,52.0,439.0,386.0,418.714,215.7159,0.8709,0.8885,0.8858,0.0136,2.5218,12.4392,31.0,332,0,0,0
1482,49.4,1,1,,10766.0,1,399.0,52.0,439.0,386.0,418.7282,215.6186,0.869,0.8862,0.8893,0.0138,2.5457,12.4073,32.0,332,0,0,0
1483,49.4333,1,1,,10770.0,1,399.0,52.0,439.0,386.0,418.7225,215.6617,0.8673,0.884,0.8924,0.0134,2.559,12.3766,32.0,332,0,0,0
1484,49.4667,1,1,,10769.0,1,399.0,52.0,439.0,386.0,418.7126,215.6701,0.8655,0.8816,0.8953,0.013,2.6029,12.3427,31.5,332,0,0,0
1485,49.5,1,1,,10769.0,1,399.0,52.0,439.0,386.0,418.7077,215.6912,0.8641,0.8798,0.8978,0.0127,2.6356,12.3166,31.5,332,0,0,0
1486,49.5333,1,1,,10768.0,1,399.0,52.0,439.0,386.0,418.6805,215.7275,0.8628,0.8779,0.9001,0.0123,2.6532,12.2912,31.0,332,0,0,0
1487,49.5667,1,1,,10772.0,1,399.0,52.0,439.0,386.0,418.6833,215.8812,0.8619,0.8765,0.9024,0.0119,2.664,12.271,31.5,332,0,0,0
1488,49.6,1,1,,10778.0,1,399.0,52.0,439.0,386.0,418.6891,215.867,0.8611,0.8752,0.9048,0.0119,2.6885,12.2526,32.0,332,0,0,0
1489,49.6333,1,1,,10648.0,2,399.0,52.0,439.0,380.0,418.8358,213.8478,0.8472,0.8745,0.8951,0.0177,2.7072,12.2424,32.0,326,0,0,0
1490,49.6667,1,1,,10655.0,2,399.0,52.0,439.0,380.0,418.8347,213.9011,0.8486,0.8756,0.895,0.0174,2.7563,12.2582,32.0,326,0,0,0
1491,49.7,1,1,,10795.0,1,399.0,52.0,439.0,386.0,418.6787,215.9651,0.8639,0.8769,0.9058,0.0111,2.8107,12.2772,32.0,332,0,0,0
1492,49.7333,1,1,,10815.0,1,399.0,52.0,439.0,386.0,418.6819,215.9358,0.8662,0.8789,0.9059,0.0109,2.8805,12.3047,32.0,332,0,0,0
1493,49.7667,1,1,,10675.0,2,399.0,52.0,439.0,380.0,418.8279,213.9375,0.8545,0.8806,0.893,0.0165,2.9116,12.3279,32.0,326,0,0,0
1494,49.8,1,1,,10684.0,2,399.0,52.0,439.0,380.0,418.8511,213.9576,0.8561,0.8818,0.893,0.0162,2.9093,12.3454,32.0,326,0,0,0
1495,49.8333,1,1,,10674.0,2,399.0,52.0,439.0,380.0,418.8357,213.9703,0.8613,0.8841,0.8935,0.0149,2.7174,12.3773,32.0,326,0,0,0
1496,49.8667,1,1,,10673.0,2,399.0,52.0,439.0,380.0,418.8306,213.974,0.8668,0.8858,0.8962,0.0128,2.5761,12.401,32.0,326,0,0,0
1497,49.9,1,1,,10670.0,2,399.0,52.0,439.0,380.0,418.8261,213.969,0.8718,0.887,0.8991,0.0108,2.4841,12.4184,32.0,326,0,0,0
1498,49.9333,1,1,,10671.0,2,399.0,52.0,439.0,380.0,418.8205,213.9847,0.8759,0.888,0.9019,0.0088,2.4273,12.4317,32.0,326,0,0,0
1499,49.9667,1,1,,10669.0,2,399.0,52.0,439.0,380.0,418.8207,213.9755,0.879,0.8886,0.904,0.0073,2.4,12.4404,32.0,326,0,0,0
1500,50.0,1,1,,10912.0,1,398.0,52.0,439.0,386.0,418.7537,216.2042,0.8523,0.8559,0.9264,0.0006,4.3665,12.4454,32.0,332,0,0,0
1501,50.0333,1,1,,10916.0,1,398.0,52.0,439.0,386.0,418.7642,216.1477,0.8377,0.8412,0.943,0.0005,4.1288,12.2219,32.0,332,0,0,0
1502,50.0667,1,1,,10919.0,1,398.0,52.0,439.0,386.0,418.7619,216.1862,0.827,0.8303,0.9557,0.0012,3.4528,12.0393,32.0,332,0,0,0
1503,50.1,1,1,,10920.0,1,398.0,52.0,439.0,386.0,418.7636,216.195,0.8191,0.8223,0.965,0.0023,3.6298,11.8949,32.0,332,0,0,0
1504,50.1333,1,1,,10922.0,1,398.0,52.0,439.0,386.0,418.7631,216.2162,0.8134,0.8167,0.9719,0.0033,3.8184,11.7851,32.0,332,0,0,0
1505,50.1667,1,1,,10919.0,1,398.0,52.0,439.0,386.0,418.7662,216.1633,0.8097,0.8129,0.9761,0.0045,3.9336,11.7063,32.0,332,0,0,0
1506,50.2,1,1,,10922.0,1,398.0,52.0,439.0,386.0,418.7619,216.1891,0.8073,0.8104,0.9794,0.0052,4.0102,11.651,32.0,332,0,0,0
1507,50.2333,1,1,,10920.0,1,398.0,52.0,439.0,386.0,418.7643,216.1618,0.806,0.8092,0.9807,0.0059,4.0481,11.6178,32.0,332,0,0,0
1508,50.2667,1,1,,10919.0,1,398.0,52.0,439.0,386.0,418.7643,216.1482,0.8051,0.8085,0.9811,0.0064,4.0601,11.6017,32.0,332,0,0,0
1509,50.3,1,1,,10917.0,1,398.0,52.0,439.0,386.0,418.7647,216.1083,0.8044,0.8081,0.9808,0.0068,4.0598,11.5969,32.0,332,0,0,0
1510,50.3333,1,1,,10919.0,1,398.0,52.0,439.0,386.0,418.7617,216.1006,0.8035,0.8075,0.9815,0.007,4.0836,11.5871,32.0,332,0,0,0
1511,50.3667,1,1,,10918.0,1,398.0,52.0,439.0,386.0,418.7632,216.0975,0.803,0.8071,0.9816,0.0071,4.0892,11.5822,32.0,332,0,0,0
1512,50.4,1,1,,10918.0,1,398.0,52.0,439.0,386.0,418.7628,216.116,0.8027,0.8068,0.9819,0.0071,4.0859,11.5779,32.0,332,0,0,0
1513,50.4333,1,1,,10920.0,1,398.0,52.0,439.0,386.0,418.7598,216.1082,0.8022,0.8063,0.9828,0.0071,4.1117,11.5697,32.0,332,0,0,0
1514,50.4667,1,1,,10920.0,1,398.0,52.0,439.0,386.0,418.759,216.0971,0.8019,0.8042,0.9881,0.007,4.1091,11.5403,32.0,332,0,0,0
1515,50.5,1,1,,10917.0,1,398.0,52.0,439.0,386.0,418.7611,216.0809,0.7986,0.8004,0.9934,0.006,4.1168,11.5176,32.0,332,0,0,0
1516,50.5333,1,1,,10919.0,1,398.0,52.0,439.0,386.0,418.7578,216.0704,0.7955,0.7969,0.9983,0.0048,4.1407,11.5038,32.0,332,0,0,0
1517,50.5667,1,1,,10921.0,1,398.0,52.0,439.0,386.0,418.7576,216.071,0.7932,0.7944,1.0018,0.0035,4.1624,11.5017,32.0,332,0,0,0
1518,50.6,1,1,,10921.0,1,398.0,52.0,439.0,386.0,418.7606,216.06,0.7913,0.7926,1.0042,0.0025,4.1951,11.503,32.0,332,0,0,0
1519,50.6333,1,1,,10921.0,1,398.0,52.0,439.0,386.0,418.7576,216.071,0.7913,0.7934,1.0019,0.0019,4.2593,11.5192,32.0,332,0,0,0
1520,50.6667,1,1,,10922.0,1,398.0,52.0,439.0,386.0,418.759,216.0722,0.7931,0.7957,0.9981,0.0023,4.3001,11.5364,32.0,332,0,0,0
1521,50.7,1,1,,10925.0,1,398.0,52.0,439.0,386.0,418.7515,216.0806,0.7955,0.7985,0.9944,0.003,4.3459,11.5514,32.0,332,0,0,0
1522,50.7333,1,1,,10926.0,1,398.0,52.0,439.0,386.0,418.753,216.0723,0.798,0.8012,0.9909,0.0039,4.3637,11.5638,32.0,332,0,0,0
1523,50.7667,1,1,,10926.0,1,398.0,52.0,439.0,386.0,418.7559,216.071,0.8005,0.8037,0.9877,0.0048,4.3642,11.575,32.0,332,0,0,0
1524,50.8,1,1,,10921.0,1,398.0,52.0,439.0,386.0,418.7576,216.071,0.8026,0.8058,0.9847,0.0057,4.3553,11.5847,32.0,332,0,0,0
1525,50.8333,1,1,,10924.0,1,398.0,52.0,439.0,386.0,418.7538,216.1127,0.8046,0.8078,0.9827,0.0062,4.3455,11.5966,32.0,332,0,0,0
1526,50.8667,1,1,,10927.0,1,398.0,52.0,439.0,386.0,418.7481,216.1563,0.8053,0.8089,0.981,0.0067,4.3352,11.6077,32.0,332,0,0,0
1527,50.9,1,1,,10932.0,1,398.0,52.0,439.0,386.0,418.7463,216.2249,0.8056,0.8097,0.9798,0.0069,4.3165,11.6192,32.0,332,0,0,0
1528,50.9333,1,1,,10933.0,1,398.0,52.0,439.0,386.0,418.7449,216.2383,0.806,0.8105,0.9784,0.0072,4.2933,11.6308,32.0,332,0,0,0
1529,50.9667,1,1,,10932.0,1,398.0,52.0,439.0,386.0,418.7434,216.2483,0.8065,0.8112,0.9772,0.0073,4.2716,11.6402,32.0,332,0,0,0
1530,51.0,1,1,,10930.0,1,398.0,52.0,439.0,386.0,418.7403,216.2285,0.8072,0.8119,0.976,0.0075,4.2551,11.6512,32.0,332,0,0,0
1531,51.0333,1,1,,10933.0,1,398.0,52.0,439.0,386.0,418.741,216.2704,0.808,0.8126,0.9755,0.0074,4.2458,11.6611,32.0,332,0,0,0
1532,51.0667,1,1,,10936.0,1,398.0,52.0,439.0,386.0,418.7433,216.279,0.8084,0.8129,0.9756,0.0073,4.2635,11.6655,32.0,332,0,0,0
1533,51.1,1,1,,10939.0,1,398.0,52.0,439.0,386.0,418.7432,216.275,0.8083,0.8127,0.9764,0.0072,4.297,11.662,32.0,332,0,0,0
1534,51.1333,1,1,,10936.0,1,398.0,52.0,439.0,386.0,418.7477,216.2569,0.8082,0.8122,0.9772,0.0069,4.3179,11.6558,32.0,332,0,0,0
1535,51.1667,1,1,,10935.0,1,398.0,52.0,439.0,386.0,418.7462,216.2541,0.8086,0.8122,0.9779,0.0066,4.3144,11.6545,32.0,332,0,0,0
1536,51.2,1,1,,10931.0,1,398.0,52.0,439.0,386.0,418.7576,216.181,0.8098,0.8129,0.9773,0.0064,4.2588,11.6657,32.0,332,0,0,0
1537,51.2333,1,1,,10933.0,1,398.0,52.0,439.0,386.0,418.7531,216.2128,0.8103,0.8134,0.977,0.006,4.2022,11.679,32.0,332,0,0,0
1538,51.2667,1,1,,10929.0,1,398.0,52.0,439.0,386.0,418.7575,216.1719,0.8106,0.8137,0.9762,0.0057,4.1305,11.6913,32.0,332,0,0,0
1539,51.3,1,1,,10930.0,1,398.0,52.0,439.0,386.0,418.7554,216.161,0.8106,0.8137,0.9762,0.0054,4.0843,11.6993,32.0,332,0,0,0
1540,51.3333,1,1,,10939.0,1,398.0,52.0,439.0,386.0,418.7481,216.1727,0.8106,0.8139,0.9767,0.005,4.0508,11.707,32.0,332,0,0,0
1541,51.3667,1,1,,10931.0,1,398.0,52.0,439.0,386.0,418.7537,216.1166,0.8117,0.8152,0.9742,0.0048,3.9779,11.7318,32.0,332,0,0,0
1542,51.4,1,1,,10930.0,1,398.0,52.0,439.0,386.0,418.7481,216.093,0.8135,0.8171,0.9716,0.0046,3.8848,11.7635,32.0,332,0,0,0
1543,51.4333,1,1,,10934.0,1,398.0,52.0,439.0,386.0,418.744,216.1142,0.8151,0.8187,0.9699,0.0043,3.8162,11.7897,32.0,332,0,0,0
1544,51.4667,1,1,,10938.0,1,398.0,52.0,439.0,386.0,418.7499,216.0713,0.8164,0.8201,0.9687,0.0044,3.7708,11.81,32.0,332,0,0,0
1545,51.5,1,1,,10938.0,1,398.0,52.0,439.0,386.0,418.7365,216.1046,0.8175,0.8212,0.9674,0.0043,3.7429,11.8263,32.0,332,0,0,0
1546,51.5333,1,1,,10931.0,1,398.0,52.0,439.0,386.0,418.7432,216.0839,0.8186,0.8223,0.9655,0.0044,3.7177,11.8416,32.0,332,0,0,0
1547,51.5667,1,1,,10931.0,2,398.0,52.0,439.0,386.0,418.7438,216.0847,0.8194,0.823,0.9646,0.0044,3.7048,11.8516,32.0,332,0,0,0
1548,51.6,1,1,,10935.0,1,398.0,52.0,439.0,386.0,418.7441,216.1087,0.8201,0.8237,0.9643,0.0044,3.6863,11.8596,32.0,332,0,0,0
1549,51.6333,1,1,,10929.0,2,398.0,52.0,439.0,386.0,418.754,216.076,0.8188,0.8216,0.9674,0.0044,3.6432,11.8479,32.0,332,0,0,0
1550,51.6667,1,1,,10930.0,2,398.0,52.0,439.0,386.0,418.7558,216.0848,0.8165,0.8187,0.9716,0.0033,3.6087,11.84,32.0,332,0,0,0
1551,51.7,1,1,,10934.0,2,398.0,52.0,439.0,386.0,418.7535,216.1186,0.814,0.8159,0.9758,0.002,3.601,11.8347,32.0,332,0,0,0
1552,51.7333,1,1,,10929.0,1,398.0,52.0,439.0,386.0,418.7607,216.0646,0.8116,0.8134,0.9785,0.001,4.4855,11.8309,32.0,332,0,0,0
1553,51.7667,1,1,,10933.0,1,398.0,52.0,439.0,386.0,418.7516,216.1036,0.8094,0.8112,0.9815,0.0008,5.2345,11.8262,32.0,332,0,0,0
1554,51.8,1,1,,10929.0,1,398.0,52.0,439.0,386.0,418.7556,216.0951,0.8077,0.8095,0.9832,0.0015,5.7949,11.821,32.0,332,0,0,0
1555,51.8333,1,1,,10926.0,1,398.0,52.0,439.0,386.0,418.7626,216.0588,0.8064,0.8082,0.9844,0.002,6.1779,11.8167,32.0,332,0,0,0
1556,51.8667,1,1,,10928.0,1,398.0,52.0,439.0,386.0,418.7628,216.1595,0.8055,0.8074,0.9855,0.0027,6.4083,11.8134,32.0,332,0,0,0
1557,51.9,1,1,,10923.0,1,398.0,52.0,439.0,386.0,418.76,216.0775,0.8055,0.8075,0.9849,0.0026,6.5125,11.8177,32.0,332,0,0,0
1558,51.9333,1,1,,10923.0,1,398.0,52.0,439.0,386.0,418.7687,216.0708,0.8075,0.8097,0.9818,0.0028,6.5879,11.8526,32.0,332,0,0,0
1559,51.9667,1,1,,10923.0,1,398.0,52.0,439.0,386.0,418.7581,216.0681,0.8093,0.8117,0.9791,0.0029,6.5663,11.8818,32.0,332,0,0,0
1560,52.0,1,1,,10925.0,1,398.0,52.0,439.0,386.0,418.7598,216.0755,0.8109,0.8135,0.977,0.0029,6.4893,11.9044,32.0,332,0,0,0
1561,52.0333,1,1,,10923.0,1,398.0,52.0,439.0,386.0,418.7595,216.0582,0.8127,0.8153,0.9744,0.0028,6.3806,11.9281,32.0,332,0,0,0
1562,52.0667,1,1,,10926.0,1,398.0,52.0,439.0,386.0,418.7627,216.0684,0.8157,0.8185,0.9706,0.0028,6.2983,11.9718,32.0,332,0,0,0
1563,52.1,1,1,,10924.0,1,398.0,52.0,439.0,386.0,418.7679,216.0438,0.8183,0.8213,0.9671,0.0027,6.2108,12.0084,32.0,332,0,0,0
1564,52.1333,1,1,,10921.0,1,398.0,52.0,439.0,386.0,418.7635,216.0,0.82,0.823,0.9647,0.0025,6.1363,12.0315,32.0,332,0,0,0
1565,52.1667,1,1,,10920.0,1,398.0,52.0,439.0,386.0,418.7678,215.9915,0.8206,0.8238,0.9636,0.0025,6.1108,12.0412,32.0,332,0,0,0
1566,52.2,1,1,,10921.0,1,398.0,52.0,439.0,386.0,418.7668,216.0192,0.8206,0.8237,0.9636,0.0027,6.1142,12.0411,32.0,332,0,0,0
1567,52.2333,1,1,,10920.0,1,398.0,52.0,439.0,386.0,418.7667,216.0056,0.8203,0.8234,0.9639,0.0026,6.1235,12.0371,32.0,332,0,0,0
1568,52.2667,1,1,,10918.0,1,398.0,52.0,439.0,386.0,418.7701,215.9941,0.8198,0.823,0.9643,0.0026,6.1319,12.0304,32.0,332,0,0,0
1569,52.3,1,1,,10916.0,1,398.0,52.0,439.0,386.0,418.771,215.952,0.8195,0.8226,0.9645,0.0025,6.1346,12.0257,32.0,332,0,0,0
1570,52.3333,1,1,,10914.0,1,398.0,52.0,439.0,386.0,418.773,215.9488,0.8193,0.8224,0.9645,0.0025,6.1395,12.023,32.0,332,0,0,0
1571,52.3667,1,1,,10913.0,1,398.0,52.0,439.0,386.0,418.7749,215.9418,0.8194,0.8226,0.9642,0.0025,6.1551,12.0258,32.0,332,0,0,0
1572,52.4,1,1,,10911.0,1,398.0,52.0,439.0,386.0,418.778,215.9444,0.8196,0.8229,0.9636,0.0026,6.1583,12.0298,32.0,332,0,0,0
1573,52.4333,1,1,,10910.0,1,398.0,52.0,439.0,386.0,418.7785,215.9297,0.819,0.8224,0.9639,0.0026,6.163,12.0232,32.0,332,0,0,0
1574,52.4667,1,1,,10911.0,1,398.0,52.0,439.0,386.0,418.7805,215.9236,0.8178,0.8211,0.9654,0.0025,6.1533,12.0047,32.0,332,0,0,0
1575,52.5,1,1,,10910.0,1,398.0,52.0,439.0,386.0,418.7802,215.9098,0.8165,0.8199,0.9668,0.0025,6.1354,11.9861,32.0,332,0,0,0
1576,52.5333,1,1,,10913.0,1,398.0,52.0,439.0,386.0,418.7755,215.9465,0.8154,0.8188,0.9682,0.0026,6.1316,11.9702,32.0,332,0,0,0
1577,52.5667,1,1,,10911.0,1,398.0,52.0,439.0,386.0,418.7774,215.919,0.8144,0.8178,0.9692,0.0025,6.1115,11.9548,32.0,332,0,0,0
1578,52.6,1,1,,10912.0,1,398.0,52.0,439.0,386.0,418.7755,215.9271,0.8132,0.8167,0.9706,0.0025,6.0713,11.9364,32.0,332,0,0,0
1579,52.6333,1,1,,10912.0,1,398.0,52.0,439.0,386.0,418.7773,215.9174,0.8122,0.8157,0.9718,0.0024,6.0272,11.9206,32.0,332,0,0,0
1580,52.6667,1,1,,10914.0,1,398.0,52.0,439.0,386.0,418.7753,215.9461,0.8117,0.8152,0.9726,0.0024,5.9842,11.9116,32.0,332,0,0,0
1581,52.7,1,1,,10910.0,1,398.0,52.0,439.0,386.0,418.7754,215.8973,0.8121,0.8155,0.9719,0.0022,5.934,11.914,32.0,332,0,0,0
1582,52.7333,1,1,,10914.0,1,398.0,52.0,439.0,386.0,418.7753,215.9504,0.8135,0.8168,0.9709,0.0022,5.9091,11.9324,32.0,332,0,0,0
1583,52.7667,1,1,,10911.0,1,398.0,52.0,439.0,386.0,418.7721,215.9608,0.8153,0.8185,0.9688,0.0022,5.9411,11.9576,32.0,332,0,0,0
1584,52.8,1,1,,10911.0,1,398.0,52.0,439.0,386.0,418.7639,215.9891,0.817,0.8202,0.967,0.0023,5.9852,11.9841,32.0,332,0,0,0
1585,52.8333,1,1,,10899.0,1,398.0,52.0,439.0,386.0,418.7625,215.9738,0.8192,0.8223,0.9635,0.0023,6.0306,12.0166,32.0,332,0,0,0
1586,52.8667,1,1,,10904.0,1,398.0,52.0,439.0,386.0,418.7532,216.022,0.8226,0.8257,0.96,0.0025,6.0783,12.0682,32.0,332,0,0,0
1587,52.9,1,1,,10904.0,1,398.0,52.0,439.0,386.0,418.7578,216.0057,0.8257,0.8288,0.9563,0.0025,6.1275,12.1162,32.0,332,0,0,0
1588,52.9333,1,1,,10912.0,1,398.0,52.0,439.0,386.0,418.7736,215.968,0.8283,0.8315,0.9538,0.0025,6.1854,12.1579,32.0,332,0,0,0
1589,52.9667,1,1,,10913.0,1,398.0,52.0,439.0,386.0,418.7753,215.9601,0.8315,0.8349,0.95,0.0026,6.1835,12.2064,32.0,332,0,0,0
1590,53.0,1,1,,10913.0,1,398.0,52.0,439.0,386.0,418.7782,215.9544,0.834,0.8375,0.947,0.0025,6.1453,12.2427,32.0,332,0,0,0
1591,53.0333,1,1,,10913.0,1,398.0,52.0,439.0,386.0,418.776,215.9611,0.8357,0.8391,0.945,0.0025,6.0961,12.2652,32.0,332,0,0,0
1592,53.0667,1,1,,10913.0,1,398.0,52.0,439.0,386.0,418.7745,215.9385,0.8357,0.8391,0.9451,0.0024,6.0606,12.2639,32.0,332,0,0,0
1593,53.1,1,1,,10914.0,1,398.0,52.0,439.0,386.0,418.7681,215.9527,0.8352,0.8387,0.9457,0.0024,6.0412,12.2564,32.0,332,0,0,0
1594,53.1333,1,1,,10919.0,1,398.0,52.0,439.0,386.0,418.7646,216.0419,0.8346,0.838,0.9469,0.0026,6.0253,12.2459,32.0,332,0,0,0
1595,53.1667,1,1,,10919.0,1,398.0,52.0,439.0,386.0,418.7646,216.0419,0.8337,0.8371,0.9479,0.0026,6.0124,12.2326,32.0,332,0,0,0
1596,53.2,1,1,,10913.0,1,398.0,52.0,439.0,386.0,418.7793,215.9845,0.833,0.8364,0.9481,0.0024,6.0073,12.2226,32.0,332,0,0,0
1597,53.2333,1,1,,10910.0,1,398.0,52.0,439.0,386.0,418.7797,216.0008,0.8339,0.8374,0.9466,0.0025,6.0041,12.2366,32.0,332,0,0,0
1598,53.2667,1,1,,10905.0,2,398.0,52.0,439.0,386.0,418.7875,215.8934,0.8346,0.8382,0.9453,0.0022,5.9919,12.2473,32.0,332,0,0,0
1599,53.3,1,1,,10908.0,2,398.0,52.0,439.0,386.0,418.7871,215.9356,0.8353,0.8389,0.9447,0.0023,5.9761,12.2575,32.0,332,0,0,0
1600,53.3333,1,1,,10927.0,1,399.0,52.0,439.0,386.0,418.8817,217.9109,0.8567,0.8605,0.9456,0.0083,5.968,12.2658,31.0,332,1,0,0
1601,53.3667,1,1,,10990.0,1,399.0,52.0,439.0,386.0,418.6941,218.123,0.8574,0.8612,0.9503,0.0089,5.9676,12.2762,31.0,332,0,0,0
1602,53.4,1,1,,10980.0,1,399.0,52.0,439.0,386.0,418.688,218.0859,0.8584,0.8622,0.9482,0.0089,5.9795,12.2915,31.0,332,0,0,0
1603,53.4333,1,1,,10984.0,1,399.0,52.0,439.0,386.0,418.6812,218.0888,0.8593,0.8632,0.9475,0.0089,5.9762,12.3051,31.0,332,0,0,0
1604,53.4667,1,1,,10994.0,1,398.0,52.0,439.0,386.0,418.6658,218.1021,0.8392,0.843,0.9473,0.009,5.9681,12.317,31.0,332,0,0,0
1605,53.5,1,1,,10998.0,1,398.0,52.0,439.0,386.0,418.6627,218.1198,0.8403,0.8442,0.9462,0.0091,5.9593,12.3344,31.5,332,0,0,0
1606,53.5333,1,1,,10993.0,1,398.0,52.0,439.0,386.0,418.6521,218.1265,0.8412,0.8451,0.9446,0.0091,5.9351,12.347,31.5,332,0,0,0
1607,53.5667,1,1,,11003.0,1,398.0,52.0,439.0,386.0,418.6285,218.1884,0.8417,0.8458,0.9447,0.0093,5.8845,12.3543,32.0,332,0,0,0
1608,53.6,1,1,,11007.0,1,398.0,52.0,439.0,386.0,418.6222,218.167,0.8418,0.8459,0.9448,0.0092,5.8276,12.354,32.0,332,0,0,0
1609,53.6333,1,1,,11006.0,1,398.0,52.0,439.0,386.0,418.6191,218.1725,0.8414,0.8455,0.9451,0.0091,5.7667,12.3465,32.0,332,0,0,0
1610,53.6667,1,1,,11013.0,1,398.0,52.0,439.0,386.0,418.6163,218.179,0.8411,0.8452,0.9461,0.0091,5.7142,12.3392,32.0,332,0,0,0
1611,53.7,1,1,,11010.0,1,398.0,52.0,439.0,386.0,418.615,218.1529,0.8412,0.8453,0.9457,0.0089,5.6666,12.3396,32.0,332,0,0,0
1612,53.7333,1,1,,11005.0,1,398.0,52.0,439.0,386.0,418.6104,218.1753,0.8413,0.8454,0.9451,0.0089,5.6285,12.3394,32.0,332,0,0,0
1613,53.7667,1,1,,11016.0,1,398.0,52.0,439.0,386.0,418.6041,218.1845,0.841,0.8451,0.9464,0.0089,5.6062,12.3344,32.0,332,0,0,0
1614,53.8,1,1,,11016.0,1,398.0,52.0,439.0,386.0,418.6067,218.1422,0.8393,0.8435,0.9482,0.0089,5.6379,12.3116,32.0,332,0,0,0
1615,53.8333,1,1,,11019.0,1,398.0,52.0,439.0,386.0,418.6018,218.1551,0.8379,0.8421,0.9499,0.009,5.6809,12.2932,32.0,332,0,0,0
1616,53.8667,1,1,,11021.0,1,398.0,52.0,439.0,386.0,418.6026,218.1527,0.8368,0.8409,0.9514,0.009,5.7239,12.2778,32.0,332,0,0,0
1617,53.9,1,1,,11022.0,1,398.0,52.0,439.0,386.0,418.6036,218.1619,0.8354,0.8396,0.953,0.0091,5.7505,12.2594,32.0,332,0,0,0
1618,53.9333,1,1,,11025.0,1,398.0,52.0,439.0,386.0,418.6018,218.1713,0.8355,0.8396,0.9532,0.0092,5.7708,12.2608,32.0,332,0,0,0
1619,53.9667,1,1,,11025.0,1,398.0,52.0,439.0,386.0,418.6035,218.1577,0.8354,0.8396,0.9531,0.0092,5.8109,12.2621,32.0,332,0,0,0
1620,54.0,1,1,,11027.0,1,398.0,52.0,439.0,386.0,418.6032,218.1889,0.8356,0.8399,0.9529,0.0094,5.8293,12.2666,32.0,332,0,0,0
1621,54.0333,1,1,,11030.0,1,398.0,52.0,439.0,386.0,418.6031,218.1982,0.8355,0.8398,0.9532,0.0094,5.8195,12.2653,32.0,332,0,0,0
1622,54.0667,1,1,,11030.0,1,398.0,52.0,439.0,386.0,418.602,218.157,0.835,0.8392,0.9539,0.0092,5.7891,12.2555,32.0,332,0,0,0
1623,54.1,1,1,,11032.0,1,398.0,52.0,439.0,386.0,418.6018,218.1824,0.8346,0.8389,0.9545,0.0092,5.7578,12.2493,32.0,332,0,0,0
1624,54.1333,1,1,,11032.0,1,398.0,52.0,439.0,386.0,418.6033,218.1838,0.8346,0.8388,0.9546,0.0092,5.7288,12.2473,32.0,332,0,0,0
1625,54.1667,1,1,,11033.0,1,398.0,52.0,439.0,386.0,418.6025,218.1986,0.8349,0.8391,0.9543,0.0092,5.7049,12.2509,32.0,332,0,0,0
1626,54.2,1,1,,11033.0,1,398.0,52.0,439.0,386.0,418.6,218.1867,0.8352,0.8394,0.954,0.0091,5.6864,12.2545,32.0,332,0,0,0
1627,54.2333,1,1,,11035.0,1,398.0,52.0,439.0,386.0,418.6008,218.2025,0.8355,0.8398,0.9538,0.0092,5.6714,12.2589,32.0,332,0,0,0
1628,54.2667,1,1,,11037.0,1,398.0,52.0,439.0,386.0,418.6001,218.199,0.8359,0.8401,0.9536,0.0091,5.6691,12.2637,32.0,332,0,0,0
1629,54.3,1,1,,11029.0,1,398.0,52.0,439.0,386.0,418.5978,218.272,0.8368,0.841,0.9519,0.0093,5.6687,12.2769,32.0,332,0,0,0
1630,54.3333,1,1,,11024.0,1,398.0,52.0,439.0,386.0,418.6053,218.2612,0.8385,0.8427,0.9496,0.0093,5.6565,12.3013,32.0,332,0,0,0
1631,54.3667,1,1,,11027.0,1,398.0,52.0,439.0,386.0,418.6006,218.2563,0.8399,0.8441,0.9484,0.0092,5.6338,12.3205,32.0,332,0,0,0
1632,54.4,1,1,,11032.0,1,398.0,52.0,439.0,386.0,418.5914,218.2838,0.8411,0.8452,0.9476,0.0092,5.6285,12.3372,32.0,332,0,0,0
1633,54.4333,1,1,,11032.0,1,398.0,52.0,439.0,386.0,418.5955,218.2619,0.8426,0.8468,0.9459,0.0092,5.6366,12.3597,32.0,332,0,0,0
1634,54.4667,1,1,,11035.0,1,398.0,52.0,439.0,386.0,418.5899,218.2849,0.8437,0.8479,0.9449,0.0093,5.6578,12.3764,32.0,332,0,0,0
1635,54.5,1,1,,11031.0,1,398.0,52.0,439.0,386.0,418.5929,218.2854,0.8444,0.8487,0.9436,0.0093,5.6832,12.3891,32.0,332,0,0,0
1636,54.5333,1,1,,11031.0,1,398.0,52.0,439.0,386.0,418.5849,218.2312,0.845,0.8492,0.943,0.0092,5.6919,12.3975,32.0,332,0,0,0
1637,54.5667,1,1,,11034.0,1,398.0,52.0,439.0,386.0,418.5833,218.2378,0.8448,0.8492,0.9432,0.0093,5.7168,12.3978,32.0,332,0,0,0
1638,54.6,1,1,,11036.0,1,398.0,52.0,439.0,386.0,418.5825,218.2493,0.8436,0.848,0.9445,0.0094,5.733,12.3813,32.0,332,0,0,0
1639,54.6333,1,1,,11039.0,1,398.0,52.0,439.0,386.0,418.5777,218.2852,0.8421,0.8465,0.9464,0.0096,5.7442,12.3598,32.0,332,0,0,0
1640,54.6667,1,1,,11031.0,1,398.0,52.0,439.0,386.0,418.5853,218.2186,0.8406,0.8451,0.9473,0.0094,5.7596,12.3396,32.0,332,0,0,0
1641,54.7,1,1,,11031.0,1,398.0,52.0,439.0,386.0,418.5853,218.2186,0.8388,0.8433,0.9493,0.0095,5.7856,12.3141,32.0,332,0,0,0
1642,54.7333,1,1,,11029.0,1,398.0,52.0,439.0,386.0,418.5717,218.1875,0.8373,0.8417,0.9509,0.0095,5.8294,12.2931,32.0,332,0,0,0
1643,54.7667,1,1,,11029.0,1,398.0,52.0,439.0,386.0,418.5775,218.1936,0.8363,0.8408,0.9519,0.0096,5.8733,12.2807,32.0,332,0,0,0
1644,54.8,1,1,,11028.0,1,398.0,52.0,439.0,386.0,418.5604,218.1588,0.8356,0.8401,0.9526,0.0095,5.9114,12.2723,32.0,332,0,0,0
1645,54.8333,1,1,,11028.0,1,398.0,52.0,439.0,386.0,418.5604,218.1588,0.8331,0.8375,0.9556,0.0095,5.9183,12.2347,32.0,332,0,0,0
1646,54.8667,1,1,,11028.0,1,398.0,52.0,439.0,386.0,418.5604,218.1588,0.831,0.8353,0.9582,0.0095,5.9101,12.2025,32.0,332,0,0,0
1647,54.9,1,1,,11031.0,1,398.0,52.0,439.0,386.0,418.5585,218.1949,0.8293,0.8336,0.9604,0.0096,5.9112,12.1775,32.0,332,0,0,0
1648,54.9333,1,1,,11029.0,1,398.0,52.0,439.0,386.0,418.5603,218.2153,0.8281,0.8323,0.9618,0.0096,5.9147,12.1589,32.0,332,0,0,0
1649,54.9667,1,1,,11029.0,1,398.0,52.0,439.0,386.0,418.5592,218.2387,0.8272,0.8314,0.9629,0.0097,5.9254,12.1455,32.0,332,0,0,0
1650,55.0,1,1,,10971.0,1,398.0,52.0,439.0,386.0,418.6555,217.922,0.8266,0.8308,0.9585,0.0087,5.9378,12.1374,31.0,332,0,0,0
1651,55.0333,1,1,,10976.0,1,398.0,52.0,439.0,386.0,418.6388,217.8985,0.8285,0.8329,0.9561,0.0091,6.0629,12.1737,32.0,332,0,0,0
1652,55.0667,1,1,,10980.0,1,398.0,52.0,439.0,386.0,418.6321,217.8832,0.8301,0.8348,0.9541,0.0093,6.1468,12.2039,31.5,332,0,0,0
1653,55.1,1,1,,10986.0,1,398.0,52.0,439.0,386.0,418.62,217.8699,0.8316,0.8364,0.9526,0.0095,6.1983,12.2291,32.0,332,0,0,0
1654,55.1333,1,1,,10982.0,1,398.0,52.0,439.0,386.0,418.6198,217.8497,0.8328,0.8376,0.9508,0.0095,6.2245,12.248,31.0,332,0,0,0
1655,55.1667,1,1,,10978.0,1,398.0,52.0,439.0,386.0,418.6199,217.8376,0.8338,0.8387,0.9492,0.0095,6.2334,12.2636,31.0,332,0,0,0
1656,55.2,1,1,,10983.0,1,398.0,52.0,439.0,386.0,418.6097,217.8201,0.8346,0.8396,0.9486,0.0096,6.2494,12.2773,31.0,332,0,0,0
1657,55.2333,1,1,,10982.0,1,398.0,52.0,439.0,386.0,418.6051,217.8108,0.8353,0.8403,0.9476,0.0095,6.2437,12.2881,31.0,332,0,0,0
1658,55.2667,1,1,,10980.0,1,398.0,52.0,439.0,386.0,418.6079,217.8241,0.8359,0.8409,0.9467,0.0095,6.2237,12.2966,31.0,332,0,0,0
1659,55.3,1,1,,10980.0,1,398.0,52.0,439.0,386.0,418.6079,217.8241,0.836,0.841,0.9467,0.0095,6.1991,12.2962,31.0,332,0,0,0
1660,55.3333,1,1,,10979.0,1,398.0,52.0,439.0,386.0,418.6064,217.8272,0.8355,0.8405,0.9472,0.0094,6.1689,12.2876,31.0,332,0,0,0
1661,55.3667,1,1,,10981.0,1,398.0,52.0,439.0,386.0,418.6097,217.8202,0.8347,0.8397,0.9483,0.0094,6.1457,12.275,31.0,332,0,0,0
1662,55.4,1,1,,10980.0,1,398.0,52.0,439.0,386.0,418.6081,217.8313,0.8337,0.8386,0.9495,0.0094,6.1313,12.2584,31.0,332,0,0,0
1663,55.4333,1,1,,10981.0,1,398.0,52.0,439.0,386.0,418.6097,217.8202,0.8324,0.8373,0.9511,0.0093,6.127,12.2392,31.0,332,0,0,0
1664,55.4667,1,1,,10980.0,1,398.0,52.0,439.0,386.0,418.6081,217.8313,0.831,0.8358,0.9526,0.0093,6.1284,12.2182,31.0,332,0,0,0
1665,55.5,1,1,,10979.0,1,398.0,52.0,439.0,386.0,418.6094,217.8178,0.8297,0.8346,0.9539,0.0094,6.1504,12.201,31.0,332,0,0,0
1666,55.5333,1,1,,10978.0,1,398.0,52.0,439.0,386.0,418.6078,217.8137,0.8285,0.8335,0.9549,0.0095,6.1726,12.186,31.0,332,0,0,0
1667,55.5667,1,1,,10979.0,1,398.0,52.0,439.0,386.0,418.6095,217.8124,0.8279,0.8329,0.9557,0.0095,6.1923,12.1776,31.0,332,0,0,0
1668,55.6,1,1,,10982.0,1,398.0,52.0,439.0,386.0,418.6049,217.8529,0.8272,0.8322,0.9568,0.0097,6.21,12.1677,31.0,332,0,0,0
1669,55.6333,1,1,,10983.0,1,398.0,52.0,439.0,386.0,418.601,217.7768,0.8266,0.8315,0.9576,0.0094,6.2172,12.1589,31.0,332,0,0,0
1670,55.6667,1,1,,10978.0,1,398.0,52.0,439.0,386.0,418.5992,217.7868,0.8262,0.8312,0.9576,0.0095,6.2106,12.1533,31.0,332,0,0,0
1671,55.7,1,1,,10981.0,1,398.0,52.0,439.0,386.0,418.6016,217.7354,0.8263,0.8312,0.9579,0.0092,6.1714,12.1524,31.0,332,0,0,0
1672,55.7333,1,1,,10984.0,1,398.0,52.0,439.0,386.0,418.5942,217.7414,0.8265,0.8314,0.958,0.0091,6.1434,12.1541,31.0,332,0,0,0
1673,55.7667,1,1,,10989.0,1,398.0,52.0,439.0,386.0,418.5831,217.8564,0.8267,0.8315,0.9583,0.0094,6.1292,12.1553,31.0,332,0,0,0
1674,55.8,1,1,,10983.0,1,398.0,52.0,439.0,386.0,418.5952,217.8029,0.827,0.8318,0.9575,0.0093,6.1243,12.1593,31.0,332,0,0,0
1675,55.8333,1,1,,10981.0,1,398.0,52.0,439.0,386.0,418.6009,217.8568,0.8276,0.8325,0.9564,0.0095,6.1437,12.1701,31.0,332,0,0,0
1676,55.8667,1,1,,10981.0,1,398.0,52.0,439.0,386.0,418.5998,217.8575,0.8284,0.8334,0.9553,0.0096,6.1593,12.1837,31.0,332,0,0,0
1677,55.9,1,1,,10983.0,1,398.0,52.0,439.0,386.0,418.6027,217.8847,0.8289,0.8339,0.9549,0.0097,6.1779,12.1924,31.0,332,0,0,0
1678,55.9333,1,1,,10981.0,1,398.0,52.0,439.0,386.0,418.5968,217.867,0.8293,0.8344,0.9541,0.0097,6.2083,12.2001,31.0,332,0,0,0
1679,55.9667,1,1,,10983.0,1,398.0,52.0,439.0,386.0,418.5936,217.8908,0.8294,0.8345,0.9541,0.0099,6.2398,12.2024,31.0,332,0,0,0
1680,56.0,1,1,,10984.0,1,398.0,52.0,439.0,386.0,418.5922,217.8834,0.8289,0.834,0.9547,0.0099,6.2634,12.1966,31.0,332,0,0,0
1681,56.0333,1,1,,10984.0,1,398.0,52.0,439.0,386.0,418.5922,217.8834,0.8285,0.8336,0.9551,0.0099,6.2729,12.1915,31.0,332,0,0,0
1682,56.0667,1,1,,10979.0,1,398.0,52.0,439.0,386.0,418.6056,217.993,0.8282,0.8334,0.9549,0.0102,6.2775,12.1882,31.0,332,0,0,0
1683,56.1,1,1,,10991.0,1,398.0,52.0,439.0,386.0,418.5842,217.9715,0.8281,0.8332,0.9561,0.0102,6.2652,12.1855,31.0,332,0,0,0
1684,56.1333,1,1,,10993.0,1,398.0,52.0,439.0,386.0,418.5812,217.9825,0.8281,0.8332,0.9565,0.0101,6.2226,12.1833,31.0,332,0,0,0
1685,56.1667,1,1,,11005.0,1,398.0,52.0,439.0,386.0,418.5671,218.028,0.8287,0.8337,0.9571,0.01,6.162,12.1885,32.0,332,0,0,0
1686,56.2,1,1,,11012.0,1,398.0,52.0,439.0,386.0,418.5595,218.0333,0.8294,0.8344,0.957,0.0099,6.115,12.1963,32.0,332,0,0,0
1687,56.2333,1,1,,11010.0,1,398.0,52.0,439.0,386.0,418.5805,218.0611,0.8316,0.8365,0.9545,0.0099,6.0651,12.2255,31.0,332,0,0,0
1688,56.2667,1,1,,11009.0,1,398.0,52.0,439.0,386.0,418.566,218.0488,0.8348,0.8395,0.9511,0.0096,5.9879,12.2673,31.0,332,0,0,0
1689,56.3,1,1,,11020.0,1,398.0,52.0,439.0,386.0,418.5482,218.0459,0.8376,0.8424,0.9489,0.0095,5.9248,12.3068,32.0,332,0,0,0
1690,56.3333,1,1,,11026.0,1,398.0,52.0,439.0,386.0,418.5315,218.1048,0.8404,0.8451,0.9464,0.0095,5.8491,12.3436,32.0,332,0,0,0
1691,56.3667,1,1,,11030.0,1,398.0,52.0,439.0,386.0,418.5356,218.0827,0.8456,0.8505,0.9408,0.0093,5.7796,12.419,32.0,332,0,0,0
1692,56.4,1,1,,11029.0,1,398.0,52.0,439.0,386.0,418.5398,218.1239,0.85,0.8548,0.9359,0.0093,5.7011,12.4801,32.0,332,0,0,0
1693,56.4333,1,1,,11034.0,1,398.0,52.0,439.0,386.0,418.536,218.0798,0.8529,0.8577,0.9332,0.009,5.6197,12.5191,32.0,332,0,0,0
1694,56.4667,1,1,,11046.0,1,398.0,52.0,439.0,386.0,418.5299,218.1254,0.8541,0.8589,0.9331,0.009,5.5653,12.5337,32.0,332,0,0,0
1695,56.5,1,1,,11043.0,1,398.0,52.0,439.0,386.0,418.5253,218.0819,0.8537,0.8583,0.9336,0.0087,5.5176,12.5242,32.0,332,0,0,0
1696,56.5333,1,1,,11046.0,1,398.0,52.0,439.0,386.0,418.533,218.1049,0.852,0.8566,0.9358,0.0087,5.53,12.4993,32.0,332,0,0,0
1697,56.5667,1,1,,11043.0,1,398.0,52.0,439.0,386.0,418.5296,218.1018,0.8501,0.8546,0.9378,0.0088,5.5698,12.4713,32.0,332,0,0,0
1698,56.6,1,1,,11043.0,1,398.0,52.0,439.0,386.0,418.5232,218.079,0.8479,0.8523,0.9404,0.0087,5.6055,12.4398,32.0,332,0,0,0
1699,56.6333,1,1,,11044.0,1,398.0,52.0,439.0,386.0,418.5248,218.0978,0.8455,0.8498,0.9435,0.0086,5.604,12.4021,32.0,332,0,0,0
1700,56.6667,1,1,,11043.0,1,398.0,52.0,439.0,386.0,418.521,218.0803,0.8411,0.8451,0.9488,0.0085,5.5945,12.3338,32.0,332,0,0,0
1701,56.7,1,1,,11044.0,1,398.0,52.0,439.0,386.0,418.5244,218.0843,0.8373,0.8412,0.9534,0.0085,5.6089,12.2777,32.0,332,0,0,0
1702,56.7333,1,1,,11047.0,1,398.0,52.0,439.0,386.0,418.5218,218.1346,0.8342,0.8381,0.9573,0.0086,5.6428,12.233,32.0,332,0,0,0
1703,56.7667,1,1,,11045.0,1,398.0,52.0,439.0,386.0,418.5214,218.1171,0.8318,0.8357,0.9599,0.0086,5.6796,12.1995,32.0,332,0,0,0
1704,56.8,1,1,,11044.0,1,398.0,52.0,439.0,386.0,418.5254,218.1033,0.83,0.8338,0.962,0.0087,5.7258,12.1732,32.0,332,0,0,0
1705,56.8333,1,1,,11043.0,1,398.0,52.0,439.0,386.0,418.5268,218.1022,0.8285,0.8323,0.9635,0.0088,5.7816,12.154,32.0,332,0,0,0
1706,56.8667,1,1,,11040.0,1,398.0,52.0,439.0,386.0,418.5341,218.0793,0.8275,0.8314,0.9643,0.0088,5.8395,12.1425,32.0,332,0,0,0
1707,56.9,1,1,,11050.0,1,398.0,52.0,439.0,386.0,418.5213,218.1441,0.8273,0.8312,0.9654,0.0091,5.8886,12.1417,32.0,332,0,0,0
1708,56.9333,1,1,,11047.0,1,398.0,52.0,439.0,386.0,418.5211,218.1151,0.8291,0.8331,0.9628,0.0091,5.9206,12.1708,32.0,332,0,0,0
1709,56.9667,1,1,,11045.0,1,398.0,52.0,439.0,386.0,418.5175,218.0433,0.8314,0.8354,0.9598,0.0089,5.8942,12.2038,32.0,332,0,0,0
1710,57.0,1,1,,11044.0,1,398.0,52.0,439.0,386.0,418.5264,218.0492,0.8335,0.8376,0.9573,0.0088,5.8082,12.2318,32.0,332,0,0,0
1711,57.0333,1,1,,11039.0,1,398.0,52.0,439.0,386.0,418.5281,218.0404,0.8356,0.8396,0.9546,0.0086,5.7027,12.2579,32.0,332,0,0,0
1712,57.0667,1,1,,11041.0,1,398.0,52.0,439.0,386.0,418.5288,218.1033,0.8368,0.8407,0.9537,0.0085,5.555,12.268,32.0,332,0,0,0
1713,57.1,1,1,,11048.0,1,398.0,52.0,439.0,386.0,418.5268,218.0939,0.8375,0.8413,0.9538,0.0082,5.433,12.2726,32.0,332,0,0,0
1714,57.1333,1,1,,11039.0,1,398.0,52.0,439.0,386.0,418.5311,218.1682,0.8383,0.842,0.9524,0.0082,5.3467,12.2798,32.0,332,0,0,0
1715,57.1667,1,1,,11039.0,1,398.0,52.0,439.0,386.0,418.532,218.1766,0.841,0.8447,0.9495,0.0081,5.3097,12.3168,32.0,332,0,0,0
1716,57.2,1,1,,11043.0,1,398.0,52.0,439.0,386.0,418.5259,218.194,0.8439,0.8476,0.9465,0.0082,5.301,12.3593,32.0,332,0,0,0
1717,57.2333,1,1,,11043.0,1,398.0,52.0,439.0,386.0,418.5249,218.1946,0.8459,0.8496,0.9442,0.0082,5.3098,12.3893,32.0,332,0,0,0
1718,57.2667,1,1,,11041.0,1,398.0,52.0,439.0,386.0,418.5306,218.2144,0.8475,0.8513,0.9423,0.0083,5.3198,12.4132,32.0,332,0,0,0
1719,57.3,1,1,,11041.0,1,398.0,52.0,439.0,386.0,418.5277,218.18,0.8485,0.8522,0.9413,0.0082,5.3265,12.4272,32.0,332,0,0,0
1720,57.3333,1,1,,11046.0,1,398.0,52.0,439.0,386.0,418.522,218.2125,0.8472,0.8508,0.9433,0.0083,5.3215,12.4068,32.0,332,0,0,0
1721,57.3667,1,1,,11046.0,1,398.0,52.0,439.0,386.0,418.5223,218.214,0.8455,0.8491,0.9453,0.0083,5.3228,12.3818,32.0,332,0,0,0
1722,57.4,1,1,,11049.0,1,398.0,52.0,439.0,386.0,418.5178,218.2176,0.844,0.8475,0.9473,0.0083,5.3247,12.359,32.0,332,0,0,0
1723,57.4333,1,1,,11048.0,1,398.0,52.0,439.0,386.0,418.5252,218.211,0.8423,0.8459,0.9491,0.0083,5.3416,12.3353,32.0,332,0,0,0
1724,57.4667,1,1,,11048.0,1,398.0,52.0,439.0,386.0,418.5252,218.211,0.8376,0.8417,0.9529,0.0078,4.8082,12.2553,32.0,332,0,0,0
1725,57.5,1,1,,11047.0,1,398.0,52.0,439.0,386.0,418.5267,218.2088,0.835,0.8395,0.9549,0.0067,3.9197,12.1894,32.0,332,0,0,0
1726,57.5333,1,1,,11048.0,1,398.0,52.0,439.0,386.0,418.5252,218.211,0.8337,0.8384,0.9559,0.0054,3.472,12.139,32.0,332,0,0,0
1727,57.5667,1,1,,11048.0,1,398.0,52.0,439.0,386.0,418.5284,218.2165,0.8327,0.8375,0.9568,0.0042,3.5066,12.0944,32.0,332,0,0,0
1728,57.6,1,1,,11048.0,1,398.0,52.0,439.0,386.0,418.5284,218.2165,0.8319,0.8366,0.9578,0.0032,3.5563,12.056,32.0,332,0,0,0
1729,57.6333,1,1,,11048.0,1,398.0,52.0,439.0,386.0,418.5284,218.2165,0.8314,0.8361,0.9584,0.0024,3.5968,12.0288,32.0,332,0,0,0
1730,57.6667,1,1,,11048.0,1,398.0,52.0,439.0,386.0,418.5284,218.2165,0.8312,0.8358,0.9588,0.0019,3.6274,12.0117,32.0,332,0,0,0
1731,57.7,1,1,,11043.0,1,398.0,52.0,439.0,386.0,418.5345,218.2076,0.8314,0.836,0.9582,0.0015,3.6351,12.006,32.0,332,0,0,0
1732,57.7333,1,1,,11046.0,1,398.0,52.0,439.0,386.0,418.5303,218.219,0.8348,0.8389,0.9559,0.0018,3.5608,12.0643,32.0,332,0,0,0
1733,57.7667,1,1,,11050.0,1,398.0,52.0,439.0,386.0,418.5276,218.1942,0.8366,0.8403,0.9551,0.0027,3.4875,12.117,32.0,332,0,0,0
1734,57.8,1,1,,11049.0,1,398.0,52.0,439.0,386.0,418.5316,218.2056,0.8374,0.8409,0.9548,0.004,3.4266,12.1606,32.0,332,0,0,0
1735,57.8333,1,1,,11046.0,1,398.0,52.0,439.0,386.0,418.5425,218.2737,0.8369,0.8404,0.9551,0.0056,3.5312,12.1883,32.0,332,0,0,0
1736,57.8667,1,1,,11046.0,1,398.0,52.0,439.0,386.0,418.5409,218.2745,0.8344,0.8386,0.9562,0.0065,3.8125,12.1722,32.0,332,0,0,0
1737,57.9,1,1,,11045.0,1,398.0,52.0,439.0,386.0,418.5421,218.2597,0.8333,0.8379,0.9561,0.0064,3.5549,12.1539,32.0,332,0,0,0
1738,57.9333,1,1,,11050.0,1,398.0,52.0,439.0,386.0,418.5346,218.1893,0.833,0.8381,0.9559,0.0058,3.2356,12.1381,32.0,332,0,0,0
1739,57.9667,1,1,,11051.0,1,398.0,52.0,439.0,386.0,418.5333,218.1998,0.8332,0.8385,0.9551,0.0053,3.1983,12.1284,32.0,332,0,0,0
1740,58.0,1,1,,11050.0,1,398.0,52.0,439.0,386.0,418.5376,218.1679,0.8333,0.8388,0.9546,0.0047,3.2079,12.1161,32.0,332,0,0,0
1741,58.0333,1,1,,11052.0,1,398.0,52.0,439.0,386.0,418.537,218.2081,0.8335,0.839,0.9544,0.0043,3.2403,12.1065,32.0,332,0,0,0
1742,58.0667,1,1,,11052.0,1,398.0,52.0,439.0,386.0,418.5403,218.1859,0.834,0.8395,0.9539,0.0038,3.2576,12.1028,32.0,332,0,0,0
1743,58.1,1,1,,11048.0,1,398.0,52.0,439.0,386.0,418.5433,218.2084,0.8349,0.8404,0.9526,0.0035,3.269,12.1087,32.0,332,0,0,0
1744,58.1333,1,1,,11049.0,1,398.0,52.0,439.0,386.0,418.5415,218.2089,0.8359,0.8414,0.9516,0.0033,3.2578,12.1187,32.0,332,0,0,0
1745,58.1667,1,1,,11050.0,1,398.0,52.0,439.0,386.0,418.5402,218.2224,0.8366,0.8421,0.9509,0.0033,3.2426,12.126,32.0,332,0,0,0
1746,58.2,1,1,,11048.0,1,398.0,52.0,439.0,386.0,418.543,218.2052,0.8371,0.8425,0.9502,0.0032,3.228,12.1319,32.0,332,0,0,0
1747,58.2333,1,1,,11047.0,1,398.0,52.0,439.0,386.0,418.5443,218.2058,0.8376,0.843,0.9496,0.0032,3.2074,12.1388,32.0,332,0,0,0
1748,58.2667,1,1,,11047.0,1,398.0,52.0,439.0,386.0,418.5443,218.2058,0.8403,0.8457,0.9468,0.004,3.0884,12.1993,32.0,332,0,0,0
1749,58.3,1,1,,11046.0,1,398.0,52.0,439.0,386.0,418.5432,218.2209,0.8419,0.8472,0.9451,0.0052,3.0653,12.2522,32.0,332,0,0,0
1750,58.3333,1,1,,11048.0,1,398.0,52.0,439.0,386.0,418.5464,218.2287,0.8428,0.848,0.9445,0.0064,3.4082,12.294,32.0,332,0,0,0
1751,58.3667,1,1,,11052.0,1,398.0,52.0,439.0,386.0,418.5529,218.2171,0.8441,0.8493,0.9434,0.0075,4.149,12.3408,32.0,332,0,0,0
1752,58.4,1,1,,11051.0,1,398.0,52.0,439.0,386.0,418.5565,218.264,0.845,0.8503,0.9421,0.0086,4.765,12.3784,32.0,332,0,0,0
1753,58.4333,1,1,,11051.0,1,398.0,52.0,439.0,386.0,418.558,218.2355,0.8456,0.851,0.9413,0.0092,5.2212,12.4058,32.0,332,0,0,0
1754,58.4667,1,1,,11048.0,1,398.0,52.0,439.0,386.0,418.5605,218.2297,0.846,0.8514,0.9405,0.0097,5.5372,12.4235,32.0,332,0,0,0
1755,58.5,1,1,,11053.0,1,398.0,52.0,439.0,386.0,418.5502,218.2745,0.8468,0.8522,0.94,0.0102,5.7343,12.4429,32.0,332,0,0,0
1756,58.5333,1,1,,11054.0,1,398.0,52.0,439.0,386.0,418.5488,218.2637,0.8459,0.8516,0.9404,0.0097,5.3188,12.4179,32.0,332,0,0,0
1757,58.5667,1,1,,11054.0,1,398.0,52.0,439.0,386.0,418.5505,218.2634,0.8459,0.8518,0.9399,0.0088,4.597,12.3942,32.0,332,0,0,0
1758,58.6,1,1,,11054.0,1,398.0,52.0,439.0,386.0,418.5508,218.2456,0.8463,0.8523,0.9393,0.0076,3.7974,12.3707,32.0,332,0,0,0
1759,58.6333,1,1,,11051.0,1,398.0,52.0,439.0,386.0,418.5549,218.2571,0.8485,0.8543,0.9373,0.007,3.5367,12.3899,32.0,332,0,0,0
1760,58.6667,1,1,,11051.0,1,398.0,52.0,439.0,386.0,418.5549,218.2571,0.8498,0.8553,0.9364,0.0069,3.617,12.4085,32.0,332,0,0,0
1761,58.7,1,1,,11051.0,1,398.0,52.0,439.0,386.0,418.5549,218.2571,0.8502,0.8556,0.9363,0.0072,3.8667,12.4216,32.0,332,0,0,0
1762,58.7333,1,1,,11052.0,1,398.0,52.0,439.0,386.0,418.559,218.2542,0.8504,0.8557,0.9364,0.0076,4.1578,12.4334,32.0,332,0,0,0
1763,58.7666,1,1,,11050.0,1,398.0,52.0,439.0,386.0,418.5627,218.2418,0.8515,0.8568,0.9351,0.0079,4.4418,12.4601,32.0,332,0,0,0
1764,58.8,1,1,,11051.0,1,398.0,52.0,439.0,386.0,418.5642,218.2548,0.8523,0.8576,0.9342,0.0084,4.6809,12.4815,32.0,332,0,0,0
1765,58.8333,1,1,,11048.0,1,398.0,52.0,439.0,386.0,418.5691,218.245,0.8528,0.8582,0.9333,0.0086,4.8593,12.4969,32.0,332,0,0,0
1766,58.8666,1,1,,11048.0,1,398.0,52.0,439.0,386.0,418.5615,218.2687,0.8531,0.8585,0.9328,0.0089,4.9849,12.5062,32.0,332,0,0,0
1767,58.9,1,1,,11049.0,1,398.0,52.0,439.0,386.0,418.563,218.2693,0.8541,0.8596,0.9317,0.0091,5.0803,12.5255,32.0,332,0,0,0
1768,58.9333,1,1,,11047.0,1,398.0,52.0,439.0,386.0,418.5659,218.2819,0.8543,0.86,0.9308,0.0094,5.1727,12.5358,32.0,332,0,0,0
1769,58.9666,1,1,,11047.0,1,398.0,52.0,439.0,386.0,418.5659,218.2819,0.8549,0.8607,0.9299,0.0096,5.2083,12.5467,32.0,332,0,0,0
1770,59.0,1,1,,11041.0,1,398.0,52.0,439.0,386.0,418.5653,218.2347,0.8559,0.8617,0.9282,0.0095,5.2024,12.5616,32.0,332,0,0,0
1771,59.0333,1,1,,11050.0,1,398.0,52.0,439.0,386.0,418.5519,218.2723,0.8582,0.8642,0.9262,0.0096,5.1904,12.5973,32.0,332,0,0,0
1772,59.0666,1,1,,11050.0,1,398.0,52.0,439.0,386.0,418.5519,218.2723,0.8599,0.8661,0.924,0.0097,5.2047,12.6252,32.0,332,0,0,0
1773,59.1,1,1,,11049.0,1,398.0,52.0,439.0,386.0,418.5504,218.2587,0.8612,0.8675,0.9223,0.0097,5.1926,12.6453,32.0,332,0,0,0
1774,59.1333,1,1,,11049.0,1,398.0,52.0,439.0,386.0,418.5504,218.2587,0.8621,0.8685,0.9212,0.0097,5.165,12.6588,32.0,332,0,0,0
1775,59.1666,1,1,,11047.0,1,398.0,52.0,439.0,386.0,418.5499,218.2666,0.8622,0.8686,0.9208,0.0097,5.1435,12.6601,32.0,332,0,0,0
1776,59.2,1,1,,11047.0,1,398.0,52.0,439.0,386.0,418.5499,218.2666,0.8617,0.8681,0.9213,0.0097,5.1265,12.6517,32.0,332,0,0,0
1777,59.2333,1,1,,11046.0,1,398.0,52.0,439.0,386.0,418.5482,218.2586,0.8611,0.8675,0.9218,0.0097,5.1145,12.6429,32.0,332,0,0,0
1778,59.2666,1,1,,11043.0,1,398.0,52.0,439.0,386.0,418.5469,218.2964,0.8606,0.8671,0.9221,0.0098,5.099,12.6356,32.0,332,0,0,0
1779,59.3,1,1,,11045.0,1,398.0,52.0,439.0,386.0,418.5435,218.2325,0.8602,0.8667,0.9227,0.0096,5.0825,12.6288,32.0,332,0,0,0
1780,59.3333,1,1,,11045.0,1,398.0,52.0,439.0,386.0,418.5435,218.2325,0.8592,0.8655,0.9241,0.0094,5.0218,12.609,32.0,332,0,0,0
1781,59.3666,1,1,,11044.0,1,398.0,52.0,439.0,386.0,418.5479,218.2263,0.8575,0.8637,0.9261,0.0093,4.976,12.5813,32.0,332,0,0,0
1782,59.4,1,1,,11046.0,1,398.0,52.0,439.0,386.0,418.5483,218.1918,0.8556,0.8617,0.9284,0.0091,4.9463,12.5513,32.0,332,0,0,0
1783,59.4333,1,1,,11045.0,1,398.0,52.0,439.0,386.0,418.5518,218.1722,0.854,0.86,0.9302,0.009,4.9285,12.5259,32.0,332,0,0,0
1784,59.4666,1,1,,11047.0,1,398.0,52.0,439.0,386.0,418.5481,218.1848,0.8521,0.8581,0.9325,0.009,4.9,12.4966,32.0,332,0,0,0
1785,59.5,1,1,,11044.0,1,398.0,52.0,439.0,386.0,418.5533,218.1712,0.8505,0.8566,0.9337,0.009,4.9069,12.4751,32.0,332,0,0,0
1786,59.5333,1,1,,11047.0,1,398.0,52.0,439.0,386.0,418.5497,218.2067,0.8485,0.855,0.9352,0.0089,4.581,12.4394,32.0,332,0,0,0
1787,59.5666,1,1,,11040.0,1,398.0,52.0,439.0,386.0,418.5528,218.2293,0.8482,0.855,0.9342,0.0084,4.05,12.42,32.0,332,0,0,0
1788,59.6,1,1,,11042.0,1,398.0,52.0,439.0,386.0,418.5517,218.2411,0.8529,0.8596,0.9296,0.0079,3.7947,12.4765,32.0,332,0,0,0
1789,59.6333,1,1,,11039.0,1,398.0,52.0,439.0,386.0,418.5452,218.2295,0.8561,0.8627,0.9263,0.0077,3.7561,12.5201,32.0,332,0,0,0
1790,59.6666,1,1,,11042.0,1,398.0,52.0,439.0,386.0,418.5491,218.1385,0.8583,0.8647,0.9246,0.0075,3.8344,12.5526,32.0,332,0,0,0
1791,59.7,1,1,,11038.0,1,398.0,52.0,439.0,386.0,418.5471,218.1577,0.8588,0.865,0.9241,0.0077,3.966,12.562,32.0,332,0,0,0
1792,59.7333,1,1,,11042.0,1,398.0,52.0,439.0,386.0,418.5446,218.1625,0.8569,0.8633,0.9259,0.0075,3.7353,12.5291,32.0,332,0,0,0
1793,59.7666,1,1,,11045.0,1,398.0,52.0,439.0,386.0,418.5412,218.1836,0.8555,0.8621,0.9272,0.007,3.2901,12.4945,32.0,332,0,0,0
1794,59.8,1,1,,11057.0,1,398.0,52.0,439.0,386.0,418.5268,218.2274,0.8547,0.8614,0.929,0.0064,3.1787,12.4641,32.0,332,0,0,0
1795,59.8333,1,1,,11056.0,1,398.0,52.0,439.0,386.0,418.5274,218.213,0.8569,0.8631,0.9277,0.0061,3.3031,12.4855,32.0,332,0,0,0
1796,59.8666,1,1,,11056.0,1,398.0,52.0,439.0,386.0,418.5308,218.2163,0.8578,0.8637,0.9274,0.0063,3.3775,12.5041,32.0,332,0,0,0
1797,59.9,1,1,,11057.0,1,398.0,52.0,439.0,386.0,418.5268,218.2274,0.858,0.8637,0.9277,0.0068,3.4157,12.5185,32.0,332,0,0,0
1798,59.9333,1,1,,11058.0,1,398.0,52.0,439.0,386.0,418.5283,218.2404,0.8581,0.8637,0.928,0.0074,3.6989,12.5324,32.0,332,0,0,0
1799,59.9666,1,1,,11058.0,1,398.0,52.0,439.0,386.0,418.5283,218.2404,0.8581,0.8637,0.928,0.0078,4.0422,12.5454,32.0,332,0,0,0
1800,60.0,1,1,,10927.0,1,399.0,52.0,439.0,386.0,418.7917,218.6097,0.8794,0.8852,0.9171,0.0091,4.3309,12.5552,31.0,332,1,0,0
1801,60.0333,1,1,,11037.0,1,398.0,52.0,439.0,386.0,418.5461,218.9446,0.8596,0.8651,0.9249,0.0098,4.1581,12.5703,32.0,332,0,0,0
1802,60.0666,1,1,,11029.0,1,398.0,52.0,439.0,386.0,418.525,218.902,0.8613,0.8666,0.9227,0.0091,3.8286,12.5803,32.0,332,0,0,0
1803,60.1,1,1,,11032.0,1,398.0,52.0,439.0,386.0,418.5174,218.8581,0.8625,0.8679,0.9217,0.0084,3.4966,12.586,32.0,332,0,0,0
1804,60.1333,1,1,,11039.0,1,398.0,52.0,439.0,386.0,418.5053,218.8398,0.8634,0.8687,0.9214,0.0079,3.2051,12.587,32.0,332,0,0,0
1805,60.1666,1,1,,11041.0,1,398.0,52.0,439.0,386.0,418.4988,218.8497,0.8638,0.8692,0.921,0.0077,2.9907,12.5856,32.0,332,0,0,0
1806,60.2,1,1,,11045.0,1,398.0,52.0,439.0,386.0,418.4954,218.8827,0.8641,0.8694,0.9211,0.0075,2.9788,12.5835,32.0,332,0,0,0
1807,60.2333,1,1,,11049.0,1,398.0,52.0,439.0,386.0,418.4829,218.8795,0.8642,0.8696,0.9212,0.0074,2.9934,12.5811,32.0,332,0,0,0
1808,60.2666,1,1,,11049.0,1,398.0,52.0,439.0,386.0,418.4829,218.8795,0.8642,0.8696,0.9212,0.0073,3.0076,12.5787,32.0,332,0,0,0
1809,60.3,1,1,,11051.0,1,398.0,52.0,439.0,386.0,418.48,218.8945,0.8642,0.8696,0.9214,0.0073,3.0194,12.5764,32.0,332,0,0,0
1810,60.3333,1,1,,11051.0,1,398.0,52.0,439.0,386.0,418.4809,218.8921,0.8635,0.8689,0.9221,0.0072,3.0475,12.5663,32.0,332,0,0,0
1811,60.3666,1,1,,11053.0,1,398.0,52.0,439.0,386.0,418.4776,218.9022,0.8629,0.8683,0.923,0.0072,3.0711,12.5557,32.0,332,0,0,0
1812,60.4,1,1,,11055.0,1,398.0,52.0,439.0,386.0,418.4743,218.8989,0.8621,0.8674,0.9242,0.0071,3.0931,12.5417,32.0,332,0,0,0
1813,60.4333,1,1,,11055.0,1,398.0,52.0,439.0,386.0,418.4743,218.8989,0.8608,0.8661,0.9256,0.0071,3.1332,12.5227,32.0,332,0,0,0
1814,60.4666,1,1,,11055.0,1,398.0,52.0,439.0,386.0,418.4743,218.8989,0.8595,0.8648,0.927,0.0071,3.1733,12.5036,32.0,332,0,0,0
1815,60.5,1,1,,11056.0,1,398.0,52.0,439.0,386.0,418.4758,218.8906,0.8583,0.8635,0.9283,0.0071,3.1979,12.4858,32.0,332,0,0,0
1816,60.5333,1,1,,11054.0,1,398.0,52.0,439.0,386.0,418.4729,218.8967,0.8573,0.8627,0.9289,0.0073,3.2109,12.4752,32.0,332,0,0,0
1817,60.5666,1,1,,11055.0,1,398.0,52.0,439.0,386.0,418.4773,218.8899,0.8568,0.8623,0.9293,0.0073,3.2184,12.4682,32.0,332,0,0,0
1818,60.6,1,1,,11056.0,1,398.0,52.0,439.0,386.0,418.4758,218.8906,0.8571,0.8626,0.929,0.0073,3.2432,12.4711,32.0,332,0,0,0
1819,60.6333,1,1,,11055.0,1,398.0,52.0,439.0,386.0,418.4744,218.8788,0.8576,0.8631,0.9284,0.0072,3.2585,12.4771,32.0,332,0,0,0
1820,60.6666,1,1,,11057.0,1,398.0,52.0,439.0,386.0,418.4772,218.8919,0.8581,0.8636,0.928,0.0072,3.2691,12.483,32.0,332,0,0,0
1821,60.7,1,1,,11058.0,1,398.0,52.0,439.0,386.0,418.4724,218.8909,0.859,0.8644,0.9273,0.0071,3.2748,12.493,32.0,332,0,0,0
1822,60.7333,1,1,,11058.0,1,398.0,52.0,439.0,386.0,418.4753,218.9012,0.8596,0.8651,0.9266,0.0071,3.2885,12.5015,32.0,332,0,0,0
1823,60.7666,1,1,,11058.0,1,398.0,52.0,439.0,386.0,418.4753,218.9012,0.8601,0.8655,0.9262,0.0071,3.3019,12.5072,32.0,332,0,0,0
1824,60.8,1,1,,11060.0,1,398.0,52.0,439.0,386.0,418.4743,218.9168,0.8603,0.8657,0.9262,0.0071,3.3104,12.5104,32.0,332,0,0,0
1825,60.8333,1,1,,11060.0,1,398.0,52.0,439.0,386.0,418.4743,218.9168,0.8603,0.8658,0.9261,0.0072,3.3163,12.5116,32.0,332,0,0,0
1826,60.8666,1,1,,11060.0,1,398.0,52.0,439.0,386.0,418.4743,218.9168,0.8602,0.8656,0.9263,0.0072,3.3205,12.5099,32.0,332,0,0,0
1827,60.9,1,1,,11060.0,1,398.0,52.0,439.0,386.0,418.4743,218.9168,0.8602,0.8655,0.9264,0.0071,3.3215,12.5083,32.0,332,0,0,0
1828,60.9333,1,1,,11060.0,1,398.0,52.0,439.0,386.0,418.4743,218.9168,0.86,0.8654,0.9267,0.0071,3.3254,12.5056,32.0,332,0,0,0
1829,60.9666,1,1,,11060.0,1,398.0,52.0,439.0,386.0,418.4743,218.9168,0.8598,0.8651,0.927,0.0071,3.3266,12.5022,32.0,332,0,0,0
1830,61.0,1,1,,11060.0,1,398.0,52.0,439.0,386.0,418.4743,218.9168,0.8596,0.8649,0.9272,0.0071,3.3327,12.4994,32.0,332,0,0,0
1831,61.0333,1,1,,11060.0,1,398.0,52.0,439.0,386.0,418.4743,218.9168,0.8594,0.8647,0.9275,0.0071,3.3361,12.4961,32.0,332,0,0,0
1832,61.0666,1,1,,11060.0,1,398.0,52.0,439.0,386.0,418.4743,218.9168,0.8591,0.8644,0.9278,0.0071,3.3427,12.4925,32.0,332,0,0,0
1833,61.1,1,1,,11060.0,1,398.0,52.0,439.0,386.0,418.4743,218.9168,0.8587,0.864,0.9281,0.0072,3.3517,12.4886,32.0,332,0,0,0
1834,61.1333,1,1,,11063.0,1,398.0,52.0,439.0,386.0,418.4787,218.9577,0.8581,0.8635,0.9288,0.0075,3.3871,12.4834,32.0,332,0,0,0
1835,61.1666,1,1,,11061.0,1,398.0,52.0,439.0,386.0,418.4758,218.9302,0.8576,0.863,0.9291,0.0075,3.4191,12.4772,32.0,332,0,0,0
1836,61.2,1,1,,11064.0,1,398.0,52.0,439.0,386.0,418.4713,218.9202,0.8573,0.8627,0.9297,0.0075,3.4493,12.4726,32.0,332,0,0,0
1837,61.2333,1,1,,11068.0,1,398.0,52.0,439.0,386.0,418.4758,218.9633,0.8577,0.8631,0.9297,0.0076,3.4742,12.4786,32.0,332,0,0,0
1838,61.2666,1,1,,11068.0,1,398.0,52.0,439.0,386.0,418.4743,218.9755,0.8579,0.8632,0.9296,0.0077,3.5094,12.4817,32.0,332,0,0,0
1839,61.3,1,1,,11069.0,1,398.0,52.0,439.0,386.0,418.4757,218.9772,0.8579,0.8633,0.9295,0.0079,3.5541,12.4855,32.0,332,0,0,0
1840,61.3333,1,1,,11066.0,1,398.0,52.0,439.0,386.0,418.4742,218.8992,0.8577,0.8633,0.9292,0.0079,3.5817,12.4875,32.0,332,0,0,0
1841,61.3666,1,1,,11070.0,1,398.0,52.0,439.0,386.0,418.4715,218.9543,0.8575,0.8631,0.9296,0.0082,3.5972,12.488,32.0,332,0,0,0
1842,61.4,1,1,,11067.0,1,398.0,52.0,439.0,386.0,418.4725,218.9115,0.8573,0.863,0.9293,0.0083,3.6282,12.4895,32.0,332,0,0,0
1843,61.4333,1,1,,11065.0,1,398.0,52.0,439.0,386.0,418.4725,218.9015,0.8568,0.8626,0.9294,0.0084,3.6603,12.486,32.0,332,0,0,0
1844,61.4666,1,1,,11067.0,1,398.0,52.0,439.0,386.0,418.4729,218.9396,0.8564,0.8622,0.9299,0.0086,3.6856,12.4808,32.0,332,0,0,0
1845,61.5,1,1,,11067.0,1,398.0,52.0,439.0,386.0,418.4729,218.9396,0.8558,0.8616,0.9305,0.0087,3.711,12.4732,32.0,332,0,0,0
1846,61.5333,1,1,,11066.0,1,398.0,52.0,439.0,386.0,418.4724,218.9254,0.8551,0.861,0.931,0.0087,3.7332,12.4649,32.0,332,0,0,0
1847,61.5666,1,1,,11067.0,1,398.0,52.0,439.0,386.0,418.4729,218.9396,0.8547,0.8606,0.9316,0.0088,3.7453,12.4586,32.0,332,0,0,0
1848,61.6,1,1,,11066.0,1,398.0,52.0,439.0,386.0,418.4746,218.9273,0.8543,0.8603,0.9318,0.0087,3.751,12.4539,32.0,332,0,0,0
1849,61.6333,1,1,,11066.0,1,398.0,52.0,439.0,386.0,418.4739,218.9132,0.854,0.8601,0.9317,0.0089,3.7546,12.4531,32.0,332,0,0,0
1850,61.6666,1,1,,11066.0,1,398.0,52.0,439.0,386.0,418.4695,218.9006,0.8538,0.8601,0.9316,0.009,3.756,12.4541,32.0,332,0,0,0
1851,61.7,1,1,,11066.0,1,398.0,52.0,439.0,386.0,418.4695,218.9006,0.8537,0.8601,0.9315,0.0091,3.755,12.4554,32.0,332,0,0,0
1852,61.7333,1,1,,11066.0,1,398.0,52.0,439.0,386.0,418.4695,218.9006,0.8539,0.8601,0.9315,0.009,3.7519,12.4557,32.0,332,0,0,0
1853,61.7666,1,1,,11067.0,1,398.0,52.0,439.0,386.0,418.47,218.9147,0.8543,0.8603,0.9318,0.0088,3.7479,12.455,32.0,332,0,0,0
1854,61.8,1,1,,11066.0,1,398.0,52.0,439.0,386.0,418.4711,218.8998,0.854,0.8598,0.9325,0.0086,3.7445,12.4477,32.0,332,0,0,0
1855,61.8333,1,1,,11066.0,1,398.0,52.0,439.0,386.0,418.4711,218.8998,0.8534,0.8591,0.9335,0.0085,3.7512,12.4386,32.0,332,0,0,0
1856,61.8666,1,1,,11066.0,1,398.0,52.0,439.0,386.0,418.4741,218.8725,0.8527,0.8582,0.9345,0.0085,3.7553,12.4281,32.0,332,0,0,0
1857,61.9,1,1,,11064.0,1,398.0,52.0,439.0,386.0,418.474,218.8999,0.8517,0.8572,0.9355,0.0086,3.7577,12.4167,32.0,332,0,0,0
1858,61.9333,1,1,,11066.0,1,398.0,52.0,439.0,386.0,418.4714,218.9164,0.8502,0.8557,0.9373,0.0088,3.7596,12.399,32.0,332,0,0,0
1859,61.9666,1,1,,11066.0,1,398.0,52.0,439.0,386.0,418.4731,218.9288,0.8487,0.8542,0.9389,0.009,3.7666,12.381,32.0,332,0,0,0
1860,62.0,1,1,,11070.0,1,398.0,52.0,439.0,386.0,418.477,218.9708,0.848,0.8534,0.9401,0.0091,3.7744,12.3724,32.0,332,0,0,0
1861,62.0333,1,1,,11070.0,1,398.0,52.0,439.0,386.0,418.4738,218.9917,0.8479,0.8533,0.9404,0.0091,3.753,12.3691,32.0,332,0,0,0
1862,62.0666,1,1,,11069.0,1,398.0,52.0,439.0,386.0,418.4757,218.9858,0.8484,0.8537,0.9399,0.009,3.7352,12.3747,32.0,332,0,0,0
1863,62.1,1,1,,11069.0,1,398.0,52.0,439.0,386.0,418.4757,218.9858,0.8486,0.854,0.9395,0.0091,3.732,12.3781,32.0,332,0,0,0
1864,62.1333,1,1,,11071.0,1,398.0,52.0,439.0,386.0,418.4757,218.9883,0.8489,0.8544,0.9391,0.0091,3.7221,12.3839,32.0,332,0,0,0
1865,62.1666,1,1,,11069.0,1,398.0,52.0,439.0,386.0,418.4757,218.9893,0.851,0.8566,0.9363,0.0092,3.6962,12.4168,32.0,332,0,0,0
1866,62.2,1,1,,11070.0,1,398.0,52.0,439.0,386.0,418.4771,219.0024,0.8527,0.8585,0.9343,0.0093,3.673,12.4435,32.0,332,0,0,0
1867,62.2333,1,1,,11069.0,1,398.0,52.0,439.0,386.0,418.4757,218.9893,0.8536,0.8594,0.933,0.0094,3.6778,12.4574,32.0,332,0,0,0
1868,62.2666,1,1,,11071.0,1,398.0,52.0,439.0,386.0,418.4755,218.9755,0.8541,0.86,0.9325,0.0094,3.6879,12.4662,32.0,332,0,0,0
1869,62.3,1,1,,11069.0,1,398.0,52.0,439.0,386.0,418.4757,218.9893,0.8545,0.8605,0.9317,0.0096,3.7147,12.4743,32.0,332,0,0,0
1870,62.3333,1,1,,11070.0,1,398.0,52.0,439.0,386.0,418.4756,218.9616,0.8546,0.8606,0.9316,0.0096,3.7389,12.4783,32.0,332,0,0,0
1871,62.3666,1,1,,11071.0,1,398.0,52.0,439.0,386.0,418.4743,218.9475,0.855,0.8611,0.9311,0.0097,3.7623,12.4871,32.0,332,0,0,0
1872,62.4,1,1,,11068.0,1,398.0,52.0,439.0,386.0,418.4767,218.9175,0.8553,0.8614,0.9306,0.0097,3.7729,12.4931,32.0,332,0,0,0
1873,62.4333,1,1,,11068.0,1,398.0,52.0,439.0,386.0,418.4767,218.9175,0.8564,0.8623,0.93,0.0095,3.7703,12.5037,32.0,332,0,0,0
1874,62.4666,1,1,,11068.0,1,398.0,52.0,439.0,386.0,418.4767,218.9175,0.8579,0.8635,0.9289,0.0094,3.7717,12.5215,32.0,332,0,0,0
1875,62.5,1,1,,11069.0,1,398.0,52.0,439.0,386.0,418.4769,218.9314,0.859,0.8645,0.9282,0.0093,3.7669,12.5347,32.0,332,0,0,0
1876,62.5333,1,1,,11071.0,1,398.0,52.0,439.0,386.0,418.478,218.9435,0.8597,0.8651,0.9278,0.0093,3.7589,12.544,32.0,332,0,0,0
1877,62.5666,1,1,,11070.0,1,398.0,52.0,439.0,386.0,418.4795,218.9424,0.8602,0.8655,0.9274,0.0092,3.7503,12.5499,32.0,332,0,0,0
1878,62.6,1,1,,11071.0,1,398.0,52.0,439.0,386.0,418.481,218.9553,0.8602,0.8655,0.9276,0.0093,3.7607,12.5499,32.0,332,0,0,0
1879,62.6333,1,1,,11072.0,1,398.0,52.0,439.0,386.0,418.4799,218.9702,0.8599,0.8652,0.9279,0.0093,3.7763,12.5462,32.0,332,0,0,0
1880,62.6666,1,1,,11071.0,1,398.0,52.0,439.0,386.0,418.481,218.9553,0.8598,0.8651,0.9279,0.0093,3.7889,12.5445,32.0,332,0,0,0
1881,62.7,1,1,,11072.0,1,398.0,52.0,439.0,386.0,418.48,218.9733,0.8597,0.865,0.9281,0.0094,3.7969,12.5425,32.0,332,0,0,0
1882,62.7333,1,1,,11073.0,1,398.0,52.0,439.0,386.0,418.4787,218.9591,0.859,0.8643,0.9289,0.0093,3.8354,12.531,32.0,332,0,0,0
1883,62.7666,1,1,,11071.0,1,398.0,52.0,439.0,386.0,418.4817,218.9383,0.8586,0.8639,0.9291,0.0092,3.8641,12.5238,32.0,332,0,0,0
1884,62.8,1,1,,11074.0,1,398.0,52.0,439.0,386.0,418.4772,218.9508,0.8584,0.8637,0.9296,0.0092,3.8822,12.5179,32.0,332,0,0,0
1885,62.8333,1,1,,11072.0,1,398.0,52.0,439.0,386.0,418.4743,218.9233,0.859,0.8643,0.9288,0.009,3.9112,12.5238,32.0,332,0,0,0
1886,62.8666,1,1,,11072.0,1,398.0,52.0,439.0,386.0,418.4735,218.9143,0.8591,0.8643,0.9289,0.009,3.9474,12.5231,32.0,332,0,0,0
1887,62.9,1,1,,11072.0,1,398.0,52.0,439.0,386.0,418.4735,218.9143,0.859,0.8642,0.9292,0.009,4.0017,12.5203,32.0,332,0,0,0
1888,62.9333,1,1,,11074.0,1,398.0,52.0,439.0,386.0,418.4742,218.8859,0.8591,0.8642,0.9294,0.0089,4.0361,12.5216,32.0,332,0,0,0
1889,62.9666,1,1,,11074.0,1,398.0,52.0,439.0,386.0,418.4742,218.8859,0.8598,0.8648,0.9288,0.009,4.0285,12.532,32.0,332,0,0,0
1890,63.0,1,1,,11073.0,1,398.0,52.0,439.0,386.0,418.4756,218.8877,0.861,0.8659,0.9276,0.009,3.9926,12.5508,32.0,332,0,0,0
1891,63.0333,1,1,,11074.0,1,398.0,52.0,439.0,386.0,418.4742,218.8859,0.8619,0.8669,0.9267,0.0091,3.9576,12.5681,32.0,332,0,0,0
1892,63.0666,1,1,,11074.0,1,398.0,52.0,439.0,386.0,418.4742,218.8859,0.8625,0.8675,0.926,0.0092,3.9338,12.5801,32.0,332,0,0,0
1893,63.1,1,1,,11073.0,1,398.0,52.0,439.0,386.0,418.4756,218.8877,0.8622,0.8672,0.9263,0.0093,3.9286,12.5784,32.0,332,0,0,0
1894,63.1333,1,1,,11073.0,1,398.0,52.0,439.0,386.0,418.4756,218.8877,0.8616,0.8666,0.9269,0.0094,3.9345,12.5725,32.0,332,0,0,0
1895,63.1666,1,1,,11073.0,1,398.0,52.0,439.0,386.0,418.4756,218.8877,0.8605,0.8655,0.928,0.0095,3.9647,12.5577,32.0,332,0,0,0
1896,63.2,1,1,,11072.0,1,398.0,52.0,439.0,386.0,418.4742,218.8859,0.8595,0.8645,0.9289,0.0095,3.9879,12.5441,32.0,332,0,0,0
1897,63.2333,1,1,,11072.0,1,398.0,52.0,439.0,386.0,418.474,218.8751,0.8585,0.8635,0.93,0.0095,4.0124,12.5285,32.0,332,0,0,0
1898,63.2666,1,1,,11073.0,1,398.0,52.0,439.0,386.0,418.4756,218.8877,0.8573,0.8624,0.9314,0.0094,4.0313,12.5106,32.0,332,0,0,0
1899,63.3,1,1,,11071.0,1,398.0,52.0,439.0,386.0,418.4726,218.8734,0.8565,0.8615,0.9322,0.0093,4.0503,12.4957,32.0,332,0,0,0
1900,63.3333,1,1,,11072.0,1,398.0,52.0,439.0,386.0,418.4742,218.8859,0.8559,0.8608,0.9329,0.0093,4.0646,12.4847,32.0,332,0,0,0
1901,63.3666,1,1,,11070.0,1,398.0,52.0,439.0,386.0,418.4711,218.8817,0.8553,0.8603,0.9333,0.0092,4.073,12.4748,32.0,332,0,0,0
1902,63.4,1,1,,11067.0,1,398.0,52.0,438.0,386.0,418.4663,218.8673,0.8762,0.8815,0.9333,0.0092,4.0902,12.4693,32.0,332,0,0,0
1903,63.4333,1,1,,11068.0,1,398.0,52.0,438.0,386.0,418.4677,218.8685,0.876,0.8814,0.9335,0.0092,4.1014,12.4661,32.0,332,0,0,0
1904,63.4666,1,1,,11068.0,1,398.0,52.0,438.0,386.0,418.4677,218.8685,0.8758,0.8813,0.9334,0.0092,4.1127,12.4647,32.0,332,0,0,0
1905,63.5,1,1,,11069.0,1,398.0,52.0,438.0,386.0,418.469,218.8631,0.8757,0.8813,0.9334,0.0093,4.1183,12.4646,32.0,332,0,0,0
1906,63.5333,1,1,,11070.0,1,398.0,52.0,438.0,386.0,418.4678,218.878,0.876,0.8816,0.9331,0.0093,4.0969,12.4689,32.0,332,0,0,0
1907,63.5666,1,1,,11069.0,1,398.0,52.0,438.0,386.0,418.4664,218.8768,0.8759,0.8815,0.9332,0.0093,4.0607,12.4684,32.0,332,0,0,0
1908,63.6,1,1,,11071.0,1,398.0,52.0,438.0,386.0,418.4692,218.8661,0.876,0.8815,0.9334,0.0092,4.0283,12.4707,32.0,332,0,0,0
1909,63.6333,1,1,,11069.0,1,398.0,52.0,438.0,386.0,418.4721,218.8793,0.8761,0.8816,0.9332,0.0094,4.0001,12.4752,32.0,332,0,0,0
1910,63.6666,1,1,,11069.0,1,398.0,52.0,438.0,386.0,418.4721,218.8793,0.8762,0.8817,0.9331,0.0095,3.9795,12.4803,32.0,332,0,0,0
1911,63.7,1,1,,11068.0,1,398.0,52.0,438.0,386.0,418.4765,218.8788,0.8762,0.8816,0.9331,0.0096,3.9725,12.4832,32.0,332,0,0,0
1912,63.7333,1,1,,11069.0,1,398.0,52.0,438.0,386.0,418.4728,218.8924,0.8761,0.8816,0.9332,0.0098,3.9706,12.4855,32.0,332,0,0,0
1913,63.7666,1,1,,11075.0,1,398.0,52.0,438.0,386.0,418.4755,218.948,0.876,0.8814,0.9339,0.01,3.99,12.4849,32.0,332,0,0,0
1914,63.8,1,1,,11074.0,1,398.0,52.0,438.0,386.0,418.477,218.9465,0.8758,0.8813,0.934,0.01,4.0086,12.4831,32.0,332,0,0,0
1915,63.8333,1,1,,11076.0,1,398.0,52.0,439.0,386.0,418.4772,218.9564,0.8545,0.8597,0.9342,0.0101,4.0212,12.4815,32.0,332,0,0,0
1916,63.8666,1,1,,11075.0,1,398.0,52.0,439.0,386.0,418.4788,218.968,0.8544,0.8596,0.9342,0.0101,4.0286,12.4802,32.0,332,0,0,0
1917,63.9,1,1,,11077.0,1,398.0,52.0,439.0,386.0,418.4819,218.9896,0.8537,0.8589,0.9351,0.0101,4.0652,12.4688,32.0,332,0,0,0
1918,63.9333,1,1,,11077.0,1,398.0,52.0,439.0,386.0,418.4819,218.9896,0.8532,0.8584,0.9356,0.0102,4.0974,12.4619,32.0,332,0,0,0
1919,63.9666,1,1,,11077.0,1,398.0,52.0,439.0,386.0,418.4819,218.9896,0.8527,0.8579,0.9362,0.0102,4.1302,12.4533,32.0,332,0,0,0
1920,64.0,1,1,,11075.0,1,398.0,52.0,439.0,386.0,418.4848,218.9634,0.852,0.8572,0.9368,0.0101,4.1629,12.4433,32.0,332,0,0,0
1921,64.0333,1,1,,11077.0,1,398.0,52.0,438.0,386.0,418.4793,218.9825,0.8723,0.8778,0.9377,0.0104,4.2323,12.4336,32.0,332,0,0,0
1922,64.0666,1,1,,11078.0,1,398.0,52.0,438.0,386.0,418.478,218.9681,0.8699,0.8755,0.9402,0.0106,4.3604,12.4035,32.0,332,0,0,0
1923,64.1,1,1,,11076.0,1,398.0,52.0,438.0,386.0,418.4782,218.9491,0.868,0.8736,0.942,0.0108,4.4443,12.3801,32.0,332,0,0,0
1924,64.1333,1,1,,11074.0,1,398.0,52.0,438.0,386.0,418.48,218.9229,0.8666,0.8722,0.9433,0.0108,4.4935,12.3627,32.0,332,0,0,0
1925,64.1666,1,1,,11077.0,1,398.0,52.0,438.0,386.0,418.4764,218.9556,0.8657,0.8713,0.9445,0.0109,4.5171,12.3495,32.0,332,0,0,0
1926,64.2,1,1,,11079.0,1,398.0,52.0,438.0,386.0,418.4759,218.9838,0.865,0.8706,0.9454,0.011,4.5298,12.3395,32.0,332,0,0,0
1927,64.2333,1,1,,11078.0,1,398.0,52.0,438.0,386.0,418.4778,218.9773,0.8644,0.87,0.946,0.0109,4.5453,12.33,32.0,332,0,0,0
1928,64.2666,1,1,,11080.0,1,398.0,52.0,438.0,386.0,418.4762,218.9769,0.8638,0.8694,0.9468,0.0109,4.5605,12.3217,32.0,332,0,0,0
1929,64.3,1,1,,11078.0,1,398.0,52.0,439.0,386.0,418.4817,218.965,0.8421,0.8475,0.9475,0.0109,4.5888,12.311,32.0,332,0,0,0
1930,64.3333,1,1,,11079.0,1,398.0,52.0,439.0,386.0,418.4833,218.9775,0.8411,0.8464,0.9489,0.011,4.6003,12.2971,32.0,332,0,0,0
1931,64.3666,1,1,,11078.0,1,398.0,52.0,439.0,386.0,418.4853,218.962,0.8406,0.8458,0.9494,0.011,4.5899,12.292,32.0,332,0,0,0
1932,64.4,1,1,,11080.0,1,398.0,52.0,439.0,386.0,418.4836,218.9686,0.8403,0.8455,0.95,0.0111,4.577,12.2906,32.0,332,0,0,0
1933,64.4333,1,1,,11080.0,1,398.0,52.0,439.0,386.0,418.4833,218.9656,0.8403,0.8455,0.95,0.0111,4.5633,12.2921,32.0,332,0,0,0
1934,64.4666,1,1,,11078.0,1,398.0,52.0,439.0,386.0,418.4838,218.9578,0.8405,0.8458,0.9495,0.0112,4.5513,12.2979,32.0,332,0,0,0
1935,64.5,1,1,,11078.0,1,398.0,52.0,439.0,386.0,418.4838,218.9578,0.8408,0.846,0.9492,0.0112,4.5467,12.3024,32.0,332,0,0,0
1936,64.5333,1,1,,11081.0,1,398.0,52.0,439.0,386.0,418.482,218.9511,0.8411,0.8464,0.949,0.0112,4.539,12.3077,32.0,332,0,0,0
1937,64.5666,1,1,,11081.0,1,398.0,52.0,439.0,386.0,418.4792,218.9671,0.8414,0.8468,0.9485,0.0114,4.5204,12.3157,32.0,332,0,0,0
1938,64.6,1,1,,11078.0,1,398.0,52.0,439.0,386.0,418.4804,218.968,0.8414,0.8469,0.9479,0.0116,4.5635,12.3211,32.0,332,0,0,0
1939,64.6333,1,1,,11074.0,1,398.0,52.0,439.0,386.0,418.4843,219.0123,0.8409,0.8464,0.948,0.0119,4.6635,12.3185,32.0,332,0,0,0
1940,64.6666,1,1,,11074.0,1,398.0,52.0,439.0,386.0,418.4838,218.9835,0.8403,0.8459,0.9486,0.0119,4.7256,12.3126,32.0,332,0,0,0
1941,64.7,1,1,,11072.0,1,398.0,52.0,439.0,386.0,418.4862,218.9828,0.8392,0.8448,0.9497,0.0119,4.7605,12.2975,32.0,332,0,0,0
1942,64.7333,1,1,,11072.0,1,398.0,52.0,439.0,386.0,418.4862,218.9828,0.837,0.8425,0.9522,0.0119,4.7802,12.2657,32.0,332,0,0,0
1943,64.7666,1,1,,11075.0,1,398.0,52.0,439.0,386.0,418.485,218.9791,0.8351,0.8407,0.9544,0.012,4.7996,12.2395,32.0,332,0,0,0
1944,64.8,1,1,,11071.0,1,398.0,52.0,439.0,386.0,418.4886,218.9774,0.8334,0.839,0.956,0.012,4.7914,12.215,32.0,332,0,0,0
1945,64.8333,1,1,,11071.0,1,398.0,52.0,439.0,386.0,418.4886,218.9774,0.8324,0.8379,0.9572,0.0118,4.7299,12.197,32.0,332,0,0,0
1946,64.8666,1,1,,11072.0,1,398.0,52.0,439.0,386.0,418.4888,218.9913,0.8317,0.8373,0.9581,0.0117,4.6546,12.1845,32.0,332,0,0,0
1947,64.9,1,1,,11072.0,1,398.0,52.0,439.0,386.0,418.4888,218.9913,0.8314,0.8369,0.9585,0.0116,4.6071,12.1776,32.0,332,0,0,0
1948,64.9333,1,1,,11073.0,1,398.0,52.0,439.0,386.0,418.4887,219.0052,0.8312,0.8367,0.9589,0.0117,4.605,12.1741,32.0,332,0,0,0
1949,64.9666,1,1,,11073.0,1,398.0,52.0,439.0,386.0,418.4887,219.0052,0.8309,0.8364,0.9591,0.0118,4.6402,12.1719,32.0,332,0,0,0
1950,65.0,1,1,,11006.0,1,398.0,52.0,438.0,386.0,418.4631,218.9476,0.8514,0.8572,0.9534,0.0117,4.6836,12.1716,31.0,332,0,0,0
1951,65.0333,1,1,,11016.0,1,398.0,52.0,438.0,386.0,418.4486,218.9829,0.8426,0.8485,0.9638,0.0123,4.933,12.0575,31.0,332,0,0,0
1952,65.0666,1,1,,11016.0,1,398.0,52.0,438.0,386.0,418.4486,218.9829,0.8355,0.8414,0.9717,0.0127,5.1828,11.9655,31.0,332,0,0,0
1953,65.1,1,1,,11015.0,1,398.0,52.0,438.0,386.0,418.4442,218.9757,0.83,0.8359,0.9779,0.013,5.3994,11.8954,31.0,332,0,0,0
1954,65.1333,1,1,,11018.0,1,398.0,52.0,438.0,386.0,418.4431,218.9805,0.826,0.8319,0.9829,0.0133,5.5702,11.8446,31.0,332,0,0,0
1955,65.1666,1,1,,11019.0,1,398.0,52.0,438.0,386.0,418.4402,218.988,0.8233,0.8292,0.9862,0.0135,5.6956,11.81,31.0,332,0,0,0
1956,65.2,1,1,,11019.0,1,398.0,52.0,438.0,386.0,418.4402,218.988,0.8216,0.8275,0.9882,0.0136,5.7702,11.7885,31.0,332,0,0,0
1957,65.2333,1,1,,11020.0,1,398.0,52.0,438.0,386.0,418.4417,219.0002,0.8208,0.8266,0.9894,0.0137,5.8029,11.7773,31.0,332,0,0,0
1958,65.2666,1,1,,11019.0,1,398.0,52.0,438.0,386.0,418.4463,218.9905,0.8205,0.8263,0.9897,0.0136,5.8061,11.7726,31.0,332,0,0,0
1959,65.3,1,1,,11018.0,1,398.0,52.0,438.0,386.0,418.4479,218.9792,0.8206,0.8264,0.9895,0.0136,5.791,11.7734,31.0,332,0,0,0
1960,65.3333,1,1,,11018.0,1,398.0,52.0,438.0,386.0,418.4482,218.9778,0.8209,0.8266,0.9893,0.0135,5.7535,11.7755,31.0,332,0,0,0
1961,65.3666,1,1,,11017.0,1,398.0,52.0,438.0,386.0,418.4466,218.9651,0.8212,0.827,0.9888,0.0134,5.7152,11.7792,31.0,332,0,0,0
1962,65.4,1,1,,11017.0,1,398.0,52.0,438.0,386.0,418.4466,218.9651,0.8217,0.8274,0.9883,0.0133,5.6799,11.7845,31.0,332,0,0,0
1963,65.4333,1,1,,11016.0,1,398.0,52.0,438.0,386.0,418.4482,218.9537,0.8224,0.8281,0.9874,0.0132,5.6509,11.7929,31.0,332,0,0,0
1964,65.4666,1,1,,11015.0,1,398.0,52.0,438.0,386.0,418.4496,218.9401,0.8231,0.8288,0.9865,0.0131,5.629,11.8021,31.0,332,0,0,0
1965,65.5,1,1,,11017.0,1,398.0,52.0,438.0,386.0,418.4526,218.966,0.8237,0.8295,0.9858,0.0132,5.6224,11.8115,31.0,332,0,0,0
1966,65.5333,1,1,,11016.0,1,398.0,52.0,438.0,386.0,418.4537,218.9506,0.8247,0.8304,0.9846,0.0132,5.6228,11.8252,31.0,332,0,0,0
1967,65.5666,1,1,,11018.0,1,398.0,52.0,438.0,386.0,418.4502,218.9497,0.8261,0.8319,0.983,0.0132,5.6255,11.8467,31.0,332,0,0,0
1968,65.6,1,1,,11017.0,1,398.0,52.0,438.0,386.0,418.4518,218.9377,0.8275,0.8333,0.9813,0.0132,5.6304,11.866,31.0,332,0,0,0
1969,65.6333,1,1,,11017.0,1,398.0,52.0,438.0,386.0,418.4485,218.9454,0.8285,0.8343,0.9801,0.0132,5.6338,11.8807,31.0,332,0,0,0
1970,65.6666,1,1,,11017.0,1,398.0,52.0,438.0,386.0,418.4547,218.9647,0.8292,0.835,0.9793,0.0132,5.6381,11.8914,31.0,332,0,0,0
1971,65.7,1,1,,11014.0,1,398.0,52.0,438.0,386.0,418.4444,218.9364,0.83,0.8358,0.9782,0.0132,5.639,11.9021,31.0,332,0,0,0
1972,65.7333,1,1,,11015.0,1,398.0,52.0,438.0,386.0,418.4439,218.9271,0.8303,0.8361,0.978,0.0131,5.6313,11.906,31.0,332,0,0,0
1973,65.7666,1,1,,11017.0,1,398.0,52.0,438.0,386.0,418.4418,218.9523,0.8305,0.8363,0.978,0.0132,5.6099,11.9077,31.0,332,0,0,0
1974,65.8,1,1,,11024.0,1,398.0,52.0,438.0,386.0,418.4359,219.0392,0.8301,0.8359,0.9791,0.0134,5.5797,11.9009,31.5,332,0,0,0
1975,65.8333,1,1,,11019.0,1,398.0,52.0,438.0,386.0,418.4416,219.019,0.8298,0.8355,0.979,0.0133,5.5367,11.8945,31.0,332,0,0,0
1976,65.8666,1,1,,11019.0,1,398.0,52.0,438.0,386.0,418.4433,219.0093,0.8295,0.8353,0.9793,0.0132,5.4672,11.8888,31.0,332,0,0,0
1977,65.9,1,1,,11017.0,1,398.0,52.0,438.0,386.0,418.44,218.972,0.8295,0.8352,0.9791,0.013,5.3801,11.8849,31.0,332,0,0,0
1978,65.9333,1,1,,11020.0,1,398.0,52.0,438.0,386.0,418.4366,219.0282,0.8298,0.8356,0.979,0.013,5.2883,11.8864,31.0,332,0,0,0
1979,65.9666,1,1,,11018.0,1,398.0,52.0,438.0,386.0,418.439,218.9982,0.8302,0.836,0.9784,0.0128,5.1982,11.8887,31.0,332,0,0,0
1980,66.0,1,1,,11017.0,1,398.0,52.0,438.0,386.0,418.4374,218.9855,0.8307,0.8365,0.9777,0.0126,5.1213,11.8928,31.0,332,0,0,0
1981,66.0333,1,1,,11017.0,1,398.0,52.0,438.0,386.0,418.4374,218.9855,0.8312,0.8369,0.9772,0.0125,5.0635,11.8972,31.0,332,0,0,0
1982,66.0666,1,1,,11017.0,1,398.0,52.0,438.0,386.0,418.4406,218.9389,0.8317,0.8374,0.9766,0.0123,5.0222,11.9029,31.5,332,0,0,0
1983,66.1,1,1,,11020.0,1,398.0,52.0,438.0,386.0,418.4576,218.9387,0.8322,0.838,0.9763,0.0122,4.9926,11.9095,31.0,332,0,0,0
1984,66.1333,1,1,,11026.0,1,398.0,52.0,438.0,386.0,418.4612,219.0203,0.8325,0.8383,0.9763,0.0125,4.9921,11.9145,31.0,332,0,0,0
1985,66.1666,1,1,,11023.0,1,398.0,52.0,438.0,386.0,418.4561,218.9795,0.8319,0.8378,0.9765,0.0124,4.9878,11.9076,31.5,332,0,0,0
1986,66.2,1,1,,11022.0,1,398.0,52.0,438.0,386.0,418.4547,218.9809,0.8315,0.8374,0.9769,0.0124,4.969,11.9004,31.0,332,0,0,0
1987,66.2333,1,1,,11024.0,1,398.0,52.0,438.0,386.0,418.4552,219.0093,0.8307,0.8367,0.9779,0.0124,4.927,11.8887,31.0,332,0,0,0
1988,66.2666,1,1,,11024.0,1,398.0,52.0,438.0,386.0,418.4573,219.0122,0.8298,0.8358,0.9789,0.0124,4.9182,11.8747,31.0,332,0,0,0
1989,66.3,1,1,,11025.0,1,398.0,52.0,438.0,386.0,418.4565,219.0235,0.8287,0.8348,0.98,0.0124,4.9539,11.8591,31.0,332,0,0,0
1990,66.3333,1,1,,11025.0,1,398.0,52.0,438.0,386.0,418.4559,219.0108,0.8279,0.834,0.9808,0.0124,4.981,11.846,31.0,332,0,0,0
1991,66.3666,1,1,,11028.0,1,398.0,52.0,438.0,386.0,418.4518,218.9793,0.8275,0.8337,0.9814,0.0122,5.0018,11.8376,31.5,332,0,0,0
1992,66.4,1,1,,11026.0,1,398.0,52.0,438.0,386.0,418.453,218.9528,0.8274,0.8336,0.9814,0.012,5.0113,11.8331,31.5,332,0,0,0
1993,66.4333,1,1,,11029.0,1,398.0,52.0,438.0,386.0,418.4505,218.9763,0.8274,0.8335,0.9817,0.0119,5.0214,11.8305,31.5,332,0,0,0
1994,66.4666,1,1,,11029.0,1,398.0,52.0,438.0,386.0,418.4504,219.0003,0.8276,0.8337,0.9816,0.0119,5.0275,11.8306,32.0,332,0,0,0
1995,66.5,1,1,,11030.0,1,398.0,52.0,438.0,386.0,418.4552,219.0132,0.8279,0.834,0.9814,0.0119,5.0624,11.8339,32.0,332,0,0,0
1996,66.5333,1,1,,11030.0,1,398.0,52.0,438.0,386.0,418.453,219.0114,0.8286,0.8346,0.9807,0.0119,5.0864,11.8418,32.0,332,0,0,0
1997,66.5666,1,1,,11030.0,1,398.0,52.0,438.0,386.0,418.456,219.0132,0.8295,0.8354,0.9798,0.0119,5.1016,11.8544,32.0,332,0,0,0
1998,66.6,1,1,,11030.0,1,398.0,52.0,438.0,386.0,418.4558,219.0229,0.8302,0.8361,0.9791,0.012,5.1045,11.8646,31.0,332,0,0,0
1999,66.6333,1,1,,11023.0,1,398.0,52.0,438.0,386.0,418.4574,218.9597,0.8306,0.8364,0.9782,0.0118,5.097,11.8693,31.0,332,0,0,0
2000,66.6666,1,1,,10758.0,1,399.0,52.0,439.0,387.0,418.909,218.6407,0.8282,0.8339,0.9548,0.0104,5.5121,11.8702,31.0,333,1,0,0
2001,66.7,1,1,,10900.0,1,399.0,52.0,439.0,386.0,418.7308,218.8494,0.8306,0.8364,0.9674,0.0112,4.5445,11.8705,31.0,332,0,0,0
2002,66.7333,1,1,,10896.0,1,399.0,52.0,439.0,386.0,418.7435,218.9151,0.8306,0.8363,0.9672,0.0113,4.5541,11.8704,31.0,332,0,0,0
2003,66.7666,1,1,,10905.0,1,398.0,52.0,439.0,386.0,418.7377,218.9484,0.8105,0.816,0.9679,0.0114,5.0498,11.8711,31.0,332,0,0,0
2004,66.8,1,1,,10911.0,1,398.0,52.0,439.0,386.0,418.7245,218.9029,0.8107,0.8161,0.9683,0.0112,5.0406,11.8725,31.0,332,0,0,0
2005,66.8333,1,1,,10922.0,1,398.0,52.0,439.0,386.0,418.7135,218.9116,0.8108,0.8163,0.9692,0.0112,5.0355,11.8735,31.0,332,0,0,0
2006,66.8666,1,1,,10934.0,1,398.0,52.0,439.0,386.0,418.6873,218.9186,0.8109,0.8164,0.9701,0.0112,5.0334,11.874,31.0,332,0,0,0
2007,66.9,1,1,,10937.0,1,398.0,52.0,438.0,386.0,418.6633,218.9109,0.8313,0.837,0.97,0.0113,5.0308,11.8777,31.0,332,0,0,0
2008,66.9333,1,1,,10940.0,1,398.0,52.0,438.0,386.0,418.663,218.8692,0.8317,0.8375,0.9696,0.0112,5.0278,11.8851,31.0,332,0,0,0
2009,66.9666,1,1,,10949.0,1,398.0,52.0,438.0,386.0,418.6584,218.8953,0.8324,0.8382,0.9695,0.0113,5.0037,11.8965,31.0,332,0,0,0
2010,67.0,1,1,,10953.0,1,398.0,52.0,438.0,386.0,418.6459,218.8826,0.8333,0.8391,0.969,0.0113,4.9679,11.9088,31.0,332,0,0,0
2011,67.0333,1,1,,10954.0,1,398.0,52.0,438.0,386.0,418.6336,218.9005,0.8334,0.8392,0.969,0.0113,4.9364,11.91,31.0,332,0,0,0
2012,67.0666,1,1,,10961.0,1,398.0,52.0,438.0,386.0,418.6379,218.9128,0.833,0.8387,0.9703,0.0112,4.9278,11.9033,31.0,332,0,0,0
2013,67.1,1,1,,10969.0,1,398.0,52.0,438.0,386.0,418.6354,218.918,0.8326,0.8382,0.9716,0.0112,4.9254,11.8949,31.0,332,0,0,0
2014,67.1333,1,1,,10970.0,1,398.0,52.0,438.0,386.0,418.6278,218.8607,0.8322,0.8378,0.9722,0.0109,4.929,11.8877,31.0,332,0,0,0
2015,67.1666,1,1,,10975.0,1,398.0,52.0,438.0,386.0,418.6211,218.8118,0.8322,0.8377,0.9728,0.0106,4.9409,11.8819,31.0,332,0,0,0
2016,67.2,1,1,,10977.0,1,398.0,52.0,438.0,386.0,418.6211,218.8153,0.8324,0.8379,0.9729,0.0104,4.9537,11.8796,31.0,332,0,0,0
2017,67.2333,1,1,,10980.0,1,398.0,52.0,438.0,386.0,418.624,218.8196,0.8325,0.838,0.973,0.0102,4.9574,11.8769,31.0,332,0,0,0
2018,67.2666,1,1,,10982.0,1,398.0,52.0,438.0,386.0,418.6241,218.8264,0.8329,0.8384,0.9727,0.0101,4.9535,11.8796,31.0,332,0,0,0
2019,67.3,1,1,,10981.0,1,398.0,52.0,438.0,386.0,418.6182,218.8221,0.8331,0.8387,0.9724,0.01,4.9492,11.8809,31.0,332,0,0,0
2020,67.3333,1,1,,10979.0,1,398.0,52.0,438.0,386.0,418.6152,218.7961,0.8333,0.8388,0.972,0.0099,4.9459,11.8821,31.0,332,0,0,0
2021,67.3666,1,1,,10977.0,1,398.0,52.0,438.0,386.0,418.6122,218.7725,0.8334,0.8389,0.9717,0.0099,4.9436,11.8832,31.0,332,0,0,0
2022,67.4,1,1,,10975.0,1,398.0,52.0,438.0,386.0,418.6095,218.6936,0.8334,0.839,0.9714,0.0096,4.942,11.8841,31.0,332,0,0,0
2023,67.4333,1,1,,10978.0,1,398.0,52.0,438.0,386.0,418.6082,218.6883,0.8334,0.8389,0.9717,0.0097,4.9451,11.8837,31.0,332,0,0,0
2024,67.4666,1,1,,10980.0,1,398.0,52.0,438.0,386.0,418.6094,218.7166,0.8329,0.8386,0.9723,0.0098,4.955,11.8799,31.0,332,0,0,0
2025,67.5,1,1,,10979.0,1,398.0,52.0,438.0,386.0,418.6061,218.7165,0.8325,0.8381,0.9726,0.0099,4.9665,11.8756,31.0,332,0,0,0
2026,67.5333,1,1,,10981.0,1,398.0,52.0,438.0,386.0,418.6059,218.7296,0.8319,0.8376,0.9734,0.0101,4.9777,11.87,31.0,332,0,0,0
2027,67.5666,1,1,,10983.0,1,398.0,52.0,438.0,386.0,418.6046,218.7588,0.8312,0.8369,0.9744,0.0103,4.9939,11.8634,31.0,332,0,0,0
2028,67.6,1,1,,10986.0,1,398.0,52.0,438.0,386.0,418.6033,218.8019,0.8303,0.836,0.9757,0.0106,5.0219,11.8538,31.0,332,0,0,0
2029,67.6333,1,1,,10987.0,1,398.0,52.0,438.0,386.0,418.6024,218.8167,0.8292,0.8349,0.977,0.0108,5.0527,11.8418,31.0,332,0,0,0
2030,67.6666,1,1,,10987.0,1,398.0,52.0,438.0,386.0,418.6012,218.8294,0.8282,0.8339,0.9782,0.0109,5.0817,11.8305,31.0,332,0,0,0
2031,67.7,1,1,,10987.0,1,398.0,52.0,438.0,386.0,418.6079,218.8747,0.8275,0.8331,0.9792,0.0111,5.1002,11.8222,31.0,332,0,0,0
2032,67.7333,1,1,,10987.0,1,398.0,52.0,438.0,386.0,418.6062,218.8971,0.8272,0.8327,0.9796,0.0111,5.0748,11.8164,31.0,332,0,0,0
2033,67.7666,1,1,,10986.0,1,398.0,52.0,438.0,386.0,418.6102,218.9448,0.8268,0.8323,0.9801,0.0111,5.0525,11.8082,31.0,332,0,0,0
2034,67.8,1,1,,10982.0,1,398.0,52.0,438.0,386.0,418.6112,218.8905,0.8264,0.832,0.9801,0.0108,5.0374,11.8001,31.0,332,0,0,0
2035,67.8333,1,1,,10994.0,1,398.0,52.0,439.0,386.0,418.6237,218.979,0.8064,0.8118,0.9808,0.011,5.0043,11.8004,31.0,332,0,0,0
2036,67.8666,1,1,,10993.0,1,398.0,52.0,439.0,386.0,418.6249,218.9712,0.8062,0.8118,0.9805,0.0109,4.9695,11.7959,31.0,332,0,0,0
2037,67.9,1,1,,10995.0,1,398.0,52.0,439.0,386.0,418.6281,218.9871,0.8063,0.812,0.9801,0.0109,4.9381,11.7964,31.0,332,0,0,0
2038,67.9333,1,1,,10987.0,1,398.0,52.0,438.0,386.0,418.6176,218.9057,0.8264,0.8326,0.9788,0.0107,4.9215,11.7976,31.0,332,0,0,0
2039,67.9666,1,1,,10991.0,1,398.0,52.0,438.0,386.0,418.6271,218.9435,0.8264,0.8329,0.9785,0.0109,4.9148,11.7992,31.0,332,0,0,0
2040,68.0,1,1,,10987.0,1,398.0,52.0,439.0,386.0,418.6333,218.9773,0.8067,0.813,0.9774,0.0109,4.8899,11.8032,31.0,332,0,0,0
2041,68.0333,1,1,,10986.0,1,398.0,52.0,438.0,386.0,418.6329,218.9904,0.8271,0.8338,0.9767,0.0109,4.8753,11.8067,31.0,332,0,0,0
2042,68.0666,1,1,,10986.0,1,398.0,52.0,438.0,386.0,418.6222,218.8905,0.8274,0.8341,0.9763,0.0105,4.8669,11.8085,31.0,332,0,0,0
2043,68.1,1,1,,10984.0,1,398.0,52.0,438.0,386.0,418.6232,218.8966,0.827,0.8338,0.9765,0.0106,4.8642,11.8042,31.0,332,0,0,0
2044,68.1333,1,1,,10981.0,1,398.0,52.0,438.0,386.0,418.6202,218.8919,0.8266,0.8334,0.9766,0.0107,4.8653,11.8008,31.0,332,0,0,0
2045,68.1666,1,1,,10984.0,1,398.0,52.0,438.0,386.0,418.6189,218.8291,0.8262,0.833,0.9773,0.0106,4.8685,11.798,31.0,332,0,0,0
2046,68.2,1,1,,10985.0,1,398.0,52.0,438.0,386.0,418.6246,218.8665,0.826,0.8328,0.9776,0.0108,4.8682,11.7972,31.0,332,0,0,0
2047,68.2333,1,1,,10984.0,1,398.0,52.0,438.0,386.0,418.6228,218.8424,0.8261,0.8329,0.9775,0.0108,4.8561,11.8001,31.0,332,0,0,0
2048,68.2666,1,1,,10985.0,1,398.0,52.0,438.0,386.0,418.6244,218.8552,0.8265,0.8333,0.9771,0.0109,4.8311,11.8073,31.0,332,0,0,0
2049,68.3,1,1,,10986.0,1,398.0,52.0,438.0,386.0,418.623,218.8785,0.827,0.8337,0.9768,0.0109,4.8098,11.8143,31.0,332,0,0,0
2050,68.3333,1,1,,10985.0,1,398.0,52.0,438.0,386.0,418.6244,218.8552,0.8273,0.834,0.9763,0.0109,4.796,11.8198,31.0,332,0,0,0
2051,68.3666,1,1,,10984.0,1,398.0,52.0,438.0,386.0,418.6227,218.8509,0.8276,0.8343,0.976,0.0108,4.7879,11.8239,31.0,332,0,0,0
2052,68.4,1,1,,10985.0,1,398.0,52.0,438.0,386.0,418.6243,218.8635,0.8277,0.8343,0.9761,0.0109,4.7922,11.8246,31.0,332,0,0,0
2053,68.4333,1,1,,10985.0,1,398.0,52.0,438.0,386.0,418.6237,218.8655,0.8275,0.8341,0.9764,0.0109,4.7947,11.8223,31.0,332,0,0,0
2054,68.4666,1,1,,10985.0,1,398.0,52.0,438.0,386.0,418.627,218.8696,0.8271,0.8337,0.9769,0.0109,4.8103,11.8168,31.0,332,0,0,0
2055,68.5,1,1,,10980.0,1,398.0,52.0,438.0,386.0,418.6318,218.8715,0.8267,0.8333,0.9769,0.0109,4.8214,11.8109,31.0,332,0,0,0
2056,68.5333,1,1,,10977.0,1,398.0,52.0,438.0,386.0,418.6379,218.8531,0.823,0.8293,0.9817,0.0111,4.9748,11.7624,31.0,332,0,0,0
2057,68.5666,1,1,,10975.0,1,398.0,52.0,438.0,386.0,418.6344,218.8959,0.8191,0.8252,0.9867,0.0117,5.091,11.7177,31.0,332,0,0,0
2058,68.6,1,1,,10967.0,1,398.0,52.0,438.0,386.0,418.6364,218.8525,0.8158,0.8217,0.9904,0.0121,5.1683,11.682,31.0,332,0,0,0
2059,68.6333,1,1,,10971.0,1,398.0,52.0,438.0,386.0,418.6401,218.932,0.8129,0.8187,0.9943,0.0129,5.5123,11.6545,31.0,332,0,0,0
2060,68.6666,1,1,,10971.0,1,398.0,52.0,438.0,386.0,418.634,218.9954,0.8098,0.8157,0.9978,0.0137,5.8826,11.6247,31.0,332,0,0,0
2061,68.7,1,1,,10973.0,1,398.0,52.0,438.0,386.0,418.6294,219.0167,0.8074,0.8135,1.0004,0.0144,6.2234,11.605,31.0,332,0,0,0
2062,68.7333,1,1,,10968.0,1,398.0,52.0,438.0,386.0,418.6174,218.9491,0.8062,0.8124,1.0009,0.0146,6.4441,11.598,31.0,332,0,0,0
2063,68.7666,1,1,,10973.0,1,398.0,52.0,438.0,386.0,418.6239,218.9228,0.8063,0.8125,1.0013,0.0147,6.5374,11.6023,31.0,332,0,0,0
2064,68.8,1,1,,10974.0,1,398.0,52.0,438.0,386.0,418.6223,218.9347,0.8067,0.8129,1.0009,0.0147,6.5718,11.6096,31.0,332,0,0,0
2065,68.8333,1,1,,10972.0,1,398.0,52.0,438.0,386.0,418.625,218.9402,0.8076,0.8136,1.0003,0.0145,6.5154,11.6163,31.0,332,0,0,0
2066,68.8666,1,1,,10971.0,1,398.0,52.0,438.0,386.0,418.6294,218.9158,0.8083,0.8141,0.9998,0.0142,6.4678,11.6232,31.0,332,0,0,0
2067,68.9,1,1,,10972.0,1,398.0,52.0,439.0,386.0,418.63,218.8946,0.79,0.7952,0.9992,0.0138,6.388,11.6342,31.0,332,0,0,0
2068,68.9333,1,1,,10977.0,1,398.0,52.0,439.0,386.0,418.633,218.9311,0.7908,0.7959,0.9991,0.0137,6.3502,11.6425,31.0,332,0,0,0
2069,68.9666,1,1,,10977.0,1,398.0,52.0,439.0,386.0,418.633,218.9311,0.7917,0.7967,0.9983,0.0136,6.3394,11.6539,31.0,332,0,0,0
2070,69.0,1,1,,10976.0,1,398.0,52.0,439.0,386.0,418.6345,218.9311,0.7923,0.7972,0.9978,0.0136,6.347,11.6608,31.0,332,0,0,0
2071,69.0333,1,1,,10978.0,1,398.0,52.0,439.0,386.0,418.6463,218.9838,0.7925,0.7973,0.9978,0.0138,6.3641,11.6636,31.0,332,0,0,0
2072,69.0666,1,1,,10983.0,1,398.0,52.0,439.0,386.0,418.651,219.0331,0.7926,0.7974,0.9982,0.014,6.3801,11.6654,31.0,332,0,0,0
2073,69.1,1,1,,10984.0,1,398.0,52.0,439.0,386.0,418.6495,219.0205,0.7925,0.7973,0.9983,0.014,6.3933,11.6652,31.0,332,0,0,0
2074,69.1333,1,1,,10983.0,1,398.0,52.0,439.0,386.0,418.6479,219.0079,0.7924,0.7973,0.9982,0.0139,6.386,11.6646,31.0,332,0,0,0
2075,69.1666,1,1,,10982.0,1,398.0,52.0,439.0,386.0,418.6493,219.0216,0.7927,0.7976,0.9976,0.014,6.364,11.6685,31.0,332,0,0,0
2076,69.2,1,1,,10981.0,1,398.0,52.0,439.0,386.0,418.6498,218.9758,0.7934,0.7983,0.9966,0.0138,6.317,11.6771,31.0,332,0,0,0
2077,69.2333,1,1,,10980.0,1,398.0,52.0,439.0,386.0,418.6513,218.9922,0.7944,0.7994,0.9952,0.0137,6.2447,11.6894,31.0,332,0,0,0
2078,69.2666,1,1,,10973.0,1,398.0,52.0,439.0,386.0,418.6419,218.9256,0.7957,0.8007,0.9929,0.0134,6.1593,11.7058,31.0,332,0,0,0
2079,69.3,1,1,,10977.0,1,398.0,52.0,439.0,386.0,418.6466,218.9704,0.7971,0.8022,0.9914,0.0134,6.0648,11.7241,31.0,332,0,0,0
2080,69.3333,1,1,,10975.0,1,398.0,52.0,439.0,386.0,418.6403,218.9271,0.7982,0.8033,0.9898,0.0132,5.9848,11.7378,31.0,332,0,0,0
2081,69.3666,1,1,,10975.0,1,398.0,52.0,439.0,386.0,418.6433,218.9314,0.799,0.8041,0.9888,0.0131,5.9184,11.7475,31.0,332,0,0,0
2082,69.4,1,1,,10975.0,1,398.0,52.0,439.0,386.0,418.6433,218.9314,0.7993,0.8044,0.9884,0.013,5.8736,11.7504,31.0,332,0,0,0
2083,69.4333,0,0,no_mask,,0,,,,,,,,,,,,,,0,0,0,0
2084,69.4666,0,0,no_mask,,0,,,,,,,,,,,,,,0,0,0,0
2085,69.5,0,0,no_mask,,0,,,,,,,,,,,,,,0,0,0,0
2086,69.5333,0,0,no_mask,,0,,,,,,,,,,,,,,0,0,0,0
2087,69.5666,0,0,no_mask,,0,,,,,,,,,,,,,,0,0,0,0
2088,69.6,0,0,no_mask,,0,,,,,,,,,,,,,,0,0,0,0
2089,69.6333,0,0,no_mask,,0,,,,,,,,,,,,,,0,0,0,0
2090,69.6666,0,0,no_mask,,0,,,,,,,,,,,,,,0,0,0,0
2091,69.7,0,0,no_mask,,0,,,,,,,,,,,,,,0,0,0,0
2092,69.7333,0,0,no_mask,,0,,,,,,,,,,,,,,0,0,0,0
2093,69.7666,0,0,no_mask,,0,,,,,,,,,,,,,,0,0,0,0
2094,69.8,0,0,no_mask,,0,,,,,,,,,,,,,,0,0,0,0
2095,69.8333,0,0,no_mask,,0,,,,,,,,,,,,,,0,0,0,0
2096,69.8666,0,0,no_mask,,0,,,,,,,,,,,,,,0,0,0,0
2097,69.9,0,0,no_mask,,0,,,,,,,,,,,,,,0,0,0,0
2098,69.9333,0,0,no_mask,,0,,,,,,,,,,,,,,0,0,0,0
2099,69.9666,0,0,no_mask,,0,,,,,,,,,,,,,,0,0,0,0
2100,70.0,0,0,no_mask,,0,,,,,,,,,,,,,,0,0,0,0
2101,70.0333,0,0,no_mask,,0,,,,,,,,,,,,,,0,0,0,0
2102,70.0666,0,0,no_mask,,0,,,,,,,,,,,,,,0,0,0,0
2103,70.1,0,0,no_box,,0,,,,,,,,,,,,,,0,0,0,0
2104,70.1333,0,0,no_box,,0,,,,,,,,,,,,,,0,0,0,0
2105,70.1666,0,0,no_box,,0,,,,,,,,,,,,,,0,0,0,0
2106,70.2,0,0,no_box,,0,,,,,,,,,,,,,,0,0,0,0
2107,70.2333,0,0,no_box,,0,,,,,,,,,,,,,,0,0,0,0
2108,70.2666,0,0,no_box,,0,,,,,,,,,,,,,,0,0,0,0
2109,70.3,0,0,no_box,,0,,,,,,,,,,,,,,0,0,0,0
2110,70.3333,0,0,no_box,,0,,,,,,,,,,,,,,0,0,0,0
2111,70.3666,0,0,no_box,,0,,,,,,,,,,,,,,0,0,0,0
2112,70.4,0,0,no_box,,0,,,,,,,,,,,,,,0,0,0,0
2113,70.4333,0,0,no_box,,0,,,,,,,,,,,,,,0,0,0,0
2114,70.4666,0,0,no_box,,0,,,,,,,,,,,,,,0,0,0,0
2115,70.5,0,0,no_box,,0,,,,,,,,,,,,,,0,0,0,0
2116,70.5333,0,0,no_box,,0,,,,,,,,,,,,,,0,0,0,0
2117,70.5666,0,0,no_box,,0,,,,,,,,,,,,,,0,0,0,0
2118,70.6,0,0,no_box,,0,,,,,,,,,,,,,,0,0,0,0
2119,70.6333,0,0,no_box,,0,,,,,,,,,,,,,,0,0,0,0
2120,70.6666,0,0,no_box,,0,,,,,,,,,,,,,,0,0,0,0
2121,70.7,0,0,no_box,,0,,,,,,,,,,,,,,0,0,0,0
2122,70.7333,0,0,no_box,,0,,,,,,,,,,,,,,0,0,0,0
2123,70.7666,0,0,no_box,,0,,,,,,,,,,,,,,0,0,0,0
2124,70.8,0,0,no_box,,0,,,,,,,,,,,,,,0,0,0,0
2125,70.8333,0,0,no_box,,0,,,,,,,,,,,,,,0,0,0,0
2126,70.8666,0,0,no_box,,0,,,,,,,,,,,,,,0,0,0,0
2127,70.9,0,0,no_box,,0,,,,,,,,,,,,,,0,0,0,0
2128,70.9333,0,0,no_box,,0,,,,,,,,,,,,,,0,0,0,0
2129,70.9666,0,0,no_box,,0,,,,,,,,,,,,,,0,0,0,0
2130,71.0,0,0,no_box,,0,,,,,,,,,,,,,,0,0,0,0
2131,71.0333,0,0,no_box,,0,,,,,,,,,,,,,,0,0,0,0
2132,71.0666,0,0,no_box,,0,,,,,,,,,,,,,,0,0,0,0
2133,71.1,0,0,no_box,,0,,,,,,,,,,,,,,0,0,0,0
2134,71.1333,0,0,no_box,,0,,,,,,,,,,,,,,0,0,0,0
2135,71.1666,0,0,no_box,,0,,,,,,,,,,,,,,0,0,0,0
2136,71.2,0,0,no_box,,0,,,,,,,,,,,,,,0,0,0,0
2137,71.2333,0,0,no_box,,0,,,,,,,,,,,,,,0,0,0,0
2138,71.2666,0,0,no_box,,0,,,,,,,,,,,,,,0,0,0,0
2139,71.3,0,0,no_box,,0,,,,,,,,,,,,,,0,0,0,0
2140,71.3333,0,0,no_box,,0,,,,,,,,,,,,,,0,0,0,0
2141,71.3666,0,0,no_box,,0,,,,,,,,,,,,,,0,0,0,0
2142,71.4,0,0,no_box,,0,,,,,,,,,,,,,,0,0,0,0
2143,71.4333,0,0,no_box,,0,,,,,,,,,,,,,,0,0,0,0
2144,71.4666,0,0,no_box,,0,,,,,,,,,,,,,,0,0,0,0
2145,71.5,0,0,no_box,,0,,,,,,,,,,,,,,0,0,0,0
2146,71.5333,0,0,no_box,,0,,,,,,,,,,,,,,0,0,0,0
2147,71.5666,0,0,no_box,,0,,,,,,,,,,,,,,0,0,0,0
2148,71.6,0,0,no_box,,0,,,,,,,,,,,,,,0,0,0,0
2149,71.6333,0,0,no_box,,0,,,,,,,,,,,,,,0,0,0,0
2150,71.6666,0,0,no_box,,0,,,,,,,,,,,,,,0,0,0,0
2151,71.7,0,0,no_box,,0,,,,,,,,,,,,,,0,0,0,0
2152,71.7333,0,0,no_box,,0,,,,,,,,,,,,,,0,0,0,0
2153,71.7666,0,0,no_box,,0,,,,,,,,,,,,,,0,0,0,0
2154,71.8,0,0,no_box,,0,,,,,,,,,,,,,,0,0,0,0
2155,71.8333,0,0,no_box,,0,,,,,,,,,,,,,,0,0,0,0
2156,71.8666,0,0,no_box,,0,,,,,,,,,,,,,,0,0,0,0
2157,71.9,0,0,no_box,,0,,,,,,,,,,,,,,0,0,0,0
2158,71.9333,0,0,no_box,,0,,,,,,,,,,,,,,0,0,0,0
2159,71.9666,0,0,no_box,,0,,,,,,,,,,,,,,0,0,0,0
2160,72.0,0,0,no_box,,0,,,,,,,,,,,,,,0,0,0,0
2161,72.0333,0,0,no_box,,0,,,,,,,,,,,,,,0,0,0,0
2162,72.0666,0,0,no_box,,0,,,,,,,,,,,,,,0,0,0,0
2163,72.1,0,0,no_box,,0,,,,,,,,,,,,,,0,0,0,0
2164,72.1333,0,0,no_box,,0,,,,,,,,,,,,,,0,0,0,0
2165,72.1666,0,0,no_box,,0,,,,,,,,,,,,,,0,0,0,0
2166,72.2,0,0,no_box,,0,,,,,,,,,,,,,,0,0,0,0
2167,72.2333,0,0,no_box,,0,,,,,,,,,,,,,,0,0,0,0
2168,72.2666,0,0,no_box,,0,,,,,,,,,,,,,,0,0,0,0
2169,72.3,0,0,no_box,,0,,,,,,,,,,,,,,0,0,0,0
2170,72.3333,0,0,no_box,,0,,,,,,,,,,,,,,0,0,0,0
2171,72.3666,0,0,no_box,,0,,,,,,,,,,,,,,0,0,0,0
2172,72.4,0,0,no_box,,0,,,,,,,,,,,,,,0,0,0,0
2173,72.4333,0,0,no_box,,0,,,,,,,,,,,,,,0,0,0,0
2174,72.4666,0,0,no_box,,0,,,,,,,,,,,,,,0,0,0,0
2175,72.5,0,0,no_box,,0,,,,,,,,,,,,,,0,0,0,0
2176,72.5333,0,0,no_box,,0,,,,,,,,,,,,,,0,0,0,0
2177,72.5666,0,0,no_box,,0,,,,,,,,,,,,,,0,0,0,0
2178,72.6,0,0,no_box,,0,,,,,,,,,,,,,,0,0,0,0
2179,72.6333,0,0,no_box,,0,,,,,,,,,,,,,,0,0,0,0
2180,72.6666,0,0,no_box,,0,,,,,,,,,,,,,,0,0,0,0
2181,72.7,0,0,no_box,,0,,,,,,,,,,,,,,0,0,0,0
2182,72.7333,0,0,no_box,,0,,,,,,,,,,,,,,0,0,0,0
2183,72.7666,0,0,no_box,,0,,,,,,,,,,,,,,0,0,0,0
2184,72.8,0,0,no_box,,0,,,,,,,,,,,,,,0,0,0,0
2185,72.8333,0,0,no_box,,0,,,,,,,,,,,,,,0,0,0,0
2186,72.8666,0,0,no_box,,0,,,,,,,,,,,,,,0,0,0,0
2187,72.9,0,0,no_box,,0,,,,,,,,,,,,,,0,0,0,0
2188,72.9333,0,0,no_box,,0,,,,,,,,,,,,,,0,0,0,0
2189,72.9666,0,0,no_box,,0,,,,,,,,,,,,,,0,0,0,0
2190,73.0,0,0,no_box,,0,,,,,,,,,,,,,,0,0,0,0
2191,73.0333,0,0,no_box,,0,,,,,,,,,,,,,,0,0,0,0
2192,73.0666,0,0,no_box,,0,,,,,,,,,,,,,,0,0,0,0
2193,73.1,0,0,no_box,,0,,,,,,,,,,,,,,0,0,0,0
2194,73.1333,0,0,no_box,,0,,,,,,,,,,,,,,0,0,0,0
2195,73.1666,0,0,no_box,,0,,,,,,,,,,,,,,0,0,0,0
2196,73.2,0,0,no_box,,0,,,,,,,,,,,,,,0,0,0,0
2197,73.2333,0,0,no_box,,0,,,,,,,,,,,,,,0,0,0,0
2198,73.2666,0,0,no_box,,0,,,,,,,,,,,,,,0,0,0,0
2199,73.3,0,0,no_box,,0,,,,,,,,,,,,,,0,0,0,0
2200,73.3333,0,0,no_track,,,,,,,,,,,,,,,,,,,
2201,73.3666,0,0,no_track,,,,,,,,,,,,,,,,,,,
2202,73.4,0,0,no_track,,,,,,,,,,,,,,,,,,,
