frame,t,ok,has,reason,area,n_comp,x1,y1,x2,y2,cx,cy,iou_box,contain,area_ratio,center_off,escape,esc_tol,w_row_med,h_rows,prompted,reanchored,bad_run
0,0.0,0,0,no_track,,,,,,,,,,,,,,,,,,,
1,0.0333,0,0,no_track,,,,,,,,,,,,,,,,,,,
2,0.0667,0,0,no_track,,,,,,,,,,,,,,,,,,,
3,0.1,0,0,no_track,,,,,,,,,,,,,,,,,,,
4,0.1333,0,0,no_track,,,,,,,,,,,,,,,,,,,
5,0.1667,0,0,no_track,,,,,,,,,,,,,,,,,,,
6,0.2,0,0,no_track,,,,,,,,,,,,,,,,,,,
7,0.2333,0,0,no_track,,,,,,,,,,,,,,,,,,,
8,0.2667,0,0,no_track,,,,,,,,,,,,,,,,,,,
9,0.3,0,0,no_track,,,,,,,,,,,,,,,,,,,
10,0.3333,0,0,no_track,,,,,,,,,,,,,,,,,,,
11,0.3667,0,0,no_track,,,,,,,,,,,,,,,,,,,
12,0.4,0,0,no_track,,,,,,,,,,,,,,,,,,,
13,0.4333,0,0,no_track,,,,,,,,,,,,,,,,,,,
14,0.4667,0,0,no_track,,,,,,,,,,,,,,,,,,,
15,0.5,0,0,no_track,,,,,,,,,,,,,,,,,,,
16,0.5333,0,0,no_track,,,,,,,,,,,,,,,,,,,
17,0.5667,0,0,no_track,,,,,,,,,,,,,,,,,,,
18,0.6,0,0,no_track,,,,,,,,,,,,,,,,,,,
19,0.6333,0,0,no_track,,,,,,,,,,,,,,,,,,,
20,0.6667,0,0,no_track,,,,,,,,,,,,,,,,,,,
21,0.7,0,0,no_track,,,,,,,,,,,,,,,,,,,
22,0.7333,0,0,no_track,,,,,,,,,,,,,,,,,,,
23,0.7667,0,0,no_track,,,,,,,,,,,,,,,,,,,
24,0.8,0,0,no_track,,,,,,,,,,,,,,,,,,,
25,0.8333,0,0,no_track,,,,,,,,,,,,,,,,,,,
26,0.8667,0,0,no_track,,,,,,,,,,,,,,,,,,,
27,0.9,0,0,no_track,,,,,,,,,,,,,,,,,,,
28,0.9333,0,0,no_track,,,,,,,,,,,,,,,,,,,
29,0.9667,0,0,no_track,,,,,,,,,,,,,,,,,,,
30,1.0,0,0,no_track,,,,,,,,,,,,,,,,,,,
31,1.0333,0,0,no_track,,,,,,,,,,,,,,,,,,,
32,1.0667,0,0,no_track,,,,,,,,,,,,,,,,,,,
33,1.1,0,0,no_track,,,,,,,,,,,,,,,,,,,
34,1.1333,0,0,no_track,,,,,,,,,,,,,,,,,,,
35,1.1667,0,0,no_track,,,,,,,,,,,,,,,,,,,
36,1.2,0,0,no_track,,,,,,,,,,,,,,,,,,,
37,1.2333,0,0,no_track,,,,,,,,,,,,,,,,,,,
38,1.2667,0,0,no_track,,,,,,,,,,,,,,,,,,,
39,1.3,0,0,no_track,,,,,,,,,,,,,,,,,,,
40,1.3333,0,0,no_track,,,,,,,,,,,,,,,,,,,
41,1.3667,0,0,no_track,,,,,,,,,,,,,,,,,,,
42,1.4,0,0,no_track,,,,,,,,,,,,,,,,,,,
43,1.4333,0,0,no_track,,,,,,,,,,,,,,,,,,,
44,1.4667,0,0,no_track,,,,,,,,,,,,,,,,,,,
45,1.5,0,0,no_track,,,,,,,,,,,,,,,,,,,
46,1.5333,0,0,no_track,,,,,,,,,,,,,,,,,,,
47,1.5667,0,0,no_track,,,,,,,,,,,,,,,,,,,
48,1.6,0,0,no_track,,,,,,,,,,,,,,,,,,,
49,1.6333,0,0,no_track,,,,,,,,,,,,,,,,,,,
50,1.6667,0,0,no_track,,,,,,,,,,,,,,,,,,,
51,1.7,0,0,no_track,,,,,,,,,,,,,,,,,,,
52,1.7333,0,0,no_track,,,,,,,,,,,,,,,,,,,
53,1.7667,0,0,no_track,,,,,,,,,,,,,,,,,,,
54,1.8,0,0,no_track,,,,,,,,,,,,,,,,,,,
55,1.8333,0,0,no_track,,,,,,,,,,,,,,,,,,,
56,1.8667,0,0,no_track,,,,,,,,,,,,,,,,,,,
57,1.9,0,0,no_track,,,,,,,,,,,,,,,,,,,
58,1.9333,0,0,no_track,,,,,,,,,,,,,,,,,,,
59,1.9667,0,0,no_track,,,,,,,,,,,,,,,,,,,
60,2.0,0,0,no_track,,,,,,,,,,,,,,,,,,,
61,2.0333,0,0,no_track,,,,,,,,,,,,,,,,,,,
62,2.0667,0,0,no_track,,,,,,,,,,,,,,,,,,,
63,2.1,0,0,no_track,,,,,,,,,,,,,,,,,,,
64,2.1333,0,0,no_track,,,,,,,,,,,,,,,,,,,
65,2.1667,0,0,no_track,,,,,,,,,,,,,,,,,,,
66,2.2,0,0,no_track,,,,,,,,,,,,,,,,,,,
67,2.2333,0,0,no_track,,,,,,,,,,,,,,,,,,,
68,2.2667,0,0,no_track,,,,,,,,,,,,,,,,,,,
69,2.3,0,0,no_track,,,,,,,,,,,,,,,,,,,
70,2.3333,0,0,no_track,,,,,,,,,,,,,,,,,,,
71,2.3667,0,0,no_track,,,,,,,,,,,,,,,,,,,
72,2.4,0,0,no_track,,,,,,,,,,,,,,,,,,,
73,2.4333,0,0,no_track,,,,,,,,,,,,,,,,,,,
74,2.4667,0,0,no_track,,,,,,,,,,,,,,,,,,,
75,2.5,0,0,no_track,,,,,,,,,,,,,,,,,,,
76,2.5333,0,0,no_track,,,,,,,,,,,,,,,,,,,
77,2.5667,0,0,no_track,,,,,,,,,,,,,,,,,,,
78,2.6,0,0,no_track,,,,,,,,,,,,,,,,,,,
79,2.6333,0,0,no_track,,,,,,,,,,,,,,,,,,,
80,2.6667,0,0,no_track,,,,,,,,,,,,,,,,,,,
81,2.7,0,0,no_track,,,,,,,,,,,,,,,,,,,
82,2.7333,0,0,no_track,,,,,,,,,,,,,,,,,,,
83,2.7667,0,0,no_track,,,,,,,,,,,,,,,,,,,
84,2.8,0,0,no_track,,,,,,,,,,,,,,,,,,,
85,2.8333,0,0,no_track,,,,,,,,,,,,,,,,,,,
86,2.8667,0,0,no_track,,,,,,,,,,,,,,,,,,,
87,2.9,0,0,no_track,,,,,,,,,,,,,,,,,,,
88,2.9333,0,0,no_track,,,,,,,,,,,,,,,,,,,
89,2.9667,0,0,no_track,,,,,,,,,,,,,,,,,,,
90,3.0,0,0,no_track,,,,,,,,,,,,,,,,,,,
91,3.0333,0,0,no_track,,,,,,,,,,,,,,,,,,,
92,3.0667,0,0,no_track,,,,,,,,,,,,,,,,,,,
93,3.1,0,0,no_track,,,,,,,,,,,,,,,,,,,
94,3.1333,0,0,no_track,,,,,,,,,,,,,,,,,,,
95,3.1667,0,0,no_track,,,,,,,,,,,,,,,,,,,
96,3.2,0,0,no_track,,,,,,,,,,,,,,,,,,,
97,3.2333,0,0,no_track,,,,,,,,,,,,,,,,,,,
98,3.2667,0,0,no_track,,,,,,,,,,,,,,,,,,,
99,3.3,0,0,no_track,,,,,,,,,,,,,,,,,,,
100,3.3333,0,0,no_track,,,,,,,,,,,,,,,,,,,
101,3.3667,0,0,no_track,,,,,,,,,,,,,,,,,,,
102,3.4,0,0,no_track,,,,,,,,,,,,,,,,,,,
103,3.4333,0,0,no_track,,,,,,,,,,,,,,,,,,,
104,3.4667,0,0,no_track,,,,,,,,,,,,,,,,,,,
105,3.5,0,0,no_track,,,,,,,,,,,,,,,,,,,
106,3.5333,0,0,no_track,,,,,,,,,,,,,,,,,,,
107,3.5667,0,0,no_track,,,,,,,,,,,,,,,,,,,
108,3.6,0,0,no_track,,,,,,,,,,,,,,,,,,,
109,3.6333,0,0,no_track,,,,,,,,,,,,,,,,,,,
110,3.6667,0,0,no_track,,,,,,,,,,,,,,,,,,,
111,3.7,0,0,no_track,,,,,,,,,,,,,,,,,,,
112,3.7333,0,0,no_track,,,,,,,,,,,,,,,,,,,
113,3.7667,0,0,no_track,,,,,,,,,,,,,,,,,,,
114,3.8,0,0,no_track,,,,,,,,,,,,,,,,,,,
115,3.8333,0,0,no_track,,,,,,,,,,,,,,,,,,,
116,3.8667,0,0,no_track,,,,,,,,,,,,,,,,,,,
117,3.9,0,0,no_track,,,,,,,,,,,,,,,,,,,
118,3.9333,0,0,no_track,,,,,,,,,,,,,,,,,,,
119,3.9667,0,0,no_track,,,,,,,,,,,,,,,,,,,
120,4.0,0,0,no_track,,,,,,,,,,,,,,,,,,,
121,4.0333,0,0,no_track,,,,,,,,,,,,,,,,,,,
122,4.0667,0,0,no_track,,,,,,,,,,,,,,,,,,,
123,4.1,0,0,no_track,,,,,,,,,,,,,,,,,,,
124,4.1333,0,0,no_track,,,,,,,,,,,,,,,,,,,
125,4.1667,0,0,no_track,,,,,,,,,,,,,,,,,,,
126,4.2,0,0,no_track,,,,,,,,,,,,,,,,,,,
127,4.2333,0,0,no_track,,,,,,,,,,,,,,,,,,,
128,4.2667,0,0,no_track,,,,,,,,,,,,,,,,,,,
129,4.3,0,0,no_track,,,,,,,,,,,,,,,,,,,
130,4.3333,0,0,no_track,,,,,,,,,,,,,,,,,,,
131,4.3667,0,0,no_track,,,,,,,,,,,,,,,,,,,
132,4.4,0,0,no_track,,,,,,,,,,,,,,,,,,,
133,4.4333,0,0,no_track,,,,,,,,,,,,,,,,,,,
134,4.4667,0,0,no_track,,,,,,,,,,,,,,,,,,,
135,4.5,0,0,no_track,,,,,,,,,,,,,,,,,,,
136,4.5333,0,0,no_track,,,,,,,,,,,,,,,,,,,
137,4.5667,0,0,no_track,,,,,,,,,,,,,,,,,,,
138,4.6,0,0,no_track,,,,,,,,,,,,,,,,,,,
139,4.6333,0,0,no_track,,,,,,,,,,,,,,,,,,,
140,4.6667,0,0,no_track,,,,,,,,,,,,,,,,,,,
141,4.7,0,0,no_track,,,,,,,,,,,,,,,,,,,
142,4.7333,0,0,no_track,,,,,,,,,,,,,,,,,,,
143,4.7667,0,0,no_track,,,,,,,,,,,,,,,,,,,
144,4.8,0,0,no_track,,,,,,,,,,,,,,,,,,,
145,4.8333,0,0,no_track,,,,,,,,,,,,,,,,,,,
146,4.8667,0,0,no_track,,,,,,,,,,,,,,,,,,,
147,4.9,0,0,no_track,,,,,,,,,,,,,,,,,,,
148,4.9333,0,0,no_track,,,,,,,,,,,,,,,,,,,
149,4.9667,0,0,no_track,,,,,,,,,,,,,,,,,,,
150,5.0,0,0,no_track,,,,,,,,,,,,,,,,,,,
151,5.0333,0,0,no_track,,,,,,,,,,,,,,,,,,,
152,5.0667,0,0,no_track,,,,,,,,,,,,,,,,,,,
153,5.1,0,0,no_track,,,,,,,,,,,,,,,,,,,
154,5.1333,0,0,no_track,,,,,,,,,,,,,,,,,,,
155,5.1667,0,0,no_track,,,,,,,,,,,,,,,,,,,
156,5.2,0,0,no_track,,,,,,,,,,,,,,,,,,,
157,5.2333,0,0,no_track,,,,,,,,,,,,,,,,,,,
158,5.2667,0,0,no_track,,,,,,,,,,,,,,,,,,,
159,5.3,0,0,no_track,,,,,,,,,,,,,,,,,,,
160,5.3333,0,0,no_track,,,,,,,,,,,,,,,,,,,
161,5.3667,0,0,no_track,,,,,,,,,,,,,,,,,,,
162,5.4,0,0,no_track,,,,,,,,,,,,,,,,,,,
163,5.4333,0,0,no_track,,,,,,,,,,,,,,,,,,,
164,5.4667,0,0,no_track,,,,,,,,,,,,,,,,,,,
165,5.5,0,0,no_track,,,,,,,,,,,,,,,,,,,
166,5.5333,0,0,no_track,,,,,,,,,,,,,,,,,,,
167,5.5667,0,0,no_track,,,,,,,,,,,,,,,,,,,
168,5.6,0,0,no_track,,,,,,,,,,,,,,,,,,,
169,5.6333,0,0,no_track,,,,,,,,,,,,,,,,,,,
170,5.6667,0,0,no_track,,,,,,,,,,,,,,,,,,,
171,5.7,0,0,no_track,,,,,,,,,,,,,,,,,,,
172,5.7333,0,0,no_track,,,,,,,,,,,,,,,,,,,
173,5.7667,0,0,no_track,,,,,,,,,,,,,,,,,,,
174,5.8,0,0,no_track,,,,,,,,,,,,,,,,,,,
175,5.8333,0,0,no_track,,,,,,,,,,,,,,,,,,,
176,5.8667,0,0,no_track,,,,,,,,,,,,,,,,,,,
177,5.9,0,0,no_track,,,,,,,,,,,,,,,,,,,
178,5.9333,0,0,no_track,,,,,,,,,,,,,,,,,,,
179,5.9667,0,0,no_track,,,,,,,,,,,,,,,,,,,
180,6.0,0,0,no_track,,,,,,,,,,,,,,,,,,,
181,6.0333,0,0,no_track,,,,,,,,,,,,,,,,,,,
182,6.0667,0,0,no_track,,,,,,,,,,,,,,,,,,,
183,6.1,0,0,no_track,,,,,,,,,,,,,,,,,,,
184,6.1333,0,0,no_track,,,,,,,,,,,,,,,,,,,
185,6.1667,0,0,no_track,,,,,,,,,,,,,,,,,,,
186,6.2,0,0,no_track,,,,,,,,,,,,,,,,,,,
187,6.2333,0,0,no_track,,,,,,,,,,,,,,,,,,,
188,6.2667,0,0,no_track,,,,,,,,,,,,,,,,,,,
189,6.3,0,0,no_track,,,,,,,,,,,,,,,,,,,
190,6.3333,0,0,no_track,,,,,,,,,,,,,,,,,,,
191,6.3667,0,0,no_track,,,,,,,,,,,,,,,,,,,
192,6.4,0,0,no_track,,,,,,,,,,,,,,,,,,,
193,6.4333,0,0,no_track,,,,,,,,,,,,,,,,,,,
194,6.4667,0,0,no_track,,,,,,,,,,,,,,,,,,,
195,6.5,0,0,no_track,,,,,,,,,,,,,,,,,,,
196,6.5333,0,0,no_track,,,,,,,,,,,,,,,,,,,
197,6.5667,0,0,no_track,,,,,,,,,,,,,,,,,,,
198,6.6,0,0,no_track,,,,,,,,,,,,,,,,,,,
199,6.6333,0,0,no_track,,,,,,,,,,,,,,,,,,,
200,6.6667,0,0,no_track,,,,,,,,,,,,,,,,,,,
201,6.7,0,0,no_track,,,,,,,,,,,,,,,,,,,
202,6.7333,0,0,no_track,,,,,,,,,,,,,,,,,,,
203,6.7667,0,0,no_track,,,,,,,,,,,,,,,,,,,
204,6.8,0,0,no_track,,,,,,,,,,,,,,,,,,,
205,6.8333,0,0,no_track,,,,,,,,,,,,,,,,,,,
206,6.8667,0,0,no_track,,,,,,,,,,,,,,,,,,,
207,6.9,0,0,no_track,,,,,,,,,,,,,,,,,,,
208,6.9333,0,0,no_track,,,,,,,,,,,,,,,,,,,
209,6.9667,0,0,no_track,,,,,,,,,,,,,,,,,,,
210,7.0,0,0,no_track,,,,,,,,,,,,,,,,,,,
211,7.0333,0,0,no_track,,,,,,,,,,,,,,,,,,,
212,7.0667,0,0,no_track,,,,,,,,,,,,,,,,,,,
213,7.1,0,0,no_track,,,,,,,,,,,,,,,,,,,
214,7.1333,0,0,no_track,,,,,,,,,,,,,,,,,,,
215,7.1667,0,0,no_track,,,,,,,,,,,,,,,,,,,
216,7.2,0,0,no_track,,,,,,,,,,,,,,,,,,,
217,7.2333,0,0,no_track,,,,,,,,,,,,,,,,,,,
218,7.2667,0,0,no_track,,,,,,,,,,,,,,,,,,,
219,7.3,0,0,no_track,,,,,,,,,,,,,,,,,,,
220,7.3333,0,0,no_track,,,,,,,,,,,,,,,,,,,
221,7.3667,0,0,no_track,,,,,,,,,,,,,,,,,,,
222,7.4,0,0,no_track,,,,,,,,,,,,,,,,,,,
223,7.4333,0,0,no_track,,,,,,,,,,,,,,,,,,,
224,7.4667,0,0,no_track,,,,,,,,,,,,,,,,,,,
225,7.5,0,0,no_track,,,,,,,,,,,,,,,,,,,
226,7.5333,0,0,no_track,,,,,,,,,,,,,,,,,,,
227,7.5667,0,0,no_track,,,,,,,,,,,,,,,,,,,
228,7.6,0,0,no_track,,,,,,,,,,,,,,,,,,,
229,7.6333,0,0,no_track,,,,,,,,,,,,,,,,,,,
230,7.6667,0,0,no_track,,,,,,,,,,,,,,,,,,,
231,7.7,0,0,no_track,,,,,,,,,,,,,,,,,,,
232,7.7333,0,0,no_track,,,,,,,,,,,,,,,,,,,
233,7.7667,0,0,no_track,,,,,,,,,,,,,,,,,,,
234,7.8,0,0,no_track,,,,,,,,,,,,,,,,,,,
235,7.8333,0,0,no_track,,,,,,,,,,,,,,,,,,,
236,7.8667,0,0,no_track,,,,,,,,,,,,,,,,,,,
237,7.9,0,0,no_track,,,,,,,,,,,,,,,,,,,
238,7.9333,0,0,no_track,,,,,,,,,,,,,,,,,,,
239,7.9667,0,0,no_track,,,,,,,,,,,,,,,,,,,
240,8.0,0,0,no_track,,,,,,,,,,,,,,,,,,,
241,8.0333,0,0,no_track,,,,,,,,,,,,,,,,,,,
242,8.0667,0,0,no_track,,,,,,,,,,,,,,,,,,,
243,8.1,0,0,no_track,,,,,,,,,,,,,,,,,,,
244,8.1333,0,0,no_track,,,,,,,,,,,,,,,,,,,
245,8.1667,0,0,no_track,,,,,,,,,,,,,,,,,,,
246,8.2,0,0,no_track,,,,,,,,,,,,,,,,,,,
247,8.2333,0,0,no_track,,,,,,,,,,,,,,,,,,,
248,8.2667,0,0,no_track,,,,,,,,,,,,,,,,,,,
249,8.3,0,0,no_track,,,,,,,,,,,,,,,,,,,
250,8.3333,0,0,no_track,,,,,,,,,,,,,,,,,,,
251,8.3667,0,0,no_track,,,,,,,,,,,,,,,,,,,
252,8.4,0,0,no_track,,,,,,,,,,,,,,,,,,,
253,8.4333,0,0,no_track,,,,,,,,,,,,,,,,,,,
254,8.4667,0,0,no_track,,,,,,,,,,,,,,,,,,,
255,8.5,0,0,no_track,,,,,,,,,,,,,,,,,,,
256,8.5333,0,0,no_track,,,,,,,,,,,,,,,,,,,
257,8.5667,0,0,no_track,,,,,,,,,,,,,,,,,,,
258,8.6,0,0,no_track,,,,,,,,,,,,,,,,,,,
259,8.6333,0,0,no_track,,,,,,,,,,,,,,,,,,,
260,8.6667,0,0,no_track,,,,,,,,,,,,,,,,,,,
261,8.7,0,0,no_track,,,,,,,,,,,,,,,,,,,
262,8.7333,0,0,no_track,,,,,,,,,,,,,,,,,,,
263,8.7667,0,0,no_track,,,,,,,,,,,,,,,,,,,
264,8.8,0,0,no_track,,,,,,,,,,,,,,,,,,,
265,8.8333,0,0,no_track,,,,,,,,,,,,,,,,,,,
266,8.8667,0,0,no_track,,,,,,,,,,,,,,,,,,,
267,8.9,0,0,no_track,,,,,,,,,,,,,,,,,,,
268,8.9333,0,0,no_track,,,,,,,,,,,,,,,,,,,
269,8.9667,0,0,no_track,,,,,,,,,,,,,,,,,,,
270,9.0,0,0,no_track,,,,,,,,,,,,,,,,,,,
271,9.0333,0,0,no_track,,,,,,,,,,,,,,,,,,,
272,9.0667,0,0,no_track,,,,,,,,,,,,,,,,,,,
273,9.1,0,0,no_track,,,,,,,,,,,,,,,,,,,
274,9.1333,0,0,no_track,,,,,,,,,,,,,,,,,,,
275,9.1667,0,0,no_track,,,,,,,,,,,,,,,,,,,
276,9.2,0,0,no_track,,,,,,,,,,,,,,,,,,,
277,9.2333,0,0,no_track,,,,,,,,,,,,,,,,,,,
278,9.2667,0,0,no_track,,,,,,,,,,,,,,,,,,,
279,9.3,0,0,no_track,,,,,,,,,,,,,,,,,,,
280,9.3333,0,0,no_track,,,,,,,,,,,,,,,,,,,
281,9.3667,0,0,no_track,,,,,,,,,,,,,,,,,,,
282,9.4,0,0,no_track,,,,,,,,,,,,,,,,,,,
283,9.4333,0,0,no_track,,,,,,,,,,,,,,,,,,,
284,9.4667,0,0,no_track,,,,,,,,,,,,,,,,,,,
285,9.5,0,0,no_track,,,,,,,,,,,,,,,,,,,
286,9.5333,0,0,no_track,,,,,,,,,,,,,,,,,,,
287,9.5667,0,0,no_track,,,,,,,,,,,,,,,,,,,
288,9.6,0,0,no_track,,,,,,,,,,,,,,,,,,,
289,9.6333,0,0,no_track,,,,,,,,,,,,,,,,,,,
290,9.6667,0,0,no_track,,,,,,,,,,,,,,,,,,,
291,9.7,0,0,no_track,,,,,,,,,,,,,,,,,,,
292,9.7333,0,0,no_track,,,,,,,,,,,,,,,,,,,
293,9.7667,0,0,no_track,,,,,,,,,,,,,,,,,,,
294,9.8,0,0,no_track,,,,,,,,,,,,,,,,,,,
295,9.8333,0,0,no_track,,,,,,,,,,,,,,,,,,,
296,9.8667,0,0,no_track,,,,,,,,,,,,,,,,,,,
297,9.9,0,0,no_track,,,,,,,,,,,,,,,,,,,
298,9.9333,0,0,no_track,,,,,,,,,,,,,,,,,,,
299,9.9667,0,0,no_track,,,,,,,,,,,,,,,,,,,
300,10.0,0,0,no_track,,,,,,,,,,,,,,,,,,,
301,10.0333,0,0,no_track,,,,,,,,,,,,,,,,,,,
302,10.0667,0,0,no_track,,,,,,,,,,,,,,,,,,,
303,10.1,0,0,no_track,,,,,,,,,,,,,,,,,,,
304,10.1333,0,0,no_track,,,,,,,,,,,,,,,,,,,
305,10.1667,0,0,no_track,,,,,,,,,,,,,,,,,,,
306,10.2,0,0,no_track,,,,,,,,,,,,,,,,,,,
307,10.2333,0,0,no_track,,,,,,,,,,,,,,,,,,,
308,10.2667,0,0,no_track,,,,,,,,,,,,,,,,,,,
309,10.3,0,0,no_track,,,,,,,,,,,,,,,,,,,
310,10.3333,0,0,no_track,,,,,,,,,,,,,,,,,,,
311,10.3667,0,0,no_track,,,,,,,,,,,,,,,,,,,
312,10.4,0,0,no_track,,,,,,,,,,,,,,,,,,,
313,10.4333,0,0,no_track,,,,,,,,,,,,,,,,,,,
314,10.4667,0,0,no_track,,,,,,,,,,,,,,,,,,,
315,10.5,0,0,no_track,,,,,,,,,,,,,,,,,,,
316,10.5333,0,0,no_track,,,,,,,,,,,,,,,,,,,
317,10.5667,0,0,no_track,,,,,,,,,,,,,,,,,,,
318,10.6,0,0,no_track,,,,,,,,,,,,,,,,,,,
319,10.6333,0,0,no_track,,,,,,,,,,,,,,,,,,,
320,10.6667,0,0,no_track,,,,,,,,,,,,,,,,,,,
321,10.7,0,0,no_track,,,,,,,,,,,,,,,,,,,
322,10.7333,0,0,no_track,,,,,,,,,,,,,,,,,,,
323,10.7667,0,0,no_track,,,,,,,,,,,,,,,,,,,
324,10.8,0,0,no_track,,,,,,,,,,,,,,,,,,,
325,10.8333,0,0,no_track,,,,,,,,,,,,,,,,,,,
326,10.8667,0,0,no_track,,,,,,,,,,,,,,,,,,,
327,10.9,0,0,no_track,,,,,,,,,,,,,,,,,,,
328,10.9333,0,0,no_track,,,,,,,,,,,,,,,,,,,
329,10.9667,0,0,no_track,,,,,,,,,,,,,,,,,,,
330,11.0,0,0,no_track,,,,,,,,,,,,,,,,,,,
331,11.0333,0,0,no_track,,,,,,,,,,,,,,,,,,,
332,11.0667,0,0,no_track,,,,,,,,,,,,,,,,,,,
333,11.1,0,0,no_track,,,,,,,,,,,,,,,,,,,
334,11.1333,0,0,no_track,,,,,,,,,,,,,,,,,,,
335,11.1667,0,0,no_track,,,,,,,,,,,,,,,,,,,
336,11.2,0,0,no_track,,,,,,,,,,,,,,,,,,,
337,11.2333,0,0,no_track,,,,,,,,,,,,,,,,,,,
338,11.2667,0,0,no_track,,,,,,,,,,,,,,,,,,,
339,11.3,0,0,no_track,,,,,,,,,,,,,,,,,,,
340,11.3333,0,0,no_track,,,,,,,,,,,,,,,,,,,
341,11.3667,0,0,no_track,,,,,,,,,,,,,,,,,,,
342,11.4,0,0,no_track,,,,,,,,,,,,,,,,,,,
343,11.4333,0,0,no_track,,,,,,,,,,,,,,,,,,,
344,11.4667,0,0,no_track,,,,,,,,,,,,,,,,,,,
345,11.5,0,0,no_track,,,,,,,,,,,,,,,,,,,
346,11.5333,0,0,no_track,,,,,,,,,,,,,,,,,,,
347,11.5667,0,0,no_track,,,,,,,,,,,,,,,,,,,
348,11.6,0,0,no_track,,,,,,,,,,,,,,,,,,,
349,11.6333,0,0,no_track,,,,,,,,,,,,,,,,,,,
350,11.6667,0,0,no_track,,,,,,,,,,,,,,,,,,,
351,11.7,0,0,no_track,,,,,,,,,,,,,,,,,,,
352,11.7333,0,0,no_track,,,,,,,,,,,,,,,,,,,
353,11.7667,0,0,no_track,,,,,,,,,,,,,,,,,,,
354,11.8,0,0,no_track,,,,,,,,,,,,,,,,,,,
355,11.8333,0,0,no_track,,,,,,,,,,,,,,,,,,,
356,11.8667,0,0,no_track,,,,,,,,,,,,,,,,,,,
357,11.9,0,0,no_track,,,,,,,,,,,,,,,,,,,
358,11.9333,0,0,no_track,,,,,,,,,,,,,,,,,,,
359,11.9667,0,0,no_track,,,,,,,,,,,,,,,,,,,
360,12.0,0,0,no_track,,,,,,,,,,,,,,,,,,,
361,12.0333,0,0,no_track,,,,,,,,,,,,,,,,,,,
362,12.0667,0,0,no_track,,,,,,,,,,,,,,,,,,,
363,12.1,0,0,no_track,,,,,,,,,,,,,,,,,,,
364,12.1333,0,0,no_track,,,,,,,,,,,,,,,,,,,
365,12.1667,0,0,no_track,,,,,,,,,,,,,,,,,,,
366,12.2,0,0,no_track,,,,,,,,,,,,,,,,,,,
367,12.2333,0,0,no_track,,,,,,,,,,,,,,,,,,,
368,12.2667,0,0,no_track,,,,,,,,,,,,,,,,,,,
369,12.3,0,0,no_track,,,,,,,,,,,,,,,,,,,
370,12.3333,0,0,no_track,,,,,,,,,,,,,,,,,,,
371,12.3667,0,0,no_track,,,,,,,,,,,,,,,,,,,
372,12.4,0,0,no_track,,,,,,,,,,,,,,,,,,,
373,12.4333,0,0,no_track,,,,,,,,,,,,,,,,,,,
374,12.4667,0,0,no_track,,,,,,,,,,,,,,,,,,,
375,12.5,0,0,no_track,,,,,,,,,,,,,,,,,,,
376,12.5333,0,0,no_track,,,,,,,,,,,,,,,,,,,
377,12.5667,0,0,no_track,,,,,,,,,,,,,,,,,,,
378,12.6,0,0,no_track,,,,,,,,,,,,,,,,,,,
379,12.6333,0,0,no_track,,,,,,,,,,,,,,,,,,,
380,12.6667,0,0,no_track,,,,,,,,,,,,,,,,,,,
381,12.7,0,0,no_track,,,,,,,,,,,,,,,,,,,
382,12.7333,0,0,no_track,,,,,,,,,,,,,,,,,,,
383,12.7667,0,0,no_track,,,,,,,,,,,,,,,,,,,
384,12.8,0,0,no_track,,,,,,,,,,,,,,,,,,,
385,12.8333,0,0,no_track,,,,,,,,,,,,,,,,,,,
386,12.8667,0,0,no_track,,,,,,,,,,,,,,,,,,,
387,12.9,0,0,no_track,,,,,,,,,,,,,,,,,,,
388,12.9333,0,0,no_track,,,,,,,,,,,,,,,,,,,
389,12.9667,0,0,no_track,,,,,,,,,,,,,,,,,,,
390,13.0,0,0,no_track,,,,,,,,,,,,,,,,,,,
391,13.0333,0,0,no_track,,,,,,,,,,,,,,,,,,,
392,13.0667,0,0,no_track,,,,,,,,,,,,,,,,,,,
393,13.1,0,0,no_track,,,,,,,,,,,,,,,,,,,
394,13.1333,0,0,no_track,,,,,,,,,,,,,,,,,,,
395,13.1667,0,0,no_track,,,,,,,,,,,,,,,,,,,
396,13.2,0,0,no_track,,,,,,,,,,,,,,,,,,,
397,13.2333,0,0,no_track,,,,,,,,,,,,,,,,,,,
398,13.2667,0,0,no_track,,,,,,,,,,,,,,,,,,,
399,13.3,0,0,no_track,,,,,,,,,,,,,,,,,,,
400,13.3333,0,0,no_track,,,,,,,,,,,,,,,,,,,
401,13.3667,0,0,no_track,,,,,,,,,,,,,,,,,,,
402,13.4,0,0,no_track,,,,,,,,,,,,,,,,,,,
403,13.4333,0,0,no_track,,,,,,,,,,,,,,,,,,,
404,13.4667,0,0,no_track,,,,,,,,,,,,,,,,,,,
405,13.5,0,0,no_track,,,,,,,,,,,,,,,,,,,
406,13.5333,0,0,no_track,,,,,,,,,,,,,,,,,,,
407,13.5667,0,0,no_track,,,,,,,,,,,,,,,,,,,
408,13.6,0,0,no_track,,,,,,,,,,,,,,,,,,,
409,13.6333,0,0,no_track,,,,,,,,,,,,,,,,,,,
410,13.6667,0,0,no_track,,,,,,,,,,,,,,,,,,,
411,13.7,0,0,no_track,,,,,,,,,,,,,,,,,,,
412,13.7333,0,0,no_track,,,,,,,,,,,,,,,,,,,
413,13.7667,0,0,no_track,,,,,,,,,,,,,,,,,,,
414,13.8,0,0,no_track,,,,,,,,,,,,,,,,,,,
415,13.8333,0,0,no_track,,,,,,,,,,,,,,,,,,,
416,13.8667,0,0,no_track,,,,,,,,,,,,,,,,,,,
417,13.9,0,0,no_track,,,,,,,,,,,,,,,,,,,
418,13.9333,0,0,no_track,,,,,,,,,,,,,,,,,,,
419,13.9667,0,0,no_track,,,,,,,,,,,,,,,,,,,
420,14.0,0,0,no_track,,,,,,,,,,,,,,,,,,,
421,14.0333,0,0,no_track,,,,,,,,,,,,,,,,,,,
422,14.0667,0,0,no_track,,,,,,,,,,,,,,,,,,,
423,14.1,0,0,no_track,,,,,,,,,,,,,,,,,,,
424,14.1333,0,0,no_track,,,,,,,,,,,,,,,,,,,
425,14.1667,0,0,no_track,,,,,,,,,,,,,,,,,,,
426,14.2,0,0,no_track,,,,,,,,,,,,,,,,,,,
427,14.2333,0,0,no_track,,,,,,,,,,,,,,,,,,,
428,14.2667,0,0,no_track,,,,,,,,,,,,,,,,,,,
429,14.3,0,0,no_track,,,,,,,,,,,,,,,,,,,
430,14.3333,0,0,no_track,,,,,,,,,,,,,,,,,,,
431,14.3667,0,0,no_track,,,,,,,,,,,,,,,,,,,
432,14.4,0,0,no_track,,,,,,,,,,,,,,,,,,,
433,14.4333,0,0,no_track,,,,,,,,,,,,,,,,,,,
434,14.4667,0,0,no_track,,,,,,,,,,,,,,,,,,,
435,14.5,0,0,no_track,,,,,,,,,,,,,,,,,,,
436,14.5333,0,0,no_track,,,,,,,,,,,,,,,,,,,
437,14.5667,0,0,no_track,,,,,,,,,,,,,,,,,,,
438,14.6,0,0,no_track,,,,,,,,,,,,,,,,,,,
439,14.6333,0,0,no_track,,,,,,,,,,,,,,,,,,,
440,14.6667,0,0,no_track,,,,,,,,,,,,,,,,,,,
441,14.7,0,0,no_track,,,,,,,,,,,,,,,,,,,
442,14.7333,0,0,no_track,,,,,,,,,,,,,,,,,,,
443,14.7667,0,0,no_track,,,,,,,,,,,,,,,,,,,
444,14.8,0,0,no_track,,,,,,,,,,,,,,,,,,,
445,14.8333,0,0,no_track,,,,,,,,,,,,,,,,,,,
446,14.8667,0,0,no_track,,,,,,,,,,,,,,,,,,,
447,14.9,0,0,no_track,,,,,,,,,,,,,,,,,,,
448,14.9333,0,0,no_track,,,,,,,,,,,,,,,,,,,
449,14.9667,0,0,no_track,,,,,,,,,,,,,,,,,,,
450,15.0,0,0,no_track,,,,,,,,,,,,,,,,,,,
451,15.0333,0,0,no_track,,,,,,,,,,,,,,,,,,,
452,15.0667,0,0,no_track,,,,,,,,,,,,,,,,,,,
453,15.1,0,0,no_track,,,,,,,,,,,,,,,,,,,
454,15.1333,0,0,no_track,,,,,,,,,,,,,,,,,,,
455,15.1667,0,0,no_track,,,,,,,,,,,,,,,,,,,
456,15.2,0,0,no_track,,,,,,,,,,,,,,,,,,,
457,15.2333,0,0,no_track,,,,,,,,,,,,,,,,,,,
458,15.2667,0,0,no_track,,,,,,,,,,,,,,,,,,,
459,15.3,0,0,no_track,,,,,,,,,,,,,,,,,,,
460,15.3333,0,0,no_track,,,,,,,,,,,,,,,,,,,
461,15.3667,0,0,no_track,,,,,,,,,,,,,,,,,,,
462,15.4,0,0,no_track,,,,,,,,,,,,,,,,,,,
463,15.4333,0,0,no_track,,,,,,,,,,,,,,,,,,,
464,15.4667,0,0,no_track,,,,,,,,,,,,,,,,,,,
465,15.5,0,0,no_track,,,,,,,,,,,,,,,,,,,
466,15.5333,0,0,no_track,,,,,,,,,,,,,,,,,,,
467,15.5667,0,0,no_track,,,,,,,,,,,,,,,,,,,
468,15.6,0,0,no_track,,,,,,,,,,,,,,,,,,,
469,15.6333,0,0,no_track,,,,,,,,,,,,,,,,,,,
470,15.6667,0,0,no_track,,,,,,,,,,,,,,,,,,,
471,15.7,0,0,no_track,,,,,,,,,,,,,,,,,,,
472,15.7333,0,0,no_track,,,,,,,,,,,,,,,,,,,
473,15.7667,0,0,no_track,,,,,,,,,,,,,,,,,,,
474,15.8,0,0,no_track,,,,,,,,,,,,,,,,,,,
475,15.8333,0,0,no_track,,,,,,,,,,,,,,,,,,,
476,15.8667,0,0,no_track,,,,,,,,,,,,,,,,,,,
477,15.9,0,0,no_track,,,,,,,,,,,,,,,,,,,
478,15.9333,0,0,no_track,,,,,,,,,,,,,,,,,,,
479,15.9667,0,0,no_track,,,,,,,,,,,,,,,,,,,
480,16.0,0,0,no_track,,,,,,,,,,,,,,,,,,,
481,16.0333,0,0,no_track,,,,,,,,,,,,,,,,,,,
482,16.0667,0,0,no_track,,,,,,,,,,,,,,,,,,,
483,16.1,0,0,no_track,,,,,,,,,,,,,,,,,,,
484,16.1333,0,0,no_track,,,,,,,,,,,,,,,,,,,
485,16.1667,0,0,no_track,,,,,,,,,,,,,,,,,,,
486,16.2,0,0,no_track,,,,,,,,,,,,,,,,,,,
487,16.2333,0,0,no_track,,,,,,,,,,,,,,,,,,,
488,16.2667,0,0,no_track,,,,,,,,,,,,,,,,,,,
489,16.3,0,0,no_track,,,,,,,,,,,,,,,,,,,
490,16.3333,0,0,no_track,,,,,,,,,,,,,,,,,,,
491,16.3667,0,0,no_track,,,,,,,,,,,,,,,,,,,
492,16.4,0,0,no_track,,,,,,,,,,,,,,,,,,,
493,16.4333,0,0,no_track,,,,,,,,,,,,,,,,,,,
494,16.4667,0,0,no_track,,,,,,,,,,,,,,,,,,,
495,16.5,0,0,no_track,,,,,,,,,,,,,,,,,,,
496,16.5333,0,0,no_track,,,,,,,,,,,,,,,,,,,
497,16.5667,0,0,no_track,,,,,,,,,,,,,,,,,,,
498,16.6,0,0,no_track,,,,,,,,,,,,,,,,,,,
499,16.6333,0,0,no_track,,,,,,,,,,,,,,,,,,,
500,16.6667,0,0,no_track,,,,,,,,,,,,,,,,,,,
501,16.7,0,0,no_track,,,,,,,,,,,,,,,,,,,
502,16.7333,0,0,no_track,,,,,,,,,,,,,,,,,,,
503,16.7667,0,0,no_track,,,,,,,,,,,,,,,,,,,
504,16.8,0,0,no_track,,,,,,,,,,,,,,,,,,,
505,16.8333,0,0,no_track,,,,,,,,,,,,,,,,,,,
506,16.8667,0,0,no_track,,,,,,,,,,,,,,,,,,,
507,16.9,0,0,no_track,,,,,,,,,,,,,,,,,,,
508,16.9333,0,0,no_track,,,,,,,,,,,,,,,,,,,
509,16.9667,0,0,no_track,,,,,,,,,,,,,,,,,,,
510,17.0,0,0,no_track,,,,,,,,,,,,,,,,,,,
511,17.0333,0,0,no_track,,,,,,,,,,,,,,,,,,,
512,17.0667,0,0,no_track,,,,,,,,,,,,,,,,,,,
513,17.1,0,0,no_track,,,,,,,,,,,,,,,,,,,
514,17.1333,0,0,no_track,,,,,,,,,,,,,,,,,,,
515,17.1667,0,0,no_track,,,,,,,,,,,,,,,,,,,
516,17.2,0,0,no_track,,,,,,,,,,,,,,,,,,,
517,17.2333,0,0,no_track,,,,,,,,,,,,,,,,,,,
518,17.2667,0,0,no_track,,,,,,,,,,,,,,,,,,,
519,17.3,0,0,no_track,,,,,,,,,,,,,,,,,,,
520,17.3333,0,0,no_track,,,,,,,,,,,,,,,,,,,
521,17.3667,0,0,no_track,,,,,,,,,,,,,,,,,,,
522,17.4,0,0,no_track,,,,,,,,,,,,,,,,,,,
523,17.4333,0,0,no_track,,,,,,,,,,,,,,,,,,,
524,17.4667,0,0,no_track,,,,,,,,,,,,,,,,,,,
525,17.5,0,0,no_track,,,,,,,,,,,,,,,,,,,
526,17.5333,0,0,no_track,,,,,,,,,,,,,,,,,,,
527,17.5667,0,0,no_track,,,,,,,,,,,,,,,,,,,
528,17.6,0,0,no_track,,,,,,,,,,,,,,,,,,,
529,17.6333,0,0,no_track,,,,,,,,,,,,,,,,,,,
530,17.6667,0,0,no_track,,,,,,,,,,,,,,,,,,,
531,17.7,0,0,no_track,,,,,,,,,,,,,,,,,,,
532,17.7333,0,0,no_track,,,,,,,,,,,,,,,,,,,
533,17.7667,0,0,no_track,,,,,,,,,,,,,,,,,,,
534,17.8,0,0,no_track,,,,,,,,,,,,,,,,,,,
535,17.8333,0,0,no_track,,,,,,,,,,,,,,,,,,,
536,17.8667,0,0,no_track,,,,,,,,,,,,,,,,,,,
537,17.9,0,0,no_track,,,,,,,,,,,,,,,,,,,
538,17.9333,0,0,no_track,,,,,,,,,,,,,,,,,,,
539,17.9667,0,0,no_track,,,,,,,,,,,,,,,,,,,
540,18.0,0,0,no_track,,,,,,,,,,,,,,,,,,,
541,18.0333,0,0,no_track,,,,,,,,,,,,,,,,,,,
542,18.0667,0,0,no_track,,,,,,,,,,,,,,,,,,,
543,18.1,0,0,no_track,,,,,,,,,,,,,,,,,,,
544,18.1333,0,0,no_track,,,,,,,,,,,,,,,,,,,
545,18.1667,0,0,no_track,,,,,,,,,,,,,,,,,,,
546,18.2,0,0,no_track,,,,,,,,,,,,,,,,,,,
547,18.2333,0,0,no_track,,,,,,,,,,,,,,,,,,,
548,18.2667,0,0,no_track,,,,,,,,,,,,,,,,,,,
549,18.3,0,0,no_track,,,,,,,,,,,,,,,,,,,
550,18.3333,0,0,no_track,,,,,,,,,,,,,,,,,,,
551,18.3667,0,0,no_track,,,,,,,,,,,,,,,,,,,
552,18.4,0,0,no_track,,,,,,,,,,,,,,,,,,,
553,18.4333,0,0,no_track,,,,,,,,,,,,,,,,,,,
554,18.4667,0,0,no_track,,,,,,,,,,,,,,,,,,,
555,18.5,0,0,no_track,,,,,,,,,,,,,,,,,,,
556,18.5333,0,0,no_track,,,,,,,,,,,,,,,,,,,
557,18.5667,0,0,no_track,,,,,,,,,,,,,,,,,,,
558,18.6,0,0,no_track,,,,,,,,,,,,,,,,,,,
559,18.6333,0,0,no_track,,,,,,,,,,,,,,,,,,,
560,18.6667,0,0,no_track,,,,,,,,,,,,,,,,,,,
561,18.7,0,0,no_track,,,,,,,,,,,,,,,,,,,
562,18.7333,0,0,no_track,,,,,,,,,,,,,,,,,,,
563,18.7667,0,0,no_track,,,,,,,,,,,,,,,,,,,
564,18.8,0,0,no_track,,,,,,,,,,,,,,,,,,,
565,18.8333,0,0,no_track,,,,,,,,,,,,,,,,,,,
566,18.8667,0,0,no_track,,,,,,,,,,,,,,,,,,,
567,18.9,0,0,no_track,,,,,,,,,,,,,,,,,,,
568,18.9333,0,0,no_track,,,,,,,,,,,,,,,,,,,
569,18.9667,0,0,no_track,,,,,,,,,,,,,,,,,,,
570,19.0,0,0,no_track,,,,,,,,,,,,,,,,,,,
571,19.0333,0,0,no_track,,,,,,,,,,,,,,,,,,,
572,19.0667,0,0,no_track,,,,,,,,,,,,,,,,,,,
573,19.1,0,0,no_track,,,,,,,,,,,,,,,,,,,
574,19.1333,0,0,no_track,,,,,,,,,,,,,,,,,,,
575,19.1667,0,0,no_track,,,,,,,,,,,,,,,,,,,
576,19.2,0,0,no_track,,,,,,,,,,,,,,,,,,,
577,19.2333,0,0,no_track,,,,,,,,,,,,,,,,,,,
578,19.2667,0,0,no_track,,,,,,,,,,,,,,,,,,,
579,19.3,0,0,no_track,,,,,,,,,,,,,,,,,,,
580,19.3333,0,0,no_track,,,,,,,,,,,,,,,,,,,
581,19.3667,0,0,no_track,,,,,,,,,,,,,,,,,,,
582,19.4,0,0,no_track,,,,,,,,,,,,,,,,,,,
583,19.4333,0,0,no_track,,,,,,,,,,,,,,,,,,,
584,19.4667,0,0,no_track,,,,,,,,,,,,,,,,,,,
585,19.5,0,0,no_track,,,,,,,,,,,,,,,,,,,
586,19.5333,0,0,no_track,,,,,,,,,,,,,,,,,,,
587,19.5667,0,0,no_track,,,,,,,,,,,,,,,,,,,
588,19.6,0,0,no_track,,,,,,,,,,,,,,,,,,,
589,19.6333,0,0,no_track,,,,,,,,,,,,,,,,,,,
590,19.6667,0,0,no_track,,,,,,,,,,,,,,,,,,,
591,19.7,0,0,no_track,,,,,,,,,,,,,,,,,,,
592,19.7333,0,0,no_track,,,,,,,,,,,,,,,,,,,
593,19.7667,0,0,no_track,,,,,,,,,,,,,,,,,,,
594,19.8,0,0,no_track,,,,,,,,,,,,,,,,,,,
595,19.8333,0,0,no_track,,,,,,,,,,,,,,,,,,,
596,19.8667,0,0,no_track,,,,,,,,,,,,,,,,,,,
597,19.9,0,0,no_track,,,,,,,,,,,,,,,,,,,
598,19.9333,0,0,no_track,,,,,,,,,,,,,,,,,,,
599,19.9667,0,0,no_track,,,,,,,,,,,,,,,,,,,
600,20.0,0,0,no_track,,,,,,,,,,,,,,,,,,,
601,20.0333,0,0,no_track,,,,,,,,,,,,,,,,,,,
602,20.0667,0,0,no_track,,,,,,,,,,,,,,,,,,,
603,20.1,0,0,no_track,,,,,,,,,,,,,,,,,,,
604,20.1333,0,0,no_track,,,,,,,,,,,,,,,,,,,
605,20.1667,0,0,no_track,,,,,,,,,,,,,,,,,,,
606,20.2,0,0,no_track,,,,,,,,,,,,,,,,,,,
607,20.2333,0,0,no_track,,,,,,,,,,,,,,,,,,,
608,20.2667,0,0,no_track,,,,,,,,,,,,,,,,,,,
609,20.3,0,0,no_track,,,,,,,,,,,,,,,,,,,
610,20.3333,0,0,no_track,,,,,,,,,,,,,,,,,,,
611,20.3667,0,0,no_track,,,,,,,,,,,,,,,,,,,
612,20.4,0,0,no_track,,,,,,,,,,,,,,,,,,,
613,20.4333,0,0,no_track,,,,,,,,,,,,,,,,,,,
614,20.4667,0,0,no_track,,,,,,,,,,,,,,,,,,,
615,20.5,0,0,no_track,,,,,,,,,,,,,,,,,,,
616,20.5333,0,0,no_track,,,,,,,,,,,,,,,,,,,
617,20.5667,0,0,no_track,,,,,,,,,,,,,,,,,,,
618,20.6,0,0,no_track,,,,,,,,,,,,,,,,,,,
619,20.6333,0,0,no_track,,,,,,,,,,,,,,,,,,,
620,20.6667,0,0,no_track,,,,,,,,,,,,,,,,,,,
621,20.7,0,0,no_track,,,,,,,,,,,,,,,,,,,
622,20.7333,0,0,no_track,,,,,,,,,,,,,,,,,,,
623,20.7667,0,0,no_track,,,,,,,,,,,,,,,,,,,
624,20.8,0,0,no_track,,,,,,,,,,,,,,,,,,,
625,20.8333,0,0,no_track,,,,,,,,,,,,,,,,,,,
626,20.8667,0,0,no_track,,,,,,,,,,,,,,,,,,,
627,20.9,0,0,no_track,,,,,,,,,,,,,,,,,,,
628,20.9333,0,0,no_track,,,,,,,,,,,,,,,,,,,
629,20.9667,0,0,no_track,,,,,,,,,,,,,,,,,,,
630,21.0,0,0,no_track,,,,,,,,,,,,,,,,,,,
631,21.0333,0,0,no_track,,,,,,,,,,,,,,,,,,,
632,21.0667,0,0,no_track,,,,,,,,,,,,,,,,,,,
633,21.1,0,0,no_track,,,,,,,,,,,,,,,,,,,
634,21.1333,0,0,no_track,,,,,,,,,,,,,,,,,,,
635,21.1667,0,0,no_track,,,,,,,,,,,,,,,,,,,
636,21.2,0,0,no_track,,,,,,,,,,,,,,,,,,,
637,21.2333,0,0,no_track,,,,,,,,,,,,,,,,,,,
638,21.2667,0,0,no_track,,,,,,,,,,,,,,,,,,,
639,21.3,0,0,no_track,,,,,,,,,,,,,,,,,,,
640,21.3333,0,0,no_track,,,,,,,,,,,,,,,,,,,
641,21.3667,0,0,no_track,,,,,,,,,,,,,,,,,,,
642,21.4,0,0,no_track,,,,,,,,,,,,,,,,,,,
643,21.4333,0,0,no_track,,,,,,,,,,,,,,,,,,,
644,21.4667,0,0,no_track,,,,,,,,,,,,,,,,,,,
645,21.5,0,0,no_track,,,,,,,,,,,,,,,,,,,
646,21.5333,0,0,no_track,,,,,,,,,,,,,,,,,,,
647,21.5667,0,0,no_track,,,,,,,,,,,,,,,,,,,
648,21.6,0,0,no_track,,,,,,,,,,,,,,,,,,,
649,21.6333,0,0,no_track,,,,,,,,,,,,,,,,,,,
650,21.6667,0,0,no_track,,,,,,,,,,,,,,,,,,,
651,21.7,0,0,no_track,,,,,,,,,,,,,,,,,,,
652,21.7333,0,0,no_track,,,,,,,,,,,,,,,,,,,
653,21.7667,0,0,no_track,,,,,,,,,,,,,,,,,,,
654,21.8,0,0,no_track,,,,,,,,,,,,,,,,,,,
655,21.8333,0,0,no_track,,,,,,,,,,,,,,,,,,,
656,21.8667,0,0,no_track,,,,,,,,,,,,,,,,,,,
657,21.9,0,0,no_track,,,,,,,,,,,,,,,,,,,
658,21.9333,0,0,no_track,,,,,,,,,,,,,,,,,,,
659,21.9667,0,0,no_track,,,,,,,,,,,,,,,,,,,
660,22.0,0,0,no_track,,,,,,,,,,,,,,,,,,,
661,22.0333,0,0,no_track,,,,,,,,,,,,,,,,,,,
662,22.0667,0,0,no_track,,,,,,,,,,,,,,,,,,,
663,22.1,0,0,no_track,,,,,,,,,,,,,,,,,,,
664,22.1333,0,0,no_track,,,,,,,,,,,,,,,,,,,
665,22.1667,0,0,no_track,,,,,,,,,,,,,,,,,,,
666,22.2,0,0,no_track,,,,,,,,,,,,,,,,,,,
667,22.2333,0,0,no_track,,,,,,,,,,,,,,,,,,,
668,22.2667,0,0,no_track,,,,,,,,,,,,,,,,,,,
669,22.3,0,0,no_track,,,,,,,,,,,,,,,,,,,
670,22.3333,0,0,no_track,,,,,,,,,,,,,,,,,,,
671,22.3667,0,0,no_track,,,,,,,,,,,,,,,,,,,
672,22.4,0,0,no_track,,,,,,,,,,,,,,,,,,,
673,22.4333,0,0,no_track,,,,,,,,,,,,,,,,,,,
674,22.4667,0,0,no_track,,,,,,,,,,,,,,,,,,,
675,22.5,0,0,no_track,,,,,,,,,,,,,,,,,,,
676,22.5333,0,0,no_track,,,,,,,,,,,,,,,,,,,
677,22.5667,0,0,no_track,,,,,,,,,,,,,,,,,,,
678,22.6,0,0,no_track,,,,,,,,,,,,,,,,,,,
679,22.6333,0,0,no_track,,,,,,,,,,,,,,,,,,,
680,22.6667,0,0,no_track,,,,,,,,,,,,,,,,,,,
681,22.7,0,0,no_track,,,,,,,,,,,,,,,,,,,
682,22.7333,0,0,no_track,,,,,,,,,,,,,,,,,,,
683,22.7667,0,0,no_track,,,,,,,,,,,,,,,,,,,
684,22.8,0,0,no_track,,,,,,,,,,,,,,,,,,,
685,22.8333,0,0,no_track,,,,,,,,,,,,,,,,,,,
686,22.8667,0,0,no_track,,,,,,,,,,,,,,,,,,,
687,22.9,0,0,no_track,,,,,,,,,,,,,,,,,,,
688,22.9333,0,0,no_track,,,,,,,,,,,,,,,,,,,
689,22.9667,0,0,no_track,,,,,,,,,,,,,,,,,,,
690,23.0,0,0,no_track,,,,,,,,,,,,,,,,,,,
691,23.0333,0,0,no_track,,,,,,,,,,,,,,,,,,,
692,23.0667,0,0,no_track,,,,,,,,,,,,,,,,,,,
693,23.1,0,0,no_track,,,,,,,,,,,,,,,,,,,
694,23.1333,0,0,no_track,,,,,,,,,,,,,,,,,,,
695,23.1667,0,0,no_track,,,,,,,,,,,,,,,,,,,
696,23.2,0,0,no_track,,,,,,,,,,,,,,,,,,,
697,23.2333,0,0,no_track,,,,,,,,,,,,,,,,,,,
698,23.2667,0,0,no_track,,,,,,,,,,,,,,,,,,,
699,23.3,0,0,no_track,,,,,,,,,,,,,,,,,,,
700,23.3333,0,0,no_track,,,,,,,,,,,,,,,,,,,
701,23.3667,0,0,no_track,,,,,,,,,,,,,,,,,,,
702,23.4,0,0,no_track,,,,,,,,,,,,,,,,,,,
703,23.4333,0,0,no_track,,,,,,,,,,,,,,,,,,,
704,23.4667,0,0,no_track,,,,,,,,,,,,,,,,,,,
705,23.5,0,0,no_track,,,,,,,,,,,,,,,,,,,
706,23.5333,0,0,no_track,,,,,,,,,,,,,,,,,,,
707,23.5667,0,0,no_track,,,,,,,,,,,,,,,,,,,
708,23.6,0,0,no_track,,,,,,,,,,,,,,,,,,,
709,23.6333,0,0,no_track,,,,,,,,,,,,,,,,,,,
710,23.6667,0,0,no_track,,,,,,,,,,,,,,,,,,,
711,23.7,0,0,no_track,,,,,,,,,,,,,,,,,,,
712,23.7333,0,0,no_track,,,,,,,,,,,,,,,,,,,
713,23.7667,0,0,no_track,,,,,,,,,,,,,,,,,,,
714,23.8,0,0,no_track,,,,,,,,,,,,,,,,,,,
715,23.8333,0,0,no_track,,,,,,,,,,,,,,,,,,,
716,23.8667,0,0,no_track,,,,,,,,,,,,,,,,,,,
717,23.9,0,0,no_track,,,,,,,,,,,,,,,,,,,
718,23.9333,0,0,no_track,,,,,,,,,,,,,,,,,,,
719,23.9667,0,0,no_track,,,,,,,,,,,,,,,,,,,
720,24.0,0,0,no_track,,,,,,,,,,,,,,,,,,,
721,24.0333,0,0,no_track,,,,,,,,,,,,,,,,,,,
722,24.0667,0,0,no_track,,,,,,,,,,,,,,,,,,,
723,24.1,0,0,no_track,,,,,,,,,,,,,,,,,,,
724,24.1333,0,0,no_track,,,,,,,,,,,,,,,,,,,
725,24.1667,0,0,no_track,,,,,,,,,,,,,,,,,,,
726,24.2,0,0,no_track,,,,,,,,,,,,,,,,,,,
727,24.2333,0,0,no_track,,,,,,,,,,,,,,,,,,,
728,24.2667,0,0,no_track,,,,,,,,,,,,,,,,,,,
729,24.3,0,0,no_track,,,,,,,,,,,,,,,,,,,
730,24.3333,0,0,no_track,,,,,,,,,,,,,,,,,,,
731,24.3667,0,0,no_track,,,,,,,,,,,,,,,,,,,
732,24.4,0,0,no_track,,,,,,,,,,,,,,,,,,,
733,24.4333,0,0,no_track,,,,,,,,,,,,,,,,,,,
734,24.4667,0,0,no_track,,,,,,,,,,,,,,,,,,,
735,24.5,0,0,no_track,,,,,,,,,,,,,,,,,,,
736,24.5333,0,0,no_track,,,,,,,,,,,,,,,,,,,
737,24.5667,0,0,no_track,,,,,,,,,,,,,,,,,,,
738,24.6,0,0,no_track,,,,,,,,,,,,,,,,,,,
739,24.6333,0,0,no_track,,,,,,,,,,,,,,,,,,,
740,24.6667,0,0,no_track,,,,,,,,,,,,,,,,,,,
741,24.7,0,0,no_track,,,,,,,,,,,,,,,,,,,
742,24.7333,0,0,no_track,,,,,,,,,,,,,,,,,,,
743,24.7667,0,0,no_track,,,,,,,,,,,,,,,,,,,
744,24.8,0,0,no_track,,,,,,,,,,,,,,,,,,,
745,24.8333,0,0,no_track,,,,,,,,,,,,,,,,,,,
746,24.8667,0,0,no_track,,,,,,,,,,,,,,,,,,,
747,24.9,0,0,no_track,,,,,,,,,,,,,,,,,,,
748,24.9333,0,0,no_track,,,,,,,,,,,,,,,,,,,
749,24.9667,0,0,no_track,,,,,,,,,,,,,,,,,,,
750,25.0,0,0,no_track,,,,,,,,,,,,,,,,,,,
751,25.0333,0,0,no_track,,,,,,,,,,,,,,,,,,,
752,25.0667,0,0,no_track,,,,,,,,,,,,,,,,,,,
753,25.1,0,0,no_track,,,,,,,,,,,,,,,,,,,
754,25.1333,0,0,no_track,,,,,,,,,,,,,,,,,,,
755,25.1667,0,0,no_track,,,,,,,,,,,,,,,,,,,
756,25.2,0,0,no_track,,,,,,,,,,,,,,,,,,,
757,25.2333,0,0,no_track,,,,,,,,,,,,,,,,,,,
758,25.2667,0,0,no_track,,,,,,,,,,,,,,,,,,,
759,25.3,0,0,no_track,,,,,,,,,,,,,,,,,,,
760,25.3333,0,0,no_track,,,,,,,,,,,,,,,,,,,
761,25.3667,0,0,no_track,,,,,,,,,,,,,,,,,,,
762,25.4,0,0,no_track,,,,,,,,,,,,,,,,,,,
763,25.4333,0,0,no_track,,,,,,,,,,,,,,,,,,,
764,25.4667,0,0,no_track,,,,,,,,,,,,,,,,,,,
765,25.5,0,0,no_track,,,,,,,,,,,,,,,,,,,
766,25.5333,0,0,no_track,,,,,,,,,,,,,,,,,,,
767,25.5667,0,0,no_track,,,,,,,,,,,,,,,,,,,
768,25.6,0,0,no_track,,,,,,,,,,,,,,,,,,,
769,25.6333,0,0,no_track,,,,,,,,,,,,,,,,,,,
770,25.6667,0,0,no_track,,,,,,,,,,,,,,,,,,,
771,25.7,0,0,no_track,,,,,,,,,,,,,,,,,,,
772,25.7333,0,0,no_track,,,,,,,,,,,,,,,,,,,
773,25.7667,0,0,no_track,,,,,,,,,,,,,,,,,,,
774,25.8,0,0,no_track,,,,,,,,,,,,,,,,,,,
775,25.8333,0,0,no_track,,,,,,,,,,,,,,,,,,,
776,25.8667,0,0,no_track,,,,,,,,,,,,,,,,,,,
777,25.9,0,0,no_track,,,,,,,,,,,,,,,,,,,
778,25.9333,0,0,no_track,,,,,,,,,,,,,,,,,,,
779,25.9667,0,0,no_track,,,,,,,,,,,,,,,,,,,
780,26.0,0,0,no_track,,,,,,,,,,,,,,,,,,,
781,26.0333,0,0,no_track,,,,,,,,,,,,,,,,,,,
782,26.0667,0,0,no_track,,,,,,,,,,,,,,,,,,,
783,26.1,0,0,no_track,,,,,,,,,,,,,,,,,,,
784,26.1333,0,0,no_track,,,,,,,,,,,,,,,,,,,
785,26.1667,0,0,no_track,,,,,,,,,,,,,,,,,,,
786,26.2,0,0,no_track,,,,,,,,,,,,,,,,,,,
787,26.2333,0,0,no_track,,,,,,,,,,,,,,,,,,,
788,26.2667,0,0,no_track,,,,,,,,,,,,,,,,,,,
789,26.3,0,0,no_track,,,,,,,,,,,,,,,,,,,
790,26.3333,0,0,no_track,,,,,,,,,,,,,,,,,,,
791,26.3667,0,0,no_track,,,,,,,,,,,,,,,,,,,
792,26.4,0,0,no_track,,,,,,,,,,,,,,,,,,,
793,26.4333,0,0,no_track,,,,,,,,,,,,,,,,,,,
794,26.4667,0,0,no_track,,,,,,,,,,,,,,,,,,,
795,26.5,0,0,no_track,,,,,,,,,,,,,,,,,,,
796,26.5333,0,0,no_track,,,,,,,,,,,,,,,,,,,
797,26.5667,0,0,no_track,,,,,,,,,,,,,,,,,,,
798,26.6,0,0,no_track,,,,,,,,,,,,,,,,,,,
799,26.6333,0,0,no_track,,,,,,,,,,,,,,,,,,,
800,26.6667,1,1,,9141.0,5,351.0,57.0,453.0,351.0,400.3186,213.1718,0.8273,0.8396,0.3567,0.0321,9.1518,29.9743,28.0,292,1,0,0
801,26.7,1,1,,9068.0,1,352.0,55.0,453.0,350.0,400.895,212.6268,0.8313,0.8418,0.3562,0.0311,9.2451,29.7588,28.0,293,0,0,0
802,26.7333,1,1,,9056.0,1,352.0,55.0,453.0,350.0,400.8885,212.6519,0.8275,0.8393,0.3561,0.0357,10.1971,29.6706,28.0,293,0,0,0
803,26.7667,1,1,,9046.0,1,352.0,55.0,453.0,350.0,400.876,212.5628,0.8226,0.8359,0.3563,0.0379,11.1984,29.5483,28.0,293,0,0,0
804,26.8,1,1,,9182.0,2,352.0,52.0,454.0,349.0,401.3032,211.7083,0.8176,0.8274,0.3611,0.0365,12.8956,29.5389,28.0,295,0,0,0
805,26.8333,1,1,,9141.0,1,353.0,52.0,455.0,348.0,401.49,210.8603,0.8174,0.832,0.3562,0.039,13.9179,29.7034,28.0,294,0,0,0
806,26.8667,1,1,,9113.0,1,353.0,52.0,455.0,348.0,401.4956,210.9596,0.819,0.8361,0.3522,0.0416,13.794,29.8492,28.0,294,0,0,0
807,26.9,1,1,,9144.0,2,353.0,50.0,455.0,347.0,401.772,209.4009,0.8214,0.8382,0.3515,0.0374,13.6209,29.9255,28.0,295,0,0,0
808,26.9333,1,1,,9146.0,2,353.0,49.0,455.0,347.0,401.7878,209.5471,0.8109,0.826,0.3563,0.0364,13.2386,29.4869,28.0,296,0,0,0
809,26.9667,1,1,,9130.0,2,353.0,49.0,455.0,347.0,401.798,209.6368,0.8003,0.8152,0.3602,0.0355,13.1624,29.1031,28.0,296,0,0,0
810,27.0,1,1,,9227.0,1,354.0,48.0,456.0,346.0,402.3432,207.8629,0.7917,0.8062,0.3682,0.0294,14.2015,28.78,28.0,296,0,0,0
811,27.0333,1,1,,9227.0,1,354.0,47.0,456.0,346.0,402.4846,207.8663,0.782,0.7941,0.3737,0.0315,14.0885,28.3488,28.0,297,0,0,0
812,27.0667,1,1,,9255.0,1,354.0,47.0,456.0,346.0,402.6109,207.8734,0.7718,0.7837,0.3798,0.0329,14.1013,27.9773,28.0,297,0,0,0
813,27.1,1,1,,9281.0,2,355.0,47.0,457.0,346.0,403.0053,208.1048,0.7602,0.7719,0.3865,0.0349,15.4413,27.5569,28.0,297,0,0,0
814,27.1333,1,1,,9277.0,3,355.0,47.0,457.0,346.0,403.0651,208.0055,0.7452,0.7566,0.394,0.0353,15.8765,27.011,28.0,297,0,0,0
815,27.1667,1,1,,9270.0,1,355.0,47.0,457.0,346.0,403.0991,208.1708,0.7341,0.7454,0.3995,0.0364,16.2961,26.6106,28.0,297,0,0,0
816,27.2,1,1,,9357.0,1,356.0,46.0,457.0,346.0,403.6036,207.6256,0.7325,0.742,0.409,0.0349,16.7367,26.2314,29.0,298,0,0,0
817,27.2333,1,1,,9618.0,1,355.0,46.0,458.0,347.0,403.5957,209.0864,0.7143,0.7222,0.423,0.0408,18.0913,26.0357,29.0,299,0,0,0
818,27.2667,1,1,,9608.0,1,356.0,46.0,458.0,347.0,403.7627,209.2452,0.716,0.7248,0.4246,0.0417,18.2969,25.8753,29.0,299,0,0,0
819,27.3,1,1,,9636.0,2,356.0,45.0,458.0,347.0,403.9029,208.716,0.7201,0.728,0.4233,0.0398,17.9166,25.9903,29.0,300,0,0,0
820,27.3333,1,1,,9689.0,2,357.0,45.0,458.0,347.0,404.0584,208.7062,0.7372,0.7466,0.4183,0.0398,16.5102,26.3926,29.0,300,0,0,0
821,27.3667,1,1,,9746.0,2,357.0,45.0,458.0,347.0,404.1231,208.3201,0.7464,0.757,0.4143,0.0382,15.4827,26.7617,29.0,300,0,0,0
822,27.4,1,1,,9815.0,2,358.0,44.0,458.0,347.0,404.7598,207.9002,0.763,0.7729,0.4121,0.0364,14.781,27.0531,29.0,301,0,0,0
823,27.4333,1,1,,9881.0,1,358.0,44.0,458.0,347.0,405.0038,208.9504,0.7373,0.7475,0.4284,0.0403,15.6959,26.1614,29.0,301,0,0,0
824,27.4667,1,1,,9886.0,1,358.0,44.0,458.0,347.0,405.0959,208.7172,0.715,0.7253,0.4411,0.0397,16.7429,25.3868,29.0,301,0,0,0
825,27.5,1,1,,9950.0,1,357.0,44.0,458.0,347.0,405.2725,208.9012,0.688,0.6981,0.4562,0.0402,18.0178,24.6763,29.0,301,0,0,0
826,27.5333,1,1,,9956.0,1,357.0,44.0,458.0,348.0,405.4061,208.6041,0.6724,0.6811,0.4672,0.0403,18.9398,24.0771,30.0,302,0,0,0
827,27.5667,1,1,,9953.0,1,358.0,44.0,458.0,348.0,405.4471,208.5809,0.6646,0.6737,0.4763,0.0405,19.7644,23.5805,30.0,302,0,0,0
828,27.6,1,1,,9992.0,1,358.0,44.0,458.0,349.0,405.7595,208.9174,0.6526,0.6605,0.4871,0.0414,20.2442,23.118,30.0,303,0,0,0
829,27.6333,1,1,,9975.0,1,359.0,44.0,458.0,349.0,405.9934,208.6323,0.6265,0.6341,0.5112,0.0401,20.089,21.9709,30.0,303,0,0,0
830,27.6667,1,1,,10031.0,1,359.0,44.0,458.0,349.0,406.1543,208.5551,0.6019,0.6091,0.5348,0.0406,20.1545,21.1052,30.0,303,0,0,0
831,27.7,1,1,,10059.0,2,360.0,44.0,457.0,349.0,406.2384,208.0528,0.5962,0.6034,0.5524,0.0396,19.3876,20.4852,30.0,303,0,0,0
832,27.7333,1,1,,10011.0,2,361.0,44.0,457.0,349.0,406.4618,207.1626,0.5878,0.5947,0.5639,0.0373,19.523,19.9805,30.0,303,0,0,0
833,27.7667,0,1,mask_escaped_box,9925.0,2,368.0,44.0,457.0,349.0,406.7521,206.2446,0.6227,0.6301,0.5695,0.0343,19.844,19.6284,30.0,303,0,0,1
834,27.8,1,1,,9672.0,1,370.0,45.0,455.0,345.0,406.8015,204.4181,0.638,0.6525,0.5618,0.0284,18.1881,19.4119,30.0,298,0,0,0
835,27.8333,1,1,,9591.0,1,373.0,45.0,453.0,345.0,406.8872,202.9816,0.6571,0.6717,0.576,0.0223,17.7649,18.8068,30.0,298,0,0,0
836,27.8667,1,1,,9485.0,1,374.0,45.0,452.0,345.0,407.0462,201.141,0.6527,0.6665,0.5895,0.0153,18.0418,18.1949,30.0,298,0,0,0
837,27.9,0,1,mask_escaped_box,9418.0,1,376.0,45.0,453.0,345.0,407.3398,200.0124,0.6415,0.6543,0.6046,0.0109,20.4069,17.6336,30.0,298,1,1,1
838,27.9333,0,1,mask_escaped_box,9353.0,1,376.0,45.0,453.0,345.0,407.5654,199.1805,0.6151,0.6265,0.6278,0.0078,21.78,16.8831,30.0,298,0,0,2
839,27.9667,0,1,mask_escaped_box,9317.0,1,376.0,45.0,453.0,345.0,407.6695,198.6281,0.5964,0.6066,0.6465,0.0064,22.6812,16.3488,30.0,298,0,0,3
840,28.0,0,0,no_track,,,,,,,,,,,,,,,,,,,
841,28.0333,0,0,no_track,,,,,,,,,,,,,,,,,,,
842,28.0667,0,0,no_track,,,,,,,,,,,,,,,,,,,
843,28.1,1,1,,8968.0,1,387.0,48.0,429.0,348.0,408.281,200.3461,0.948,0.9639,0.7258,0.0125,1.5162,14.2252,29.0,298,1,1,0
844,28.1333,1,1,,9059.0,1,379.0,48.0,428.0,348.0,408.0679,199.9033,0.8183,0.8274,0.7349,0.0088,8.2092,14.1899,30.0,298,0,0,0
845,28.1667,1,1,,9049.0,1,379.0,49.0,428.0,348.0,408.0557,200.1199,0.8101,0.824,0.7343,0.0075,8.6234,14.1667,30.0,297,0,0,0
846,28.2,1,1,,8980.0,1,387.0,50.0,429.0,351.0,408.5853,203.1315,0.9518,0.9649,0.7258,0.016,0.8056,14.1943,30.0,299,0,0,0
847,28.2333,1,1,,8969.0,1,386.0,51.0,429.0,351.0,408.491,203.19,0.917,0.9331,0.7313,0.0123,2.4454,14.0433,30.0,298,0,0,0
848,28.2667,1,1,,9155.0,1,377.0,51.0,432.0,353.0,408.23,203.4076,0.7182,0.7251,0.7501,0.0081,11.8063,13.9587,30.0,300,0,0,0
849,28.3,1,1,,9001.0,1,380.0,53.0,431.0,353.0,408.7558,204.3034,0.7683,0.7811,0.7375,0.0074,8.9202,13.9425,29.0,298,0,0,0
850,28.3333,1,1,,9002.0,1,379.0,53.0,431.0,353.0,408.7244,204.1494,0.7808,0.7949,0.7098,0.0015,9.3871,14.4668,29.0,298,0,0,0
851,28.3667,1,1,,9027.0,1,379.0,53.0,431.0,353.0,408.7298,204.3154,0.805,0.8216,0.6871,0.0027,8.7703,14.9525,29.0,298,0,0,0
852,28.4,1,1,,9152.0,1,380.0,54.0,432.0,359.0,408.9536,206.3357,0.8363,0.8439,0.6764,0.0017,7.1767,15.3597,29.0,303,0,0,0
853,28.4333,1,1,,9172.0,1,379.0,54.0,433.0,359.0,408.9883,206.4437,0.8244,0.8366,0.6541,0.0016,7.5604,15.8109,29.0,303,0,0,0
854,28.4667,1,1,,9174.0,1,378.0,54.0,433.0,359.0,408.9984,206.5572,0.8217,0.8393,0.6355,0.0045,8.0688,16.1559,29.0,303,0,0,0
855,28.5,1,1,,9201.0,1,379.0,54.0,434.0,359.0,409.0889,207.0275,0.8269,0.8494,0.6258,0.0054,6.8844,16.3506,29.0,303,0,0,0
856,28.5333,1,1,,9271.0,1,379.0,54.0,434.0,360.0,409.2082,207.6843,0.832,0.8559,0.6226,0.0051,6.7572,16.4769,29.5,304,0,0,0
857,28.5667,1,1,,9276.0,1,379.0,54.0,434.0,361.0,409.2159,207.6558,0.8381,0.863,0.6153,0.0068,6.7096,16.6136,29.0,305,0,0,0
858,28.6,1,1,,9342.0,1,379.0,54.0,435.0,361.0,409.4303,208.1125,0.8252,0.8519,0.6146,0.007,6.6775,16.6966,29.0,305,0,0,0
859,28.6333,1,1,,9373.0,1,379.0,54.0,435.0,362.0,409.5599,208.542,0.8255,0.8518,0.6149,0.0074,6.8155,16.6956,29.0,306,0,0,0
860,28.6667,1,1,,9333.0,1,379.0,54.0,435.0,364.0,409.7075,208.465,0.824,0.8472,0.6143,0.009,7.0638,16.6044,29.0,308,0,0,0
861,28.7,1,1,,9394.0,1,379.0,53.0,435.0,365.0,409.8742,208.4554,0.8224,0.8425,0.6202,0.0104,7.2532,16.5132,29.0,310,0,0,0
862,28.7333,1,1,,9425.0,1,379.0,53.0,435.0,365.0,409.837,208.9725,0.8171,0.8393,0.6226,0.0068,7.4123,16.4498,29.0,310,0,0,0
863,28.7667,1,1,,9394.0,1,379.0,53.0,435.0,363.0,409.9011,208.2605,0.8068,0.8352,0.6217,0.008,7.6048,16.3698,29.0,308,0,0,0
864,28.8,1,1,,9377.0,1,380.0,53.0,436.0,363.0,410.1284,206.9913,0.8018,0.8312,0.6223,0.0116,6.7524,16.2922,29.0,308,0,0,0
865,28.8333,1,1,,9376.0,1,380.0,52.0,436.0,362.0,410.2443,206.578,0.7914,0.8195,0.6316,0.0153,7.147,16.0628,29.0,308,0,0,0
866,28.8667,1,1,,9327.0,1,380.0,52.0,436.0,361.0,410.4396,205.4137,0.7818,0.8102,0.6368,0.02,7.4414,15.8795,29.0,307,0,0,0
867,28.9,1,1,,9377.0,1,380.0,52.0,436.0,360.0,410.5745,205.3614,0.7743,0.803,0.6472,0.0205,7.6519,15.7391,29.0,306,0,0,0
868,28.9333,1,1,,9316.0,1,380.0,52.0,436.0,360.0,410.7585,204.6597,0.7692,0.7966,0.6491,0.0219,7.8996,15.6125,29.0,306,0,0,0
869,28.9667,1,1,,9270.0,1,380.0,52.0,436.0,359.0,410.8572,204.069,0.7631,0.7916,0.6505,0.0227,8.0904,15.5159,29.0,305,0,0,0
870,29.0,1,1,,9309.0,1,380.0,52.0,436.0,359.0,411.0652,203.8277,0.76,0.7879,0.6566,0.0226,8.2385,15.4433,29.0,305,0,0,0
871,29.0333,1,1,,9298.0,1,380.0,52.0,436.0,359.0,411.1934,203.9415,0.7572,0.7845,0.6591,0.0211,8.3163,15.376,29.0,305,0,0,0
872,29.0667,1,1,,9313.0,1,380.0,51.0,437.0,360.0,411.322,203.4286,0.7414,0.7633,0.6669,0.0215,8.5225,15.2283,29.0,307,0,0,0
873,29.1,1,1,,9296.0,1,380.0,51.0,437.0,360.0,411.438,203.104,0.7366,0.758,0.6707,0.0218,8.6681,15.1212,29.0,307,0,0,0
874,29.1333,1,1,,9319.0,1,380.0,51.0,437.0,360.0,411.5418,203.1875,0.7161,0.7345,0.6959,0.0182,9.2505,14.6542,29.0,307,0,0,0
875,29.1667,1,1,,9364.0,1,380.0,51.0,437.0,360.0,411.5679,204.0106,0.6972,0.7128,0.7233,0.0125,9.8017,14.2196,29.0,307,0,0,0
876,29.2,1,1,,9347.0,1,380.0,52.0,438.0,361.0,411.7824,204.1323,0.6717,0.6844,0.7416,0.0102,10.2267,13.8933,29.0,307,0,0,0
877,29.2333,1,1,,9247.0,1,380.0,53.0,438.0,361.0,411.9868,203.927,0.6724,0.6858,0.7334,0.0116,10.4103,13.9226,29.0,306,0,0,0
878,29.2667,1,1,,9274.0,1,380.0,53.0,438.0,363.0,411.9913,204.5295,0.683,0.693,0.7289,0.0119,10.5315,14.0676,29.0,308,0,0,0
879,29.3,1,1,,9364.0,1,381.0,53.0,438.0,364.0,412.1656,206.25,0.7073,0.7159,0.7255,0.0084,9.5835,14.2824,29.0,309,0,0,0
880,29.3333,0,1,mask_escaped_box,9862.0,1,381.0,53.0,451.0,369.0,412.613,213.888,0.589,0.5912,0.7493,0.0146,18.8658,14.5409,29.0,314,1,1,1
881,29.3667,0,1,mask_escaped_box,9894.0,1,381.0,53.0,451.0,371.0,412.6579,214.4586,0.596,0.5979,0.7396,0.0136,18.2982,14.7356,29.0,316,0,0,2
882,29.4,0,1,mask_escaped_box,9942.0,1,381.0,55.0,454.0,372.0,412.9598,215.6909,0.5757,0.5794,0.7334,0.0153,20.9626,14.8821,30.0,315,0,0,3
883,29.4333,0,0,no_track,,,,,,,,,,,,,,,,,,,
884,29.4667,0,0,no_track,,,,,,,,,,,,,,,,,,,
885,29.5,0,0,no_track,,,,,,,,,,,,,,,,,,,
886,29.5333,1,1,,9354.0,1,391.0,56.0,434.0,372.0,412.857,211.6015,0.8561,0.8645,0.7873,0.0071,4.6908,13.0927,30.0,314,1,1,0
887,29.5667,1,1,,9509.0,1,390.0,56.0,434.0,372.0,412.8145,212.6511,0.8141,0.8212,0.824,0.0089,5.4455,12.7368,30.0,314,0,0,0
888,29.6,1,1,,9580.0,1,390.0,57.0,435.0,372.0,413.0098,213.8814,0.7786,0.7865,0.8485,0.0119,6.9337,12.4822,30.0,313,0,0,0
889,29.6333,1,1,,9593.0,1,390.0,57.0,434.0,373.0,413.0802,214.5222,0.7922,0.7994,0.8535,0.0125,5.7004,12.4494,30.0,314,0,0,0
890,29.6667,1,1,,9599.0,1,390.0,57.0,434.0,373.0,413.1329,215.2066,0.7888,0.7949,0.8603,0.0131,5.4106,12.3828,30.0,314,0,0,0
891,29.7,1,1,,9604.0,1,388.0,58.0,434.0,373.0,412.9218,217.0213,0.7426,0.749,0.8749,0.0172,5.5993,12.1977,30.0,313,0,0,0
892,29.7333,1,1,,9661.0,1,387.0,58.0,434.0,374.0,412.8787,217.8219,0.7145,0.7197,0.8947,0.0188,6.9886,12.0126,30.0,314,0,0,0
893,29.7667,1,1,,9595.0,1,389.0,58.0,434.0,374.0,413.0118,217.3727,0.8466,0.8523,0.7855,0.0116,5.5745,13.5072,29.5,314,0,0,0
894,29.8,1,1,,9650.0,1,390.0,60.0,434.0,374.0,413.2696,218.6681,0.8346,0.9069,0.703,0.0104,4.0981,15.0153,30.0,312,0,0,0
895,29.8333,1,1,,9664.0,1,390.0,60.0,434.0,375.0,413.3225,218.7406,0.8114,0.9428,0.6311,0.0086,2.5173,16.5244,30.0,313,0,0,0
896,29.8667,1,1,,9675.0,1,389.0,60.0,434.0,375.0,413.3057,218.9695,0.7846,0.9511,0.5868,0.0121,2.2011,17.5751,30.0,313,0,0,0
897,29.9,1,1,,9906.0,1,388.0,62.0,437.0,380.0,413.748,224.7696,0.8271,0.957,0.5706,0.008,2.1056,18.3155,30.0,316,0,0,0
898,29.9333,1,1,,9915.0,1,388.0,62.0,437.0,381.0,413.7882,225.1016,0.8781,0.9543,0.6093,0.0059,2.2403,17.2615,30.0,317,0,0,0
899,29.9667,1,1,,9945.0,1,388.0,62.0,437.0,382.0,413.7895,225.3724,0.9241,0.9464,0.6535,0.0106,2.6261,16.3298,30.0,318,0,0,0
900,30.0,1,1,,9903.0,1,392.0,63.0,435.0,382.0,413.7389,224.2217,0.9527,0.9963,0.6928,0.0135,1.1832,15.5403,30.0,317,0,0,0
901,30.0333,1,1,,9933.0,1,391.0,63.0,435.0,381.0,413.7594,224.6663,0.949,0.9665,0.7208,0.0186,3.3547,15.1743,30.0,316,0,0,0
902,30.0667,1,1,,9905.0,1,392.0,63.0,435.0,381.0,413.8317,224.4221,0.9443,0.9637,0.736,0.0211,5.9036,14.9653,30.0,316,0,0,0
903,30.1,1,1,,9932.0,1,390.0,64.0,435.0,381.0,413.859,225.3092,0.8817,0.9029,0.751,0.0261,7.5816,14.8057,30.0,315,0,0,0
904,30.1333,1,1,,9949.0,1,390.0,64.0,435.0,381.0,413.8632,225.4239,0.8685,0.888,0.766,0.0279,8.6853,14.6065,30.0,315,0,0,0
905,30.1667,1,1,,10026.0,1,390.0,64.0,435.0,381.0,413.936,225.919,0.8637,0.8784,0.785,0.0303,9.4751,14.4159,30.0,315,0,0,0
906,30.2,1,1,,10016.0,1,390.0,64.0,435.0,381.0,413.9956,225.3041,0.8596,0.8703,0.7954,0.029,10.0763,14.2507,31.0,315,0,0,0
907,30.2333,1,1,,10038.0,1,390.0,64.0,435.0,381.0,414.0134,225.5937,0.8559,0.8613,0.811,0.0306,10.5167,14.0313,31.0,315,0,0,0
908,30.2667,1,1,,10117.0,1,389.0,64.0,435.0,381.0,413.9668,226.651,0.8233,0.8283,0.8315,0.0344,10.7607,13.8039,31.0,315,0,0,0
909,30.3,1,1,,10219.0,1,390.0,64.0,437.0,383.0,414.3214,228.1083,0.79,0.7947,0.8513,0.0391,12.7813,13.6188,31.0,317,0,0,0
910,30.3333,1,1,,10217.0,1,391.0,64.0,438.0,383.0,414.4863,228.5801,0.7829,0.7878,0.8581,0.0404,12.5296,13.4896,30.0,317,0,0,0
911,30.3667,1,1,,10307.0,1,391.0,63.0,438.0,383.0,414.4479,229.474,0.7815,0.7849,0.8684,0.043,12.1549,13.4212,30.0,318,0,0,0
912,30.4,1,1,,10145.0,1,392.0,63.0,436.0,382.0,414.2657,227.0655,0.8343,0.8388,0.8562,0.0359,11.2561,13.3899,30.0,317,0,0,0
913,30.4333,1,1,,10148.0,1,392.0,64.0,436.0,382.0,414.2908,227.5704,0.8282,0.8353,0.8595,0.0389,11.9435,13.3659,30.0,316,0,0,0
914,30.4667,1,1,,10112.0,1,391.0,64.0,436.0,381.0,414.2025,227.4161,0.8105,0.8172,0.8587,0.0397,11.6883,13.364,30.0,315,0,0,0
915,30.5,1,1,,10027.0,1,391.0,64.0,436.0,380.0,414.2051,227.0054,0.8168,0.823,0.8488,0.0387,11.1228,13.4359,30.0,314,0,0,0
916,30.5333,1,1,,9992.0,1,391.0,64.0,435.0,379.0,414.2547,226.099,0.8406,0.8467,0.8442,0.0361,10.4755,13.4882,30.0,313,0,0,0
917,30.5667,1,1,,10012.0,1,391.0,64.0,436.0,380.0,414.262,227.1551,0.8217,0.8271,0.8446,0.0397,11.7788,13.5309,30.0,314,0,0,0
918,30.6,1,1,,9996.0,1,391.0,64.0,435.0,380.0,414.3465,226.8788,0.8382,0.8434,0.8463,0.0391,12.1282,13.5065,30.0,314,0,0,0
919,30.6333,1,1,,9978.0,1,391.0,64.0,435.0,380.0,414.3581,226.939,0.8393,0.8442,0.8442,0.0396,12.3856,13.5309,30.0,314,0,0,0
920,30.6667,1,1,,9882.0,1,390.0,64.0,435.0,380.0,414.3564,225.879,0.8212,0.8258,0.8359,0.0363,12.5282,13.5429,30.0,314,0,0,0
921,30.7,1,1,,9777.0,1,391.0,64.0,435.0,379.0,414.5919,224.9342,0.8411,0.8461,0.8279,0.0335,11.6321,13.5298,30.0,313,0,0,0
922,30.7333,1,1,,9655.0,1,392.0,64.0,434.0,377.0,414.7401,222.46,0.8809,0.887,0.8216,0.0261,9.7694,13.4592,30.0,311,0,0,0
923,30.7667,1,1,,9604.0,1,392.0,64.0,434.0,376.0,414.7268,222.03,0.8797,0.8863,0.82,0.0256,9.0851,13.4195,30.0,310,0,0,0
924,30.8,1,1,,9599.0,1,393.0,61.0,434.0,374.0,414.7815,218.4285,0.9093,0.9093,0.8226,0.015,7.5487,13.3846,30.0,311,0,0,0
925,30.8333,1,1,,9579.0,1,393.0,61.0,434.0,374.0,414.8522,218.1026,0.8895,0.8929,0.8325,0.0189,9.0488,13.1939,30.0,311,0,0,0
926,30.8667,1,1,,9599.0,1,392.0,61.0,434.0,375.0,414.7953,218.184,0.8506,0.8564,0.8433,0.022,10.7227,13.0336,30.0,312,0,0,0
927,30.9,1,1,,9618.0,1,392.0,60.0,434.0,375.0,414.8395,218.4028,0.8437,0.8488,0.8505,0.0241,10.8753,12.923,30.0,313,0,0,0
928,30.9333,1,1,,9545.0,1,390.0,60.0,434.0,375.0,414.8575,217.0109,0.8005,0.8063,0.8463,0.0205,10.8482,12.8607,29.0,313,0,0,0
929,30.9667,1,1,,9534.0,1,392.0,60.0,434.0,376.0,414.917,217.7154,0.8321,0.8394,0.847,0.0235,11.9102,12.822,29.0,314,0,0,0
930,31.0,1,1,,9535.0,1,392.0,59.0,434.0,375.0,415.198,216.95,0.8364,0.8419,0.8468,0.0215,10.9637,12.8202,29.0,314,0,0,0
931,31.0333,1,1,,9606.0,1,392.0,59.0,434.0,376.0,415.2558,217.9185,0.8274,0.8339,0.8571,0.0259,12.2689,12.7523,30.0,315,0,0,0
932,31.0667,1,1,,9651.0,1,392.0,59.0,434.0,376.0,415.3604,218.3196,0.8223,0.8297,0.8642,0.0281,12.3782,12.6928,30.0,315,0,0,0
933,31.1,1,1,,9543.0,1,390.0,59.0,434.0,376.0,415.291,216.8779,0.7787,0.7859,0.8606,0.0236,12.2132,12.5873,29.0,315,0,0,0
934,31.1333,1,1,,9515.0,1,388.0,59.0,433.0,376.0,415.097,216.0433,0.7571,0.7642,0.8621,0.0209,12.0074,12.5106,29.0,315,0,0,0
935,31.1667,0,1,mask_escaped_box,9391.0,1,388.0,58.0,433.0,377.0,414.973,214.6392,0.756,0.7615,0.851,0.0161,12.7505,12.4926,29.0,317,0,0,1
936,31.2,0,1,mask_escaped_box,9397.0,1,388.0,58.0,433.0,378.0,415.1686,214.459,0.7537,0.7593,0.8511,0.0154,13.5176,12.4864,29.0,318,0,0,2
937,31.2333,1,1,,9308.0,1,388.0,58.0,433.0,377.0,414.878,213.2863,0.7565,0.7622,0.8423,0.0112,12.2632,12.4849,28.0,317,0,0,0
938,31.2667,1,1,,9351.0,1,388.0,58.0,432.0,377.0,414.7997,213.9679,0.7645,0.7743,0.8464,0.0126,11.8395,12.4649,29.0,317,0,0,0
939,31.3,1,1,,9359.0,1,387.0,58.0,432.0,378.0,414.6863,213.9095,0.7481,0.7555,0.8492,0.0114,12.2656,12.4138,29.0,318,0,0,0
940,31.3333,1,1,,9438.0,1,387.0,58.0,432.0,377.0,414.6232,214.4662,0.752,0.7582,0.8579,0.0118,10.5259,12.3637,29.0,317,0,0,0
941,31.3667,1,1,,9347.0,1,387.0,58.0,432.0,377.0,414.7895,213.6289,0.7533,0.7588,0.8498,0.0079,9.7998,12.3355,29.0,317,0,0,0
942,31.4,1,1,,8866.0,1,388.0,58.0,433.0,379.0,415.2823,207.5464,0.7559,0.7612,0.7989,0.0121,11.5349,12.4359,28.0,319,0,0,0
943,31.4333,0,1,mask_escaped_box,8830.0,1,387.0,58.0,433.0,380.0,415.3299,207.1272,0.7287,0.7338,0.8047,0.0026,19.4503,12.5736,28.0,320,1,1,1
944,31.4667,0,1,mask_escaped_box,8122.0,2,395.0,58.0,433.0,371.0,415.5344,196.0537,0.8759,0.8881,0.757,0.024,19.6475,12.6732,28.0,311,0,0,2
945,31.5,0,1,mask_escaped_box,8663.0,1,387.0,58.0,434.0,380.0,415.5354,204.5116,0.6806,0.6854,0.8265,0.0194,37.2584,12.7508,28.0,320,0,0,3
946,31.5333,0,0,no_track,,,,,,,,,,,,,,,,,,,
947,31.5667,0,0,no_track,,,,,,,,,,,,,,,,,,,
948,31.6,0,0,no_track,,,,,,,,,,,,,,,,,,,
949,31.6333,1,1,,8095.0,1,396.0,58.0,433.0,347.0,416.4882,194.8464,0.9255,0.9802,0.7284,0.0261,0.7324,13.2481,28.0,287,1,1,0
950,31.6667,1,1,,7781.0,1,397.0,58.0,433.0,343.0,416.2964,191.1131,0.8928,1.0,0.6771,0.0505,-0.2591,13.3698,28.0,283,0,0,0
951,31.7,1,1,,7667.0,1,397.0,58.0,433.0,339.0,416.339,188.9543,0.8571,1.0,0.6496,0.0665,-0.2709,13.4704,28.0,279,0,0,0
952,31.7333,1,1,,7650.0,1,397.0,58.0,433.0,339.0,416.378,188.5004,0.8382,1.0,0.6339,0.0741,-0.2942,13.5912,28.0,279,0,0,0
953,31.7667,1,1,,7593.0,1,397.0,58.0,433.0,336.0,416.384,187.3956,0.8151,1.0,0.6184,0.0805,-0.404,13.7431,28.0,276,0,0,0
954,31.8,1,1,,7620.0,1,397.0,58.0,433.0,336.0,416.4333,187.6623,0.8056,1.0,0.6133,0.0794,-0.4764,13.916,28.0,276,0,0,0
955,31.8333,1,1,,7605.0,1,397.0,58.0,433.0,335.0,416.4696,187.0978,0.7981,1.0,0.6087,0.0781,-0.5259,14.0839,28.0,275,0,0,0
956,31.8667,1,1,,7631.0,1,397.0,58.0,433.0,336.0,416.4685,187.7276,0.813,1.0,0.6199,0.0624,-0.4053,14.239,28.0,276,0,0,0
957,31.9,1,1,,7609.0,1,397.0,58.0,433.0,336.0,416.507,187.2174,0.8321,1.0,0.6327,0.0481,-0.3031,14.3668,28.0,276,0,0,0
958,31.9333,1,1,,7599.0,1,397.0,58.0,434.0,335.0,416.5717,187.0887,0.8807,1.0,0.653,0.0308,-0.166,14.4212,28.0,275,0,0,0
959,31.9667,1,1,,7670.0,1,397.0,58.0,434.0,336.0,416.6205,187.951,0.8626,0.9716,0.6791,0.0125,7.8929,14.4468,28.0,276,0,0,0
960,32.0,0,1,mask_escaped_box,7720.0,1,397.0,57.0,434.0,339.0,416.6565,188.588,0.846,0.9418,0.7013,0.0021,16.4127,14.3904,28.0,280,1,1,1
961,32.0333,0,1,mask_escaped_box,7675.0,1,397.0,57.0,434.0,336.0,416.6387,187.3326,0.8511,0.9388,0.7136,0.0013,17.0722,14.2717,28.0,277,0,0,2
962,32.0667,0,1,mask_escaped_box,7690.0,1,397.0,57.0,434.0,336.0,416.588,187.2226,0.8506,0.931,0.7263,0.0052,19.2386,14.153,28.0,277,0,0,3
963,32.1,0,0,no_track,,,,,,,,,,,,,,,,,,,
964,32.1333,0,0,no_track,,,,,,,,,,,,,,,,,,,
965,32.1667,0,0,no_track,,,,,,,,,,,,,,,,,,,
966,32.2,1,1,,7353.0,1,397.0,57.0,435.0,314.0,416.4308,181.47,0.9604,1.0,0.7231,0.011,-0.2658,13.6922,28.0,255,1,1,0
967,32.2333,1,1,,7275.0,1,397.0,57.0,434.0,314.0,416.3982,179.4885,0.9377,1.0,0.7174,0.0178,-0.0214,13.6664,28.0,255,0,0,0
968,32.2667,1,1,,7226.0,1,397.0,57.0,434.0,313.0,416.4314,178.6294,0.9356,1.0,0.7138,0.0205,-0.1602,13.6556,28.0,254,0,0,0
969,32.3,1,1,,7194.0,1,397.0,57.0,434.0,312.0,416.4894,177.9415,0.9319,0.9945,0.7183,0.021,0.2051,13.5636,28.0,253,0,0,0
970,32.3333,1,1,,7082.0,1,397.0,57.0,434.0,306.0,416.4574,176.1511,0.9047,0.9839,0.7175,0.0253,0.597,13.4373,28.0,247,0,0,0
971,32.3667,1,1,,7049.0,1,397.0,57.0,434.0,305.0,416.5137,175.4272,0.8995,0.9765,0.7232,0.0258,0.8679,13.3364,28.0,246,0,0,0
972,32.4,1,1,,7105.0,1,397.0,57.0,434.0,305.0,416.4262,175.3789,0.8942,0.9666,0.7391,0.0241,1.2354,13.2095,28.0,246,0,0,0
973,32.4333,1,1,,7075.0,1,397.0,57.0,434.0,306.0,416.5631,175.8743,0.8924,0.9584,0.7439,0.0208,1.5394,13.1107,28.0,247,0,0,0
974,32.4667,1,1,,7093.0,1,397.0,57.0,434.0,306.0,416.6057,175.7963,0.8911,0.9535,0.7522,0.0196,1.7209,13.0464,28.0,247,0,0,0
975,32.5,1,1,,7106.0,1,397.0,57.0,434.0,306.0,416.6832,175.9932,0.8928,0.9517,0.758,0.0172,1.7886,13.018,28.0,247,0,0,0
976,32.5333,1,1,,7126.0,1,397.0,57.0,435.0,306.0,416.7195,175.954,0.9152,0.9478,0.7659,0.0143,1.7888,13.0111,28.0,247,0,0,0
977,32.5667,1,1,,7165.0,1,397.0,57.0,434.0,309.0,416.7394,176.7407,0.8753,0.9299,0.7745,0.0079,6.1855,13.0349,28.0,250,0,0,0
978,32.6,1,1,,7170.0,1,397.0,57.0,434.0,309.0,416.7582,176.7682,0.8619,0.9153,0.7868,0.0026,10.4715,13.062,28.0,250,0,0,0
979,32.6333,0,1,mask_escaped_box,7177.0,1,397.0,57.0,434.0,310.0,416.7623,176.9177,0.8377,0.8894,0.8061,0.0136,16.9242,13.0516,28.0,251,0,0,1
980,32.6667,0,1,mask_escaped_box,7205.0,1,397.0,57.0,435.0,311.0,416.7536,177.0563,0.8334,0.8635,0.8297,0.0258,23.2637,13.0183,28.0,252,0,0,2
981,32.7,0,1,mask_escaped_box,7184.0,1,397.0,57.0,435.0,312.0,416.7404,176.8573,0.8107,0.8399,0.8464,0.0357,29.0295,12.9903,28.0,253,0,0,3
982,32.7333,0,0,no_track,,,,,,,,,,,,,,,,,,,
983,32.7667,0,0,no_track,,,,,,,,,,,,,,,,,,,
984,32.8,0,0,no_track,,,,,,,,,,,,,,,,,,,
985,32.8333,0,0,no_track,,,,,,,,,,,,,,,,,,,
986,32.8667,0,0,no_track,,,,,,,,,,,,,,,,,,,
987,32.9,0,0,no_track,,,,,,,,,,,,,,,,,,,
988,32.9333,0,0,no_track,,,,,,,,,,,,,,,,,,,
989,32.9667,0,0,no_track,,,,,,,,,,,,,,,,,,,
990,33.0,0,0,no_track,,,,,,,,,,,,,,,,,,,
991,33.0333,0,0,no_track,,,,,,,,,,,,,,,,,,,
992,33.0667,0,0,no_track,,,,,,,,,,,,,,,,,,,
993,33.1,0,0,no_track,,,,,,,,,,,,,,,,,,,
994,33.1333,0,0,no_track,,,,,,,,,,,,,,,,,,,
995,33.1667,0,0,no_track,,,,,,,,,,,,,,,,,,,
996,33.2,0,0,no_track,,,,,,,,,,,,,,,,,,,
997,33.2333,0,0,no_track,,,,,,,,,,,,,,,,,,,
998,33.2667,0,0,no_track,,,,,,,,,,,,,,,,,,,
999,33.3,0,0,no_track,,,,,,,,,,,,,,,,,,,
1000,33.3333,0,0,no_track,,,,,,,,,,,,,,,,,,,
1001,33.3667,0,0,no_track,,,,,,,,,,,,,,,,,,,
1002,33.4,0,0,no_track,,,,,,,,,,,,,,,,,,,
1003,33.4333,0,0,no_track,,,,,,,,,,,,,,,,,,,
1004,33.4667,0,0,no_track,,,,,,,,,,,,,,,,,,,
1005,33.5,0,0,no_track,,,,,,,,,,,,,,,,,,,
1006,33.5333,0,0,no_track,,,,,,,,,,,,,,,,,,,
1007,33.5667,0,0,no_track,,,,,,,,,,,,,,,,,,,
1008,33.6,0,0,no_track,,,,,,,,,,,,,,,,,,,
1009,33.6333,0,0,no_track,,,,,,,,,,,,,,,,,,,
1010,33.6667,0,0,no_track,,,,,,,,,,,,,,,,,,,
1011,33.7,0,0,no_track,,,,,,,,,,,,,,,,,,,
1012,33.7333,0,0,no_track,,,,,,,,,,,,,,,,,,,
1013,33.7667,0,0,no_track,,,,,,,,,,,,,,,,,,,
1014,33.8,0,0,no_track,,,,,,,,,,,,,,,,,,,
1015,33.8333,0,0,no_track,,,,,,,,,,,,,,,,,,,
1016,33.8667,0,0,no_track,,,,,,,,,,,,,,,,,,,
1017,33.9,0,0,no_track,,,,,,,,,,,,,,,,,,,
1018,33.9333,0,0,no_track,,,,,,,,,,,,,,,,,,,
1019,33.9667,0,0,no_track,,,,,,,,,,,,,,,,,,,
1020,34.0,0,0,no_track,,,,,,,,,,,,,,,,,,,
1021,34.0333,0,0,no_track,,,,,,,,,,,,,,,,,,,
1022,34.0667,0,0,no_track,,,,,,,,,,,,,,,,,,,
1023,34.1,0,0,no_track,,,,,,,,,,,,,,,,,,,
1024,34.1333,0,0,no_track,,,,,,,,,,,,,,,,,,,
1025,34.1667,0,0,no_track,,,,,,,,,,,,,,,,,,,
1026,34.2,0,0,no_track,,,,,,,,,,,,,,,,,,,
1027,34.2333,0,0,no_track,,,,,,,,,,,,,,,,,,,
1028,34.2667,0,0,no_track,,,,,,,,,,,,,,,,,,,
1029,34.3,0,0,no_track,,,,,,,,,,,,,,,,,,,
1030,34.3333,0,0,no_track,,,,,,,,,,,,,,,,,,,
1031,34.3667,0,0,no_track,,,,,,,,,,,,,,,,,,,
1032,34.4,0,0,no_track,,,,,,,,,,,,,,,,,,,
1033,34.4333,0,0,no_track,,,,,,,,,,,,,,,,,,,
1034,34.4667,0,0,no_track,,,,,,,,,,,,,,,,,,,
1035,34.5,0,0,no_track,,,,,,,,,,,,,,,,,,,
1036,34.5333,0,0,no_track,,,,,,,,,,,,,,,,,,,
1037,34.5667,0,0,no_track,,,,,,,,,,,,,,,,,,,
1038,34.6,0,0,no_track,,,,,,,,,,,,,,,,,,,
1039,34.6333,0,0,no_track,,,,,,,,,,,,,,,,,,,
1040,34.6667,0,0,no_track,,,,,,,,,,,,,,,,,,,
1041,34.7,0,0,no_track,,,,,,,,,,,,,,,,,,,
1042,34.7333,0,0,no_track,,,,,,,,,,,,,,,,,,,
1043,34.7667,0,0,no_track,,,,,,,,,,,,,,,,,,,
1044,34.8,0,0,no_track,,,,,,,,,,,,,,,,,,,
1045,34.8333,0,0,no_track,,,,,,,,,,,,,,,,,,,
1046,34.8667,0,0,no_track,,,,,,,,,,,,,,,,,,,
1047,34.9,0,0,no_track,,,,,,,,,,,,,,,,,,,
1048,34.9333,0,0,no_track,,,,,,,,,,,,,,,,,,,
1049,34.9667,0,0,no_track,,,,,,,,,,,,,,,,,,,
1050,35.0,0,0,no_track,,,,,,,,,,,,,,,,,,,
1051,35.0333,0,0,no_track,,,,,,,,,,,,,,,,,,,
1052,35.0667,0,0,no_track,,,,,,,,,,,,,,,,,,,
1053,35.1,0,0,no_track,,,,,,,,,,,,,,,,,,,
1054,35.1333,0,0,no_track,,,,,,,,,,,,,,,,,,,
1055,35.1667,0,0,no_track,,,,,,,,,,,,,,,,,,,
1056,35.2,0,0,no_track,,,,,,,,,,,,,,,,,,,
1057,35.2333,0,0,no_track,,,,,,,,,,,,,,,,,,,
1058,35.2667,0,0,no_track,,,,,,,,,,,,,,,,,,,
1059,35.3,0,0,no_track,,,,,,,,,,,,,,,,,,,
1060,35.3333,0,0,no_track,,,,,,,,,,,,,,,,,,,
1061,35.3667,0,0,no_track,,,,,,,,,,,,,,,,,,,
1062,35.4,0,0,no_track,,,,,,,,,,,,,,,,,,,
1063,35.4333,0,0,no_track,,,,,,,,,,,,,,,,,,,
1064,35.4667,0,0,no_track,,,,,,,,,,,,,,,,,,,
1065,35.5,0,0,no_track,,,,,,,,,,,,,,,,,,,
1066,35.5333,0,0,no_track,,,,,,,,,,,,,,,,,,,
1067,35.5667,0,0,no_track,,,,,,,,,,,,,,,,,,,
1068,35.6,0,0,no_track,,,,,,,,,,,,,,,,,,,
1069,35.6333,0,0,no_track,,,,,,,,,,,,,,,,,,,
1070,35.6667,0,0,no_track,,,,,,,,,,,,,,,,,,,
1071,35.7,0,0,no_track,,,,,,,,,,,,,,,,,,,
1072,35.7333,0,0,no_track,,,,,,,,,,,,,,,,,,,
1073,35.7667,0,0,no_track,,,,,,,,,,,,,,,,,,,
1074,35.8,0,0,no_track,,,,,,,,,,,,,,,,,,,
1075,35.8333,0,0,no_track,,,,,,,,,,,,,,,,,,,
1076,35.8667,0,0,no_track,,,,,,,,,,,,,,,,,,,
1077,35.9,0,0,no_track,,,,,,,,,,,,,,,,,,,
1078,35.9333,0,0,no_track,,,,,,,,,,,,,,,,,,,
1079,35.9667,0,0,no_track,,,,,,,,,,,,,,,,,,,
1080,36.0,0,0,no_track,,,,,,,,,,,,,,,,,,,
1081,36.0333,0,0,no_track,,,,,,,,,,,,,,,,,,,
1082,36.0667,0,0,no_track,,,,,,,,,,,,,,,,,,,
1083,36.1,0,0,no_track,,,,,,,,,,,,,,,,,,,
1084,36.1333,0,0,no_track,,,,,,,,,,,,,,,,,,,
1085,36.1667,0,0,no_track,,,,,,,,,,,,,,,,,,,
1086,36.2,0,0,no_track,,,,,,,,,,,,,,,,,,,
1087,36.2333,0,0,no_track,,,,,,,,,,,,,,,,,,,
1088,36.2667,0,0,no_track,,,,,,,,,,,,,,,,,,,
1089,36.3,0,0,no_track,,,,,,,,,,,,,,,,,,,
1090,36.3333,0,0,no_track,,,,,,,,,,,,,,,,,,,
1091,36.3667,0,0,no_track,,,,,,,,,,,,,,,,,,,
1092,36.4,0,0,no_track,,,,,,,,,,,,,,,,,,,
1093,36.4333,0,0,no_track,,,,,,,,,,,,,,,,,,,
1094,36.4667,0,0,no_track,,,,,,,,,,,,,,,,,,,
1095,36.5,0,0,no_track,,,,,,,,,,,,,,,,,,,
1096,36.5333,0,0,no_track,,,,,,,,,,,,,,,,,,,
1097,36.5667,0,0,no_track,,,,,,,,,,,,,,,,,,,
1098,36.6,0,0,no_track,,,,,,,,,,,,,,,,,,,
1099,36.6333,0,0,no_track,,,,,,,,,,,,,,,,,,,
1100,36.6667,0,0,no_track,,,,,,,,,,,,,,,,,,,
1101,36.7,0,0,no_track,,,,,,,,,,,,,,,,,,,
1102,36.7333,0,0,no_track,,,,,,,,,,,,,,,,,,,
1103,36.7667,0,0,no_track,,,,,,,,,,,,,,,,,,,
1104,36.8,0,0,no_track,,,,,,,,,,,,,,,,,,,
1105,36.8333,0,0,no_track,,,,,,,,,,,,,,,,,,,
1106,36.8667,0,0,no_track,,,,,,,,,,,,,,,,,,,
1107,36.9,0,0,no_track,,,,,,,,,,,,,,,,,,,
1108,36.9333,0,0,no_track,,,,,,,,,,,,,,,,,,,
1109,36.9667,0,0,no_track,,,,,,,,,,,,,,,,,,,
1110,37.0,0,0,no_track,,,,,,,,,,,,,,,,,,,
1111,37.0333,0,0,no_track,,,,,,,,,,,,,,,,,,,
1112,37.0667,0,0,no_track,,,,,,,,,,,,,,,,,,,
1113,37.1,0,0,no_track,,,,,,,,,,,,,,,,,,,
1114,37.1333,0,0,no_track,,,,,,,,,,,,,,,,,,,
1115,37.1667,0,0,no_track,,,,,,,,,,,,,,,,,,,
1116,37.2,0,0,no_track,,,,,,,,,,,,,,,,,,,
1117,37.2333,0,0,no_track,,,,,,,,,,,,,,,,,,,
1118,37.2667,0,0,no_track,,,,,,,,,,,,,,,,,,,
1119,37.3,0,0,no_track,,,,,,,,,,,,,,,,,,,
1120,37.3333,0,0,no_track,,,,,,,,,,,,,,,,,,,
1121,37.3667,0,0,no_track,,,,,,,,,,,,,,,,,,,
1122,37.4,0,0,no_track,,,,,,,,,,,,,,,,,,,
1123,37.4333,0,0,no_track,,,,,,,,,,,,,,,,,,,
1124,37.4667,0,0,no_track,,,,,,,,,,,,,,,,,,,
1125,37.5,0,0,no_track,,,,,,,,,,,,,,,,,,,
1126,37.5333,0,0,no_track,,,,,,,,,,,,,,,,,,,
1127,37.5667,0,0,no_track,,,,,,,,,,,,,,,,,,,
1128,37.6,0,0,no_track,,,,,,,,,,,,,,,,,,,
1129,37.6333,0,0,no_track,,,,,,,,,,,,,,,,,,,
1130,37.6667,0,0,no_track,,,,,,,,,,,,,,,,,,,
1131,37.7,0,0,no_track,,,,,,,,,,,,,,,,,,,
1132,37.7333,0,0,no_track,,,,,,,,,,,,,,,,,,,
1133,37.7667,0,0,no_track,,,,,,,,,,,,,,,,,,,
1134,37.8,0,0,no_track,,,,,,,,,,,,,,,,,,,
1135,37.8333,0,0,no_track,,,,,,,,,,,,,,,,,,,
1136,37.8667,0,0,no_track,,,,,,,,,,,,,,,,,,,
1137,37.9,0,0,no_track,,,,,,,,,,,,,,,,,,,
1138,37.9333,0,0,no_track,,,,,,,,,,,,,,,,,,,
1139,37.9667,0,0,no_track,,,,,,,,,,,,,,,,,,,
1140,38.0,0,0,no_track,,,,,,,,,,,,,,,,,,,
1141,38.0333,0,0,no_track,,,,,,,,,,,,,,,,,,,
1142,38.0667,0,0,no_track,,,,,,,,,,,,,,,,,,,
1143,38.1,0,0,no_track,,,,,,,,,,,,,,,,,,,
1144,38.1333,0,0,no_track,,,,,,,,,,,,,,,,,,,
1145,38.1667,0,0,no_track,,,,,,,,,,,,,,,,,,,
1146,38.2,0,0,no_track,,,,,,,,,,,,,,,,,,,
1147,38.2333,0,0,no_track,,,,,,,,,,,,,,,,,,,
1148,38.2667,0,0,no_track,,,,,,,,,,,,,,,,,,,
1149,38.3,0,0,no_track,,,,,,,,,,,,,,,,,,,
1150,38.3333,0,0,no_track,,,,,,,,,,,,,,,,,,,
1151,38.3667,0,0,no_track,,,,,,,,,,,,,,,,,,,
1152,38.4,0,0,no_track,,,,,,,,,,,,,,,,,,,
1153,38.4333,0,0,no_track,,,,,,,,,,,,,,,,,,,
1154,38.4667,0,0,no_track,,,,,,,,,,,,,,,,,,,
1155,38.5,0,0,no_track,,,,,,,,,,,,,,,,,,,
1156,38.5333,0,0,no_track,,,,,,,,,,,,,,,,,,,
1157,38.5667,0,0,no_track,,,,,,,,,,,,,,,,,,,
1158,38.6,0,0,no_track,,,,,,,,,,,,,,,,,,,
1159,38.6333,0,0,no_track,,,,,,,,,,,,,,,,,,,
1160,38.6667,0,0,no_track,,,,,,,,,,,,,,,,,,,
1161,38.7,0,0,no_track,,,,,,,,,,,,,,,,,,,
1162,38.7333,0,0,no_track,,,,,,,,,,,,,,,,,,,
1163,38.7667,0,0,no_track,,,,,,,,,,,,,,,,,,,
1164,38.8,0,0,no_track,,,,,,,,,,,,,,,,,,,
1165,38.8333,0,0,no_track,,,,,,,,,,,,,,,,,,,
1166,38.8667,0,0,no_track,,,,,,,,,,,,,,,,,,,
1167,38.9,0,0,no_track,,,,,,,,,,,,,,,,,,,
1168,38.9333,0,0,no_track,,,,,,,,,,,,,,,,,,,
1169,38.9667,0,0,no_track,,,,,,,,,,,,,,,,,,,
1170,39.0,0,0,no_track,,,,,,,,,,,,,,,,,,,
1171,39.0333,0,0,no_track,,,,,,,,,,,,,,,,,,,
1172,39.0667,0,0,no_track,,,,,,,,,,,,,,,,,,,
1173,39.1,0,0,no_track,,,,,,,,,,,,,,,,,,,
1174,39.1333,0,0,no_track,,,,,,,,,,,,,,,,,,,
1175,39.1667,0,0,no_track,,,,,,,,,,,,,,,,,,,
1176,39.2,0,0,no_track,,,,,,,,,,,,,,,,,,,
1177,39.2333,0,0,no_track,,,,,,,,,,,,,,,,,,,
1178,39.2667,0,0,no_track,,,,,,,,,,,,,,,,,,,
1179,39.3,0,0,no_track,,,,,,,,,,,,,,,,,,,
1180,39.3333,0,0,no_track,,,,,,,,,,,,,,,,,,,
1181,39.3667,0,0,no_track,,,,,,,,,,,,,,,,,,,
1182,39.4,0,0,no_track,,,,,,,,,,,,,,,,,,,
1183,39.4333,0,0,no_track,,,,,,,,,,,,,,,,,,,
1184,39.4667,0,0,no_track,,,,,,,,,,,,,,,,,,,
1185,39.5,0,0,no_track,,,,,,,,,,,,,,,,,,,
1186,39.5333,0,0,no_track,,,,,,,,,,,,,,,,,,,
1187,39.5667,0,0,no_track,,,,,,,,,,,,,,,,,,,
1188,39.6,0,0,no_track,,,,,,,,,,,,,,,,,,,
1189,39.6333,0,0,no_track,,,,,,,,,,,,,,,,,,,
1190,39.6667,0,0,no_track,,,,,,,,,,,,,,,,,,,
1191,39.7,0,0,no_track,,,,,,,,,,,,,,,,,,,
1192,39.7333,0,0,no_track,,,,,,,,,,,,,,,,,,,
1193,39.7667,0,0,no_track,,,,,,,,,,,,,,,,,,,
1194,39.8,0,0,no_track,,,,,,,,,,,,,,,,,,,
1195,39.8333,0,0,no_track,,,,,,,,,,,,,,,,,,,
1196,39.8667,0,0,no_track,,,,,,,,,,,,,,,,,,,
1197,39.9,0,0,no_track,,,,,,,,,,,,,,,,,,,
1198,39.9333,0,0,no_track,,,,,,,,,,,,,,,,,,,
1199,39.9667,0,0,no_track,,,,,,,,,,,,,,,,,,,
1200,40.0,0,0,no_track,,,,,,,,,,,,,,,,,,,
1201,40.0333,0,0,no_track,,,,,,,,,,,,,,,,,,,
1202,40.0667,0,0,no_track,,,,,,,,,,,,,,,,,,,
1203,40.1,0,0,no_track,,,,,,,,,,,,,,,,,,,
1204,40.1333,0,0,no_track,,,,,,,,,,,,,,,,,,,
1205,40.1667,0,0,no_track,,,,,,,,,,,,,,,,,,,
1206,40.2,0,0,no_track,,,,,,,,,,,,,,,,,,,
1207,40.2333,0,0,no_track,,,,,,,,,,,,,,,,,,,
1208,40.2667,0,0,no_track,,,,,,,,,,,,,,,,,,,
1209,40.3,0,0,no_track,,,,,,,,,,,,,,,,,,,
1210,40.3333,0,0,no_track,,,,,,,,,,,,,,,,,,,
1211,40.3667,0,0,no_track,,,,,,,,,,,,,,,,,,,
1212,40.4,0,0,no_track,,,,,,,,,,,,,,,,,,,
1213,40.4333,0,0,no_track,,,,,,,,,,,,,,,,,,,
1214,40.4667,0,0,no_track,,,,,,,,,,,,,,,,,,,
1215,40.5,0,0,no_track,,,,,,,,,,,,,,,,,,,
1216,40.5333,0,0,no_track,,,,,,,,,,,,,,,,,,,
1217,40.5667,0,0,no_track,,,,,,,,,,,,,,,,,,,
1218,40.6,0,0,no_track,,,,,,,,,,,,,,,,,,,
1219,40.6333,0,0,no_track,,,,,,,,,,,,,,,,,,,
1220,40.6667,0,0,no_track,,,,,,,,,,,,,,,,,,,
1221,40.7,0,0,no_track,,,,,,,,,,,,,,,,,,,
1222,40.7333,0,0,no_track,,,,,,,,,,,,,,,,,,,
1223,40.7667,0,0,no_track,,,,,,,,,,,,,,,,,,,
1224,40.8,0,0,no_track,,,,,,,,,,,,,,,,,,,
1225,40.8333,0,0,no_track,,,,,,,,,,,,,,,,,,,
1226,40.8667,0,0,no_track,,,,,,,,,,,,,,,,,,,
1227,40.9,0,0,no_track,,,,,,,,,,,,,,,,,,,
1228,40.9333,0,0,no_track,,,,,,,,,,,,,,,,,,,
1229,40.9667,0,0,no_track,,,,,,,,,,,,,,,,,,,
1230,41.0,0,0,no_track,,,,,,,,,,,,,,,,,,,
1231,41.0333,0,0,no_track,,,,,,,,,,,,,,,,,,,
1232,41.0667,0,0,no_track,,,,,,,,,,,,,,,,,,,
1233,41.1,0,0,no_track,,,,,,,,,,,,,,,,,,,
1234,41.1333,0,0,no_track,,,,,,,,,,,,,,,,,,,
1235,41.1667,0,0,no_track,,,,,,,,,,,,,,,,,,,
1236,41.2,0,0,no_track,,,,,,,,,,,,,,,,,,,
1237,41.2333,0,0,no_track,,,,,,,,,,,,,,,,,,,
1238,41.2667,0,0,no_track,,,,,,,,,,,,,,,,,,,
1239,41.3,0,0,no_track,,,,,,,,,,,,,,,,,,,
1240,41.3333,0,0,no_track,,,,,,,,,,,,,,,,,,,
1241,41.3667,0,0,no_track,,,,,,,,,,,,,,,,,,,
1242,41.4,0,0,no_track,,,,,,,,,,,,,,,,,,,
1243,41.4333,0,0,no_track,,,,,,,,,,,,,,,,,,,
1244,41.4667,0,0,no_track,,,,,,,,,,,,,,,,,,,
1245,41.5,0,0,no_track,,,,,,,,,,,,,,,,,,,
1246,41.5333,0,0,no_track,,,,,,,,,,,,,,,,,,,
1247,41.5667,0,0,no_track,,,,,,,,,,,,,,,,,,,
1248,41.6,0,0,no_track,,,,,,,,,,,,,,,,,,,
1249,41.6333,0,0,no_track,,,,,,,,,,,,,,,,,,,
1250,41.6667,0,0,no_track,,,,,,,,,,,,,,,,,,,
1251,41.7,0,0,no_track,,,,,,,,,,,,,,,,,,,
1252,41.7333,0,0,no_track,,,,,,,,,,,,,,,,,,,
1253,41.7667,0,0,no_track,,,,,,,,,,,,,,,,,,,
1254,41.8,0,0,no_track,,,,,,,,,,,,,,,,,,,
1255,41.8333,0,0,no_track,,,,,,,,,,,,,,,,,,,
1256,41.8667,0,0,no_track,,,,,,,,,,,,,,,,,,,
1257,41.9,0,0,no_track,,,,,,,,,,,,,,,,,,,
1258,41.9333,0,0,no_track,,,,,,,,,,,,,,,,,,,
1259,41.9667,0,0,no_track,,,,,,,,,,,,,,,,,,,
1260,42.0,0,0,no_track,,,,,,,,,,,,,,,,,,,
1261,42.0333,0,0,no_track,,,,,,,,,,,,,,,,,,,
1262,42.0667,0,0,no_track,,,,,,,,,,,,,,,,,,,
1263,42.1,0,0,no_track,,,,,,,,,,,,,,,,,,,
1264,42.1333,0,0,no_track,,,,,,,,,,,,,,,,,,,
1265,42.1667,0,0,no_track,,,,,,,,,,,,,,,,,,,
1266,42.2,0,0,no_track,,,,,,,,,,,,,,,,,,,
1267,42.2333,0,0,no_track,,,,,,,,,,,,,,,,,,,
1268,42.2667,0,0,no_track,,,,,,,,,,,,,,,,,,,
1269,42.3,0,0,no_track,,,,,,,,,,,,,,,,,,,
1270,42.3333,0,0,no_track,,,,,,,,,,,,,,,,,,,
1271,42.3667,0,0,no_track,,,,,,,,,,,,,,,,,,,
1272,42.4,0,0,no_track,,,,,,,,,,,,,,,,,,,
1273,42.4333,0,0,no_track,,,,,,,,,,,,,,,,,,,
1274,42.4667,0,0,no_track,,,,,,,,,,,,,,,,,,,
1275,42.5,0,0,no_track,,,,,,,,,,,,,,,,,,,
1276,42.5333,0,0,no_track,,,,,,,,,,,,,,,,,,,
1277,42.5667,0,0,no_track,,,,,,,,,,,,,,,,,,,
1278,42.6,0,0,no_track,,,,,,,,,,,,,,,,,,,
1279,42.6333,0,0,no_track,,,,,,,,,,,,,,,,,,,
1280,42.6667,0,0,no_track,,,,,,,,,,,,,,,,,,,
1281,42.7,0,0,no_track,,,,,,,,,,,,,,,,,,,
1282,42.7333,0,0,no_track,,,,,,,,,,,,,,,,,,,
1283,42.7667,0,0,no_track,,,,,,,,,,,,,,,,,,,
1284,42.8,0,0,no_track,,,,,,,,,,,,,,,,,,,
1285,42.8333,0,0,no_track,,,,,,,,,,,,,,,,,,,
1286,42.8667,0,0,no_track,,,,,,,,,,,,,,,,,,,
1287,42.9,0,0,no_track,,,,,,,,,,,,,,,,,,,
1288,42.9333,0,0,no_track,,,,,,,,,,,,,,,,,,,
1289,42.9667,0,0,no_track,,,,,,,,,,,,,,,,,,,
1290,43.0,0,0,no_track,,,,,,,,,,,,,,,,,,,
1291,43.0333,0,0,no_track,,,,,,,,,,,,,,,,,,,
1292,43.0667,0,0,no_track,,,,,,,,,,,,,,,,,,,
1293,43.1,0,0,no_track,,,,,,,,,,,,,,,,,,,
1294,43.1333,0,0,no_track,,,,,,,,,,,,,,,,,,,
1295,43.1667,0,0,no_track,,,,,,,,,,,,,,,,,,,
1296,43.2,0,0,no_track,,,,,,,,,,,,,,,,,,,
1297,43.2333,0,0,no_track,,,,,,,,,,,,,,,,,,,
1298,43.2667,0,0,no_track,,,,,,,,,,,,,,,,,,,
1299,43.3,0,0,no_track,,,,,,,,,,,,,,,,,,,
1300,43.3333,0,0,no_track,,,,,,,,,,,,,,,,,,,
1301,43.3667,0,0,no_track,,,,,,,,,,,,,,,,,,,
1302,43.4,0,0,no_track,,,,,,,,,,,,,,,,,,,
1303,43.4333,0,0,no_track,,,,,,,,,,,,,,,,,,,
1304,43.4667,0,0,no_track,,,,,,,,,,,,,,,,,,,
1305,43.5,0,0,no_track,,,,,,,,,,,,,,,,,,,
1306,43.5333,0,0,no_track,,,,,,,,,,,,,,,,,,,
1307,43.5667,0,0,no_track,,,,,,,,,,,,,,,,,,,
1308,43.6,0,0,no_track,,,,,,,,,,,,,,,,,,,
1309,43.6333,0,0,no_track,,,,,,,,,,,,,,,,,,,
1310,43.6667,0,0,no_track,,,,,,,,,,,,,,,,,,,
1311,43.7,0,0,no_track,,,,,,,,,,,,,,,,,,,
1312,43.7333,0,0,no_track,,,,,,,,,,,,,,,,,,,
1313,43.7667,0,0,no_track,,,,,,,,,,,,,,,,,,,
1314,43.8,0,0,no_track,,,,,,,,,,,,,,,,,,,
1315,43.8333,0,0,no_track,,,,,,,,,,,,,,,,,,,
1316,43.8667,0,0,no_track,,,,,,,,,,,,,,,,,,,
1317,43.9,0,0,no_track,,,,,,,,,,,,,,,,,,,
1318,43.9333,0,0,no_track,,,,,,,,,,,,,,,,,,,
1319,43.9667,0,0,no_track,,,,,,,,,,,,,,,,,,,
1320,44.0,0,0,no_track,,,,,,,,,,,,,,,,,,,
1321,44.0333,0,0,no_track,,,,,,,,,,,,,,,,,,,
1322,44.0667,0,0,no_track,,,,,,,,,,,,,,,,,,,
1323,44.1,0,0,no_track,,,,,,,,,,,,,,,,,,,
1324,44.1333,0,0,no_track,,,,,,,,,,,,,,,,,,,
1325,44.1667,0,0,no_track,,,,,,,,,,,,,,,,,,,
1326,44.2,0,0,no_track,,,,,,,,,,,,,,,,,,,
1327,44.2333,0,0,no_track,,,,,,,,,,,,,,,,,,,
1328,44.2667,0,0,no_track,,,,,,,,,,,,,,,,,,,
1329,44.3,0,0,no_track,,,,,,,,,,,,,,,,,,,
1330,44.3333,0,0,no_track,,,,,,,,,,,,,,,,,,,
1331,44.3667,0,0,no_track,,,,,,,,,,,,,,,,,,,
1332,44.4,0,0,no_track,,,,,,,,,,,,,,,,,,,
1333,44.4333,0,0,no_track,,,,,,,,,,,,,,,,,,,
1334,44.4667,0,0,no_track,,,,,,,,,,,,,,,,,,,
1335,44.5,0,0,no_track,,,,,,,,,,,,,,,,,,,
1336,44.5333,0,0,no_track,,,,,,,,,,,,,,,,,,,
1337,44.5667,0,0,no_track,,,,,,,,,,,,,,,,,,,
1338,44.6,0,0,no_track,,,,,,,,,,,,,,,,,,,
1339,44.6333,0,0,no_track,,,,,,,,,,,,,,,,,,,
1340,44.6667,0,0,no_track,,,,,,,,,,,,,,,,,,,
1341,44.7,0,0,no_track,,,,,,,,,,,,,,,,,,,
1342,44.7333,0,0,no_track,,,,,,,,,,,,,,,,,,,
1343,44.7667,0,0,no_track,,,,,,,,,,,,,,,,,,,
1344,44.8,0,0,no_track,,,,,,,,,,,,,,,,,,,
1345,44.8333,0,0,no_track,,,,,,,,,,,,,,,,,,,
1346,44.8667,0,0,no_track,,,,,,,,,,,,,,,,,,,
1347,44.9,0,0,no_track,,,,,,,,,,,,,,,,,,,
1348,44.9333,0,0,no_track,,,,,,,,,,,,,,,,,,,
1349,44.9667,0,0,no_track,,,,,,,,,,,,,,,,,,,
1350,45.0,0,0,no_track,,,,,,,,,,,,,,,,,,,
1351,45.0333,0,0,no_track,,,,,,,,,,,,,,,,,,,
1352,45.0667,0,0,no_track,,,,,,,,,,,,,,,,,,,
1353,45.1,0,0,no_track,,,,,,,,,,,,,,,,,,,
1354,45.1333,0,0,no_track,,,,,,,,,,,,,,,,,,,
1355,45.1667,0,0,no_track,,,,,,,,,,,,,,,,,,,
1356,45.2,0,0,no_track,,,,,,,,,,,,,,,,,,,
1357,45.2333,0,0,no_track,,,,,,,,,,,,,,,,,,,
1358,45.2667,0,0,no_track,,,,,,,,,,,,,,,,,,,
1359,45.3,0,0,no_track,,,,,,,,,,,,,,,,,,,
1360,45.3333,0,0,no_track,,,,,,,,,,,,,,,,,,,
1361,45.3667,0,0,no_track,,,,,,,,,,,,,,,,,,,
1362,45.4,0,0,no_track,,,,,,,,,,,,,,,,,,,
1363,45.4333,0,0,no_track,,,,,,,,,,,,,,,,,,,
1364,45.4667,0,0,no_track,,,,,,,,,,,,,,,,,,,
1365,45.5,0,0,no_track,,,,,,,,,,,,,,,,,,,
1366,45.5333,0,0,no_track,,,,,,,,,,,,,,,,,,,
1367,45.5667,0,0,no_track,,,,,,,,,,,,,,,,,,,
1368,45.6,0,0,no_track,,,,,,,,,,,,,,,,,,,
1369,45.6333,0,0,no_track,,,,,,,,,,,,,,,,,,,
1370,45.6667,0,0,no_track,,,,,,,,,,,,,,,,,,,
1371,45.7,0,0,no_track,,,,,,,,,,,,,,,,,,,
1372,45.7333,0,0,no_track,,,,,,,,,,,,,,,,,,,
1373,45.7667,0,0,no_track,,,,,,,,,,,,,,,,,,,
1374,45.8,0,0,no_track,,,,,,,,,,,,,,,,,,,
1375,45.8333,0,0,no_track,,,,,,,,,,,,,,,,,,,
1376,45.8667,0,0,no_track,,,,,,,,,,,,,,,,,,,
1377,45.9,0,0,no_track,,,,,,,,,,,,,,,,,,,
1378,45.9333,0,0,no_track,,,,,,,,,,,,,,,,,,,
1379,45.9667,0,0,no_track,,,,,,,,,,,,,,,,,,,
1380,46.0,0,0,no_track,,,,,,,,,,,,,,,,,,,
1381,46.0333,0,0,no_track,,,,,,,,,,,,,,,,,,,
1382,46.0667,0,0,no_track,,,,,,,,,,,,,,,,,,,
1383,46.1,0,0,no_track,,,,,,,,,,,,,,,,,,,
1384,46.1333,0,0,no_track,,,,,,,,,,,,,,,,,,,
1385,46.1667,0,0,no_track,,,,,,,,,,,,,,,,,,,
1386,46.2,0,0,no_track,,,,,,,,,,,,,,,,,,,
1387,46.2333,0,0,no_track,,,,,,,,,,,,,,,,,,,
1388,46.2667,0,0,no_track,,,,,,,,,,,,,,,,,,,
1389,46.3,0,0,no_track,,,,,,,,,,,,,,,,,,,
1390,46.3333,0,0,no_track,,,,,,,,,,,,,,,,,,,
1391,46.3667,0,0,no_track,,,,,,,,,,,,,,,,,,,
1392,46.4,0,0,no_track,,,,,,,,,,,,,,,,,,,
1393,46.4333,0,0,no_track,,,,,,,,,,,,,,,,,,,
1394,46.4667,0,0,no_track,,,,,,,,,,,,,,,,,,,
1395,46.5,0,0,no_track,,,,,,,,,,,,,,,,,,,
1396,46.5333,0,0,no_track,,,,,,,,,,,,,,,,,,,
1397,46.5667,0,0,no_track,,,,,,,,,,,,,,,,,,,
1398,46.6,0,0,no_track,,,,,,,,,,,,,,,,,,,
1399,46.6333,0,0,no_track,,,,,,,,,,,,,,,,,,,
1400,46.6667,0,0,no_track,,,,,,,,,,,,,,,,,,,
1401,46.7,0,0,no_track,,,,,,,,,,,,,,,,,,,
1402,46.7333,0,0,no_track,,,,,,,,,,,,,,,,,,,
1403,46.7667,0,0,no_track,,,,,,,,,,,,,,,,,,,
1404,46.8,0,0,no_track,,,,,,,,,,,,,,,,,,,
1405,46.8333,0,0,no_track,,,,,,,,,,,,,,,,,,,
1406,46.8667,0,0,no_track,,,,,,,,,,,,,,,,,,,
1407,46.9,0,0,no_track,,,,,,,,,,,,,,,,,,,
1408,46.9333,0,0,no_track,,,,,,,,,,,,,,,,,,,
1409,46.9667,0,0,no_track,,,,,,,,,,,,,,,,,,,
1410,47.0,0,0,no_track,,,,,,,,,,,,,,,,,,,
1411,47.0333,0,0,no_track,,,,,,,,,,,,,,,,,,,
1412,47.0667,0,0,no_track,,,,,,,,,,,,,,,,,,,
1413,47.1,0,0,no_track,,,,,,,,,,,,,,,,,,,
1414,47.1333,0,0,no_track,,,,,,,,,,,,,,,,,,,
1415,47.1667,0,0,no_track,,,,,,,,,,,,,,,,,,,
1416,47.2,0,0,no_track,,,,,,,,,,,,,,,,,,,
1417,47.2333,0,0,no_track,,,,,,,,,,,,,,,,,,,
1418,47.2667,0,0,no_track,,,,,,,,,,,,,,,,,,,
1419,47.3,0,0,no_track,,,,,,,,,,,,,,,,,,,
1420,47.3333,0,0,no_track,,,,,,,,,,,,,,,,,,,
1421,47.3667,0,0,no_track,,,,,,,,,,,,,,,,,,,
1422,47.4,0,0,no_track,,,,,,,,,,,,,,,,,,,
1423,47.4333,0,0,no_track,,,,,,,,,,,,,,,,,,,
1424,47.4667,0,0,no_track,,,,,,,,,,,,,,,,,,,
1425,47.5,0,0,no_track,,,,,,,,,,,,,,,,,,,
1426,47.5333,0,0,no_track,,,,,,,,,,,,,,,,,,,
1427,47.5667,0,0,no_track,,,,,,,,,,,,,,,,,,,
1428,47.6,0,0,no_track,,,,,,,,,,,,,,,,,,,
1429,47.6333,0,0,no_track,,,,,,,,,,,,,,,,,,,
1430,47.6667,0,0,no_track,,,,,,,,,,,,,,,,,,,
1431,47.7,0,0,no_track,,,,,,,,,,,,,,,,,,,
1432,47.7333,0,0,no_track,,,,,,,,,,,,,,,,,,,
1433,47.7667,0,0,no_track,,,,,,,,,,,,,,,,,,,
1434,47.8,0,0,no_track,,,,,,,,,,,,,,,,,,,
1435,47.8333,0,0,no_track,,,,,,,,,,,,,,,,,,,
1436,47.8667,0,0,no_track,,,,,,,,,,,,,,,,,,,
1437,47.9,0,0,no_track,,,,,,,,,,,,,,,,,,,
1438,47.9333,0,0,no_track,,,,,,,,,,,,,,,,,,,
1439,47.9667,0,0,no_track,,,,,,,,,,,,,,,,,,,
1440,48.0,0,0,no_track,,,,,,,,,,,,,,,,,,,
1441,48.0333,0,0,no_track,,,,,,,,,,,,,,,,,,,
1442,48.0667,0,0,no_track,,,,,,,,,,,,,,,,,,,
1443,48.1,0,0,no_track,,,,,,,,,,,,,,,,,,,
1444,48.1333,0,0,no_track,,,,,,,,,,,,,,,,,,,
1445,48.1667,0,0,no_track,,,,,,,,,,,,,,,,,,,
1446,48.2,0,0,no_track,,,,,,,,,,,,,,,,,,,
1447,48.2333,0,0,no_track,,,,,,,,,,,,,,,,,,,
1448,48.2667,0,0,no_track,,,,,,,,,,,,,,,,,,,
1449,48.3,0,0,no_track,,,,,,,,,,,,,,,,,,,
1450,48.3333,0,0,no_track,,,,,,,,,,,,,,,,,,,
1451,48.3667,0,0,no_track,,,,,,,,,,,,,,,,,,,
1452,48.4,0,0,no_track,,,,,,,,,,,,,,,,,,,
1453,48.4333,0,0,no_track,,,,,,,,,,,,,,,,,,,
1454,48.4667,0,0,no_track,,,,,,,,,,,,,,,,,,,
1455,48.5,0,0,no_track,,,,,,,,,,,,,,,,,,,
1456,48.5333,0,0,no_track,,,,,,,,,,,,,,,,,,,
1457,48.5667,0,0,no_track,,,,,,,,,,,,,,,,,,,
1458,48.6,0,0,no_track,,,,,,,,,,,,,,,,,,,
1459,48.6333,0,0,no_track,,,,,,,,,,,,,,,,,,,
1460,48.6667,0,0,no_track,,,,,,,,,,,,,,,,,,,
1461,48.7,0,0,no_track,,,,,,,,,,,,,,,,,,,
1462,48.7333,0,0,no_track,,,,,,,,,,,,,,,,,,,
1463,48.7667,0,0,no_track,,,,,,,,,,,,,,,,,,,
1464,48.8,0,0,no_track,,,,,,,,,,,,,,,,,,,
1465,48.8333,0,0,no_track,,,,,,,,,,,,,,,,,,,
1466,48.8667,0,0,no_track,,,,,,,,,,,,,,,,,,,
1467,48.9,0,0,no_track,,,,,,,,,,,,,,,,,,,
1468,48.9333,0,0,no_track,,,,,,,,,,,,,,,,,,,
1469,48.9667,0,0,no_track,,,,,,,,,,,,,,,,,,,
1470,49.0,0,0,no_track,,,,,,,,,,,,,,,,,,,
1471,49.0333,0,0,no_track,,,,,,,,,,,,,,,,,,,
1472,49.0667,0,0,no_track,,,,,,,,,,,,,,,,,,,
1473,49.1,0,0,no_track,,,,,,,,,,,,,,,,,,,
1474,49.1333,0,0,no_track,,,,,,,,,,,,,,,,,,,
1475,49.1667,0,0,no_track,,,,,,,,,,,,,,,,,,,
1476,49.2,0,0,no_track,,,,,,,,,,,,,,,,,,,
1477,49.2333,0,0,no_track,,,,,,,,,,,,,,,,,,,
1478,49.2667,0,0,no_track,,,,,,,,,,,,,,,,,,,
1479,49.3,0,0,no_track,,,,,,,,,,,,,,,,,,,
1480,49.3333,0,0,no_track,,,,,,,,,,,,,,,,,,,
1481,49.3667,0,0,no_track,,,,,,,,,,,,,,,,,,,
1482,49.4,0,0,no_track,,,,,,,,,,,,,,,,,,,
1483,49.4333,0,0,no_track,,,,,,,,,,,,,,,,,,,
1484,49.4667,0,0,no_track,,,,,,,,,,,,,,,,,,,
1485,49.5,0,0,no_track,,,,,,,,,,,,,,,,,,,
1486,49.5333,0,0,no_track,,,,,,,,,,,,,,,,,,,
1487,49.5667,0,0,no_track,,,,,,,,,,,,,,,,,,,
1488,49.6,0,0,no_track,,,,,,,,,,,,,,,,,,,
1489,49.6333,0,0,no_track,,,,,,,,,,,,,,,,,,,
1490,49.6667,0,0,no_track,,,,,,,,,,,,,,,,,,,
1491,49.7,0,0,no_track,,,,,,,,,,,,,,,,,,,
1492,49.7333,0,0,no_track,,,,,,,,,,,,,,,,,,,
1493,49.7667,0,0,no_track,,,,,,,,,,,,,,,,,,,
1494,49.8,0,0,no_track,,,,,,,,,,,,,,,,,,,
1495,49.8333,0,0,no_track,,,,,,,,,,,,,,,,,,,
1496,49.8667,0,0,no_track,,,,,,,,,,,,,,,,,,,
1497,49.9,0,0,no_track,,,,,,,,,,,,,,,,,,,
1498,49.9333,0,0,no_track,,,,,,,,,,,,,,,,,,,
1499,49.9667,0,0,no_track,,,,,,,,,,,,,,,,,,,
1500,50.0,0,0,no_track,,,,,,,,,,,,,,,,,,,
1501,50.0333,0,0,no_track,,,,,,,,,,,,,,,,,,,
1502,50.0667,0,0,no_track,,,,,,,,,,,,,,,,,,,
1503,50.1,0,0,no_track,,,,,,,,,,,,,,,,,,,
1504,50.1333,0,0,no_track,,,,,,,,,,,,,,,,,,,
1505,50.1667,0,0,no_track,,,,,,,,,,,,,,,,,,,
1506,50.2,0,0,no_track,,,,,,,,,,,,,,,,,,,
1507,50.2333,0,0,no_track,,,,,,,,,,,,,,,,,,,
1508,50.2667,0,0,no_track,,,,,,,,,,,,,,,,,,,
1509,50.3,0,0,no_track,,,,,,,,,,,,,,,,,,,
1510,50.3333,0,0,no_track,,,,,,,,,,,,,,,,,,,
1511,50.3667,0,0,no_track,,,,,,,,,,,,,,,,,,,
1512,50.4,0,0,no_track,,,,,,,,,,,,,,,,,,,
1513,50.4333,0,0,no_track,,,,,,,,,,,,,,,,,,,
1514,50.4667,0,0,no_track,,,,,,,,,,,,,,,,,,,
1515,50.5,0,0,no_track,,,,,,,,,,,,,,,,,,,
1516,50.5333,0,0,no_track,,,,,,,,,,,,,,,,,,,
1517,50.5667,0,0,no_track,,,,,,,,,,,,,,,,,,,
1518,50.6,0,0,no_track,,,,,,,,,,,,,,,,,,,
1519,50.6333,0,0,no_track,,,,,,,,,,,,,,,,,,,
1520,50.6667,0,0,no_track,,,,,,,,,,,,,,,,,,,
1521,50.7,0,0,no_track,,,,,,,,,,,,,,,,,,,
1522,50.7333,0,0,no_track,,,,,,,,,,,,,,,,,,,
1523,50.7667,0,0,no_track,,,,,,,,,,,,,,,,,,,
1524,50.8,0,0,no_track,,,,,,,,,,,,,,,,,,,
1525,50.8333,0,0,no_track,,,,,,,,,,,,,,,,,,,
1526,50.8667,0,0,no_track,,,,,,,,,,,,,,,,,,,
1527,50.9,0,0,no_track,,,,,,,,,,,,,,,,,,,
1528,50.9333,0,0,no_track,,,,,,,,,,,,,,,,,,,
1529,50.9667,0,0,no_track,,,,,,,,,,,,,,,,,,,
1530,51.0,0,0,no_track,,,,,,,,,,,,,,,,,,,
1531,51.0333,0,0,no_track,,,,,,,,,,,,,,,,,,,
1532,51.0667,0,0,no_track,,,,,,,,,,,,,,,,,,,
1533,51.1,0,0,no_track,,,,,,,,,,,,,,,,,,,
1534,51.1333,0,0,no_track,,,,,,,,,,,,,,,,,,,
1535,51.1667,0,0,no_track,,,,,,,,,,,,,,,,,,,
1536,51.2,0,0,no_track,,,,,,,,,,,,,,,,,,,
1537,51.2333,0,0,no_track,,,,,,,,,,,,,,,,,,,
1538,51.2667,0,0,no_track,,,,,,,,,,,,,,,,,,,
1539,51.3,0,0,no_track,,,,,,,,,,,,,,,,,,,
1540,51.3333,0,0,no_track,,,,,,,,,,,,,,,,,,,
1541,51.3667,0,0,no_track,,,,,,,,,,,,,,,,,,,
1542,51.4,0,0,no_track,,,,,,,,,,,,,,,,,,,
1543,51.4333,0,0,no_track,,,,,,,,,,,,,,,,,,,
1544,51.4667,0,0,no_track,,,,,,,,,,,,,,,,,,,
1545,51.5,0,0,no_track,,,,,,,,,,,,,,,,,,,
1546,51.5333,0,0,no_track,,,,,,,,,,,,,,,,,,,
1547,51.5667,0,0,no_track,,,,,,,,,,,,,,,,,,,
1548,51.6,0,0,no_track,,,,,,,,,,,,,,,,,,,
1549,51.6333,0,0,no_track,,,,,,,,,,,,,,,,,,,
1550,51.6667,0,0,no_track,,,,,,,,,,,,,,,,,,,
1551,51.7,0,0,no_track,,,,,,,,,,,,,,,,,,,
1552,51.7333,0,0,no_track,,,,,,,,,,,,,,,,,,,
1553,51.7667,0,0,no_track,,,,,,,,,,,,,,,,,,,
1554,51.8,0,0,no_track,,,,,,,,,,,,,,,,,,,
1555,51.8333,0,0,no_track,,,,,,,,,,,,,,,,,,,
1556,51.8667,0,0,no_track,,,,,,,,,,,,,,,,,,,
1557,51.9,0,0,no_track,,,,,,,,,,,,,,,,,,,
1558,51.9333,0,0,no_track,,,,,,,,,,,,,,,,,,,
1559,51.9667,0,0,no_track,,,,,,,,,,,,,,,,,,,
1560,52.0,0,0,no_track,,,,,,,,,,,,,,,,,,,
1561,52.0333,0,0,no_track,,,,,,,,,,,,,,,,,,,
1562,52.0667,0,0,no_track,,,,,,,,,,,,,,,,,,,
1563,52.1,0,0,no_track,,,,,,,,,,,,,,,,,,,
1564,52.1333,0,0,no_track,,,,,,,,,,,,,,,,,,,
1565,52.1667,0,0,no_track,,,,,,,,,,,,,,,,,,,
1566,52.2,0,0,no_track,,,,,,,,,,,,,,,,,,,
1567,52.2333,0,0,no_track,,,,,,,,,,,,,,,,,,,
1568,52.2667,0,0,no_track,,,,,,,,,,,,,,,,,,,
1569,52.3,0,0,no_track,,,,,,,,,,,,,,,,,,,
1570,52.3333,0,0,no_track,,,,,,,,,,,,,,,,,,,
1571,52.3667,0,0,no_track,,,,,,,,,,,,,,,,,,,
1572,52.4,0,0,no_track,,,,,,,,,,,,,,,,,,,
1573,52.4333,0,0,no_track,,,,,,,,,,,,,,,,,,,
1574,52.4667,0,0,no_track,,,,,,,,,,,,,,,,,,,
1575,52.5,0,0,no_track,,,,,,,,,,,,,,,,,,,
1576,52.5333,0,0,no_track,,,,,,,,,,,,,,,,,,,
1577,52.5667,0,0,no_track,,,,,,,,,,,,,,,,,,,
1578,52.6,0,0,no_track,,,,,,,,,,,,,,,,,,,
1579,52.6333,0,0,no_track,,,,,,,,,,,,,,,,,,,
1580,52.6667,0,0,no_track,,,,,,,,,,,,,,,,,,,
1581,52.7,0,0,no_track,,,,,,,,,,,,,,,,,,,
1582,52.7333,0,0,no_track,,,,,,,,,,,,,,,,,,,
1583,52.7667,0,0,no_track,,,,,,,,,,,,,,,,,,,
1584,52.8,0,0,no_track,,,,,,,,,,,,,,,,,,,
1585,52.8333,0,0,no_track,,,,,,,,,,,,,,,,,,,
1586,52.8667,0,0,no_track,,,,,,,,,,,,,,,,,,,
1587,52.9,0,0,no_track,,,,,,,,,,,,,,,,,,,
1588,52.9333,0,0,no_track,,,,,,,,,,,,,,,,,,,
1589,52.9667,0,0,no_track,,,,,,,,,,,,,,,,,,,
1590,53.0,0,0,no_track,,,,,,,,,,,,,,,,,,,
1591,53.0333,0,0,no_track,,,,,,,,,,,,,,,,,,,
1592,53.0667,0,0,no_track,,,,,,,,,,,,,,,,,,,
1593,53.1,0,0,no_track,,,,,,,,,,,,,,,,,,,
1594,53.1333,0,0,no_track,,,,,,,,,,,,,,,,,,,
1595,53.1667,0,0,no_track,,,,,,,,,,,,,,,,,,,
1596,53.2,0,0,no_track,,,,,,,,,,,,,,,,,,,
1597,53.2333,0,0,no_track,,,,,,,,,,,,,,,,,,,
1598,53.2667,0,0,no_track,,,,,,,,,,,,,,,,,,,
1599,53.3,0,0,no_track,,,,,,,,,,,,,,,,,,,
1600,53.3333,0,0,no_track,,,,,,,,,,,,,,,,,,,
1601,53.3667,0,0,no_track,,,,,,,,,,,,,,,,,,,
1602,53.4,0,0,no_track,,,,,,,,,,,,,,,,,,,
1603,53.4333,0,0,no_track,,,,,,,,,,,,,,,,,,,
1604,53.4667,0,0,no_track,,,,,,,,,,,,,,,,,,,
1605,53.5,0,0,no_track,,,,,,,,,,,,,,,,,,,
1606,53.5333,0,0,no_track,,,,,,,,,,,,,,,,,,,
1607,53.5667,0,0,no_track,,,,,,,,,,,,,,,,,,,
1608,53.6,0,0,no_track,,,,,,,,,,,,,,,,,,,
1609,53.6333,0,0,no_track,,,,,,,,,,,,,,,,,,,
1610,53.6667,0,0,no_track,,,,,,,,,,,,,,,,,,,
1611,53.7,0,0,no_track,,,,,,,,,,,,,,,,,,,
1612,53.7333,0,0,no_track,,,,,,,,,,,,,,,,,,,
1613,53.7667,0,0,no_track,,,,,,,,,,,,,,,,,,,
1614,53.8,0,0,no_track,,,,,,,,,,,,,,,,,,,
1615,53.8333,0,0,no_track,,,,,,,,,,,,,,,,,,,
1616,53.8667,0,0,no_track,,,,,,,,,,,,,,,,,,,
1617,53.9,0,0,no_track,,,,,,,,,,,,,,,,,,,
1618,53.9333,0,0,no_track,,,,,,,,,,,,,,,,,,,
1619,53.9667,0,0,no_track,,,,,,,,,,,,,,,,,,,
1620,54.0,0,0,no_track,,,,,,,,,,,,,,,,,,,
1621,54.0333,0,0,no_track,,,,,,,,,,,,,,,,,,,
1622,54.0667,0,0,no_track,,,,,,,,,,,,,,,,,,,
1623,54.1,0,0,no_track,,,,,,,,,,,,,,,,,,,
1624,54.1333,0,0,no_track,,,,,,,,,,,,,,,,,,,
1625,54.1667,0,0,no_track,,,,,,,,,,,,,,,,,,,
1626,54.2,0,0,no_track,,,,,,,,,,,,,,,,,,,
1627,54.2333,0,0,no_track,,,,,,,,,,,,,,,,,,,
1628,54.2667,0,0,no_track,,,,,,,,,,,,,,,,,,,
1629,54.3,0,0,no_track,,,,,,,,,,,,,,,,,,,
1630,54.3333,0,0,no_track,,,,,,,,,,,,,,,,,,,
1631,54.3667,0,0,no_track,,,,,,,,,,,,,,,,,,,
1632,54.4,0,0,no_track,,,,,,,,,,,,,,,,,,,
1633,54.4333,0,0,no_track,,,,,,,,,,,,,,,,,,,
1634,54.4667,0,0,no_track,,,,,,,,,,,,,,,,,,,
1635,54.5,0,0,no_track,,,,,,,,,,,,,,,,,,,
1636,54.5333,0,0,no_track,,,,,,,,,,,,,,,,,,,
1637,54.5667,0,0,no_track,,,,,,,,,,,,,,,,,,,
1638,54.6,0,0,no_track,,,,,,,,,,,,,,,,,,,
1639,54.6333,0,0,no_track,,,,,,,,,,,,,,,,,,,
1640,54.6667,0,0,no_track,,,,,,,,,,,,,,,,,,,
1641,54.7,0,0,no_track,,,,,,,,,,,,,,,,,,,
1642,54.7333,0,0,no_track,,,,,,,,,,,,,,,,,,,
1643,54.7667,0,0,no_track,,,,,,,,,,,,,,,,,,,
1644,54.8,0,0,no_track,,,,,,,,,,,,,,,,,,,
1645,54.8333,0,0,no_track,,,,,,,,,,,,,,,,,,,
1646,54.8667,0,0,no_track,,,,,,,,,,,,,,,,,,,
1647,54.9,0,0,no_track,,,,,,,,,,,,,,,,,,,
1648,54.9333,0,0,no_track,,,,,,,,,,,,,,,,,,,
1649,54.9667,0,0,no_track,,,,,,,,,,,,,,,,,,,
1650,55.0,0,0,no_track,,,,,,,,,,,,,,,,,,,
1651,55.0333,0,0,no_track,,,,,,,,,,,,,,,,,,,
1652,55.0667,0,0,no_track,,,,,,,,,,,,,,,,,,,
1653,55.1,0,0,no_track,,,,,,,,,,,,,,,,,,,
1654,55.1333,0,0,no_track,,,,,,,,,,,,,,,,,,,
1655,55.1667,0,0,no_track,,,,,,,,,,,,,,,,,,,
1656,55.2,0,0,no_track,,,,,,,,,,,,,,,,,,,
1657,55.2333,0,0,no_track,,,,,,,,,,,,,,,,,,,
1658,55.2667,0,0,no_track,,,,,,,,,,,,,,,,,,,
1659,55.3,0,0,no_track,,,,,,,,,,,,,,,,,,,
1660,55.3333,0,0,no_track,,,,,,,,,,,,,,,,,,,
1661,55.3667,0,0,no_track,,,,,,,,,,,,,,,,,,,
1662,55.4,0,0,no_track,,,,,,,,,,,,,,,,,,,
1663,55.4333,0,0,no_track,,,,,,,,,,,,,,,,,,,
1664,55.4667,0,0,no_track,,,,,,,,,,,,,,,,,,,
1665,55.5,0,0,no_track,,,,,,,,,,,,,,,,,,,
1666,55.5333,0,0,no_track,,,,,,,,,,,,,,,,,,,
1667,55.5667,0,0,no_track,,,,,,,,,,,,,,,,,,,
1668,55.6,0,0,no_track,,,,,,,,,,,,,,,,,,,
1669,55.6333,0,0,no_track,,,,,,,,,,,,,,,,,,,
1670,55.6667,0,0,no_track,,,,,,,,,,,,,,,,,,,
1671,55.7,0,0,no_track,,,,,,,,,,,,,,,,,,,
1672,55.7333,0,0,no_track,,,,,,,,,,,,,,,,,,,
1673,55.7667,0,0,no_track,,,,,,,,,,,,,,,,,,,
1674,55.8,0,0,no_track,,,,,,,,,,,,,,,,,,,
1675,55.8333,0,0,no_track,,,,,,,,,,,,,,,,,,,
1676,55.8667,0,0,no_track,,,,,,,,,,,,,,,,,,,
1677,55.9,0,0,no_track,,,,,,,,,,,,,,,,,,,
1678,55.9333,0,0,no_track,,,,,,,,,,,,,,,,,,,
1679,55.9667,0,0,no_track,,,,,,,,,,,,,,,,,,,
1680,56.0,0,0,no_track,,,,,,,,,,,,,,,,,,,
1681,56.0333,0,0,no_track,,,,,,,,,,,,,,,,,,,
1682,56.0667,0,0,no_track,,,,,,,,,,,,,,,,,,,
1683,56.1,0,0,no_track,,,,,,,,,,,,,,,,,,,
1684,56.1333,0,0,no_track,,,,,,,,,,,,,,,,,,,
1685,56.1667,0,0,no_track,,,,,,,,,,,,,,,,,,,
1686,56.2,0,0,no_track,,,,,,,,,,,,,,,,,,,
1687,56.2333,0,0,no_track,,,,,,,,,,,,,,,,,,,
1688,56.2667,0,0,no_track,,,,,,,,,,,,,,,,,,,
1689,56.3,0,0,no_track,,,,,,,,,,,,,,,,,,,
1690,56.3333,0,0,no_track,,,,,,,,,,,,,,,,,,,
1691,56.3667,0,0,no_track,,,,,,,,,,,,,,,,,,,
1692,56.4,0,0,no_track,,,,,,,,,,,,,,,,,,,
1693,56.4333,0,0,no_track,,,,,,,,,,,,,,,,,,,
1694,56.4667,0,0,no_track,,,,,,,,,,,,,,,,,,,
1695,56.5,0,0,no_track,,,,,,,,,,,,,,,,,,,
1696,56.5333,0,0,no_track,,,,,,,,,,,,,,,,,,,
1697,56.5667,0,0,no_track,,,,,,,,,,,,,,,,,,,
1698,56.6,0,0,no_track,,,,,,,,,,,,,,,,,,,
1699,56.6333,0,0,no_track,,,,,,,,,,,,,,,,,,,
1700,56.6667,0,0,no_track,,,,,,,,,,,,,,,,,,,
1701,56.7,0,0,no_track,,,,,,,,,,,,,,,,,,,
1702,56.7333,0,0,no_track,,,,,,,,,,,,,,,,,,,
1703,56.7667,0,0,no_track,,,,,,,,,,,,,,,,,,,
1704,56.8,0,0,no_track,,,,,,,,,,,,,,,,,,,
1705,56.8333,0,0,no_track,,,,,,,,,,,,,,,,,,,
1706,56.8667,0,0,no_track,,,,,,,,,,,,,,,,,,,
1707,56.9,0,0,no_track,,,,,,,,,,,,,,,,,,,
1708,56.9333,0,0,no_track,,,,,,,,,,,,,,,,,,,
1709,56.9667,0,0,no_track,,,,,,,,,,,,,,,,,,,
1710,57.0,0,0,no_track,,,,,,,,,,,,,,,,,,,
1711,57.0333,0,0,no_track,,,,,,,,,,,,,,,,,,,
1712,57.0667,0,0,no_track,,,,,,,,,,,,,,,,,,,
1713,57.1,0,0,no_track,,,,,,,,,,,,,,,,,,,
1714,57.1333,0,0,no_track,,,,,,,,,,,,,,,,,,,
1715,57.1667,0,0,no_track,,,,,,,,,,,,,,,,,,,
1716,57.2,0,0,no_track,,,,,,,,,,,,,,,,,,,
1717,57.2333,0,0,no_track,,,,,,,,,,,,,,,,,,,
1718,57.2667,0,0,no_track,,,,,,,,,,,,,,,,,,,
1719,57.3,0,0,no_track,,,,,,,,,,,,,,,,,,,
1720,57.3333,0,0,no_track,,,,,,,,,,,,,,,,,,,
1721,57.3667,0,0,no_track,,,,,,,,,,,,,,,,,,,
1722,57.4,0,0,no_track,,,,,,,,,,,,,,,,,,,
1723,57.4333,0,0,no_track,,,,,,,,,,,,,,,,,,,
1724,57.4667,0,0,no_track,,,,,,,,,,,,,,,,,,,
1725,57.5,0,0,no_track,,,,,,,,,,,,,,,,,,,
1726,57.5333,0,0,no_track,,,,,,,,,,,,,,,,,,,
1727,57.5667,0,0,no_track,,,,,,,,,,,,,,,,,,,
1728,57.6,0,0,no_track,,,,,,,,,,,,,,,,,,,
1729,57.6333,0,0,no_track,,,,,,,,,,,,,,,,,,,
1730,57.6667,0,0,no_track,,,,,,,,,,,,,,,,,,,
1731,57.7,0,0,no_track,,,,,,,,,,,,,,,,,,,
1732,57.7333,0,0,no_track,,,,,,,,,,,,,,,,,,,
1733,57.7667,0,0,no_track,,,,,,,,,,,,,,,,,,,
1734,57.8,0,0,no_track,,,,,,,,,,,,,,,,,,,
1735,57.8333,0,0,no_track,,,,,,,,,,,,,,,,,,,
1736,57.8667,0,0,no_track,,,,,,,,,,,,,,,,,,,
1737,57.9,0,0,no_track,,,,,,,,,,,,,,,,,,,
1738,57.9333,0,0,no_track,,,,,,,,,,,,,,,,,,,
1739,57.9667,0,0,no_track,,,,,,,,,,,,,,,,,,,
1740,58.0,0,0,no_track,,,,,,,,,,,,,,,,,,,
1741,58.0333,0,0,no_track,,,,,,,,,,,,,,,,,,,
1742,58.0667,0,0,no_track,,,,,,,,,,,,,,,,,,,
1743,58.1,0,0,no_track,,,,,,,,,,,,,,,,,,,
1744,58.1333,0,0,no_track,,,,,,,,,,,,,,,,,,,
1745,58.1667,0,0,no_track,,,,,,,,,,,,,,,,,,,
1746,58.2,0,0,no_track,,,,,,,,,,,,,,,,,,,
1747,58.2333,0,0,no_track,,,,,,,,,,,,,,,,,,,
1748,58.2667,0,0,no_track,,,,,,,,,,,,,,,,,,,
1749,58.3,0,0,no_track,,,,,,,,,,,,,,,,,,,
1750,58.3333,0,0,no_track,,,,,,,,,,,,,,,,,,,
1751,58.3667,0,0,no_track,,,,,,,,,,,,,,,,,,,
1752,58.4,0,0,no_track,,,,,,,,,,,,,,,,,,,
1753,58.4333,0,0,no_track,,,,,,,,,,,,,,,,,,,
1754,58.4667,0,0,no_track,,,,,,,,,,,,,,,,,,,
1755,58.5,0,0,no_track,,,,,,,,,,,,,,,,,,,
1756,58.5333,0,0,no_track,,,,,,,,,,,,,,,,,,,
1757,58.5667,0,0,no_track,,,,,,,,,,,,,,,,,,,
1758,58.6,0,0,no_track,,,,,,,,,,,,,,,,,,,
1759,58.6333,0,0,no_track,,,,,,,,,,,,,,,,,,,
1760,58.6667,0,0,no_track,,,,,,,,,,,,,,,,,,,
1761,58.7,0,0,no_track,,,,,,,,,,,,,,,,,,,
1762,58.7333,0,0,no_track,,,,,,,,,,,,,,,,,,,
1763,58.7666,0,0,no_track,,,,,,,,,,,,,,,,,,,
1764,58.8,0,0,no_track,,,,,,,,,,,,,,,,,,,
1765,58.8333,0,0,no_track,,,,,,,,,,,,,,,,,,,
1766,58.8666,0,0,no_track,,,,,,,,,,,,,,,,,,,
1767,58.9,0,0,no_track,,,,,,,,,,,,,,,,,,,
1768,58.9333,0,0,no_track,,,,,,,,,,,,,,,,,,,
1769,58.9666,0,0,no_track,,,,,,,,,,,,,,,,,,,
1770,59.0,0,0,no_track,,,,,,,,,,,,,,,,,,,
1771,59.0333,0,0,no_track,,,,,,,,,,,,,,,,,,,
1772,59.0666,0,0,no_track,,,,,,,,,,,,,,,,,,,
1773,59.1,0,0,no_track,,,,,,,,,,,,,,,,,,,
1774,59.1333,0,0,no_track,,,,,,,,,,,,,,,,,,,
1775,59.1666,0,0,no_track,,,,,,,,,,,,,,,,,,,
1776,59.2,0,0,no_track,,,,,,,,,,,,,,,,,,,
1777,59.2333,0,0,no_track,,,,,,,,,,,,,,,,,,,
1778,59.2666,0,0,no_track,,,,,,,,,,,,,,,,,,,
1779,59.3,0,0,no_track,,,,,,,,,,,,,,,,,,,
1780,59.3333,0,0,no_track,,,,,,,,,,,,,,,,,,,
1781,59.3666,0,0,no_track,,,,,,,,,,,,,,,,,,,
1782,59.4,0,0,no_track,,,,,,,,,,,,,,,,,,,
1783,59.4333,0,0,no_track,,,,,,,,,,,,,,,,,,,
1784,59.4666,0,0,no_track,,,,,,,,,,,,,,,,,,,
1785,59.5,0,0,no_track,,,,,,,,,,,,,,,,,,,
1786,59.5333,0,0,no_track,,,,,,,,,,,,,,,,,,,
1787,59.5666,0,0,no_track,,,,,,,,,,,,,,,,,,,
1788,59.6,0,0,no_track,,,,,,,,,,,,,,,,,,,
1789,59.6333,0,0,no_track,,,,,,,,,,,,,,,,,,,
1790,59.6666,0,0,no_track,,,,,,,,,,,,,,,,,,,
1791,59.7,0,0,no_track,,,,,,,,,,,,,,,,,,,
1792,59.7333,0,0,no_track,,,,,,,,,,,,,,,,,,,
1793,59.7666,0,0,no_track,,,,,,,,,,,,,,,,,,,
1794,59.8,0,0,no_track,,,,,,,,,,,,,,,,,,,
1795,59.8333,0,0,no_track,,,,,,,,,,,,,,,,,,,
1796,59.8666,0,0,no_track,,,,,,,,,,,,,,,,,,,
1797,59.9,0,0,no_track,,,,,,,,,,,,,,,,,,,
1798,59.9333,0,0,no_track,,,,,,,,,,,,,,,,,,,
1799,59.9666,0,0,no_track,,,,,,,,,,,,,,,,,,,
1800,60.0,0,0,no_track,,,,,,,,,,,,,,,,,,,
1801,60.0333,0,0,no_track,,,,,,,,,,,,,,,,,,,
1802,60.0666,0,0,no_track,,,,,,,,,,,,,,,,,,,
1803,60.1,0,0,no_track,,,,,,,,,,,,,,,,,,,
1804,60.1333,0,0,no_track,,,,,,,,,,,,,,,,,,,
1805,60.1666,0,0,no_track,,,,,,,,,,,,,,,,,,,
1806,60.2,0,0,no_track,,,,,,,,,,,,,,,,,,,
1807,60.2333,0,0,no_track,,,,,,,,,,,,,,,,,,,
1808,60.2666,0,0,no_track,,,,,,,,,,,,,,,,,,,
1809,60.3,0,0,no_track,,,,,,,,,,,,,,,,,,,
1810,60.3333,0,0,no_track,,,,,,,,,,,,,,,,,,,
1811,60.3666,0,0,no_track,,,,,,,,,,,,,,,,,,,
1812,60.4,0,0,no_track,,,,,,,,,,,,,,,,,,,
1813,60.4333,0,0,no_track,,,,,,,,,,,,,,,,,,,
1814,60.4666,0,0,no_track,,,,,,,,,,,,,,,,,,,
1815,60.5,0,0,no_track,,,,,,,,,,,,,,,,,,,
1816,60.5333,0,0,no_track,,,,,,,,,,,,,,,,,,,
1817,60.5666,0,0,no_track,,,,,,,,,,,,,,,,,,,
1818,60.6,0,0,no_track,,,,,,,,,,,,,,,,,,,
1819,60.6333,0,0,no_track,,,,,,,,,,,,,,,,,,,
1820,60.6666,0,0,no_track,,,,,,,,,,,,,,,,,,,
1821,60.7,0,0,no_track,,,,,,,,,,,,,,,,,,,
1822,60.7333,0,0,no_track,,,,,,,,,,,,,,,,,,,
1823,60.7666,0,0,no_track,,,,,,,,,,,,,,,,,,,
1824,60.8,0,0,no_track,,,,,,,,,,,,,,,,,,,
1825,60.8333,0,0,no_track,,,,,,,,,,,,,,,,,,,
1826,60.8666,0,0,no_track,,,,,,,,,,,,,,,,,,,
1827,60.9,0,0,no_track,,,,,,,,,,,,,,,,,,,
1828,60.9333,0,0,no_track,,,,,,,,,,,,,,,,,,,
1829,60.9666,0,0,no_track,,,,,,,,,,,,,,,,,,,
1830,61.0,0,0,no_track,,,,,,,,,,,,,,,,,,,
1831,61.0333,0,0,no_track,,,,,,,,,,,,,,,,,,,
1832,61.0666,0,0,no_track,,,,,,,,,,,,,,,,,,,
1833,61.1,0,0,no_track,,,,,,,,,,,,,,,,,,,
1834,61.1333,0,0,no_track,,,,,,,,,,,,,,,,,,,
1835,61.1666,0,0,no_track,,,,,,,,,,,,,,,,,,,
1836,61.2,0,0,no_track,,,,,,,,,,,,,,,,,,,
1837,61.2333,0,0,no_track,,,,,,,,,,,,,,,,,,,
1838,61.2666,0,0,no_track,,,,,,,,,,,,,,,,,,,
1839,61.3,0,0,no_track,,,,,,,,,,,,,,,,,,,
1840,61.3333,0,0,no_track,,,,,,,,,,,,,,,,,,,
1841,61.3666,0,0,no_track,,,,,,,,,,,,,,,,,,,
1842,61.4,0,0,no_track,,,,,,,,,,,,,,,,,,,
1843,61.4333,0,0,no_track,,,,,,,,,,,,,,,,,,,
1844,61.4666,0,0,no_track,,,,,,,,,,,,,,,,,,,
1845,61.5,0,0,no_track,,,,,,,,,,,,,,,,,,,
1846,61.5333,0,0,no_track,,,,,,,,,,,,,,,,,,,
1847,61.5666,0,0,no_track,,,,,,,,,,,,,,,,,,,
1848,61.6,0,0,no_track,,,,,,,,,,,,,,,,,,,
1849,61.6333,0,0,no_track,,,,,,,,,,,,,,,,,,,
1850,61.6666,0,0,no_track,,,,,,,,,,,,,,,,,,,
1851,61.7,0,0,no_track,,,,,,,,,,,,,,,,,,,
1852,61.7333,0,0,no_track,,,,,,,,,,,,,,,,,,,
1853,61.7666,0,0,no_track,,,,,,,,,,,,,,,,,,,
1854,61.8,0,0,no_track,,,,,,,,,,,,,,,,,,,
1855,61.8333,0,0,no_track,,,,,,,,,,,,,,,,,,,
1856,61.8666,0,0,no_track,,,,,,,,,,,,,,,,,,,
1857,61.9,0,0,no_track,,,,,,,,,,,,,,,,,,,
1858,61.9333,0,0,no_track,,,,,,,,,,,,,,,,,,,
1859,61.9666,0,0,no_track,,,,,,,,,,,,,,,,,,,
1860,62.0,0,0,no_track,,,,,,,,,,,,,,,,,,,
1861,62.0333,0,0,no_track,,,,,,,,,,,,,,,,,,,
1862,62.0666,0,0,no_track,,,,,,,,,,,,,,,,,,,
1863,62.1,0,0,no_track,,,,,,,,,,,,,,,,,,,
1864,62.1333,0,0,no_track,,,,,,,,,,,,,,,,,,,
1865,62.1666,0,0,no_track,,,,,,,,,,,,,,,,,,,
1866,62.2,0,0,no_track,,,,,,,,,,,,,,,,,,,
1867,62.2333,0,0,no_track,,,,,,,,,,,,,,,,,,,
1868,62.2666,0,0,no_track,,,,,,,,,,,,,,,,,,,
1869,62.3,0,0,no_track,,,,,,,,,,,,,,,,,,,
1870,62.3333,0,0,no_track,,,,,,,,,,,,,,,,,,,
1871,62.3666,0,0,no_track,,,,,,,,,,,,,,,,,,,
1872,62.4,0,0,no_track,,,,,,,,,,,,,,,,,,,
1873,62.4333,0,0,no_track,,,,,,,,,,,,,,,,,,,
1874,62.4666,0,0,no_track,,,,,,,,,,,,,,,,,,,
1875,62.5,0,0,no_track,,,,,,,,,,,,,,,,,,,
1876,62.5333,0,0,no_track,,,,,,,,,,,,,,,,,,,
1877,62.5666,0,0,no_track,,,,,,,,,,,,,,,,,,,
1878,62.6,0,0,no_track,,,,,,,,,,,,,,,,,,,
1879,62.6333,0,0,no_track,,,,,,,,,,,,,,,,,,,
1880,62.6666,0,0,no_track,,,,,,,,,,,,,,,,,,,
1881,62.7,0,0,no_track,,,,,,,,,,,,,,,,,,,
1882,62.7333,0,0,no_track,,,,,,,,,,,,,,,,,,,
1883,62.7666,0,0,no_track,,,,,,,,,,,,,,,,,,,
1884,62.8,0,0,no_track,,,,,,,,,,,,,,,,,,,
1885,62.8333,0,0,no_track,,,,,,,,,,,,,,,,,,,
1886,62.8666,0,0,no_track,,,,,,,,,,,,,,,,,,,
1887,62.9,0,0,no_track,,,,,,,,,,,,,,,,,,,
1888,62.9333,0,0,no_track,,,,,,,,,,,,,,,,,,,
1889,62.9666,0,0,no_track,,,,,,,,,,,,,,,,,,,
1890,63.0,0,0,no_track,,,,,,,,,,,,,,,,,,,
1891,63.0333,0,0,no_track,,,,,,,,,,,,,,,,,,,
1892,63.0666,0,0,no_track,,,,,,,,,,,,,,,,,,,
1893,63.1,0,0,no_track,,,,,,,,,,,,,,,,,,,
1894,63.1333,0,0,no_track,,,,,,,,,,,,,,,,,,,
1895,63.1666,0,0,no_track,,,,,,,,,,,,,,,,,,,
1896,63.2,0,0,no_track,,,,,,,,,,,,,,,,,,,
1897,63.2333,0,0,no_track,,,,,,,,,,,,,,,,,,,
1898,63.2666,0,0,no_track,,,,,,,,,,,,,,,,,,,
1899,63.3,0,0,no_track,,,,,,,,,,,,,,,,,,,
1900,63.3333,0,0,no_track,,,,,,,,,,,,,,,,,,,
1901,63.3666,0,0,no_track,,,,,,,,,,,,,,,,,,,
1902,63.4,0,0,no_track,,,,,,,,,,,,,,,,,,,
1903,63.4333,0,0,no_track,,,,,,,,,,,,,,,,,,,
1904,63.4666,0,0,no_track,,,,,,,,,,,,,,,,,,,
1905,63.5,0,0,no_track,,,,,,,,,,,,,,,,,,,
1906,63.5333,0,0,no_track,,,,,,,,,,,,,,,,,,,
1907,63.5666,0,0,no_track,,,,,,,,,,,,,,,,,,,
1908,63.6,0,0,no_track,,,,,,,,,,,,,,,,,,,
1909,63.6333,0,0,no_track,,,,,,,,,,,,,,,,,,,
1910,63.6666,0,0,no_track,,,,,,,,,,,,,,,,,,,
1911,63.7,0,0,no_track,,,,,,,,,,,,,,,,,,,
1912,63.7333,0,0,no_track,,,,,,,,,,,,,,,,,,,
1913,63.7666,0,0,no_track,,,,,,,,,,,,,,,,,,,
1914,63.8,0,0,no_track,,,,,,,,,,,,,,,,,,,
1915,63.8333,0,0,no_track,,,,,,,,,,,,,,,,,,,
1916,63.8666,0,0,no_track,,,,,,,,,,,,,,,,,,,
1917,63.9,0,0,no_track,,,,,,,,,,,,,,,,,,,
1918,63.9333,0,0,no_track,,,,,,,,,,,,,,,,,,,
1919,63.9666,0,0,no_track,,,,,,,,,,,,,,,,,,,
1920,64.0,0,0,no_track,,,,,,,,,,,,,,,,,,,
1921,64.0333,0,0,no_track,,,,,,,,,,,,,,,,,,,
1922,64.0666,0,0,no_track,,,,,,,,,,,,,,,,,,,
1923,64.1,0,0,no_track,,,,,,,,,,,,,,,,,,,
1924,64.1333,0,0,no_track,,,,,,,,,,,,,,,,,,,
1925,64.1666,0,0,no_track,,,,,,,,,,,,,,,,,,,
1926,64.2,0,0,no_track,,,,,,,,,,,,,,,,,,,
1927,64.2333,0,0,no_track,,,,,,,,,,,,,,,,,,,
1928,64.2666,0,0,no_track,,,,,,,,,,,,,,,,,,,
1929,64.3,0,0,no_track,,,,,,,,,,,,,,,,,,,
1930,64.3333,0,0,no_track,,,,,,,,,,,,,,,,,,,
1931,64.3666,0,0,no_track,,,,,,,,,,,,,,,,,,,
1932,64.4,0,0,no_track,,,,,,,,,,,,,,,,,,,
1933,64.4333,0,0,no_track,,,,,,,,,,,,,,,,,,,
1934,64.4666,0,0,no_track,,,,,,,,,,,,,,,,,,,
1935,64.5,0,0,no_track,,,,,,,,,,,,,,,,,,,
1936,64.5333,0,0,no_track,,,,,,,,,,,,,,,,,,,
1937,64.5666,0,0,no_track,,,,,,,,,,,,,,,,,,,
1938,64.6,0,0,no_track,,,,,,,,,,,,,,,,,,,
1939,64.6333,0,0,no_track,,,,,,,,,,,,,,,,,,,
1940,64.6666,0,0,no_track,,,,,,,,,,,,,,,,,,,
1941,64.7,0,0,no_track,,,,,,,,,,,,,,,,,,,
1942,64.7333,0,0,no_track,,,,,,,,,,,,,,,,,,,
1943,64.7666,0,0,no_track,,,,,,,,,,,,,,,,,,,
1944,64.8,0,0,no_track,,,,,,,,,,,,,,,,,,,
1945,64.8333,0,0,no_track,,,,,,,,,,,,,,,,,,,
1946,64.8666,0,0,no_track,,,,,,,,,,,,,,,,,,,
1947,64.9,0,0,no_track,,,,,,,,,,,,,,,,,,,
1948,64.9333,0,0,no_track,,,,,,,,,,,,,,,,,,,
1949,64.9666,0,0,no_track,,,,,,,,,,,,,,,,,,,
1950,65.0,0,0,no_track,,,,,,,,,,,,,,,,,,,
1951,65.0333,0,0,no_track,,,,,,,,,,,,,,,,,,,
1952,65.0666,0,0,no_track,,,,,,,,,,,,,,,,,,,
1953,65.1,0,0,no_track,,,,,,,,,,,,,,,,,,,
1954,65.1333,0,0,no_track,,,,,,,,,,,,,,,,,,,
1955,65.1666,0,0,no_track,,,,,,,,,,,,,,,,,,,
1956,65.2,0,0,no_track,,,,,,,,,,,,,,,,,,,
1957,65.2333,0,0,no_track,,,,,,,,,,,,,,,,,,,
1958,65.2666,0,0,no_track,,,,,,,,,,,,,,,,,,,
1959,65.3,0,0,no_track,,,,,,,,,,,,,,,,,,,
1960,65.3333,0,0,no_track,,,,,,,,,,,,,,,,,,,
1961,65.3666,0,0,no_track,,,,,,,,,,,,,,,,,,,
1962,65.4,0,0,no_track,,,,,,,,,,,,,,,,,,,
1963,65.4333,0,0,no_track,,,,,,,,,,,,,,,,,,,
1964,65.4666,0,0,no_track,,,,,,,,,,,,,,,,,,,
1965,65.5,0,0,no_track,,,,,,,,,,,,,,,,,,,
1966,65.5333,0,0,no_track,,,,,,,,,,,,,,,,,,,
1967,65.5666,0,0,no_track,,,,,,,,,,,,,,,,,,,
1968,65.6,0,0,no_track,,,,,,,,,,,,,,,,,,,
1969,65.6333,0,0,no_track,,,,,,,,,,,,,,,,,,,
1970,65.6666,0,0,no_track,,,,,,,,,,,,,,,,,,,
1971,65.7,0,0,no_track,,,,,,,,,,,,,,,,,,,
1972,65.7333,0,0,no_track,,,,,,,,,,,,,,,,,,,
1973,65.7666,0,0,no_track,,,,,,,,,,,,,,,,,,,
1974,65.8,0,0,no_track,,,,,,,,,,,,,,,,,,,
1975,65.8333,0,0,no_track,,,,,,,,,,,,,,,,,,,
1976,65.8666,0,0,no_track,,,,,,,,,,,,,,,,,,,
1977,65.9,0,0,no_track,,,,,,,,,,,,,,,,,,,
1978,65.9333,0,0,no_track,,,,,,,,,,,,,,,,,,,
1979,65.9666,0,0,no_track,,,,,,,,,,,,,,,,,,,
1980,66.0,0,0,no_track,,,,,,,,,,,,,,,,,,,
1981,66.0333,0,0,no_track,,,,,,,,,,,,,,,,,,,
1982,66.0666,0,0,no_track,,,,,,,,,,,,,,,,,,,
1983,66.1,0,0,no_track,,,,,,,,,,,,,,,,,,,
1984,66.1333,0,0,no_track,,,,,,,,,,,,,,,,,,,
1985,66.1666,0,0,no_track,,,,,,,,,,,,,,,,,,,
1986,66.2,0,0,no_track,,,,,,,,,,,,,,,,,,,
1987,66.2333,0,0,no_track,,,,,,,,,,,,,,,,,,,
1988,66.2666,0,0,no_track,,,,,,,,,,,,,,,,,,,
1989,66.3,0,0,no_track,,,,,,,,,,,,,,,,,,,
1990,66.3333,0,0,no_track,,,,,,,,,,,,,,,,,,,
1991,66.3666,0,0,no_track,,,,,,,,,,,,,,,,,,,
1992,66.4,0,0,no_track,,,,,,,,,,,,,,,,,,,
1993,66.4333,0,0,no_track,,,,,,,,,,,,,,,,,,,
1994,66.4666,0,0,no_track,,,,,,,,,,,,,,,,,,,
1995,66.5,0,0,no_track,,,,,,,,,,,,,,,,,,,
1996,66.5333,0,0,no_track,,,,,,,,,,,,,,,,,,,
1997,66.5666,0,0,no_track,,,,,,,,,,,,,,,,,,,
1998,66.6,0,0,no_track,,,,,,,,,,,,,,,,,,,
1999,66.6333,0,0,no_track,,,,,,,,,,,,,,,,,,,
2000,66.6666,0,0,no_track,,,,,,,,,,,,,,,,,,,
2001,66.7,0,0,no_track,,,,,,,,,,,,,,,,,,,
2002,66.7333,0,0,no_track,,,,,,,,,,,,,,,,,,,
2003,66.7666,0,0,no_track,,,,,,,,,,,,,,,,,,,
2004,66.8,0,0,no_track,,,,,,,,,,,,,,,,,,,
2005,66.8333,0,0,no_track,,,,,,,,,,,,,,,,,,,
2006,66.8666,0,0,no_track,,,,,,,,,,,,,,,,,,,
2007,66.9,0,0,no_track,,,,,,,,,,,,,,,,,,,
2008,66.9333,0,0,no_track,,,,,,,,,,,,,,,,,,,
2009,66.9666,0,0,no_track,,,,,,,,,,,,,,,,,,,
2010,67.0,0,0,no_track,,,,,,,,,,,,,,,,,,,
2011,67.0333,0,0,no_track,,,,,,,,,,,,,,,,,,,
2012,67.0666,0,0,no_track,,,,,,,,,,,,,,,,,,,
2013,67.1,0,0,no_track,,,,,,,,,,,,,,,,,,,
2014,67.1333,0,0,no_track,,,,,,,,,,,,,,,,,,,
2015,67.1666,0,0,no_track,,,,,,,,,,,,,,,,,,,
2016,67.2,0,0,no_track,,,,,,,,,,,,,,,,,,,
2017,67.2333,0,0,no_track,,,,,,,,,,,,,,,,,,,
2018,67.2666,0,0,no_track,,,,,,,,,,,,,,,,,,,
2019,67.3,0,0,no_track,,,,,,,,,,,,,,,,,,,
2020,67.3333,0,0,no_track,,,,,,,,,,,,,,,,,,,
2021,67.3666,0,0,no_track,,,,,,,,,,,,,,,,,,,
2022,67.4,0,0,no_track,,,,,,,,,,,,,,,,,,,
2023,67.4333,0,0,no_track,,,,,,,,,,,,,,,,,,,
2024,67.4666,0,0,no_track,,,,,,,,,,,,,,,,,,,
2025,67.5,0,0,no_track,,,,,,,,,,,,,,,,,,,
2026,67.5333,0,0,no_track,,,,,,,,,,,,,,,,,,,
2027,67.5666,0,0,no_track,,,,,,,,,,,,,,,,,,,
2028,67.6,0,0,no_track,,,,,,,,,,,,,,,,,,,
2029,67.6333,0,0,no_track,,,,,,,,,,,,,,,,,,,
2030,67.6666,0,0,no_track,,,,,,,,,,,,,,,,,,,
2031,67.7,0,0,no_track,,,,,,,,,,,,,,,,,,,
2032,67.7333,0,0,no_track,,,,,,,,,,,,,,,,,,,
2033,67.7666,0,0,no_track,,,,,,,,,,,,,,,,,,,
2034,67.8,0,0,no_track,,,,,,,,,,,,,,,,,,,
2035,67.8333,0,0,no_track,,,,,,,,,,,,,,,,,,,
2036,67.8666,0,0,no_track,,,,,,,,,,,,,,,,,,,
2037,67.9,0,0,no_track,,,,,,,,,,,,,,,,,,,
2038,67.9333,0,0,no_track,,,,,,,,,,,,,,,,,,,
2039,67.9666,0,0,no_track,,,,,,,,,,,,,,,,,,,
2040,68.0,0,0,no_track,,,,,,,,,,,,,,,,,,,
2041,68.0333,0,0,no_track,,,,,,,,,,,,,,,,,,,
2042,68.0666,0,0,no_track,,,,,,,,,,,,,,,,,,,
2043,68.1,0,0,no_track,,,,,,,,,,,,,,,,,,,
2044,68.1333,0,0,no_track,,,,,,,,,,,,,,,,,,,
2045,68.1666,0,0,no_track,,,,,,,,,,,,,,,,,,,
2046,68.2,0,0,no_track,,,,,,,,,,,,,,,,,,,
2047,68.2333,0,0,no_track,,,,,,,,,,,,,,,,,,,
2048,68.2666,0,0,no_track,,,,,,,,,,,,,,,,,,,
2049,68.3,0,0,no_track,,,,,,,,,,,,,,,,,,,
2050,68.3333,0,0,no_track,,,,,,,,,,,,,,,,,,,
2051,68.3666,0,0,no_track,,,,,,,,,,,,,,,,,,,
2052,68.4,0,0,no_track,,,,,,,,,,,,,,,,,,,
2053,68.4333,0,0,no_track,,,,,,,,,,,,,,,,,,,
2054,68.4666,0,0,no_track,,,,,,,,,,,,,,,,,,,
2055,68.5,0,0,no_track,,,,,,,,,,,,,,,,,,,
2056,68.5333,0,0,no_track,,,,,,,,,,,,,,,,,,,
2057,68.5666,0,0,no_track,,,,,,,,,,,,,,,,,,,
2058,68.6,0,0,no_track,,,,,,,,,,,,,,,,,,,
2059,68.6333,0,0,no_track,,,,,,,,,,,,,,,,,,,
2060,68.6666,0,0,no_track,,,,,,,,,,,,,,,,,,,
2061,68.7,0,0,no_track,,,,,,,,,,,,,,,,,,,
2062,68.7333,0,0,no_track,,,,,,,,,,,,,,,,,,,
2063,68.7666,0,0,no_track,,,,,,,,,,,,,,,,,,,
2064,68.8,0,0,no_track,,,,,,,,,,,,,,,,,,,
2065,68.8333,0,0,no_track,,,,,,,,,,,,,,,,,,,
2066,68.8666,0,0,no_track,,,,,,,,,,,,,,,,,,,
2067,68.9,0,0,no_track,,,,,,,,,,,,,,,,,,,
2068,68.9333,0,0,no_track,,,,,,,,,,,,,,,,,,,
2069,68.9666,0,0,no_track,,,,,,,,,,,,,,,,,,,
2070,69.0,0,0,no_track,,,,,,,,,,,,,,,,,,,
2071,69.0333,0,0,no_track,,,,,,,,,,,,,,,,,,,
2072,69.0666,0,0,no_track,,,,,,,,,,,,,,,,,,,
2073,69.1,0,0,no_track,,,,,,,,,,,,,,,,,,,
2074,69.1333,0,0,no_track,,,,,,,,,,,,,,,,,,,
2075,69.1666,0,0,no_track,,,,,,,,,,,,,,,,,,,
2076,69.2,0,0,no_track,,,,,,,,,,,,,,,,,,,
2077,69.2333,0,0,no_track,,,,,,,,,,,,,,,,,,,
2078,69.2666,0,0,no_track,,,,,,,,,,,,,,,,,,,
2079,69.3,0,0,no_track,,,,,,,,,,,,,,,,,,,
2080,69.3333,0,0,no_track,,,,,,,,,,,,,,,,,,,
2081,69.3666,0,0,no_track,,,,,,,,,,,,,,,,,,,
2082,69.4,0,0,no_track,,,,,,,,,,,,,,,,,,,
2083,69.4333,0,0,no_track,,,,,,,,,,,,,,,,,,,
2084,69.4666,0,0,no_track,,,,,,,,,,,,,,,,,,,
2085,69.5,0,0,no_track,,,,,,,,,,,,,,,,,,,
2086,69.5333,0,0,no_track,,,,,,,,,,,,,,,,,,,
2087,69.5666,0,0,no_track,,,,,,,,,,,,,,,,,,,
2088,69.6,0,0,no_track,,,,,,,,,,,,,,,,,,,
2089,69.6333,0,0,no_track,,,,,,,,,,,,,,,,,,,
2090,69.6666,0,0,no_track,,,,,,,,,,,,,,,,,,,
2091,69.7,0,0,no_track,,,,,,,,,,,,,,,,,,,
2092,69.7333,0,0,no_track,,,,,,,,,,,,,,,,,,,
2093,69.7666,0,0,no_track,,,,,,,,,,,,,,,,,,,
2094,69.8,0,0,no_track,,,,,,,,,,,,,,,,,,,
2095,69.8333,0,0,no_track,,,,,,,,,,,,,,,,,,,
2096,69.8666,0,0,no_track,,,,,,,,,,,,,,,,,,,
2097,69.9,0,0,no_track,,,,,,,,,,,,,,,,,,,
2098,69.9333,0,0,no_track,,,,,,,,,,,,,,,,,,,
2099,69.9666,0,0,no_track,,,,,,,,,,,,,,,,,,,
2100,70.0,0,0,no_track,,,,,,,,,,,,,,,,,,,
2101,70.0333,0,0,no_track,,,,,,,,,,,,,,,,,,,
2102,70.0666,0,0,no_track,,,,,,,,,,,,,,,,,,,
2103,70.1,0,0,no_track,,,,,,,,,,,,,,,,,,,
2104,70.1333,0,0,no_track,,,,,,,,,,,,,,,,,,,
2105,70.1666,0,0,no_track,,,,,,,,,,,,,,,,,,,
2106,70.2,0,0,no_track,,,,,,,,,,,,,,,,,,,
2107,70.2333,0,0,no_track,,,,,,,,,,,,,,,,,,,
2108,70.2666,0,0,no_track,,,,,,,,,,,,,,,,,,,
2109,70.3,0,0,no_track,,,,,,,,,,,,,,,,,,,
2110,70.3333,0,0,no_track,,,,,,,,,,,,,,,,,,,
2111,70.3666,0,0,no_track,,,,,,,,,,,,,,,,,,,
2112,70.4,0,0,no_track,,,,,,,,,,,,,,,,,,,
2113,70.4333,0,0,no_track,,,,,,,,,,,,,,,,,,,
2114,70.4666,0,0,no_track,,,,,,,,,,,,,,,,,,,
2115,70.5,0,0,no_track,,,,,,,,,,,,,,,,,,,
2116,70.5333,0,0,no_track,,,,,,,,,,,,,,,,,,,
2117,70.5666,0,0,no_track,,,,,,,,,,,,,,,,,,,
2118,70.6,0,0,no_track,,,,,,,,,,,,,,,,,,,
2119,70.6333,0,0,no_track,,,,,,,,,,,,,,,,,,,
2120,70.6666,0,0,no_track,,,,,,,,,,,,,,,,,,,
2121,70.7,0,0,no_track,,,,,,,,,,,,,,,,,,,
2122,70.7333,0,0,no_track,,,,,,,,,,,,,,,,,,,
2123,70.7666,0,0,no_track,,,,,,,,,,,,,,,,,,,
2124,70.8,0,0,no_track,,,,,,,,,,,,,,,,,,,
2125,70.8333,0,0,no_track,,,,,,,,,,,,,,,,,,,
2126,70.8666,0,0,no_track,,,,,,,,,,,,,,,,,,,
2127,70.9,0,0,no_track,,,,,,,,,,,,,,,,,,,
2128,70.9333,0,0,no_track,,,,,,,,,,,,,,,,,,,
2129,70.9666,0,0,no_track,,,,,,,,,,,,,,,,,,,
2130,71.0,0,0,no_track,,,,,,,,,,,,,,,,,,,
2131,71.0333,0,0,no_track,,,,,,,,,,,,,,,,,,,
2132,71.0666,0,0,no_track,,,,,,,,,,,,,,,,,,,
2133,71.1,0,0,no_track,,,,,,,,,,,,,,,,,,,
2134,71.1333,0,0,no_track,,,,,,,,,,,,,,,,,,,
2135,71.1666,0,0,no_track,,,,,,,,,,,,,,,,,,,
2136,71.2,0,0,no_track,,,,,,,,,,,,,,,,,,,
2137,71.2333,0,0,no_track,,,,,,,,,,,,,,,,,,,
2138,71.2666,0,0,no_track,,,,,,,,,,,,,,,,,,,
2139,71.3,0,0,no_track,,,,,,,,,,,,,,,,,,,
2140,71.3333,0,0,no_track,,,,,,,,,,,,,,,,,,,
2141,71.3666,0,0,no_track,,,,,,,,,,,,,,,,,,,
2142,71.4,0,0,no_track,,,,,,,,,,,,,,,,,,,
2143,71.4333,0,0,no_track,,,,,,,,,,,,,,,,,,,
2144,71.4666,0,0,no_track,,,,,,,,,,,,,,,,,,,
2145,71.5,0,0,no_track,,,,,,,,,,,,,,,,,,,
2146,71.5333,0,0,no_track,,,,,,,,,,,,,,,,,,,
2147,71.5666,0,0,no_track,,,,,,,,,,,,,,,,,,,
2148,71.6,0,0,no_track,,,,,,,,,,,,,,,,,,,
2149,71.6333,0,0,no_track,,,,,,,,,,,,,,,,,,,
2150,71.6666,0,0,no_track,,,,,,,,,,,,,,,,,,,
2151,71.7,0,0,no_track,,,,,,,,,,,,,,,,,,,
2152,71.7333,0,0,no_track,,,,,,,,,,,,,,,,,,,
2153,71.7666,0,0,no_track,,,,,,,,,,,,,,,,,,,
2154,71.8,0,0,no_track,,,,,,,,,,,,,,,,,,,
2155,71.8333,0,0,no_track,,,,,,,,,,,,,,,,,,,
2156,71.8666,0,0,no_track,,,,,,,,,,,,,,,,,,,
2157,71.9,0,0,no_track,,,,,,,,,,,,,,,,,,,
2158,71.9333,0,0,no_track,,,,,,,,,,,,,,,,,,,
2159,71.9666,0,0,no_track,,,,,,,,,,,,,,,,,,,
2160,72.0,0,0,no_track,,,,,,,,,,,,,,,,,,,
2161,72.0333,0,0,no_track,,,,,,,,,,,,,,,,,,,
2162,72.0666,0,0,no_track,,,,,,,,,,,,,,,,,,,
2163,72.1,0,0,no_track,,,,,,,,,,,,,,,,,,,
2164,72.1333,0,0,no_track,,,,,,,,,,,,,,,,,,,
2165,72.1666,0,0,no_track,,,,,,,,,,,,,,,,,,,
2166,72.2,0,0,no_track,,,,,,,,,,,,,,,,,,,
2167,72.2333,0,0,no_track,,,,,,,,,,,,,,,,,,,
2168,72.2666,0,0,no_track,,,,,,,,,,,,,,,,,,,
2169,72.3,0,0,no_track,,,,,,,,,,,,,,,,,,,
2170,72.3333,0,0,no_track,,,,,,,,,,,,,,,,,,,
2171,72.3666,0,0,no_track,,,,,,,,,,,,,,,,,,,
2172,72.4,0,0,no_track,,,,,,,,,,,,,,,,,,,
2173,72.4333,0,0,no_track,,,,,,,,,,,,,,,,,,,
2174,72.4666,0,0,no_track,,,,,,,,,,,,,,,,,,,
2175,72.5,0,0,no_track,,,,,,,,,,,,,,,,,,,
2176,72.5333,0,0,no_track,,,,,,,,,,,,,,,,,,,
2177,72.5666,0,0,no_track,,,,,,,,,,,,,,,,,,,
2178,72.6,0,0,no_track,,,,,,,,,,,,,,,,,,,
2179,72.6333,0,0,no_track,,,,,,,,,,,,,,,,,,,
2180,72.6666,0,0,no_track,,,,,,,,,,,,,,,,,,,
2181,72.7,0,0,no_track,,,,,,,,,,,,,,,,,,,
2182,72.7333,0,0,no_track,,,,,,,,,,,,,,,,,,,
2183,72.7666,0,0,no_track,,,,,,,,,,,,,,,,,,,
2184,72.8,0,0,no_track,,,,,,,,,,,,,,,,,,,
2185,72.8333,0,0,no_track,,,,,,,,,,,,,,,,,,,
2186,72.8666,0,0,no_track,,,,,,,,,,,,,,,,,,,
2187,72.9,0,0,no_track,,,,,,,,,,,,,,,,,,,
2188,72.9333,0,0,no_track,,,,,,,,,,,,,,,,,,,
2189,72.9666,0,0,no_track,,,,,,,,,,,,,,,,,,,
2190,73.0,0,0,no_track,,,,,,,,,,,,,,,,,,,
2191,73.0333,0,0,no_track,,,,,,,,,,,,,,,,,,,
2192,73.0666,0,0,no_track,,,,,,,,,,,,,,,,,,,
2193,73.1,0,0,no_track,,,,,,,,,,,,,,,,,,,
2194,73.1333,0,0,no_track,,,,,,,,,,,,,,,,,,,
2195,73.1666,0,0,no_track,,,,,,,,,,,,,,,,,,,
2196,73.2,0,0,no_track,,,,,,,,,,,,,,,,,,,
2197,73.2333,0,0,no_track,,,,,,,,,,,,,,,,,,,
2198,73.2666,0,0,no_track,,,,,,,,,,,,,,,,,,,
2199,73.3,0,0,no_track,,,,,,,,,,,,,,,,,,,
2200,73.3333,0,0,no_track,,,,,,,,,,,,,,,,,,,
2201,73.3666,0,0,no_track,,,,,,,,,,,,,,,,,,,
2202,73.4,0,0,no_track,,,,,,,,,,,,,,,,,,,
