frame,t,ok,has,reason,area,n_comp,x1,y1,x2,y2,cx,cy,iou_box,contain,area_ratio,center_off,escape,esc_tol,w_row_med,h_rows,prompted,reanchored,bad_run
0,0.0,0,0,no_track,,,,,,,,,,,,,,,,,,,
1,0.0333,0,0,no_track,,,,,,,,,,,,,,,,,,,
2,0.0667,0,0,no_track,,,,,,,,,,,,,,,,,,,
3,0.1,0,0,no_track,,,,,,,,,,,,,,,,,,,
4,0.1333,0,0,no_track,,,,,,,,,,,,,,,,,,,
5,0.1667,0,0,no_track,,,,,,,,,,,,,,,,,,,
6,0.2,0,0,no_track,,,,,,,,,,,,,,,,,,,
7,0.2333,0,0,no_track,,,,,,,,,,,,,,,,,,,
8,0.2667,0,0,no_track,,,,,,,,,,,,,,,,,,,
9,0.3,0,0,no_track,,,,,,,,,,,,,,,,,,,
10,0.3333,0,0,no_track,,,,,,,,,,,,,,,,,,,
11,0.3667,0,0,no_track,,,,,,,,,,,,,,,,,,,
12,0.4,0,0,no_track,,,,,,,,,,,,,,,,,,,
13,0.4333,0,0,no_track,,,,,,,,,,,,,,,,,,,
14,0.4667,0,0,no_track,,,,,,,,,,,,,,,,,,,
15,0.5,0,0,no_track,,,,,,,,,,,,,,,,,,,
16,0.5333,0,0,no_track,,,,,,,,,,,,,,,,,,,
17,0.5667,0,0,no_track,,,,,,,,,,,,,,,,,,,
18,0.6,0,0,no_track,,,,,,,,,,,,,,,,,,,
19,0.6333,0,0,no_track,,,,,,,,,,,,,,,,,,,
20,0.6667,0,0,no_track,,,,,,,,,,,,,,,,,,,
21,0.7,0,0,no_track,,,,,,,,,,,,,,,,,,,
22,0.7333,0,0,no_track,,,,,,,,,,,,,,,,,,,
23,0.7667,0,0,no_track,,,,,,,,,,,,,,,,,,,
24,0.8,0,0,no_track,,,,,,,,,,,,,,,,,,,
25,0.8333,0,0,no_track,,,,,,,,,,,,,,,,,,,
26,0.8667,0,0,no_track,,,,,,,,,,,,,,,,,,,
27,0.9,0,0,no_track,,,,,,,,,,,,,,,,,,,
28,0.9333,0,0,no_track,,,,,,,,,,,,,,,,,,,
29,0.9667,0,0,no_track,,,,,,,,,,,,,,,,,,,
30,1.0,0,0,no_track,,,,,,,,,,,,,,,,,,,
31,1.0333,0,0,no_track,,,,,,,,,,,,,,,,,,,
32,1.0667,0,0,no_track,,,,,,,,,,,,,,,,,,,
33,1.1,0,0,no_track,,,,,,,,,,,,,,,,,,,
34,1.1333,0,0,no_track,,,,,,,,,,,,,,,,,,,
35,1.1667,0,0,no_track,,,,,,,,,,,,,,,,,,,
36,1.2,0,0,no_track,,,,,,,,,,,,,,,,,,,
37,1.2333,0,0,no_track,,,,,,,,,,,,,,,,,,,
38,1.2667,0,0,no_track,,,,,,,,,,,,,,,,,,,
39,1.3,0,0,no_track,,,,,,,,,,,,,,,,,,,
40,1.3333,0,0,no_track,,,,,,,,,,,,,,,,,,,
41,1.3667,0,0,no_track,,,,,,,,,,,,,,,,,,,
42,1.4,0,0,no_track,,,,,,,,,,,,,,,,,,,
43,1.4333,0,0,no_track,,,,,,,,,,,,,,,,,,,
44,1.4667,0,0,no_track,,,,,,,,,,,,,,,,,,,
45,1.5,0,0,no_track,,,,,,,,,,,,,,,,,,,
46,1.5333,0,0,no_track,,,,,,,,,,,,,,,,,,,
47,1.5667,0,0,no_track,,,,,,,,,,,,,,,,,,,
48,1.6,0,0,no_track,,,,,,,,,,,,,,,,,,,
49,1.6333,0,0,no_track,,,,,,,,,,,,,,,,,,,
50,1.6667,0,0,no_track,,,,,,,,,,,,,,,,,,,
51,1.7,0,0,no_track,,,,,,,,,,,,,,,,,,,
52,1.7333,0,0,no_track,,,,,,,,,,,,,,,,,,,
53,1.7667,0,0,no_track,,,,,,,,,,,,,,,,,,,
54,1.8,0,0,no_track,,,,,,,,,,,,,,,,,,,
55,1.8333,0,0,no_track,,,,,,,,,,,,,,,,,,,
56,1.8667,0,0,no_track,,,,,,,,,,,,,,,,,,,
57,1.9,0,0,no_track,,,,,,,,,,,,,,,,,,,
58,1.9333,0,0,no_track,,,,,,,,,,,,,,,,,,,
59,1.9667,0,0,no_track,,,,,,,,,,,,,,,,,,,
60,2.0,0,0,no_track,,,,,,,,,,,,,,,,,,,
61,2.0333,0,0,no_track,,,,,,,,,,,,,,,,,,,
62,2.0667,0,0,no_track,,,,,,,,,,,,,,,,,,,
63,2.1,0,0,no_track,,,,,,,,,,,,,,,,,,,
64,2.1333,0,0,no_track,,,,,,,,,,,,,,,,,,,
65,2.1667,0,0,no_track,,,,,,,,,,,,,,,,,,,
66,2.2,0,0,no_track,,,,,,,,,,,,,,,,,,,
67,2.2333,0,0,no_track,,,,,,,,,,,,,,,,,,,
68,2.2667,0,0,no_track,,,,,,,,,,,,,,,,,,,
69,2.3,0,0,no_track,,,,,,,,,,,,,,,,,,,
70,2.3333,0,0,no_track,,,,,,,,,,,,,,,,,,,
71,2.3667,0,0,no_track,,,,,,,,,,,,,,,,,,,
72,2.4,0,0,no_track,,,,,,,,,,,,,,,,,,,
73,2.4333,0,0,no_track,,,,,,,,,,,,,,,,,,,
74,2.4667,0,0,no_track,,,,,,,,,,,,,,,,,,,
75,2.5,0,0,no_track,,,,,,,,,,,,,,,,,,,
76,2.5333,0,0,no_track,,,,,,,,,,,,,,,,,,,
77,2.5667,0,0,no_track,,,,,,,,,,,,,,,,,,,
78,2.6,0,0,no_track,,,,,,,,,,,,,,,,,,,
79,2.6333,0,0,no_track,,,,,,,,,,,,,,,,,,,
80,2.6667,0,0,no_track,,,,,,,,,,,,,,,,,,,
81,2.7,0,0,no_track,,,,,,,,,,,,,,,,,,,
82,2.7333,0,0,no_track,,,,,,,,,,,,,,,,,,,
83,2.7667,0,0,no_track,,,,,,,,,,,,,,,,,,,
84,2.8,0,0,no_track,,,,,,,,,,,,,,,,,,,
85,2.8333,0,0,no_track,,,,,,,,,,,,,,,,,,,
86,2.8667,0,0,no_track,,,,,,,,,,,,,,,,,,,
87,2.9,0,0,no_track,,,,,,,,,,,,,,,,,,,
88,2.9333,0,0,no_track,,,,,,,,,,,,,,,,,,,
89,2.9667,0,0,no_track,,,,,,,,,,,,,,,,,,,
90,3.0,0,0,no_track,,,,,,,,,,,,,,,,,,,
91,3.0333,0,0,no_track,,,,,,,,,,,,,,,,,,,
92,3.0667,0,0,no_track,,,,,,,,,,,,,,,,,,,
93,3.1,0,0,no_track,,,,,,,,,,,,,,,,,,,
94,3.1333,0,0,no_track,,,,,,,,,,,,,,,,,,,
95,3.1667,0,0,no_track,,,,,,,,,,,,,,,,,,,
96,3.2,0,0,no_track,,,,,,,,,,,,,,,,,,,
97,3.2333,0,0,no_track,,,,,,,,,,,,,,,,,,,
98,3.2667,0,0,no_track,,,,,,,,,,,,,,,,,,,
99,3.3,0,0,no_track,,,,,,,,,,,,,,,,,,,
100,3.3333,0,0,no_track,,,,,,,,,,,,,,,,,,,
101,3.3667,0,0,no_track,,,,,,,,,,,,,,,,,,,
102,3.4,0,0,no_track,,,,,,,,,,,,,,,,,,,
103,3.4333,0,0,no_track,,,,,,,,,,,,,,,,,,,
104,3.4667,0,0,no_track,,,,,,,,,,,,,,,,,,,
105,3.5,0,0,no_track,,,,,,,,,,,,,,,,,,,
106,3.5333,0,0,no_track,,,,,,,,,,,,,,,,,,,
107,3.5667,0,0,no_track,,,,,,,,,,,,,,,,,,,
108,3.6,0,0,no_track,,,,,,,,,,,,,,,,,,,
109,3.6333,0,0,no_track,,,,,,,,,,,,,,,,,,,
110,3.6667,0,0,no_track,,,,,,,,,,,,,,,,,,,
111,3.7,0,0,no_track,,,,,,,,,,,,,,,,,,,
112,3.7333,0,0,no_track,,,,,,,,,,,,,,,,,,,
113,3.7667,0,0,no_track,,,,,,,,,,,,,,,,,,,
114,3.8,0,0,no_track,,,,,,,,,,,,,,,,,,,
115,3.8333,0,0,no_track,,,,,,,,,,,,,,,,,,,
116,3.8667,0,0,no_track,,,,,,,,,,,,,,,,,,,
117,3.9,0,0,no_track,,,,,,,,,,,,,,,,,,,
118,3.9333,0,0,no_track,,,,,,,,,,,,,,,,,,,
119,3.9667,0,0,no_track,,,,,,,,,,,,,,,,,,,
120,4.0,0,0,no_track,,,,,,,,,,,,,,,,,,,
121,4.0333,0,0,no_track,,,,,,,,,,,,,,,,,,,
122,4.0667,0,0,no_track,,,,,,,,,,,,,,,,,,,
123,4.1,0,0,no_track,,,,,,,,,,,,,,,,,,,
124,4.1333,0,0,no_track,,,,,,,,,,,,,,,,,,,
125,4.1667,0,0,no_track,,,,,,,,,,,,,,,,,,,
126,4.2,0,0,no_track,,,,,,,,,,,,,,,,,,,
127,4.2333,0,0,no_track,,,,,,,,,,,,,,,,,,,
128,4.2667,0,0,no_track,,,,,,,,,,,,,,,,,,,
129,4.3,0,0,no_track,,,,,,,,,,,,,,,,,,,
130,4.3333,0,0,no_track,,,,,,,,,,,,,,,,,,,
131,4.3667,0,0,no_track,,,,,,,,,,,,,,,,,,,
132,4.4,0,0,no_track,,,,,,,,,,,,,,,,,,,
133,4.4333,0,0,no_track,,,,,,,,,,,,,,,,,,,
134,4.4667,0,0,no_track,,,,,,,,,,,,,,,,,,,
135,4.5,0,0,no_track,,,,,,,,,,,,,,,,,,,
136,4.5333,0,0,no_track,,,,,,,,,,,,,,,,,,,
137,4.5667,0,0,no_track,,,,,,,,,,,,,,,,,,,
138,4.6,0,0,no_track,,,,,,,,,,,,,,,,,,,
139,4.6333,0,0,no_track,,,,,,,,,,,,,,,,,,,
140,4.6667,0,0,no_track,,,,,,,,,,,,,,,,,,,
141,4.7,0,0,no_track,,,,,,,,,,,,,,,,,,,
142,4.7333,0,0,no_track,,,,,,,,,,,,,,,,,,,
143,4.7667,0,0,no_track,,,,,,,,,,,,,,,,,,,
144,4.8,0,0,no_track,,,,,,,,,,,,,,,,,,,
145,4.8333,0,0,no_track,,,,,,,,,,,,,,,,,,,
146,4.8667,0,0,no_track,,,,,,,,,,,,,,,,,,,
147,4.9,0,0,no_track,,,,,,,,,,,,,,,,,,,
148,4.9333,0,0,no_track,,,,,,,,,,,,,,,,,,,
149,4.9667,0,0,no_track,,,,,,,,,,,,,,,,,,,
150,5.0,0,0,no_track,,,,,,,,,,,,,,,,,,,
151,5.0333,0,0,no_track,,,,,,,,,,,,,,,,,,,
152,5.0667,0,0,no_track,,,,,,,,,,,,,,,,,,,
153,5.1,0,0,no_track,,,,,,,,,,,,,,,,,,,
154,5.1333,0,0,no_track,,,,,,,,,,,,,,,,,,,
155,5.1667,0,0,no_track,,,,,,,,,,,,,,,,,,,
156,5.2,0,0,no_track,,,,,,,,,,,,,,,,,,,
157,5.2333,0,0,no_track,,,,,,,,,,,,,,,,,,,
158,5.2667,0,0,no_track,,,,,,,,,,,,,,,,,,,
159,5.3,0,0,no_track,,,,,,,,,,,,,,,,,,,
160,5.3333,0,0,no_track,,,,,,,,,,,,,,,,,,,
161,5.3667,0,0,no_track,,,,,,,,,,,,,,,,,,,
162,5.4,0,0,no_track,,,,,,,,,,,,,,,,,,,
163,5.4333,0,0,no_track,,,,,,,,,,,,,,,,,,,
164,5.4667,0,0,no_track,,,,,,,,,,,,,,,,,,,
165,5.5,0,0,no_track,,,,,,,,,,,,,,,,,,,
166,5.5333,0,0,no_track,,,,,,,,,,,,,,,,,,,
167,5.5667,0,0,no_track,,,,,,,,,,,,,,,,,,,
168,5.6,0,0,no_track,,,,,,,,,,,,,,,,,,,
169,5.6333,0,0,no_track,,,,,,,,,,,,,,,,,,,
170,5.6667,0,0,no_track,,,,,,,,,,,,,,,,,,,
171,5.7,0,0,no_track,,,,,,,,,,,,,,,,,,,
172,5.7333,0,0,no_track,,,,,,,,,,,,,,,,,,,
173,5.7667,0,0,no_track,,,,,,,,,,,,,,,,,,,
174,5.8,0,0,no_track,,,,,,,,,,,,,,,,,,,
175,5.8333,0,0,no_track,,,,,,,,,,,,,,,,,,,
176,5.8667,0,0,no_track,,,,,,,,,,,,,,,,,,,
177,5.9,0,0,no_track,,,,,,,,,,,,,,,,,,,
178,5.9333,0,0,no_track,,,,,,,,,,,,,,,,,,,
179,5.9667,0,0,no_track,,,,,,,,,,,,,,,,,,,
180,6.0,0,0,no_track,,,,,,,,,,,,,,,,,,,
181,6.0333,0,0,no_track,,,,,,,,,,,,,,,,,,,
182,6.0667,0,0,no_track,,,,,,,,,,,,,,,,,,,
183,6.1,0,0,no_track,,,,,,,,,,,,,,,,,,,
184,6.1333,0,0,no_track,,,,,,,,,,,,,,,,,,,
185,6.1667,0,0,no_track,,,,,,,,,,,,,,,,,,,
186,6.2,0,0,no_track,,,,,,,,,,,,,,,,,,,
187,6.2333,0,0,no_track,,,,,,,,,,,,,,,,,,,
188,6.2667,0,0,no_track,,,,,,,,,,,,,,,,,,,
189,6.3,0,0,no_track,,,,,,,,,,,,,,,,,,,
190,6.3333,0,0,no_track,,,,,,,,,,,,,,,,,,,
191,6.3667,0,0,no_track,,,,,,,,,,,,,,,,,,,
192,6.4,0,0,no_track,,,,,,,,,,,,,,,,,,,
193,6.4333,0,0,no_track,,,,,,,,,,,,,,,,,,,
194,6.4667,0,0,no_track,,,,,,,,,,,,,,,,,,,
195,6.5,0,0,no_track,,,,,,,,,,,,,,,,,,,
196,6.5333,0,0,no_track,,,,,,,,,,,,,,,,,,,
197,6.5667,0,0,no_track,,,,,,,,,,,,,,,,,,,
198,6.6,0,0,no_track,,,,,,,,,,,,,,,,,,,
199,6.6333,0,0,no_track,,,,,,,,,,,,,,,,,,,
200,6.6667,0,0,no_track,,,,,,,,,,,,,,,,,,,
201,6.7,0,0,no_track,,,,,,,,,,,,,,,,,,,
202,6.7333,0,0,no_track,,,,,,,,,,,,,,,,,,,
203,6.7667,0,0,no_track,,,,,,,,,,,,,,,,,,,
204,6.8,0,0,no_track,,,,,,,,,,,,,,,,,,,
205,6.8333,0,0,no_track,,,,,,,,,,,,,,,,,,,
206,6.8667,0,0,no_track,,,,,,,,,,,,,,,,,,,
207,6.9,0,0,no_track,,,,,,,,,,,,,,,,,,,
208,6.9333,0,0,no_track,,,,,,,,,,,,,,,,,,,
209,6.9667,0,0,no_track,,,,,,,,,,,,,,,,,,,
210,7.0,0,0,no_track,,,,,,,,,,,,,,,,,,,
211,7.0333,0,0,no_track,,,,,,,,,,,,,,,,,,,
212,7.0667,0,0,no_track,,,,,,,,,,,,,,,,,,,
213,7.1,0,0,no_track,,,,,,,,,,,,,,,,,,,
214,7.1333,0,0,no_track,,,,,,,,,,,,,,,,,,,
215,7.1667,0,0,no_track,,,,,,,,,,,,,,,,,,,
216,7.2,0,0,no_track,,,,,,,,,,,,,,,,,,,
217,7.2333,0,0,no_track,,,,,,,,,,,,,,,,,,,
218,7.2667,0,0,no_track,,,,,,,,,,,,,,,,,,,
219,7.3,0,0,no_track,,,,,,,,,,,,,,,,,,,
220,7.3333,0,0,no_track,,,,,,,,,,,,,,,,,,,
221,7.3667,0,0,no_track,,,,,,,,,,,,,,,,,,,
222,7.4,0,0,no_track,,,,,,,,,,,,,,,,,,,
223,7.4333,0,0,no_track,,,,,,,,,,,,,,,,,,,
224,7.4667,0,0,no_track,,,,,,,,,,,,,,,,,,,
225,7.5,0,0,no_track,,,,,,,,,,,,,,,,,,,
226,7.5333,0,0,no_track,,,,,,,,,,,,,,,,,,,
227,7.5667,0,0,no_track,,,,,,,,,,,,,,,,,,,
228,7.6,1,1,,56.0,1,346.0,179.0,355.0,187.0,349.9821,182.9286,0.7203,1.0,0.5602,0.0333,-0.55,3.5735,7.5,6,1,0,0
229,7.6333,1,1,,63.0,1,345.0,178.0,354.0,188.0,349.0635,182.746,0.802,0.9323,0.6394,0.0999,0.414,3.5287,6.5,8,0,0,0
230,7.6667,1,1,,50.0,1,347.0,179.0,355.0,187.0,350.28,183.04,0.6603,1.0,0.5158,0.0145,-0.4484,3.4893,6.5,6,0,0,0
231,7.7,1,1,,51.0,1,347.0,179.0,355.0,187.0,350.2745,182.9608,0.6685,1.0,0.5327,0.0151,-0.4121,3.45,6.5,6,0,0,0
232,7.7333,1,1,,51.0,1,347.0,179.0,355.0,187.0,350.2745,182.9608,0.6735,1.0,0.5367,0.0123,-0.2616,3.3874,6.5,6,0,0,0
233,7.7667,1,1,,51.0,1,347.0,179.0,355.0,187.0,350.1176,182.7451,0.6682,1.0,0.5325,0.0176,-0.1609,3.3665,6.0,6,0,0,0
234,7.8,1,1,,52.0,1,347.0,178.0,355.0,187.0,349.9615,182.5769,0.7346,1.0,0.5305,0.0226,-0.0944,3.3852,6.0,7,0,0,0
235,7.8333,1,1,,52.0,1,346.0,178.0,354.0,187.0,349.7692,182.3654,0.7195,1.0,0.5196,0.0297,-0.6003,3.3982,6.0,7,0,0,0
236,7.8667,1,1,,52.0,1,346.0,178.0,354.0,187.0,349.7692,182.3654,0.705,1.0,0.5092,0.0211,-0.4135,3.4348,6.0,7,0,0,0
237,7.9,1,1,,51.0,1,347.0,178.0,354.0,187.0,349.8431,182.3725,0.6083,1.0,0.4925,0.0292,-0.1992,3.4644,6.0,7,0,0,0
238,7.9333,1,1,,52.0,1,346.0,178.0,354.0,187.0,349.7692,182.3654,0.6892,1.0,0.4978,0.0415,-0.0087,3.4977,6.0,7,0,0,0
239,7.9667,1,1,,49.0,1,347.0,178.0,354.0,187.0,349.8571,182.2245,0.5876,0.9859,0.4675,0.0386,0.1265,3.5225,6.0,7,0,0,0
240,8.0,1,1,,60.0,1,346.0,177.0,354.0,186.0,349.7167,181.0167,0.6874,1.0,0.5728,0.0413,-0.5917,3.5346,6.0,7,0,0,0
241,8.0333,1,1,,59.0,1,346.0,176.0,354.0,186.0,349.8305,180.678,0.7481,0.9944,0.5572,0.0156,0.0564,3.5919,6.0,8,0,0,0
242,8.0667,1,1,,61.0,1,346.0,176.0,354.0,186.0,349.6557,180.4426,0.6422,0.9171,0.5668,0.0331,0.8287,3.6358,6.5,8,0,0,0
243,8.1,1,1,,64.0,1,346.0,174.0,354.0,185.0,349.5469,178.9688,0.7358,0.9495,0.5865,0.0393,0.3127,3.6565,7.0,9,0,0,0
244,8.1333,1,1,,66.0,1,346.0,174.0,354.0,185.0,349.5303,178.9697,0.7023,0.9267,0.6018,0.0094,0.8067,3.6398,7.0,9,0,0,0
245,8.1667,1,1,,69.0,1,346.0,174.0,355.0,185.0,349.6957,179.0725,0.6549,0.8226,0.6461,0.0514,1.2722,3.5065,7.0,9,0,0,0
246,8.2,1,1,,74.0,1,346.0,172.0,354.0,184.0,349.4865,177.1622,0.7568,0.8982,0.7105,0.0658,0.7146,3.3824,7.0,10,0,0,0
247,8.2333,1,1,,77.0,1,346.0,172.0,355.0,184.0,349.5455,177.2597,0.6727,0.7886,0.7418,0.019,1.3454,3.244,7.0,10,0,0,0
248,8.2667,1,1,,79.0,1,346.0,172.0,355.0,184.0,349.7342,177.1899,0.606,0.7433,0.7542,0.0603,1.7616,3.1282,7.0,10,0,0,0
249,8.3,1,1,,77.0,1,345.0,170.0,355.0,181.0,349.2857,175.1429,0.7906,0.8693,0.7225,0.0595,1.269,3.0426,7.0,9,0,0,0
250,8.3333,1,1,,82.0,1,345.0,170.0,355.0,181.0,349.3171,174.9268,0.7621,0.8486,0.7748,0.026,1.1898,3.0,8.0,9,0,0,0
251,8.3667,1,1,,86.0,1,345.0,170.0,355.0,181.0,349.3605,174.8605,0.7504,0.8363,0.8222,0.0232,1.1179,3.0,8.0,9,0,0,0
252,8.4,1,1,,95.0,1,345.0,168.0,355.0,180.0,349.3158,173.7895,0.7683,0.8098,0.9165,0.0602,1.04,3.0,8.0,10,0,0,0
253,8.4333,1,1,,99.0,1,345.0,167.0,354.0,180.0,349.0,173.5253,0.9132,0.9132,0.9266,0.0494,0.5131,3.0,8.0,11,0,0,0
254,8.4667,1,1,,100.0,1,345.0,167.0,354.0,180.0,348.99,173.46,0.8612,0.9107,0.8828,0.0618,0.8687,3.1554,8.0,11,0,0,0
255,8.5,1,1,,112.0,1,344.0,166.0,355.0,180.0,348.9464,172.9821,0.7732,0.7732,0.9406,0.0641,1.3242,3.2877,8.0,12,0,0,0
256,8.5333,1,1,,118.0,1,344.0,166.0,355.0,180.0,348.8051,172.8983,0.744,0.772,0.9465,0.0852,1.7653,3.401,8.5,12,0,0,0
257,8.5667,1,1,,123.0,1,344.0,166.0,355.0,180.0,348.748,172.7967,0.7416,0.7833,0.9514,0.0888,1.8907,3.4864,9.0,12,0,0,0
258,8.6,1,1,,131.0,1,344.0,164.0,355.0,180.0,348.6031,171.4962,0.7547,0.7547,0.9862,0.0586,1.8359,3.5485,9.0,14,0,0,0
259,8.6333,1,1,,133.0,1,344.0,164.0,355.0,179.0,348.6767,170.9323,0.8138,0.8138,0.9905,0.0515,1.6408,3.5782,9.0,13,0,0,0
260,8.6667,1,1,,133.0,1,344.0,164.0,355.0,179.0,348.7444,170.8571,0.751,0.7823,0.9784,0.0696,2.4391,3.5966,9.0,13,0,0,0
261,8.7,1,1,,138.0,1,344.0,163.0,355.0,179.0,348.7536,170.6159,0.7538,0.7633,1.0107,0.0797,2.914,3.593,9.0,14,0,0,0
262,8.7333,1,1,,142.0,1,343.0,163.0,355.0,179.0,348.6901,170.5282,0.6401,0.6694,1.0342,0.1036,3.3761,3.5633,9.0,14,0,0,0
263,8.7667,1,1,,145.0,1,343.0,163.0,355.0,179.0,348.7862,170.4621,0.6179,0.6562,1.0516,0.1084,3.4877,3.5242,9.5,14,0,0,0
264,8.8,1,1,,153.0,1,343.0,160.0,355.0,179.0,348.4183,168.7647,0.607,0.607,1.1054,0.0434,3.4051,3.4898,8.0,17,0,0,0
265,8.8333,1,1,,146.0,1,343.0,160.0,354.0,177.0,348.1918,167.9247,0.7596,0.7622,1.0197,0.0596,2.5356,3.5057,9.0,15,0,0,0
266,8.8667,0,1,mask_escaped_box,153.0,1,343.0,160.0,354.0,178.0,347.9935,168.098,0.671,0.706,1.0194,0.1092,4.2656,3.562,9.0,16,0,0,1
267,8.9,1,1,,181.0,1,341.0,157.0,353.0,175.0,346.8398,165.7459,0.6155,0.6561,1.1608,0.107,2.6525,3.5999,10.0,16,0,0,0
268,8.9333,1,1,,157.0,1,343.0,157.0,354.0,175.0,348.1019,165.4013,0.8202,0.8254,0.9534,0.0342,2.2799,3.6387,9.0,16,0,0,0
269,8.9667,1,1,,179.0,1,341.0,156.0,354.0,174.0,346.8324,165.3855,0.7374,0.7374,1.0374,0.0808,1.8108,3.6512,10.5,16,0,0,0
270,9.0,1,1,,174.0,1,342.0,153.0,354.0,173.0,347.4828,162.7586,0.7441,0.7441,0.9744,0.0788,2.724,3.6432,9.0,18,0,0,0
271,9.0333,1,1,,173.0,1,342.0,152.0,354.0,172.0,347.5665,162.0,0.7654,0.7654,0.9418,0.0151,1.1469,3.5833,9.0,18,0,0,0
272,9.0667,1,1,,175.0,1,342.0,152.0,354.0,172.0,347.6229,162.0286,0.7386,0.7603,0.9235,0.0643,1.9242,3.533,9.0,18,0,0,0
273,9.1,1,1,,164.0,1,342.0,149.0,354.0,167.0,347.0854,157.5976,0.6821,0.7711,0.8421,0.1197,1.3192,3.4949,9.5,16,0,0,0
274,9.1333,1,1,,159.0,1,342.0,149.0,354.0,167.0,347.1069,157.2453,0.7749,0.8432,0.7903,0.0513,1.093,3.5415,9.5,16,0,0,0
275,9.1667,1,1,,161.0,1,342.0,149.0,354.0,167.0,347.3106,157.1118,0.7773,0.8524,0.7855,0.0207,1.1194,3.58,9.5,16,0,0,0
276,9.2,1,1,,174.0,1,342.0,144.0,353.0,164.0,346.8506,153.6839,0.7356,0.823,0.8398,0.1313,2.5015,3.6217,9.0,18,0,0,0
277,9.2333,1,1,,171.0,1,342.0,142.0,354.0,162.0,347.2047,151.1287,0.7317,0.7915,0.8159,0.1234,1.8517,3.6637,9.0,18,0,0,0
278,9.2667,1,1,,164.0,1,342.0,142.0,354.0,161.0,347.1768,150.8902,0.8426,0.8569,0.823,0.0471,0.9767,3.606,9.0,17,0,0,0
279,9.3,1,1,,163.0,1,342.0,139.0,354.0,158.0,347.0368,147.6933,0.7559,0.7833,0.8722,0.1119,1.4273,3.5571,9.0,17,0,0,0
280,9.3333,1,1,,164.0,1,342.0,139.0,354.0,158.0,347.0854,147.5732,0.7462,0.763,0.9159,0.0609,1.9693,3.575,9.0,17,0,0,0
281,9.3667,0,1,mask_escaped_box,160.0,1,342.0,139.0,354.0,158.0,347.075,147.5563,0.6435,0.6871,0.9296,0.1009,3.6992,3.5834,9.0,17,0,0,1
282,9.4,1,1,,173.0,1,341.0,135.0,353.0,153.0,346.2023,143.3757,0.7182,0.741,1.0364,0.1369,2.1121,3.5962,9.5,16,0,0,0
283,9.4333,1,1,,181.0,1,341.0,134.0,353.0,152.0,346.2376,142.4751,0.7869,0.7869,1.0648,0.0714,1.2466,3.7103,10.0,16,0,0,0
284,9.4667,1,1,,175.0,1,341.0,134.0,353.0,152.0,346.3086,142.2571,0.7101,0.7504,1.0036,0.0843,3.1403,3.8178,10.0,16,0,0,0
285,9.5,1,1,,186.0,1,341.0,130.0,352.0,150.0,345.9355,139.7419,0.7506,0.779,1.0349,0.0522,2.3606,3.901,9.0,18,0,0,0
286,9.5333,0,1,mask_escaped_box,184.0,1,341.0,130.0,352.0,150.0,345.9022,139.7337,0.7694,0.79,1.024,0.1018,4.1298,3.9505,9.0,18,0,0,1
287,9.5667,0,1,mask_escaped_box,185.0,1,340.0,130.0,352.0,150.0,345.8703,139.8595,0.6434,0.697,0.9879,0.1497,4.8592,4.0206,9.0,18,0,0,2
288,9.6,1,1,,168.0,1,341.0,126.0,352.0,145.0,345.6071,134.6429,0.8126,0.853,0.8906,0.0636,1.4172,4.074,8.0,17,0,0,0
289,9.6333,1,1,,168.0,1,341.0,124.0,352.0,143.0,345.8631,132.8631,0.7991,0.848,0.8842,0.0643,1.9953,4.1274,9.0,17,0,0,0
290,9.6667,1,1,,165.0,1,341.0,124.0,352.0,143.0,345.8909,132.8788,0.786,0.8429,0.8625,0.0208,2.4105,4.1808,9.0,17,0,0,0
291,9.7,1,1,,183.0,1,340.0,121.0,351.0,142.0,345.1093,130.9016,0.771,0.8346,0.8637,0.0376,2.7521,4.2309,9.0,19,0,0,0
292,9.7333,0,1,mask_escaped_box,183.0,1,340.0,121.0,351.0,142.0,345.082,130.8251,0.648,0.7686,0.8298,0.1253,4.8594,4.2774,9.0,19,0,0,1
293,9.7667,0,1,mask_escaped_box,182.0,1,340.0,121.0,351.0,142.0,345.0769,130.8791,0.5769,0.7225,0.8083,0.1759,5.8283,4.2969,9.0,19,0,0,2
294,9.8,1,1,,201.0,1,339.0,118.0,351.0,140.0,344.2985,127.9602,0.8494,0.8962,0.8004,0.0406,2.2573,4.3065,9.0,20,0,0,0
295,9.8333,1,1,,210.0,1,339.0,116.0,351.0,139.0,344.6048,126.4619,0.8951,0.9519,0.7493,0.0145,1.1062,4.3467,9.0,21,0,0,0
296,9.8667,1,1,,211.0,1,339.0,116.0,351.0,139.0,344.6351,126.6161,0.8296,0.958,0.6871,0.0317,0.9661,4.3794,9.0,21,0,0,0
297,9.9,1,1,,219.0,1,339.0,114.0,351.0,138.0,344.2192,124.5708,0.8746,1.0,0.665,0.0419,-0.0602,4.4004,9.0,22,0,0,0
298,9.9333,1,1,,217.0,1,339.0,114.0,351.0,138.0,344.2396,124.4747,0.8026,0.9869,0.6193,0.0324,0.1567,4.3959,9.0,22,0,0,0
299,9.9667,1,1,,219.0,1,339.0,114.0,351.0,137.0,344.2968,124.4566,0.7179,0.9749,0.5954,0.0383,0.3018,4.3827,9.0,21,0,0,0
300,10.0,1,1,,250.0,1,337.0,110.0,350.0,136.0,343.32,122.404,0.707,0.8809,0.6563,0.1182,1.1406,4.3685,9.0,24,0,0,0
301,10.0333,1,1,,263.0,1,336.0,109.0,350.0,136.0,342.9658,122.2091,0.7613,0.9095,0.6301,0.0707,1.2669,4.5961,10.0,25,0,0,0
302,10.0667,1,1,,271.0,1,337.0,109.0,350.0,137.0,342.9594,122.1218,0.8042,0.9932,0.6062,0.0419,0.0889,4.7664,9.5,26,0,0,0
303,10.1,1,1,,299.0,1,336.0,106.0,350.0,136.0,342.8094,120.5351,0.8193,0.9539,0.6367,0.0758,0.4906,4.8932,10.0,28,0,0,0
304,10.1333,1,1,,304.0,1,336.0,106.0,350.0,136.0,342.7467,120.5789,0.7907,0.9577,0.6192,0.0429,0.5927,5.003,10.0,28,0,0,0
305,10.1667,1,1,,307.0,1,336.0,106.0,350.0,136.0,342.7231,120.6059,0.763,0.9557,0.6049,0.0297,0.6197,5.0829,10.0,28,0,0,0
306,10.2,1,1,,336.0,1,334.0,103.0,350.0,136.0,341.9911,119.2054,0.8258,0.8967,0.6477,0.0576,0.7627,5.1348,10.0,31,0,0,0
307,10.2333,1,1,,332.0,1,334.0,102.0,350.0,133.0,341.7169,117.4096,0.8013,0.92,0.6267,0.0594,0.7563,5.1519,11.0,29,0,0,0
308,10.2667,1,1,,335.0,1,334.0,102.0,350.0,133.0,341.6955,117.3373,0.7868,0.9184,0.6221,0.0312,1.0643,5.1431,11.0,29,0,0,0
309,10.3,1,1,,336.0,1,334.0,99.0,350.0,131.0,341.8304,114.747,0.7748,0.9019,0.6157,0.0846,1.2468,5.1291,10.0,30,0,0,0
310,10.3333,1,1,,339.0,1,334.0,99.0,350.0,131.0,341.6372,114.8555,0.7587,0.9183,0.5867,0.0554,1.3075,5.2893,10.0,30,0,0,0
311,10.3667,1,1,,341.0,1,334.0,99.0,350.0,131.0,341.6716,114.8563,0.7233,0.9194,0.5595,0.0486,1.2899,5.4324,10.0,30,0,0,0
312,10.4,1,1,,382.0,1,332.0,96.0,350.0,131.0,340.7723,113.2094,0.7473,0.8595,0.6006,0.0855,1.2245,5.5457,11.0,33,0,0,0
313,10.4333,1,1,,392.0,1,332.0,95.0,349.0,130.0,340.3648,112.3495,0.8172,0.9491,0.5933,0.0674,0.4817,5.647,11.0,33,0,0,0
314,10.4667,1,1,,391.0,1,332.0,95.0,349.0,130.0,340.3939,112.1893,0.8087,0.9542,0.5794,0.0417,0.7591,5.6777,11.0,33,0,0,0
315,10.5,1,1,,416.0,1,331.0,92.0,349.0,130.0,340.1538,111.0144,0.808,0.8932,0.6091,0.0534,0.9028,5.6847,11.0,36,0,0,0
316,10.5333,1,1,,417.0,1,331.0,92.0,349.0,130.0,340.1607,111.048,0.8183,0.9047,0.6035,0.0167,0.8618,5.6995,11.0,36,0,0,0
317,10.5667,1,1,,429.0,1,331.0,92.0,349.0,130.0,340.1049,111.0256,0.814,0.9052,0.6165,0.0022,0.9159,5.703,11.0,36,0,0,0
318,10.6,1,1,,448.0,1,330.0,89.0,349.0,128.0,339.7031,108.3036,0.784,0.8535,0.6417,0.0508,1.9057,5.702,11.0,37,0,0,0
319,10.6333,1,1,,458.0,1,330.0,87.0,349.0,127.0,339.6769,107.2358,0.8081,0.8707,0.6355,0.0372,1.3038,5.8463,11.0,38,0,0,0
320,10.6667,1,1,,462.0,1,330.0,87.0,349.0,127.0,339.6017,107.1515,0.8338,0.8959,0.6265,0.0044,1.0853,5.9577,11.0,38,0,0,0
321,10.7,1,1,,484.0,1,330.0,84.0,349.0,127.0,338.8988,105.3678,0.8798,0.897,0.6464,0.0201,1.1037,6.0397,11.0,41,0,0,0
322,10.7333,1,1,,484.0,1,330.0,84.0,349.0,127.0,338.8843,105.3285,0.8862,0.9128,0.6283,0.0176,1.4132,6.1554,11.0,41,0,0,0
323,10.7667,1,1,,480.0,1,330.0,84.0,349.0,126.0,338.9042,105.1146,0.8489,0.9135,0.6078,0.0307,1.5779,6.2425,11.0,40,0,0,0
324,10.8,1,1,,469.0,1,329.0,80.0,348.0,124.0,338.2623,102.3774,0.8888,0.9239,0.5824,0.0227,1.1047,6.3019,11.0,42,0,0,0
325,10.8333,1,1,,492.0,1,329.0,79.0,349.0,123.0,338.4634,100.8882,0.8804,0.8992,0.6074,0.0155,1.7689,6.3147,11.0,42,0,0,0
326,10.8667,1,1,,493.0,1,329.0,79.0,349.0,122.0,338.4442,100.7465,0.87,0.9052,0.6061,0.0225,1.8513,6.3366,11.0,41,0,0,0
327,10.9,1,1,,525.0,1,329.0,76.0,348.0,120.0,338.0857,97.6267,0.9258,0.9486,0.6452,0.0216,0.8787,6.3469,12.0,42,0,0,0
328,10.9333,1,1,,522.0,1,329.0,76.0,348.0,120.0,338.0958,97.4808,0.8944,0.9331,0.6395,0.0145,0.9773,6.3523,12.0,42,0,0,0
329,10.9667,1,1,,514.0,1,329.0,76.0,348.0,120.0,338.1128,97.4436,0.8532,0.9112,0.6279,0.0335,1.6142,6.3505,12.0,42,0,0,0
330,11.0,1,1,,542.0,1,328.0,72.0,348.0,118.0,337.5018,94.7435,0.8888,0.8904,0.6603,0.0168,1.0362,6.3473,12.0,44,0,0,0
331,11.0333,1,1,,535.0,1,328.0,70.0,348.0,116.0,337.6243,93.2729,0.9026,0.9097,0.6338,0.0047,1.0967,6.4525,11.5,44,0,0,0
332,11.0667,1,1,,539.0,1,328.0,70.0,348.0,116.0,337.603,93.0928,0.8846,0.9138,0.6188,0.0302,1.2205,6.5708,12.0,44,0,0,0
333,11.1,1,1,,531.0,1,328.0,68.0,348.0,114.0,337.4539,91.3559,0.9333,0.9517,0.5942,0.0142,0.8898,6.6618,11.0,44,0,0,0
334,11.1333,1,1,,537.0,1,328.0,68.0,348.0,114.0,337.406,91.2346,0.8843,0.9385,0.5838,0.0312,0.9955,6.7633,11.5,44,0,0,0
335,11.1667,1,1,,535.0,1,328.0,68.0,348.0,114.0,337.4374,91.1888,0.854,0.9336,0.5663,0.0368,1.0825,6.8596,11.5,44,0,0,0
336,11.2,1,1,,524.0,1,328.0,67.0,347.0,112.0,337.1622,89.4179,0.877,0.994,0.5436,0.0033,0.1145,6.9276,11.0,43,0,0,0
337,11.2333,1,1,,525.0,1,328.0,66.0,348.0,112.0,337.1714,88.8133,0.8384,0.9439,0.5334,0.0054,1.121,6.9965,11.0,44,0,0,0
338,11.2667,1,1,,523.0,1,328.0,66.0,348.0,112.0,337.1893,88.7591,0.8277,0.946,0.5221,0.0102,1.0808,7.0524,11.0,44,0,0,0
339,11.3,1,1,,535.0,1,327.0,64.0,347.0,111.0,336.6243,88.1794,0.9226,0.9981,0.527,0.0038,0.0385,7.0945,11.0,45,0,0,0
340,11.3333,1,1,,544.0,1,327.0,64.0,347.0,111.0,336.6029,88.2206,0.8975,0.992,0.5274,0.0126,0.1607,7.1421,11.0,45,0,0,0
341,11.3667,1,1,,546.0,1,327.0,64.0,347.0,111.0,336.6612,87.7912,0.8792,0.9874,0.5231,0.0103,0.253,7.1672,11.0,45,0,0,0
342,11.4,1,1,,577.0,1,326.0,62.0,347.0,110.0,336.2114,86.5719,0.9145,0.9762,0.5485,0.0119,0.3377,7.1747,12.0,46,0,0,0
343,11.4333,1,1,,574.0,1,326.0,62.0,347.0,110.0,336.0645,86.6359,0.9012,0.9742,0.5397,0.0036,0.5423,7.2001,12.0,46,0,0,0
344,11.4667,1,1,,575.0,1,326.0,62.0,346.0,110.0,335.9791,86.6748,0.8922,1.0,0.5344,0.0104,-0.2398,7.2353,11.5,46,0,0,0
345,11.5,1,1,,592.0,1,325.0,62.0,347.0,111.0,335.8243,87.3176,0.8865,0.9432,0.5452,0.0236,0.8802,7.2627,12.0,47,0,0,0
346,11.5333,1,1,,598.0,1,325.0,63.0,347.0,111.0,335.8261,87.3545,0.8699,0.9503,0.543,0.0222,0.9627,7.3176,12.0,46,0,0,0
347,11.5667,1,1,,598.0,1,325.0,63.0,347.0,111.0,335.7843,87.4147,0.8692,0.9555,0.5369,0.0185,0.9782,7.3602,12.0,46,0,0,0
348,11.6,1,1,,619.0,1,324.0,63.0,347.0,113.0,335.3522,88.4943,0.8672,0.9177,0.5515,0.0313,0.961,7.3878,12.0,48,0,0,0
349,11.6333,1,1,,603.0,1,325.0,63.0,347.0,113.0,335.4726,88.1227,0.8791,0.9532,0.5284,0.0173,1.0301,7.4737,12.0,48,0,0,0
350,11.6667,1,1,,611.0,1,324.0,63.0,347.0,113.0,335.3764,88.4321,0.876,0.9362,0.5287,0.0156,1.0623,7.5365,12.0,48,0,0,0
351,11.7,1,1,,596.0,1,325.0,63.0,346.0,112.0,335.4732,88.1879,0.8783,0.9973,0.5113,0.0086,0.0567,7.5807,12.0,47,0,0,0
352,11.7333,1,1,,595.0,1,325.0,63.0,346.0,112.0,335.4824,88.2387,0.8809,0.9997,0.5096,0.0066,0.0054,7.5967,12.0,47,0,0,0
353,11.7667,1,1,,591.0,1,325.0,64.0,346.0,112.0,335.4602,88.3418,0.8651,1.0,0.5072,0.0053,-0.0439,7.5984,12.0,46,0,0,0
354,11.8,1,1,,631.0,1,324.0,64.0,346.0,114.0,334.9144,89.3059,0.9163,0.9827,0.5436,0.0199,0.38,7.5928,12.0,48,0,0,0
355,11.8333,1,1,,637.0,1,324.0,64.0,346.0,115.0,334.9089,89.8085,0.9449,0.9958,0.5409,0.0243,0.0918,7.6679,12.0,49,0,0,0
356,11.8667,1,1,,643.0,1,324.0,64.0,346.0,115.0,334.8725,89.9285,0.9292,0.9966,0.536,0.0205,0.0755,7.7454,12.0,49,0,0,0
357,11.9,1,1,,654.0,1,324.0,64.0,347.0,115.0,334.9434,89.919,0.8756,0.952,0.5365,0.0156,1.1047,7.803,12.0,49,0,0,0
358,11.9333,1,1,,655.0,1,324.0,64.0,347.0,115.0,334.8656,89.8977,0.8665,0.9522,0.5312,0.0111,1.0983,7.8329,13.0,49,0,0,0
359,11.9667,1,1,,661.0,1,324.0,64.0,347.0,116.0,334.7761,89.9395,0.8771,0.9531,0.5315,0.0089,1.0778,7.8507,13.0,50,0,0,0
360,12.0,1,1,,674.0,1,323.0,64.0,346.0,117.0,334.4614,90.3754,0.9292,0.9754,0.5393,0.0148,0.4592,7.8523,13.0,51,0,0,0
361,12.0333,1,1,,709.0,1,322.0,64.0,346.0,118.0,334.0564,91.2595,0.8983,0.9374,0.5577,0.0278,1.1496,7.9118,13.0,52,0,0,0
362,12.0667,1,1,,730.0,1,322.0,64.0,346.0,119.0,333.9918,91.4438,0.895,0.9372,0.5619,0.0284,0.8427,7.9947,13.0,53,0,0,0
363,12.1,1,1,,744.0,1,322.0,64.0,346.0,119.0,333.7137,91.6384,0.9064,0.9525,0.5617,0.0297,0.5206,8.0633,13.0,53,0,0,0
364,12.1333,1,1,,744.0,1,322.0,64.0,346.0,119.0,333.6868,91.625,0.9159,0.9658,0.5524,0.0277,0.531,8.1274,13.0,53,0,0,0
365,12.1667,1,1,,749.0,1,322.0,64.0,346.0,119.0,333.6849,91.7503,0.9176,0.9726,0.5495,0.029,0.5666,8.1698,13.0,53,0,0,0
366,12.2,1,1,,755.0,1,321.0,62.0,346.0,119.0,333.4636,90.9934,0.9117,0.9367,0.5496,0.0166,1.0123,8.1957,13.0,55,0,0,0
367,12.2333,1,1,,761.0,1,321.0,62.0,346.0,119.0,333.3929,91.0171,0.9176,0.9483,0.544,0.0223,0.6818,8.2973,13.0,55,0,0,0
368,12.2667,1,1,,762.0,1,321.0,62.0,346.0,119.0,333.3255,91.0302,0.921,0.9572,0.5366,0.0264,0.7305,8.3752,13.0,55,0,0,0
369,12.3,1,1,,770.0,1,321.0,62.0,346.0,119.0,333.2935,90.9286,0.9229,0.964,0.5358,0.0271,0.733,8.4348,13.0,55,0,0,0
370,12.3333,1,1,,762.0,1,321.0,62.0,345.0,119.0,333.1142,91.122,0.9386,0.9987,0.5241,0.0334,0.0741,8.4919,13.0,55,0,0,0
371,12.3667,1,1,,761.0,1,321.0,62.0,345.0,119.0,333.0999,91.1183,0.9301,0.9998,0.5176,0.0345,0.012,8.5469,13.0,55,0,0,0
372,12.4,1,1,,782.0,1,321.0,61.0,346.0,120.0,332.9668,90.7532,0.901,0.9504,0.5274,0.0283,0.8856,8.5854,13.0,57,0,0,0
373,12.4333,1,1,,794.0,1,321.0,61.0,346.0,120.0,332.8338,90.762,0.8819,0.9457,0.5288,0.0319,0.9958,8.6339,13.0,57,0,0,0
374,12.4667,1,1,,797.0,1,321.0,61.0,346.0,120.0,332.7679,90.6248,0.8683,0.9453,0.5225,0.0309,1.0781,8.6966,13.0,57,0,0,0
375,12.5,1,1,,809.0,1,320.0,61.0,346.0,120.0,332.6391,90.6687,0.8953,0.9493,0.5224,0.0318,1.1191,8.7514,13.0,57,0,0,0
376,12.5333,1,1,,825.0,1,320.0,60.0,346.0,120.0,332.4618,90.4921,0.9012,0.9513,0.5253,0.0295,1.1641,8.7996,13.0,58,0,0,0
377,12.5667,1,1,,835.0,1,320.0,60.0,346.0,120.0,332.4826,90.2263,0.8928,0.9527,0.5248,0.026,1.2247,8.8414,13.0,58,0,0,0
378,12.6,1,1,,831.0,1,320.0,60.0,346.0,120.0,332.3081,90.1492,0.8799,0.9509,0.5164,0.024,1.2765,8.877,13.0,58,0,0,0
379,12.6333,1,1,,828.0,1,320.0,60.0,345.0,120.0,332.1244,90.0882,0.8894,0.9848,0.5055,0.0217,0.3794,8.9632,13.0,58,0,0,0
380,12.6667,1,1,,835.0,1,320.0,60.0,345.0,120.0,331.9713,90.0802,0.8709,0.9814,0.5023,0.0199,0.466,9.0285,13.0,58,0,0,0
381,12.7,1,1,,835.0,1,319.0,60.0,345.0,120.0,331.8826,90.2263,0.8927,0.9793,0.4973,0.0206,0.5386,9.0666,13.0,58,0,0,0
382,12.7333,1,1,,842.0,1,319.0,59.0,345.0,120.0,331.7684,90.2221,0.8967,0.977,0.4978,0.0204,0.5981,9.0975,13.0,59,0,0,0
383,12.7667,1,1,,848.0,1,319.0,59.0,345.0,120.0,331.7111,90.0837,0.8893,0.9756,0.4984,0.0187,0.6335,9.1257,13.0,59,0,0,0
384,12.8,1,1,,862.0,1,318.0,59.0,345.0,121.0,331.4466,90.1845,0.9192,0.9676,0.5047,0.0201,0.6284,9.144,13.0,60,0,0,0
385,12.8333,1,1,,870.0,1,318.0,59.0,345.0,121.0,331.3954,90.4253,0.9193,0.9693,0.5077,0.0264,0.5848,9.1596,13.0,60,0,0,0
386,12.8667,1,1,,876.0,1,318.0,58.0,345.0,121.0,331.3516,90.2945,0.9324,0.9678,0.512,0.027,0.5297,9.1462,13.0,61,0,0,0
387,12.9,1,1,,878.0,1,318.0,58.0,345.0,121.0,331.3052,90.2358,0.9304,0.9655,0.5145,0.0283,0.4953,9.1307,13.0,61,0,0,0
388,12.9333,1,1,,885.0,1,318.0,58.0,345.0,121.0,331.3017,90.1254,0.9277,0.9635,0.5191,0.0284,0.4829,9.1367,13.0,61,0,0,0
389,12.9667,1,1,,887.0,1,318.0,58.0,345.0,121.0,331.2751,90.1601,0.926,0.962,0.521,0.0301,0.4829,9.1427,13.0,61,0,0,0
390,13.0,1,1,,900.0,1,317.0,58.0,345.0,121.0,331.1878,90.7422,0.8935,0.9268,0.5292,0.0392,1.3669,9.1513,13.0,61,0,0,0
391,13.0333,1,1,,907.0,1,317.0,59.0,345.0,122.0,331.1312,91.0595,0.8723,0.9178,0.5301,0.0434,1.4579,9.2072,13.0,61,0,0,0
392,13.0667,1,1,,915.0,1,317.0,59.0,345.0,122.0,331.1246,91.0306,0.8798,0.9256,0.5305,0.0418,1.3276,9.2666,14.0,61,0,0,0
393,13.1,1,1,,934.0,1,317.0,59.0,345.0,123.0,331.1199,91.2719,0.8738,0.9184,0.5377,0.0435,2.1495,9.3128,14.0,62,0,0,0
394,13.1333,1,1,,931.0,1,317.0,59.0,345.0,123.0,331.1085,91.348,0.8819,0.9253,0.5331,0.0406,1.7127,9.3173,14.0,62,0,0,0
395,13.1667,1,1,,930.0,1,317.0,59.0,345.0,122.0,331.1151,91.2946,0.9038,0.947,0.5299,0.0354,1.1052,9.3166,14.0,61,0,0,0
396,13.2,1,1,,949.0,1,316.0,59.0,345.0,124.0,330.7777,92.6048,0.8542,0.8913,0.5386,0.0508,2.1356,9.3113,14.0,63,0,0,0
397,13.2333,1,1,,946.0,1,316.0,60.0,345.0,124.0,330.7907,92.7928,0.864,0.9089,0.5305,0.0417,2.0271,9.3273,14.0,62,0,0,0
398,13.2667,1,1,,944.0,1,316.0,60.0,345.0,124.0,330.8104,92.8612,0.8774,0.9241,0.5204,0.0316,1.8001,9.3796,14.0,62,0,0,0
399,13.3,1,1,,953.0,1,316.0,60.0,345.0,126.0,330.8006,93.7051,0.8839,0.9205,0.5176,0.0339,1.6529,9.4275,13.0,64,0,0,0
400,13.3333,1,1,,972.0,1,317.0,60.0,345.0,131.0,330.6615,95.0751,0.8687,0.9,0.5223,0.0444,4.6946,9.4445,13.0,69,1,0,0
401,13.3667,1,1,,1015.0,1,316.0,61.0,345.0,129.0,330.5901,95.2,0.8654,0.9051,0.5412,0.0392,1.9577,9.4591,14.0,66,0,0,0
402,13.4,1,1,,1040.0,1,316.0,61.0,345.0,131.0,330.1981,96.7288,0.8497,0.8859,0.5518,0.0564,3.5174,9.4673,14.0,68,0,0,0
403,13.4333,1,1,,1049.0,1,316.0,61.0,344.0,132.0,329.897,97.4261,0.8574,0.9014,0.5539,0.0569,3.6871,9.4581,14.0,69,0,0,0
404,13.4667,1,1,,1052.0,1,316.0,61.0,344.0,132.0,329.884,97.4458,0.9035,0.9311,0.5503,0.0463,2.7811,9.4964,14.0,69,0,0,0
405,13.5,1,1,,1063.0,1,315.0,61.0,344.0,133.0,329.8881,97.92,0.8749,0.8969,0.5521,0.046,3.187,9.5252,14.0,70,0,0,0
406,13.5333,1,1,,1059.0,1,315.0,62.0,344.0,133.0,329.8187,98.1615,0.8832,0.9149,0.5409,0.0424,2.4576,9.6196,14.0,69,0,0,0
407,13.5667,1,1,,1059.0,1,315.0,62.0,344.0,133.0,329.8546,98.1955,0.9019,0.9314,0.5335,0.0363,1.7526,9.6926,14.0,69,0,0,0
408,13.6,1,1,,1103.0,1,315.0,63.0,344.0,134.0,329.5304,99.6029,0.8899,0.9297,0.5498,0.0505,2.2786,9.7489,14.0,69,0,0,0
409,13.6333,1,1,,1104.0,1,315.0,63.0,344.0,135.0,329.4774,100.3868,0.9033,0.9377,0.5419,0.0508,2.2881,9.8298,14.0,70,0,0,0
410,13.6667,1,1,,1103.0,1,315.0,63.0,344.0,135.0,329.485,100.4279,0.925,0.9561,0.5338,0.0432,1.4117,9.8981,14.0,70,0,0,0
411,13.7,1,1,,1153.0,1,314.0,64.0,344.0,137.0,329.1223,101.8777,0.8751,0.912,0.5518,0.0558,2.7194,9.9493,15.0,71,0,0,0
412,13.7333,1,1,,1151.0,1,314.0,64.0,344.0,137.0,329.0704,101.9496,0.909,0.9461,0.5325,0.0467,1.6097,10.1848,15.0,71,0,0,0
413,13.7667,1,1,,1149.0,1,314.0,64.0,344.0,137.0,329.1314,101.9339,0.9375,0.9751,0.5168,0.037,0.5385,10.3668,15.0,71,0,0,0
414,13.8,1,1,,1148.0,1,314.0,65.0,344.0,139.0,328.8946,103.2979,0.9197,0.9693,0.5053,0.0473,1.676,10.4999,14.5,72,0,0,0
415,13.8333,1,1,,1155.0,1,314.0,65.0,344.0,139.0,329.0078,103.4156,0.9532,0.994,0.5017,0.0359,0.4413,10.5774,14.5,72,0,0,0
416,13.8667,1,1,,1152.0,1,314.0,65.0,344.0,139.0,329.0391,103.3698,0.9564,1.0,0.4963,0.0278,-0.1761,10.6269,14.5,72,0,0,0
417,13.9,1,1,,1193.0,1,313.0,66.0,344.0,141.0,328.637,104.8894,0.9177,0.9588,0.5113,0.0426,1.3066,10.6628,15.0,73,0,0,0
418,13.9333,1,1,,1194.0,1,313.0,66.0,344.0,141.0,328.6616,104.8241,0.948,0.9842,0.5022,0.0356,0.7145,10.8311,15.0,73,0,0,0
419,13.9667,1,1,,1191.0,1,313.0,66.0,344.0,141.0,328.6641,104.843,0.9563,0.9959,0.4939,0.0323,0.311,10.9553,15.0,73,0,0,0
420,14.0,1,1,,1218.0,1,313.0,67.0,344.0,144.0,328.2348,106.7709,0.9051,0.96,0.4999,0.0535,3.0787,11.0418,14.0,75,0,0,0
421,14.0333,1,1,,1243.0,1,312.0,67.0,344.0,144.0,328.2703,107.527,0.9228,0.9624,0.5019,0.056,2.3261,11.1573,15.0,75,0,0,0
422,14.0667,1,1,,1233.0,1,312.0,67.0,344.0,144.0,328.3666,107.3074,0.947,0.983,0.4901,0.0445,1.3109,11.2504,15.0,75,0,0,0
423,14.1,1,1,,1257.0,1,312.0,68.0,344.0,146.0,327.9348,108.7836,0.9191,0.9678,0.4933,0.0551,2.5136,11.3184,15.0,76,0,0,0
424,14.1333,1,1,,1255.0,1,312.0,68.0,344.0,146.0,327.9482,108.7785,0.9326,0.982,0.4858,0.0453,1.4044,11.3882,15.0,76,0,0,0
425,14.1667,1,1,,1253.0,1,312.0,68.0,344.0,146.0,327.9473,108.7773,0.9422,0.9927,0.4798,0.0386,0.5701,11.4328,15.0,76,0,0,0
426,14.2,1,1,,1294.0,1,310.0,69.0,344.0,148.0,327.2952,111.1175,0.8965,0.9361,0.4915,0.0614,1.9937,11.4589,15.0,77,0,0,0
427,14.2333,1,1,,1315.0,1,310.0,69.0,344.0,149.0,327.1741,111.7072,0.9022,0.9357,0.497,0.058,1.887,11.453,14.5,78,0,0,0
428,14.2667,1,1,,1326.0,1,310.0,70.0,344.0,149.0,327.1848,111.8695,0.8926,0.9351,0.5024,0.0532,1.77,11.364,15.0,77,0,0,0
429,14.3,1,1,,1332.0,1,310.0,71.0,344.0,150.0,326.952,112.8131,0.8713,0.922,0.5059,0.0604,2.0366,11.285,15.0,77,0,0,0
430,14.3333,1,1,,1337.0,1,310.0,71.0,344.0,150.0,326.9918,112.7322,0.8824,0.9285,0.5075,0.0525,2.1383,11.2411,15.0,77,0,0,0
431,14.3667,1,1,,1333.0,1,310.0,71.0,344.0,150.0,326.9557,112.8815,0.8908,0.9336,0.5055,0.05,2.1778,11.2107,15.0,77,0,0,0
432,14.4,1,1,,1318.0,1,310.0,73.0,344.0,153.0,327.4158,114.3589,0.844,0.9017,0.4995,0.0629,2.8832,11.187,15.0,78,0,0,0
433,14.4333,1,1,,1327.0,1,311.0,73.0,344.0,155.0,327.3904,115.312,0.8817,0.9295,0.4986,0.0602,3.4614,11.2083,15.0,80,0,0,0
434,14.4667,1,1,,1332.0,1,311.0,73.0,344.0,155.0,327.4302,115.4152,0.9149,0.9551,0.4927,0.0467,1.8666,11.2882,15.0,80,0,0,0
435,14.5,1,1,,1362.0,1,310.0,75.0,344.0,157.0,327.3223,117.428,0.872,0.9244,0.4962,0.059,2.6691,11.3704,15.0,80,0,0,0
436,14.5333,1,1,,1365.0,1,310.0,75.0,344.0,157.0,327.348,117.4359,0.9191,0.9623,0.485,0.0419,0.7896,11.563,15.0,80,0,0,0
437,14.5667,1,1,,1352.0,1,310.0,75.0,344.0,157.0,327.4172,117.3247,0.9454,0.9898,0.4677,0.0291,0.2846,11.779,15.0,80,0,0,0
438,14.6,1,1,,1401.0,1,309.0,76.0,344.0,161.0,327.1092,120.1927,0.9033,0.9427,0.4774,0.0518,2.3664,11.8792,15.0,83,0,0,0
439,14.6333,1,1,,1413.0,1,310.0,77.0,344.0,163.0,327.0658,121.7608,0.9039,0.9564,0.4763,0.053,2.7442,11.9605,16.0,84,0,0,0
440,14.6667,1,1,,1407.0,1,310.0,78.0,344.0,163.0,327.0739,122.1493,0.9185,0.9744,0.4702,0.0423,1.1742,12.0135,15.0,83,0,0,0
441,14.7,1,1,,1426.0,1,309.0,79.0,344.0,165.0,326.8583,124.2777,0.9294,0.9679,0.4694,0.0546,2.1298,12.1583,15.0,84,0,0,0
442,14.7333,1,1,,1422.0,1,309.0,79.0,344.0,165.0,326.9241,124.2032,0.9472,0.986,0.46,0.0399,0.6819,12.3271,15.0,84,0,0,0
443,14.7667,1,1,,1419.0,1,309.0,79.0,344.0,165.0,326.9408,124.2375,0.9516,0.9951,0.4529,0.0324,0.1701,12.4547,15.0,84,0,0,0
444,14.8,1,1,,1433.0,1,309.0,82.0,344.0,169.0,327.0356,127.284,0.8859,0.9576,0.4532,0.0608,3.3871,12.5428,15.0,85,0,0,0
445,14.8333,1,1,,1470.0,1,309.0,82.0,344.0,170.0,326.951,127.6741,0.9097,0.9727,0.4581,0.0474,2.4027,12.6296,16.0,86,0,0,0
446,14.8667,1,1,,1462.0,1,309.0,82.0,344.0,170.0,326.9289,127.6956,0.9361,0.9944,0.4492,0.0325,0.4896,12.6712,16.0,86,0,0,0
447,14.9,1,1,,1493.0,1,309.0,84.0,344.0,173.0,326.6484,130.6042,0.9039,0.9768,0.4533,0.0521,2.0682,12.6907,16.0,87,0,0,0
448,14.9333,1,1,,1493.0,1,309.0,84.0,344.0,173.0,326.6397,130.5452,0.9339,0.9975,0.4497,0.0364,0.2195,12.6804,16.0,87,0,0,0
449,14.9667,1,1,,1492.0,1,309.0,84.0,344.0,173.0,326.6374,130.5268,0.9334,1.0,0.4471,0.0271,-0.5467,12.6652,16.0,87,0,0,0
450,15.0,1,1,,1529.0,1,309.0,87.0,345.0,178.0,326.7757,133.274,0.8929,0.9536,0.4568,0.0502,3.3957,12.645,16.0,89,0,0,0
451,15.0333,1,1,,1543.0,1,309.0,88.0,344.0,179.0,326.5185,134.7628,0.8967,0.9707,0.46,0.0497,2.6681,12.617,16.0,89,0,0,0
452,15.0667,1,1,,1544.0,1,309.0,88.0,344.0,179.0,326.5505,134.7519,0.9326,0.9924,0.4588,0.0327,0.6882,12.573,16.0,89,0,0,0
453,15.1,1,1,,1561.0,1,309.0,89.0,344.0,182.0,326.6477,136.6182,0.9177,0.9751,0.4622,0.0405,2.3182,12.5349,16.0,91,0,0,0
454,15.1333,1,1,,1565.0,1,309.0,89.0,344.0,182.0,326.6588,136.6256,0.9495,0.9936,0.4623,0.0253,0.5978,12.516,16.0,91,0,0,0
455,15.1667,1,1,,1560.0,1,309.0,89.0,344.0,182.0,326.6955,136.6263,0.9606,1.0,0.4604,0.0171,-0.1554,12.5033,16.0,91,0,0,0
456,15.2,1,1,,1552.0,1,309.0,92.0,344.0,185.0,326.8215,139.8544,0.9148,0.9751,0.458,0.0457,2.3168,12.4949,16.0,91,0,0,0
457,15.2333,1,1,,1593.0,1,309.0,93.0,344.0,187.0,326.4658,141.2304,0.916,0.9732,0.4675,0.0429,2.5173,12.526,16.0,92,0,0,0
458,15.2667,1,1,,1585.0,1,309.0,93.0,344.0,187.0,326.5186,141.1041,0.9385,0.989,0.462,0.029,1.0349,12.5599,16.0,92,0,0,0
459,15.3,1,1,,1581.0,1,309.0,95.0,344.0,190.0,326.3327,144.2239,0.9035,0.9674,0.458,0.0521,3.0945,12.5872,16.0,93,0,0,0
460,15.3333,1,1,,1586.0,1,309.0,95.0,344.0,190.0,326.3745,144.1192,0.9419,0.986,0.4618,0.0367,1.3298,12.4376,16.0,93,0,0,0
461,15.3667,1,1,,1582.0,1,309.0,95.0,344.0,190.0,326.3439,144.2585,0.9674,0.9978,0.4622,0.0277,0.0756,12.3146,16.0,93,0,0,0
462,15.4,1,1,,1628.0,1,309.0,98.0,344.0,194.0,326.2494,147.406,0.9067,0.9589,0.4766,0.052,3.0933,12.2243,16.0,94,0,0,0
463,15.4333,1,1,,1654.0,1,308.0,99.0,344.0,196.0,326.182,148.8464,0.9056,0.9451,0.479,0.0478,2.9455,12.2816,16.0,95,0,0,0
464,15.4667,1,1,,1658.0,1,308.0,99.0,344.0,196.0,326.2581,148.8251,0.94,0.9688,0.4751,0.0321,1.0208,12.3367,16.0,95,0,0,0
465,15.5,1,1,,1668.0,1,309.0,100.0,344.0,198.0,326.2884,150.4718,0.9155,0.9688,0.4735,0.0385,1.7992,12.385,16.0,96,0,0,0
466,15.5333,1,1,,1670.0,1,308.0,100.0,344.0,198.0,326.2341,150.6491,0.963,0.9844,0.4703,0.0273,0.3715,12.4347,16.0,96,0,0,0
467,15.5667,1,1,,1673.0,1,308.0,101.0,344.0,198.0,326.2582,150.6838,0.9586,0.9903,0.4681,0.0207,0.2726,12.4783,16.0,95,0,0,0
468,15.6,1,1,,1695.0,1,309.0,102.0,344.0,200.0,326.3027,152.4755,0.9277,0.9847,0.4723,0.0346,0.9844,12.5074,16.0,96,0,0,0
469,15.6333,1,1,,1727.0,1,309.0,102.0,344.0,201.0,326.3486,153.1118,0.9388,0.9911,0.4762,0.0327,0.8832,12.5678,16.0,97,0,0,0
470,15.6667,1,1,,1726.0,1,309.0,102.0,344.0,201.0,326.3743,153.168,0.9427,1.0,0.4696,0.0257,-0.2844,12.6335,16.0,97,0,0,0
471,15.7,1,1,,1739.0,1,308.0,103.0,344.0,202.0,326.2967,153.9132,0.9481,0.9944,0.4678,0.0263,0.2033,12.6838,16.0,97,0,0,0
472,15.7333,1,1,,1736.0,1,309.0,103.0,344.0,202.0,326.3698,153.7863,0.9238,1.0,0.4628,0.0202,-0.5381,12.7174,16.0,97,0,0,0
473,15.7667,1,1,,1733.0,1,308.0,103.0,344.0,202.0,326.3312,153.9717,0.9348,0.9948,0.4592,0.0179,0.1888,12.7404,16.0,97,0,0,0
474,15.8,1,1,,1771.0,1,308.0,103.0,344.0,205.0,326.2383,155.0621,0.9462,0.9878,0.4674,0.0255,0.7699,12.7575,16.0,100,0,0,0
475,15.8333,1,1,,1761.0,1,308.0,103.0,344.0,205.0,326.1857,155.2351,0.9506,0.9936,0.4616,0.0255,0.489,12.8162,16.0,100,0,0,0
476,15.8667,1,1,,1762.0,1,308.0,103.0,344.0,205.0,326.1998,155.3014,0.9519,0.9976,0.4589,0.0248,0.2483,12.8731,16.0,100,0,0,0
477,15.9,1,1,,1791.0,1,308.0,103.0,344.0,206.0,326.254,156.0207,0.9428,0.9902,0.4642,0.03,1.0084,12.9118,16.0,101,0,0,0
478,15.9333,1,1,,1786.0,1,308.0,103.0,344.0,206.0,326.3309,155.9765,0.9452,0.9937,0.461,0.0279,0.6524,12.9224,16.0,101,0,0,0
479,15.9667,1,1,,1783.0,1,308.0,103.0,344.0,206.0,326.3365,155.9377,0.9491,0.9975,0.4586,0.0254,0.2583,12.9257,16.0,101,0,0,0
480,16.0,1,1,,1828.0,1,308.0,104.0,344.0,208.0,326.3206,156.8649,0.9259,0.9816,0.4687,0.0318,1.9167,12.9329,17.0,102,0,0,0
481,16.0333,1,1,,1840.0,1,308.0,104.0,344.0,208.0,326.3522,157.6728,0.9321,0.9876,0.4693,0.0356,1.2868,12.9362,16.0,102,0,0,0
482,16.0667,1,1,,1850.0,1,308.0,104.0,345.0,208.0,326.3978,157.5043,0.9599,0.992,0.4689,0.0304,0.5792,12.9436,17.0,102,0,0,0
483,16.1,1,1,,1863.0,1,308.0,104.0,344.0,209.0,326.4267,158.2925,0.9368,0.9913,0.4696,0.0337,0.9144,12.9482,16.0,103,0,0,0
484,16.1333,1,1,,1865.0,1,308.0,104.0,344.0,209.0,326.4853,158.2617,0.9408,0.9955,0.4683,0.0298,0.2668,12.9391,16.0,103,0,0,0
485,16.1667,1,1,,1868.0,1,308.0,104.0,344.0,209.0,326.5187,158.3051,0.9397,0.9963,0.4678,0.0276,0.1338,12.9252,17.0,103,0,0,0
486,16.2,1,1,,1907.0,1,308.0,104.0,344.0,211.0,326.4992,159.2685,0.9302,0.9824,0.4767,0.0337,1.382,12.9139,16.0,105,0,0,0
487,16.2333,1,1,,1915.0,1,308.0,104.0,345.0,212.0,326.5765,159.188,0.9553,0.9803,0.4762,0.0285,1.6231,12.9202,16.5,106,0,0,0
488,16.2667,1,1,,1936.0,1,308.0,104.0,345.0,212.0,326.5842,159.11,0.9621,0.987,0.4783,0.024,0.9068,12.9354,17.0,106,0,0,0
489,16.3,1,1,,1930.0,1,309.0,105.0,345.0,213.0,326.9373,160.1041,0.9318,0.9877,0.4738,0.0298,1.3236,12.9576,17.0,106,0,0,0
490,16.3333,1,1,,1941.0,1,308.0,105.0,345.0,213.0,326.8223,160.3338,0.9604,0.9939,0.4722,0.0233,0.2017,13.0047,17.0,106,0,0,0
491,16.3667,1,1,,1950.0,1,308.0,105.0,345.0,213.0,326.7728,160.3313,0.9525,0.9939,0.4704,0.0174,0.224,13.0506,17.0,106,0,0,0
492,16.4,1,1,,1969.0,1,309.0,106.0,344.0,216.0,326.7054,162.7806,0.9,0.9867,0.4722,0.0345,1.4603,13.075,17.0,108,0,0,0
493,16.4333,1,1,,2006.0,1,308.0,107.0,345.0,218.0,326.7517,163.9646,0.944,0.9812,0.4785,0.0348,2.0617,13.0813,17.0,109,0,0,0
494,16.4667,1,1,,2007.0,1,308.0,107.0,345.0,218.0,326.7917,163.848,0.9611,0.9953,0.4741,0.0236,0.5225,13.1318,17.0,109,0,0,0
495,16.5,1,1,,2035.0,1,308.0,108.0,345.0,220.0,326.8501,165.4398,0.9462,0.9878,0.4759,0.0298,1.3611,13.1916,17.0,110,0,0,0
496,16.5333,1,1,,2028.0,1,308.0,109.0,345.0,220.0,326.8402,165.6361,0.9475,1.0,0.4679,0.0223,-0.0515,13.2951,17.0,109,0,0,0
497,16.5667,1,1,,2018.0,1,308.0,109.0,345.0,220.0,326.8598,165.7953,0.9351,1.0,0.4595,0.0174,-0.6159,13.404,17.0,109,0,0,0
498,16.6,1,1,,2035.0,1,309.0,110.0,346.0,222.0,327.2708,167.1971,0.9211,0.9928,0.4587,0.0257,0.282,13.4877,17.0,110,0,0,0
499,16.6333,1,1,,2051.0,1,309.0,110.0,346.0,222.0,327.4476,167.6865,0.9314,1.0,0.461,0.0244,-0.0776,13.4768,17.0,110,0,0,0
500,16.6667,1,1,,2057.0,1,309.0,110.0,346.0,222.0,327.4623,167.7914,0.9283,1.0,0.4608,0.0206,-0.3303,13.4676,17.0,110,0,0,0
501,16.7,1,1,,2088.0,1,309.0,110.0,346.0,223.0,327.4569,168.6264,0.9346,1.0,0.4668,0.0241,-0.4657,13.4525,17.0,111,0,0,0
502,16.7333,1,1,,2080.0,1,309.0,110.0,346.0,223.0,327.5197,168.6649,0.9352,1.0,0.4653,0.0215,-0.5574,13.4019,17.0,111,0,0,0
503,16.7667,1,1,,2081.0,1,309.0,110.0,346.0,223.0,327.5281,168.6338,0.9361,1.0,0.4659,0.019,-0.5846,13.36,17.0,111,0,0,0
504,16.8,1,1,,2114.0,1,309.0,110.0,346.0,225.0,327.8453,169.3406,0.9537,1.0,0.4738,0.0232,-0.0754,13.3293,17.0,113,0,0,0
505,16.8333,1,1,,2122.0,1,310.0,110.0,346.0,225.0,327.8911,169.4402,0.9301,1.0,0.4767,0.0225,-0.3713,13.2688,17.0,113,0,0,0
506,16.8667,1,1,,2121.0,1,310.0,110.0,346.0,225.0,327.9312,169.364,0.9318,1.0,0.4774,0.021,-0.6001,13.2151,17.0,113,0,0,0
507,16.9,1,1,,2130.0,1,310.0,111.0,346.0,226.0,327.9906,170.2136,0.9299,0.998,0.4803,0.0273,0.227,13.1683,17.0,113,0,0,0
508,16.9333,1,1,,2126.0,1,310.0,111.0,347.0,226.0,328.1341,170.3203,0.9531,0.9955,0.4804,0.0254,0.1656,13.1039,17.0,113,0,0,0
509,16.9667,1,1,,2123.0,1,310.0,112.0,347.0,226.0,328.1267,170.5205,0.948,0.996,0.4809,0.0247,0.1466,13.0398,17.0,112,0,0,0
510,17.0,1,1,,2172.0,1,310.0,112.0,347.0,228.0,328.5005,171.2845,0.9525,0.9895,0.4921,0.0287,0.924,13.0102,17.0,114,0,0,0
511,17.0333,1,1,,2182.0,1,310.0,112.0,347.0,229.0,328.6072,171.8492,0.9582,0.9897,0.4929,0.0283,1.1195,13.0081,17.0,115,0,0,0
512,17.0667,1,1,,2173.0,1,311.0,112.0,347.0,229.0,328.7409,171.8362,0.9399,0.9972,0.4875,0.0235,0.3245,13.0507,17.0,115,0,0,0
513,17.1,1,1,,2190.0,1,311.0,112.0,347.0,231.0,328.9105,172.8132,0.9293,0.9859,0.4884,0.0277,1.6836,13.0893,17.0,117,0,0,0
514,17.1333,1,1,,2192.0,1,311.0,113.0,347.0,231.0,328.9284,172.8668,0.9281,0.9909,0.4874,0.0247,1.0681,13.0833,17.0,116,0,0,0
515,17.1667,1,1,,2188.0,1,311.0,113.0,347.0,231.0,329.0233,172.915,0.9336,0.9953,0.4853,0.0224,0.555,13.0781,17.0,116,0,0,0
516,17.2,1,1,,2234.0,1,311.0,112.0,347.0,232.0,329.3183,173.1902,0.9375,0.9899,0.4945,0.0233,1.2119,13.0736,17.5,118,0,0,0
517,17.2333,1,1,,2249.0,1,312.0,112.0,347.0,232.0,329.4224,173.4091,0.9114,0.9922,0.4954,0.0242,0.933,13.0892,18.0,118,0,0,0
518,17.2667,1,1,,2249.0,1,312.0,112.0,347.0,232.0,329.4944,173.3704,0.9111,0.9955,0.4921,0.0229,0.5383,13.1151,18.0,118,0,0,0
519,17.3,1,1,,2293.0,1,312.0,112.0,348.0,232.0,329.8631,173.5935,0.9367,0.9988,0.4984,0.0239,0.1468,13.143,18.0,118,0,0,0
520,17.3333,1,1,,2289.0,1,312.0,111.0,348.0,232.0,329.8973,173.533,0.937,1.0,0.4924,0.0226,-0.2245,13.2122,18.0,119,0,0,0
521,17.3667,1,1,,2294.0,1,312.0,111.0,348.0,232.0,329.9564,173.5004,0.9286,1.0,0.489,0.0218,-0.5702,13.2689,18.0,119,0,0,0
522,17.4,1,1,,2343.0,1,313.0,111.0,348.0,233.0,330.309,173.5292,0.9026,0.9992,0.496,0.0216,0.0981,13.3095,18.0,120,0,0,0
523,17.4333,1,1,,2351.0,1,313.0,111.0,348.0,234.0,330.3828,173.5194,0.8964,0.9923,0.4968,0.022,0.9448,13.2761,18.0,121,0,0,0
524,17.4667,1,1,,2346.0,1,313.0,110.0,348.0,234.0,330.4207,173.5529,0.9021,0.9938,0.4935,0.0228,0.7682,13.2775,18.0,122,0,0,0
525,17.5,1,1,,2363.0,1,313.0,110.0,348.0,234.0,330.4634,174.0508,0.9017,0.9956,0.4951,0.0266,0.5419,13.2773,18.0,122,0,0,0
526,17.5333,1,1,,2371.0,1,313.0,110.0,349.0,234.0,330.582,173.9709,0.927,0.9983,0.494,0.0255,0.2119,13.2949,18.0,122,0,0,0
527,17.5667,1,1,,2369.0,1,313.0,110.0,349.0,234.0,330.6188,173.9249,0.9242,1.0,0.4904,0.0246,-0.1074,13.3259,18.0,122,0,0,0
528,17.6,1,1,,2414.0,1,314.0,109.0,349.0,235.0,331.6272,174.1143,0.9009,0.9956,0.4973,0.0262,0.5545,13.3468,18.0,124,0,0,0
529,17.6333,1,1,,2428.0,1,314.0,109.0,349.0,235.0,331.7018,174.2578,0.9045,0.9971,0.5007,0.027,0.3636,13.2762,18.0,124,0,0,0
530,17.6667,1,1,,2433.0,1,314.0,109.0,349.0,235.0,331.718,174.3457,0.9069,0.9995,0.5008,0.027,0.0638,13.2436,18.0,124,0,0,0
531,17.7,1,1,,2489.0,1,315.0,108.0,350.0,235.0,332.1157,174.1362,0.9133,1.0,0.5114,0.0251,-0.2445,13.2197,19.0,125,0,0,0
532,17.7333,1,1,,2490.0,1,315.0,108.0,350.0,235.0,332.2277,173.9454,0.9133,1.0,0.5116,0.0247,-0.3219,13.1702,19.0,125,0,0,0
533,17.7667,1,1,,2498.0,1,315.0,108.0,350.0,235.0,332.235,173.8971,0.915,1.0,0.5142,0.0243,-0.4999,13.1053,19.0,125,0,0,0
534,17.8,1,1,,2518.0,1,316.0,107.0,350.0,236.0,333.0346,174.0445,0.9003,0.9976,0.5192,0.026,0.3035,13.052,18.0,127,0,0,0
535,17.8333,1,1,,2522.0,1,316.0,107.0,350.0,236.0,333.1249,174.2867,0.9071,0.9983,0.5233,0.0279,0.2209,12.9321,18.0,127,0,0,0
536,17.8667,1,1,,2517.0,1,316.0,107.0,350.0,236.0,333.2952,174.1764,0.9144,0.9998,0.525,0.0267,0.0286,12.8308,18.0,127,0,0,0
537,17.9,1,1,,2521.0,1,316.0,107.0,351.0,236.0,333.6188,174.165,0.946,1.0,0.5282,0.0261,-0.193,12.7445,18.0,127,0,0,0
538,17.9333,1,1,,2520.0,1,316.0,107.0,351.0,236.0,333.6357,174.1444,0.9518,1.0,0.5312,0.0263,-0.2662,12.6347,18.0,127,0,0,0
539,17.9667,1,1,,2526.0,1,316.0,107.0,351.0,237.0,333.6817,174.1936,0.9545,0.9955,0.5346,0.0266,0.5797,12.5562,18.0,128,0,0,0
540,18.0,1,1,,2559.0,1,317.0,106.0,351.0,237.0,334.3376,174.1547,0.9382,0.9969,0.5423,0.0263,0.4108,12.5157,18.0,129,0,0,0
541,18.0333,1,1,,2576.0,1,317.0,106.0,351.0,238.0,334.4092,174.3389,0.9293,0.9895,0.5445,0.029,1.3922,12.5012,18.0,130,0,0,0
542,18.0667,1,1,,2569.0,1,317.0,106.0,351.0,238.0,334.4605,174.4422,0.9299,0.9917,0.5409,0.0295,1.0915,12.4929,18.0,130,0,0,0
543,18.1,1,1,,2583.0,1,318.0,106.0,352.0,238.0,335.2044,174.3047,0.9323,0.9948,0.542,0.028,0.6892,12.4835,18.0,130,0,0,0
544,18.1333,1,1,,2588.0,1,318.0,106.0,352.0,238.0,335.2716,174.1121,0.937,0.997,0.5435,0.0256,0.3971,12.4339,18.0,130,0,0,0
545,18.1667,1,1,,2582.0,1,318.0,106.0,352.0,238.0,335.3172,174.1189,0.9392,0.9982,0.5422,0.0256,0.233,12.4017,18.0,130,0,0,0
546,18.2,1,1,,2642.0,1,319.0,105.0,352.0,239.0,335.7559,174.5507,0.9149,0.992,0.5551,0.0286,1.0671,12.3721,19.0,132,0,0,0
547,18.2333,1,1,,2647.0,1,320.0,106.0,352.0,240.0,336.1715,175.3869,0.8778,0.9876,0.5548,0.0332,1.6578,12.3618,19.0,132,0,0,0
548,18.2667,1,1,,2644.0,1,320.0,106.0,352.0,240.0,336.1944,175.3423,0.8819,0.9929,0.5511,0.0296,0.9467,12.3735,19.0,132,0,0,0
549,18.3,1,1,,2704.0,1,320.0,106.0,353.0,241.0,336.7526,176.2722,0.9072,0.9907,0.5606,0.0336,1.2592,12.385,19.0,133,0,0,0
550,18.3333,1,1,,2700.0,1,320.0,106.0,353.0,241.0,336.7896,176.1456,0.9141,0.9973,0.5569,0.028,0.3607,12.3973,19.0,133,0,0,0
551,18.3667,1,1,,2692.0,1,320.0,106.0,353.0,241.0,336.812,176.0776,0.9132,1.0,0.5518,0.0242,-0.3301,12.4291,19.0,133,0,0,0
552,18.4,1,1,,2695.0,1,321.0,107.0,353.0,242.0,337.502,177.9829,0.8777,0.9987,0.5489,0.0355,0.1737,12.4757,19.0,133,0,0,0
553,18.4333,1,1,,2695.0,1,322.0,108.0,354.0,243.0,338.0609,178.0427,0.8662,0.9986,0.5418,0.0314,0.1899,12.5757,19.0,133,0,0,0
554,18.4667,1,1,,2691.0,1,322.0,108.0,354.0,243.0,338.0561,178.2546,0.8595,1.0,0.5354,0.0287,-0.7025,12.6436,19.0,133,0,0,0
555,18.5,1,1,,2712.0,1,323.0,108.0,355.0,245.0,338.639,179.4801,0.8583,0.9956,0.5353,0.0344,0.6003,12.6891,19.0,135,0,0,0
556,18.5333,1,1,,2718.0,1,323.0,108.0,355.0,245.0,338.6777,179.5224,0.8592,1.0,0.5327,0.029,-0.4886,12.7268,19.0,135,0,0,0
557,18.5667,1,1,,2714.0,1,323.0,108.0,355.0,245.0,338.6813,179.6245,0.8549,1.0,0.5293,0.0256,-1.2931,12.7477,19.0,135,0,0,0
558,18.6,1,1,,2743.0,1,324.0,109.0,356.0,248.0,339.8706,180.9482,0.8507,0.9914,0.5331,0.0334,1.1967,12.7596,19.0,137,0,0,0
559,18.6333,1,1,,2759.0,1,324.0,109.0,356.0,249.0,340.0953,181.6433,0.8505,0.9908,0.5329,0.0326,1.2884,12.8039,19.0,138,0,0,0
560,18.6667,1,1,,2739.0,1,324.0,109.0,356.0,249.0,340.1661,181.9332,0.8584,0.9968,0.5279,0.0299,0.4423,12.7906,18.5,138,0,0,0
561,18.7,1,1,,2783.0,1,324.0,110.0,356.0,250.0,340.8667,182.9784,0.8531,0.9945,0.5354,0.0339,0.7675,12.7814,19.0,138,0,0,0
562,18.7333,1,1,,2794.0,1,324.0,110.0,356.0,251.0,340.8618,182.9209,0.8594,0.9931,0.5391,0.0292,0.9734,12.7053,19.0,139,0,0,0
563,18.7667,1,1,,2784.0,1,324.0,110.0,356.0,251.0,340.8912,183.2773,0.8689,0.9979,0.5383,0.0281,0.3031,12.6475,19.0,139,0,0,0
564,18.8,1,1,,2793.0,1,326.0,110.0,358.0,253.0,341.8074,184.406,0.8645,0.9867,0.5411,0.0345,1.8981,12.6013,18.0,141,0,0,0
565,18.8333,1,1,,2820.0,1,327.0,111.0,358.0,253.0,342.4273,184.7855,0.8475,0.9926,0.5504,0.0325,1.0465,12.476,19.0,140,0,0,0
566,18.8667,1,1,,2804.0,1,327.0,111.0,358.0,253.0,342.4832,185.0143,0.8662,0.9982,0.5537,0.0295,0.2605,12.2949,18.5,140,0,0,0
567,18.9,1,1,,2849.0,1,327.0,112.0,358.0,255.0,343.086,186.5483,0.8654,0.9886,0.5683,0.037,1.6331,12.1385,18.0,141,0,0,0
568,18.9333,1,1,,2844.0,1,327.0,111.0,358.0,255.0,343.179,186.5534,0.8827,0.9948,0.5679,0.0324,0.7436,12.0841,18.5,142,0,0,0
569,18.9667,1,1,,2836.0,1,327.0,112.0,358.0,255.0,343.1911,186.6953,0.8839,0.9996,0.5659,0.0301,0.0509,12.0553,18.0,141,0,0,0
570,19.0,1,1,,2845.0,1,329.0,112.0,359.0,257.0,344.0123,187.4587,0.8498,0.9893,0.567,0.0331,1.5472,12.0416,18.0,143,0,0,0
571,19.0333,1,1,,2863.0,1,329.0,112.0,359.0,257.0,344.1586,187.7478,0.8451,0.9944,0.562,0.0315,0.8136,12.1827,19.0,143,0,0,0
572,19.0667,1,1,,2858.0,1,329.0,112.0,359.0,257.0,344.2281,188.0962,0.8383,0.999,0.5518,0.0311,0.1515,12.341,19.0,143,0,0,0
573,19.1,1,1,,2879.0,1,330.0,112.0,360.0,258.0,345.3967,187.6006,0.8266,0.9954,0.5479,0.0267,0.6665,12.4765,18.5,144,0,0,0
574,19.1333,1,1,,2878.0,1,330.0,112.0,360.0,258.0,345.4083,187.558,0.8201,0.9987,0.5402,0.0248,0.197,12.5971,18.5,144,0,0,0
575,19.1667,1,1,,2862.0,1,330.0,112.0,360.0,257.0,345.4444,187.4686,0.8073,1.0,0.5312,0.0231,-1.2369,12.6899,19.0,143,0,0,0
576,19.2,1,1,,2897.0,1,331.0,112.0,361.0,259.0,346.5868,188.0221,0.8059,0.9971,0.5322,0.0268,0.4286,12.7766,18.0,145,0,0,0
577,19.2333,1,1,,2892.0,1,332.0,112.0,361.0,259.0,346.7891,187.9395,0.7814,0.9999,0.5302,0.025,0.018,12.7561,18.0,145,0,0,0
578,19.2667,1,1,,2929.0,1,332.0,111.0,361.0,259.0,346.8139,188.0222,0.7874,1.0,0.5374,0.0245,-0.3453,12.704,19.0,146,0,0,0
579,19.3,1,1,,3002.0,1,333.0,111.0,363.0,259.0,347.7548,187.4773,0.8151,1.0,0.5511,0.022,-0.6444,12.653,19.0,146,0,0,0
580,19.3333,1,1,,2993.0,1,333.0,111.0,363.0,259.0,347.8129,187.4918,0.8161,1.0,0.5502,0.0205,-1.0491,12.5896,19.0,146,0,0,0
581,19.3667,1,1,,2982.0,1,333.0,111.0,363.0,260.0,347.888,187.3404,0.8241,1.0,0.5497,0.0184,-0.4368,12.5102,19.0,147,0,0,0
582,19.4,1,1,,3079.0,1,334.0,111.0,364.0,261.0,348.6327,188.2796,0.8315,0.9985,0.5705,0.0243,0.2249,12.4132,19.0,148,0,0,0
583,19.4333,1,1,,3141.0,1,334.0,111.0,365.0,261.0,349.3298,188.2907,0.8697,1.0,0.5874,0.0239,-0.2031,12.2544,19.5,148,0,0,0
584,19.4667,1,1,,3142.0,1,334.0,111.0,365.0,261.0,349.3498,188.2225,0.8762,1.0,0.592,0.0209,-0.7073,12.1184,20.0,148,0,0,0
585,19.5,1,1,,3148.0,1,336.0,111.0,365.0,263.0,349.8726,188.8418,0.8254,0.994,0.596,0.0242,0.9079,12.0191,20.0,150,0,0,0
586,19.5333,1,1,,3156.0,1,336.0,111.0,365.0,263.0,349.9525,189.0529,0.8398,0.9967,0.6049,0.024,0.4959,11.8315,20.0,150,0,0,0
587,19.5667,1,1,,3158.0,1,336.0,111.0,365.0,263.0,349.9386,188.8417,0.8517,0.9992,0.6111,0.0215,0.1248,11.6842,20.0,150,0,0,0
588,19.6,1,1,,3276.0,1,337.0,110.0,366.0,264.0,351.1645,189.6267,0.8583,0.9942,0.6365,0.0278,0.8977,11.608,19.0,152,0,0,0
589,19.6333,1,1,,3299.0,1,337.0,110.0,366.0,265.0,351.4259,189.7293,0.8514,0.9896,0.6371,0.0268,1.6078,11.6477,20.0,153,0,0,0
590,19.6667,1,1,,3299.0,1,337.0,110.0,366.0,265.0,351.4771,189.7899,0.8452,0.9923,0.6293,0.0254,1.197,11.7568,20.0,153,0,0,0
591,19.7,1,1,,3351.0,1,337.0,110.0,367.0,265.0,351.9866,191.0668,0.8693,0.995,0.6324,0.0321,0.7819,11.8498,20.0,153,0,0,0
592,19.7333,1,1,,3358.0,1,337.0,110.0,367.0,265.0,351.9666,191.1435,0.874,0.9984,0.6331,0.0307,0.2513,11.8203,20.0,153,0,0,0
593,19.7667,1,1,,3364.0,1,337.0,110.0,367.0,265.0,351.9533,191.0699,0.8763,1.0,0.6339,0.0294,-0.1458,11.782,20.0,153,0,0,0
594,19.8,1,1,,3401.0,1,338.0,110.0,368.0,267.0,353.1123,191.1505,0.8708,0.9906,0.6401,0.0297,1.4814,11.7602,20.0,155,0,0,0
595,19.8333,1,1,,3402.0,1,338.0,109.0,368.0,267.0,353.4444,191.2481,0.865,0.993,0.6291,0.029,1.1085,11.932,19.0,156,0,0,0
596,19.8667,1,1,,3405.0,1,338.0,110.0,368.0,267.0,353.484,191.5007,0.8594,0.9956,0.6263,0.0293,0.6837,11.9554,20.0,155,0,0,0
597,19.9,1,1,,3416.0,1,339.0,109.0,369.0,267.0,354.1657,191.125,0.8652,0.9981,0.6258,0.026,0.3046,11.9706,20.0,156,0,0,0
598,19.9333,1,1,,3428.0,1,339.0,110.0,369.0,267.0,354.224,191.1838,0.8566,1.0,0.6235,0.0247,-0.2421,12.0137,20.0,155,0,0,0
599,19.9667,1,1,,3426.0,1,339.0,110.0,369.0,267.0,354.2501,191.148,0.8521,1.0,0.6198,0.0233,-0.7378,12.0356,20.0,155,0,0,0
600,20.0,1,1,,3468.0,1,339.0,109.0,370.0,268.0,355.325,191.9072,0.8881,1.0,0.6249,0.0264,-0.1685,12.0501,20.0,157,1,0,0
601,20.0333,1,1,,3556.0,1,340.0,109.0,370.0,269.0,355.9851,191.5602,0.8529,0.9977,0.6346,0.0232,0.3686,12.1244,20.0,158,0,0,0
602,20.0667,1,1,,3576.0,1,340.0,109.0,371.0,269.0,356.0677,191.703,0.8788,1.0,0.6336,0.0228,-0.1253,12.1641,20.5,158,0,0,0
603,20.1,1,1,,3612.0,1,340.0,109.0,371.0,270.0,356.4048,191.5008,0.8732,0.9975,0.6349,0.0204,0.4027,12.2159,21.0,159,0,0,0
604,20.1333,1,1,,3622.0,1,340.0,109.0,371.0,270.0,356.4901,191.5939,0.8667,1.0,0.629,0.0205,-0.0123,12.313,21.0,159,0,0,0
605,20.1667,1,1,,3627.0,1,340.0,109.0,372.0,270.0,356.5065,191.5669,0.8838,1.0,0.6222,0.0196,-0.472,12.415,21.0,159,0,0,0
606,20.2,1,1,,3670.0,1,341.0,109.0,372.0,271.0,357.8856,192.442,0.851,0.9994,0.6226,0.024,0.0991,12.5124,21.0,160,0,0,0
607,20.2333,1,1,,3681.0,1,341.0,109.0,372.0,271.0,357.9546,192.4694,0.8421,1.0,0.6173,0.0219,-0.5395,12.6058,21.0,160,0,0,0
608,20.2667,1,1,,3679.0,1,341.0,109.0,373.0,271.0,357.9831,192.698,0.8621,1.0,0.6118,0.0212,-0.6293,12.657,20.5,160,0,0,0
609,20.3,1,1,,3737.0,1,341.0,109.0,374.0,272.0,358.7913,193.0214,0.8891,1.0,0.6177,0.0207,-0.3906,12.6874,20.0,161,0,0,0
610,20.3333,1,1,,3703.0,1,341.0,109.0,373.0,272.0,358.9136,192.9876,0.8487,0.9923,0.6112,0.0185,0.2471,12.6589,20.0,161,0,0,0
611,20.3667,1,1,,3743.0,1,341.0,109.0,373.0,272.0,358.7622,193.0465,0.8289,0.9794,0.6181,0.0178,0.6588,12.6153,21.0,161,0,0,0
612,20.4,1,1,,3787.0,1,341.0,108.0,374.0,274.0,359.8915,193.4988,0.8583,0.9715,0.6265,0.0183,0.9389,12.5652,21.0,164,0,0,0
613,20.4333,1,1,,3777.0,1,341.0,108.0,374.0,275.0,360.0469,193.9036,0.8279,0.9573,0.6154,0.02,1.3857,12.7278,21.0,165,0,0,0
614,20.4667,1,1,,3787.0,1,341.0,108.0,375.0,275.0,360.0879,193.6543,0.8313,0.9522,0.6076,0.0191,1.6246,12.8918,21.0,165,0,0,0
615,20.5,1,1,,3797.0,1,341.0,108.0,375.0,276.0,360.5575,194.2915,0.8169,0.9468,0.6012,0.0223,1.6745,13.032,20.5,166,0,0,0
616,20.5333,1,1,,3801.0,1,342.0,108.0,376.0,276.0,360.6046,194.332,0.8528,0.9776,0.5921,0.0221,0.6966,13.2063,21.0,166,0,0,0
617,20.5667,1,1,,3775.0,1,342.0,108.0,376.0,276.0,360.7611,194.5499,0.8443,0.9791,0.5804,0.0224,0.7119,13.345,21.0,166,0,0,0
618,20.6,1,1,,3940.0,1,342.0,108.0,377.0,278.0,361.8604,195.2069,0.8561,0.971,0.5992,0.0247,1.637,13.4606,21.0,168,0,0,0
619,20.6333,1,1,,3921.0,1,342.0,107.0,378.0,278.0,362.3805,194.5978,0.8618,0.9648,0.5874,0.02,1.0984,13.612,21.0,169,0,0,0
620,20.6667,1,1,,3915.0,1,343.0,107.0,377.0,278.0,362.4023,194.635,0.8402,0.9863,0.5804,0.0189,0.4857,13.6996,21.0,169,0,0,0
621,20.7,1,1,,3957.0,1,343.0,107.0,379.0,279.0,363.1713,195.8421,0.8736,0.9779,0.5824,0.0238,0.9049,13.7487,21.0,170,0,0,0
622,20.7333,1,1,,3941.0,1,343.0,107.0,379.0,279.0,363.218,195.8868,0.8541,0.968,0.5779,0.0225,1.1075,13.7376,21.0,170,0,0,0
623,20.7667,1,1,,3927.0,1,344.0,107.0,379.0,279.0,363.2684,196.0917,0.8566,0.9836,0.5764,0.0221,0.5755,13.6659,21.0,170,0,0,0
624,20.8,1,1,,3949.0,1,344.0,107.0,380.0,280.0,364.3593,196.3948,0.8729,0.9743,0.5815,0.0216,0.9268,13.5749,21.0,171,0,0,0
625,20.8333,1,1,,3970.0,1,345.0,107.0,380.0,281.0,364.5612,196.8196,0.8684,0.9836,0.584,0.0222,0.5157,13.5404,21.0,172,0,0,0
626,20.8667,1,1,,3952.0,1,345.0,107.0,380.0,281.0,364.6253,196.9016,0.847,0.9738,0.5776,0.0218,0.9164,13.5837,21.0,172,0,0,0
627,20.9,1,1,,4039.0,1,345.0,107.0,381.0,282.0,365.3597,196.7613,0.8593,0.967,0.587,0.0198,1.1057,13.6219,21.0,173,0,0,0
628,20.9333,1,1,,4036.0,1,345.0,107.0,381.0,282.0,365.3702,196.7448,0.8436,0.9593,0.5842,0.0194,1.4432,13.6413,21.0,173,0,0,0
629,20.9667,1,1,,4043.0,1,345.0,107.0,381.0,282.0,365.3611,196.7321,0.8346,0.955,0.5837,0.019,1.619,13.6496,21.0,173,0,0,0
630,21.0,1,1,,4145.0,1,345.0,107.0,382.0,284.0,366.2113,197.524,0.8474,0.9442,0.598,0.0224,1.7401,13.6398,22.0,175,0,0,0
631,21.0333,1,1,,4171.0,1,345.0,107.0,383.0,284.0,366.5176,197.9784,0.8533,0.938,0.5979,0.0241,2.1066,13.6906,22.0,175,0,0,0
632,21.0667,1,1,,4157.0,1,345.0,107.0,383.0,284.0,366.5369,198.1013,0.8352,0.9318,0.59,0.0234,2.4615,13.777,22.0,175,0,0,0
633,21.1,1,1,,4228.0,1,347.0,107.0,383.0,285.0,367.3702,198.2427,0.8615,0.9759,0.5952,0.022,1.0003,13.845,22.0,176,0,0,0
634,21.1333,1,1,,4218.0,1,347.0,107.0,383.0,285.0,367.39,198.3288,0.8354,0.9626,0.5904,0.0205,1.2919,13.8757,22.0,176,0,0,0
635,21.1667,1,1,,4193.0,1,347.0,107.0,383.0,285.0,367.3394,198.393,0.8183,0.9537,0.5847,0.0195,1.6676,13.8881,22.0,176,0,0,0
636,21.2,1,1,,4315.0,1,347.0,107.0,384.0,286.0,368.0362,199.3423,0.833,0.947,0.6011,0.0225,1.9196,13.8711,23.0,177,0,0,0
637,21.2333,1,1,,4346.0,1,347.0,107.0,385.0,287.0,368.2655,200.0364,0.8438,0.9413,0.6012,0.0248,2.0858,13.9348,23.0,178,0,0,0
638,21.2667,1,1,,4335.0,1,347.0,107.0,385.0,287.0,368.2886,200.089,0.8382,0.9447,0.5913,0.0238,2.0573,14.0924,22.5,178,0,0,0
639,21.3,1,1,,4429.0,1,348.0,107.0,387.0,288.0,369.1262,201.3093,0.8993,0.9712,0.597,0.0286,0.9635,14.2254,23.0,179,0,0,0
640,21.3333,1,1,,4413.0,1,348.0,107.0,387.0,288.0,369.1396,201.3526,0.8604,0.9671,0.573,0.028,1.2267,14.7293,23.0,179,0,0,0
641,21.3667,1,1,,4419.0,1,348.0,107.0,387.0,288.0,369.2166,201.3895,0.8329,0.9631,0.5592,0.028,1.4398,15.0789,22.0,179,0,0,0
642,21.4,1,1,,4596.0,1,348.0,107.0,390.0,290.0,369.9767,203.3647,0.8771,0.9565,0.5711,0.0367,1.5561,15.331,23.0,181,0,0,0
643,21.4333,1,1,,4678.0,1,348.0,107.0,391.0,290.0,370.2672,203.9889,0.8794,0.959,0.5664,0.0387,1.5361,15.6827,23.0,181,0,0,0
644,21.4667,1,1,,4680.0,1,348.0,107.0,391.0,290.0,370.3032,203.9355,0.8594,0.9632,0.5487,0.0375,1.5103,16.1338,23.0,181,0,0,0
645,21.5,1,1,,4754.0,1,349.0,107.0,392.0,292.0,371.2015,205.2135,0.8811,0.983,0.5439,0.0414,1.6952,16.4744,23.0,183,0,0,0
646,21.5333,1,1,,4782.0,1,350.0,107.0,392.0,292.0,371.2507,205.3823,0.8611,0.9944,0.5356,0.0407,1.0438,16.7641,23.0,183,0,0,0
647,21.5667,1,1,,4748.0,1,350.0,107.0,392.0,292.0,371.3273,205.1792,0.8535,0.9976,0.5238,0.0381,0.439,16.9583,23.0,183,0,0,0
648,21.6,1,1,,4961.0,1,349.0,107.0,397.0,294.0,372.0006,207.8395,0.9605,0.9896,0.5419,0.0497,1.9469,17.0814,23.0,185,0,0,0
649,21.6333,1,1,,4974.0,1,349.0,107.0,398.0,295.0,372.2503,208.4827,0.9385,0.9863,0.5206,0.0523,2.5778,17.771,23.0,186,0,0,0
650,21.6667,1,1,,4998.0,1,349.0,107.0,398.0,295.0,372.2657,208.3283,0.906,0.9889,0.5022,0.0504,2.0915,18.4477,23.0,186,0,0,0
651,21.7,1,1,,5082.0,1,348.0,107.0,404.0,295.0,373.4286,209.6702,0.8939,0.9321,0.4951,0.0557,3.3485,18.9697,23.0,186,0,0,0
652,21.7333,1,1,,5092.0,1,348.0,107.0,404.0,295.0,373.5379,209.8547,0.9224,0.9703,0.4731,0.0553,1.3427,19.8293,23.0,186,0,0,0
653,21.7667,1,1,,5070.0,1,348.0,107.0,404.0,295.0,373.5836,210.0907,0.9388,0.9967,0.455,0.0553,0.6187,20.4721,23.0,186,0,0,0
654,21.8,1,1,,5158.0,1,346.0,107.0,410.0,297.0,373.8488,211.5795,0.8845,0.9101,0.4518,0.0615,5.0668,20.9336,24.0,188,0,0,0
655,21.8333,1,1,,5184.0,1,345.0,107.0,411.0,298.0,374.5575,212.4093,0.9046,0.9277,0.4314,0.0629,3.9826,21.9498,23.0,189,0,0,0
656,21.8667,1,1,,5180.0,1,346.0,107.0,411.0,298.0,374.6342,212.3656,0.921,0.9665,0.4107,0.0606,1.6389,22.9497,23.0,189,0,0,0
657,21.9,1,1,,5289.0,1,342.0,107.0,413.0,299.0,374.8274,213.3657,0.9303,0.9441,0.4046,0.0638,2.0409,23.7057,23.0,190,0,0,0
658,21.9333,1,1,,5311.0,1,342.0,107.0,413.0,299.0,374.9878,213.1648,0.9715,0.9891,0.3868,0.0603,1.1386,24.7882,24.0,190,0,0,0
659,21.9667,1,1,,5393.0,1,342.0,107.0,414.0,299.0,374.7033,212.9583,0.9623,0.9939,0.3799,0.0573,0.3332,25.5166,23.5,190,0,0,0
660,22.0,1,1,,5474.0,1,340.0,107.0,416.0,301.0,375.2919,214.2704,0.9547,0.9694,0.377,0.0611,1.6776,26.0087,24.0,192,0,0,0
661,22.0333,1,1,,5473.0,1,339.0,106.0,417.0,301.0,375.6393,214.5679,0.9733,0.9834,0.3621,0.0602,0.8332,26.962,23.0,193,0,0,0
662,22.0667,1,1,,5435.0,1,340.0,106.0,417.0,301.0,375.7433,214.7257,0.9583,0.9997,0.3471,0.0592,0.0642,27.8159,23.0,193,0,0,0
663,22.1,1,1,,5516.0,1,338.0,107.0,419.0,301.0,376.0266,215.2766,0.978,0.9991,0.3439,0.06,0.0742,28.3922,24.0,192,0,0,0
664,22.1333,1,1,,5485.0,1,338.0,107.0,419.0,301.0,376.1098,215.6228,0.9537,1.0,0.3329,0.0604,-0.4619,29.0883,24.0,192,0,0,0
665,22.1667,1,1,,5454.0,1,338.0,107.0,419.0,301.0,376.1194,215.7035,0.9367,1.0,0.3251,0.0596,-0.8959,29.5579,24.0,192,0,0,0
666,22.2,1,1,,5557.0,1,338.0,107.0,422.0,303.0,376.6293,216.6226,0.9699,0.9992,0.3278,0.0624,0.1514,29.83,24.0,194,0,0,0
667,22.2333,1,1,,5592.0,1,337.0,107.0,422.0,304.0,376.8763,217.0501,0.9605,0.9896,0.3275,0.0644,0.9072,30.019,24.0,195,0,0,0
668,22.2667,1,1,,5551.0,1,337.0,107.0,422.0,303.0,376.9162,216.826,0.9456,0.9869,0.3233,0.0636,1.1113,30.1405,24.0,194,0,0,0
669,22.3,1,1,,5615.0,1,336.0,107.0,423.0,305.0,377.0317,217.9332,0.932,0.9644,0.3262,0.0683,2.5083,30.1763,24.0,196,0,0,0
670,22.3333,1,1,,5588.0,1,336.0,107.0,423.0,305.0,377.0848,218.1192,0.9108,0.9523,0.3251,0.0703,3.6892,30.0641,24.0,196,0,0,0
671,22.3667,1,1,,5567.0,1,336.0,107.0,423.0,305.0,377.1008,218.0909,0.8967,0.9426,0.3252,0.0709,4.6955,29.8639,24.0,196,0,0,0
672,22.4,1,1,,5612.0,1,336.0,107.0,424.0,309.0,378.1413,219.7928,0.8811,0.9164,0.3301,0.0766,5.572,29.5956,24.0,200,0,0,0
673,22.4333,1,1,,5656.0,1,336.0,107.0,425.0,311.0,378.1094,221.3904,0.8295,0.8604,0.3471,0.0872,10.2957,28.2176,24.0,202,0,0,0
674,22.4667,1,1,,5650.0,1,336.0,107.0,425.0,311.0,378.1143,221.2097,0.792,0.8273,0.3569,0.089,13.7864,27.2282,24.0,202,0,0,0
675,22.5,1,1,,5792.0,1,337.0,107.0,425.0,315.0,378.6749,222.3436,0.7672,0.8013,0.3742,0.0923,15.0051,26.4611,24.0,206,0,0,0
676,22.5333,1,1,,5779.0,1,337.0,107.0,425.0,315.0,378.71,222.4603,0.7961,0.8235,0.368,0.0859,13.5963,26.6204,24.0,206,0,0,0
677,22.5667,1,1,,5784.0,1,337.0,107.0,425.0,315.0,378.7552,222.218,0.8239,0.8449,0.3631,0.0787,12.277,26.7817,24.0,206,0,0,0
678,22.6,1,1,,5946.0,1,337.0,107.0,424.0,321.0,379.329,224.2062,0.8124,0.8369,0.3683,0.0805,11.2251,26.955,24.0,212,0,0,0
679,22.6333,1,1,,5965.0,1,338.0,107.0,425.0,322.0,379.4384,224.3148,0.8589,0.8721,0.3593,0.0719,7.9862,27.4535,24.0,213,0,0,0
680,22.6667,1,1,,5987.0,1,338.0,107.0,425.0,322.0,379.4426,224.3917,0.8821,0.8947,0.3521,0.0642,6.4059,27.834,25.0,213,0,0,0
681,22.7,1,1,,6124.0,1,339.0,107.0,425.0,327.0,379.8325,225.8854,0.8877,0.8996,0.3545,0.0644,7.4865,28.031,25.0,218,0,0,0
682,22.7333,1,1,,6123.0,1,339.0,107.0,425.0,328.0,379.8176,225.9531,0.8935,0.905,0.351,0.0598,6.1605,28.0214,25.0,219,0,0,0
683,22.7667,1,1,,6101.0,1,339.0,107.0,425.0,328.0,379.8484,225.9418,0.9017,0.9132,0.3467,0.0558,5.961,28.0055,25.0,219,0,0,0
684,22.8,1,1,,6185.0,1,340.0,107.0,426.0,332.0,380.4189,227.7489,0.8915,0.9025,0.3494,0.0588,6.4343,27.9652,24.0,223,0,0,0
685,22.8333,1,1,,6200.0,1,340.0,107.0,426.0,333.0,380.5084,227.6397,0.885,0.8957,0.3514,0.0556,6.7314,27.6334,24.0,224,0,0,0
686,22.8667,1,1,,6209.0,1,340.0,107.0,426.0,333.0,380.5449,227.7093,0.882,0.8936,0.3523,0.0539,7.7106,27.3587,24.0,224,0,0,0
687,22.9,1,1,,6343.0,1,342.0,105.0,426.0,334.0,380.8682,227.2612,0.9033,0.9087,0.3605,0.0499,6.4807,27.1085,24.0,227,0,0,0
688,22.9333,1,1,,6362.0,1,342.0,105.0,426.0,334.0,380.8853,227.2787,0.8909,0.9047,0.3594,0.0508,7.1998,27.079,24.0,227,0,0,0
689,22.9667,1,1,,6377.0,1,341.0,105.0,426.0,334.0,380.8885,227.2457,0.8727,0.8916,0.3588,0.0508,8.717,27.0331,25.0,227,0,0,0
690,23.0,1,1,,6546.0,1,340.0,104.0,427.0,336.0,381.3066,226.9811,0.8667,0.8743,0.3673,0.0485,10.014,26.9936,25.0,230,0,0,0
691,23.0333,1,1,,6600.0,1,340.0,103.0,428.0,336.0,381.3827,226.8665,0.861,0.8673,0.368,0.05,10.1822,27.0338,25.0,231,0,0,0
692,23.0667,1,1,,6592.0,1,340.0,103.0,428.0,336.0,381.4103,226.9198,0.8595,0.8683,0.3659,0.0514,10.3689,27.0457,25.0,231,0,0,0
693,23.1,1,1,,6660.0,1,340.0,102.0,429.0,336.0,381.8068,226.3293,0.8535,0.8603,0.3683,0.0488,10.4235,27.0686,26.0,232,0,0,0
694,23.1333,1,1,,6393.0,1,340.0,102.0,429.0,336.0,382.0264,226.2054,0.8536,0.8626,0.3516,0.0495,10.4991,27.1503,25.0,232,0,0,0
695,23.1667,1,1,,6611.0,1,340.0,102.0,430.0,336.0,382.3086,226.5622,0.8468,0.8568,0.3615,0.0506,10.4474,27.2591,25.0,232,0,0,0
696,23.2,1,1,,6730.0,1,340.0,100.0,430.0,335.0,382.7539,226.1527,0.8626,0.8668,0.3651,0.0484,10.3075,27.4444,25.0,233,0,0,0
697,23.2333,1,1,,6741.0,1,340.0,100.0,430.0,336.0,383.0128,225.9901,0.8679,0.875,0.3594,0.0493,9.5923,27.884,25.0,234,0,0,0
698,23.2667,1,1,,6733.0,1,340.0,100.0,430.0,335.0,383.0365,225.6432,0.8834,0.8935,0.3518,0.05,8.8354,28.4073,26.0,233,0,0,0
699,23.3,1,1,,6849.0,1,340.0,99.0,431.0,335.0,383.4301,225.1095,0.8882,0.8965,0.3521,0.0482,8.1982,28.8354,25.0,234,0,0,0
700,23.3333,1,1,,6835.0,1,340.0,98.0,431.0,335.0,383.5075,225.1763,0.8973,0.9072,0.3451,0.0509,7.4102,29.2962,25.0,235,0,0,0
701,23.3667,1,1,,6848.0,1,340.0,98.0,431.0,335.0,383.6456,225.2601,0.8968,0.9128,0.3412,0.052,6.8403,29.6335,25.0,235,0,0,0
702,23.4,1,1,,6944.0,1,340.0,97.0,431.0,335.0,383.9997,224.9054,0.9023,0.9183,0.3425,0.0501,6.3939,29.8772,25.5,236,0,0,0
703,23.4333,1,1,,6951.0,1,340.0,97.0,432.0,335.0,384.1368,224.4509,0.9082,0.9213,0.3393,0.0509,5.8795,30.0976,26.0,236,0,0,0
704,23.4667,1,1,,6951.0,1,340.0,96.0,432.0,335.0,384.2072,224.4873,0.9129,0.9255,0.3366,0.0522,5.5395,30.2397,26.0,237,0,0,0
705,23.5,1,1,,7046.0,1,340.0,95.0,432.0,335.0,384.4789,223.734,0.9188,0.9295,0.3391,0.0491,5.3126,30.3298,26.0,238,0,0,0
706,23.5333,1,1,,7057.0,1,340.0,95.0,432.0,335.0,384.5371,223.8033,0.9173,0.9307,0.3381,0.0503,5.0803,30.3701,26.0,238,0,0,0
707,23.5667,1,1,,7055.0,1,340.0,95.0,432.0,335.0,384.5697,223.7504,0.9172,0.932,0.337,0.05,4.9787,30.3712,26.0,238,0,0,0
708,23.6,1,1,,7142.0,1,341.0,93.0,431.0,335.0,384.8867,222.8324,0.931,0.9462,0.3407,0.0455,3.9701,30.3477,26.0,240,0,0,0
709,23.6333,1,1,,7137.0,1,340.0,92.0,431.0,335.0,385.0244,222.7761,0.9257,0.9371,0.3399,0.0471,4.7676,30.299,26.0,241,0,0,0
710,23.6667,1,1,,7151.0,1,340.0,92.0,431.0,335.0,385.0308,222.7414,0.9248,0.9366,0.3406,0.0487,4.631,30.1814,26.0,241,0,0,0
711,23.7,1,1,,7198.0,1,341.0,91.0,431.0,335.0,385.1477,222.268,0.9339,0.9443,0.3431,0.0472,3.6284,30.0622,26.0,242,0,0,0
712,23.7333,1,1,,7219.0,1,341.0,91.0,431.0,335.0,385.1586,222.4002,0.9259,0.9403,0.3439,0.05,3.7004,29.9598,26.0,242,0,0,0
713,23.7667,1,1,,7192.0,1,341.0,91.0,431.0,335.0,385.2069,222.6256,0.9216,0.9382,0.3425,0.0515,3.8174,29.8658,26.0,242,0,0,0
714,23.8,1,1,,7291.0,1,342.0,89.0,431.0,335.0,385.7223,221.8035,0.9371,0.9477,0.3473,0.0477,2.9888,29.7781,26.0,244,0,0,0
715,23.8333,1,1,,7310.0,1,342.0,88.0,431.0,335.0,385.8194,221.1205,0.9357,0.9459,0.3475,0.0472,3.5661,29.7369,26.0,245,0,0,0
716,23.8667,1,1,,7326.0,1,342.0,88.0,431.0,335.0,385.7802,220.9655,0.9295,0.9454,0.3463,0.0493,4.0282,29.799,26.0,245,0,0,0
717,23.9,1,1,,7360.0,1,342.0,87.0,432.0,336.0,386.102,220.5489,0.9238,0.9362,0.3458,0.0483,4.2083,29.8752,26.0,247,0,0,0
718,23.9333,1,1,,7341.0,1,342.0,87.0,432.0,336.0,386.1583,220.9074,0.9226,0.9386,0.3427,0.0515,4.097,29.9669,26.0,247,0,0,0
719,23.9667,1,1,,7341.0,1,342.0,87.0,432.0,336.0,386.1648,221.0362,0.9238,0.9418,0.3407,0.0524,3.9534,30.0407,26.0,247,0,0,0
720,24.0,1,1,,7379.0,1,342.0,84.0,432.0,336.0,386.7342,218.9345,0.9361,0.945,0.3409,0.0442,3.8499,30.099,26.0,250,0,0,0
721,24.0333,1,1,,7411.0,1,342.0,83.0,432.0,336.0,386.811,218.5016,0.9327,0.9452,0.3395,0.0459,3.8352,30.24,26.0,251,0,0,0
722,24.0667,1,1,,7462.0,1,342.0,83.0,432.0,336.0,386.9057,218.1305,0.9258,0.9454,0.3391,0.0468,3.7721,30.3568,26.0,251,0,0,0
723,24.1,1,1,,7419.0,1,342.0,81.0,434.0,334.0,387.4298,217.0632,0.9319,0.9415,0.3349,0.0431,3.698,30.4434,26.0,251,0,0,0
724,24.1333,1,1,,7419.0,1,342.0,81.0,434.0,334.0,387.4689,217.0887,0.9269,0.9421,0.3325,0.047,3.6536,30.5258,26.0,251,0,0,0
725,24.1667,1,1,,7405.0,1,342.0,81.0,434.0,334.0,387.5001,217.1834,0.9254,0.9438,0.3301,0.0487,3.6438,30.5722,26.0,251,0,0,0
726,24.2,1,1,,7511.0,1,342.0,77.0,435.0,333.0,387.8329,214.879,0.9337,0.9396,0.3335,0.0401,3.6276,30.5997,26.0,254,0,0,0
727,24.2333,1,1,,7536.0,1,343.0,76.0,435.0,332.0,388.0292,213.6417,0.9466,0.9553,0.3318,0.0399,2.2563,30.7601,26.0,254,0,0,0
728,24.2667,1,1,,7520.0,1,343.0,76.0,435.0,332.0,388.0941,213.6723,0.9421,0.9563,0.3287,0.0443,1.9871,30.8892,26.0,254,0,0,0
729,24.3,1,1,,7500.0,1,343.0,74.0,435.0,331.0,388.3841,211.9409,0.9515,0.962,0.326,0.0399,1.8052,30.9812,26.0,255,0,0,0
730,24.3333,1,1,,7516.0,1,343.0,73.0,435.0,331.0,388.4065,211.7739,0.9495,0.962,0.3247,0.0437,1.7773,31.0927,26.0,256,0,0,0
731,24.3667,1,1,,7525.0,1,343.0,73.0,435.0,331.0,388.4074,211.6852,0.9477,0.9632,0.3237,0.0454,1.7816,31.1646,26.0,256,0,0,0
732,24.4,1,1,,7638.0,1,343.0,71.0,436.0,330.0,388.8475,210.1266,0.9487,0.9581,0.3276,0.04,2.0258,31.2052,26.0,257,0,0,0
733,24.4333,1,1,,7651.0,1,343.0,69.0,436.0,329.0,388.8852,208.4748,0.9499,0.9593,0.3265,0.0399,1.9912,31.2731,26.0,258,0,0,0
734,24.4667,1,1,,7672.0,1,343.0,69.0,436.0,329.0,388.9425,208.133,0.9367,0.9546,0.3258,0.0455,2.1845,31.2928,26.0,258,0,0,0
735,24.5,1,1,,7669.0,1,343.0,66.0,437.0,328.0,389.4698,207.1047,0.9346,0.9469,0.3244,0.0449,2.3023,31.2971,26.0,260,0,0,0
736,24.5333,1,1,,7672.0,1,343.0,66.0,437.0,328.0,389.4837,206.9333,0.9294,0.9463,0.323,0.0474,2.3877,31.3297,26.0,260,0,0,0
737,24.5667,1,1,,7688.0,1,343.0,66.0,437.0,328.0,389.4993,206.8148,0.9289,0.948,0.3223,0.0478,2.3939,31.373,26.0,260,0,0,0
738,24.6,1,1,,7822.0,1,343.0,63.0,437.0,326.0,389.9349,205.2637,0.9422,0.9547,0.3269,0.0422,2.3539,31.4092,27.0,261,0,0,0
739,24.6333,1,1,,7844.0,1,343.0,63.0,437.0,327.0,389.9927,205.0324,0.9367,0.9548,0.3245,0.0477,2.0384,31.6013,26.5,262,0,0,0
740,24.6667,1,1,,7832.0,1,343.0,63.0,437.0,327.0,390.0232,205.0633,0.9348,0.9581,0.321,0.0508,1.8896,31.7496,27.0,262,0,0,0
741,24.7,1,1,,7833.0,1,343.0,62.0,437.0,326.0,390.2515,204.8666,0.9432,0.966,0.3188,0.0508,1.608,31.8543,26.0,262,0,0,0
742,24.7333,1,1,,7836.0,1,343.0,62.0,437.0,326.0,390.2397,204.873,0.939,0.9638,0.3189,0.0512,2.0581,31.7422,26.0,262,0,0,0
743,24.7667,1,1,,7846.0,1,343.0,61.0,437.0,326.0,390.2656,204.4093,0.9387,0.9617,0.3194,0.049,2.396,31.6396,26.0,263,0,0,0
744,24.8,1,1,,7931.0,1,344.0,61.0,438.0,328.0,390.6251,205.3716,0.9348,0.9567,0.3224,0.0513,2.1548,31.6171,26.0,265,0,0,0
745,24.8333,1,1,,7969.0,1,344.0,61.0,438.0,329.0,390.7343,205.91,0.9401,0.9618,0.3212,0.0517,1.8072,31.8242,26.0,266,0,0,0
746,24.8667,1,1,,7951.0,1,344.0,62.0,438.0,329.0,390.7571,206.2037,0.9458,0.9702,0.3181,0.0506,1.567,32.0007,26.0,265,0,0,0
747,24.9,1,1,,7994.0,1,344.0,61.0,439.0,331.0,391.1417,207.0859,0.9401,0.9596,0.3179,0.0518,2.3767,32.1416,27.0,268,0,0,0
748,24.9333,1,1,,7981.0,1,344.0,61.0,439.0,331.0,391.1951,207.284,0.9469,0.9655,0.3158,0.0505,2.2349,32.2436,27.0,268,0,0,0
749,24.9667,1,1,,7979.0,1,344.0,62.0,439.0,331.0,391.196,207.2332,0.9485,0.9699,0.3146,0.0488,2.1342,32.316,27.0,267,0,0,0
750,25.0,1,1,,8097.0,1,344.0,61.0,439.0,332.0,391.2013,207.4676,0.9516,0.9692,0.3184,0.0487,2.0735,32.3621,27.0,269,0,0,0
751,25.0333,1,1,,8147.0,1,344.0,61.0,440.0,333.0,391.6246,208.2289,0.9366,0.9541,0.3207,0.0508,2.9157,32.2629,27.0,270,0,0,0
752,25.0667,1,1,,8127.0,1,344.0,61.0,440.0,332.0,391.6926,208.1593,0.9429,0.961,0.3187,0.0496,2.3416,32.3108,27.0,269,0,0,0
753,25.1,1,1,,8275.0,1,344.0,61.0,440.0,333.0,391.9926,208.8007,0.942,0.9603,0.3235,0.0509,1.9816,32.3435,27.0,270,0,0,0
754,25.1333,1,1,,8288.0,1,344.0,61.0,440.0,333.0,391.9881,208.8342,0.9412,0.9602,0.3238,0.0505,1.8978,32.2832,27.0,270,0,0,0
755,25.1667,1,1,,8294.0,1,344.0,61.0,440.0,333.0,391.9879,208.6686,0.939,0.9592,0.3239,0.0493,2.0612,32.229,27.0,270,0,0,0
756,25.2,1,1,,8287.0,1,345.0,62.0,440.0,335.0,392.4064,209.4408,0.9414,0.9641,0.3233,0.051,1.8039,32.2055,27.0,271,0,0,0
757,25.2333,1,1,,8365.0,1,345.0,61.0,441.0,335.0,392.5272,208.8815,0.9377,0.9566,0.3256,0.0478,2.3339,32.2111,27.0,272,0,0,0
758,25.2667,1,1,,8349.0,1,345.0,61.0,441.0,335.0,392.5671,208.8075,0.9377,0.9572,0.3246,0.047,2.049,32.1763,27.0,272,0,0,0
759,25.3,1,1,,8406.0,1,345.0,61.0,442.0,336.0,392.8503,209.1914,0.9252,0.9445,0.3265,0.0476,2.8807,32.1424,27.0,273,0,0,0
760,25.3333,1,1,,8419.0,1,345.0,61.0,442.0,336.0,392.9172,209.3067,0.9256,0.9444,0.3271,0.0461,3.0024,32.064,27.0,273,0,0,0
761,25.3667,1,1,,8434.0,1,345.0,61.0,442.0,336.0,392.9883,209.2402,0.9224,0.9426,0.3278,0.0443,3.1418,32.0024,27.0,273,0,0,0
762,25.4,1,1,,8477.0,1,346.0,61.0,443.0,338.0,393.2738,210.4224,0.921,0.9387,0.3293,0.0478,4.2445,31.963,27.0,275,0,0,0
763,25.4333,1,1,,8520.0,1,346.0,61.0,442.0,339.0,393.7234,210.6018,0.9286,0.9471,0.3301,0.0478,3.3497,31.9737,27.0,276,0,0,0
764,25.4667,1,1,,8536.0,1,346.0,61.0,442.0,339.0,393.7687,210.5221,0.9383,0.9576,0.327,0.0464,2.8477,32.246,27.0,276,0,0,0
765,25.5,1,1,,8629.0,1,346.0,61.0,443.0,340.0,394.0876,210.6789,0.934,0.9533,0.3274,0.0457,3.4526,32.4683,27.0,277,0,0,0
766,25.5333,1,1,,8672.0,1,346.0,61.0,443.0,340.0,394.164,210.8065,0.9382,0.9577,0.3275,0.0449,3.1008,32.5342,27.0,277,0,0,0
767,25.5667,1,1,,8690.0,1,346.0,61.0,443.0,340.0,394.2197,210.8345,0.9378,0.9588,0.3273,0.0437,2.9273,32.5499,28.0,277,0,0,0
768,25.6,1,1,,8867.0,1,346.0,61.0,444.0,340.0,394.722,211.7528,0.9269,0.949,0.3334,0.0459,3.8427,32.5508,28.0,277,0,0,0
769,25.6333,1,1,,8925.0,1,346.0,60.0,444.0,341.0,395.0074,211.9881,0.9302,0.9476,0.3354,0.0459,3.5149,32.5032,28.0,279,0,0,0
770,25.6667,1,1,,8940.0,1,346.0,60.0,444.0,341.0,395.0563,211.882,0.9264,0.9455,0.336,0.0448,3.2541,32.4309,28.0,279,0,0,0
771,25.7,1,1,,9021.0,1,347.0,60.0,444.0,341.0,395.3132,212.6775,0.9344,0.9555,0.3384,0.047,3.0482,32.4392,28.0,279,0,0,0
772,25.7333,1,1,,9011.0,1,347.0,60.0,444.0,341.0,395.3634,212.817,0.9357,0.9594,0.3357,0.0484,2.4987,32.5702,28.0,279,0,0,0
773,25.7667,1,1,,9016.0,1,347.0,60.0,444.0,341.0,395.3838,212.7601,0.9371,0.9634,0.3336,0.0484,2.1282,32.7067,28.0,279,0,0,0
774,25.8,1,1,,9072.0,1,347.0,60.0,446.0,343.0,395.8713,213.7866,0.9256,0.947,0.3338,0.0513,3.9119,32.8121,28.0,281,0,0,0
775,25.8333,1,1,,9104.0,1,347.0,60.0,446.0,343.0,395.9179,213.7354,0.9142,0.9364,0.3382,0.0483,4.0651,32.4461,28.0,281,0,0,0
776,25.8667,1,1,,9078.0,1,347.0,60.0,446.0,343.0,395.9965,213.6769,0.9042,0.9269,0.3403,0.0458,4.2657,32.1178,28.0,281,0,0,0
777,25.9,1,1,,9121.0,1,348.0,60.0,446.0,344.0,396.4041,214.0533,0.9083,0.9288,0.3445,0.0455,4.4291,31.8578,28.0,282,0,0,0
778,25.9333,1,1,,9094.0,1,348.0,60.0,446.0,344.0,396.4466,213.9194,0.9052,0.9265,0.344,0.044,4.1988,31.7773,28.0,282,0,0,0
779,25.9667,1,1,,9078.0,1,348.0,60.0,446.0,344.0,396.4666,213.8526,0.9032,0.925,0.3436,0.0432,4.0833,31.7282,28.0,282,0,0,0
780,26.0,1,1,,9202.0,1,347.0,61.0,447.0,346.0,396.8464,216.7367,0.8886,0.9073,0.3478,0.0522,5.0867,31.7554,29.0,283,0,0,0
781,26.0333,1,1,,9269.0,1,348.0,61.0,446.0,347.0,397.0004,217.7636,0.9103,0.9273,0.3496,0.0511,4.1046,31.8065,29.0,284,0,0,0
782,26.0667,1,1,,9284.0,1,348.0,62.0,446.0,347.0,397.005,217.9552,0.911,0.932,0.348,0.0477,3.7578,31.9692,29.0,283,0,0,0
783,26.1,1,1,,9457.0,1,348.0,62.0,449.0,349.0,397.3382,218.9396,0.8932,0.9082,0.3527,0.048,6.4964,32.1065,29.0,285,0,0,0
784,26.1333,1,1,,9438.0,1,348.0,62.0,449.0,349.0,397.4496,218.9028,0.8902,0.9062,0.3523,0.0453,6.4227,32.0346,28.0,285,0,0,0
785,26.1667,1,1,,9459.0,1,348.0,62.0,449.0,349.0,397.6096,219.0129,0.8874,0.9042,0.3535,0.0439,6.3979,31.9634,29.0,285,0,0,0
786,26.2,1,1,,9573.0,1,348.0,63.0,449.0,352.0,398.1192,220.7507,0.8904,0.9023,0.3582,0.0486,6.4357,31.8977,29.0,287,0,0,0
787,26.2333,1,1,,9712.0,1,348.0,63.0,449.0,352.0,397.8507,220.6845,0.8797,0.8928,0.3666,0.0463,6.2448,31.5605,30.0,287,0,0,0
788,26.2667,1,1,,9535.0,1,348.0,64.0,449.0,352.0,398.1448,220.9511,0.8672,0.8841,0.3627,0.0456,6.1714,31.2543,29.0,286,0,0,0
789,26.3,1,1,,9581.0,1,349.0,64.0,450.0,354.0,398.5983,221.1799,0.8648,0.8776,0.3666,0.0453,7.211,31.0229,30.0,288,0,0,0
790,26.3333,1,1,,9585.0,1,349.0,64.0,450.0,354.0,398.54,221.3382,0.8552,0.8693,0.3694,0.0451,6.9218,30.7306,30.0,288,0,0,0
791,26.3667,1,1,,9565.0,1,349.0,64.0,450.0,354.0,398.5397,221.3295,0.8469,0.8622,0.371,0.0446,7.1192,30.4798,29.5,288,0,0,0
792,26.4,1,1,,9649.0,1,349.0,63.0,450.0,355.0,399.097,221.0412,0.8457,0.857,0.3759,0.043,7.6821,30.296,29.0,290,0,0,0
793,26.4333,1,1,,9728.0,1,349.0,62.0,450.0,354.0,399.1205,220.0834,0.8425,0.8547,0.3795,0.0395,7.9262,30.2143,30.0,290,0,0,0
794,26.4667,1,1,,9902.0,1,349.0,62.0,450.0,354.0,398.8308,220.0352,0.8445,0.8577,0.3845,0.0411,7.8654,30.3191,30.0,290,0,0,0
795,26.5,1,1,,9809.0,1,349.0,60.0,451.0,353.0,399.6908,219.9927,0.8412,0.8524,0.3791,0.0419,7.7053,30.4306,30.0,291,0,0,0
796,26.5333,1,1,,9803.0,1,349.0,60.0,451.0,352.0,399.7384,220.2617,0.8405,0.8552,0.3772,0.0463,7.5264,30.531,30.0,290,0,0,0
797,26.5667,1,1,,9767.0,1,349.0,60.0,451.0,352.0,399.7812,220.3769,0.8397,0.8553,0.3753,0.0486,7.3861,30.5334,30.0,290,0,0,0
798,26.6,1,1,,9929.0,1,350.0,59.0,452.0,351.0,400.2681,219.5963,0.8374,0.8536,0.3819,0.0469,8.4152,30.4721,30.0,290,0,0,0
799,26.6333,1,1,,9966.0,1,351.0,58.0,452.0,351.0,400.5432,218.9215,0.8405,0.855,0.3861,0.0484,8.2546,30.2249,30.0,291,0,0,0
800,26.6667,1,1,,9958.0,1,353.0,58.0,452.0,351.0,400.3822,217.7696,0.8495,0.8651,0.3886,0.0468,8.1518,29.9743,29.0,291,1,0,0
801,26.7,1,1,,10041.0,1,353.0,55.0,452.0,349.0,400.4982,216.8842,0.8454,0.8588,0.3944,0.0448,8.2451,29.7588,30.0,292,0,0,0
802,26.7333,1,1,,10021.0,1,353.0,55.0,452.0,349.0,400.5396,216.7612,0.8416,0.8563,0.394,0.0488,9.1971,29.6706,30.0,292,0,0,0
803,26.7667,1,1,,10010.0,1,353.0,55.0,452.0,349.0,400.5485,216.7683,0.8365,0.8528,0.3943,0.0512,10.1984,29.5483,30.0,292,0,0,0
804,26.8,1,1,,10069.0,1,353.0,52.0,454.0,347.0,401.0978,215.2583,0.8209,0.8356,0.3959,0.0476,12.8956,29.5389,29.0,293,0,0,0
805,26.8333,1,1,,10038.0,1,353.0,52.0,454.0,346.0,401.2797,214.966,0.8207,0.8403,0.3912,0.0517,12.9179,29.7034,29.0,292,0,0,0
806,26.8667,1,1,,10020.0,1,353.0,52.0,454.0,346.0,401.3271,215.0633,0.8222,0.8444,0.3873,0.0543,12.794,29.8492,29.0,292,0,0,0
807,26.9,1,1,,10012.0,1,353.0,50.0,454.0,345.0,401.539,213.137,0.8246,0.8465,0.3848,0.0487,12.6209,29.9255,29.0,293,0,0,0
808,26.9333,1,1,,9998.0,1,354.0,50.0,454.0,345.0,401.5848,212.9203,0.8198,0.8425,0.3895,0.0469,12.2386,29.4869,29.0,293,0,0,0
809,26.9667,1,1,,10007.0,1,353.0,50.0,454.0,345.0,401.5921,212.9344,0.8013,0.8233,0.3948,0.0458,12.1624,29.1031,30.0,293,0,0,0
810,27.0,1,1,,9993.0,1,354.0,48.0,454.0,345.0,402.2838,212.2076,0.805,0.8223,0.3988,0.043,12.2015,28.78,29.0,295,0,0,0
811,27.0333,1,1,,9992.0,1,354.0,48.0,454.0,345.0,402.4254,212.3003,0.7931,0.81,0.4047,0.0455,12.0885,28.3488,29.0,295,0,0,0
812,27.0667,1,1,,9990.0,1,354.0,47.0,455.0,345.0,402.5473,212.0416,0.7772,0.7914,0.4099,0.0461,13.1013,27.9773,29.0,296,0,0,0
813,27.1,1,1,,10056.0,1,355.0,47.0,456.0,346.0,402.8724,211.9644,0.7676,0.7795,0.4188,0.0471,14.4413,27.5569,30.0,297,0,0,0
814,27.1333,1,1,,10068.0,1,355.0,47.0,456.0,346.0,402.9099,211.8956,0.7524,0.7641,0.4276,0.0477,14.8765,27.011,29.0,297,0,0,0
815,27.1667,1,1,,10064.0,1,355.0,47.0,456.0,346.0,402.9756,211.9579,0.7413,0.7528,0.4338,0.0484,15.2961,26.6106,29.0,297,0,0,0
816,27.2,1,1,,10053.0,1,355.0,46.0,456.0,346.0,403.4257,211.6611,0.7325,0.742,0.4394,0.0477,15.7367,26.2314,30.0,298,0,0,0
817,27.2333,1,1,,10065.0,1,355.0,46.0,457.0,346.0,403.5095,211.56,0.7194,0.7293,0.4427,0.0486,17.0913,26.0357,30.0,298,0,0,0
818,27.2667,1,1,,10107.0,1,356.0,46.0,457.0,346.0,403.6822,211.3841,0.7212,0.732,0.4466,0.0485,17.2969,25.8753,30.0,298,0,0,0
819,27.3,1,1,,10170.0,1,356.0,45.0,457.0,346.0,403.8789,211.4098,0.7254,0.7352,0.4467,0.0484,16.9166,25.9903,30.0,299,0,0,0
820,27.3333,1,1,,10158.0,1,356.0,45.0,457.0,346.0,404.0322,211.3229,0.7354,0.7466,0.4386,0.048,15.5102,26.3926,30.0,299,0,0,0
821,27.3667,1,1,,10155.0,1,357.0,45.0,457.0,346.0,404.1077,210.857,0.7519,0.7646,0.4317,0.0462,14.4827,26.7617,30.0,299,0,0,0
822,27.4,1,1,,10255.0,1,359.0,45.0,457.0,346.0,404.6804,210.7757,0.7742,0.7887,0.4306,0.0454,13.781,27.0531,30.0,299,0,0,0
823,27.4333,1,1,,10250.0,1,359.0,45.0,457.0,346.0,404.7319,210.9406,0.7483,0.7627,0.4443,0.0466,14.6959,26.1614,30.0,299,0,0,0
824,27.4667,1,1,,10279.0,1,359.0,45.0,457.0,346.0,404.7724,210.8393,0.7258,0.7401,0.4586,0.0464,15.7429,25.3868,31.0,299,0,0,0
825,27.5,1,1,,10312.0,1,359.0,44.0,456.0,346.0,404.8722,210.7561,0.7142,0.7268,0.4728,0.046,16.0178,24.6763,31.0,300,0,0,0
826,27.5333,1,1,,10321.0,1,359.0,44.0,456.0,346.0,404.9795,210.286,0.6965,0.7092,0.4843,0.0455,16.9398,24.0771,31.0,300,0,0,0
827,27.5667,1,1,,10307.0,1,359.0,44.0,455.0,346.0,405.003,210.1085,0.6887,0.7018,0.4932,0.0452,16.7644,23.5805,31.0,300,0,0,0
828,27.6,1,1,,10358.0,1,360.0,44.0,454.0,347.0,405.2397,210.9243,0.6906,0.7027,0.5049,0.0476,16.2442,23.118,31.0,301,0,0,0
829,27.6333,1,1,,10308.0,1,360.0,44.0,452.0,347.0,405.3756,210.7375,0.6705,0.6823,0.5283,0.0469,15.1371,21.9709,31.0,301,0,0,0
830,27.6667,1,1,,10253.0,1,361.0,44.0,450.0,346.0,405.5529,210.2902,0.6641,0.6775,0.5467,0.0463,16.5448,21.1052,30.0,300,0,0,0
831,27.7,1,1,,10301.0,1,362.0,44.0,451.0,346.0,405.6493,210.6456,0.6449,0.6576,0.5657,0.048,17.0833,20.4852,30.0,300,0,0,0
832,27.7333,1,1,,10192.0,1,367.0,44.0,450.0,346.0,406.0514,209.1175,0.674,0.6878,0.5741,0.0436,13.3897,19.9805,31.0,300,0,0,0
833,27.7667,1,1,,10153.0,1,370.0,44.0,450.0,346.0,406.2564,208.656,0.687,0.701,0.5825,0.0421,12.844,19.6284,31.0,300,0,0,0
834,27.8,1,1,,9721.0,1,374.0,45.0,441.0,345.0,406.685,204.6574,0.8047,0.8278,0.5646,0.0293,7.3494,19.4119,30.0,298,0,0,0
835,27.8333,1,1,,9589.0,1,376.0,45.0,439.0,344.0,406.7512,202.8422,0.8272,0.8529,0.5758,0.022,5.5015,18.8068,30.0,297,0,0,0
836,27.8667,1,1,,9513.0,1,376.0,45.0,438.0,343.0,406.9542,201.2595,0.8122,0.8385,0.5913,0.0157,5.9729,18.1949,30.5,296,0,0,0
837,27.9,1,1,,9426.0,1,377.0,45.0,450.0,343.0,407.4843,199.9461,0.6728,0.6902,0.6051,0.0107,17.4069,17.6336,31.0,296,0,0,0
838,27.9333,0,1,mask_escaped_box,9331.0,1,377.0,45.0,450.0,342.0,407.7114,198.9381,0.6438,0.6608,0.6263,0.0072,18.78,16.8831,31.0,295,0,0,1
839,27.9667,0,1,mask_escaped_box,9307.0,1,377.0,45.0,450.0,342.0,407.8329,199.0513,0.6244,0.6399,0.6458,0.0078,19.6812,16.3488,31.0,295,0,0,2
840,28.0,1,1,,9259.0,1,378.0,46.0,437.0,343.0,408.1217,198.9549,0.7505,0.7718,0.6603,0.0086,7.2563,15.9376,31.0,295,0,0,0
841,28.0333,1,1,,9196.0,1,377.0,47.0,429.0,343.0,408.2497,198.4326,0.8045,0.8283,0.6963,0.0074,8.3949,15.0756,31.0,294,0,0,0
842,28.0667,1,1,,9150.0,1,377.0,48.0,429.0,343.0,408.3271,198.1105,0.7734,0.7942,0.7264,0.0068,9.2803,14.4543,30.0,293,0,0,0
843,28.1,1,1,,9163.0,1,378.0,49.0,429.0,344.0,408.6234,198.3512,0.778,0.7969,0.7415,0.0072,8.8404,14.2252,31.0,293,0,0,0
844,28.1333,1,1,,9169.0,1,377.0,49.0,431.0,344.0,408.6736,197.793,0.7339,0.7508,0.7439,0.0042,10.2092,14.1899,31.0,293,0,0,0
845,28.1667,1,1,,9188.0,1,377.0,49.0,432.0,344.0,408.6707,198.0116,0.719,0.7359,0.7456,0.0027,10.6234,14.1667,31.0,293,0,0,0
846,28.2,1,1,,9297.0,1,378.0,51.0,432.0,348.0,408.8255,200.6907,0.736,0.751,0.7515,0.0083,9.8056,14.1943,31.0,295,0,0,0
847,28.2333,1,1,,9282.0,1,378.0,51.0,432.0,348.0,408.7725,200.237,0.7273,0.743,0.7568,0.0029,10.4454,14.0433,31.0,295,0,0,0
848,28.2667,1,1,,9245.0,1,378.0,51.0,432.0,348.0,408.7275,199.7917,0.7223,0.7386,0.7575,0.0038,10.8063,13.9587,31.0,295,0,0,0
849,28.3,1,1,,9320.0,1,379.0,53.0,432.0,351.0,408.875,201.8698,0.7361,0.7516,0.7636,0.0005,9.9202,13.9425,31.0,296,0,0,0
850,28.3333,1,1,,9309.0,1,379.0,53.0,432.0,349.0,408.8498,201.2726,0.7583,0.7799,0.734,0.0082,9.3871,14.4668,31.0,294,0,0,0
851,28.3667,1,1,,9326.0,1,379.0,53.0,432.0,349.0,408.8118,201.4563,0.7816,0.8061,0.7099,0.0116,8.7703,14.9525,31.0,294,0,0,0
852,28.4,1,1,,9435.0,1,378.0,54.0,432.0,353.0,409.0941,203.2065,0.7926,0.8127,0.6974,0.0084,9.1767,15.3597,31.0,297,0,0,0
853,28.4333,1,1,,9422.0,1,378.0,54.0,432.0,353.0,409.1073,203.0922,0.8107,0.8366,0.672,0.0122,8.5604,15.8109,31.0,297,0,0,0
854,28.4667,1,1,,9454.0,1,378.0,54.0,432.0,353.0,409.0408,203.3464,0.8151,0.8506,0.6549,0.0147,8.0688,16.1559,31.0,297,0,0,0
855,28.5,1,1,,9511.0,1,379.0,54.0,432.0,355.0,409.1726,204.6024,0.8274,0.8701,0.6469,0.013,6.8844,16.3506,31.0,299,0,0,0
856,28.5333,1,1,,9532.0,1,378.0,54.0,432.0,356.0,409.2164,205.1683,0.8104,0.8563,0.6402,0.013,7.7572,16.4769,31.0,300,0,0,0
857,28.5667,1,1,,9523.0,1,379.0,54.0,432.0,356.0,409.2932,205.1351,0.8174,0.8734,0.6317,0.0146,6.7096,16.6136,31.0,300,0,0,0
858,28.6,1,1,,9646.0,1,379.0,54.0,432.0,358.0,409.392,205.9474,0.8173,0.874,0.6346,0.0137,6.6775,16.6966,31.0,302,0,0,0
859,28.6333,1,1,,9688.0,1,379.0,54.0,433.0,359.0,409.5186,207.0493,0.8309,0.8738,0.6356,0.012,6.8155,16.6956,31.0,303,0,0,0
860,28.6667,1,1,,9708.0,1,379.0,54.0,433.0,360.0,409.5375,207.0644,0.8275,0.8692,0.6389,0.0134,7.0638,16.6044,31.0,304,0,0,0
861,28.7,1,1,,9719.0,1,379.0,53.0,433.0,360.0,409.6113,207.0439,0.826,0.8657,0.6417,0.0147,7.2532,16.5132,31.0,305,0,0,0
862,28.7333,1,1,,9738.0,1,379.0,53.0,433.0,360.0,409.5937,207.6339,0.8214,0.8627,0.6433,0.011,7.4123,16.4498,31.0,305,0,0,0
863,28.7667,1,1,,9724.0,1,380.0,53.0,433.0,360.0,409.5951,207.5429,0.8311,0.8754,0.6435,0.0103,6.6048,16.3698,31.0,305,0,0,0
864,28.8,1,1,,9717.0,1,380.0,53.0,434.0,360.0,409.8307,205.9144,0.8234,0.862,0.6449,0.0149,6.7524,16.2922,31.0,305,0,0,0
865,28.8333,1,1,,9639.0,1,380.0,52.0,434.0,359.0,410.0136,204.5016,0.8129,0.8499,0.6493,0.0216,7.147,16.0628,31.0,305,0,0,0
866,28.8667,1,1,,9494.0,1,380.0,52.0,435.0,358.0,410.2282,202.0678,0.7891,0.8249,0.6482,0.0303,7.4414,15.8795,30.0,304,0,0,0
867,28.9,1,1,,9518.0,1,380.0,52.0,435.0,358.0,410.2834,202.4062,0.7837,0.8176,0.6569,0.0295,7.6519,15.7391,30.0,304,0,0,0
868,28.9333,1,1,,9440.0,1,380.0,52.0,436.0,358.0,410.4796,200.7378,0.7652,0.7966,0.6577,0.0339,7.8996,15.6125,30.0,304,0,0,0
869,28.9667,1,1,,9409.0,1,380.0,52.0,436.0,358.0,410.5811,200.5699,0.7611,0.7916,0.6602,0.0334,8.0904,15.5159,30.0,304,0,0,0
870,29.0,1,1,,9648.0,1,380.0,52.0,436.0,360.0,410.6733,204.4946,0.7619,0.7879,0.6805,0.0205,8.2385,15.4433,31.0,306,0,0,0
871,29.0333,1,1,,9537.0,1,380.0,51.0,436.0,359.0,410.8415,201.9495,0.7591,0.7845,0.676,0.0271,8.3163,15.376,31.0,306,0,0,0
872,29.0667,1,1,,9600.0,1,380.0,51.0,436.0,359.0,410.9648,201.902,0.7524,0.777,0.6875,0.0261,8.5225,15.2283,31.0,306,0,0,0
873,29.1,1,1,,9635.0,1,380.0,51.0,436.0,360.0,411.1641,203.1262,0.7494,0.7715,0.6951,0.0216,8.6681,15.1212,30.0,307,0,0,0
874,29.1333,1,1,,9803.0,1,380.0,51.0,437.0,362.0,411.3025,206.3824,0.7195,0.7345,0.732,0.0085,9.2505,14.6542,30.0,309,0,0,0
875,29.1667,1,1,,9911.0,1,380.0,51.0,438.0,364.0,411.4304,208.5403,0.6917,0.7005,0.7656,0.0048,9.8017,14.2196,30.0,311,0,0,0
876,29.2,1,1,,9960.0,1,381.0,52.0,437.0,364.0,411.6505,208.6591,0.7001,0.7088,0.7903,0.0074,9.2267,13.8933,30.0,310,0,0,0
877,29.2333,1,1,,9922.0,1,381.0,53.0,437.0,364.0,411.7073,208.992,0.7008,0.7103,0.787,0.007,9.4103,13.9226,30.0,309,0,0,0
878,29.2667,1,1,,9908.0,1,381.0,53.0,437.0,364.0,411.7463,208.5737,0.7087,0.7177,0.7787,0.0038,9.5315,14.0676,30.0,309,0,0,0
879,29.3,1,1,,9926.0,1,380.0,53.0,437.0,367.0,411.8207,209.6196,0.7115,0.7155,0.769,0.004,10.5835,14.2824,30.0,312,0,0,0
880,29.3333,1,1,,9980.0,1,380.0,54.0,439.0,368.0,411.8926,211.022,0.699,0.7037,0.7583,0.0054,10.5888,14.5409,30.0,312,0,0,0
881,29.3667,1,1,,10004.0,1,381.0,54.0,439.0,369.0,411.9137,211.6066,0.7213,0.7259,0.7478,0.0044,9.6002,14.7356,30.0,313,0,0,0
882,29.4,0,1,mask_escaped_box,10612.0,1,381.0,56.0,451.0,374.0,412.5856,221.3472,0.5953,0.6004,0.7828,0.0325,17.9626,14.8821,31.0,316,1,1,1
883,29.4333,0,1,mask_escaped_box,10521.0,1,382.0,56.0,450.0,373.0,412.7426,220.7468,0.5971,0.6019,0.8003,0.0299,17.8767,14.4319,31.0,315,0,0,2
884,29.4667,0,1,mask_escaped_box,10483.0,1,381.0,56.0,451.0,374.0,412.9293,221.4255,0.5607,0.5648,0.8232,0.0325,19.7995,13.9978,31.0,316,0,0,3
885,29.5,0,0,no_track,,,,,,,,,,,,,,,,,,,
886,29.5333,0,0,no_track,,,,,,,,,,,,,,,,,,,
887,29.5667,0,0,no_track,,,,,,,,,,,,,,,,,,,
888,29.6,1,1,,9446.0,1,389.0,57.0,433.0,373.0,412.7431,215.8492,0.7937,0.8018,0.8366,0.0163,4.9337,12.4822,30.0,314,1,1,0
889,29.6333,1,1,,9351.0,1,391.0,58.0,433.0,371.0,413.0887,216.0662,0.8326,0.8428,0.8319,0.0166,4.7004,12.4494,29.0,311,0,0,0
890,29.6667,1,1,,9348.0,1,391.0,58.0,433.0,371.0,413.1422,216.2578,0.8291,0.838,0.8378,0.016,4.4106,12.3828,29.0,311,0,0,0
891,29.7,1,1,,9544.0,1,388.0,59.0,434.0,374.0,412.8582,217.998,0.7384,0.7466,0.8694,0.0201,5.5993,12.1977,29.0,313,0,0,0
892,29.7333,1,1,,9559.0,1,388.0,59.0,434.0,374.0,412.8461,218.3527,0.7281,0.7353,0.8853,0.0204,5.9886,12.0126,29.0,313,0,0,0
893,29.7667,1,1,,9507.0,1,389.0,59.0,434.0,374.0,412.8339,217.5147,0.8443,0.8523,0.7783,0.0122,5.5745,13.5072,29.0,313,0,0,0
894,29.8,1,1,,9452.0,1,392.0,60.0,434.0,375.0,413.0823,218.2405,0.8736,0.95,0.6886,0.0099,2.0981,15.0153,29.0,313,0,0,0
895,29.8333,1,1,,9387.0,1,392.0,61.0,434.0,376.0,413.2383,218.1773,0.8444,0.9877,0.6131,0.0092,0.5173,16.5244,29.0,313,0,0,0
896,29.8667,1,1,,9857.0,1,388.0,61.0,435.0,380.0,412.8245,223.7826,0.7979,0.9319,0.5978,0.0123,3.2011,17.5751,29.0,317,0,0,0
897,29.9,1,1,,9705.0,1,388.0,62.0,435.0,381.0,413.219,224.6057,0.7943,0.9552,0.5591,0.0094,2.1056,18.3155,29.0,317,0,0,0
898,29.9333,1,1,,9745.0,1,388.0,62.0,435.0,381.0,413.2293,224.791,0.8405,0.9523,0.5989,0.0064,2.2403,17.2615,29.0,317,0,0,0
899,29.9667,1,1,,9743.0,1,388.0,62.0,435.0,381.0,413.235,224.7629,0.8816,0.9441,0.6402,0.009,2.6261,16.3298,29.0,317,0,0,0
900,30.0,1,1,,9838.0,1,389.0,63.0,434.0,380.0,413.0557,224.5308,0.9057,0.9515,0.6883,0.0144,2.1834,15.5403,30.0,315,0,0,0
901,30.0333,1,1,,9875.0,1,389.0,63.0,435.0,380.0,413.1643,225.0583,0.9113,0.9274,0.7166,0.0198,3.0203,15.1743,30.0,315,0,0,0
902,30.0667,1,1,,9825.0,1,389.0,63.0,435.0,380.0,413.2258,224.6807,0.8866,0.9037,0.7301,0.0221,4.9036,14.9653,30.0,315,0,0,0
903,30.1,1,1,,9859.0,1,390.0,64.0,435.0,380.0,413.2603,225.5125,0.8844,0.9058,0.7455,0.0269,6.5816,14.8057,30.0,314,0,0,0
904,30.1333,1,1,,9784.0,1,391.0,64.0,435.0,379.0,413.2853,225.0916,0.8933,0.914,0.7533,0.0271,6.6853,14.6065,30.0,313,0,0,0
905,30.1667,1,1,,9776.0,1,391.0,64.0,434.0,379.0,413.314,224.6518,0.8672,0.9024,0.7654,0.0266,7.4751,14.4159,30.0,313,0,0,0
906,30.2,1,1,,9829.0,1,391.0,65.0,434.0,379.0,413.2566,225.1931,0.8605,0.8938,0.7806,0.029,8.0763,14.2507,30.0,312,0,0,0
907,30.2333,1,1,,9856.0,1,390.0,65.0,434.0,380.0,413.2611,225.5428,0.8385,0.8633,0.7963,0.0307,9.5167,14.0313,30.0,313,0,0,0
908,30.2667,1,1,,9955.0,1,389.0,65.0,434.0,381.0,413.2361,227.0184,0.8181,0.835,0.8182,0.0358,10.7607,13.8039,30.0,314,0,0,0
909,30.3,1,1,,9976.0,1,391.0,64.0,437.0,382.0,413.8858,227.8878,0.8096,0.8146,0.831,0.0385,11.7813,13.6188,30.0,316,0,0,0
910,30.3333,1,1,,9807.0,1,389.0,64.0,437.0,382.0,414.096,226.2721,0.7691,0.7738,0.8237,0.033,11.5296,13.4896,30.0,316,0,0,0
911,30.3667,1,1,,9962.0,1,388.0,64.0,437.0,382.0,413.9292,227.7627,0.7502,0.7551,0.8393,0.0376,11.1549,13.4212,30.0,316,0,0,0
912,30.4,1,1,,9925.0,1,393.0,63.0,435.0,381.0,413.8789,225.6431,0.8766,0.8815,0.8377,0.0315,10.2561,13.3899,30.0,316,0,0,0
913,30.4333,1,1,,9878.0,1,393.0,64.0,436.0,381.0,414.0415,225.1167,0.85,0.8574,0.8366,0.0311,10.9435,13.3659,30.0,315,0,0,0
914,30.4667,1,1,,9833.0,1,393.0,64.0,435.0,380.0,414.0985,224.3592,0.8706,0.8784,0.835,0.0299,10.6883,13.364,30.0,314,0,0,0
915,30.5,1,1,,9725.0,1,393.0,64.0,435.0,379.0,414.2506,223.0528,0.8774,0.8846,0.8233,0.026,10.1228,13.4359,30.0,313,0,0,0
916,30.5333,1,1,,9590.0,1,393.0,65.0,435.0,378.0,414.4074,221.2702,0.8805,0.8898,0.8102,0.0205,9.4755,13.4882,29.0,311,0,0,0
917,30.5667,1,1,,9674.0,1,392.0,65.0,434.0,378.0,414.2499,222.642,0.8645,0.8817,0.8161,0.0252,9.7788,13.5309,30.0,311,0,0,0
918,30.6,1,1,,9632.0,1,393.0,65.0,434.0,377.0,414.23,221.9713,0.8932,0.9075,0.8155,0.0233,9.1282,13.5065,30.0,310,0,0,0
919,30.6333,1,1,,9580.0,1,393.0,65.0,434.0,377.0,414.2457,221.318,0.9013,0.912,0.8106,0.0214,9.3856,13.5309,29.0,310,0,0,0
920,30.6667,1,1,,9523.0,1,393.0,65.0,433.0,377.0,414.2318,220.8917,0.8847,0.9141,0.8055,0.0201,9.5282,13.5429,29.0,310,0,0,0
921,30.7,1,1,,9522.0,1,393.0,64.0,433.0,376.0,414.2676,220.1583,0.8959,0.9197,0.8063,0.018,8.6321,13.5298,29.0,310,0,0,0
922,30.7333,1,1,,9500.0,1,393.0,64.0,434.0,375.0,414.3324,218.8624,0.908,0.9145,0.8084,0.0144,7.7694,13.4592,30.0,309,0,0,0
923,30.7667,1,1,,9476.0,1,393.0,64.0,434.0,375.0,414.3749,218.3033,0.9039,0.9108,0.8091,0.0134,8.0851,13.4195,29.0,309,0,0,0
924,30.8,1,1,,9481.0,1,394.0,61.0,433.0,373.0,414.3466,216.1871,0.951,0.9549,0.8125,0.0076,6.5487,13.3846,30.0,310,0,0,0
925,30.8333,1,1,,9404.0,1,394.0,61.0,433.0,372.0,414.3404,215.29,0.9409,0.9447,0.8172,0.0097,7.0488,13.1939,29.0,309,0,0,0
926,30.8667,1,1,,9343.0,1,394.0,61.0,433.0,373.0,414.4469,214.9007,0.9214,0.9281,0.8208,0.0112,8.7227,13.0336,29.0,310,0,0,0
927,30.9,1,1,,9392.0,1,394.0,61.0,433.0,374.0,414.4451,215.7976,0.9082,0.9169,0.8305,0.0156,9.8753,12.923,29.0,311,0,0,0
928,30.9333,1,1,,9308.0,1,394.0,60.0,433.0,374.0,414.3746,214.5479,0.9051,0.9126,0.8253,0.0125,9.8482,12.8607,29.0,312,0,0,0
929,30.9667,1,1,,9281.0,1,393.0,60.0,433.0,374.0,414.2473,214.3481,0.8789,0.887,0.8245,0.0126,9.9102,12.822,29.0,312,0,0,0
930,31.0,1,1,,9216.0,1,394.0,60.0,433.0,374.0,414.2039,212.5675,0.9004,0.9094,0.8185,0.0072,9.9637,12.8202,29.0,312,0,0,0
931,31.0333,1,1,,9221.0,1,394.0,60.0,432.0,374.0,414.2989,212.3127,0.886,0.911,0.8227,0.0077,10.2689,12.7523,29.0,312,0,0,0
932,31.0667,1,1,,9200.0,1,394.0,59.0,432.0,374.0,414.3646,211.9012,0.8862,0.9082,0.8238,0.0072,10.3782,12.6928,28.0,313,0,0,0
933,31.1,1,1,,9187.0,1,394.0,59.0,431.0,374.0,414.3112,212.0489,0.8676,0.9065,0.8285,0.0078,10.2132,12.5873,28.0,313,0,0,0
934,31.1333,1,1,,9164.0,1,395.0,59.0,431.0,375.0,414.3393,211.866,0.8921,0.9289,0.8303,0.0073,11.0074,12.5106,28.0,314,0,0,0
935,31.1667,1,1,,9116.0,1,396.0,59.0,431.0,375.0,414.463,210.5349,0.9156,0.9549,0.8261,0.0029,10.7505,12.4926,28.0,314,0,0,0
936,31.2,1,1,,9119.0,1,396.0,59.0,431.0,376.0,414.5952,210.6836,0.9103,0.9507,0.8259,0.0032,11.5176,12.4864,28.0,315,0,0,0
937,31.2333,1,1,,9052.0,1,396.0,59.0,432.0,376.0,414.5411,210.5931,0.9337,0.9504,0.8192,0.0025,11.2632,12.4849,28.0,315,0,0,0
938,31.2667,1,1,,9060.0,1,396.0,59.0,432.0,376.0,414.6226,210.6743,0.9317,0.9492,0.8201,0.0021,10.8395,12.4649,28.0,315,0,0,0
939,31.3,1,1,,9054.0,1,396.0,59.0,432.0,376.0,414.6117,211.348,0.9356,0.9502,0.8215,0.0032,10.2656,12.4138,28.0,315,0,0,0
940,31.3333,1,1,,9188.0,1,396.0,59.0,432.0,377.0,414.4806,213.2803,0.9351,0.9476,0.8352,0.008,10.5259,12.3637,28.0,316,0,0,0
941,31.3667,1,1,,8890.0,1,396.0,59.0,432.0,377.0,414.7619,209.6492,0.9369,0.9484,0.8083,0.005,9.7998,12.3355,27.0,316,0,0,0
942,31.4,1,1,,7629.0,1,396.0,59.0,432.0,344.0,415.1662,188.2555,0.8826,0.9759,0.6875,0.0733,0.8671,12.4359,27.0,283,0,0,0
943,31.4333,1,1,,7714.0,1,396.0,59.0,432.0,347.0,415.2345,189.9698,0.8979,0.9738,0.703,0.058,0.9427,12.5736,27.0,286,0,0,0
944,31.4667,1,1,,7710.0,1,396.0,59.0,432.0,348.0,415.3838,189.9044,0.9184,0.9724,0.7186,0.0445,0.9921,12.6732,27.0,287,0,0,0
945,31.5,1,1,,7692.0,1,396.0,59.0,433.0,349.0,415.3804,189.7041,0.9298,0.9525,0.7338,0.0317,6.2584,12.7508,27.0,288,0,0,0
946,31.5333,1,1,,7602.0,1,396.0,59.0,433.0,348.0,415.412,188.3115,0.908,0.9374,0.733,0.0279,10.4623,12.8477,27.0,287,0,0,0
947,31.5667,1,1,,7596.0,1,396.0,59.0,433.0,348.0,415.4159,188.4143,0.9027,0.9355,0.731,0.0241,12.5443,12.9683,27.0,287,0,0,0
948,31.6,0,1,mask_escaped_box,8065.0,1,396.0,59.0,433.0,372.0,415.7159,197.3931,0.8451,0.882,0.7524,0.0028,30.9284,13.1283,27.0,311,0,0,1
949,31.6333,0,1,mask_escaped_box,8452.0,1,396.0,59.0,432.0,378.0,415.5104,204.0278,0.8285,0.8916,0.7605,0.0051,28.6742,13.2481,27.0,317,0,0,2
950,31.6667,1,1,,7945.0,1,396.0,59.0,433.0,369.0,415.7154,195.3726,0.8879,0.9415,0.6914,0.0364,12.1602,13.3698,27.0,308,0,0,0
951,31.7,1,1,,7732.0,1,396.0,59.0,433.0,355.0,415.6366,191.1423,0.8933,0.9803,0.6551,0.0595,0.7291,13.4704,27.0,294,0,0,0
952,31.7333,1,1,,7677.0,1,396.0,59.0,433.0,352.0,415.6129,189.8403,0.8663,0.9809,0.6361,0.0698,0.7058,13.5912,27.0,291,0,0,0
953,31.7667,1,1,,7667.0,1,396.0,59.0,433.0,352.0,415.6186,189.055,0.8565,0.9839,0.6244,0.0752,0.596,13.7431,27.0,291,0,0,0
954,31.8,1,1,,7836.0,1,396.0,59.0,433.0,368.0,415.7709,192.4824,0.8956,0.9858,0.6307,0.0641,0.5236,13.916,27.0,307,0,0,0
955,31.8333,1,1,,7641.0,1,396.0,59.0,433.0,348.0,415.5685,188.2939,0.8357,0.9872,0.6115,0.0743,0.4741,14.0839,27.0,287,0,0,0
956,31.8667,1,1,,7739.0,1,397.0,58.0,433.0,356.0,415.6509,190.6767,0.8715,1.0,0.6287,0.0529,-0.4053,14.239,27.0,296,0,0,0
957,31.9,1,1,,7774.0,1,397.0,58.0,433.0,357.0,415.7475,190.8748,0.845,0.9697,0.6464,0.0361,9.0635,14.3668,27.0,297,0,0,0
958,31.9333,0,1,mask_escaped_box,7800.0,1,397.0,58.0,433.0,358.0,415.8414,191.3359,0.8107,0.9301,0.6703,0.0167,20.9607,14.4212,27.0,298,1,1,1
959,31.9667,0,1,mask_escaped_box,7799.0,1,397.0,58.0,433.0,357.0,415.854,191.2455,0.7883,0.9034,0.6905,0.0061,28.8929,14.4468,27.0,297,0,0,2
960,32.0,0,1,mask_escaped_box,8758.0,1,397.0,58.0,433.0,387.0,416.4487,206.307,0.7148,0.8042,0.7956,0.065,64.4127,14.3904,28.0,327,0,0,3
961,32.0333,0,0,no_track,,,,,,,,,,,,,,,,,,,
962,32.0667,0,0,no_track,,,,,,,,,,,,,,,,,,,
963,32.1,0,0,no_track,,,,,,,,,,,,,,,,,,,
964,32.1333,1,1,,7513.0,1,397.0,58.0,443.0,314.0,416.5115,179.5653,0.8346,0.8553,0.7249,0.0203,6.6566,13.9209,29.0,254,1,1,0
965,32.1667,1,1,,7269.0,1,397.0,58.0,437.0,308.0,416.4686,176.1985,0.9304,0.9762,0.7089,0.0321,0.9514,13.7912,29.0,248,0,0,0
966,32.2,1,1,,7198.0,1,397.0,58.0,437.0,305.0,416.3482,174.5413,0.9183,0.9714,0.7079,0.0373,1.1452,13.6922,29.0,245,0,0,0
967,32.2333,1,1,,7175.0,1,397.0,58.0,437.0,303.0,416.3409,173.9631,0.9127,0.971,0.7075,0.0389,1.161,13.6664,29.0,243,0,0,0
968,32.2667,1,1,,7130.0,1,397.0,58.0,437.0,302.0,416.3369,173.1216,0.9114,0.9714,0.7043,0.0415,1.1443,13.6556,29.0,242,0,0,0
969,32.3,1,1,,7093.0,1,397.0,58.0,437.0,300.0,416.3402,172.6357,0.909,0.9688,0.7082,0.0413,1.0419,13.5636,29.0,240,0,0,0
970,32.3333,1,1,,7013.0,1,397.0,58.0,438.0,297.0,416.3321,171.2471,0.8744,0.9364,0.7105,0.0442,2.0108,13.4373,29.0,237,0,0,0
971,32.3667,1,1,,6953.0,1,397.0,58.0,438.0,295.0,416.3242,170.3207,0.8656,0.9294,0.7134,0.0455,2.0281,13.3364,29.0,235,0,0,0
972,32.4,1,1,,6884.0,1,397.0,58.0,437.0,292.0,416.3463,169.0046,0.8708,0.9435,0.7161,0.0488,1.2354,13.2095,29.0,232,0,0,0
973,32.4333,1,1,,6916.0,1,397.0,58.0,438.0,294.0,416.443,169.4913,0.8545,0.9136,0.7272,0.0456,2.0014,13.1107,29.0,234,0,0,0
974,32.4667,1,1,,6925.0,1,397.0,58.0,437.0,294.0,416.4586,169.584,0.8734,0.9319,0.7344,0.0438,1.7209,13.0464,29.0,234,0,0,0
975,32.5,1,1,,6929.0,1,397.0,58.0,438.0,294.0,416.4625,169.5571,0.8544,0.9072,0.7391,0.0424,2.017,13.018,29.0,234,0,0,0
976,32.5333,1,1,,6931.0,1,397.0,58.0,438.0,294.0,416.4985,169.508,0.8595,0.9067,0.7449,0.0397,2.0366,13.0111,29.0,234,0,0,0
977,32.5667,1,1,,6920.0,1,397.0,58.0,438.0,293.0,416.5301,169.1811,0.8636,0.9084,0.748,0.0377,2.0278,13.0349,29.0,233,0,0,0
978,32.6,1,1,,6931.0,1,397.0,58.0,438.0,293.0,416.5284,169.1459,0.879,0.9102,0.7606,0.0297,2.0153,13.062,29.0,233,0,0,0
979,32.6333,1,1,,6967.0,1,397.0,58.0,438.0,295.0,416.6054,169.7065,0.8895,0.9021,0.7825,0.0168,1.9772,13.0516,29.0,235,0,0,0
980,32.6667,1,1,,6948.0,1,397.0,58.0,438.0,294.0,416.5786,169.457,0.8706,0.8831,0.8001,0.0076,6.2637,13.0183,29.0,234,0,0,0
981,32.7,1,1,,6828.0,1,397.0,58.0,439.0,289.0,416.6727,167.2704,0.8485,0.8606,0.8044,0.0069,6.0295,12.9903,29.0,229,0,0,0
982,32.7333,1,1,,6789.0,1,397.0,58.0,439.0,289.0,416.7284,166.5977,0.83,0.8417,0.8176,0.0039,10.3408,12.953,29.0,229,0,0,0
983,32.7667,0,1,mask_escaped_box,6752.0,1,397.0,58.0,439.0,289.0,416.7328,166.2725,0.8127,0.8241,0.8303,0.0094,14.5085,12.9266,29.0,229,1,1,1
984,32.8,0,1,mask_escaped_box,6805.0,1,398.0,54.0,438.0,288.0,416.9449,164.7994,0.8552,0.8552,0.8501,0.0104,16.985,12.9255,29.0,232,0,0,2
985,32.8333,0,1,mask_escaped_box,6765.0,1,398.0,53.0,437.0,286.0,417.0121,163.8256,0.888,0.8911,0.8322,0.0173,17.9451,13.1784,29.0,231,0,0,3
986,32.8667,0,0,no_track,,,,,,,,,,,,,,,,,,,
987,32.9,0,0,no_track,,,,,,,,,,,,,,,,,,,
988,32.9333,0,0,no_track,,,,,,,,,,,,,,,,,,,
989,32.9667,1,1,,6211.0,1,399.0,52.0,437.0,263.0,417.361,154.2233,0.9433,1.0,0.7307,0.0151,-0.1021,13.6496,29.0,209,1,1,0
990,33.0,1,1,,6251.0,1,400.0,53.0,439.0,262.0,417.856,154.1061,0.8714,0.9527,0.7332,0.0117,1.8443,13.7187,29.0,207,0,0,0
991,33.0333,1,1,,6236.0,1,400.0,53.0,438.0,262.0,417.6924,154.25,0.8506,0.9818,0.6912,0.034,0.6916,13.9405,29.0,207,0,0,0
992,33.0667,1,1,,6233.0,1,400.0,52.0,439.0,262.0,417.9445,153.7695,0.8105,0.9618,0.6626,0.0525,1.4882,14.1724,29.0,208,0,0,0
993,33.1,1,1,,6238.0,1,400.0,53.0,439.0,262.0,417.9772,153.8371,0.7916,0.9659,0.6452,0.0622,1.3285,14.3295,30.0,207,0,0,0
994,33.1333,1,1,,6223.0,1,400.0,52.0,439.0,262.0,418.0558,153.6686,0.7856,0.9685,0.6325,0.0682,1.2299,14.4587,30.0,208,0,0,0
995,33.1667,1,1,,6215.0,1,400.0,52.0,439.0,263.0,418.1226,153.735,0.7797,0.971,0.6209,0.0731,1.1313,14.5878,30.0,209,0,0,0
996,33.2,1,1,,6224.0,1,400.0,52.0,439.0,263.0,418.1052,154.1364,0.7703,0.9735,0.6112,0.0766,1.0327,14.717,29.0,209,0,0,0
997,33.2333,1,1,,6237.0,1,400.0,52.0,439.0,264.0,418.0414,154.278,0.7926,0.9721,0.6294,0.0695,1.0886,14.376,29.0,210,0,0,0
998,33.2667,1,1,,6234.0,1,400.0,52.0,439.0,263.0,418.0168,154.0441,0.8059,0.9666,0.6497,0.065,1.3037,13.9673,29.0,209,0,0,0
999,33.3,1,1,,6268.0,1,401.0,52.0,439.0,264.0,418.0343,154.6935,0.8037,0.9628,0.6703,0.0582,1.4132,13.6726,29.0,210,0,0,0
1000,33.3333,1,1,,6789.0,1,399.0,52.0,437.0,283.0,417.6338,162.0078,0.9591,0.9973,0.7456,0.0221,0.1008,13.4441,29.0,229,1,0,0
1001,33.3667,1,1,,6692.0,1,401.0,52.0,439.0,274.0,418.1345,159.5193,0.8797,0.962,0.7515,0.0263,1.4451,13.2956,30.0,220,0,0,0
1002,33.4,1,1,,6689.0,1,401.0,52.0,439.0,274.0,418.1514,159.406,0.9018,0.9624,0.7701,0.0203,1.4272,13.1429,30.0,220,0,0,0
1003,33.4333,1,1,,6690.0,1,401.0,52.0,439.0,274.0,418.1698,159.3341,0.919,0.9599,0.7896,0.0146,1.5245,12.9835,30.0,220,0,0,0
1004,33.4667,1,1,,6676.0,1,401.0,52.0,439.0,273.0,418.1889,159.0882,0.9269,0.9568,0.8037,0.0106,1.6401,12.8707,30.0,219,0,0,0
1005,33.5,1,1,,6632.0,1,401.0,52.0,439.0,274.0,418.1565,158.9433,0.9326,0.9528,0.8067,0.0078,1.6244,12.8521,30.0,220,0,0,0
1006,33.5333,1,1,,6649.0,1,401.0,52.0,439.0,274.0,418.1823,158.8654,0.9305,0.9486,0.8141,0.0059,3.035,12.8501,30.0,220,0,0,0
1007,33.5667,1,1,,6639.0,1,401.0,52.0,439.0,273.0,418.1827,159.0355,0.9324,0.9491,0.8175,0.0048,2.9407,12.833,30.0,219,0,0,0
1008,33.6,1,1,,6629.0,1,401.0,52.0,439.0,274.0,418.2011,158.9369,0.9246,0.9404,0.8207,0.0044,4.4171,12.7951,30.0,220,0,0,0
1009,33.6333,1,1,,6603.0,1,401.0,52.0,439.0,273.0,418.2416,159.0797,0.9217,0.9388,0.8213,0.0036,3.6,12.7506,30.0,219,0,0,0
1010,33.6667,1,1,,6614.0,1,401.0,52.0,439.0,273.0,418.2942,159.0002,0.9159,0.9346,0.8246,0.0029,3.7156,12.7301,30.0,219,0,0,0
1011,33.7,1,1,,6609.0,1,401.0,52.0,439.0,273.0,418.2913,158.8787,0.9128,0.9331,0.8238,0.0027,3.7418,12.7351,30.0,219,0,0,0
1012,33.7333,1,1,,6636.0,1,402.0,52.0,439.0,274.0,418.3431,159.2604,0.8837,0.9281,0.8258,0.0025,4.6897,12.754,30.0,220,0,0,0
1013,33.7667,1,1,,6649.0,1,402.0,52.0,439.0,274.0,418.4339,159.1803,0.8894,0.932,0.826,0.0025,4.6837,12.7744,30.0,220,0,0,0
1014,33.8,1,1,,6656.0,1,401.0,52.0,439.0,273.0,418.4805,158.8709,0.9222,0.9403,0.8256,0.0027,3.712,12.7946,30.0,219,0,0,0
1015,33.8333,1,1,,6653.0,1,402.0,52.0,439.0,273.0,418.5479,158.698,0.8944,0.9401,0.8209,0.0024,3.7451,12.8628,30.0,219,0,0,0
1016,33.8667,1,1,,6658.0,1,402.0,52.0,439.0,272.0,418.5557,158.5898,0.8952,0.9451,0.8172,0.0025,2.7229,12.9259,30.0,218,0,0,0
1017,33.9,1,1,,6649.0,1,402.0,52.0,439.0,272.0,418.6196,158.3528,0.8916,0.9457,0.8118,0.003,2.6668,12.9899,30.0,218,0,0,0
1018,33.9333,1,1,,6641.0,1,402.0,52.0,439.0,271.0,418.6142,158.0042,0.8906,0.9494,0.8072,0.004,1.8694,13.0587,30.0,217,0,0,0
1019,33.9667,1,1,,6628.0,1,402.0,52.0,439.0,271.0,418.6906,157.9066,0.8857,0.948,0.8033,0.0034,2.2675,13.1175,30.0,217,0,0,0
1020,34.0,1,1,,6661.0,1,402.0,52.0,439.0,272.0,418.6136,158.1766,0.8783,0.9424,0.8058,0.0012,3.6919,13.1671,30.0,218,0,0,0
1021,34.0333,1,1,,6686.0,1,402.0,52.0,440.0,272.0,418.6491,158.1523,0.8521,0.9181,0.8033,0.0006,4.0567,13.2801,30.0,218,0,0,0
1022,34.0667,1,1,,6683.0,1,402.0,52.0,440.0,272.0,418.7688,158.0165,0.85,0.9194,0.7985,0.0013,4.2367,13.3655,30.0,218,0,0,0
1023,34.1,1,1,,6707.0,1,402.0,52.0,440.0,272.0,418.8013,158.2957,0.8492,0.9208,0.7982,0.0015,4.3249,13.4267,30.0,218,0,0,0
1024,34.1333,1,1,,6697.0,1,402.0,52.0,441.0,271.0,418.8829,158.1538,0.8316,0.9018,0.7951,0.0018,3.5811,13.4758,30.0,217,0,0,0
1025,34.1667,1,1,,6663.0,1,402.0,52.0,441.0,271.0,418.8142,157.9667,0.8302,0.9015,0.79,0.0015,3.885,13.5128,30.0,217,0,0,0
1026,34.2,1,1,,6671.0,1,402.0,52.0,441.0,271.0,418.9027,158.1075,0.826,0.8994,0.7903,0.0028,4.1668,13.5405,30.0,217,0,0,0
1027,34.2333,1,1,,6652.0,1,402.0,52.0,441.0,271.0,418.9284,158.118,0.8229,0.8978,0.7877,0.0034,4.3846,13.5612,30.0,217,0,0,0
1028,34.2667,1,1,,6624.0,1,402.0,52.0,441.0,271.0,418.9475,157.9389,0.8212,0.8965,0.7849,0.0033,4.5747,13.5632,30.0,217,0,0,0
1029,34.3,1,1,,6608.0,1,402.0,52.0,441.0,271.0,418.8726,157.7066,0.8215,0.897,0.7824,0.0026,4.7023,13.5809,30.0,217,0,0,0
1030,34.3333,1,1,,6594.0,1,402.0,52.0,440.0,271.0,418.8926,157.6507,0.846,0.9251,0.7778,0.0022,4.6787,13.6307,30.0,217,0,0,0
1031,34.3667,1,1,,6636.0,1,402.0,52.0,441.0,271.0,418.8638,158.0316,0.8285,0.905,0.779,0.0027,4.4784,13.6816,30.0,217,0,0,0
1032,34.4,1,1,,6671.0,1,402.0,52.0,441.0,271.0,418.937,157.7855,0.8297,0.9079,0.7794,0.0021,4.1697,13.7281,30.0,217,0,0,0
1033,34.4333,1,1,,6622.0,1,402.0,52.0,441.0,271.0,418.8247,157.7673,0.8286,0.9114,0.7667,0.0018,3.8732,13.8284,30.0,217,0,0,0
1034,34.4667,1,1,,6625.0,1,402.0,52.0,441.0,271.0,418.8678,157.4279,0.8279,0.9154,0.7596,0.0032,3.5893,13.9428,30.0,217,0,0,0
1035,34.5,1,1,,6614.0,1,402.0,52.0,441.0,270.0,418.8954,157.5561,0.8321,0.9257,0.7494,0.0033,2.5052,14.0925,30.0,216,0,0,0
1036,34.5333,1,1,,6589.0,1,402.0,52.0,440.0,269.0,418.7214,156.6121,0.8545,0.9589,0.7392,0.0072,1.3668,14.2227,30.0,215,0,0,0
1037,34.5667,1,1,,6553.0,1,402.0,52.0,440.0,270.0,418.689,156.4726,0.8484,0.9568,0.7293,0.0081,2.0617,14.3315,30.0,216,0,0,0
1038,34.6,1,1,,6544.0,1,402.0,52.0,440.0,269.0,418.6857,156.3133,0.8486,0.9622,0.724,0.0088,1.2455,14.4206,30.0,215,0,0,0
1039,34.6333,1,1,,6522.0,1,402.0,52.0,440.0,269.0,418.7165,156.3786,0.8492,0.9657,0.7171,0.0081,1.2781,14.5189,29.0,215,0,0,0
1040,34.6667,1,1,,6461.0,1,402.0,52.0,440.0,269.0,418.7663,155.7658,0.8483,0.969,0.7052,0.0102,1.4982,14.6373,29.0,215,0,0,0
1041,34.7,1,1,,6394.0,1,402.0,52.0,440.0,267.0,418.828,155.0405,0.858,0.9831,0.6933,0.0122,0.6436,14.7637,29.0,213,0,0,0
1042,34.7333,1,1,,6299.0,1,402.0,52.0,440.0,266.0,418.9006,154.1672,0.8691,0.9896,0.6866,0.0153,0.3964,14.7887,28.0,212,0,0,0
1043,34.7667,1,1,,6266.0,1,402.0,52.0,440.0,265.0,418.9207,153.7186,0.8705,0.9722,0.7108,0.0064,4.8878,14.6889,28.0,211,0,0,0
1044,34.8,1,1,,6144.0,1,402.0,52.0,439.0,265.0,419.0749,153.2131,0.8538,0.9539,0.7278,0.0013,9.827,14.4527,28.0,211,0,0,0
1045,34.8333,1,1,,6119.0,1,402.0,52.0,440.0,264.0,419.1387,152.8418,0.8581,0.9281,0.7523,0.0089,12.7556,14.2028,28.0,210,0,0,0
1046,34.8667,1,1,,6115.0,1,402.0,52.0,440.0,264.0,419.149,152.9609,0.8404,0.9119,0.7613,0.0096,12.6965,14.0154,28.0,210,0,0,0
1047,34.9,1,1,,6108.0,1,402.0,52.0,440.0,264.0,419.2078,152.7022,0.8353,0.9094,0.7597,0.0045,10.5216,13.8719,28.0,210,0,0,0
1048,34.9333,1,1,,6106.0,1,402.0,52.0,440.0,264.0,419.2658,152.4019,0.8359,0.9118,0.756,0.0057,8.1528,13.7662,28.0,210,0,0,0
1049,34.9667,1,1,,6105.0,1,402.0,52.0,440.0,264.0,419.2636,152.372,0.8377,0.9131,0.7555,0.0081,6.816,13.6775,28.0,210,0,0,0
1050,35.0,1,1,,6252.0,1,401.0,52.0,439.0,265.0,418.8365,153.7615,0.8798,0.9352,0.7739,0.0031,7.048,13.6189,29.0,211,0,0,0
1051,35.0333,1,1,,6239.0,1,401.0,52.0,439.0,265.0,419.0157,153.2056,0.8856,0.9312,0.7845,0.002,8.3043,13.4542,28.0,211,0,0,0
1052,35.0667,1,1,,6251.0,1,401.0,52.0,439.0,265.0,419.0248,153.1486,0.8859,0.9231,0.8002,0.0048,10.1303,13.3115,28.0,211,0,0,0
1053,35.1,1,1,,6215.0,1,401.0,52.0,439.0,264.0,419.0018,152.8972,0.8869,0.9184,0.8088,0.0084,10.9842,13.2012,28.0,210,0,0,0
1054,35.1333,1,1,,6242.0,1,401.0,52.0,439.0,264.0,419.0828,152.9127,0.882,0.9098,0.8232,0.0127,12.607,13.125,29.0,210,0,0,0
1055,35.1667,0,1,mask_escaped_box,6220.0,1,401.0,52.0,439.0,264.0,419.0976,152.8778,0.8777,0.9031,0.8284,0.0157,13.8261,13.0739,28.0,210,0,0,1
1056,35.2,0,1,mask_escaped_box,6164.0,1,401.0,52.0,439.0,263.0,419.2101,152.1261,0.8787,0.9031,0.826,0.014,13.5906,13.0431,29.0,209,0,0,2
1057,35.2333,1,1,,6156.0,1,401.0,52.0,439.0,262.0,419.2313,151.9308,0.8817,0.9048,0.8286,0.014,13.0079,13.0135,29.0,208,0,0,0
1058,35.2667,1,1,,6159.0,1,401.0,51.0,439.0,261.0,419.1749,151.3606,0.8898,0.9082,0.8309,0.0117,12.1957,12.9971,29.0,208,0,0,0
1059,35.3,1,1,,6162.0,1,401.0,51.0,439.0,260.0,419.1912,151.2381,0.8941,0.9126,0.8314,0.0109,11.1321,12.9922,29.0,207,0,0,0
1060,35.3333,1,1,,6176.0,1,401.0,52.0,439.0,261.0,419.1815,151.4577,0.8874,0.9108,0.8299,0.011,11.6971,13.0134,29.0,207,0,0,0
1061,35.3667,1,1,,6233.0,1,401.0,51.0,439.0,261.0,419.1251,151.8243,0.8934,0.9145,0.8326,0.0115,11.1209,13.0486,29.0,208,0,0,0
1062,35.4,0,1,mask_escaped_box,6301.0,1,401.0,51.0,439.0,264.0,419.0598,152.956,0.8842,0.9065,0.8355,0.0154,13.4493,13.0989,29.0,211,0,0,1
1063,35.4333,1,1,,6286.0,1,401.0,52.0,439.0,263.0,419.1196,153.1427,0.8868,0.9202,0.8185,0.0145,11.6506,13.2815,29.0,209,0,0,0
1064,35.4667,1,1,,6339.0,1,401.0,52.0,439.0,265.0,419.0467,153.9972,0.8824,0.921,0.8119,0.0166,12.7508,13.4385,29.0,211,0,0,0
1065,35.5,1,1,,6319.0,1,401.0,52.0,439.0,265.0,419.0877,154.041,0.8854,0.932,0.7928,0.0141,11.6603,13.6425,29.0,211,0,0,0
1066,35.5333,1,1,,6374.0,1,402.0,52.0,439.0,268.0,419.0739,155.0067,0.8556,0.9301,0.7841,0.0161,13.5578,13.8383,29.0,214,0,0,0
1067,35.5667,1,1,,6432.0,1,402.0,52.0,439.0,269.0,419.0609,155.828,0.8492,0.9375,0.7692,0.0175,13.5116,14.1629,30.0,215,0,0,0
1068,35.6,1,1,,6424.0,1,402.0,52.0,439.0,269.0,419.1021,155.8154,0.84,0.945,0.7478,0.0137,11.9309,14.4385,30.0,215,0,0,0
1069,35.6333,1,1,,6440.0,1,402.0,52.0,439.0,269.0,419.0797,155.8783,0.8354,0.9524,0.7341,0.0102,10.3224,14.6308,30.0,215,0,0,0
1070,35.6667,1,1,,6445.0,1,402.0,52.0,439.0,269.0,419.1151,156.1213,0.8333,0.9585,0.7241,0.0083,9.0156,14.7551,30.0,215,0,0,0
1071,35.7,1,1,,6430.0,1,402.0,52.0,439.0,269.0,419.139,155.9751,0.834,0.9629,0.7166,0.0055,8.0407,14.807,30.0,215,0,0,0
1072,35.7333,1,1,,6427.0,1,402.0,52.0,439.0,269.0,419.1333,156.017,0.8358,0.9661,0.7134,0.0041,7.3613,14.8171,30.0,215,0,0,0
1073,35.7667,1,1,,6426.0,1,402.0,51.0,439.0,269.0,419.1167,155.8662,0.8418,0.9682,0.7123,0.0026,6.9242,14.807,30.0,216,0,0,0
1074,35.8,1,1,,6391.0,1,402.0,51.0,439.0,267.0,419.1346,155.0698,0.8504,0.9783,0.7084,0.0029,4.6837,14.7901,30.0,214,0,0,0
1075,35.8333,1,1,,6400.0,1,402.0,51.0,439.0,267.0,419.1016,155.178,0.8522,0.9788,0.7103,0.0027,4.5774,14.7687,30.0,214,0,0,0
1076,35.8667,1,1,,6389.0,1,402.0,51.0,439.0,267.0,419.1036,155.0579,0.8556,0.9785,0.7124,0.0033,4.6386,14.7087,29.5,214,0,0,0
1077,35.9,1,1,,6403.0,1,402.0,52.0,439.0,267.0,419.1032,155.3904,0.855,0.9777,0.7179,0.0022,4.8016,14.6396,30.0,213,0,0,0
1078,35.9333,1,1,,6379.0,1,402.0,52.0,439.0,267.0,419.156,155.3875,0.8572,0.976,0.7195,0.0024,5.1659,14.5742,30.0,213,0,0,0
1079,35.9667,1,1,,6358.0,1,402.0,51.0,439.0,266.0,419.2414,155.3353,0.866,0.9787,0.7208,0.003,4.5866,14.5225,30.0,213,0,0,0
1080,36.0,1,1,,6337.0,1,402.0,52.0,439.0,266.0,419.2762,155.2015,0.8622,0.9763,0.7218,0.0035,5.0621,14.4747,30.0,212,0,0,0
1081,36.0333,1,1,,6314.0,1,402.0,52.0,439.0,266.0,419.3638,155.7081,0.8624,0.9745,0.7219,0.0064,5.4495,14.4359,30.0,212,0,0,0
1082,36.0667,1,1,,6287.0,1,402.0,51.0,440.0,265.0,419.3579,155.3972,0.8597,0.9585,0.7202,0.0057,4.5881,14.4115,29.0,212,0,0,0
1083,36.1,1,1,,6313.0,1,402.0,52.0,440.0,265.0,419.3944,155.4339,0.8553,0.955,0.7278,0.0069,5.0881,14.3506,30.0,211,0,0,0
1084,36.1333,1,1,,6247.0,1,402.0,52.0,440.0,261.0,419.5255,153.8481,0.8692,0.9683,0.7268,0.0037,1.8256,14.27,30.0,207,0,0,0
1085,36.1667,1,1,,6225.0,1,402.0,52.0,440.0,259.0,419.601,153.28,0.8776,0.9713,0.7341,0.0035,0.9974,14.1617,30.0,205,0,0,0
1086,36.2,1,1,,6224.0,1,402.0,52.0,440.0,259.0,419.6128,153.1441,0.8772,0.9634,0.7453,0.0042,2.4902,14.0524,30.0,205,0,0,0
1087,36.2333,1,1,,6204.0,1,402.0,52.0,440.0,259.0,419.5732,153.1256,0.8767,0.9546,0.7558,0.0064,3.9093,13.9164,30.0,205,0,0,0
1088,36.2667,1,1,,6190.0,1,402.0,52.0,440.0,258.0,419.6115,152.8205,0.878,0.9503,0.7658,0.0081,4.3171,13.8029,30.0,204,0,0,0
1089,36.3,1,1,,6212.0,1,402.0,52.0,440.0,257.0,419.6734,152.825,0.8784,0.945,0.7812,0.011,4.5999,13.6691,30.0,203,0,0,0
1090,36.3333,1,1,,6228.0,1,402.0,52.0,440.0,257.0,419.6678,152.3383,0.8749,0.9369,0.7932,0.0109,5.6272,13.573,31.0,203,0,0,0
1091,36.3667,1,1,,6239.0,1,402.0,52.0,440.0,257.0,419.6682,152.7245,0.8724,0.9331,0.7987,0.014,6.3404,13.5636,31.0,203,0,0,0
1092,36.4,1,1,,6249.0,1,402.0,52.0,440.0,257.0,419.708,152.7619,0.8717,0.9323,0.8008,0.0143,6.495,13.5699,31.0,203,0,0,0
1093,36.4333,1,1,,6253.0,1,402.0,52.0,440.0,257.0,419.7273,152.8273,0.8718,0.933,0.8002,0.0141,6.346,13.5832,31.0,203,0,0,0
1094,36.4667,1,1,,6298.0,1,402.0,52.0,440.0,257.0,419.761,152.8063,0.8726,0.9347,0.8037,0.0133,6.0356,13.602,31.0,203,0,0,0
1095,36.5,1,1,,6303.0,1,402.0,52.0,440.0,257.0,419.798,152.7331,0.8758,0.9394,0.7995,0.0119,5.625,13.6579,31.0,203,0,0,0
1096,36.5333,1,1,,6316.0,1,402.0,52.0,440.0,257.0,419.7878,152.9041,0.8812,0.9477,0.7925,0.0107,4.8743,13.7603,31.0,203,0,0,0
1097,36.5667,1,1,,6314.0,1,402.0,52.0,440.0,257.0,419.7909,152.698,0.888,0.958,0.7817,0.0077,4.0901,13.8954,31.0,203,0,0,0
1098,36.6,1,1,,6328.0,1,402.0,52.0,440.0,257.0,419.7778,152.7963,0.893,0.9672,0.7734,0.0065,3.3852,14.026,31.0,203,0,0,0
1099,36.6333,1,1,,6331.0,1,402.0,52.0,440.0,258.0,419.7915,152.7866,0.8968,0.976,0.7598,0.0049,3.6991,14.2303,31.0,204,0,0,0
1100,36.6667,1,1,,6326.0,1,402.0,52.0,440.0,258.0,419.8106,152.7158,0.8999,0.9854,0.7479,0.0031,2.9998,14.391,31.0,204,0,0,0
1101,36.7,1,1,,6316.0,1,402.0,52.0,440.0,257.0,419.8374,152.6297,0.8985,0.9935,0.7376,0.0015,1.3408,14.5183,31.0,203,0,0,0
1102,36.7333,1,1,,6313.0,1,402.0,52.0,441.0,257.0,419.8425,152.4722,0.8947,0.9819,0.7315,0.0016,0.7704,14.5892,31.0,203,0,0,0
1103,36.7667,1,1,,6307.0,1,402.0,52.0,441.0,257.0,419.8446,152.4644,0.8975,0.9868,0.7262,0.0025,0.455,14.6507,31.0,203,0,0,0
1104,36.8,1,1,,6302.0,1,402.0,52.0,440.0,257.0,419.8499,152.4229,0.8934,0.9999,0.7229,0.0034,0.017,14.6849,31.0,203,0,0,0
1105,36.8333,1,1,,6303.0,1,402.0,52.0,440.0,257.0,419.8406,152.4685,0.8915,1.0,0.7213,0.0035,-0.1117,14.7119,31.0,203,0,0,0
1106,36.8667,1,1,,6300.0,1,402.0,52.0,440.0,257.0,419.8657,152.3427,0.891,1.0,0.7206,0.004,-0.0678,14.723,31.0,203,0,0,0
1107,36.9,1,1,,6340.0,1,402.0,52.0,441.0,257.0,419.873,152.6142,0.8993,0.9915,0.7248,0.0023,0.2976,14.7481,31.0,203,0,0,0
1108,36.9333,1,1,,6347.0,1,402.0,52.0,441.0,257.0,419.8864,152.597,0.9026,0.9926,0.7268,0.0043,0.2797,14.7687,31.0,203,0,0,0
1109,36.9667,1,1,,6352.0,1,402.0,52.0,441.0,257.0,419.8668,152.7276,0.9018,0.99,0.7304,0.0044,0.3347,14.7623,31.0,203,0,0,0
1110,37.0,1,1,,6364.0,1,402.0,52.0,441.0,258.0,419.8191,152.7784,0.8941,0.9791,0.7374,0.0039,1.7309,14.7017,31.0,204,0,0,0
1111,37.0333,1,1,,6328.0,1,402.0,52.0,441.0,258.0,419.7762,152.2914,0.8916,0.9739,0.7387,0.0053,2.2356,14.6379,31.0,204,0,0,0
1112,37.0667,1,1,,6333.0,1,402.0,52.0,441.0,258.0,419.7796,152.2681,0.8883,0.9683,0.7448,0.0039,2.9243,14.5811,31.0,204,0,0,0
1113,37.1,1,1,,6325.0,1,402.0,52.0,441.0,258.0,419.7859,152.1826,0.8786,0.9576,0.7515,0.0021,4.4294,14.4847,31.0,204,0,0,0
1114,37.1333,1,1,,6331.0,1,402.0,52.0,442.0,258.0,419.7718,152.2459,0.8515,0.9257,0.7586,0.006,5.6047,14.4087,31.0,204,0,0,0
1115,37.1667,1,1,,6337.0,1,402.0,52.0,441.0,258.0,419.7021,152.267,0.8747,0.9499,0.7615,0.0085,6.3165,14.3963,31.0,204,0,0,0
1116,37.2,1,1,,6352.0,1,402.0,52.0,441.0,258.0,419.6891,152.3215,0.8783,0.9512,0.7645,0.0098,6.6246,14.3867,31.0,204,0,0,0
1117,37.2333,1,1,,6366.0,1,401.0,52.0,441.0,259.0,419.6049,152.4138,0.8971,0.946,0.7684,0.0107,7.7375,14.3488,31.0,205,0,0,0
1118,37.2667,1,1,,6402.0,1,401.0,52.0,441.0,259.0,419.5236,152.5625,0.8975,0.9453,0.7743,0.0117,7.7639,14.3175,31.0,205,0,0,0
1119,37.3,1,1,,6414.0,1,401.0,52.0,441.0,260.0,419.5262,152.8096,0.8939,0.9401,0.7773,0.0133,8.8141,14.2837,31.0,206,0,0,0
1120,37.3333,1,1,,6435.0,1,401.0,52.0,441.0,261.0,419.5189,153.1243,0.89,0.9352,0.7808,0.0152,9.8328,14.2582,31.0,207,0,0,0
1121,37.3667,1,1,,6441.0,1,401.0,52.0,441.0,262.0,419.4925,153.1152,0.8873,0.9313,0.7816,0.0152,10.7765,14.2465,31.0,208,0,0,0
1122,37.4,1,1,,6408.0,1,401.0,52.0,441.0,260.0,419.4808,152.8635,0.8967,0.9412,0.7773,0.0139,8.6689,14.2422,31.0,206,0,0,0
1123,37.4333,1,1,,6438.0,1,401.0,52.0,441.0,262.0,419.4365,153.1434,0.891,0.9343,0.7798,0.0149,10.5202,14.2549,31.0,208,0,0,0
1124,37.4667,1,1,,6457.0,1,401.0,52.0,441.0,263.0,419.429,153.4851,0.8968,0.9368,0.7796,0.0122,10.6219,14.3015,31.0,209,0,0,0
1125,37.5,1,1,,6484.0,1,401.0,52.0,441.0,265.0,419.3954,153.9167,0.8948,0.9323,0.7811,0.0116,12.0981,14.341,31.0,211,0,0,0
1126,37.5333,1,1,,6506.0,1,401.0,52.0,441.0,267.0,419.3915,154.365,0.8883,0.9248,0.7832,0.0123,13.8731,14.3604,31.0,213,0,0,0
1127,37.5667,0,1,mask_escaped_box,6540.0,1,401.0,52.0,440.0,268.0,419.4203,154.8344,0.8831,0.9311,0.7878,0.0143,14.8796,14.3603,31.0,214,0,0,1
1128,37.6,0,1,mask_escaped_box,6570.0,1,401.0,52.0,440.0,269.0,419.4091,155.4148,0.8814,0.9254,0.796,0.0179,16.1984,14.2957,31.0,215,0,0,2
1129,37.6333,1,1,,6090.0,1,402.0,52.0,440.0,257.0,419.5762,151.3627,0.9083,0.9774,0.7421,0.0014,4.6363,14.2371,29.0,203,0,0,0
1130,37.6667,1,1,,6057.0,1,402.0,52.0,440.0,257.0,419.6186,151.3031,0.909,0.975,0.7422,0.0009,5.1302,14.1818,29.0,203,0,0,0
1131,37.7,1,1,,6089.0,1,402.0,52.0,440.0,258.0,419.5623,151.4196,0.8965,0.9609,0.7533,0.0027,6.6511,14.0774,29.0,204,0,0,0
1132,37.7333,1,1,,6101.0,1,402.0,52.0,440.0,258.0,419.4888,151.5906,0.8901,0.9509,0.7647,0.0052,7.2263,13.9277,29.0,204,0,0,0
1133,37.7667,1,1,,6098.0,1,402.0,52.0,440.0,258.0,419.3978,151.5228,0.8856,0.9425,0.7738,0.0057,7.6806,13.7977,29.0,204,0,0,0
1134,37.8,0,1,mask_escaped_box,6572.0,1,402.0,52.0,440.0,271.0,419.2848,156.2497,0.8327,0.8805,0.842,0.0297,21.1305,13.7062,30.0,217,1,1,1
1135,37.8333,0,1,mask_escaped_box,6548.0,1,402.0,52.0,440.0,272.0,419.3245,155.8537,0.8251,0.8709,0.8455,0.0285,22.4666,13.6271,30.0,218,0,0,2
1136,37.8667,0,1,mask_escaped_box,6546.0,1,402.0,52.0,440.0,272.0,419.2371,156.1077,0.821,0.8653,0.8518,0.0305,22.8027,13.548,30.0,218,0,0,3
1137,37.9,0,0,no_track,,,,,,,,,,,,,,,,,,,
1138,37.9333,0,0,no_track,,,,,,,,,,,,,,,,,,,
1139,37.9667,0,0,no_track,,,,,,,,,,,,,,,,,,,
1140,38.0,1,1,,5880.0,1,400.0,52.0,441.0,256.0,419.1491,151.2197,0.8657,0.9153,0.7229,0.0319,3.3213,13.5345,28.0,202,1,1,0
1141,38.0333,1,1,,6064.0,1,402.0,52.0,440.0,256.0,419.3717,152.355,0.8251,0.9275,0.7439,0.0308,2.5598,13.4915,29.0,202,0,0,0
1142,38.0667,1,1,,6050.0,1,402.0,52.0,440.0,256.0,419.4152,151.979,0.7979,0.942,0.6951,0.0501,2.2025,13.6843,29.0,202,0,0,0
1143,38.1,1,1,,6018.0,1,402.0,52.0,440.0,256.0,419.5,151.794,0.7865,0.9387,0.6857,0.0547,2.3307,13.6769,28.5,202,0,0,0
1144,38.1333,1,1,,5953.0,1,402.0,52.0,440.0,256.0,419.4144,151.3953,0.7309,0.9435,0.6221,0.0869,2.1091,13.9145,28.0,202,0,0,0
1145,38.1667,1,1,,5904.0,1,402.0,52.0,440.0,256.0,419.3493,151.128,0.7207,0.9413,0.6106,0.0916,2.1845,13.944,28.0,202,0,0,0
1146,38.2,1,1,,5862.0,1,402.0,52.0,440.0,256.0,419.2004,150.8021,0.7107,0.9391,0.6,0.0964,2.26,13.9735,27.0,202,0,0,0
1147,38.2333,1,1,,5872.0,1,402.0,52.0,440.0,256.0,419.2711,150.8287,0.6581,0.9501,0.5435,0.1258,1.7015,14.4236,28.0,202,0,0,0
1148,38.2667,1,1,,5886.0,1,402.0,52.0,440.0,256.0,419.2929,150.886,0.6372,0.9635,0.5146,0.1363,1.7244,14.9201,28.0,202,0,0,0
1149,38.3,1,1,,5885.0,1,402.0,52.0,440.0,256.0,419.2877,150.8591,0.6268,0.9719,0.4986,0.1418,2.0375,15.2124,28.0,202,0,0,0
1150,38.3333,1,1,,5890.0,1,402.0,52.0,440.0,256.0,419.32,150.8244,0.5707,0.9773,0.4497,0.1735,1.9837,15.3714,27.5,202,0,0,0
1151,38.3667,1,1,,5876.0,1,402.0,52.0,440.0,255.0,419.3446,150.7207,0.5382,0.9817,0.4219,0.1906,1.8159,15.4749,27.0,201,0,0,0
1152,38.4,1,1,,5880.0,1,402.0,52.0,440.0,256.0,419.3765,150.6855,0.5262,0.991,0.4047,0.1983,0.827,15.587,27.5,202,0,0,0
1153,38.4333,1,1,,5892.0,1,402.0,52.0,440.0,255.0,419.2965,150.7189,0.5146,0.9978,0.3944,0.2027,0.0785,15.66,28.0,201,0,0,0
1154,38.4667,1,1,,5859.0,1,402.0,52.0,440.0,255.0,419.3536,150.3883,0.5066,1.0,0.3848,0.2067,-0.0446,15.7179,28.0,201,0,0,0
1155,38.5,1,1,,5843.0,1,402.0,52.0,440.0,255.0,419.5718,150.5761,0.5005,1.0,0.3791,0.2081,-0.1133,15.746,28.0,201,0,0,0
1156,38.5333,1,1,,5859.0,1,402.0,52.0,440.0,255.0,419.5738,150.9478,0.4986,0.9998,0.3788,0.2069,0.0068,15.6766,28.0,201,0,0,0
1157,38.5667,1,1,,5763.0,1,402.0,52.0,441.0,255.0,419.7484,150.7968,0.4895,0.9712,0.3723,0.2074,1.1229,15.5959,27.0,201,0,0,0
1158,38.6,1,1,,5749.0,1,402.0,52.0,440.0,255.0,419.761,150.8502,0.4934,0.9922,0.3721,0.2065,0.2966,15.4911,27.0,201,0,0,0
1159,38.6333,1,1,,5646.0,1,402.0,52.0,440.0,255.0,419.853,150.0758,0.4915,0.9878,0.3664,0.2085,0.464,15.3941,27.0,201,0,0,0
1160,38.6667,1,1,,5570.0,1,402.0,52.0,440.0,255.0,419.8869,150.1038,0.4899,0.9812,0.364,0.2095,0.7154,15.2539,26.0,201,0,0,0
1161,38.7,1,1,,5454.0,1,403.0,52.0,440.0,255.0,420.1153,149.2371,0.4761,0.9749,0.359,0.2147,0.9292,15.1349,26.0,201,0,0,0
1162,38.7333,1,1,,5355.0,1,403.0,52.0,440.0,255.0,420.3225,147.8058,0.4738,0.9719,0.3524,0.2202,1.0398,15.0813,25.0,201,0,0,0
1163,38.7667,1,1,,5332.0,1,403.0,52.0,440.0,255.0,420.3288,147.3389,0.4716,0.9689,0.3508,0.2229,1.1503,15.0276,25.0,201,0,0,0
1164,38.8,1,1,,5335.0,1,403.0,52.0,440.0,255.0,420.3689,147.4127,0.4694,0.9659,0.351,0.2241,1.2609,14.9739,25.0,201,0,0,0
1165,38.8333,1,1,,5340.0,1,403.0,52.0,440.0,255.0,420.394,147.5135,0.4672,0.9629,0.3513,0.2251,1.3715,14.9202,25.0,201,0,0,0
1166,38.8667,1,1,,5313.0,1,403.0,52.0,440.0,255.0,420.3977,147.253,0.4746,0.9656,0.3536,0.2284,1.2725,14.9093,25.0,201,0,0,0
1167,38.9,1,1,,5294.0,1,403.0,52.0,441.0,255.0,420.384,146.8689,0.4659,0.9353,0.3532,0.2322,2.2152,14.9376,25.0,201,0,0,0
1168,38.9333,1,1,,5306.0,1,403.0,52.0,441.0,255.0,420.4077,147.2463,0.4646,0.9336,0.354,0.2323,2.1643,14.9802,25.0,201,0,0,0
1169,38.9667,1,1,,5280.0,1,403.0,52.0,441.0,255.0,420.4598,147.0009,0.4644,0.9332,0.3523,0.2332,2.3071,15.0084,25.0,201,0,0,0
1170,39.0,1,1,,5302.0,1,403.0,52.0,441.0,254.0,420.4051,147.003,0.4622,0.9334,0.3537,0.2329,2.3591,15.0365,25.0,200,0,0,0
1171,39.0333,1,1,,5241.0,1,403.0,52.0,441.0,253.0,420.4346,145.7777,0.4592,0.9341,0.3486,0.2354,2.1251,15.098,25.0,199,0,0,0
1172,39.0667,1,1,,5229.0,1,403.0,52.0,441.0,253.0,420.4508,145.594,0.4669,0.9518,0.3439,0.2284,1.8309,15.2495,25.0,199,0,0,0
1173,39.1,1,1,,5218.0,1,402.0,52.0,441.0,253.0,420.4933,145.3745,0.4795,0.959,0.3398,0.2245,1.6002,15.3706,25.0,199,0,0,0
1174,39.1333,1,1,,5194.0,1,402.0,52.0,441.0,253.0,420.5139,145.1968,0.4809,0.9635,0.3368,0.2225,1.4223,15.4018,25.0,199,0,0,0
1175,39.1667,1,1,,5140.0,1,402.0,52.0,441.0,252.0,420.5675,144.194,0.4783,0.964,0.3329,0.2249,1.4054,15.3929,25.0,198,0,0,0
1176,39.2,1,1,,5127.0,1,402.0,52.0,441.0,252.0,420.5693,143.9091,0.4773,0.9592,0.3338,0.2259,1.5916,15.2944,25.0,198,0,0,0
1177,39.2333,1,1,,5126.0,1,402.0,52.0,441.0,252.0,420.5513,143.8024,0.4765,0.9551,0.3353,0.2268,1.7499,15.2106,25.0,198,0,0,0
1178,39.2667,1,1,,5107.0,1,402.0,52.0,441.0,251.0,420.5612,143.3231,0.4736,0.9519,0.3354,0.2289,1.8757,15.1421,25.0,197,0,0,0
1179,39.3,1,1,,5152.0,1,402.0,52.0,441.0,250.0,420.3313,143.7863,0.4756,0.9528,0.3411,0.2284,1.8409,15.0561,25.0,196,0,0,0
1180,39.3333,1,1,,5172.0,1,402.0,52.0,440.0,250.0,420.2713,144.144,0.4884,0.9813,0.3454,0.2281,0.7119,14.9782,25.0,196,0,0,0
1181,39.3667,1,1,,5184.0,1,402.0,52.0,440.0,250.0,420.2039,144.1306,0.4938,0.9832,0.3489,0.2282,0.6369,14.9099,25.0,196,0,0,0
1182,39.4,1,1,,5138.0,1,402.0,52.0,440.0,250.0,420.2842,143.3363,0.498,0.9839,0.3484,0.231,0.61,14.8491,25.0,196,0,0,0
1183,39.4333,1,1,,5184.0,1,402.0,52.0,440.0,251.0,420.2099,144.1647,0.5028,0.9816,0.3544,0.2286,0.6983,14.7697,25.0,197,0,0,0
1184,39.4667,1,1,,5191.0,1,402.0,52.0,440.0,251.0,420.2508,143.907,0.4978,0.9651,0.3606,0.2294,1.3279,14.5535,25.0,197,0,0,0
1185,39.5,1,1,,5175.0,1,402.0,52.0,440.0,251.0,420.2674,143.6529,0.4931,0.9481,0.3658,0.2348,1.8756,14.3307,25.0,197,0,0,0
1186,39.5333,1,1,,5582.0,1,402.0,52.0,439.0,258.0,419.5344,150.1614,0.5117,0.9583,0.4,0.2188,1.6569,14.1633,27.0,204,0,0,0
1187,39.5667,1,1,,5128.0,1,402.0,52.0,440.0,251.0,420.4191,142.8434,0.4973,0.9461,0.3669,0.2375,1.8934,14.1891,26.0,197,0,0,0
1188,39.6,1,1,,5096.0,1,402.0,52.0,440.0,250.0,420.4233,142.0926,0.5069,0.9607,0.365,0.237,1.4772,14.1979,26.0,196,0,0,0
1189,39.6333,1,1,,5600.0,1,402.0,52.0,439.0,259.0,419.6011,150.1496,0.5458,0.9971,0.4009,0.2117,0.1066,14.236,27.0,205,0,0,0
1190,39.6667,1,1,,5180.0,1,402.0,52.0,440.0,251.0,420.2681,143.0797,0.5244,0.9824,0.3691,0.2304,0.667,14.3319,26.0,197,0,0,0
1191,39.7,1,1,,5268.0,1,402.0,52.0,440.0,253.0,420.1188,144.1355,0.5345,0.9916,0.3734,0.2261,0.3178,14.4333,27.0,199,0,0,0
1192,39.7333,1,1,,5305.0,1,402.0,52.0,440.0,253.0,420.0547,144.4081,0.5384,1.0,0.3739,0.2244,-0.022,14.5444,27.0,199,0,0,0
1193,39.7667,1,1,,5252.0,1,402.0,52.0,440.0,252.0,420.1009,143.4505,0.5332,1.0,0.3684,0.2266,-0.2404,14.6369,27.0,198,0,0,0
1194,39.8,1,1,,5283.0,1,402.0,52.0,440.0,252.0,420.0254,143.2985,0.5296,1.0,0.3682,0.2267,-0.3767,14.7531,27.0,198,0,0,0
1195,39.8333,1,1,,5320.0,1,402.0,52.0,440.0,252.0,419.9936,143.6705,0.5247,1.0,0.3673,0.2251,-0.6083,14.906,27.0,198,0,0,0
1196,39.8667,1,1,,5269.0,1,402.0,52.0,440.0,251.0,420.0985,142.8662,0.5181,1.0,0.361,0.2271,-0.7868,15.0277,27.0,197,0,0,0
1197,39.9,1,1,,5269.0,1,402.0,52.0,441.0,251.0,420.1336,142.6572,0.5269,0.9975,0.359,0.2276,0.0959,15.1159,27.0,197,0,0,0
1198,39.9333,1,1,,5260.0,1,402.0,52.0,441.0,251.0,420.2011,142.4226,0.5266,0.9999,0.357,0.2283,0.0051,15.178,27.0,197,0,0,0
1199,39.9667,1,1,,5255.0,1,402.0,52.0,441.0,251.0,420.2011,142.3041,0.5254,1.0,0.3557,0.2287,-0.0679,15.2168,27.0,197,0,0,0
1200,40.0,1,1,,10830.0,1,398.0,51.0,451.0,389.0,420.5918,221.1846,0.8034,0.8134,0.7322,0.0039,9.8922,15.2351,30.0,336,1,0,0
1201,40.0333,1,1,,10837.0,1,397.0,52.0,453.0,389.0,419.9333,222.4916,0.7558,0.7598,0.7505,0.0054,12.5308,14.8923,30.0,335,0,0,0
1202,40.0667,1,1,,10825.0,1,397.0,52.0,453.0,389.0,419.9115,222.4784,0.7417,0.7446,0.7664,0.0057,13.0867,14.5935,30.0,335,0,0,0
1203,40.1,1,1,,10820.0,1,396.0,52.0,453.0,389.0,419.9014,222.5068,0.7176,0.7194,0.7804,0.0064,13.5051,14.3512,30.0,335,0,0,0
1204,40.1333,1,1,,10814.0,1,396.0,52.0,453.0,389.0,419.9039,222.5051,0.709,0.7099,0.7915,0.0069,13.8164,14.1629,30.0,335,0,0,0
1205,40.1667,0,1,mask_escaped_box,10823.0,1,396.0,52.0,453.0,389.0,419.8906,222.5032,0.7016,0.7023,0.8011,0.0075,14.038,14.0201,30.0,335,1,1,1
1206,40.2,0,1,mask_escaped_box,10825.0,1,395.0,52.0,453.0,389.0,419.8871,222.4866,0.6837,0.6845,0.8078,0.008,14.1909,13.9173,30.0,335,0,0,2
1207,40.2333,0,1,mask_escaped_box,10821.0,1,395.0,52.0,453.0,389.0,419.8659,222.4609,0.6801,0.6809,0.8117,0.0082,14.2814,13.8528,30.0,335,0,0,3
1208,40.2667,0,0,no_track,,,,,,,,,,,,,,,,,,,
1209,40.3,0,0,no_track,,,,,,,,,,,,,,,,,,,
1210,40.3333,0,0,no_track,,,,,,,,,,,,,,,,,,,
1211,40.3667,1,1,,10620.0,1,399.0,51.0,449.0,388.0,420.2893,219.0344,0.7853,0.7853,0.8025,0.0044,10.4867,13.7461,30.0,335,1,1,0
1212,40.4,1,1,,10776.0,1,398.0,52.0,450.0,389.0,419.6424,221.0829,0.7502,0.752,0.8151,0.0053,11.6002,13.7241,30.0,335,0,0,0
1213,40.4333,1,1,,10756.0,1,398.0,52.0,450.0,389.0,419.6879,221.2549,0.7494,0.7514,0.814,0.0059,11.7001,13.7089,30.0,335,0,0,0
1214,40.4667,1,1,,10759.0,1,398.0,52.0,450.0,389.0,419.6993,221.2012,0.7493,0.7515,0.8138,0.0058,11.7819,13.7037,30.0,335,0,0,0
1215,40.5,1,1,,10792.0,1,398.0,52.0,451.0,389.0,419.7085,221.173,0.7364,0.7386,0.8146,0.0057,12.8285,13.7183,30.0,335,0,0,0
1216,40.5333,1,1,,10755.0,1,398.0,52.0,450.0,389.0,419.6803,220.8518,0.7519,0.7543,0.8101,0.0048,11.8336,13.7363,30.0,335,0,0,0
1217,40.5667,1,1,,10781.0,1,397.0,52.0,450.0,389.0,419.6726,220.8806,0.7384,0.7408,0.8112,0.0047,11.8074,13.7429,30.0,335,0,0,0
1218,40.6,1,1,,10799.0,1,397.0,52.0,450.0,389.0,419.684,221.063,0.737,0.7396,0.8136,0.005,11.8283,13.7195,30.0,335,0,0,0
1219,40.6333,1,1,,10790.0,1,397.0,52.0,450.0,389.0,419.6945,220.9432,0.7359,0.7387,0.8137,0.0046,11.8396,13.7024,30.0,335,0,0,0
1220,40.6667,1,1,,10806.0,1,398.0,52.0,450.0,389.0,419.7024,221.0904,0.7496,0.7526,0.8151,0.0047,11.845,13.6966,30.0,335,0,0,0
1221,40.7,1,1,,10829.0,1,397.0,52.0,450.0,389.0,419.6786,220.9997,0.7362,0.7392,0.8157,0.0043,11.8197,13.7123,30.0,335,0,0,0
1222,40.7333,1,1,,10855.0,1,398.0,52.0,450.0,389.0,419.7327,221.1649,0.7532,0.7565,0.8141,0.0047,11.7635,13.7684,30.0,335,0,0,0
1223,40.7667,1,1,,10846.0,1,398.0,52.0,450.0,389.0,419.7575,221.2461,0.756,0.7595,0.8101,0.0048,11.6992,13.8225,30.0,335,0,0,0
1224,40.8,1,1,,10855.0,1,397.0,52.0,450.0,389.0,419.7576,221.2142,0.7442,0.7477,0.8079,0.0046,11.6427,13.8689,30.0,335,0,0,0
1225,40.8333,1,1,,10837.0,1,397.0,52.0,450.0,389.0,419.7865,221.6653,0.7468,0.7504,0.8034,0.0057,11.6151,13.9204,30.0,335,0,0,0
1226,40.8667,1,1,,10845.0,1,397.0,52.0,451.0,389.0,419.8089,221.7585,0.735,0.7385,0.8018,0.0063,12.6133,13.9578,30.0,335,0,0,0
1227,40.9,1,1,,10821.0,1,397.0,52.0,450.0,389.0,419.8002,221.7238,0.7502,0.7539,0.7985,0.0064,11.6054,13.9843,30.0,335,0,0,0
1228,40.9333,1,1,,10802.0,1,397.0,52.0,450.0,389.0,419.7841,221.7634,0.7518,0.7554,0.7954,0.0066,11.5522,14.0133,30.0,335,0,0,0
1229,40.9667,1,1,,10726.0,1,398.0,52.0,450.0,389.0,419.7802,221.6567,0.7672,0.771,0.7888,0.0065,11.5101,14.0316,30.0,335,0,0,0
1230,41.0,1,1,,10713.0,1,398.0,52.0,450.0,389.0,419.8178,221.7813,0.7673,0.7711,0.7878,0.0069,11.4995,14.0333,30.0,335,0,0,0
1231,41.0333,1,1,,10704.0,1,398.0,52.0,450.0,389.0,419.833,221.7202,0.7672,0.7709,0.7874,0.0069,11.4955,14.0299,30.0,335,0,0,0
1232,41.0667,1,1,,10699.0,1,398.0,52.0,450.0,389.0,419.8339,221.5422,0.7669,0.7705,0.7875,0.0065,11.502,14.0232,30.0,335,0,0,0
1233,41.1,1,1,,10723.0,1,398.0,52.0,450.0,389.0,419.8101,221.5111,0.7656,0.7691,0.7908,0.0065,11.5541,13.9983,30.0,335,0,0,0
1234,41.1333,1,1,,10717.0,1,398.0,52.0,450.0,389.0,419.7911,221.2974,0.7629,0.7664,0.7931,0.006,11.6721,13.949,30.0,335,0,0,0
1235,41.1667,1,1,,10748.0,1,398.0,52.0,450.0,389.0,419.8186,221.2152,0.7598,0.7633,0.7986,0.006,11.7781,13.8925,30.0,335,0,0,0
1236,41.2,1,1,,10773.0,1,398.0,52.0,450.0,389.0,419.7808,221.1006,0.7567,0.7602,0.8037,0.0056,11.8818,13.8365,30.0,335,0,0,0
1237,41.2333,1,1,,10754.0,1,398.0,52.0,450.0,389.0,419.8144,221.1607,0.7544,0.7579,0.8048,0.0057,11.9549,13.7935,30.0,335,0,0,0
1238,41.2667,1,1,,10745.0,1,398.0,52.0,450.0,388.0,419.793,220.849,0.7519,0.7571,0.8049,0.0049,11.9453,13.7795,30.0,334,0,0,0
1239,41.3,1,1,,10725.0,1,398.0,52.0,450.0,388.0,419.7999,220.6806,0.7516,0.7568,0.8039,0.0046,11.9343,13.773,30.0,334,0,0,0
1240,41.3333,1,1,,10720.0,1,398.0,52.0,450.0,388.0,419.8261,220.6043,0.7517,0.7567,0.8038,0.0044,11.9234,13.7712,30.0,334,0,0,0
1241,41.3667,1,1,,10780.0,1,398.0,52.0,450.0,388.0,419.823,221.23,0.7529,0.7578,0.8072,0.0053,11.8986,13.7922,30.0,334,0,0,0
1242,41.4,1,1,,10789.0,1,398.0,52.0,450.0,388.0,419.824,221.1618,0.7561,0.7609,0.8048,0.0051,11.8132,13.8482,30.0,334,0,0,0
1243,41.4333,1,1,,10829.0,1,398.0,52.0,450.0,388.0,419.8486,221.3751,0.7593,0.7641,0.8045,0.0056,11.7233,13.9073,31.0,334,0,0,0
1244,41.4667,1,1,,10831.0,1,398.0,52.0,450.0,388.0,419.8473,221.3596,0.7635,0.7683,0.8003,0.0055,11.5786,13.9832,31.0,334,0,0,0
1245,41.5,1,1,,10859.0,1,398.0,52.0,450.0,389.0,419.8993,221.4207,0.7696,0.7726,0.7979,0.0057,11.425,14.0619,31.0,335,0,0,0
1246,41.5333,1,1,,10871.0,1,398.0,52.0,451.0,389.0,419.8894,221.6493,0.7591,0.7621,0.7945,0.0061,12.2872,14.1378,31.0,335,0,0,0
1247,41.5667,1,1,,10880.0,1,397.0,52.0,450.0,389.0,419.8651,221.4915,0.7626,0.7657,0.7914,0.0056,11.1634,14.2031,31.0,335,0,0,0
1248,41.6,1,1,,10836.0,1,397.0,52.0,450.0,389.0,419.8891,221.6475,0.7651,0.7682,0.7857,0.0059,11.0815,14.2496,31.0,335,0,0,0
1249,41.6333,1,1,,10798.0,1,397.0,52.0,450.0,389.0,419.9352,221.7429,0.7671,0.7701,0.7811,0.0062,11.0152,14.2852,31.0,335,0,0,0
1250,41.6667,1,1,,10781.0,1,397.0,52.0,450.0,389.0,419.9359,221.7007,0.7684,0.7712,0.7789,0.0063,10.961,14.3061,31.0,335,0,0,0
1251,41.7,1,1,,10771.0,1,397.0,52.0,450.0,388.0,419.9969,221.5274,0.7673,0.7719,0.7777,0.0061,10.9239,14.318,31.0,334,0,0,0
1252,41.7333,1,1,,10789.0,1,397.0,52.0,450.0,388.0,419.9766,221.5404,0.7672,0.7716,0.7792,0.0062,10.9125,14.3141,31.0,334,0,0,0
1253,41.7667,1,1,,10817.0,1,396.0,52.0,450.0,388.0,419.9555,221.6937,0.7527,0.7571,0.7816,0.0065,10.9077,14.3085,31.0,334,0,0,0
1254,41.8,1,1,,10808.0,1,396.0,52.0,450.0,388.0,419.9439,221.5139,0.7529,0.7573,0.7806,0.0062,10.8988,14.3131,31.0,334,0,0,0
1255,41.8333,1,1,,10801.0,1,396.0,52.0,450.0,388.0,419.9504,221.4643,0.753,0.7575,0.7798,0.0061,10.8905,14.3163,31.0,334,0,0,0
1256,41.8667,1,1,,10817.0,1,396.0,52.0,450.0,388.0,419.9277,221.7563,0.7528,0.7574,0.781,0.0067,10.888,14.3142,31.0,334,0,0,0
1257,41.9,1,1,,10873.0,1,396.0,52.0,451.0,388.0,419.9184,222.0524,0.7389,0.7433,0.7852,0.0074,11.8901,14.3094,31.0,334,0,0,0
1258,41.9333,1,1,,10890.0,1,396.0,52.0,451.0,388.0,419.8959,221.9685,0.7363,0.7409,0.7888,0.0069,11.877,14.2614,31.0,334,0,0,0
1259,41.9667,1,1,,10846.0,1,396.0,52.0,450.0,388.0,419.9461,222.1892,0.7475,0.7525,0.7875,0.0073,10.8811,14.2217,31.0,334,0,0,0
1260,42.0,1,1,,10824.0,1,396.0,52.0,450.0,388.0,419.9622,222.3621,0.7444,0.7495,0.7886,0.0077,10.9861,14.166,31.0,334,0,0,0
1261,42.0333,1,1,,10831.0,1,396.0,52.0,451.0,388.0,419.9594,222.4604,0.7284,0.7336,0.7912,0.008,12.1184,14.1225,30.0,334,0,0,0
1262,42.0667,1,1,,10821.0,1,395.0,52.0,451.0,388.0,419.9429,222.1965,0.7138,0.7191,0.7917,0.0073,12.2372,14.0937,30.0,334,0,0,0
1263,42.1,1,1,,10828.0,1,396.0,52.0,451.0,388.0,419.9519,222.316,0.7254,0.731,0.793,0.0075,12.3184,14.0725,30.0,334,0,0,0
1264,42.1333,1,1,,10891.0,1,395.0,52.0,451.0,388.0,419.8772,222.6045,0.7115,0.7172,0.7981,0.0082,12.3848,14.0577,30.0,334,0,0,0
1265,42.1667,1,1,,10960.0,1,395.0,52.0,451.0,388.0,419.8226,222.6273,0.713,0.7188,0.8011,0.0083,12.4523,14.0893,31.0,334,0,0,0
1266,42.2,1,1,,10947.0,1,395.0,52.0,451.0,388.0,419.8485,222.6155,0.7153,0.7212,0.7974,0.0085,12.4209,14.1362,31.0,334,0,0,0
1267,42.2333,1,1,,10934.0,1,395.0,52.0,450.0,388.0,419.877,222.5895,0.7303,0.7364,0.7943,0.0085,11.3722,14.1766,31.0,334,0,0,0
1268,42.2667,1,1,,10944.0,1,394.0,52.0,450.0,388.0,419.8816,222.6296,0.7194,0.7251,0.7934,0.0088,11.3091,14.2126,31.0,334,0,0,0
1269,42.3,1,1,,10993.0,1,394.0,52.0,450.0,388.0,419.8846,222.8303,0.7219,0.7274,0.7949,0.0095,11.2266,14.2566,31.0,334,0,0,0
1270,42.3333,1,1,,10983.0,1,394.0,52.0,450.0,388.0,419.8632,222.6475,0.7266,0.7319,0.7898,0.0093,11.0976,14.3443,31.0,334,0,0,0
1271,42.3667,1,1,,11003.0,1,394.0,52.0,450.0,388.0,419.9107,222.9511,0.7305,0.7353,0.7881,0.0105,10.997,14.4122,31.0,334,0,0,0
1272,42.4,1,1,,11036.0,1,394.0,52.0,450.0,388.0,419.8126,223.2202,0.7334,0.7379,0.7883,0.0115,10.9225,14.4624,31.0,334,0,0,0
1273,42.4333,1,1,,11053.0,1,394.0,52.0,450.0,388.0,419.8134,223.2366,0.7369,0.7411,0.7866,0.012,10.893,14.5251,31.0,334,0,0,0
1274,42.4667,1,1,,11062.0,1,394.0,52.0,450.0,388.0,419.7984,223.1106,0.7392,0.7431,0.7857,0.0121,10.9207,14.5641,31.0,334,0,0,0
1275,42.5,1,1,,11054.0,1,394.0,52.0,450.0,388.0,419.8315,223.1542,0.7412,0.7448,0.7838,0.0126,10.9424,14.5974,31.0,334,0,0,0
1276,42.5333,1,1,,11069.0,1,394.0,52.0,450.0,388.0,419.804,222.9739,0.7432,0.7465,0.7834,0.0125,10.9464,14.632,31.0,334,0,0,0
1277,42.5667,1,1,,11075.0,1,394.0,52.0,450.0,388.0,419.806,222.914,0.7453,0.7486,0.7817,0.0127,10.9294,14.6784,31.0,334,0,0,0
1278,42.6,1,1,,11116.0,1,394.0,51.0,450.0,388.0,419.7412,222.6693,0.7489,0.7506,0.7824,0.0122,10.9122,14.7229,31.0,335,0,0,0
1279,42.6333,1,1,,11154.0,1,394.0,51.0,450.0,388.0,419.6815,222.5999,0.751,0.7526,0.7831,0.0121,10.8873,14.7681,31.0,335,0,0,0
1280,42.6667,1,1,,11148.0,1,394.0,51.0,450.0,388.0,419.6818,222.4084,0.7529,0.7545,0.7807,0.0118,10.8712,14.8114,31.0,335,0,0,0
1281,42.7,1,1,,11114.0,1,394.0,52.0,449.0,388.0,419.6845,222.356,0.7662,0.7696,0.7769,0.0119,9.8648,14.844,31.0,334,0,0,0
1282,42.7333,1,1,,11109.0,1,394.0,52.0,450.0,388.0,419.7445,222.8887,0.7532,0.7566,0.7758,0.0135,10.8794,14.8575,31.0,334,0,0,0
1283,42.7667,1,1,,11103.0,1,395.0,52.0,449.0,388.0,419.6624,223.1298,0.7814,0.7849,0.7753,0.0137,9.8798,14.8548,31.0,334,0,0,0
1284,42.8,1,1,,11126.0,1,395.0,52.0,449.0,388.0,419.6763,223.1367,0.7812,0.7844,0.7776,0.0132,9.8743,14.8341,31.0,334,0,0,0
1285,42.8333,1,1,,11108.0,1,395.0,52.0,450.0,388.0,419.769,223.2162,0.7665,0.7695,0.7771,0.0129,10.8761,14.8137,31.0,334,0,0,0
1286,42.8667,1,1,,11145.0,1,395.0,52.0,450.0,388.0,419.7327,223.3698,0.7673,0.7706,0.7782,0.0128,10.7976,14.8341,31.0,334,0,0,0
1287,42.9,1,1,,11165.0,1,395.0,52.0,450.0,388.0,419.709,223.2776,0.7679,0.7714,0.7786,0.0122,10.745,14.849,31.0,334,0,0,0
1288,42.9333,1,1,,11144.0,1,395.0,52.0,449.0,388.0,419.6235,223.0917,0.7823,0.786,0.7767,0.0114,9.7109,14.8559,31.0,334,0,0,0
1289,42.9667,1,1,,11198.0,1,395.0,52.0,449.0,388.0,419.5736,223.5043,0.7821,0.7857,0.7809,0.0126,9.6958,14.8494,31.0,334,0,0,0
1290,43.0,1,1,,11175.0,1,395.0,52.0,449.0,388.0,419.6015,223.4416,0.7817,0.7852,0.7799,0.0126,9.6921,14.8402,31.0,334,0,0,0
1291,43.0333,1,1,,11182.0,1,395.0,52.0,450.0,388.0,419.6055,223.5801,0.7665,0.7699,0.7815,0.0131,10.7191,14.8202,31.0,334,0,0,0
1292,43.0667,1,1,,11202.0,1,394.0,52.0,450.0,388.0,419.5877,223.8223,0.7507,0.7539,0.7852,0.0139,10.7913,14.7771,31.0,334,0,0,0
1293,43.1,1,1,,11245.0,1,393.0,52.0,449.0,388.0,419.5697,223.9965,0.748,0.7513,0.7909,0.0143,9.9138,14.7251,31.0,334,0,0,0
1294,43.1333,1,1,,11264.0,1,392.0,52.0,450.0,388.0,419.5303,224.22,0.7204,0.7235,0.7941,0.0149,11.0744,14.6879,31.0,334,0,0,0
1295,43.1667,1,1,,11282.0,1,390.0,52.0,449.0,388.0,419.5249,224.7313,0.7063,0.7094,0.7972,0.0163,10.2202,14.6499,31.0,334,0,0,0
1296,43.2,1,1,,11297.0,1,389.0,52.0,449.0,388.0,419.494,224.8955,0.6919,0.6951,0.8009,0.0167,10.3169,14.5969,31.0,334,0,0,0
1297,43.2333,1,1,,11275.0,1,390.0,52.0,450.0,388.0,419.5782,224.9097,0.6879,0.6912,0.8036,0.0168,11.4601,14.5149,31.0,334,0,0,0
1298,43.2667,1,1,,11323.0,1,389.0,52.0,450.0,388.0,419.5324,224.9666,0.673,0.6763,0.811,0.0171,11.5822,14.4391,31.0,334,0,0,0
1299,43.3,1,1,,11311.0,1,389.0,52.0,450.0,388.0,419.5295,224.9445,0.6702,0.6735,0.8134,0.0172,11.6764,14.3802,31.0,334,0,0,0
1300,43.3333,1,1,,11313.0,1,389.0,52.0,450.0,388.0,419.5289,224.6423,0.6679,0.6712,0.8163,0.0165,11.7452,14.3311,31.0,334,0,0,0
1301,43.3667,1,1,,11341.0,1,389.0,52.0,450.0,388.0,419.5294,224.5583,0.6662,0.6694,0.8205,0.0164,11.8083,14.2924,31.0,334,0,0,0
1302,43.4,1,1,,11351.0,1,389.0,51.0,450.0,388.0,419.5573,224.2934,0.6653,0.6672,0.824,0.0156,11.8478,14.245,31.0,335,0,0,0
1303,43.4333,1,1,,11346.0,1,389.0,51.0,450.0,388.0,419.5588,224.0662,0.6634,0.6653,0.8261,0.015,11.9065,14.2039,31.0,335,0,0,0
1304,43.4667,1,1,,11307.0,1,392.0,51.0,450.0,389.0,419.5874,223.7109,0.6964,0.6978,0.824,0.0143,11.9675,14.1922,31.0,336,0,0,0
1305,43.5,1,1,,11260.0,1,392.0,52.0,450.0,388.0,419.6475,223.85,0.6955,0.6989,0.821,0.015,12.0057,14.1878,31.0,334,0,0,0
1306,43.5333,1,1,,11227.0,1,393.0,52.0,450.0,388.0,419.6836,223.5761,0.7053,0.7087,0.8216,0.0145,12.027,14.1388,31.0,334,0,0,0
1307,43.5667,1,1,,11230.0,1,392.0,51.0,450.0,388.0,419.728,223.889,0.6924,0.6941,0.8249,0.0155,12.087,14.0899,31.0,335,0,0,0
1308,43.6,1,1,,11232.0,1,390.0,52.0,450.0,388.0,419.751,224.1257,0.6662,0.669,0.8277,0.0164,12.1391,14.053,31.0,334,0,0,0
1309,43.6333,1,1,,11237.0,1,392.0,52.0,450.0,388.0,419.8255,224.0004,0.6883,0.6913,0.829,0.0164,12.1991,14.0458,31.0,334,0,0,0
1310,43.6667,1,1,,11233.0,1,389.0,52.0,450.0,388.0,419.7569,224.6132,0.6538,0.6564,0.8299,0.0185,12.3045,14.037,31.0,334,0,0,0
1311,43.7,1,1,,11189.0,1,392.0,52.0,450.0,388.0,419.8284,224.1917,0.6871,0.69,0.8271,0.0179,12.3735,14.0422,31.0,334,0,0,0
1312,43.7333,1,1,,11229.0,1,389.0,52.0,450.0,388.0,419.771,225.1507,0.6531,0.6557,0.8305,0.0209,12.4383,14.0466,31.0,334,0,0,0
1313,43.7667,1,1,,11241.0,1,390.0,52.0,450.0,388.0,419.6784,224.5907,0.6639,0.6666,0.8315,0.0197,12.4952,14.0564,31.0,334,0,0,0
1314,43.8,1,1,,11289.0,1,389.0,52.0,450.0,388.0,419.6202,225.2969,0.6531,0.6556,0.8351,0.022,12.5211,14.0652,31.0,334,0,0,0
1315,43.8333,1,1,,11283.0,1,389.0,52.0,450.0,388.0,419.6569,225.3438,0.6526,0.6551,0.8355,0.0224,12.5738,14.0599,31.0,334,0,0,0
1316,43.8667,1,1,,11286.0,1,388.0,52.0,451.0,388.0,419.6807,225.8324,0.6309,0.6332,0.8372,0.0239,13.6424,14.0404,31.0,334,0,0,0
1317,43.9,0,1,mask_escaped_box,11038.0,1,394.0,52.0,452.0,388.0,420.774,225.033,0.6821,0.6848,0.8222,0.0231,14.7209,13.9853,31.0,334,1,1,1
1318,43.9333,0,1,mask_escaped_box,11069.0,1,393.0,52.0,452.0,388.0,420.7984,225.4046,0.6668,0.6695,0.829,0.0243,14.8108,13.911,31.0,334,0,0,2
1319,43.9667,0,1,mask_escaped_box,11099.0,1,393.0,52.0,452.0,388.0,420.7982,225.6405,0.663,0.6657,0.836,0.025,14.9115,13.833,31.0,334,0,0,3
1320,44.0,0,0,no_track,,,,,,,,,,,,,,,,,,,
1321,44.0333,0,0,no_track,,,,,,,,,,,,,,,,,,,
1322,44.0667,0,0,no_track,,,,,,,,,,,,,,,,,,,
1323,44.1,1,1,,9995.0,1,399.0,51.0,442.0,386.0,420.4047,216.538,0.8536,0.8783,0.7649,0.0096,5.1816,13.6218,29.0,333,1,1,0
1324,44.1333,1,1,,10652.0,1,396.0,52.0,443.0,387.0,419.6063,221.0929,0.8186,0.8232,0.8163,0.0122,6.1746,13.6031,31.0,333,0,0,0
1325,44.1667,1,1,,10634.0,1,396.0,52.0,442.0,387.0,419.5789,220.9298,0.8359,0.8407,0.8152,0.0118,5.144,13.5987,31.0,333,0,0,0
1326,44.2,1,1,,10619.0,1,396.0,52.0,442.0,387.0,419.5473,220.6602,0.8362,0.841,0.8137,0.011,5.1071,13.604,31.0,333,0,0,0
1327,44.2333,1,1,,10622.0,1,396.0,52.0,442.0,387.0,419.5337,220.8619,0.8367,0.8417,0.8133,0.0115,5.0606,13.6149,31.0,333,0,0,0
1328,44.2667,1,1,,10639.0,1,396.0,52.0,442.0,387.0,419.5634,220.8654,0.8376,0.8426,0.8136,0.0116,5.0207,13.6316,31.0,333,0,0,0
1329,44.3,1,1,,10652.0,1,396.0,51.0,442.0,387.0,419.4923,220.9004,0.8404,0.8433,0.8139,0.0116,4.9885,13.6429,31.0,334,0,0,0
1330,44.3333,1,1,,10691.0,1,396.0,52.0,442.0,387.0,419.4409,221.1876,0.8357,0.8408,0.8193,0.0122,4.9671,13.6027,31.0,333,0,0,0
1331,44.3667,1,1,,10698.0,1,395.0,52.0,442.0,387.0,419.4247,221.4059,0.8154,0.8202,0.8224,0.0128,4.9947,13.5587,31.0,333,0,0,0
1332,44.4,1,1,,10733.0,1,394.0,52.0,442.0,387.0,419.3915,221.9891,0.7961,0.8007,0.8277,0.0142,5.0606,13.5158,31.0,333,0,0,0
1333,44.4333,1,1,,10724.0,1,394.0,52.0,442.0,387.0,419.3938,222.2163,0.7948,0.7994,0.8284,0.0149,5.1235,13.4931,31.0,333,0,0,0
1334,44.4667,1,1,,10775.0,1,394.0,52.0,442.0,387.0,419.2996,222.897,0.794,0.7985,0.8333,0.0167,5.1795,13.4781,31.0,333,0,0,0
1335,44.5,1,1,,10777.0,1,394.0,52.0,443.0,387.0,419.2904,223.0332,0.7767,0.7809,0.835,0.0171,6.2724,13.4565,31.0,333,0,0,0
1336,44.5333,1,1,,10822.0,1,393.0,52.0,443.0,387.0,419.184,223.6757,0.7606,0.7647,0.8391,0.019,6.3532,13.449,31.0,333,0,0,0
1337,44.5667,1,1,,10844.0,1,393.0,52.0,443.0,387.0,419.1907,223.6655,0.7607,0.7647,0.8407,0.0192,6.4363,13.454,31.0,333,0,0,0
1338,44.6,1,1,,10863.0,1,393.0,52.0,443.0,387.0,419.1797,223.8021,0.7602,0.7642,0.8428,0.0195,6.5421,13.4432,31.0,333,0,0,0
1339,44.6333,1,1,,10865.0,1,392.0,52.0,443.0,387.0,419.2073,223.9081,0.745,0.7488,0.8435,0.0197,6.6064,13.4307,32.0,333,0,0,0
1340,44.6667,1,1,,10897.0,1,392.0,52.0,443.0,387.0,419.1522,223.9938,0.7444,0.7482,0.8467,0.0196,6.633,13.4121,31.0,333,0,0,0
1341,44.7,1,1,,10898.0,1,392.0,52.0,444.0,387.0,419.1925,224.1191,0.7299,0.7336,0.8471,0.0197,7.6411,13.399,32.0,333,0,0,0
1342,44.7333,1,1,,10924.0,1,392.0,52.0,444.0,387.0,419.1599,224.2449,0.7314,0.735,0.8475,0.0197,7.661,13.4168,32.0,333,0,0,0
1343,44.7667,1,1,,10934.0,1,391.0,52.0,444.0,387.0,419.1512,224.6461,0.7191,0.7225,0.8468,0.0205,7.6638,13.433,32.0,333,0,0,0
1344,44.8,1,1,,10964.0,1,391.0,52.0,444.0,387.0,419.1406,225.0172,0.72,0.7234,0.848,0.0212,7.6579,13.4437,32.0,333,0,0,0
1345,44.8333,1,1,,10974.0,1,391.0,52.0,444.0,387.0,419.151,225.1194,0.7207,0.7239,0.8487,0.0211,7.6467,13.4469,32.0,333,0,0,0
1346,44.8667,1,1,,10976.0,1,391.0,52.0,444.0,387.0,419.1621,225.2259,0.7207,0.7238,0.8492,0.0214,7.6424,13.446,32.0,333,0,0,0
1347,44.9,1,1,,10977.0,1,391.0,52.0,444.0,387.0,419.1785,225.3142,0.7204,0.7233,0.85,0.0217,7.635,13.4418,32.0,333,0,0,0
1348,44.9333,1,1,,10870.0,1,394.0,52.0,445.0,387.0,420.043,223.8081,0.7481,0.7512,0.8423,0.0186,8.6301,13.4385,31.0,333,0,0,0
1349,44.9667,1,1,,10875.0,1,394.0,52.0,445.0,387.0,420.041,223.8113,0.7476,0.7507,0.8432,0.0188,8.631,13.4335,31.0,333,0,0,0
1350,45.0,1,1,,11017.0,1,394.0,52.0,444.0,387.0,419.6577,222.4912,0.762,0.7652,0.8547,0.0149,7.6331,13.4297,32.0,333,0,0,0
1351,45.0333,1,1,,11019.0,1,394.0,52.0,444.0,387.0,419.6457,222.2488,0.7548,0.7577,0.8639,0.0136,7.3447,13.3036,32.0,333,0,0,0
1352,45.0667,1,1,,11018.0,1,394.0,52.0,443.0,387.0,419.6403,222.2171,0.7638,0.7665,0.8715,0.0134,6.1757,13.2014,32.0,333,0,0,0
1353,45.1,1,1,,11017.0,1,394.0,52.0,443.0,387.0,419.6484,222.131,0.7585,0.7611,0.8779,0.0134,6.1088,13.1204,32.0,333,0,0,0
1354,45.1333,1,1,,11018.0,1,394.0,52.0,443.0,387.0,419.647,222.2061,0.7543,0.7568,0.8829,0.0139,6.1116,13.0598,32.0,333,0,0,0
1355,45.1667,1,1,,11018.0,1,394.0,52.0,443.0,387.0,419.626,222.042,0.7511,0.7536,0.8868,0.0138,6.1603,13.0142,32.0,333,0,0,0
1356,45.2,1,1,,11006.0,1,394.0,52.0,443.0,387.0,419.6168,221.9598,0.7486,0.7511,0.8887,0.014,6.228,12.981,32.0,333,0,0,0
1357,45.2333,1,1,,11021.0,1,394.0,52.0,443.0,387.0,419.5948,221.9452,0.7468,0.7493,0.892,0.0142,6.2966,12.9576,32.0,333,0,0,0
1358,45.2667,1,1,,11058.0,1,394.0,52.0,443.0,387.0,419.5591,221.8217,0.7455,0.748,0.8966,0.0141,6.3552,12.9404,32.0,333,0,0,0
1359,45.3,1,1,,11043.0,1,394.0,52.0,443.0,387.0,419.5896,221.7918,0.7445,0.7471,0.8965,0.0143,6.3923,12.93,32.0,333,0,0,0
1360,45.3333,1,1,,11077.0,1,394.0,52.0,443.0,387.0,419.4864,221.9522,0.7447,0.7472,0.899,0.0148,6.3695,12.937,32.0,333,0,0,0
1361,45.3667,1,1,,11076.0,1,394.0,52.0,443.0,387.0,419.5063,221.8301,0.7449,0.7474,0.8987,0.0145,6.3425,12.9423,32.0,333,0,0,0
1362,45.4,1,1,,11072.0,1,394.0,52.0,443.0,387.0,419.4546,221.7797,0.7451,0.7476,0.8981,0.0144,6.3278,12.9475,32.0,333,0,0,0
1363,45.4333,1,1,,11105.0,1,394.0,52.0,443.0,387.0,419.4183,221.9188,0.7457,0.7482,0.9001,0.0148,6.3177,12.9576,32.0,333,0,0,0
1364,45.4667,1,1,,11128.0,1,394.0,52.0,443.0,387.0,419.3377,221.9537,0.7464,0.7489,0.9011,0.0148,6.3397,12.9686,32.0,333,0,0,0
1365,45.5,1,1,,11145.0,1,394.0,52.0,443.0,387.0,419.31,222.0223,0.7474,0.7499,0.9013,0.0149,6.3709,12.9845,32.0,333,0,0,0
1366,45.5333,1,1,,11164.0,1,394.0,52.0,443.0,387.0,419.2401,222.0215,0.7484,0.751,0.9016,0.0149,6.3879,13.0014,32.0,333,0,0,0
1367,45.5667,1,1,,11148.0,1,394.0,52.0,443.0,387.0,419.2521,222.1289,0.7486,0.7511,0.9001,0.0152,6.4331,13.0036,32.0,333,0,0,0
1368,45.6,1,1,,11134.0,1,394.0,52.0,443.0,387.0,419.2698,221.9047,0.7484,0.751,0.899,0.0147,6.4596,13.0015,32.0,333,0,0,0
1369,45.6333,1,1,,11138.0,1,394.0,52.0,443.0,387.0,419.2412,221.9499,0.7482,0.7508,0.8994,0.0148,6.4757,12.9983,32.0,333,0,0,0
1370,45.6667,1,1,,11131.0,1,394.0,52.0,443.0,387.0,419.2755,222.0617,0.7479,0.7506,0.899,0.0152,6.5004,12.9933,32.0,333,0,0,0
1371,45.7,1,1,,11143.0,1,394.0,52.0,443.0,387.0,419.2189,222.1854,0.7471,0.7499,0.9008,0.0154,6.5712,12.9776,32.0,333,0,0,0
1372,45.7333,1,1,,11151.0,1,394.0,52.0,443.0,387.0,419.195,222.0603,0.7469,0.7496,0.9018,0.0149,6.6405,12.9685,32.0,333,0,0,0
1373,45.7667,1,1,,11184.0,1,394.0,52.0,443.0,387.0,419.1475,222.3171,0.7466,0.7494,0.9048,0.0155,6.7006,12.9593,32.0,333,0,0,0
1374,45.8,1,1,,11190.0,1,394.0,52.0,443.0,387.0,419.1515,222.1964,0.7465,0.7492,0.9055,0.015,6.7342,12.9525,32.0,333,0,0,0
1375,45.8333,1,1,,11181.0,1,394.0,52.0,443.0,387.0,419.1724,222.0944,0.7456,0.7483,0.9059,0.0147,6.7956,12.9352,32.0,333,0,0,0
1376,45.8667,1,1,,11178.0,1,394.0,52.0,443.0,387.0,419.1812,222.0205,0.7449,0.7476,0.9066,0.0144,6.8323,12.922,32.0,333,0,0,0
1377,45.9,1,1,,11177.0,1,394.0,52.0,443.0,387.0,419.1692,222.0099,0.7445,0.7471,0.9072,0.0144,6.8368,12.9136,32.0,333,0,0,0
1378,45.9333,1,1,,11184.0,1,394.0,52.0,443.0,387.0,419.172,222.0257,0.7442,0.7468,0.9081,0.0144,6.8201,12.9092,32.0,333,0,0,0
1379,45.9667,1,1,,11200.0,1,394.0,52.0,443.0,387.0,419.1371,222.0674,0.7441,0.7466,0.9096,0.0145,6.7797,12.9069,32.0,333,0,0,0
1380,46.0,1,1,,11194.0,1,394.0,52.0,443.0,387.0,419.1727,222.1299,0.7443,0.7469,0.9089,0.0146,6.7296,12.9107,32.0,333,0,0,0
1381,46.0333,1,1,,11192.0,1,394.0,52.0,443.0,387.0,419.1796,222.1552,0.7447,0.7472,0.9082,0.0146,6.6731,12.917,32.0,333,0,0,0
1382,46.0667,1,1,,11196.0,1,394.0,52.0,443.0,386.0,419.1777,222.1676,0.7469,0.7495,0.9085,0.0146,6.6179,12.9169,32.0,332,0,0,0
1383,46.1,1,1,,11215.0,1,394.0,52.0,443.0,386.0,419.1148,222.0454,0.747,0.7496,0.91,0.0141,6.587,12.9172,32.0,332,0,0,0
1384,46.1333,1,1,,11218.0,1,394.0,52.0,444.0,386.0,419.1264,222.148,0.7322,0.7347,0.91,0.0145,7.632,12.92,32.0,332,0,0,0
1385,46.1667,1,1,,11228.0,1,394.0,52.0,444.0,386.0,419.071,222.3207,0.7323,0.7349,0.9106,0.0151,7.6671,12.9225,32.0,332,0,0,0
1386,46.2,1,1,,11264.0,1,394.0,52.0,444.0,386.0,419.0087,222.4196,0.7327,0.7359,0.9112,0.0152,7.7085,12.9211,32.0,332,0,0,0
1387,46.2333,1,1,,11262.0,1,394.0,52.0,444.0,386.0,419.0033,222.3126,0.7341,0.7378,0.908,0.0139,7.7334,12.9189,32.0,332,0,0,0
1388,46.2667,1,1,,11282.0,1,394.0,52.0,444.0,386.0,418.9944,222.357,0.7329,0.7381,0.9066,0.0127,7.756,12.916,32.0,332,0,0,0
1389,46.3,1,1,,11300.0,1,394.0,52.0,444.0,386.0,418.9756,222.6266,0.7293,0.7361,0.9077,0.0122,7.9015,12.8815,32.0,332,0,0,0
1390,46.3333,1,1,,11325.0,1,394.0,52.0,444.0,386.0,418.9333,222.842,0.7263,0.7344,0.9096,0.0118,8.0195,12.8515,32.0,332,0,0,0
1391,46.3667,1,1,,11351.0,1,393.0,52.0,444.0,386.0,418.8811,223.1691,0.7098,0.7185,0.9119,0.0118,8.1063,12.8251,32.0,332,0,0,0
1392,46.4,1,1,,11348.0,1,393.0,52.0,444.0,386.0,418.842,223.1258,0.7081,0.7174,0.9119,0.0109,8.1567,12.8054,32.0,332,0,0,0
1393,46.4333,1,1,,11349.0,1,393.0,52.0,444.0,386.0,418.8335,223.1279,0.708,0.7178,0.9108,0.0104,8.1209,12.8124,32.0,332,0,0,0
1394,46.4667,1,1,,11360.0,1,393.0,52.0,444.0,386.0,418.839,223.1651,0.7085,0.7185,0.9104,0.0101,8.0686,12.8247,33.0,332,0,0,0
1395,46.5,1,1,,11389.0,1,391.0,52.0,444.0,386.0,418.7818,223.4964,0.6855,0.6949,0.9079,0.0107,8.2966,12.8903,33.0,332,0,0,0
1396,46.5333,1,1,,11386.0,1,392.0,52.0,444.0,386.0,418.7889,223.4516,0.7029,0.7128,0.9018,0.0104,7.6678,12.9739,33.0,332,0,0,0
1397,46.5667,1,1,,11395.0,1,391.0,52.0,444.0,386.0,418.7867,223.4156,0.6934,0.703,0.8981,0.0102,8.2201,13.0401,33.0,332,0,0,0
1398,46.6,1,1,,11443.0,1,391.0,52.0,443.0,386.0,418.71,223.4629,0.7093,0.7191,0.8988,0.0104,8.1807,13.088,33.0,332,0,0,0
1399,46.6333,1,1,,11435.0,1,392.0,52.0,443.0,386.0,418.7041,223.3325,0.7254,0.7356,0.8956,0.0101,7.1635,13.1304,33.0,332,0,0,0
1400,46.6667,1,1,,11198.0,1,397.0,51.0,441.0,386.0,418.8648,220.2458,0.843,0.8544,0.8753,0.0028,4.2462,13.1575,32.0,333,1,0,0
1401,46.7,1,1,,11169.0,1,395.0,52.0,439.0,386.0,418.1986,220.6314,0.8416,0.8552,0.8723,0.0022,4.1697,13.1699,32.0,332,0,0,0
1402,46.7333,1,1,,11167.0,1,395.0,52.0,439.0,386.0,418.1901,220.6531,0.8412,0.8549,0.8723,0.0022,4.1742,13.1649,32.0,332,0,0,0
1403,46.7667,1,1,,11172.0,1,394.0,52.0,439.0,386.0,418.1549,220.81,0.8221,0.8352,0.8733,0.0026,5.181,13.1546,32.0,332,0,0,0
1404,46.8,1,1,,11163.0,1,394.0,52.0,439.0,386.0,418.132,220.8116,0.8211,0.8344,0.8732,0.0026,5.1924,13.142,32.0,332,0,0,0
1405,46.8333,1,1,,11156.0,1,394.0,52.0,439.0,386.0,418.1242,220.8619,0.8197,0.8331,0.8738,0.0027,5.2023,13.1217,32.0,332,0,0,0
1406,46.8667,1,1,,11133.0,1,395.0,52.0,439.0,386.0,418.1158,220.7282,0.836,0.8501,0.8738,0.0023,4.2504,13.0912,32.0,332,0,0,0
1407,46.9,1,1,,11131.0,1,395.0,52.0,439.0,386.0,418.1437,220.7917,0.8343,0.8484,0.8752,0.0024,4.29,13.0661,32.0,332,0,0,0
1408,46.9333,1,1,,11160.0,1,396.0,52.0,439.0,386.0,418.1787,220.6805,0.8529,0.8679,0.8776,0.0021,3.2711,13.0612,32.0,332,0,0,0
1409,46.9667,1,1,,11132.0,1,395.0,52.0,439.0,386.0,418.1155,220.7807,0.8339,0.8484,0.8749,0.0023,4.2639,13.0652,32.0,332,0,0,0
1410,47.0,1,1,,11143.0,1,395.0,52.0,439.0,386.0,418.1346,220.6641,0.8337,0.8483,0.8756,0.0019,4.3013,13.0646,32.0,332,0,0,0
1411,47.0333,1,1,,11142.0,1,395.0,52.0,439.0,386.0,418.0884,220.7728,0.8346,0.8496,0.874,0.0021,4.3412,13.0831,32.0,332,0,0,0
1412,47.0667,1,1,,11144.0,1,396.0,52.0,439.0,386.0,418.1377,220.6445,0.8561,0.872,0.8713,0.0016,3.3715,13.1239,32.0,332,0,0,0
1413,47.1,1,1,,11130.0,1,395.0,52.0,439.0,386.0,418.0696,220.7387,0.8389,0.8543,0.8678,0.0018,4.3778,13.1566,32.0,332,0,0,0
1414,47.1333,1,1,,11112.0,1,396.0,52.0,439.0,386.0,418.0856,220.4168,0.8588,0.8753,0.8649,0.0007,3.3975,13.1737,32.0,332,0,0,0
1415,47.1667,1,1,,11123.0,1,395.0,52.0,439.0,386.0,418.0389,220.505,0.8403,0.8563,0.8647,0.0009,4.4014,13.1868,32.0,332,0,0,0
1416,47.2,1,1,,11141.0,1,396.0,52.0,439.0,386.0,418.0646,220.6019,0.8608,0.8778,0.8643,0.001,3.4076,13.2104,32.0,332,0,0,0
1417,47.2333,1,1,,11138.0,1,396.0,52.0,439.0,386.0,418.0722,220.5296,0.8617,0.8789,0.8627,0.0009,3.418,13.2275,32.0,332,0,0,0
1418,47.2667,1,1,,11148.0,1,397.0,52.0,440.0,385.0,418.9791,220.2749,0.8601,0.8799,0.8623,0.0019,2.7438,13.2426,32.0,331,0,0,0
1419,47.3,1,1,,11155.0,1,396.0,52.0,439.0,386.0,418.1268,220.5069,0.8626,0.8803,0.8621,0.0007,3.4122,13.2491,32.0,332,0,0,0
1420,47.3333,1,1,,11244.0,1,396.0,52.0,439.0,386.0,418.6663,220.2685,0.8618,0.8799,0.8691,0.001,3.4151,13.2419,33.0,332,0,0,0
1421,47.3667,1,1,,11292.0,1,397.0,52.0,439.0,386.0,418.5926,220.3328,0.881,0.9001,0.8732,0.0008,2.426,13.2319,33.0,332,0,0,0
1422,47.4,1,1,,11269.0,1,397.0,52.0,439.0,386.0,418.5648,220.2783,0.8803,0.8997,0.8714,0.0008,2.4379,13.226,33.0,332,0,0,0
1423,47.4333,1,1,,11306.0,1,397.0,52.0,439.0,386.0,418.5648,220.513,0.881,0.9008,0.873,0.0005,2.4743,13.2412,33.0,332,0,0,0
1424,47.4667,1,1,,11335.0,1,397.0,52.0,439.0,386.0,418.5466,220.6042,0.885,0.9016,0.8779,0.001,2.5422,13.2541,33.0,332,0,0,0
1425,47.5,1,1,,11355.0,1,397.0,52.0,439.0,386.0,418.5576,220.5625,0.89,0.9024,0.8835,0.0026,2.582,13.2649,33.0,332,0,0,0
1426,47.5333,1,1,,11386.0,1,396.0,52.0,439.0,386.0,418.5824,220.6591,0.875,0.8826,0.8895,0.0051,3.587,13.2829,33.0,332,0,0,0
1427,47.5667,1,1,,11403.0,1,396.0,52.0,439.0,386.0,418.5677,220.5763,0.8799,0.8839,0.8937,0.007,3.5738,13.3021,33.0,332,0,0,0
1428,47.6,1,1,,11407.0,1,396.0,52.0,439.0,386.0,418.5964,220.6467,0.8779,0.8818,0.8962,0.0092,3.5531,13.3197,33.0,332,0,0,0
1429,47.6333,1,1,,11402.0,1,396.0,52.0,439.0,386.0,418.6341,220.7232,0.876,0.88,0.8975,0.011,3.5324,13.3323,33.0,332,0,0,0
1430,47.6667,1,1,,11415.0,1,396.0,52.0,439.0,386.0,418.7282,220.7327,0.8737,0.8778,0.9006,0.0121,3.5294,13.3268,33.0,332,0,0,0
1431,47.7,1,1,,11412.0,1,396.0,52.0,439.0,386.0,418.8004,220.5055,0.872,0.8762,0.9019,0.0122,3.5277,13.3196,33.0,332,0,0,0
1432,47.7333,1,1,,11394.0,1,397.0,52.0,440.0,386.0,418.8784,220.3775,0.8709,0.8752,0.9014,0.0122,3.5284,13.3125,33.0,332,0,0,0
1433,47.7667,1,1,,11379.0,1,397.0,52.0,440.0,385.0,418.921,220.3017,0.8729,0.8773,0.9007,0.0121,2.5759,13.306,33.0,331,0,0,0
1434,47.8,1,1,,11379.0,1,397.0,52.0,440.0,385.0,418.9728,220.3934,0.8724,0.8768,0.9012,0.0123,2.5342,13.2958,33.0,331,0,0,0
1435,47.8333,1,1,,11363.0,1,397.0,52.0,440.0,385.0,419.0155,220.3613,0.8714,0.8759,0.9008,0.0121,2.5814,13.2758,33.0,331,0,0,0
1436,47.8667,1,1,,11344.0,1,397.0,52.0,440.0,385.0,419.0917,220.2291,0.8674,0.8728,0.9012,0.011,2.9359,13.1896,33.0,331,0,0,0
1437,47.9,1,1,,11393.0,1,396.0,52.0,439.0,386.0,418.2741,220.3525,0.8635,0.8695,0.905,0.0092,3.3293,13.1186,33.0,332,0,0,0
1438,47.9333,1,1,,11405.0,1,395.0,52.0,439.0,386.0,418.3071,220.5005,0.8406,0.8483,0.905,0.0074,4.3252,13.0642,33.0,332,0,0,0
1439,47.9667,1,1,,11374.0,1,395.0,52.0,439.0,386.0,418.2609,220.7324,0.8348,0.8455,0.9018,0.0061,4.3659,13.02,33.0,332,0,0,0
1440,48.0,1,1,,11369.0,1,396.0,52.0,439.0,386.0,418.3003,220.6816,0.8498,0.8632,0.9007,0.0044,3.3888,12.9904,33.0,332,0,0,0
1441,48.0333,1,1,,11354.0,1,396.0,52.0,439.0,386.0,418.3018,220.7058,0.8457,0.8607,0.9,0.0033,3.4271,12.9531,33.0,332,0,0,0
1442,48.0667,1,1,,11337.0,1,396.0,52.0,439.0,386.0,418.2891,220.6327,0.843,0.859,0.899,0.0023,3.463,12.9279,33.0,332,0,0,0
1443,48.1,1,1,,11312.0,1,396.0,52.0,439.0,386.0,418.2892,220.766,0.8401,0.8567,0.8986,0.0021,3.4979,12.894,33.0,332,0,0,0
1444,48.1333,1,1,,11295.0,1,396.0,52.0,439.0,386.0,418.2878,220.6438,0.8373,0.8541,0.8996,0.0015,3.5482,12.854,33.0,332,0,0,0
1445,48.1667,1,1,,11267.0,1,396.0,52.0,439.0,386.0,418.2933,220.6776,0.8341,0.8509,0.9008,0.0016,3.5753,12.8056,33.0,332,0,0,0
1446,48.2,1,1,,11255.0,1,396.0,52.0,439.0,386.0,418.2979,220.6272,0.8315,0.848,0.9031,0.0016,3.6178,12.7621,33.0,332,0,0,0
1447,48.2333,1,1,,11260.0,1,396.0,52.0,439.0,386.0,418.2885,220.5692,0.8261,0.8421,0.9101,0.0017,3.7128,12.6734,33.0,332,0,0,0
1448,48.2667,1,1,,11254.0,1,396.0,52.0,439.0,386.0,418.2974,220.5476,0.8209,0.8364,0.9162,0.0019,3.8366,12.5877,33.0,332,0,0,0
1449,48.3,1,1,,11246.0,1,396.0,52.0,439.0,386.0,418.2996,220.6392,0.8171,0.8322,0.9205,0.0022,3.9354,12.5241,33.0,332,0,0,0
1450,48.3333,1,1,,11252.0,1,396.0,52.0,439.0,386.0,418.2911,220.6056,0.8146,0.8294,0.9243,0.0023,4.0026,12.4828,33.0,332,0,0,0
1451,48.3667,1,1,,11248.0,1,396.0,52.0,439.0,386.0,418.2966,220.5792,0.8133,0.8279,0.9259,0.0023,4.0632,12.4596,33.0,332,0,0,0
1452,48.4,1,1,,11230.0,1,396.0,52.0,439.0,386.0,418.3119,220.6406,0.8129,0.8273,0.9252,0.0025,4.0851,12.4516,33.0,332,0,0,0
1453,48.4333,1,1,,11234.0,1,396.0,52.0,439.0,386.0,418.3137,220.6369,0.8133,0.8277,0.9251,0.0025,4.1056,12.4574,33.0,332,0,0,0
1454,48.4667,1,1,,11215.0,1,397.0,52.0,439.0,386.0,418.3,220.5578,0.8329,0.8481,0.9228,0.0023,3.2704,12.4674,33.0,332,0,0,0
1455,48.5,1,1,,11216.0,1,397.0,52.0,439.0,386.0,418.2922,220.6334,0.8339,0.8491,0.9218,0.0024,3.236,12.4819,33.0,332,0,0,0
1456,48.5333,1,1,,11215.0,1,397.0,52.0,439.0,386.0,418.2815,220.612,0.8375,0.8529,0.9176,0.0022,3.14,12.5369,33.0,332,0,0,0
1457,48.5667,1,1,,11213.0,1,397.0,52.0,439.0,386.0,418.2681,220.5688,0.8399,0.8554,0.9148,0.0019,3.1819,12.574,33.0,332,0,0,0
1458,48.6,1,1,,11217.0,1,397.0,52.0,439.0,386.0,418.2963,220.4478,0.8414,0.8569,0.9135,0.0015,3.2375,12.596,33.0,332,0,0,0
1459,48.6333,1,1,,11222.0,1,397.0,52.0,439.0,386.0,418.2763,220.5668,0.8428,0.8583,0.9124,0.0019,3.3091,12.6174,33.0,332,0,0,0
1460,48.6667,1,1,,11209.0,1,397.0,52.0,438.0,386.0,418.2531,220.5794,0.8639,0.8801,0.9105,0.002,3.3532,12.63,33.0,332,0,0,0
1461,48.7,1,1,,11211.0,1,397.0,52.0,438.0,386.0,418.2594,220.6327,0.8639,0.8802,0.9107,0.0022,3.3916,12.6304,33.0,332,0,0,0
1462,48.7333,1,1,,11200.0,1,397.0,52.0,438.0,386.0,418.2643,220.6635,0.8639,0.8801,0.91,0.0023,3.4057,12.6292,33.0,332,0,0,0
1463,48.7667,1,1,,11236.0,1,398.0,52.0,439.0,385.0,419.0399,220.7354,0.8617,0.8801,0.9129,0.003,2.5085,12.6292,32.0,331,0,0,0
1464,48.8,1,1,,11263.0,1,397.0,52.0,438.0,386.0,418.2879,220.5372,0.8634,0.8796,0.9155,0.002,3.4347,12.6225,33.0,332,0,0,0
1465,48.8333,1,1,,11324.0,1,397.0,52.0,439.0,385.0,418.7464,220.9644,0.8406,0.8583,0.9206,0.0032,3.4505,12.6174,33.0,331,0,0,0
1466,48.8667,1,1,,11352.0,1,397.0,52.0,439.0,385.0,418.6933,220.7778,0.8399,0.8579,0.9232,0.0025,3.4823,12.6105,33.0,331,0,0,0
1467,48.9,1,1,,11351.0,1,397.0,52.0,439.0,385.0,418.6861,220.7792,0.8401,0.8583,0.9224,0.0022,3.5213,12.6163,33.0,331,0,0,0
1468,48.9333,1,1,,11372.0,1,397.0,52.0,439.0,385.0,418.6823,220.9056,0.8404,0.8587,0.9234,0.0024,3.5699,12.6233,33.0,331,0,0,0
1469,48.9667,1,1,,11380.0,1,397.0,52.0,439.0,385.0,418.7006,220.757,0.8405,0.859,0.9235,0.0018,3.6152,12.6275,33.0,331,0,0,0
1470,49.0,1,1,,11406.0,1,397.0,52.0,439.0,385.0,418.6772,220.925,0.8407,0.8593,0.9252,0.0022,3.6488,12.6318,33.0,331,0,0,0
1471,49.0333,1,1,,11442.0,1,397.0,52.0,439.0,385.0,418.7201,220.7962,0.8408,0.8595,0.9278,0.0016,3.6628,12.6349,33.0,331,0,0,0
1472,49.0667,1,1,,11452.0,1,397.0,52.0,439.0,385.0,418.7932,220.7059,0.8407,0.8594,0.9287,0.0013,3.6566,12.6335,33.0,331,0,0,0
1473,49.1,1,1,,11462.0,1,397.0,52.0,439.0,385.0,418.7418,220.68,0.8404,0.8592,0.9297,0.0011,3.6456,12.6297,33.0,331,0,0,0
1474,49.1333,1,1,,11479.0,1,397.0,52.0,439.0,385.0,418.7608,220.6832,0.8398,0.8586,0.9315,0.001,3.6532,12.6217,33.0,331,0,0,0
1475,49.1667,1,1,,11486.0,1,397.0,52.0,439.0,385.0,418.7688,220.6915,0.8392,0.8581,0.9326,0.001,3.6633,12.614,33.0,331,0,0,0
1476,49.2,1,1,,11492.0,1,397.0,52.0,439.0,385.0,418.7838,220.716,0.8373,0.8562,0.9351,0.001,3.6944,12.5861,33.0,331,0,0,0
1477,49.2333,1,1,,11498.0,1,397.0,52.0,439.0,385.0,418.7925,220.719,0.8356,0.8544,0.9374,0.0009,3.7225,12.5604,33.0,331,0,0,0
1478,49.2667,1,1,,11496.0,1,397.0,52.0,439.0,385.0,418.8132,220.7289,0.8342,0.853,0.9388,0.001,3.7547,12.5396,33.0,331,0,0,0
1479,49.3,1,1,,11490.0,1,397.0,52.0,439.0,385.0,418.8055,220.8506,0.8329,0.8516,0.9399,0.0013,3.7949,12.5185,33.0,331,0,0,0
1480,49.3333,1,1,,11493.0,1,397.0,52.0,439.0,385.0,418.8165,220.8952,0.8304,0.8488,0.9434,0.0015,3.8599,12.478,33.0,331,0,0,0
1481,49.3667,1,1,,11490.0,1,397.0,52.0,439.0,385.0,418.8075,220.9138,0.8281,0.8462,0.9464,0.0016,3.9375,12.4392,33.0,331,0,0,0
1482,49.4,1,1,,11487.0,1,397.0,52.0,439.0,386.0,418.8026,220.9226,0.8283,0.844,0.9489,0.0017,4.0049,12.4073,33.0,332,0,0,0
1483,49.4333,1,1,,11479.0,1,397.0,52.0,439.0,386.0,418.8158,220.9846,0.8268,0.8419,0.9511,0.0021,4.0792,12.3766,33.0,332,0,0,0
1484,49.4667,1,1,,11482.0,1,397.0,52.0,439.0,386.0,418.7988,220.9984,0.825,0.8396,0.9546,0.0025,4.1323,12.3427,33.0,332,0,0,0
1485,49.5,1,1,,11484.0,1,397.0,52.0,439.0,386.0,418.7909,221.0123,0.8237,0.8379,0.9574,0.0029,4.1743,12.3166,33.0,332,0,0,0
1486,49.5333,1,1,,11500.0,1,397.0,52.0,439.0,386.0,418.7668,221.1861,0.8224,0.8361,0.9612,0.0037,4.2291,12.2912,33.0,332,0,0,0
1487,49.5667,1,1,,11494.0,1,397.0,52.0,439.0,386.0,418.7846,221.1361,0.8215,0.8348,0.9629,0.0035,4.276,12.271,33.0,332,0,0,0
1488,49.6,1,1,,11507.0,1,397.0,52.0,439.0,386.0,418.7601,221.1988,0.8207,0.8335,0.966,0.0037,4.304,12.2526,33.0,332,0,0,0
1489,49.6333,1,1,,11535.0,1,397.0,52.0,439.0,386.0,418.757,221.1476,0.8204,0.8328,0.9697,0.0037,4.3144,12.2424,33.0,332,0,0,0
1490,49.6667,1,1,,11528.0,1,397.0,52.0,439.0,386.0,418.7426,221.2189,0.8217,0.8339,0.9683,0.004,4.2203,12.2582,33.0,332,0,0,0
1491,49.7,1,1,,11540.0,1,397.0,52.0,439.0,386.0,418.7516,221.0655,0.8234,0.8352,0.9683,0.0038,4.1116,12.2772,33.0,332,0,0,0
1492,49.7333,1,1,,11544.0,1,397.0,52.0,439.0,385.0,418.7232,221.0186,0.8235,0.8371,0.967,0.004,3.9631,12.3047,33.0,331,0,0,0
1493,49.7667,1,1,,11561.0,1,397.0,52.0,439.0,385.0,418.7241,221.0753,0.8254,0.8386,0.9671,0.0045,3.866,12.3279,33.0,331,0,0,0
1494,49.8,1,1,,11573.0,1,397.0,52.0,439.0,385.0,418.7111,221.1733,0.8269,0.8398,0.9673,0.005,3.8182,12.3454,33.0,331,0,0,0
1495,49.8333,1,1,,11574.0,1,397.0,52.0,439.0,385.0,418.7159,221.1746,0.8319,0.842,0.9688,0.0064,3.9187,12.3773,33.0,331,0,0,0
1496,49.8667,1,1,,11569.0,1,397.0,52.0,439.0,385.0,418.7084,221.1662,0.837,0.8436,0.9715,0.0084,3.9925,12.401,33.0,331,0,0,0
1497,49.9,1,1,,11570.0,1,397.0,52.0,439.0,385.0,418.7095,221.1808,0.8408,0.8444,0.9749,0.0107,4.0348,12.4184,33.0,331,0,0,0
1498,49.9333,1,1,,11558.0,1,397.0,52.0,439.0,385.0,418.6962,221.1846,0.8384,0.8418,0.9769,0.0127,4.0536,12.4317,33.0,331,0,0,0
1499,49.9667,1,1,,11558.0,1,397.0,52.0,439.0,385.0,418.6962,221.1846,0.8363,0.8397,0.9794,0.0143,4.0561,12.4404,33.0,331,0,0,0
1500,50.0,1,1,,11600.0,1,397.0,51.0,440.0,386.0,418.7791,221.0441,0.8149,0.8162,0.9848,0.0151,4.3665,12.4454,33.0,333,0,0,0
1501,50.0333,1,1,,11611.0,1,397.0,51.0,440.0,386.0,418.7706,221.0596,0.8009,0.8021,1.0031,0.0148,4.1467,12.2219,33.0,333,0,0,0
1502,50.0667,1,1,,11630.0,1,397.0,51.0,440.0,386.0,418.7323,221.0289,0.7906,0.7917,1.0179,0.0137,4.3425,12.0393,33.0,333,0,0,0
1503,50.1,1,1,,11610.0,1,397.0,51.0,439.0,386.0,418.7332,221.1406,0.8016,0.8028,1.026,0.0128,4.3847,11.8949,33.0,333,0,0,0
1504,50.1333,1,1,,11246.0,1,399.0,51.0,439.0,385.0,418.9325,219.7556,0.8383,0.8396,1.0007,0.0076,3.8184,11.7851,32.0,332,0,0,0
1505,50.1667,1,1,,11233.0,1,399.0,51.0,439.0,385.0,418.9615,219.5885,0.8345,0.8357,1.0042,0.0062,3.9336,11.7063,32.0,332,0,0,0
1506,50.2,1,1,,11532.0,1,398.0,51.0,439.0,386.0,418.7836,221.195,0.8093,0.8105,1.0341,0.0099,4.0102,11.651,33.0,333,0,0,0
1507,50.2333,1,1,,11524.0,1,398.0,51.0,439.0,386.0,418.7687,221.1839,0.808,0.8092,1.035,0.0092,4.0481,11.6178,33.0,333,0,0,0
1508,50.2667,1,1,,11523.0,1,398.0,51.0,439.0,386.0,418.7561,221.1813,0.807,0.8085,1.0354,0.0087,4.0601,11.6017,33.0,333,0,0,0
1509,50.3,1,1,,11510.0,1,398.0,51.0,439.0,386.0,418.7601,221.253,0.8063,0.8081,1.0341,0.0086,4.0598,11.5969,33.0,333,0,0,0
1510,50.3333,1,1,,11501.0,1,398.0,52.0,439.0,386.0,418.7609,221.2477,0.8035,0.8075,1.0338,0.0084,4.0836,11.5871,33.0,332,0,0,0
1511,50.3667,1,1,,11515.0,1,398.0,51.0,439.0,386.0,418.7555,221.2348,0.805,0.8071,1.0353,0.0083,4.0892,11.5822,33.0,333,0,0,0
1512,50.4,1,1,,11569.0,1,398.0,51.0,440.0,386.0,418.7739,221.1683,0.7855,0.7876,1.0405,0.0081,5.0859,11.5779,33.0,333,0,0,0
1513,50.4333,1,1,,11221.0,1,399.0,51.0,439.0,385.0,418.9051,219.8542,0.8221,0.8264,1.0099,0.0044,4.1117,11.5697,32.0,332,0,0,0
1514,50.4667,1,1,,11525.0,1,398.0,51.0,439.0,386.0,418.7542,221.1864,0.8039,0.8042,1.0428,0.0083,4.1091,11.5403,33.0,333,0,0,0
1515,50.5,1,1,,11523.0,1,398.0,51.0,439.0,386.0,418.7479,221.2182,0.8001,0.8001,1.0485,0.0094,4.1168,11.5176,33.0,333,0,0,0
1516,50.5333,1,1,,11509.0,1,398.0,51.0,439.0,386.0,418.7602,221.3005,0.7963,0.7963,1.0523,0.011,4.1407,11.5038,33.0,333,0,0,0
1517,50.5667,1,1,,11512.0,1,398.0,51.0,439.0,386.0,418.7589,221.3049,0.7937,0.7937,1.056,0.0124,4.1624,11.5017,33.0,333,0,0,0
1518,50.6,1,1,,11511.0,1,398.0,51.0,439.0,386.0,418.7608,221.2842,0.7918,0.7918,1.0584,0.0136,4.1951,11.503,33.0,333,0,0,0
1519,50.6333,1,1,,11513.0,1,398.0,51.0,439.0,386.0,418.7602,221.2213,0.7933,0.7934,1.0562,0.0142,4.2593,11.5192,33.0,333,0,0,0
1520,50.6667,1,1,,11579.0,1,398.0,51.0,440.0,386.0,418.7478,221.0823,0.7761,0.7768,1.0582,0.0135,5.3001,11.5364,33.0,333,0,0,0
1521,50.7,1,1,,11573.0,1,398.0,51.0,439.0,386.0,418.7102,221.1569,0.7974,0.7985,1.0534,0.0129,4.3459,11.5514,33.0,333,0,0,0
1522,50.7333,1,1,,11572.0,1,398.0,51.0,439.0,386.0,418.7115,221.1675,0.8,0.8012,1.0495,0.0119,4.3637,11.5638,33.0,333,0,0,0
1523,50.7667,1,1,,11569.0,1,398.0,51.0,439.0,386.0,418.7103,221.1633,0.8024,0.8037,1.0459,0.0109,4.3642,11.575,33.0,333,0,0,0
1524,50.8,1,1,,11566.0,1,398.0,51.0,439.0,386.0,418.7085,221.1922,0.8046,0.8058,1.0429,0.01,4.3553,11.5847,33.0,333,0,0,0
1525,50.8333,1,1,,11557.0,1,398.0,51.0,439.0,386.0,418.7062,221.2292,0.8066,0.8078,1.0396,0.0094,4.3455,11.5966,33.0,333,0,0,0
1526,50.8667,1,1,,11561.0,1,398.0,51.0,439.0,386.0,418.6977,221.2341,0.8072,0.8089,1.0379,0.0089,4.3352,11.6077,33.0,333,0,0,0
1527,50.9,1,1,,11567.0,1,398.0,51.0,439.0,386.0,418.7004,221.2161,0.8075,0.8097,1.0367,0.0084,4.3165,11.6192,33.0,333,0,0,0
1528,50.9333,1,1,,11571.0,1,398.0,51.0,439.0,386.0,418.6983,221.1646,0.808,0.8105,1.0354,0.0079,4.2933,11.6308,33.0,333,0,0,0
1529,50.9667,1,1,,11570.0,1,398.0,51.0,439.0,386.0,418.7022,221.1904,0.8085,0.8112,1.0342,0.0077,4.2716,11.6402,33.0,333,0,0,0
1530,51.0,1,1,,11564.0,1,398.0,51.0,439.0,386.0,418.7072,221.1852,0.8092,0.8119,1.0326,0.0076,4.2551,11.6512,33.0,333,0,0,0
1531,51.0333,1,1,,11563.0,1,398.0,51.0,439.0,386.0,418.7086,221.1915,0.8099,0.8126,1.0317,0.0077,4.2458,11.6611,33.0,333,0,0,0
1532,51.0667,1,1,,11563.0,1,398.0,51.0,439.0,386.0,418.7085,221.2433,0.8103,0.8129,1.0316,0.0079,4.2635,11.6655,33.0,333,0,0,0
1533,51.1,1,1,,11568.0,1,398.0,51.0,439.0,386.0,418.6811,221.2276,0.8103,0.8127,1.0325,0.008,4.297,11.662,33.0,333,0,0,0
1534,51.1333,1,1,,11571.0,1,398.0,51.0,439.0,386.0,418.6809,221.2166,0.8102,0.8122,1.034,0.0083,4.3179,11.6558,33.0,333,0,0,0
1535,51.1667,1,1,,11565.0,1,398.0,51.0,439.0,386.0,418.6834,221.2387,0.8106,0.8122,1.0343,0.0088,4.3144,11.6545,33.0,333,0,0,0
1536,51.2,1,1,,11573.0,1,398.0,51.0,439.0,386.0,418.6921,221.2114,0.8118,0.8129,1.0347,0.009,4.2588,11.6657,33.0,333,0,0,0
1537,51.2333,1,1,,11571.0,1,398.0,51.0,439.0,386.0,418.6922,221.254,0.8123,0.8134,1.034,0.0095,4.2022,11.679,33.0,333,0,0,0
1538,51.2667,1,1,,11572.0,1,398.0,51.0,439.0,386.0,418.6905,221.2595,0.8126,0.8137,1.0337,0.0098,4.1305,11.6913,33.0,333,0,0,0
1539,51.3,1,1,,11566.0,1,398.0,51.0,439.0,386.0,418.6902,221.2732,0.8125,0.8137,1.033,0.0102,4.0843,11.6993,33.0,333,0,0,0
1540,51.3333,1,1,,11570.0,1,398.0,51.0,439.0,386.0,418.6901,221.3022,0.8126,0.8139,1.033,0.0106,4.0508,11.707,33.0,333,0,0,0
1541,51.3667,1,1,,11559.0,1,398.0,51.0,439.0,386.0,418.6641,221.4267,0.8137,0.8152,1.0301,0.0113,3.9779,11.7318,33.0,333,0,0,0
1542,51.4,1,1,,11558.0,1,398.0,51.0,439.0,386.0,418.6654,221.4517,0.8155,0.8171,1.0275,0.0116,3.8848,11.7635,33.0,333,0,0,0
1543,51.4333,1,1,,11561.0,1,398.0,51.0,439.0,386.0,418.6702,221.377,0.8171,0.8187,1.0255,0.0115,3.8162,11.7897,33.0,333,0,0,0
1544,51.4667,1,1,,11555.0,1,398.0,51.0,439.0,386.0,418.6702,221.4087,0.8184,0.8201,1.0233,0.0117,3.7708,11.81,33.0,333,0,0,0
1545,51.5,1,1,,11555.0,1,398.0,51.0,439.0,386.0,418.6589,221.4265,0.8195,0.8212,1.0219,0.0117,3.7429,11.8263,33.0,333,0,0,0
1546,51.5333,1,1,,11556.0,1,398.0,51.0,439.0,386.0,418.6624,221.4584,0.8207,0.8223,1.0207,0.0118,3.7177,11.8416,33.0,333,0,0,0
1547,51.5667,1,1,,11553.0,1,398.0,51.0,439.0,386.0,418.6551,221.4895,0.8214,0.823,1.0195,0.0119,3.7048,11.8516,33.0,333,0,0,0
1548,51.6,1,1,,11543.0,1,398.0,51.0,439.0,386.0,418.6609,221.4768,0.8221,0.8237,1.0179,0.0117,3.6863,11.8596,33.0,333,0,0,0
1549,51.6333,1,1,,11542.0,1,398.0,51.0,439.0,386.0,418.6554,221.4604,0.8209,0.8216,1.0216,0.0118,3.6432,11.8479,33.0,333,0,0,0
1550,51.6667,1,1,,11540.0,1,398.0,51.0,439.0,386.0,418.6582,221.4458,0.8186,0.8188,1.0258,0.0128,3.6087,11.84,33.0,333,0,0,0
1551,51.7,1,1,,11541.0,1,398.0,51.0,439.0,386.0,418.6564,221.404,0.8158,0.8158,1.03,0.014,3.601,11.8347,33.0,333,0,0,0
1552,51.7333,1,1,,11539.0,1,398.0,51.0,439.0,386.0,418.6617,221.3635,0.8132,0.8132,1.0332,0.0152,4.4855,11.8309,33.0,333,0,0,0
1553,51.7667,1,1,,11542.0,1,398.0,51.0,439.0,386.0,418.6603,221.355,0.811,0.811,1.0362,0.0163,5.2345,11.8262,33.0,333,0,0,0
1554,51.8,1,1,,11542.0,1,398.0,51.0,439.0,386.0,418.6613,221.3713,0.8093,0.8093,1.0384,0.0173,5.7949,11.821,33.0,333,0,0,0
1555,51.8333,1,1,,11544.0,1,398.0,51.0,439.0,386.0,418.6619,221.3747,0.8081,0.8081,1.0401,0.0179,6.1779,11.8167,33.0,333,0,0,0
1556,51.8667,1,1,,11542.0,1,398.0,51.0,439.0,386.0,418.6618,221.374,0.8074,0.8074,1.0408,0.0183,6.4083,11.8134,33.0,333,0,0,0
1557,51.9,1,1,,11540.0,1,398.0,52.0,439.0,386.0,418.6492,221.461,0.8055,0.8075,1.0405,0.0188,6.5125,11.8177,33.0,332,0,0,0
1558,51.9333,1,1,,11534.0,1,398.0,51.0,439.0,386.0,418.6626,221.4002,0.8095,0.8097,1.0368,0.0189,6.5879,11.8526,33.0,333,0,0,0
1559,51.9667,1,1,,11530.0,1,398.0,51.0,439.0,386.0,418.6612,221.4552,0.8114,0.8118,1.0335,0.0192,6.5663,11.8818,33.0,333,0,0,0
1560,52.0,1,1,,11526.0,1,398.0,51.0,439.0,386.0,418.658,221.4438,0.813,0.8135,1.0307,0.0191,6.4893,11.9044,33.0,333,0,0,0
1561,52.0333,1,1,,11522.0,1,398.0,51.0,439.0,386.0,418.6672,221.4314,0.8147,0.8154,1.0278,0.019,6.3806,11.9281,33.0,333,0,0,0
1562,52.0667,1,1,,11523.0,1,398.0,51.0,439.0,386.0,418.6613,221.4479,0.8178,0.8186,1.0236,0.0191,6.2983,11.9718,33.0,333,0,0,0
1563,52.1,1,1,,11526.0,1,398.0,51.0,439.0,386.0,418.6604,221.4526,0.8204,0.8213,1.0204,0.019,6.2108,12.0084,33.0,333,0,0,0
1564,52.1333,1,1,,11531.0,1,398.0,51.0,439.0,386.0,418.666,221.4667,0.8221,0.8231,1.0186,0.0189,6.1363,12.0315,33.0,333,0,0,0
1565,52.1667,1,1,,11533.0,1,398.0,51.0,439.0,386.0,418.6601,221.4069,0.8227,0.8238,1.0177,0.0188,6.1108,12.0412,33.0,333,0,0,0
1566,52.2,1,1,,11530.0,1,398.0,51.0,439.0,386.0,418.6625,221.3985,0.8227,0.8238,1.0174,0.0188,6.1142,12.0411,33.0,333,0,0,0
1567,52.2333,1,1,,11536.0,1,398.0,51.0,439.0,386.0,418.6625,221.3965,0.8224,0.8235,1.0182,0.0188,6.1235,12.0371,33.0,333,0,0,0
1568,52.2667,1,1,,11533.0,1,398.0,52.0,439.0,386.0,418.6623,221.4271,0.8198,0.823,1.0186,0.0189,6.1319,12.0304,33.0,332,0,0,0
1569,52.3,1,1,,11538.0,1,398.0,51.0,439.0,386.0,418.6622,221.3991,0.8216,0.8227,1.0195,0.0188,6.1346,12.0257,33.0,333,0,0,0
1570,52.3333,1,1,,11538.0,1,398.0,51.0,439.0,386.0,418.6621,221.4215,0.8214,0.8225,1.0197,0.0189,6.1395,12.023,33.0,333,0,0,0
1571,52.3667,1,1,,11537.0,1,398.0,51.0,439.0,386.0,418.6663,221.4426,0.8215,0.8226,1.0193,0.0191,6.1551,12.0258,33.0,333,0,0,0
1572,52.4,1,1,,11534.0,1,398.0,52.0,439.0,386.0,418.6753,221.4505,0.8196,0.8229,1.0186,0.0191,6.1583,12.0298,33.0,332,0,0,0
1573,52.4333,1,1,,11536.0,1,398.0,52.0,439.0,386.0,418.6723,221.444,0.819,0.8224,1.0193,0.0192,6.163,12.0232,33.0,332,0,0,0
1574,52.4667,1,1,,11533.0,1,398.0,52.0,439.0,386.0,418.6716,221.4145,0.8178,0.8211,1.0205,0.0191,6.1533,12.0047,33.0,332,0,0,0
1575,52.5,1,1,,11532.0,1,398.0,52.0,439.0,386.0,418.6701,221.4248,0.8165,0.8199,1.0219,0.0191,6.1354,11.9861,33.0,332,0,0,0
1576,52.5333,1,1,,11531.0,1,398.0,52.0,439.0,386.0,418.6772,221.4435,0.8154,0.8188,1.0231,0.0192,6.1316,11.9702,33.0,332,0,0,0
1577,52.5667,1,1,,11532.0,1,398.0,51.0,439.0,386.0,418.6773,221.4177,0.8164,0.8179,1.0243,0.0191,6.1115,11.9548,33.0,333,0,0,0
1578,52.6,1,1,,11531.0,1,398.0,51.0,439.0,386.0,418.6787,221.4201,0.8153,0.8167,1.0257,0.0191,6.0713,11.9364,33.0,333,0,0,0
1579,52.6333,1,1,,11525.0,1,398.0,52.0,439.0,386.0,418.6744,221.4265,0.8122,0.8157,1.0264,0.019,6.0272,11.9206,33.0,332,0,0,0
1580,52.6667,1,1,,11522.0,1,398.0,52.0,439.0,386.0,418.6759,221.4237,0.8117,0.8152,1.0267,0.0189,5.9842,11.9116,33.0,332,0,0,0
1581,52.7,1,1,,11522.0,1,398.0,52.0,439.0,386.0,418.6993,221.3877,0.8121,0.8155,1.0264,0.0187,5.934,11.914,33.0,332,0,0,0
1582,52.7333,1,1,,11522.0,1,398.0,52.0,439.0,386.0,418.7085,221.3431,0.8135,0.8168,1.025,0.0184,5.9091,11.9324,33.0,332,0,0,0
1583,52.7667,1,1,,11514.0,1,398.0,52.0,439.0,386.0,418.7039,221.3557,0.8153,0.8185,1.0224,0.0185,5.9411,11.9576,33.0,332,0,0,0
1584,52.8,1,1,,11515.0,1,398.0,52.0,439.0,386.0,418.7051,221.2978,0.817,0.8202,1.0205,0.0183,5.9852,11.9841,33.0,332,0,0,0
1585,52.8333,1,1,,11511.0,1,398.0,52.0,439.0,386.0,418.7095,221.31,0.8192,0.8223,1.0176,0.0184,6.0306,12.0166,33.0,332,0,0,0
1586,52.8667,1,1,,11515.0,1,398.0,52.0,439.0,386.0,418.715,221.2741,0.8226,0.8257,1.0138,0.0183,6.0783,12.0682,33.0,332,0,0,0
1587,52.9,1,1,,11515.0,1,398.0,52.0,439.0,385.0,418.7207,221.2566,0.8282,0.8313,1.0099,0.0183,5.1275,12.1162,33.0,331,0,0,0
1588,52.9333,1,1,,11524.0,1,398.0,51.0,439.0,386.0,418.7302,221.1821,0.8305,0.8316,1.0073,0.0183,6.1854,12.1579,33.0,333,0,0,0
1589,52.9667,1,1,,11517.0,1,398.0,51.0,439.0,386.0,418.7115,221.1601,0.8337,0.8349,1.0025,0.0182,6.1835,12.2064,33.0,333,0,0,0
1590,53.0,1,1,,11514.0,1,398.0,51.0,439.0,385.0,418.716,221.1097,0.8387,0.84,0.9991,0.0181,5.1453,12.2427,33.0,332,0,0,0
1591,53.0333,1,1,,11518.0,1,398.0,51.0,439.0,386.0,418.7102,221.1329,0.8378,0.8392,0.9974,0.0181,6.0961,12.2652,33.0,333,0,0,0
1592,53.0667,1,1,,11522.0,1,398.0,51.0,439.0,386.0,418.7159,221.1211,0.8379,0.8392,0.9978,0.018,6.0606,12.2639,33.0,333,0,0,0
1593,53.1,1,1,,11522.0,1,398.0,51.0,439.0,386.0,418.7178,221.0501,0.8374,0.8387,0.9984,0.0177,6.0412,12.2564,33.0,333,0,0,0
1594,53.1333,1,1,,11520.0,1,398.0,51.0,439.0,386.0,418.7181,221.0286,0.8367,0.838,0.999,0.0176,6.0253,12.2459,33.0,333,0,0,0
1595,53.1667,1,1,,11520.0,1,398.0,51.0,439.0,386.0,418.7217,221.0376,0.8359,0.8371,1.0001,0.0176,6.0124,12.2326,33.0,333,0,0,0
1596,53.2,1,1,,11521.0,1,398.0,51.0,439.0,386.0,418.7295,221.0169,0.8352,0.8365,1.0009,0.0176,6.0073,12.2226,33.0,333,0,0,0
1597,53.2333,1,1,,11507.0,1,398.0,51.0,439.0,386.0,418.7224,221.1088,0.8361,0.8374,0.9984,0.0179,6.0041,12.2366,33.0,333,0,0,0
1598,53.2667,1,1,,11514.0,1,398.0,51.0,439.0,386.0,418.7237,221.1055,0.8368,0.8382,0.9981,0.0179,5.9919,12.2473,33.0,333,0,0,0
1599,53.3,1,1,,11511.0,1,398.0,51.0,439.0,386.0,418.725,221.103,0.8375,0.8389,0.9969,0.0179,5.9761,12.2575,33.0,333,0,0,0
1600,53.3333,1,1,,11146.0,2,399.0,51.0,441.0,385.0,419.0173,219.9433,0.8206,0.822,0.9646,0.0144,4.968,12.2658,32.0,332,1,0,0
1601,53.3667,1,1,,11305.0,1,398.0,52.0,439.0,385.0,418.5132,219.9547,0.8391,0.8427,0.9775,0.0145,4.9676,12.2762,33.0,331,0,0,0
1602,53.4,1,1,,11322.0,1,397.0,52.0,439.0,385.0,418.5024,219.969,0.8201,0.8237,0.9777,0.0146,4.9795,12.2915,33.0,331,0,0,0
1603,53.4333,1,1,,11327.0,1,397.0,52.0,439.0,385.0,418.4809,220.0281,0.821,0.8246,0.977,0.0148,4.9762,12.3051,33.0,331,0,0,0
1604,53.4667,1,1,,11331.0,1,397.0,52.0,439.0,385.0,418.4872,220.0237,0.8218,0.8254,0.9763,0.0148,4.9681,12.317,33.0,331,0,0,0
1605,53.5,1,1,,11336.0,1,397.0,52.0,439.0,385.0,418.4498,220.1341,0.8229,0.8266,0.9753,0.0152,4.9593,12.3344,33.0,331,0,0,0
1606,53.5333,1,1,,11347.0,1,397.0,52.0,439.0,385.0,418.4204,220.2509,0.8237,0.8275,0.975,0.0156,4.9351,12.347,33.0,331,0,0,0
1607,53.5667,1,1,,11337.0,1,397.0,52.0,439.0,385.0,418.3829,220.3202,0.8242,0.8281,0.9734,0.0157,4.8845,12.3543,33.0,331,0,0,0
1608,53.6,1,1,,11349.0,1,397.0,52.0,439.0,385.0,418.4002,220.3858,0.8243,0.8282,0.9742,0.0159,4.8276,12.354,33.0,331,0,0,0
1609,53.6333,1,1,,11337.0,1,397.0,52.0,439.0,385.0,418.4031,220.4083,0.824,0.8279,0.9735,0.0159,4.7667,12.3465,33.0,331,0,0,0
1610,53.6667,1,1,,11339.0,1,397.0,52.0,439.0,385.0,418.3999,220.4337,0.8236,0.8275,0.9741,0.0159,4.7142,12.3392,33.0,331,0,0,0
1611,53.7,1,1,,11342.0,1,397.0,52.0,439.0,385.0,418.3986,220.455,0.8237,0.8277,0.9742,0.0159,4.6666,12.3396,33.0,331,0,0,0
1612,53.7333,1,1,,11334.0,1,397.0,52.0,439.0,385.0,418.3972,220.4356,0.8238,0.8277,0.9734,0.0158,4.6285,12.3394,32.0,331,0,0,0
1613,53.7667,1,1,,11333.0,1,397.0,52.0,438.0,385.0,418.3719,220.4229,0.8435,0.8476,0.9736,0.0157,4.6062,12.3344,32.0,331,0,0,0
1614,53.8,1,1,,11335.0,1,397.0,52.0,438.0,385.0,418.3686,220.4395,0.8418,0.846,0.9756,0.0158,4.6379,12.3116,32.0,331,0,0,0
1615,53.8333,1,1,,11336.0,1,397.0,52.0,438.0,385.0,418.3733,220.4581,0.8404,0.8446,0.9773,0.0159,4.6809,12.2932,32.0,331,0,0,0
1616,53.8667,1,1,,11339.0,1,397.0,52.0,438.0,385.0,418.3749,220.4066,0.8393,0.8435,0.9789,0.0159,4.7239,12.2778,32.0,331,0,0,0
1617,53.9,1,1,,11342.0,1,397.0,52.0,438.0,385.0,418.3741,220.4083,0.8379,0.8421,0.9807,0.0159,4.7505,12.2594,32.0,331,0,0,0
1618,53.9333,1,1,,11342.0,1,397.0,52.0,438.0,385.0,418.3762,220.4357,0.838,0.8422,0.9806,0.016,4.7708,12.2608,32.0,331,0,0,0
1619,53.9667,1,1,,11342.0,1,397.0,52.0,438.0,385.0,418.3762,220.4357,0.8379,0.8422,0.9805,0.0161,4.8109,12.2621,32.0,331,0,0,0
1620,54.0,1,1,,11341.0,1,397.0,52.0,438.0,385.0,418.37,220.365,0.8381,0.8424,0.98,0.016,4.8293,12.2666,32.0,331,0,0,0
1621,54.0333,1,1,,11346.0,1,397.0,52.0,438.0,385.0,418.3706,220.389,0.838,0.8424,0.9805,0.016,4.8195,12.2653,32.0,331,0,0,0
1622,54.0667,1,1,,11346.0,1,397.0,52.0,438.0,385.0,418.3717,220.3602,0.8374,0.8418,0.9812,0.0159,4.7891,12.2555,32.0,331,0,0,0
1623,54.1,1,1,,11347.0,1,397.0,52.0,438.0,385.0,418.3734,220.3574,0.8371,0.8414,0.9817,0.0158,4.7578,12.2493,32.0,331,0,0,0
1624,54.1333,1,1,,11351.0,1,397.0,52.0,439.0,385.0,418.3797,220.3966,0.8172,0.8213,0.9822,0.0159,4.7288,12.2473,32.0,331,0,0,0
1625,54.1667,1,1,,11349.0,1,397.0,52.0,438.0,385.0,418.374,220.3844,0.8374,0.8417,0.9816,0.0158,4.7049,12.2509,33.0,331,0,0,0
1626,54.2,1,1,,11349.0,1,397.0,52.0,438.0,385.0,418.3711,220.3605,0.8377,0.842,0.9813,0.0157,4.6864,12.2545,33.0,331,0,0,0
1627,54.2333,1,1,,11351.0,1,397.0,52.0,439.0,385.0,418.3745,220.3737,0.8182,0.8222,0.9811,0.0157,4.6714,12.2589,33.0,331,0,0,0
1628,54.2667,1,1,,11354.0,1,397.0,52.0,439.0,385.0,418.3696,220.38,0.8185,0.8226,0.981,0.0157,4.6691,12.2637,33.0,331,0,0,0
1629,54.3,1,1,,11353.0,1,397.0,52.0,438.0,385.0,418.3459,220.3382,0.8393,0.8435,0.9799,0.0156,4.6687,12.2769,32.0,331,0,0,0
1630,54.3333,1,1,,11357.0,1,397.0,52.0,438.0,385.0,418.3447,220.4048,0.841,0.8452,0.9783,0.0158,4.6565,12.3013,33.0,331,0,0,0
1631,54.3667,1,1,,11363.0,1,397.0,52.0,438.0,385.0,418.3364,220.3684,0.8424,0.8466,0.9773,0.0156,4.6338,12.3205,33.0,331,0,0,0
1632,54.4,1,1,,11360.0,1,397.0,52.0,438.0,385.0,418.3322,220.4572,0.8436,0.8478,0.9757,0.0158,4.6285,12.3372,33.0,331,0,0,0
1633,54.4333,1,1,,11355.0,1,397.0,52.0,438.0,385.0,418.3274,220.4829,0.8451,0.8493,0.9736,0.0159,4.6366,12.3597,32.0,331,0,0,0
1634,54.4667,1,1,,11354.0,1,397.0,52.0,438.0,385.0,418.3202,220.4499,0.8462,0.8504,0.9722,0.0158,4.6578,12.3764,32.0,331,0,0,0
1635,54.5,1,1,,11359.0,1,397.0,52.0,438.0,385.0,418.3212,220.4941,0.847,0.8512,0.9717,0.016,4.6832,12.3891,32.0,331,0,0,0
1636,54.5333,1,1,,11357.0,1,397.0,52.0,438.0,385.0,418.3237,220.4696,0.8475,0.8518,0.9708,0.016,4.6919,12.3975,33.0,331,0,0,0
1637,54.5667,1,1,,11365.0,1,397.0,52.0,438.0,385.0,418.3004,220.4808,0.8473,0.8517,0.9715,0.0161,4.7168,12.3978,33.0,331,0,0,0
1638,54.6,1,1,,11365.0,1,397.0,52.0,438.0,385.0,418.2958,220.5476,0.8461,0.8505,0.9727,0.0164,4.733,12.3813,33.0,331,0,0,0
1639,54.6333,1,1,,11371.0,1,397.0,52.0,438.0,385.0,418.294,220.4936,0.8446,0.849,0.9749,0.0163,4.7442,12.3598,33.0,331,0,0,0
1640,54.6667,1,1,,11379.0,1,397.0,52.0,438.0,385.0,418.2811,220.3977,0.8431,0.8476,0.9772,0.0161,4.7596,12.3396,33.0,331,0,0,0
1641,54.7,1,1,,11387.0,1,397.0,52.0,438.0,385.0,418.2729,220.4904,0.8413,0.8458,0.9799,0.0164,4.7856,12.3141,33.0,331,0,0,0
1642,54.7333,1,1,,11389.0,1,397.0,52.0,438.0,385.0,418.2608,220.4723,0.8398,0.8442,0.9819,0.0164,4.8294,12.2931,33.0,331,0,0,0
1643,54.7667,1,1,,11388.0,1,397.0,52.0,438.0,385.0,418.2595,220.4863,0.8388,0.8433,0.9829,0.0165,4.8733,12.2807,33.0,331,0,0,0
1644,54.8,1,1,,11393.0,1,397.0,52.0,438.0,385.0,418.2607,220.5864,0.8381,0.8426,0.9841,0.0169,4.9114,12.2723,33.0,331,0,0,0
1645,54.8333,1,1,,11399.0,1,397.0,52.0,438.0,385.0,418.2555,220.5459,0.8356,0.84,0.9877,0.0168,4.9183,12.2347,33.0,331,0,0,0
1646,54.8667,1,1,,11391.0,1,397.0,52.0,438.0,385.0,418.2664,220.6006,0.8335,0.8378,0.9897,0.0169,4.9101,12.2025,33.0,331,0,0,0
1647,54.9,1,1,,11390.0,1,397.0,52.0,438.0,385.0,418.2674,220.624,0.8318,0.8361,0.9917,0.0169,4.9112,12.1775,33.0,331,0,0,0
1648,54.9333,1,1,,11388.0,1,397.0,52.0,438.0,385.0,418.2703,220.6317,0.8306,0.8348,0.9931,0.017,4.9147,12.1589,33.0,331,0,0,0
1649,54.9667,1,1,,11388.0,1,397.0,52.0,438.0,385.0,418.2731,220.6336,0.8296,0.8339,0.9942,0.017,4.9254,12.1455,33.0,331,0,0,0
1650,55.0,1,1,,11339.0,1,397.0,52.0,438.0,385.0,418.3222,220.2052,0.829,0.8333,0.9906,0.0157,4.9378,12.1374,32.0,331,0,0,0
1651,55.0333,1,1,,11342.0,1,397.0,52.0,438.0,385.0,418.3235,220.2243,0.8309,0.8354,0.988,0.0162,5.0629,12.1737,32.0,331,0,0,0
1652,55.0667,1,1,,11343.0,1,397.0,52.0,438.0,385.0,418.3251,220.229,0.8326,0.8373,0.9856,0.0165,5.1468,12.2039,32.0,331,0,0,0
1653,55.1,1,1,,11342.0,1,397.0,52.0,438.0,385.0,418.3268,220.2196,0.8341,0.8389,0.9835,0.0166,5.1983,12.2291,32.0,331,0,0,0
1654,55.1333,1,1,,11343.0,1,397.0,52.0,438.0,385.0,418.3276,220.2503,0.8352,0.8401,0.9821,0.0168,5.2245,12.248,32.0,331,0,0,0
1655,55.1667,1,1,,11346.0,1,397.0,52.0,438.0,385.0,418.3261,220.2706,0.8362,0.8412,0.9811,0.0169,5.2334,12.2636,32.0,331,0,0,0
1656,55.2,1,1,,11348.0,1,397.0,52.0,438.0,385.0,418.3264,220.2829,0.8371,0.8421,0.9801,0.017,5.2494,12.2773,32.0,331,0,0,0
1657,55.2333,1,1,,11346.0,1,397.0,52.0,438.0,385.0,418.3263,220.2836,0.8378,0.8428,0.979,0.017,5.2437,12.2881,32.0,331,0,0,0
1658,55.2667,1,1,,11341.0,1,397.0,52.0,438.0,385.0,418.3309,220.2785,0.8384,0.8435,0.9778,0.017,5.2237,12.2966,32.0,331,0,0,0
1659,55.3,1,1,,11343.0,1,397.0,52.0,438.0,385.0,418.328,220.2744,0.8384,0.8435,0.978,0.0169,5.1991,12.2962,32.0,331,0,0,0
1660,55.3333,1,1,,11342.0,1,397.0,52.0,438.0,385.0,418.3264,220.2674,0.838,0.843,0.9785,0.0168,5.1689,12.2876,32.0,331,0,0,0
1661,55.3667,1,1,,11341.0,1,397.0,52.0,438.0,385.0,418.3277,220.2685,0.8372,0.8422,0.9794,0.0168,5.1457,12.275,32.0,331,0,0,0
1662,55.4,1,1,,11341.0,1,397.0,52.0,438.0,385.0,418.3341,220.2732,0.8361,0.8411,0.9807,0.0167,5.1313,12.2584,32.0,331,0,0,0
1663,55.4333,1,1,,11347.0,1,397.0,52.0,438.0,385.0,418.3305,220.3418,0.8349,0.8398,0.9828,0.0169,5.127,12.2392,32.0,331,0,0,0
1664,55.4667,1,1,,11345.0,1,397.0,52.0,438.0,385.0,418.3261,220.3195,0.8334,0.8383,0.9843,0.0169,5.1284,12.2182,32.0,331,0,0,0
1665,55.5,1,1,,11345.0,1,397.0,52.0,438.0,385.0,418.3292,220.2916,0.8322,0.8371,0.9857,0.0169,5.1504,12.201,32.0,331,0,0,0
1666,55.5333,1,1,,11339.0,1,397.0,52.0,438.0,385.0,418.3232,220.3134,0.831,0.836,0.9863,0.017,5.1726,12.186,32.0,331,0,0,0
1667,55.5667,1,1,,11339.0,1,397.0,52.0,438.0,385.0,418.3237,220.2591,0.8304,0.8354,0.987,0.0169,5.1923,12.1776,32.0,331,0,0,0
1668,55.6,1,1,,11347.0,1,397.0,52.0,438.0,385.0,418.3357,220.3231,0.8296,0.8347,0.9886,0.0171,5.21,12.1677,32.0,331,0,0,0
1669,55.6333,1,1,,11348.0,1,397.0,52.0,438.0,385.0,418.32,220.2746,0.829,0.834,0.9894,0.017,5.2172,12.1589,32.0,331,0,0,0
1670,55.6667,1,1,,11344.0,1,397.0,52.0,438.0,385.0,418.327,220.2675,0.8287,0.8337,0.9895,0.017,5.2106,12.1533,32.0,331,0,0,0
1671,55.7,1,1,,11348.0,1,397.0,52.0,438.0,385.0,418.3209,220.1738,0.8288,0.8337,0.9899,0.0166,5.1714,12.1524,32.0,331,0,0,0
1672,55.7333,1,1,,11346.0,1,397.0,52.0,438.0,385.0,418.3288,220.2047,0.829,0.8339,0.9896,0.0166,5.1434,12.1541,32.0,331,0,0,0
1673,55.7667,1,1,,11349.0,1,397.0,52.0,438.0,385.0,418.3192,220.2128,0.8292,0.834,0.9897,0.0166,5.1292,12.1553,32.0,331,0,0,0
1674,55.8,1,1,,11351.0,1,397.0,52.0,438.0,385.0,418.3228,220.0892,0.8294,0.8343,0.9896,0.0162,5.1243,12.1593,32.0,331,0,0,0
1675,55.8333,1,1,,11341.0,1,397.0,52.0,438.0,385.0,418.3136,220.0602,0.8301,0.835,0.9878,0.0162,5.1437,12.1701,32.0,331,0,0,0
1676,55.8667,1,1,,11340.0,1,397.0,52.0,438.0,385.0,418.3146,220.028,0.8309,0.8359,0.9866,0.0162,5.1593,12.1837,32.0,331,0,0,0
1677,55.9,1,1,,11340.0,1,397.0,52.0,438.0,385.0,418.3124,220.0367,0.8314,0.8364,0.9859,0.0162,5.1779,12.1924,32.0,331,0,0,0
1678,55.9333,1,1,,11339.0,1,397.0,52.0,438.0,385.0,418.3102,220.0519,0.8318,0.8369,0.9852,0.0164,5.2083,12.2001,32.0,331,0,0,0
1679,55.9667,1,1,,11341.0,1,397.0,52.0,438.0,385.0,418.302,220.0432,0.8318,0.837,0.9852,0.0164,5.2398,12.2024,32.0,331,0,0,0
1680,56.0,1,1,,11342.0,1,397.0,52.0,438.0,385.0,418.3062,220.0134,0.8313,0.8365,0.9858,0.0164,5.2634,12.1966,32.0,331,0,0,0
1681,56.0333,1,1,,11343.0,1,397.0,52.0,438.0,385.0,418.3027,220.0711,0.831,0.8361,0.9863,0.0166,5.2729,12.1915,32.0,331,0,0,0
1682,56.0667,1,1,,11345.0,1,397.0,52.0,438.0,385.0,418.2986,220.0288,0.8307,0.8359,0.9867,0.0164,5.2775,12.1882,32.0,331,0,0,0
1683,56.1,1,1,,11341.0,1,397.0,52.0,438.0,385.0,418.2903,220.1607,0.8306,0.8357,0.9866,0.0168,5.2652,12.1855,32.0,331,0,0,0
1684,56.1333,1,1,,11339.0,1,397.0,52.0,438.0,385.0,418.2969,220.1323,0.8306,0.8357,0.9866,0.0166,5.2226,12.1833,32.0,331,0,0,0
1685,56.1667,1,1,,11346.0,1,397.0,52.0,438.0,385.0,418.2886,220.1191,0.8312,0.8362,0.9867,0.0164,5.162,12.1885,32.0,331,0,0,0
1686,56.2,1,1,,11350.0,1,397.0,52.0,438.0,385.0,418.2943,220.1051,0.8319,0.8369,0.9864,0.0162,5.115,12.1963,32.0,331,0,0,0
1687,56.2333,1,1,,11347.0,1,397.0,52.0,438.0,385.0,418.2841,220.1178,0.8341,0.839,0.9837,0.0161,5.0651,12.2255,32.0,331,0,0,0
1688,56.2667,1,1,,11354.0,1,397.0,52.0,438.0,385.0,418.2958,220.1019,0.8373,0.8421,0.9809,0.0159,4.9879,12.2673,32.0,331,0,0,0
1689,56.3,1,1,,11356.0,1,397.0,52.0,438.0,385.0,418.2801,220.1332,0.8401,0.8449,0.9778,0.0158,4.9248,12.3068,32.0,331,0,0,0
1690,56.3333,1,1,,11336.0,1,397.0,52.0,438.0,385.0,418.2916,220.3554,0.8429,0.8477,0.973,0.0163,4.8491,12.3436,32.0,331,0,0,0
1691,56.3667,1,1,,11339.0,1,397.0,52.0,438.0,385.0,418.2929,220.3307,0.8482,0.853,0.9671,0.0161,4.7796,12.419,32.0,331,0,0,0
1692,56.4,1,1,,11339.0,1,397.0,52.0,438.0,385.0,418.2936,220.2903,0.8525,0.8574,0.9622,0.0159,4.7011,12.4801,32.0,331,0,0,0
1693,56.4333,1,1,,11343.0,1,397.0,52.0,438.0,385.0,418.2935,220.3124,0.8554,0.8603,0.9594,0.0158,4.6197,12.5191,32.0,331,0,0,0
1694,56.4667,1,1,,11343.0,1,396.0,52.0,438.0,385.0,418.2915,220.3366,0.8364,0.8409,0.9582,0.0157,4.9758,12.5337,32.0,331,0,0,0
1695,56.5,1,1,,11343.0,1,396.0,52.0,438.0,385.0,418.2952,220.2863,0.836,0.8404,0.9589,0.0154,4.9594,12.5242,32.0,331,0,0,0
1696,56.5333,1,1,,11340.0,1,396.0,52.0,438.0,385.0,418.2903,220.3022,0.8344,0.8387,0.9607,0.0154,4.9457,12.4993,32.0,331,0,0,0
1697,56.5667,1,1,,11341.0,1,396.0,52.0,438.0,385.0,418.2853,220.319,0.8324,0.8367,0.9631,0.0155,4.9476,12.4713,32.0,331,0,0,0
1698,56.6,1,1,,11334.0,1,396.0,52.0,438.0,385.0,418.2569,220.3935,0.8303,0.8345,0.9652,0.0157,4.9579,12.4398,32.0,331,0,0,0
1699,56.6333,1,1,,11335.0,1,396.0,52.0,438.0,385.0,418.2762,220.3372,0.828,0.832,0.9684,0.0154,4.9694,12.4021,32.0,331,0,0,0
1700,56.6667,1,1,,11333.0,1,396.0,52.0,438.0,385.0,418.2718,220.297,0.8236,0.8275,0.9737,0.0152,5.0581,12.3338,32.0,331,0,0,0
1701,56.7,1,1,,11344.0,1,396.0,52.0,438.0,385.0,418.2707,220.4046,0.8199,0.8237,0.9793,0.0155,5.139,12.2777,32.0,331,0,0,0
1702,56.7333,1,1,,11339.0,1,396.0,52.0,438.0,385.0,418.2785,220.3316,0.8169,0.8206,0.9826,0.0153,5.2082,12.233,32.0,331,0,0,0
1703,56.7667,1,1,,11334.0,1,396.0,52.0,438.0,385.0,418.2807,220.2797,0.8146,0.8182,0.985,0.0152,5.2651,12.1995,32.0,331,0,0,0
1704,56.8,1,1,,11334.0,1,396.0,52.0,438.0,385.0,418.2807,220.2641,0.8127,0.8164,0.9872,0.0152,5.3076,12.1732,32.0,331,0,0,0
1705,56.8333,1,1,,11336.0,1,396.0,52.0,438.0,385.0,418.2793,220.2788,0.8113,0.8149,0.9891,0.0154,5.3388,12.154,32.0,331,0,0,0
1706,56.8667,1,1,,11335.0,1,396.0,52.0,438.0,385.0,418.2747,220.274,0.8103,0.814,0.9901,0.0155,5.3576,12.1425,32.0,331,0,0,0
1707,56.9,1,1,,11334.0,1,397.0,52.0,438.0,385.0,418.2693,220.2834,0.8298,0.8337,0.9902,0.0156,4.8886,12.1417,32.0,331,0,0,0
1708,56.9333,1,1,,11329.0,1,397.0,52.0,438.0,385.0,418.2681,220.3199,0.8316,0.8356,0.9874,0.0158,4.9206,12.1708,32.0,331,0,0,0
1709,56.9667,1,1,,11338.0,1,397.0,51.0,438.0,385.0,418.2734,220.1766,0.836,0.838,0.9853,0.0154,4.8942,12.2038,32.0,332,0,0,0
1710,57.0,1,1,,11337.0,1,397.0,52.0,438.0,385.0,418.2814,220.1939,0.836,0.8401,0.9827,0.0153,4.8082,12.2318,32.0,331,0,0,0
1711,57.0333,1,1,,11343.0,1,397.0,51.0,438.0,385.0,418.2846,220.1984,0.8403,0.8422,0.9809,0.0151,4.7027,12.2579,32.0,332,0,0,0
1712,57.0667,1,1,,11338.0,1,397.0,52.0,438.0,385.0,418.2735,220.3531,0.8393,0.8432,0.9794,0.0153,4.555,12.268,32.0,331,0,0,0
1713,57.1,1,1,,11331.0,1,397.0,52.0,438.0,385.0,418.2843,220.3421,0.84,0.8439,0.9782,0.015,4.433,12.2726,32.0,331,0,0,0
1714,57.1333,1,1,,11335.0,1,397.0,52.0,438.0,385.0,418.2921,220.3176,0.8409,0.8446,0.9779,0.0147,4.3467,12.2798,32.0,331,0,0,0
1715,57.1667,1,1,,11331.0,1,397.0,52.0,438.0,385.0,418.2851,220.3364,0.8435,0.8472,0.9746,0.0147,4.3097,12.3168,32.0,331,0,0,0
1716,57.2,1,1,,11328.0,1,397.0,52.0,438.0,385.0,418.2835,220.2966,0.8464,0.8501,0.9709,0.0145,4.301,12.3593,32.0,331,0,0,0
1717,57.2333,1,1,,11332.0,1,397.0,52.0,438.0,385.0,418.2896,220.3364,0.8485,0.8522,0.969,0.0147,4.3098,12.3893,32.0,331,0,0,0
1718,57.2667,1,1,,11331.0,1,396.0,52.0,438.0,385.0,418.2813,220.3441,0.8299,0.8335,0.9671,0.0147,5.2413,12.4132,32.0,331,0,0,0
1719,57.3,1,1,,11333.0,1,396.0,52.0,438.0,385.0,418.2832,220.3751,0.8308,0.8344,0.9662,0.0148,5.2419,12.4272,32.0,331,0,0,0
1720,57.3333,1,1,,11335.0,1,396.0,52.0,438.0,385.0,418.2813,220.3779,0.8295,0.833,0.968,0.0148,5.3189,12.4068,32.0,331,0,0,0
1721,57.3667,1,1,,11334.0,1,396.0,52.0,438.0,385.0,418.2799,220.3841,0.8279,0.8314,0.9699,0.0148,5.3792,12.3818,32.0,331,0,0,0
1722,57.4,1,1,,11333.0,1,396.0,52.0,438.0,385.0,418.2661,220.3777,0.8264,0.8298,0.9717,0.0148,5.4198,12.359,32.0,331,0,0,0
1723,57.4333,1,1,,11337.0,1,396.0,52.0,438.0,385.0,418.272,220.3272,0.8248,0.8282,0.9739,0.0147,5.4484,12.3353,32.0,331,0,0,0
1724,57.4667,1,1,,11338.0,1,396.0,52.0,438.0,385.0,418.2723,220.3362,0.8202,0.8242,0.9779,0.0142,5.4342,12.2553,32.0,331,0,0,0
1725,57.5,1,1,,11338.0,1,396.0,52.0,438.0,385.0,418.2748,220.3573,0.8177,0.8219,0.98,0.0132,5.447,12.1894,32.0,331,0,0,0
1726,57.5333,1,1,,11339.0,1,396.0,52.0,438.0,385.0,418.273,220.3878,0.8164,0.8209,0.9811,0.012,5.472,12.139,32.0,331,0,0,0
1727,57.5667,1,1,,11338.0,1,396.0,52.0,438.0,385.0,418.2718,220.374,0.8155,0.82,0.9819,0.0107,5.5066,12.0944,32.0,331,0,0,0
1728,57.6,1,1,,11338.0,1,396.0,52.0,438.0,385.0,418.2725,220.3868,0.8146,0.8192,0.9829,0.0097,5.5563,12.056,32.0,331,0,0,0
1729,57.6333,1,1,,11342.0,1,396.0,52.0,438.0,385.0,418.267,220.357,0.8135,0.8183,0.9839,0.0088,5.5968,12.0288,32.0,331,0,0,0
1730,57.6667,1,1,,11343.0,1,396.0,52.0,438.0,385.0,418.2712,220.3696,0.8116,0.8171,0.9844,0.0082,5.6274,12.0117,32.0,331,0,0,0
1731,57.7,1,1,,11342.0,1,396.0,52.0,438.0,385.0,418.2791,220.3764,0.8108,0.8167,0.9841,0.0079,5.6351,12.006,32.0,331,0,0,0
1732,57.7333,1,1,,11342.0,1,396.0,52.0,438.0,385.0,418.2852,220.3897,0.8162,0.8207,0.9815,0.0082,5.5608,12.0643,32.0,331,0,0,0
1733,57.7667,1,1,,11340.0,1,396.0,52.0,438.0,385.0,418.28,220.3635,0.8192,0.8228,0.9802,0.0092,5.4875,12.117,32.0,331,0,0,0
1734,57.8,1,1,,11342.0,1,396.0,52.0,438.0,385.0,418.2731,220.3824,0.8199,0.8233,0.9801,0.0106,5.4266,12.1606,32.0,331,0,0,0
1735,57.8333,1,1,,11335.0,1,396.0,52.0,438.0,385.0,418.2738,220.4018,0.8195,0.8228,0.9801,0.012,5.3724,12.1883,32.0,331,0,0,0
1736,57.8667,1,1,,11343.0,1,396.0,52.0,438.0,385.0,418.2862,220.4229,0.8171,0.821,0.9819,0.013,5.2979,12.1722,32.0,331,0,0,0
1737,57.9,1,1,,11340.0,1,396.0,52.0,438.0,385.0,418.2761,220.4218,0.816,0.8205,0.9817,0.0129,5.253,12.1539,32.0,331,0,0,0
1738,57.9333,1,1,,11339.0,1,396.0,52.0,438.0,385.0,418.2833,220.4039,0.8157,0.8206,0.9809,0.0124,5.2356,12.1381,32.0,331,0,0,0
1739,57.9667,1,1,,11332.0,1,396.0,52.0,438.0,385.0,418.2697,220.3719,0.8159,0.821,0.9794,0.0118,5.1983,12.1284,32.0,331,0,0,0
1740,58.0,1,1,,11327.0,1,396.0,52.0,438.0,385.0,418.2682,220.4134,0.816,0.8212,0.9785,0.0114,5.1748,12.1161,32.0,331,0,0,0
1741,58.0333,1,1,,11335.0,1,396.0,52.0,438.0,385.0,418.2637,220.4481,0.8162,0.8215,0.9789,0.0109,5.1698,12.1065,32.0,331,0,0,0
1742,58.0667,1,1,,11334.0,1,396.0,52.0,438.0,385.0,418.2725,220.3728,0.8167,0.8219,0.9783,0.0103,5.1629,12.1028,32.0,331,0,0,0
1743,58.1,1,1,,11340.0,1,396.0,52.0,438.0,385.0,418.2582,220.4847,0.8176,0.8228,0.9778,0.0103,5.1348,12.1087,32.0,331,0,0,0
1744,58.1333,1,1,,11341.0,1,396.0,52.0,438.0,385.0,418.2626,220.5146,0.8186,0.8238,0.9767,0.0102,5.1174,12.1187,32.0,331,0,0,0
1745,58.1667,1,1,,11343.0,1,396.0,52.0,438.0,385.0,418.2655,220.4992,0.8193,0.8245,0.9762,0.01,5.1118,12.126,32.0,331,0,0,0
1746,58.2,1,1,,11343.0,1,396.0,52.0,438.0,385.0,418.2722,220.5053,0.8197,0.8249,0.9756,0.01,5.1095,12.1319,32.0,331,0,0,0
1747,58.2333,1,1,,11352.0,1,396.0,52.0,438.0,385.0,418.2769,220.4297,0.8202,0.8254,0.9758,0.0098,5.1104,12.1388,32.0,331,0,0,0
1748,58.2667,1,1,,11354.0,1,396.0,52.0,438.0,385.0,418.28,220.4119,0.8229,0.828,0.9731,0.0106,5.0884,12.1993,32.0,331,0,0,0
1749,58.3,1,1,,11354.0,1,396.0,52.0,438.0,385.0,418.2768,220.4416,0.8245,0.8295,0.9714,0.0118,5.0653,12.2522,32.0,331,0,0,0
1750,58.3333,1,1,,11351.0,1,396.0,52.0,438.0,385.0,418.2783,220.4585,0.8253,0.8303,0.9704,0.0131,5.0333,12.294,32.0,331,0,0,0
1751,58.3667,1,1,,11352.0,1,396.0,52.0,438.0,385.0,418.2822,220.4449,0.8266,0.8316,0.969,0.0142,4.9787,12.3408,32.0,331,0,0,0
1752,58.4,1,1,,11352.0,1,396.0,51.0,438.0,385.0,418.2769,220.3907,0.8296,0.8326,0.9678,0.015,4.9146,12.3784,32.0,332,0,0,0
1753,58.4333,1,1,,11349.0,1,397.0,51.0,438.0,385.0,418.279,220.3584,0.8504,0.8536,0.9667,0.0156,4.2212,12.4058,32.0,332,0,0,0
1754,58.4667,1,1,,11339.0,1,397.0,52.0,438.0,385.0,418.2659,220.4158,0.8485,0.854,0.9653,0.0163,4.5372,12.4235,32.0,331,0,0,0
1755,58.5,1,1,,11336.0,1,397.0,52.0,438.0,385.0,418.2691,220.4593,0.8493,0.8548,0.9641,0.0167,4.7343,12.4429,32.0,331,0,0,0
1756,58.5333,1,1,,11337.0,1,397.0,52.0,438.0,385.0,418.268,220.4447,0.8484,0.8541,0.9645,0.0162,4.3188,12.4179,32.0,331,0,0,0
1757,58.5667,1,1,,11331.0,1,397.0,52.0,438.0,385.0,418.2602,220.4251,0.8484,0.8544,0.9635,0.0152,3.597,12.3942,32.0,331,0,0,0
1758,58.6,1,1,,11332.0,1,397.0,52.0,438.0,385.0,418.2649,220.4154,0.8488,0.8548,0.963,0.014,3.5578,12.3707,32.0,331,0,0,0
1759,58.6333,1,1,,11327.0,1,397.0,52.0,438.0,385.0,418.2662,220.4255,0.8511,0.8568,0.9607,0.0134,3.6125,12.3899,32.0,331,0,0,0
1760,58.6667,1,1,,11327.0,1,397.0,52.0,438.0,385.0,418.2662,220.4255,0.8524,0.8579,0.9598,0.0134,3.6795,12.4085,32.0,331,0,0,0
1761,58.7,1,1,,11326.0,1,397.0,52.0,438.0,385.0,418.2681,220.4402,0.8528,0.8582,0.9596,0.0137,3.727,12.4216,32.0,331,0,0,0
1762,58.7333,1,1,,11322.0,1,397.0,52.0,438.0,385.0,418.272,220.3886,0.8529,0.8582,0.9593,0.014,3.7493,12.4334,32.0,331,0,0,0
1763,58.7666,1,1,,11325.0,1,397.0,51.0,438.0,385.0,418.2692,220.3795,0.8563,0.8594,0.9584,0.0144,3.7659,12.4601,32.0,332,0,0,0
1764,58.8,1,1,,11326.0,1,397.0,51.0,438.0,385.0,418.2707,220.37,0.8571,0.8602,0.9574,0.0147,3.7671,12.4815,32.0,332,0,0,0
1765,58.8333,1,1,,11326.0,1,397.0,51.0,438.0,385.0,418.2704,220.3667,0.8576,0.8608,0.9567,0.015,3.8593,12.4969,32.0,332,0,0,0
1766,58.8666,1,1,,11326.0,1,397.0,52.0,438.0,385.0,418.2689,220.3954,0.8556,0.8611,0.9563,0.0153,3.9849,12.5062,32.0,331,0,0,0
1767,58.9,1,1,,11321.0,1,397.0,52.0,438.0,385.0,418.2772,220.3649,0.8566,0.8622,0.9546,0.0155,4.0803,12.5255,32.0,331,0,0,0
1768,58.9333,1,1,,11323.0,1,397.0,52.0,438.0,385.0,418.2743,220.3842,0.8569,0.8626,0.954,0.0158,4.1727,12.5358,32.0,331,0,0,0
1769,58.9666,1,1,,11323.0,1,397.0,52.0,438.0,385.0,418.2738,220.3747,0.8574,0.8633,0.9531,0.0159,4.2083,12.5467,32.0,331,0,0,0
1770,59.0,1,1,,11326.0,1,397.0,52.0,438.0,385.0,418.2817,220.4296,0.8584,0.8643,0.9522,0.0161,4.2024,12.5616,32.0,331,0,0,0
1771,59.0333,1,1,,11324.0,1,397.0,52.0,438.0,385.0,418.2723,220.404,0.8608,0.8668,0.9492,0.016,4.1904,12.5973,32.0,331,0,0,0
1772,59.0666,1,1,,11322.0,1,397.0,52.0,438.0,385.0,418.2725,220.3989,0.8625,0.8687,0.9467,0.0162,4.2047,12.6252,32.0,331,0,0,0
1773,59.1,1,1,,11320.0,1,397.0,52.0,438.0,385.0,418.2739,220.3825,0.8638,0.8701,0.9449,0.0161,4.1926,12.6453,32.0,331,0,0,0
1774,59.1333,1,1,,11317.0,1,397.0,52.0,438.0,385.0,418.2695,220.385,0.8647,0.8711,0.9435,0.0161,4.165,12.6588,32.0,331,0,0,0
1775,59.1666,1,1,,11316.0,1,397.0,52.0,438.0,385.0,418.2712,220.38,0.8648,0.8713,0.9432,0.0161,4.1435,12.6601,32.0,331,0,0,0
1776,59.2,1,1,,11317.0,1,397.0,52.0,438.0,385.0,418.2729,220.3844,0.8642,0.8707,0.9438,0.0161,4.1265,12.6517,32.0,331,0,0,0
1777,59.2333,1,1,,11314.0,1,397.0,52.0,438.0,385.0,418.2714,220.3829,0.8637,0.8702,0.9442,0.0161,4.1145,12.6429,32.0,331,0,0,0
1778,59.2666,1,1,,11317.0,1,397.0,51.0,438.0,385.0,418.2654,220.3938,0.8655,0.8697,0.9449,0.0161,4.099,12.6356,32.0,332,0,0,0
1779,59.3,1,1,,11324.0,1,397.0,51.0,438.0,385.0,418.2632,220.4196,0.8651,0.8693,0.946,0.0162,4.0825,12.6288,32.0,332,0,0,0
1780,59.3333,1,1,,11325.0,1,397.0,51.0,438.0,385.0,418.2659,220.3595,0.864,0.8681,0.9476,0.0158,4.0218,12.609,32.0,332,0,0,0
1781,59.3666,1,1,,11323.0,1,397.0,51.0,438.0,385.0,418.2667,220.4034,0.8624,0.8663,0.9495,0.0158,3.976,12.5813,32.0,332,0,0,0
1782,59.4,1,1,,11330.0,1,397.0,51.0,438.0,385.0,418.2673,220.4067,0.8604,0.8643,0.9523,0.0158,3.9463,12.5513,32.0,332,0,0,0
1783,59.4333,1,1,,11332.0,1,397.0,51.0,438.0,385.0,418.2646,220.3977,0.8588,0.8626,0.9544,0.0157,3.9285,12.5259,32.0,332,0,0,0
1784,59.4666,1,1,,11332.0,1,397.0,51.0,438.0,385.0,418.2661,220.4109,0.8569,0.8607,0.9565,0.0157,3.9,12.4966,32.0,332,0,0,0
1785,59.5,1,1,,11333.0,1,397.0,51.0,438.0,385.0,418.2734,220.4552,0.8553,0.8592,0.9581,0.0159,3.9529,12.4751,32.0,332,0,0,0
1786,59.5333,1,1,,11334.0,1,397.0,51.0,438.0,385.0,418.271,220.394,0.8532,0.8576,0.9594,0.0155,3.9566,12.4394,32.0,332,0,0,0
1787,59.5666,1,1,,11331.0,1,397.0,52.0,438.0,385.0,418.2678,220.4054,0.8508,0.8576,0.9588,0.0149,3.9334,12.42,32.0,331,0,0,0
1788,59.6,1,1,,11329.0,1,397.0,52.0,438.0,385.0,418.2645,220.3962,0.8554,0.8621,0.9538,0.0144,3.9744,12.4765,32.0,331,0,0,0
1789,59.6333,1,1,,11330.0,1,397.0,52.0,438.0,385.0,418.2659,220.3911,0.8587,0.8653,0.9507,0.0142,4.0058,12.5201,32.0,331,0,0,0
1790,59.6666,1,1,,11342.0,1,397.0,51.0,438.0,385.0,418.2716,220.4591,0.8632,0.8673,0.9497,0.0145,4.0388,12.5526,32.0,332,0,0,0
1791,59.7,1,1,,11338.0,1,397.0,52.0,438.0,385.0,418.2687,220.5024,0.8613,0.8676,0.9492,0.0147,4.1043,12.562,32.0,331,0,0,0
1792,59.7333,1,1,,11337.0,1,397.0,52.0,438.0,385.0,418.2689,220.5063,0.8594,0.8659,0.9506,0.0146,4.1148,12.5291,32.0,331,0,0,0
1793,59.7666,1,1,,11339.0,1,397.0,52.0,438.0,385.0,418.2734,220.5206,0.858,0.8647,0.9519,0.014,4.1439,12.4945,32.0,331,0,0,0
1794,59.8,1,1,,11340.0,1,396.0,51.0,438.0,385.0,418.2811,220.5325,0.8391,0.8434,0.9528,0.0133,5.1787,12.4641,32.0,332,0,0,0
1795,59.8333,1,1,,11338.0,1,397.0,51.0,438.0,385.0,418.2867,220.4846,0.8617,0.8657,0.9513,0.0128,4.3031,12.4855,32.0,332,0,0,0
1796,59.8666,1,1,,11339.0,1,397.0,51.0,438.0,385.0,418.2851,220.4955,0.8626,0.8663,0.9511,0.0131,4.3775,12.5041,32.0,332,0,0,0
1797,59.9,1,1,,11339.0,1,397.0,51.0,438.0,385.0,418.2862,220.4987,0.8628,0.8663,0.9513,0.0136,4.4157,12.5185,32.0,332,0,0,0
1798,59.9333,1,1,,11339.0,1,396.0,51.0,438.0,385.0,418.2827,220.5045,0.8424,0.8457,0.9515,0.0141,5.4217,12.5324,32.0,332,0,0,0
1799,59.9666,1,1,,11339.0,1,396.0,51.0,438.0,385.0,418.2827,220.5045,0.8425,0.8457,0.9516,0.0146,5.4029,12.5454,32.0,332,0,0,0
1800,60.0,1,1,,11177.0,2,399.0,51.0,441.0,386.0,418.8843,219.9678,0.8399,0.8431,0.9381,0.0131,4.3309,12.5552,32.0,333,1,0,0
1801,60.0333,1,1,,11286.0,2,394.0,52.0,438.0,386.0,418.511,220.7082,0.8014,0.8061,0.9458,0.0151,7.1937,12.5703,33.0,332,0,0,0
1802,60.0666,1,1,,11314.0,2,394.0,52.0,438.0,386.0,418.4831,220.7666,0.8029,0.8075,0.9466,0.0146,7.0656,12.5803,33.0,332,0,0,0
1803,60.1,1,1,,11330.0,2,394.0,52.0,438.0,386.0,418.4727,220.7912,0.8041,0.8087,0.9466,0.0142,6.9934,12.586,33.0,332,0,0,0
1804,60.1333,1,1,,11335.0,2,394.0,52.0,438.0,386.0,418.4678,220.8395,0.8049,0.8095,0.9461,0.0139,6.9673,12.587,33.0,332,0,0,0
1805,60.1666,1,1,,11339.0,2,393.0,52.0,438.0,386.0,418.4577,220.8923,0.7875,0.7919,0.9459,0.0137,7.9677,12.5856,33.0,332,0,0,0
1806,60.2,1,1,,11341.0,2,393.0,52.0,438.0,386.0,418.4479,220.9362,0.7877,0.7922,0.9457,0.0136,7.9788,12.5835,33.0,332,0,0,0
1807,60.2333,1,1,,11335.0,2,393.0,52.0,438.0,386.0,418.4231,220.9914,0.7878,0.7923,0.9451,0.0137,7.9934,12.5811,33.0,332,0,0,0
1808,60.2666,1,1,,11344.0,2,393.0,52.0,438.0,386.0,418.4215,221.031,0.7878,0.7923,0.9458,0.0137,8.0076,12.5787,33.0,332,0,0,0
1809,60.3,1,1,,11340.0,2,393.0,52.0,438.0,386.0,418.4163,220.9874,0.7878,0.7923,0.9455,0.0135,8.0194,12.5764,33.0,332,0,0,0
1810,60.3333,1,1,,11342.0,2,393.0,52.0,438.0,386.0,418.4105,220.9661,0.7872,0.7917,0.9464,0.0134,8.0475,12.5663,33.0,332,0,0,0
1811,60.3666,1,1,,11353.0,2,393.0,52.0,438.0,386.0,418.4017,221.0381,0.7867,0.7911,0.9481,0.0135,8.0711,12.5557,33.0,332,0,0,0
1812,60.4,1,1,,11358.0,2,393.0,52.0,438.0,386.0,418.3959,221.0282,0.7859,0.7903,0.9495,0.0134,8.0931,12.5417,33.0,332,0,0,0
1813,60.4333,1,1,,11356.0,2,393.0,52.0,438.0,386.0,418.3946,221.0219,0.7847,0.7891,0.9508,0.0134,8.1332,12.5227,33.0,332,0,0,0
1814,60.4666,1,1,,11362.0,2,393.0,52.0,438.0,386.0,418.4019,220.9979,0.7835,0.7879,0.9527,0.0133,8.1733,12.5036,33.0,332,0,0,0
1815,60.5,1,1,,11361.0,2,393.0,52.0,438.0,386.0,418.3965,220.9779,0.7824,0.7868,0.9539,0.0133,8.1979,12.4858,33.0,332,0,0,0
1816,60.5333,1,1,,11359.0,2,393.0,52.0,438.0,386.0,418.3947,220.9324,0.7816,0.7861,0.9545,0.0133,8.2109,12.4752,33.0,332,0,0,0
1817,60.5666,1,1,,11364.0,2,393.0,52.0,438.0,386.0,418.3933,220.9327,0.7811,0.7857,0.9553,0.0133,8.2184,12.4682,33.0,332,0,0,0
1818,60.6,1,1,,11367.0,2,393.0,52.0,438.0,386.0,418.3936,220.8915,0.7813,0.7859,0.9552,0.0132,8.2432,12.4711,33.0,332,0,0,0
1819,60.6333,1,1,,11367.0,2,393.0,52.0,438.0,386.0,418.3906,220.868,0.7818,0.7864,0.9546,0.0131,8.2585,12.4771,33.0,332,0,0,0
1820,60.6666,1,1,,11371.0,2,393.0,52.0,438.0,386.0,418.392,220.8731,0.7823,0.7869,0.9544,0.013,8.2691,12.483,33.0,332,0,0,0
1821,60.7,1,1,,11370.0,2,393.0,52.0,438.0,386.0,418.3859,220.8646,0.783,0.7876,0.9535,0.0129,8.2748,12.493,33.0,332,0,0,0
1822,60.7333,1,1,,11371.0,2,393.0,52.0,438.0,386.0,418.3846,220.8542,0.7837,0.7882,0.9529,0.0128,8.2885,12.5015,33.0,332,0,0,0
1823,60.7666,1,1,,11369.0,2,393.0,52.0,438.0,386.0,418.3781,220.8578,0.784,0.7886,0.9523,0.0128,8.3019,12.5072,33.0,332,0,0,0
1824,60.8,1,1,,11374.0,2,393.0,52.0,438.0,386.0,418.3836,220.8432,0.7843,0.7888,0.9525,0.0128,8.3104,12.5104,33.0,332,0,0,0
1825,60.8333,1,1,,11378.0,2,393.0,52.0,438.0,386.0,418.3828,220.825,0.7843,0.7888,0.9527,0.0127,8.3163,12.5116,33.0,332,0,0,0
1826,60.8666,1,1,,11380.0,2,393.0,52.0,438.0,386.0,418.383,220.8324,0.7842,0.7887,0.9531,0.0128,8.3205,12.5099,33.0,332,0,0,0
1827,60.9,1,1,,11379.0,2,393.0,52.0,438.0,386.0,418.3846,220.8562,0.7841,0.7886,0.9531,0.0128,8.3215,12.5083,33.0,332,0,0,0
1828,60.9333,1,1,,11377.0,2,393.0,52.0,438.0,386.0,418.3814,220.8304,0.784,0.7884,0.9532,0.0127,8.3254,12.5056,33.0,332,0,0,0
1829,60.9666,1,1,,11379.0,2,393.0,52.0,438.0,386.0,418.3847,220.8114,0.7838,0.7882,0.9537,0.0126,8.3266,12.5022,33.0,332,0,0,0
1830,61.0,1,1,,11379.0,2,393.0,52.0,438.0,386.0,418.3847,220.8203,0.7837,0.788,0.9539,0.0126,8.3327,12.4994,33.0,332,0,0,0
1831,61.0333,1,1,,11382.0,2,393.0,52.0,438.0,386.0,418.3834,220.8024,0.7834,0.7878,0.9545,0.0126,8.3361,12.4961,33.0,332,0,0,0
1832,61.0666,1,1,,11375.0,2,393.0,52.0,438.0,386.0,418.3885,220.81,0.7831,0.7875,0.9542,0.0127,8.3427,12.4925,33.0,332,0,0,0
1833,61.1,1,1,,11368.0,2,393.0,52.0,438.0,386.0,418.3702,220.8064,0.7828,0.7872,0.954,0.0128,8.3517,12.4886,33.0,332,0,0,0
1834,61.1333,1,1,,11377.0,2,393.0,52.0,438.0,386.0,418.3715,220.826,0.7823,0.7868,0.9551,0.0129,8.3871,12.4834,33.0,332,0,0,0
1835,61.1666,1,1,,11375.0,2,393.0,52.0,438.0,386.0,418.3577,220.8546,0.7818,0.7863,0.9555,0.0131,8.4191,12.4772,33.0,332,0,0,0
1836,61.2,1,1,,11382.0,2,393.0,52.0,438.0,386.0,418.3682,220.868,0.7815,0.786,0.9564,0.0132,8.4493,12.4726,33.0,332,0,0,0
1837,61.2333,1,1,,11378.0,2,393.0,52.0,438.0,386.0,418.3564,220.9414,0.7819,0.7864,0.9557,0.0134,8.4742,12.4786,33.0,332,0,0,0
1838,61.2666,1,1,,11378.0,2,393.0,52.0,438.0,386.0,418.3626,220.9281,0.782,0.7865,0.9556,0.0134,8.5094,12.4817,33.0,332,0,0,0
1839,61.3,1,1,,11378.0,2,393.0,52.0,438.0,386.0,418.3634,220.9083,0.7821,0.7866,0.9554,0.0135,8.5541,12.4855,33.0,332,0,0,0
1840,61.3333,1,1,,11388.0,2,393.0,52.0,438.0,386.0,418.358,220.9326,0.7819,0.7865,0.9562,0.0138,8.5817,12.4875,33.0,332,0,0,0
1841,61.3666,1,1,,11395.0,2,393.0,52.0,438.0,386.0,418.3634,220.9216,0.7817,0.7864,0.9568,0.0139,8.5972,12.488,33.0,332,0,0,0
1842,61.4,1,1,,11392.0,2,393.0,52.0,438.0,386.0,418.3688,220.8904,0.7815,0.7863,0.9565,0.014,8.6282,12.4895,33.0,332,0,0,0
1843,61.4333,1,1,,11395.0,2,393.0,52.0,438.0,386.0,418.3702,220.9061,0.7811,0.786,0.9571,0.0142,8.6603,12.486,33.0,332,0,0,0
1844,61.4666,1,1,,11392.0,2,393.0,52.0,438.0,386.0,418.3699,220.8444,0.7807,0.7856,0.9572,0.0141,8.6856,12.4808,33.0,332,0,0,0
1845,61.5,1,1,,11393.0,2,393.0,52.0,438.0,386.0,418.3636,220.9005,0.7802,0.7851,0.9579,0.0144,8.711,12.4732,33.0,332,0,0,0
1846,61.5333,1,1,,11397.0,2,393.0,52.0,438.0,386.0,418.3735,220.8692,0.7796,0.7845,0.9589,0.0143,8.7332,12.4649,33.0,332,0,0,0
1847,61.5666,1,1,,11395.0,2,393.0,52.0,438.0,386.0,418.3706,220.8806,0.7792,0.7841,0.9592,0.0144,8.7453,12.4586,33.0,332,0,0,0
1848,61.6,1,1,,11394.0,2,393.0,52.0,438.0,386.0,418.3665,220.8562,0.7789,0.7838,0.9594,0.0143,8.751,12.4539,33.0,332,0,0,0
1849,61.6333,1,1,,11395.0,2,393.0,52.0,438.0,386.0,418.3606,220.9113,0.7785,0.7836,0.9594,0.0147,8.7546,12.4531,33.0,332,0,0,0
1850,61.6666,1,1,,11398.0,2,393.0,52.0,438.0,386.0,418.3645,220.8991,0.7784,0.7836,0.9595,0.0148,8.756,12.4541,33.0,332,0,0,0
1851,61.7,1,1,,11394.0,2,393.0,52.0,438.0,386.0,418.3685,220.8941,0.7784,0.7836,0.9591,0.0148,8.755,12.4554,33.0,332,0,0,0
1852,61.7333,1,1,,11396.0,2,393.0,52.0,438.0,386.0,418.3679,220.9082,0.7785,0.7837,0.9593,0.0148,8.7519,12.4557,33.0,332,0,0,0
1853,61.7666,1,1,,11390.0,2,393.0,52.0,438.0,386.0,418.3591,220.9216,0.7788,0.7838,0.959,0.0146,8.7479,12.455,33.0,332,0,0,0
1854,61.8,1,1,,11389.0,2,393.0,52.0,438.0,386.0,418.3639,220.9009,0.7785,0.7833,0.9598,0.0144,8.7445,12.4477,33.0,332,0,0,0
1855,61.8333,1,1,,11388.0,2,393.0,52.0,438.0,386.0,418.3559,220.9204,0.778,0.7827,0.9606,0.0144,8.7512,12.4386,33.0,332,0,0,0
1856,61.8666,1,1,,11390.0,2,393.0,52.0,438.0,386.0,418.3638,220.9066,0.7773,0.782,0.9618,0.0144,8.7553,12.4281,33.0,332,0,0,0
1857,61.9,1,1,,11386.0,2,393.0,52.0,438.0,386.0,418.358,220.902,0.7764,0.781,0.9627,0.0145,8.7577,12.4167,33.0,332,0,0,0
1858,61.9333,1,1,,11383.0,2,393.0,52.0,438.0,386.0,418.3607,220.8819,0.7751,0.7796,0.9641,0.0145,8.7596,12.399,33.0,332,0,0,0
1859,61.9666,1,1,,11386.0,2,393.0,52.0,438.0,386.0,418.3516,220.8854,0.7737,0.7783,0.9661,0.0147,8.7666,12.381,33.0,332,0,0,0
1860,62.0,1,1,,11382.0,2,393.0,52.0,438.0,386.0,418.3552,220.9186,0.7731,0.7776,0.9666,0.0148,8.7744,12.3724,33.0,332,0,0,0
1861,62.0333,1,1,,11389.0,2,393.0,52.0,438.0,386.0,418.3557,220.9479,0.773,0.7774,0.9675,0.0149,8.753,12.3691,33.0,332,0,0,0
1862,62.0666,1,1,,11386.0,2,393.0,52.0,438.0,386.0,418.3539,220.9705,0.7734,0.7779,0.9668,0.0148,8.7352,12.3747,33.0,332,0,0,0
1863,62.1,1,1,,11381.0,2,393.0,52.0,438.0,386.0,418.3562,220.9461,0.7736,0.7781,0.966,0.0148,8.732,12.3781,33.0,332,0,0,0
1864,62.1333,1,1,,11373.0,2,393.0,52.0,438.0,386.0,418.3847,220.9268,0.7739,0.7784,0.9647,0.0148,8.7221,12.3839,33.0,332,0,0,0
1865,62.1666,1,1,,11380.0,2,393.0,52.0,438.0,386.0,418.3769,220.9602,0.7758,0.7805,0.9626,0.015,8.6962,12.4168,33.0,332,0,0,0
1866,62.2,1,1,,11380.0,2,393.0,52.0,438.0,386.0,418.3769,220.9602,0.7774,0.7822,0.9604,0.015,8.673,12.4435,33.0,332,0,0,0
1867,62.2333,1,1,,11382.0,2,393.0,52.0,438.0,386.0,418.374,220.9474,0.7782,0.783,0.9594,0.0151,8.6778,12.4574,33.0,332,0,0,0
1868,62.2666,1,1,,11381.0,2,393.0,52.0,438.0,386.0,418.377,220.9478,0.7786,0.7836,0.9586,0.0152,8.6879,12.4662,33.0,332,0,0,0
1869,62.3,1,1,,11381.0,2,393.0,52.0,438.0,386.0,418.3814,220.93,0.779,0.784,0.958,0.0152,8.7147,12.4743,33.0,332,0,0,0
1870,62.3333,1,1,,11384.0,2,393.0,51.0,438.0,386.0,418.3867,220.9371,0.781,0.7842,0.958,0.0154,8.7389,12.4783,33.0,333,0,0,0
1871,62.3666,1,1,,11385.0,2,393.0,51.0,438.0,386.0,418.3817,220.9592,0.7814,0.7846,0.9575,0.0156,8.7623,12.4871,33.0,333,0,0,0
1872,62.4,1,1,,11382.0,2,393.0,51.0,438.0,386.0,418.3799,220.983,0.7816,0.7849,0.957,0.0157,8.7729,12.4931,33.0,333,0,0,0
1873,62.4333,1,1,,11384.0,2,393.0,51.0,438.0,386.0,418.3773,220.9807,0.7827,0.7857,0.9565,0.0155,8.7703,12.5037,33.0,333,0,0,0
1874,62.4666,1,1,,11383.0,2,393.0,51.0,438.0,386.0,418.379,220.9746,0.784,0.7868,0.9553,0.0153,8.7717,12.5215,33.0,333,0,0,0
1875,62.5,1,1,,11385.0,2,393.0,51.0,438.0,386.0,418.3758,220.982,0.785,0.7877,0.9546,0.0152,8.7669,12.5347,33.0,333,0,0,0
1876,62.5333,1,1,,11385.0,2,393.0,51.0,438.0,386.0,418.3797,221.0024,0.7856,0.7882,0.9541,0.0152,8.7589,12.544,33.0,333,0,0,0
1877,62.5666,1,1,,11383.0,2,393.0,51.0,438.0,386.0,418.383,220.9932,0.786,0.7886,0.9536,0.0151,8.7503,12.5499,33.0,333,0,0,0
1878,62.6,1,1,,11381.0,2,393.0,51.0,438.0,386.0,418.3858,220.9953,0.7861,0.7886,0.9535,0.0151,8.7607,12.5499,33.0,333,0,0,0
1879,62.6333,1,1,,11384.0,2,393.0,51.0,438.0,386.0,418.3813,220.9998,0.7858,0.7883,0.9541,0.0152,8.7763,12.5462,33.0,333,0,0,0
1880,62.6666,1,1,,11383.0,2,393.0,51.0,438.0,386.0,418.386,220.9871,0.7857,0.7882,0.9541,0.0151,8.7889,12.5445,33.0,333,0,0,0
1881,62.7,1,1,,11386.0,2,393.0,51.0,438.0,386.0,418.3737,220.9907,0.7856,0.7881,0.9544,0.0152,8.7969,12.5425,33.0,333,0,0,0
1882,62.7333,1,1,,11386.0,2,393.0,51.0,438.0,386.0,418.3769,220.9784,0.785,0.7875,0.9551,0.0151,8.8354,12.531,33.0,333,0,0,0
1883,62.7666,1,1,,11388.0,2,393.0,51.0,438.0,386.0,418.3799,220.9684,0.7846,0.7872,0.9557,0.015,8.8641,12.5238,33.0,333,0,0,0
1884,62.8,1,1,,11393.0,2,393.0,52.0,438.0,386.0,418.3804,220.9475,0.7825,0.7869,0.9564,0.0149,8.8822,12.5179,33.0,332,0,0,0
1885,62.8333,1,1,,11389.0,2,393.0,52.0,438.0,386.0,418.3796,220.9752,0.7831,0.7875,0.9554,0.0149,8.9112,12.5238,33.0,332,0,0,0
1886,62.8666,1,1,,11387.0,2,393.0,52.0,438.0,386.0,418.3823,220.9886,0.7832,0.7875,0.9553,0.0148,8.9474,12.5231,33.0,332,0,0,0
1887,62.9,1,1,,11390.0,2,393.0,52.0,438.0,386.0,418.3802,220.9891,0.7831,0.7874,0.9558,0.0148,9.0017,12.5203,33.0,332,0,0,0
1888,62.9333,1,1,,11396.0,2,393.0,52.0,438.0,386.0,418.3915,220.9809,0.7832,0.7874,0.9564,0.0148,9.0361,12.5216,33.0,332,0,0,0
1889,62.9666,1,1,,11393.0,2,393.0,52.0,438.0,386.0,418.3866,220.9521,0.7838,0.7879,0.9556,0.0147,9.0285,12.532,33.0,332,0,0,0
1890,63.0,1,1,,11393.0,2,393.0,52.0,438.0,386.0,418.3894,220.961,0.7848,0.789,0.9544,0.0148,8.9926,12.5508,33.0,332,0,0,0
1891,63.0333,1,1,,11386.0,2,393.0,52.0,438.0,386.0,418.3979,220.9239,0.7857,0.7898,0.9528,0.0148,8.9576,12.5681,33.0,332,0,0,0
1892,63.0666,1,1,,11395.0,2,393.0,52.0,438.0,386.0,418.3961,220.94,0.7863,0.7904,0.9529,0.015,8.9338,12.5801,33.0,332,0,0,0
1893,63.1,1,1,,11393.0,2,393.0,52.0,438.0,386.0,418.3959,220.9507,0.786,0.7901,0.9531,0.0151,8.9286,12.5784,33.0,332,0,0,0
1894,63.1333,1,1,,11393.0,2,393.0,52.0,438.0,386.0,418.3959,220.9507,0.7854,0.7896,0.9537,0.0152,8.9345,12.5725,33.0,332,0,0,0
1895,63.1666,1,1,,11393.0,2,393.0,52.0,438.0,386.0,418.3959,220.9507,0.7844,0.7886,0.9548,0.0153,8.9647,12.5577,33.0,332,0,0,0
1896,63.2,1,1,,11396.0,2,393.0,52.0,438.0,386.0,418.3917,220.9249,0.7835,0.7877,0.9561,0.0153,8.9879,12.5441,33.0,332,0,0,0
1897,63.2333,1,1,,11396.0,2,393.0,52.0,438.0,386.0,418.3917,220.9249,0.7826,0.7868,0.9572,0.0153,9.0124,12.5285,33.0,332,0,0,0
1898,63.2666,1,1,,11396.0,2,393.0,52.0,438.0,386.0,418.3885,220.9371,0.7815,0.7857,0.9585,0.0152,9.0313,12.5106,33.0,332,0,0,0
1899,63.3,1,1,,11396.0,2,393.0,52.0,438.0,386.0,418.3917,220.9249,0.7807,0.7849,0.9595,0.0151,9.0503,12.4957,33.0,332,0,0,0
1900,63.3333,1,1,,11396.0,2,393.0,52.0,438.0,386.0,418.3917,220.9249,0.7802,0.7843,0.9602,0.015,9.0646,12.4847,33.0,332,0,0,0
1901,63.3666,1,1,,11395.0,2,393.0,52.0,438.0,386.0,418.3939,220.9115,0.7797,0.7838,0.9607,0.0149,9.073,12.4748,33.0,332,0,0,0
1902,63.4,1,1,,11390.0,2,393.0,52.0,438.0,386.0,418.4022,220.8878,0.7794,0.7836,0.9606,0.0148,9.0902,12.4693,33.0,332,0,0,0
1903,63.4333,1,1,,11388.0,2,393.0,52.0,438.0,386.0,418.3992,220.8864,0.7792,0.7834,0.9604,0.0149,9.1014,12.4661,33.0,332,0,0,0
1904,63.4666,1,1,,11386.0,2,393.0,52.0,438.0,386.0,418.4017,220.8871,0.7791,0.7834,0.9602,0.0149,9.1127,12.4647,33.0,332,0,0,0
1905,63.5,1,1,,11388.0,2,393.0,51.0,438.0,386.0,418.3919,220.8545,0.7809,0.7834,0.9603,0.0149,9.1183,12.4646,33.0,333,0,0,0
1906,63.5333,1,1,,11393.0,2,393.0,51.0,438.0,386.0,418.3874,220.8683,0.7811,0.7836,0.9604,0.0149,9.0969,12.4689,33.0,333,0,0,0
1907,63.5666,1,1,,11393.0,2,393.0,51.0,438.0,386.0,418.3851,220.8757,0.781,0.7836,0.9605,0.0149,9.0607,12.4684,33.0,333,0,0,0
1908,63.6,1,1,,11390.0,2,393.0,52.0,438.0,386.0,418.3843,220.9024,0.7792,0.7836,0.9603,0.015,9.0283,12.4707,33.0,332,0,0,0
1909,63.6333,1,1,,11389.0,2,393.0,52.0,438.0,386.0,418.3856,220.9042,0.7793,0.7836,0.9602,0.0151,9.0001,12.4752,33.0,332,0,0,0
1910,63.6666,1,1,,11391.0,2,393.0,52.0,438.0,386.0,418.3857,220.9045,0.7794,0.7837,0.9603,0.0153,8.9795,12.4803,33.0,332,0,0,0
1911,63.7,1,1,,11390.0,2,393.0,52.0,438.0,386.0,418.3833,220.932,0.7793,0.7837,0.9602,0.0155,8.9725,12.4832,33.0,332,0,0,0
1912,63.7333,1,1,,11386.0,2,393.0,52.0,438.0,386.0,418.3929,220.9175,0.7793,0.7836,0.9599,0.0155,8.9706,12.4855,33.0,332,0,0,0
1913,63.7666,1,1,,11390.0,2,393.0,52.0,438.0,386.0,418.381,220.9152,0.7792,0.7835,0.9604,0.0156,8.99,12.4849,33.0,332,0,0,0
1914,63.8,1,1,,11390.0,2,393.0,52.0,438.0,386.0,418.3811,220.9049,0.779,0.7833,0.9606,0.0156,9.0086,12.4831,33.0,332,0,0,0
1915,63.8333,1,1,,11390.0,2,393.0,52.0,438.0,386.0,418.379,220.8975,0.7789,0.7833,0.9607,0.0156,9.0212,12.4815,33.0,332,0,0,0
1916,63.8666,1,1,,11390.0,2,393.0,52.0,438.0,386.0,418.3754,220.9122,0.7789,0.7832,0.9608,0.0156,9.0286,12.4802,33.0,332,0,0,0
1917,63.9,1,1,,11390.0,2,393.0,52.0,438.0,386.0,418.3754,220.9212,0.7782,0.7825,0.9616,0.0157,9.0652,12.4688,33.0,332,0,0,0
1918,63.9333,1,1,,11386.0,2,393.0,52.0,438.0,386.0,418.38,220.9525,0.7778,0.7821,0.9617,0.0158,9.0974,12.4619,33.0,332,0,0,0
1919,63.9666,1,1,,11385.0,2,393.0,52.0,438.0,386.0,418.3785,220.9628,0.7773,0.7816,0.9622,0.0158,9.1302,12.4533,33.0,332,0,0,0
1920,64.0,1,1,,11353.0,1,395.0,52.0,439.0,386.0,419.1075,221.0779,0.7943,0.7988,0.9603,0.0156,7.1629,12.4433,32.0,332,0,0,0
1921,64.0333,1,1,,11373.0,1,395.0,51.0,439.0,386.0,419.0909,220.9749,0.7954,0.7981,0.9628,0.0155,7.2323,12.4336,32.0,333,0,0,0
1922,64.0666,1,1,,11448.0,2,393.0,51.0,438.0,386.0,418.4085,220.7144,0.7756,0.7782,0.9716,0.0155,9.3604,12.4035,33.0,333,0,0,0
1923,64.1,1,1,,11386.0,1,395.0,51.0,439.0,386.0,419.0862,220.9938,0.7915,0.7942,0.9684,0.016,7.4443,12.3801,32.0,333,0,0,0
1924,64.1333,1,1,,11396.0,1,395.0,51.0,439.0,386.0,419.0979,220.9634,0.7902,0.793,0.9707,0.016,7.4935,12.3627,32.0,333,0,0,0
1925,64.1666,1,1,,11458.0,2,393.0,51.0,438.0,386.0,418.4349,220.677,0.7719,0.7745,0.977,0.0157,9.5171,12.3495,33.0,333,0,0,0
1926,64.2,1,1,,11455.0,2,393.0,51.0,438.0,386.0,418.4391,220.705,0.7713,0.7739,0.9775,0.0158,9.5298,12.3395,33.0,333,0,0,0
1927,64.2333,1,1,,11395.0,1,395.0,51.0,439.0,386.0,419.1251,220.9759,0.7882,0.7909,0.9731,0.016,7.5453,12.33,32.0,333,0,0,0
1928,64.2666,1,1,,11465.0,2,393.0,51.0,438.0,386.0,418.4159,220.711,0.7702,0.7729,0.9797,0.0158,9.5605,12.3217,33.0,333,0,0,0
1929,64.3,1,1,,11456.0,2,393.0,52.0,438.0,386.0,418.4235,220.7606,0.7677,0.7721,0.9798,0.0159,9.5888,12.311,33.0,332,0,0,0
1930,64.3333,1,1,,11454.0,2,393.0,52.0,438.0,386.0,418.4229,220.7937,0.7668,0.7712,0.981,0.016,9.6003,12.2971,33.0,332,0,0,0
1931,64.3666,1,1,,11457.0,2,393.0,52.0,438.0,386.0,418.4099,220.8231,0.7663,0.7706,0.9819,0.0162,9.5899,12.292,33.0,332,0,0,0
1932,64.4,1,1,,11452.0,2,393.0,52.0,438.0,386.0,418.418,220.8101,0.7661,0.7704,0.9819,0.0163,9.577,12.2906,33.0,332,0,0,0
1933,64.4333,1,1,,11449.0,2,393.0,52.0,438.0,386.0,418.4192,220.8072,0.766,0.7703,0.9816,0.0163,9.5633,12.2921,33.0,332,0,0,0
1934,64.4666,1,1,,11451.0,2,393.0,52.0,438.0,386.0,418.4002,220.8724,0.7663,0.7706,0.9814,0.0166,9.5513,12.2979,33.0,332,0,0,0
1935,64.5,1,1,,11444.0,2,393.0,52.0,438.0,386.0,418.4082,220.8414,0.7665,0.7708,0.9805,0.0166,9.5467,12.3024,33.0,332,0,0,0
1936,64.5333,1,1,,11443.0,2,393.0,52.0,438.0,386.0,418.3978,220.9033,0.7668,0.7711,0.98,0.0168,9.539,12.3077,33.0,332,0,0,0
1937,64.5666,1,1,,11432.0,2,393.0,52.0,438.0,386.0,418.404,220.9515,0.7671,0.7715,0.9785,0.017,9.5204,12.3157,33.0,332,0,0,0
1938,64.6,1,1,,11423.0,2,393.0,52.0,438.0,386.0,418.4024,220.9874,0.7671,0.7716,0.9775,0.0173,9.5006,12.3211,33.0,332,0,0,0
1939,64.6333,1,1,,11372.0,1,395.0,52.0,439.0,386.0,419.1075,221.2704,0.7839,0.7887,0.9735,0.0179,7.4818,12.3185,32.0,332,0,0,0
1940,64.6666,1,1,,11442.0,2,393.0,52.0,438.0,386.0,418.3963,220.9161,0.7661,0.7707,0.9801,0.0174,9.4687,12.3126,33.0,332,0,0,0
1941,64.7,1,1,,11386.0,1,395.0,52.0,439.0,386.0,419.1046,221.184,0.7823,0.7872,0.9766,0.0178,7.4914,12.2975,32.0,332,0,0,0
1942,64.7333,1,1,,11392.0,1,395.0,52.0,439.0,386.0,419.1001,221.1142,0.7803,0.7851,0.9797,0.0176,7.5221,12.2657,32.0,332,0,0,0
1943,64.7666,1,1,,11401.0,1,395.0,52.0,439.0,386.0,419.0989,221.1101,0.7785,0.7834,0.9825,0.0177,7.5542,12.2395,32.5,332,0,0,0
1944,64.8,1,1,,11398.0,1,395.0,52.0,439.0,386.0,419.1067,221.0643,0.777,0.7818,0.9842,0.0175,7.5722,12.215,32.0,332,0,0,0
1945,64.8333,1,1,,11402.0,1,395.0,52.0,439.0,386.0,419.1206,221.0823,0.776,0.7808,0.9858,0.0174,7.5574,12.197,33.0,332,0,0,0
1946,64.8666,1,1,,11406.0,1,395.0,52.0,439.0,386.0,419.1092,221.0481,0.7754,0.7802,0.987,0.0172,7.5507,12.1845,32.5,332,0,0,0
1947,64.9,1,1,,11408.0,1,395.0,51.0,439.0,386.0,419.1394,220.9789,0.7769,0.7799,0.9876,0.0169,7.5508,12.1776,33.0,333,0,0,0
1948,64.9333,1,1,,11483.0,2,393.0,51.0,438.0,386.0,418.4559,220.7488,0.7595,0.7623,0.9944,0.0167,9.5587,12.1741,33.0,333,0,0,0
1949,64.9666,1,1,,11480.0,2,393.0,52.0,438.0,386.0,418.4462,220.7704,0.7575,0.7621,0.9944,0.0168,9.5746,12.1719,33.0,332,0,0,0
1950,65.0,1,1,,11459.0,2,393.0,52.0,438.0,387.0,418.3855,221.1398,0.7551,0.7597,0.9927,0.018,9.5852,12.1716,33.0,333,0,0,0
1951,65.0333,1,1,,11464.0,2,393.0,52.0,438.0,387.0,418.3735,221.1873,0.7473,0.752,1.003,0.0186,9.709,12.0575,33.0,333,0,0,0
1952,65.0666,1,1,,11464.0,2,393.0,52.0,438.0,387.0,418.3677,221.2222,0.741,0.7457,1.0113,0.0192,9.8167,11.9655,33.0,333,0,0,0
1953,65.1,1,1,,11458.0,2,393.0,52.0,438.0,387.0,418.364,221.2637,0.7362,0.7408,1.0173,0.0197,9.9035,11.8954,33.0,333,0,0,0
1954,65.1333,1,1,,11401.0,1,395.0,52.0,439.0,386.0,419.0694,221.4511,0.7514,0.7563,1.017,0.0201,7.9702,11.8446,32.0,332,0,0,0
1955,65.1666,1,1,,11389.0,1,395.0,52.0,439.0,386.0,419.0803,221.2792,0.7489,0.7538,1.0193,0.0198,8.0185,11.81,32.0,332,0,0,0
1956,65.2,1,1,,11398.0,1,395.0,52.0,439.0,386.0,419.0796,221.2104,0.7474,0.7523,1.0222,0.0197,8.0504,11.7885,32.0,332,0,0,0
1957,65.2333,1,1,,11400.0,1,395.0,52.0,439.0,386.0,419.0893,221.2255,0.7467,0.7515,1.0235,0.0198,8.0687,11.7773,32.0,332,0,0,0
1958,65.2666,1,1,,11478.0,2,393.0,52.0,438.0,386.0,418.3955,221.1581,0.7299,0.7345,1.0309,0.0199,10.0804,11.7726,33.0,332,0,0,0
1959,65.3,1,1,,11398.0,1,395.0,52.0,439.0,386.0,419.1034,221.2795,0.7465,0.7512,1.0237,0.0199,8.0828,11.7734,32.0,332,0,0,0
1960,65.3333,1,1,,11465.0,2,393.0,52.0,438.0,386.0,418.4275,221.1207,0.7302,0.7348,1.0294,0.0197,10.0769,11.7755,33.0,332,0,0,0
1961,65.3666,1,1,,11460.0,2,393.0,52.0,438.0,386.0,418.4085,221.1758,0.7306,0.7351,1.0286,0.0198,10.0618,11.7792,33.0,332,0,0,0
1962,65.4,1,1,,11384.0,1,395.0,52.0,439.0,386.0,419.1313,221.3087,0.7475,0.7522,1.0212,0.0198,8.0477,11.7845,32.0,332,0,0,0
1963,65.4333,1,1,,11388.0,1,395.0,52.0,439.0,386.0,419.1247,221.2449,0.7481,0.7528,1.0207,0.0195,8.0321,11.7929,32.0,332,0,0,0
1964,65.4666,1,1,,11471.0,2,393.0,52.0,438.0,386.0,418.3854,221.0885,0.7322,0.7367,1.0273,0.0194,10.0148,11.8021,33.0,332,0,0,0
1965,65.5,1,1,,11466.0,2,393.0,52.0,438.0,386.0,418.3898,221.1031,0.7328,0.7373,1.026,0.0194,10.0071,11.8115,33.0,332,0,0,0
1966,65.5333,1,1,,11397.0,1,395.0,52.0,439.0,386.0,419.0906,221.3206,0.7502,0.7549,1.0186,0.0197,7.9997,11.8252,32.0,332,0,0,0
1967,65.5666,1,1,,11396.0,1,395.0,52.0,439.0,386.0,419.1129,221.259,0.7515,0.7563,1.0167,0.0195,7.9694,11.8467,32.0,332,0,0,0
1968,65.6,1,1,,11488.0,2,393.0,51.0,438.0,386.0,418.4131,221.0161,0.7378,0.7407,1.0233,0.0192,9.9415,11.866,33.0,333,0,0,0
1969,65.6333,1,1,,11487.0,2,393.0,52.0,438.0,387.0,418.3857,221.0296,0.7348,0.7394,1.022,0.0193,9.9197,11.8807,33.0,333,0,0,0
1970,65.6666,1,1,,11401.0,1,395.0,52.0,439.0,386.0,419.0944,221.3232,0.7543,0.7591,1.0134,0.0197,7.9037,11.8914,32.0,332,0,0,0
1971,65.7,1,1,,11395.0,1,395.0,52.0,439.0,386.0,419.1057,221.2301,0.755,0.7598,1.012,0.0195,7.8955,11.9021,32.0,332,0,0,0
1972,65.7333,1,1,,11473.0,2,393.0,52.0,438.0,387.0,418.4189,221.1178,0.7364,0.741,1.0186,0.0195,9.9024,11.906,33.0,333,0,0,0
1973,65.7666,1,1,,11468.0,2,393.0,52.0,438.0,387.0,418.4084,221.1277,0.7366,0.7411,1.018,0.0195,9.9076,11.9077,33.0,333,0,0,0
1974,65.8,1,1,,11389.0,1,395.0,52.0,439.0,386.0,419.0891,221.2614,0.7551,0.7599,1.0115,0.0194,7.9367,11.9009,32.0,332,0,0,0
1975,65.8333,1,1,,11389.0,1,395.0,52.0,439.0,386.0,419.1007,221.1922,0.7548,0.7596,1.0119,0.0192,7.9781,11.8945,32.0,332,0,0,0
1976,65.8666,1,1,,11381.0,1,395.0,52.0,439.0,386.0,419.1219,221.1648,0.7546,0.7594,1.0114,0.019,8.0057,11.8888,32.0,332,0,0,0
1977,65.9,1,1,,11394.0,1,395.0,52.0,439.0,386.0,419.1058,221.1406,0.7545,0.7593,1.0126,0.0188,8.0179,11.8849,32.0,332,0,0,0
1978,65.9333,1,1,,11395.0,1,395.0,52.0,439.0,386.0,419.092,221.0843,0.7548,0.7596,1.0123,0.0185,8.0067,11.8864,32.0,332,0,0,0
1979,65.9666,1,1,,11397.0,1,395.0,52.0,439.0,386.0,419.111,221.0992,0.7552,0.76,1.012,0.0184,7.9974,11.8887,32.0,332,0,0,0
1980,66.0,1,1,,11491.0,2,393.0,51.0,438.0,386.0,418.4475,220.9601,0.7407,0.7436,1.0198,0.0182,9.9814,11.8928,33.0,333,0,0,0
1981,66.0333,1,1,,11394.0,1,395.0,52.0,439.0,386.0,419.1368,221.1431,0.7561,0.7608,1.0107,0.0183,7.9655,11.8972,32.0,332,0,0,0
1982,66.0666,1,1,,11481.0,2,393.0,52.0,438.0,387.0,418.4528,220.9482,0.7376,0.7422,1.0178,0.018,9.9464,11.9029,33.0,333,0,0,0
1983,66.1,1,1,,11379.0,1,395.0,52.0,439.0,386.0,419.1398,221.1391,0.757,0.7618,1.0081,0.0181,7.9358,11.9095,32.0,332,0,0,0
1984,66.1333,1,1,,11479.0,2,393.0,52.0,438.0,386.0,418.4397,220.9639,0.7405,0.7452,1.0164,0.0181,9.9292,11.9145,33.0,332,0,0,0
1985,66.1666,1,1,,11479.0,2,393.0,52.0,438.0,387.0,418.4248,220.986,0.7379,0.7425,1.0169,0.0182,9.9169,11.9076,33.0,333,0,0,0
1986,66.2,1,1,,11473.0,2,393.0,52.0,438.0,387.0,418.4052,221.0883,0.7375,0.7421,1.0169,0.0185,9.9106,11.9004,33.0,333,0,0,0
1987,66.2333,1,1,,11373.0,1,395.0,52.0,439.0,386.0,419.132,221.1989,0.7557,0.7606,1.0089,0.0183,7.9053,11.8887,32.0,332,0,0,0
1988,66.2666,1,1,,11473.0,2,393.0,52.0,438.0,387.0,418.4019,221.0676,0.736,0.7407,1.0187,0.0183,9.9182,11.8747,33.0,333,0,0,0
1989,66.3,1,1,,11383.0,1,395.0,52.0,439.0,386.0,419.1048,221.1595,0.7539,0.7589,1.0118,0.0182,7.9539,11.8591,32.0,332,0,0,0
1990,66.3333,1,1,,11390.0,1,395.0,52.0,439.0,386.0,419.0841,221.1735,0.7531,0.7582,1.0132,0.0182,7.981,11.846,32.0,332,0,0,0
1991,66.3666,1,1,,11394.0,1,395.0,52.0,439.0,386.0,419.0814,221.1511,0.7528,0.7579,1.014,0.018,8.0018,11.8376,32.0,332,0,0,0
1992,66.4,1,1,,11387.0,1,395.0,52.0,439.0,386.0,419.0914,221.0991,0.7527,0.7578,1.0135,0.0177,8.0113,11.8331,32.0,332,0,0,0
1993,66.4333,1,1,,11381.0,1,395.0,52.0,439.0,386.0,419.1195,221.0494,0.7527,0.7578,1.013,0.0175,8.0214,11.8305,32.0,332,0,0,0
1994,66.4666,1,1,,11390.0,1,395.0,52.0,439.0,386.0,419.0963,221.0784,0.7529,0.7579,1.0137,0.0175,8.0275,11.8306,32.0,332,0,0,0
1995,66.5,1,1,,11378.0,1,395.0,52.0,439.0,386.0,419.1285,221.0076,0.7532,0.7582,1.0123,0.0172,8.0624,11.8339,32.0,332,0,0,0
1996,66.5333,1,1,,11384.0,1,395.0,52.0,439.0,386.0,419.1197,221.001,0.7538,0.7587,1.0122,0.0171,8.0864,11.8418,32.0,332,0,0,0
1997,66.5666,1,1,,11383.0,1,395.0,52.0,439.0,386.0,419.1213,220.9919,0.7546,0.7595,1.0111,0.0171,8.1016,11.8544,32.0,332,0,0,0
1998,66.6,1,1,,11387.0,1,395.0,52.0,439.0,386.0,419.1143,220.9563,0.7552,0.7601,1.0107,0.017,8.1045,11.8646,32.0,332,0,0,0
1999,66.6333,1,1,,11495.0,2,393.0,52.0,438.0,387.0,418.4438,220.8702,0.7367,0.7413,1.0201,0.0172,10.097,11.8693,33.0,333,0,0,0
2000,66.6666,1,1,,10925.0,2,399.0,51.0,441.0,386.0,418.887,220.3761,0.7933,0.7966,0.9696,0.0154,4.5121,11.8702,31.0,333,1,0,0
2001,66.7,1,1,,11084.0,2,394.0,52.0,438.0,386.0,418.4402,220.9608,0.7555,0.7603,0.9838,0.0174,9.0677,11.8705,32.0,332,0,0,0
2002,66.7333,1,1,,11120.0,2,394.0,52.0,438.0,386.0,418.4177,221.0624,0.7555,0.7603,0.987,0.0177,9.059,11.8704,32.0,332,0,0,0
2003,66.7666,1,1,,11129.0,2,394.0,52.0,438.0,386.0,418.421,221.1245,0.7556,0.7603,0.9878,0.0179,9.0498,11.8711,32.0,332,0,0,0
2004,66.8,1,1,,11135.0,2,394.0,52.0,438.0,386.0,418.4145,221.1372,0.7557,0.7605,0.9882,0.0179,9.0406,11.8725,32.0,332,0,0,0
2005,66.8333,1,1,,11143.0,2,394.0,52.0,438.0,386.0,418.4106,221.1869,0.7559,0.7606,0.9888,0.018,9.0355,11.8735,32.0,332,0,0,0
2006,66.8666,1,1,,11148.0,2,394.0,52.0,438.0,386.0,418.4052,221.2175,0.756,0.7607,0.9891,0.018,9.0334,11.874,32.0,332,0,0,0
2007,66.9,1,1,,11156.0,2,393.0,52.0,438.0,386.0,418.4001,221.3067,0.7395,0.744,0.9894,0.0183,10.0308,11.8777,32.0,332,0,0,0
2008,66.9333,1,1,,11163.0,2,393.0,52.0,438.0,386.0,418.4008,221.3198,0.7398,0.7444,0.9894,0.0184,10.0278,11.8851,32.0,332,0,0,0
2009,66.9666,1,1,,11163.0,2,393.0,52.0,438.0,386.0,418.3978,221.3175,0.7405,0.7451,0.9885,0.0185,10.0037,11.8965,32.0,332,0,0,0
2010,67.0,1,1,,11167.0,2,393.0,52.0,438.0,386.0,418.4009,221.2945,0.7413,0.7459,0.9879,0.0184,9.9679,11.9088,32.0,332,0,0,0
2011,67.0333,1,1,,11170.0,2,393.0,52.0,438.0,386.0,418.4016,221.2743,0.7414,0.7459,0.9881,0.0183,9.9364,11.91,32.0,332,0,0,0
2012,67.0666,1,1,,11174.0,2,393.0,52.0,438.0,386.0,418.4025,221.2637,0.741,0.7455,0.9891,0.0182,9.9278,11.9033,32.0,332,0,0,0
2013,67.1,1,1,,11175.0,2,393.0,52.0,438.0,386.0,418.403,221.2809,0.7406,0.7451,0.9899,0.0181,9.9254,11.8949,32.0,332,0,0,0
2014,67.1333,1,1,,11181.0,2,393.0,52.0,438.0,386.0,418.4106,221.246,0.7403,0.7447,0.9909,0.0179,9.929,11.8877,32.0,332,0,0,0
2015,67.1666,1,1,,11183.0,2,393.0,52.0,438.0,386.0,418.4059,221.2363,0.7403,0.7447,0.9913,0.0177,9.9409,11.8819,32.0,332,0,0,0
2016,67.2,1,1,,11179.0,2,393.0,52.0,438.0,386.0,418.4037,221.2362,0.7404,0.7448,0.9908,0.0175,9.9537,11.8796,32.0,332,0,0,0
2017,67.2333,1,1,,11182.0,2,393.0,52.0,438.0,386.0,418.4047,221.231,0.7405,0.7449,0.9909,0.0173,9.9574,11.8769,32.0,332,0,0,0
2018,67.2666,1,1,,11182.0,2,393.0,52.0,438.0,386.0,418.4008,221.2035,0.7409,0.7453,0.9904,0.0171,9.9535,11.8796,32.0,332,0,0,0
2019,67.3,1,1,,11185.0,2,393.0,52.0,438.0,386.0,418.4006,221.1891,0.7411,0.7455,0.9904,0.0169,9.9492,11.8809,32.0,332,0,0,0
2020,67.3333,1,1,,11158.0,1,395.0,52.0,439.0,386.0,419.0808,221.1534,0.758,0.7626,0.9878,0.0164,7.9459,11.8821,32.0,332,0,0,0
2021,67.3666,1,1,,11176.0,1,395.0,52.0,439.0,386.0,419.0731,221.0735,0.7581,0.7627,0.9893,0.0161,7.9436,11.8832,32.0,332,0,0,0
2022,67.4,1,1,,11185.0,1,395.0,52.0,439.0,386.0,419.0645,221.0111,0.7581,0.7627,0.99,0.016,7.942,11.8841,32.0,332,0,0,0
2023,67.4333,1,1,,11197.0,1,395.0,52.0,439.0,386.0,419.0564,220.9761,0.7581,0.7627,0.9911,0.0159,7.9451,11.8837,32.0,332,0,0,0
2024,67.4666,1,1,,11204.0,1,395.0,52.0,439.0,386.0,419.0593,220.9713,0.7577,0.7623,0.9921,0.016,7.955,11.8799,32.0,332,0,0,0
2025,67.5,1,1,,11204.0,1,395.0,52.0,439.0,386.0,419.0594,220.961,0.7573,0.762,0.9926,0.016,7.9665,11.8756,32.0,332,0,0,0
2026,67.5333,1,1,,11202.0,1,395.0,52.0,439.0,386.0,419.0908,220.9404,0.7567,0.7614,0.993,0.0161,7.9777,11.87,32.0,332,0,0,0
2027,67.5666,1,1,,11206.0,1,395.0,52.0,439.0,386.0,419.0884,220.9003,0.7561,0.7608,0.9942,0.0161,7.9939,11.8634,32.0,332,0,0,0
2028,67.6,1,1,,11211.0,1,395.0,52.0,439.0,386.0,419.0937,220.8572,0.7553,0.76,0.9957,0.0161,8.0219,11.8538,32.0,332,0,0,0
2029,67.6333,1,1,,11216.0,1,395.0,52.0,439.0,386.0,419.0991,220.8521,0.7543,0.759,0.9974,0.0163,8.0527,11.8418,32.0,332,0,0,0
2030,67.6666,1,1,,11219.0,1,395.0,52.0,439.0,386.0,419.1014,220.8556,0.7534,0.7581,0.9989,0.0164,8.0817,11.8305,32.0,332,0,0,0
2031,67.7,1,1,,11223.0,1,395.0,52.0,439.0,386.0,419.102,220.8082,0.7528,0.7574,1.0002,0.0163,8.1002,11.8222,32.0,332,0,0,0
2032,67.7333,1,1,,11220.0,1,395.0,52.0,439.0,386.0,419.1119,220.7896,0.7524,0.757,1.0004,0.0162,8.0748,11.8164,32.0,332,0,0,0
2033,67.7666,1,1,,11231.0,1,395.0,52.0,439.0,386.0,419.1098,220.7974,0.7521,0.7566,1.0019,0.0161,8.0525,11.8082,32.0,332,0,0,0
2034,67.8,1,1,,11239.0,1,395.0,52.0,439.0,386.0,419.1181,220.7619,0.7517,0.7563,1.003,0.0159,8.0374,11.8001,32.0,332,0,0,0
2035,67.8333,1,1,,11238.0,1,395.0,52.0,439.0,386.0,419.1076,220.8254,0.7518,0.7565,1.0025,0.0161,8.0043,11.8004,32.0,332,0,0,0
2036,67.8666,1,1,,11240.0,1,395.0,52.0,439.0,386.0,419.1109,220.8287,0.7516,0.7564,1.0026,0.016,7.9695,11.7959,32.0,332,0,0,0
2037,67.9,1,1,,11335.0,2,393.0,51.0,438.0,386.0,418.4493,220.9845,0.7368,0.7399,1.0104,0.0168,9.9381,11.7964,33.0,333,0,0,0
2038,67.9333,1,1,,11311.0,2,393.0,52.0,438.0,386.0,418.4519,221.0128,0.7352,0.7401,1.0077,0.0169,9.9215,11.7976,32.5,332,0,0,0
2039,67.9666,1,1,,11306.0,2,393.0,52.0,438.0,386.0,418.4559,221.0778,0.7352,0.7403,1.0066,0.0172,9.9148,11.7992,32.0,332,0,0,0
2040,68.0,1,1,,11220.0,1,395.0,52.0,439.0,386.0,419.1367,220.9743,0.7521,0.7576,0.9981,0.0165,7.8899,11.8032,32.0,332,0,0,0
2041,68.0333,1,1,,11219.0,1,395.0,52.0,439.0,386.0,419.14,220.8984,0.7525,0.758,0.9974,0.0162,7.8753,11.8067,32.0,332,0,0,0
2042,68.0666,1,1,,11311.0,2,393.0,52.0,438.0,386.0,418.4448,221.0624,0.7361,0.7414,1.0052,0.0169,9.8669,11.8085,32.0,332,0,0,0
2043,68.1,1,1,,11229.0,1,395.0,52.0,439.0,386.0,419.0926,221.046,0.7523,0.758,0.9983,0.0166,7.8642,11.8042,32.0,332,0,0,0
2044,68.1333,1,1,,11238.0,1,395.0,52.0,439.0,386.0,419.0973,221.0442,0.752,0.7576,0.9995,0.0167,7.8653,11.8008,32.0,332,0,0,0
2045,68.1666,1,1,,11309.0,2,393.0,52.0,438.0,386.0,418.4413,221.0425,0.7351,0.7405,1.0062,0.0171,9.8685,11.798,32.0,332,0,0,0
2046,68.2,1,1,,11296.0,2,393.0,52.0,438.0,386.0,418.4433,220.966,0.7349,0.7403,1.0053,0.017,9.8682,11.7972,32.0,332,0,0,0
2047,68.2333,1,1,,11212.0,1,395.0,52.0,439.0,386.0,419.1308,221.0008,0.7516,0.7572,0.9977,0.0168,7.8561,11.8001,32.0,332,0,0,0
2048,68.2666,1,1,,11224.0,1,395.0,52.0,439.0,386.0,419.1097,220.9754,0.7519,0.7575,0.9984,0.0168,7.8311,11.8073,32.0,332,0,0,0
2049,68.3,1,1,,11216.0,1,395.0,52.0,439.0,386.0,419.1278,220.923,0.7523,0.7579,0.9972,0.0167,7.8098,11.8143,32.0,332,0,0,0
2050,68.3333,1,1,,11221.0,1,395.0,52.0,439.0,386.0,419.1128,220.8954,0.7526,0.7582,0.9973,0.0166,7.796,11.8198,32.0,332,0,0,0
2051,68.3666,1,1,,11232.0,1,395.0,52.0,439.0,386.0,419.0936,220.9146,0.7529,0.7585,0.998,0.0166,7.7879,11.8239,32.0,332,0,0,0
2052,68.4,1,1,,11227.0,1,395.0,52.0,439.0,386.0,419.1104,220.8985,0.753,0.7585,0.9977,0.0165,7.7922,11.8246,32.0,332,0,0,0
2053,68.4333,1,1,,11218.0,1,395.0,52.0,439.0,386.0,419.1273,220.8343,0.7529,0.7583,0.9971,0.0164,7.7947,11.8223,32.0,332,0,0,0
2054,68.4666,1,1,,11223.0,1,395.0,52.0,439.0,386.0,419.126,220.8274,0.7525,0.7579,0.998,0.0164,7.8103,11.8168,32.0,332,0,0,0
2055,68.5,1,1,,11224.0,1,395.0,52.0,439.0,386.0,419.1268,220.7875,0.7521,0.7576,0.9986,0.0162,7.8214,11.8109,32.0,332,0,0,0
2056,68.5333,1,1,,11232.0,1,395.0,52.0,439.0,386.0,419.1273,220.7708,0.7487,0.7539,1.0045,0.0164,7.9748,11.7624,32.0,332,0,0,0
2057,68.5666,1,1,,11228.0,1,395.0,52.0,439.0,386.0,419.124,220.7789,0.7451,0.7501,1.0094,0.0169,8.091,11.7177,32.0,332,0,0,0
2058,68.6,1,1,,11232.0,1,395.0,51.0,439.0,386.0,419.1238,220.8119,0.7438,0.747,1.0143,0.0176,8.1683,11.682,32.0,333,0,0,0
2059,68.6333,1,1,,11233.0,1,395.0,51.0,439.0,386.0,419.124,220.7783,0.7412,0.7443,1.0181,0.0181,8.2104,11.6545,32.0,333,0,0,0
2060,68.6666,1,1,,11230.0,1,395.0,51.0,439.0,386.0,419.1199,220.8239,0.7384,0.7416,1.0214,0.0188,8.1997,11.6247,32.0,333,0,0,0
2061,68.7,1,1,,11231.0,1,395.0,51.0,439.0,386.0,419.1188,220.751,0.7362,0.7396,1.0239,0.0193,8.1812,11.605,32.0,333,0,0,0
2062,68.7333,1,1,,11230.0,1,395.0,51.0,439.0,386.0,419.1205,220.7263,0.7351,0.7386,1.0248,0.0197,8.1483,11.598,32.0,333,0,0,0
2063,68.7666,1,1,,11230.0,1,395.0,51.0,439.0,386.0,419.1233,220.7321,0.7352,0.7387,1.0247,0.0198,8.1018,11.6023,32.0,333,0,0,0
2064,68.8,1,1,,11226.0,1,395.0,51.0,439.0,386.0,419.129,220.7339,0.7356,0.7391,1.0239,0.0198,8.0672,11.6096,32.0,333,0,0,0
2065,68.8333,1,1,,11228.0,1,395.0,52.0,439.0,386.0,419.1337,220.7687,0.7346,0.7396,1.0237,0.0197,8.0447,11.6163,32.0,332,0,0,0
2066,68.8666,1,1,,11227.0,1,395.0,51.0,439.0,386.0,419.135,220.8216,0.737,0.7402,1.0231,0.0196,8.0316,11.6232,32.0,333,0,0,0
2067,68.9,1,1,,11230.0,1,395.0,51.0,439.0,386.0,419.1487,220.8378,0.7382,0.7411,1.0227,0.0193,8.0332,11.6342,32.0,333,0,0,0
2068,68.9333,1,1,,11230.0,1,395.0,52.0,439.0,386.0,419.1478,220.8626,0.7372,0.7416,1.0221,0.0192,8.0588,11.6425,32.0,332,0,0,0
2069,68.9666,1,1,,11228.0,1,395.0,52.0,439.0,386.0,419.1507,220.8808,0.7381,0.7424,1.0211,0.0192,8.0833,11.6539,32.0,332,0,0,0
2070,69.0,1,1,,11223.0,1,395.0,52.0,439.0,386.0,419.1458,220.8827,0.7386,0.7428,1.0202,0.0191,8.1089,11.6608,32.0,332,0,0,0
2071,69.0333,1,1,,11225.0,1,395.0,52.0,439.0,386.0,419.1548,220.9066,0.7387,0.7429,1.0203,0.0192,8.1502,11.6636,32.0,332,0,0,0
2072,69.0666,1,1,,11224.0,1,395.0,52.0,439.0,386.0,419.1537,220.8629,0.7388,0.743,1.0201,0.0191,8.1728,11.6654,32.0,332,0,0,0
2073,69.1,1,1,,11223.0,1,395.0,52.0,439.0,386.0,419.1552,220.8554,0.7388,0.743,1.02,0.0191,8.1812,11.6652,32.0,332,0,0,0
2074,69.1333,1,1,,11220.0,1,395.0,52.0,439.0,386.0,419.1504,220.8302,0.7387,0.743,1.0197,0.0191,8.1821,11.6646,32.0,332,0,0,0
2075,69.1666,1,1,,11221.0,1,395.0,52.0,439.0,386.0,419.1521,220.8379,0.739,0.7433,1.0194,0.0191,8.1728,11.6685,32.0,332,0,0,0
2076,69.2,1,1,,11219.0,1,395.0,52.0,439.0,386.0,419.1517,220.8598,0.7396,0.7439,1.0182,0.0191,8.1529,11.6771,32.0,332,0,0,0
2077,69.2333,1,1,,11219.0,1,395.0,52.0,439.0,386.0,419.1488,220.8533,0.7405,0.7449,1.0169,0.019,8.1263,11.6894,32.0,332,0,0,0
2078,69.2666,1,1,,11218.0,1,395.0,52.0,439.0,386.0,419.1435,220.8251,0.7417,0.7461,1.0151,0.0188,8.0915,11.7058,32.0,332,0,0,0
2079,69.3,1,1,,11220.0,1,395.0,52.0,439.0,386.0,419.1453,220.8371,0.7431,0.7475,1.0134,0.0187,8.0556,11.7241,32.0,332,0,0,0
2080,69.3333,1,1,,11224.0,1,395.0,52.0,439.0,386.0,419.1497,220.8431,0.7441,0.7485,1.0123,0.0186,8.0305,11.7378,32.0,332,0,0,0
2081,69.3666,1,1,,11224.0,1,395.0,52.0,439.0,386.0,419.1478,220.8705,0.7449,0.7493,1.0112,0.0186,8.0142,11.7475,32.0,332,0,0,0
2082,69.4,1,1,,11224.0,1,395.0,52.0,439.0,386.0,419.1472,220.9049,0.7451,0.7496,1.0108,0.0186,8.0069,11.7504,32.0,332,0,0,0
2083,69.4333,0,0,no_mask,,0,,,,,,,,,,,,,,0,0,0,0
2084,69.4666,0,0,no_mask,,0,,,,,,,,,,,,,,0,0,0,0
2085,69.5,0,0,no_mask,,0,,,,,,,,,,,,,,0,0,0,0
2086,69.5333,0,0,no_mask,,0,,,,,,,,,,,,,,0,0,0,0
2087,69.5666,0,0,no_mask,,0,,,,,,,,,,,,,,0,0,0,0
2088,69.6,0,0,no_mask,,0,,,,,,,,,,,,,,0,0,0,0
2089,69.6333,0,0,no_mask,,0,,,,,,,,,,,,,,0,0,0,0
2090,69.6666,0,0,no_mask,,0,,,,,,,,,,,,,,0,0,0,0
2091,69.7,0,0,no_mask,,0,,,,,,,,,,,,,,0,0,0,0
2092,69.7333,0,0,no_mask,,0,,,,,,,,,,,,,,0,0,0,0
2093,69.7666,0,0,no_mask,,0,,,,,,,,,,,,,,0,0,0,0
2094,69.8,0,0,no_mask,,0,,,,,,,,,,,,,,0,0,0,0
2095,69.8333,0,0,no_mask,,0,,,,,,,,,,,,,,0,0,0,0
2096,69.8666,0,0,no_mask,,0,,,,,,,,,,,,,,0,0,0,0
2097,69.9,0,0,no_mask,,0,,,,,,,,,,,,,,0,0,0,0
2098,69.9333,0,0,no_mask,,0,,,,,,,,,,,,,,0,0,0,0
2099,69.9666,0,0,no_mask,,0,,,,,,,,,,,,,,0,0,0,0
2100,70.0,0,0,no_mask,,0,,,,,,,,,,,,,,0,0,0,0
2101,70.0333,0,0,no_mask,,0,,,,,,,,,,,,,,0,0,0,0
2102,70.0666,0,0,no_mask,,0,,,,,,,,,,,,,,0,0,0,0
2103,70.1,0,0,no_box,,0,,,,,,,,,,,,,,0,0,0,0
2104,70.1333,0,0,no_box,,0,,,,,,,,,,,,,,0,0,0,0
2105,70.1666,0,0,no_box,,0,,,,,,,,,,,,,,0,0,0,0
2106,70.2,0,0,no_box,,0,,,,,,,,,,,,,,0,0,0,0
2107,70.2333,0,0,no_box,,0,,,,,,,,,,,,,,0,0,0,0
2108,70.2666,0,0,no_box,,0,,,,,,,,,,,,,,0,0,0,0
2109,70.3,0,0,no_box,,0,,,,,,,,,,,,,,0,0,0,0
2110,70.3333,0,0,no_box,,0,,,,,,,,,,,,,,0,0,0,0
2111,70.3666,0,0,no_box,,0,,,,,,,,,,,,,,0,0,0,0
2112,70.4,0,0,no_box,,0,,,,,,,,,,,,,,0,0,0,0
2113,70.4333,0,0,no_box,,0,,,,,,,,,,,,,,0,0,0,0
2114,70.4666,0,0,no_box,,0,,,,,,,,,,,,,,0,0,0,0
2115,70.5,0,0,no_box,,0,,,,,,,,,,,,,,0,0,0,0
2116,70.5333,0,0,no_box,,0,,,,,,,,,,,,,,0,0,0,0
2117,70.5666,0,0,no_box,,0,,,,,,,,,,,,,,0,0,0,0
2118,70.6,0,0,no_box,,0,,,,,,,,,,,,,,0,0,0,0
2119,70.6333,0,0,no_box,,0,,,,,,,,,,,,,,0,0,0,0
2120,70.6666,0,0,no_box,,0,,,,,,,,,,,,,,0,0,0,0
2121,70.7,0,0,no_box,,0,,,,,,,,,,,,,,0,0,0,0
2122,70.7333,0,0,no_box,,0,,,,,,,,,,,,,,0,0,0,0
2123,70.7666,0,0,no_box,,0,,,,,,,,,,,,,,0,0,0,0
2124,70.8,0,0,no_box,,0,,,,,,,,,,,,,,0,0,0,0
2125,70.8333,0,0,no_box,,0,,,,,,,,,,,,,,0,0,0,0
2126,70.8666,0,0,no_box,,0,,,,,,,,,,,,,,0,0,0,0
2127,70.9,0,0,no_box,,0,,,,,,,,,,,,,,0,0,0,0
2128,70.9333,0,0,no_box,,0,,,,,,,,,,,,,,0,0,0,0
2129,70.9666,0,0,no_box,,0,,,,,,,,,,,,,,0,0,0,0
2130,71.0,0,0,no_box,,0,,,,,,,,,,,,,,0,0,0,0
2131,71.0333,0,0,no_box,,0,,,,,,,,,,,,,,0,0,0,0
2132,71.0666,0,0,no_box,,0,,,,,,,,,,,,,,0,0,0,0
2133,71.1,0,0,no_box,,0,,,,,,,,,,,,,,0,0,0,0
2134,71.1333,0,0,no_box,,0,,,,,,,,,,,,,,0,0,0,0
2135,71.1666,0,0,no_box,,0,,,,,,,,,,,,,,0,0,0,0
2136,71.2,0,0,no_box,,0,,,,,,,,,,,,,,0,0,0,0
2137,71.2333,0,0,no_box,,0,,,,,,,,,,,,,,0,0,0,0
2138,71.2666,0,0,no_box,,0,,,,,,,,,,,,,,0,0,0,0
2139,71.3,0,0,no_box,,0,,,,,,,,,,,,,,0,0,0,0
2140,71.3333,0,0,no_box,,0,,,,,,,,,,,,,,0,0,0,0
2141,71.3666,0,0,no_box,,0,,,,,,,,,,,,,,0,0,0,0
2142,71.4,0,0,no_box,,0,,,,,,,,,,,,,,0,0,0,0
2143,71.4333,0,0,no_box,,0,,,,,,,,,,,,,,0,0,0,0
2144,71.4666,0,0,no_box,,0,,,,,,,,,,,,,,0,0,0,0
2145,71.5,0,0,no_box,,0,,,,,,,,,,,,,,0,0,0,0
2146,71.5333,0,0,no_box,,0,,,,,,,,,,,,,,0,0,0,0
2147,71.5666,0,0,no_box,,0,,,,,,,,,,,,,,0,0,0,0
2148,71.6,0,0,no_box,,0,,,,,,,,,,,,,,0,0,0,0
2149,71.6333,0,0,no_box,,0,,,,,,,,,,,,,,0,0,0,0
2150,71.6666,0,0,no_box,,0,,,,,,,,,,,,,,0,0,0,0
2151,71.7,0,0,no_box,,0,,,,,,,,,,,,,,0,0,0,0
2152,71.7333,0,0,no_box,,0,,,,,,,,,,,,,,0,0,0,0
2153,71.7666,0,0,no_box,,0,,,,,,,,,,,,,,0,0,0,0
2154,71.8,0,0,no_box,,0,,,,,,,,,,,,,,0,0,0,0
2155,71.8333,0,0,no_box,,0,,,,,,,,,,,,,,0,0,0,0
2156,71.8666,0,0,no_box,,0,,,,,,,,,,,,,,0,0,0,0
2157,71.9,0,0,no_box,,0,,,,,,,,,,,,,,0,0,0,0
2158,71.9333,0,0,no_box,,0,,,,,,,,,,,,,,0,0,0,0
2159,71.9666,0,0,no_box,,0,,,,,,,,,,,,,,0,0,0,0
2160,72.0,0,0,no_box,,0,,,,,,,,,,,,,,0,0,0,0
2161,72.0333,0,0,no_box,,0,,,,,,,,,,,,,,0,0,0,0
2162,72.0666,0,0,no_box,,0,,,,,,,,,,,,,,0,0,0,0
2163,72.1,0,0,no_box,,0,,,,,,,,,,,,,,0,0,0,0
2164,72.1333,0,0,no_box,,0,,,,,,,,,,,,,,0,0,0,0
2165,72.1666,0,0,no_box,,0,,,,,,,,,,,,,,0,0,0,0
2166,72.2,0,0,no_box,,0,,,,,,,,,,,,,,0,0,0,0
2167,72.2333,0,0,no_box,,0,,,,,,,,,,,,,,0,0,0,0
2168,72.2666,0,0,no_box,,0,,,,,,,,,,,,,,0,0,0,0
2169,72.3,0,0,no_box,,0,,,,,,,,,,,,,,0,0,0,0
2170,72.3333,0,0,no_box,,0,,,,,,,,,,,,,,0,0,0,0
2171,72.3666,0,0,no_box,,0,,,,,,,,,,,,,,0,0,0,0
2172,72.4,0,0,no_box,,0,,,,,,,,,,,,,,0,0,0,0
2173,72.4333,0,0,no_box,,0,,,,,,,,,,,,,,0,0,0,0
2174,72.4666,0,0,no_box,,0,,,,,,,,,,,,,,0,0,0,0
2175,72.5,0,0,no_box,,0,,,,,,,,,,,,,,0,0,0,0
2176,72.5333,0,0,no_box,,0,,,,,,,,,,,,,,0,0,0,0
2177,72.5666,0,0,no_box,,0,,,,,,,,,,,,,,0,0,0,0
2178,72.6,0,0,no_box,,0,,,,,,,,,,,,,,0,0,0,0
2179,72.6333,0,0,no_box,,0,,,,,,,,,,,,,,0,0,0,0
2180,72.6666,0,0,no_box,,0,,,,,,,,,,,,,,0,0,0,0
2181,72.7,0,0,no_box,,0,,,,,,,,,,,,,,0,0,0,0
2182,72.7333,0,0,no_box,,0,,,,,,,,,,,,,,0,0,0,0
2183,72.7666,0,0,no_box,,0,,,,,,,,,,,,,,0,0,0,0
2184,72.8,0,0,no_box,,0,,,,,,,,,,,,,,0,0,0,0
2185,72.8333,0,0,no_box,,0,,,,,,,,,,,,,,0,0,0,0
2186,72.8666,0,0,no_box,,0,,,,,,,,,,,,,,0,0,0,0
2187,72.9,0,0,no_box,,0,,,,,,,,,,,,,,0,0,0,0
2188,72.9333,0,0,no_box,,0,,,,,,,,,,,,,,0,0,0,0
2189,72.9666,0,0,no_box,,0,,,,,,,,,,,,,,0,0,0,0
2190,73.0,0,0,no_box,,0,,,,,,,,,,,,,,0,0,0,0
2191,73.0333,0,0,no_box,,0,,,,,,,,,,,,,,0,0,0,0
2192,73.0666,0,0,no_box,,0,,,,,,,,,,,,,,0,0,0,0
2193,73.1,0,0,no_box,,0,,,,,,,,,,,,,,0,0,0,0
2194,73.1333,0,0,no_box,,0,,,,,,,,,,,,,,0,0,0,0
2195,73.1666,0,0,no_box,,0,,,,,,,,,,,,,,0,0,0,0
2196,73.2,0,0,no_box,,0,,,,,,,,,,,,,,0,0,0,0
2197,73.2333,0,0,no_box,,0,,,,,,,,,,,,,,0,0,0,0
2198,73.2666,0,0,no_box,,0,,,,,,,,,,,,,,0,0,0,0
2199,73.3,0,0,no_box,,0,,,,,,,,,,,,,,0,0,0,0
2200,73.3333,0,0,no_track,,,,,,,,,,,,,,,,,,,
2201,73.3666,0,0,no_track,,,,,,,,,,,,,,,,,,,
2202,73.4,0,0,no_track,,,,,,,,,,,,,,,,,,,
